municipio;codigo_unidade_gestora;descricao_unidade_gestora;mes_ano;ano;codigo_receita;descricao_receita;tipo_atualizacao_receita;valor;codigo_fonte_recurso;descricao_fonte_recurso;co;descricao_co
João Pessoa;201095;Prefeitura Municipal de João Pessoa;072025;2025;24299901;Outras Transferências de Recursos dos Estados - Principal;Lançamento de Receita;400.000;710;Transferência Especial dos Estados;3210;Identificação das Transferências dos Estados decorrentes de emendas parlamentares individuais
João Pessoa;201095;Prefeitura Municipal de João Pessoa;122025;2025;24195101;Transferência Especial da União - Principal;Lançamento de Receita;1.881.000;706;"Transferência Especial da União ";3110;Identificação das Transferências da União decorrentes de emendas parlamentares individuais
João Pessoa;201095;Prefeitura Municipal de João Pessoa;122025;2025;24195101;Transferência Especial da União - Principal;Lançamento de Receita;6.275.070,8;700;Outras Transferências de Convênios ou Repasses da União;3120;Identificação das Transferências da União decorrentes de emendas parlamentares de bancada
João Pessoa;201095;Prefeitura Municipal de João Pessoa;042025;2025;24195101;Transferência Especial da União - Principal;Lançamento de Receita;955.000;700;Outras Transferências de Convênios ou Repasses da União;3110;Identificação das Transferências da União decorrentes de emendas parlamentares individuais
João Pessoa;201095;Prefeitura Municipal de João Pessoa;042025;2025;24195101;Transferência Especial da União - Principal;Lançamento de Receita;439.300;700;Outras Transferências de Convênios ou Repasses da União;3120;Identificação das Transferências da União decorrentes de emendas parlamentares de bancada
João Pessoa;201095;Prefeitura Municipal de João Pessoa;022025;2025;24195101;Transferência Especial da União - Principal;Lançamento de Receita;669.827,4;700;Outras Transferências de Convênios ou Repasses da União;3120;Identificação das Transferências da União decorrentes de emendas parlamentares de bancada
João Pessoa;201095;Prefeitura Municipal de João Pessoa;072025;2025;24125011;Transferências para o Programa de Apoio ao Transporte Escolar para Educação Básica - CAMINHO DA ESCOLA - Principal;Lançamento de Receita;399.328,72;569;Outras Transferências de Recursos do FNDE;"Não ";Não Aplicável
João Pessoa;201095;Prefeitura Municipal de João Pessoa;052025;2025;24125011;Transferências para o Programa de Apoio ao Transporte Escolar para Educação Básica - CAMINHO DA ESCOLA - Principal;Lançamento de Receita;524.189,79;569;Outras Transferências de Recursos do FNDE;"Não ";Não Aplicável
João Pessoa;201095;Prefeitura Municipal de João Pessoa;122025;2025;23110601;Amortização de Empréstimos Contratuais - Principal;Lançamento de Receita;1.988.596,08;759;Recursos vinculados a fundos;"Não ";Não Aplicável
João Pessoa;201095;Prefeitura Municipal de João Pessoa;042025;2025;23110601;Amortização de Empréstimos Contratuais - Principal;Lançamento de Receita;800.000;759;Recursos vinculados a fundos;"Não ";Não Aplicável
João Pessoa;201095;Prefeitura Municipal de João Pessoa;022025;2025;23110601;Amortização de Empréstimos Contratuais - Principal;Lançamento de Receita;251.473,12;759;Recursos vinculados a fundos;"Não ";Não Aplicável
João Pessoa;201095;Prefeitura Municipal de João Pessoa;012025;2025;23110601;Amortização de Empréstimos Contratuais - Principal;Lançamento de Receita;264.249,82;759;Recursos vinculados a fundos;"Não ";Não Aplicável
João Pessoa;201095;Prefeitura Municipal de João Pessoa;112025;2025;21299901;Outras Operações de Crédito - Mercado Externo - Principal;Lançamento de Receita;108.380.000;754;"Recursos de Operações de Crédito ";"Não ";Não Aplicável
João Pessoa;201095;Prefeitura Municipal de João Pessoa;072025;2025;21299901;Outras Operações de Crédito - Mercado Externo - Principal;Lançamento de Receita;78.252.000;754;"Recursos de Operações de Crédito ";"Não ";Não Aplicável
João Pessoa;201095;Prefeitura Municipal de João Pessoa;122025;2025;21199901;Outras Operações de Crédito - Mercado Interno - Principal;Lançamento de Receita;1.499.181,33;754;"Recursos de Operações de Crédito ";"Não ";Não Aplicável
João Pessoa;201095;Prefeitura Municipal de João Pessoa;112025;2025;21199901;Outras Operações de Crédito - Mercado Interno - Principal;Lançamento de Receita;20.493.405,34;754;"Recursos de Operações de Crédito ";"Não ";Não Aplicável
João Pessoa;201095;Prefeitura Municipal de João Pessoa;102025;2025;21199901;Outras Operações de Crédito - Mercado Interno - Principal;Lançamento de Receita;702.857,82;754;"Recursos de Operações de Crédito ";"Não ";Não Aplicável
João Pessoa;201095;Prefeitura Municipal de João Pessoa;092025;2025;21199901;Outras Operações de Crédito - Mercado Interno - Principal;Lançamento de Receita;4.389.930,05;754;"Recursos de Operações de Crédito ";"Não ";Não Aplicável
João Pessoa;201095;Prefeitura Municipal de João Pessoa;082025;2025;21199901;Outras Operações de Crédito - Mercado Interno - Principal;Lançamento de Receita;20.996.050,73;754;"Recursos de Operações de Crédito ";"Não ";Não Aplicável
João Pessoa;201095;Prefeitura Municipal de João Pessoa;072025;2025;21199901;Outras Operações de Crédito - Mercado Interno - Principal;Lançamento de Receita;1.038.338,72;754;"Recursos de Operações de Crédito ";"Não ";Não Aplicável
João Pessoa;201095;Prefeitura Municipal de João Pessoa;062025;2025;21199901;Outras Operações de Crédito - Mercado Interno - Principal;Lançamento de Receita;45.335.130,89;754;"Recursos de Operações de Crédito ";"Não ";Não Aplicável
João Pessoa;201095;Prefeitura Municipal de João Pessoa;052025;2025;21199901;Outras Operações de Crédito - Mercado Interno - Principal;Lançamento de Receita;1.986.058,17;754;"Recursos de Operações de Crédito ";"Não ";Não Aplicável
João Pessoa;201095;Prefeitura Municipal de João Pessoa;042025;2025;21199901;Outras Operações de Crédito - Mercado Interno - Principal;Lançamento de Receita;869.467,47;754;"Recursos de Operações de Crédito ";"Não ";Não Aplicável
João Pessoa;201095;Prefeitura Municipal de João Pessoa;032025;2025;21199901;Outras Operações de Crédito - Mercado Interno - Principal;Lançamento de Receita;6.313.985,26;754;"Recursos de Operações de Crédito ";"Não ";Não Aplicável
João Pessoa;201095;Prefeitura Municipal de João Pessoa;022025;2025;21199901;Outras Operações de Crédito - Mercado Interno - Principal;Lançamento de Receita;39.770.555,44;754;"Recursos de Operações de Crédito ";"Não ";Não Aplicável
João Pessoa;201095;Prefeitura Municipal de João Pessoa;092025;2025;19999923;Outras Receitas Não Arrecadadas e Não Projetadas pela RFB - Primárias   - Dívida Ativa;Lançamento de Receita;-10.365,95;500;Recursos não vinculados de Impostos;"Não ";Não Aplicável
João Pessoa;201095;Prefeitura Municipal de João Pessoa;072025;2025;19999923;Outras Receitas Não Arrecadadas e Não Projetadas pela RFB - Primárias   - Dívida Ativa;Lançamento de Receita;23.167,91;500;Recursos não vinculados de Impostos;"Não ";Não Aplicável
João Pessoa;201095;Prefeitura Municipal de João Pessoa;062025;2025;19999923;Outras Receitas Não Arrecadadas e Não Projetadas pela RFB - Primárias   - Dívida Ativa;Lançamento de Receita;184.180,31;500;Recursos não vinculados de Impostos;"Não ";Não Aplicável
João Pessoa;201095;Prefeitura Municipal de João Pessoa;072025;2025;19999922;Outras Receitas Não Arrecadadas e Não Projetadas pela RFB - Primárias   - Multas e Juros de Mora;Lançamento de Receita;199.409,45;500;Recursos não vinculados de Impostos;"Não ";Não Aplicável
João Pessoa;201095;Prefeitura Municipal de João Pessoa;122025;2025;19999921;Outras Receitas Não Arrecadadas e Não Projetadas pela RFB - Primárias   - Principal;Lançamento de Receita;55.457,35;501;Outros Recursos não Vinculados;"Não ";Não Aplicável
João Pessoa;201095;Prefeitura Municipal de João Pessoa;122025;2025;19999921;Outras Receitas Não Arrecadadas e Não Projetadas pela RFB - Primárias   - Principal;Lançamento de Receita;5.333,16;500;Recursos não vinculados de Impostos;1001;Identificação das despesas com manutenção e desenvolvimento do ensino
João Pessoa;201095;Prefeitura Municipal de João Pessoa;122025;2025;19999921;Outras Receitas Não Arrecadadas e Não Projetadas pela RFB - Primárias   - Principal;Lançamento de Receita;919.373,44;759;Recursos vinculados a fundos;"Não ";Não Aplicável
João Pessoa;201095;Prefeitura Municipal de João Pessoa;122025;2025;19999921;Outras Receitas Não Arrecadadas e Não Projetadas pela RFB - Primárias   - Principal;Lançamento de Receita;132.289,8;500;Recursos não vinculados de Impostos;"Não ";Não Aplicável
João Pessoa;201095;Prefeitura Municipal de João Pessoa;112025;2025;19999921;Outras Receitas Não Arrecadadas e Não Projetadas pela RFB - Primárias   - Principal;Lançamento de Receita;8.734,91;500;Recursos não vinculados de Impostos;1001;Identificação das despesas com manutenção e desenvolvimento do ensino
João Pessoa;201095;Prefeitura Municipal de João Pessoa;112025;2025;19999921;Outras Receitas Não Arrecadadas e Não Projetadas pela RFB - Primárias   - Principal;Lançamento de Receita;1.110.117,89;759;Recursos vinculados a fundos;"Não ";Não Aplicável
João Pessoa;201095;Prefeitura Municipal de João Pessoa;112025;2025;19999921;Outras Receitas Não Arrecadadas e Não Projetadas pela RFB - Primárias   - Principal;Lançamento de Receita;-889.657,63;501;Outros Recursos não Vinculados;"Não ";Não Aplicável
João Pessoa;201095;Prefeitura Municipal de João Pessoa;112025;2025;19999921;Outras Receitas Não Arrecadadas e Não Projetadas pela RFB - Primárias   - Principal;Lançamento de Receita;423.134,35;500;Recursos não vinculados de Impostos;"Não ";Não Aplicável
João Pessoa;201095;Prefeitura Municipal de João Pessoa;102025;2025;19999921;Outras Receitas Não Arrecadadas e Não Projetadas pela RFB - Primárias   - Principal;Lançamento de Receita;1.902.922,51;501;Outros Recursos não Vinculados;"Não ";Não Aplicável
João Pessoa;201095;Prefeitura Municipal de João Pessoa;102025;2025;19999921;Outras Receitas Não Arrecadadas e Não Projetadas pela RFB - Primárias   - Principal;Lançamento de Receita;29.673,58;759;Recursos vinculados a fundos;"Não ";Não Aplicável
João Pessoa;201095;Prefeitura Municipal de João Pessoa;102025;2025;19999921;Outras Receitas Não Arrecadadas e Não Projetadas pela RFB - Primárias   - Principal;Lançamento de Receita;64,13;500;Recursos não vinculados de Impostos;1001;Identificação das despesas com manutenção e desenvolvimento do ensino
João Pessoa;201095;Prefeitura Municipal de João Pessoa;102025;2025;19999921;Outras Receitas Não Arrecadadas e Não Projetadas pela RFB - Primárias   - Principal;Lançamento de Receita;2.753,91;500;Recursos não vinculados de Impostos;"Não ";Não Aplicável
João Pessoa;201095;Prefeitura Municipal de João Pessoa;092025;2025;19999921;Outras Receitas Não Arrecadadas e Não Projetadas pela RFB - Primárias   - Principal;Lançamento de Receita;402,84;500;Recursos não vinculados de Impostos;"Não ";Não Aplicável
João Pessoa;201095;Prefeitura Municipal de João Pessoa;092025;2025;19999921;Outras Receitas Não Arrecadadas e Não Projetadas pela RFB - Primárias   - Principal;Lançamento de Receita;24.195,6;759;Recursos vinculados a fundos;"Não ";Não Aplicável
João Pessoa;201095;Prefeitura Municipal de João Pessoa;092025;2025;19999921;Outras Receitas Não Arrecadadas e Não Projetadas pela RFB - Primárias   - Principal;Lançamento de Receita;504.971,35;501;Outros Recursos não Vinculados;"Não ";Não Aplicável
João Pessoa;201095;Prefeitura Municipal de João Pessoa;082025;2025;19999921;Outras Receitas Não Arrecadadas e Não Projetadas pela RFB - Primárias   - Principal;Lançamento de Receita;-741.262,99;759;Recursos vinculados a fundos;"Não ";Não Aplicável
João Pessoa;201095;Prefeitura Municipal de João Pessoa;082025;2025;19999921;Outras Receitas Não Arrecadadas e Não Projetadas pela RFB - Primárias   - Principal;Lançamento de Receita;1.127.936,86;501;Outros Recursos não Vinculados;"Não ";Não Aplicável
João Pessoa;201095;Prefeitura Municipal de João Pessoa;082025;2025;19999921;Outras Receitas Não Arrecadadas e Não Projetadas pela RFB - Primárias   - Principal;Lançamento de Receita;207.251,53;500;Recursos não vinculados de Impostos;"Não ";Não Aplicável
João Pessoa;201095;Prefeitura Municipal de João Pessoa;072025;2025;19999921;Outras Receitas Não Arrecadadas e Não Projetadas pela RFB - Primárias   - Principal;Lançamento de Receita;-780.743,4;500;Recursos não vinculados de Impostos;"Não ";Não Aplicável
João Pessoa;201095;Prefeitura Municipal de João Pessoa;072025;2025;19999921;Outras Receitas Não Arrecadadas e Não Projetadas pela RFB - Primárias   - Principal;Lançamento de Receita;861.540,32;701;Outras Transferências de Convênios ou Repasses dos Estados;"Não ";Não Aplicável
João Pessoa;201095;Prefeitura Municipal de João Pessoa;072025;2025;19999921;Outras Receitas Não Arrecadadas e Não Projetadas pela RFB - Primárias   - Principal;Lançamento de Receita;40.591,46;501;Outros Recursos não Vinculados;"Não ";Não Aplicável
João Pessoa;201095;Prefeitura Municipal de João Pessoa;072025;2025;19999921;Outras Receitas Não Arrecadadas e Não Projetadas pela RFB - Primárias   - Principal;Lançamento de Receita;5.858,42;759;Recursos vinculados a fundos;"Não ";Não Aplicável
João Pessoa;201095;Prefeitura Municipal de João Pessoa;062025;2025;19999921;Outras Receitas Não Arrecadadas e Não Projetadas pela RFB - Primárias   - Principal;Lançamento de Receita;143.028,48;501;Outros Recursos não Vinculados;"Não ";Não Aplicável
João Pessoa;201095;Prefeitura Municipal de João Pessoa;062025;2025;19999921;Outras Receitas Não Arrecadadas e Não Projetadas pela RFB - Primárias   - Principal;Lançamento de Receita;17.902,95;500;Recursos não vinculados de Impostos;"Não ";Não Aplicável
João Pessoa;201095;Prefeitura Municipal de João Pessoa;062025;2025;19999921;Outras Receitas Não Arrecadadas e Não Projetadas pela RFB - Primárias   - Principal;Lançamento de Receita;2.580;500;Recursos não vinculados de Impostos;1001;Identificação das despesas com manutenção e desenvolvimento do ensino
João Pessoa;201095;Prefeitura Municipal de João Pessoa;062025;2025;19999921;Outras Receitas Não Arrecadadas e Não Projetadas pela RFB - Primárias   - Principal;Lançamento de Receita;86.587,46;759;Recursos vinculados a fundos;"Não ";Não Aplicável
João Pessoa;201095;Prefeitura Municipal de João Pessoa;052025;2025;19999921;Outras Receitas Não Arrecadadas e Não Projetadas pela RFB - Primárias   - Principal;Lançamento de Receita;131.809,4;759;Recursos vinculados a fundos;"Não ";Não Aplicável
João Pessoa;201095;Prefeitura Municipal de João Pessoa;052025;2025;19999921;Outras Receitas Não Arrecadadas e Não Projetadas pela RFB - Primárias   - Principal;Lançamento de Receita;33.187,5;500;Recursos não vinculados de Impostos;"Não ";Não Aplicável
João Pessoa;201095;Prefeitura Municipal de João Pessoa;052025;2025;19999921;Outras Receitas Não Arrecadadas e Não Projetadas pela RFB - Primárias   - Principal;Lançamento de Receita;70.270,93;501;Outros Recursos não Vinculados;"Não ";Não Aplicável
João Pessoa;201095;Prefeitura Municipal de João Pessoa;052025;2025;19999921;Outras Receitas Não Arrecadadas e Não Projetadas pela RFB - Primárias   - Principal;Lançamento de Receita;800;500;Recursos não vinculados de Impostos;1001;Identificação das despesas com manutenção e desenvolvimento do ensino
João Pessoa;201095;Prefeitura Municipal de João Pessoa;042025;2025;19999921;Outras Receitas Não Arrecadadas e Não Projetadas pela RFB - Primárias   - Principal;Lançamento de Receita;37.470,86;500;Recursos não vinculados de Impostos;"Não ";Não Aplicável
João Pessoa;201095;Prefeitura Municipal de João Pessoa;042025;2025;19999921;Outras Receitas Não Arrecadadas e Não Projetadas pela RFB - Primárias   - Principal;Lançamento de Receita;126,27;500;Recursos não vinculados de Impostos;1001;Identificação das despesas com manutenção e desenvolvimento do ensino
João Pessoa;201095;Prefeitura Municipal de João Pessoa;042025;2025;19999921;Outras Receitas Não Arrecadadas e Não Projetadas pela RFB - Primárias   - Principal;Lançamento de Receita;67.059,06;501;Outros Recursos não Vinculados;"Não ";Não Aplicável
João Pessoa;201095;Prefeitura Municipal de João Pessoa;042025;2025;19999921;Outras Receitas Não Arrecadadas e Não Projetadas pela RFB - Primárias   - Principal;Lançamento de Receita;175.953,2;759;Recursos vinculados a fundos;"Não ";Não Aplicável
João Pessoa;201095;Prefeitura Municipal de João Pessoa;042025;2025;19999921;Outras Receitas Não Arrecadadas e Não Projetadas pela RFB - Primárias   - Principal;Lançamento de Receita;18;700;Outras Transferências de Convênios ou Repasses da União;"Não ";Não Aplicável
João Pessoa;201095;Prefeitura Municipal de João Pessoa;032025;2025;19999921;Outras Receitas Não Arrecadadas e Não Projetadas pela RFB - Primárias   - Principal;Lançamento de Receita;4.988,24;754;"Recursos de Operações de Crédito ";"Não ";Não Aplicável
João Pessoa;201095;Prefeitura Municipal de João Pessoa;032025;2025;19999921;Outras Receitas Não Arrecadadas e Não Projetadas pela RFB - Primárias   - Principal;Lançamento de Receita;125.510,75;501;Outros Recursos não Vinculados;"Não ";Não Aplicável
João Pessoa;201095;Prefeitura Municipal de João Pessoa;032025;2025;19999921;Outras Receitas Não Arrecadadas e Não Projetadas pela RFB - Primárias   - Principal;Lançamento de Receita;219.739,49;759;Recursos vinculados a fundos;"Não ";Não Aplicável
João Pessoa;201095;Prefeitura Municipal de João Pessoa;032025;2025;19999921;Outras Receitas Não Arrecadadas e Não Projetadas pela RFB - Primárias   - Principal;Lançamento de Receita;2.600;500;Recursos não vinculados de Impostos;1001;Identificação das despesas com manutenção e desenvolvimento do ensino
João Pessoa;201095;Prefeitura Municipal de João Pessoa;032025;2025;19999921;Outras Receitas Não Arrecadadas e Não Projetadas pela RFB - Primárias   - Principal;Lançamento de Receita;3;700;Outras Transferências de Convênios ou Repasses da União;"Não ";Não Aplicável
João Pessoa;201095;Prefeitura Municipal de João Pessoa;032025;2025;19999921;Outras Receitas Não Arrecadadas e Não Projetadas pela RFB - Primárias   - Principal;Lançamento de Receita;861.540,32;500;Recursos não vinculados de Impostos;"Não ";Não Aplicável
João Pessoa;201095;Prefeitura Municipal de João Pessoa;022025;2025;19999921;Outras Receitas Não Arrecadadas e Não Projetadas pela RFB - Primárias   - Principal;Lançamento de Receita;7.685,02;500;Recursos não vinculados de Impostos;1001;Identificação das despesas com manutenção e desenvolvimento do ensino
João Pessoa;201095;Prefeitura Municipal de João Pessoa;022025;2025;19999921;Outras Receitas Não Arrecadadas e Não Projetadas pela RFB - Primárias   - Principal;Lançamento de Receita;116,64;500;Recursos não vinculados de Impostos;"Não ";Não Aplicável
João Pessoa;201095;Prefeitura Municipal de João Pessoa;022025;2025;19999921;Outras Receitas Não Arrecadadas e Não Projetadas pela RFB - Primárias   - Principal;Lançamento de Receita;952.068,48;501;Outros Recursos não Vinculados;"Não ";Não Aplicável
João Pessoa;201095;Prefeitura Municipal de João Pessoa;022025;2025;19999921;Outras Receitas Não Arrecadadas e Não Projetadas pela RFB - Primárias   - Principal;Lançamento de Receita;158.912,43;759;Recursos vinculados a fundos;"Não ";Não Aplicável
João Pessoa;201095;Prefeitura Municipal de João Pessoa;012025;2025;19999921;Outras Receitas Não Arrecadadas e Não Projetadas pela RFB - Primárias   - Principal;Lançamento de Receita;145.834,24;501;Outros Recursos não Vinculados;"Não ";Não Aplicável
João Pessoa;201095;Prefeitura Municipal de João Pessoa;012025;2025;19999921;Outras Receitas Não Arrecadadas e Não Projetadas pela RFB - Primárias   - Principal;Lançamento de Receita;116,64;500;Recursos não vinculados de Impostos;"Não ";Não Aplicável
João Pessoa;201095;Prefeitura Municipal de João Pessoa;012025;2025;19999921;Outras Receitas Não Arrecadadas e Não Projetadas pela RFB - Primárias   - Principal;Lançamento de Receita;149.296,36;759;Recursos vinculados a fundos;"Não ";Não Aplicável
João Pessoa;201095;Prefeitura Municipal de João Pessoa;122025;2025;19991221;Ônus de Sucumbência - Principal;Lançamento de Receita;1.624.973,28;759;Recursos vinculados a fundos;"Não ";Não Aplicável
João Pessoa;201095;Prefeitura Municipal de João Pessoa;122025;2025;19991221;Ônus de Sucumbência - Principal;Outras Deduções;-1.805.763,59;759;Recursos vinculados a fundos;"Não ";Não Aplicável
João Pessoa;201095;Prefeitura Municipal de João Pessoa;112025;2025;19991221;Ônus de Sucumbência - Principal;Outras Deduções;-590.865,61;759;Recursos vinculados a fundos;"Não ";Não Aplicável
João Pessoa;201095;Prefeitura Municipal de João Pessoa;112025;2025;19991221;Ônus de Sucumbência - Principal;Lançamento de Receita;2.312.681,57;759;Recursos vinculados a fundos;"Não ";Não Aplicável
João Pessoa;201095;Prefeitura Municipal de João Pessoa;102025;2025;19991221;Ônus de Sucumbência - Principal;Outras Deduções;-454.422,45;759;Recursos vinculados a fundos;"Não ";Não Aplicável
João Pessoa;201095;Prefeitura Municipal de João Pessoa;102025;2025;19991221;Ônus de Sucumbência - Principal;Lançamento de Receita;753.577,37;759;Recursos vinculados a fundos;"Não ";Não Aplicável
João Pessoa;201095;Prefeitura Municipal de João Pessoa;092025;2025;19991221;Ônus de Sucumbência - Principal;Lançamento de Receita;578.969,54;759;Recursos vinculados a fundos;"Não ";Não Aplicável
João Pessoa;201095;Prefeitura Municipal de João Pessoa;092025;2025;19991221;Ônus de Sucumbência - Principal;Outras Deduções;-404.111,26;759;Recursos vinculados a fundos;"Não ";Não Aplicável
João Pessoa;201095;Prefeitura Municipal de João Pessoa;082025;2025;19991221;Ônus de Sucumbência - Principal;Outras Deduções;-422.552,49;759;Recursos vinculados a fundos;"Não ";Não Aplicável
João Pessoa;201095;Prefeitura Municipal de João Pessoa;082025;2025;19991221;Ônus de Sucumbência - Principal;Lançamento de Receita;509.579,33;759;Recursos vinculados a fundos;"Não ";Não Aplicável
João Pessoa;201095;Prefeitura Municipal de João Pessoa;072025;2025;19991221;Ônus de Sucumbência - Principal;Lançamento de Receita;561.713,25;759;Recursos vinculados a fundos;"Não ";Não Aplicável
João Pessoa;201095;Prefeitura Municipal de João Pessoa;072025;2025;19991221;Ônus de Sucumbência - Principal;Outras Deduções;-234.059,86;759;Recursos vinculados a fundos;"Não ";Não Aplicável
João Pessoa;201095;Prefeitura Municipal de João Pessoa;062025;2025;19991221;Ônus de Sucumbência - Principal;Lançamento de Receita;300.076,75;759;Recursos vinculados a fundos;"Não ";Não Aplicável
João Pessoa;201095;Prefeitura Municipal de João Pessoa;042025;2025;19991221;Ônus de Sucumbência - Principal;Lançamento de Receita;510.291,57;759;Recursos vinculados a fundos;"Não ";Não Aplicável
João Pessoa;201095;Prefeitura Municipal de João Pessoa;122025;2025;19229901;Outras Restituições - Principal;Lançamento de Receita;12.493,31;500;Recursos não vinculados de Impostos;"Não ";Não Aplicável
João Pessoa;201095;Prefeitura Municipal de João Pessoa;122025;2025;19229901;Outras Restituições - Principal;Lançamento de Receita;1.138,96;719;Transferências da Política Nacional Aldir Blanc de Fomento à Cultura - Lei 14.399/2022;"Não ";Não Aplicável
João Pessoa;201095;Prefeitura Municipal de João Pessoa;092025;2025;19229901;Outras Restituições - Principal;Lançamento de Receita;2.051,27;500;Recursos não vinculados de Impostos;"Não ";Não Aplicável
João Pessoa;201095;Prefeitura Municipal de João Pessoa;082025;2025;19229901;Outras Restituições - Principal;Lançamento de Receita;-147,6;500;Recursos não vinculados de Impostos;"Não ";Não Aplicável
João Pessoa;201095;Prefeitura Municipal de João Pessoa;062025;2025;19229901;Outras Restituições - Principal;Lançamento de Receita;147,6;500;Recursos não vinculados de Impostos;"Não ";Não Aplicável
João Pessoa;201095;Prefeitura Municipal de João Pessoa;042025;2025;19229901;Outras Restituições - Principal;Lançamento de Receita;147,6;500;Recursos não vinculados de Impostos;"Não ";Não Aplicável
João Pessoa;201095;Prefeitura Municipal de João Pessoa;122025;2025;19219901;Outras Indenizações - Principal;Lançamento de Receita;17.187,2;500;Recursos não vinculados de Impostos;"Não ";Não Aplicável
João Pessoa;201095;Prefeitura Municipal de João Pessoa;112025;2025;19219901;Outras Indenizações - Principal;Lançamento de Receita;15.299,75;500;Recursos não vinculados de Impostos;"Não ";Não Aplicável
João Pessoa;201095;Prefeitura Municipal de João Pessoa;102025;2025;19219901;Outras Indenizações - Principal;Lançamento de Receita;34.799,19;500;Recursos não vinculados de Impostos;"Não ";Não Aplicável
João Pessoa;201095;Prefeitura Municipal de João Pessoa;092025;2025;19219901;Outras Indenizações - Principal;Lançamento de Receita;11.946,77;500;Recursos não vinculados de Impostos;"Não ";Não Aplicável
João Pessoa;201095;Prefeitura Municipal de João Pessoa;072025;2025;19219901;Outras Indenizações - Principal;Lançamento de Receita;5.550,03;500;Recursos não vinculados de Impostos;"Não ";Não Aplicável
João Pessoa;201095;Prefeitura Municipal de João Pessoa;062025;2025;19219901;Outras Indenizações - Principal;Lançamento de Receita;25.049,47;500;Recursos não vinculados de Impostos;"Não ";Não Aplicável
João Pessoa;201095;Prefeitura Municipal de João Pessoa;052025;2025;19219901;Outras Indenizações - Principal;Lançamento de Receita;5.550,03;500;Recursos não vinculados de Impostos;"Não ";Não Aplicável
João Pessoa;201095;Prefeitura Municipal de João Pessoa;042025;2025;19219901;Outras Indenizações - Principal;Lançamento de Receita;52.929,19;500;Recursos não vinculados de Impostos;"Não ";Não Aplicável
João Pessoa;201095;Prefeitura Municipal de João Pessoa;032025;2025;19219901;Outras Indenizações - Principal;Lançamento de Receita;5.550,03;500;Recursos não vinculados de Impostos;"Não ";Não Aplicável
João Pessoa;201095;Prefeitura Municipal de João Pessoa;022025;2025;19219901;Outras Indenizações - Principal;Lançamento de Receita;6.087,14;500;Recursos não vinculados de Impostos;"Não ";Não Aplicável
João Pessoa;201095;Prefeitura Municipal de João Pessoa;012025;2025;19219901;Outras Indenizações - Principal;Lançamento de Receita;10.828,7;500;Recursos não vinculados de Impostos;"Não ";Não Aplicável
João Pessoa;201095;Prefeitura Municipal de João Pessoa;092025;2025;19110403;Multas Previstas na Legislação sobre Defesa dos Direitos Difusos - Dívida Ativa;Lançamento de Receita;0;759;Recursos vinculados a fundos;"Não ";Não Aplicável
João Pessoa;201095;Prefeitura Municipal de João Pessoa;082025;2025;19110403;Multas Previstas na Legislação sobre Defesa dos Direitos Difusos - Dívida Ativa;Lançamento de Receita;210.899,81;501;Outros Recursos não Vinculados;"Não ";Não Aplicável
João Pessoa;201095;Prefeitura Municipal de João Pessoa;082025;2025;19110403;Multas Previstas na Legislação sobre Defesa dos Direitos Difusos - Dívida Ativa;Lançamento de Receita;492.099,57;759;Recursos vinculados a fundos;"Não ";Não Aplicável
João Pessoa;201095;Prefeitura Municipal de João Pessoa;122025;2025;19110401;Multas Previstas na Legislação sobre Defesa dos Direitos Difusos - Principal;Lançamento de Receita;1.229.176,87;501;Outros Recursos não Vinculados;"Não ";Não Aplicável
João Pessoa;201095;Prefeitura Municipal de João Pessoa;122025;2025;19110401;Multas Previstas na Legislação sobre Defesa dos Direitos Difusos - Principal;Lançamento de Receita;-454.667,6;759;Recursos vinculados a fundos;"Não ";Não Aplicável
João Pessoa;201095;Prefeitura Municipal de João Pessoa;112025;2025;19110401;Multas Previstas na Legislação sobre Defesa dos Direitos Difusos - Principal;Lançamento de Receita;460.023,39;501;Outros Recursos não Vinculados;"Não ";Não Aplicável
João Pessoa;201095;Prefeitura Municipal de João Pessoa;112025;2025;19110401;Multas Previstas na Legislação sobre Defesa dos Direitos Difusos - Principal;Lançamento de Receita;460.023,38;759;Recursos vinculados a fundos;"Não ";Não Aplicável
João Pessoa;201095;Prefeitura Municipal de João Pessoa;102025;2025;19110401;Multas Previstas na Legislação sobre Defesa dos Direitos Difusos - Principal;Lançamento de Receita;459.239,13;759;Recursos vinculados a fundos;"Não ";Não Aplicável
João Pessoa;201095;Prefeitura Municipal de João Pessoa;102025;2025;19110401;Multas Previstas na Legislação sobre Defesa dos Direitos Difusos - Principal;Lançamento de Receita;222.015,1;501;Outros Recursos não Vinculados;"Não ";Não Aplicável
João Pessoa;201095;Prefeitura Municipal de João Pessoa;092025;2025;19110401;Multas Previstas na Legislação sobre Defesa dos Direitos Difusos - Principal;Lançamento de Receita;796.116,5;759;Recursos vinculados a fundos;"Não ";Não Aplicável
João Pessoa;201095;Prefeitura Municipal de João Pessoa;092025;2025;19110401;Multas Previstas na Legislação sobre Defesa dos Direitos Difusos - Principal;Lançamento de Receita;344.225,66;501;Outros Recursos não Vinculados;"Não ";Não Aplicável
João Pessoa;201095;Prefeitura Municipal de João Pessoa;082025;2025;19110401;Multas Previstas na Legislação sobre Defesa dos Direitos Difusos - Principal;Lançamento de Receita;154.373,87;501;Outros Recursos não Vinculados;"Não ";Não Aplicável
João Pessoa;201095;Prefeitura Municipal de João Pessoa;082025;2025;19110401;Multas Previstas na Legislação sobre Defesa dos Direitos Difusos - Principal;Lançamento de Receita;360.205,68;759;Recursos vinculados a fundos;"Não ";Não Aplicável
João Pessoa;201095;Prefeitura Municipal de João Pessoa;072025;2025;19110401;Multas Previstas na Legislação sobre Defesa dos Direitos Difusos - Principal;Lançamento de Receita;109.437,14;501;Outros Recursos não Vinculados;"Não ";Não Aplicável
João Pessoa;201095;Prefeitura Municipal de João Pessoa;072025;2025;19110401;Multas Previstas na Legislação sobre Defesa dos Direitos Difusos - Principal;Lançamento de Receita;255.353,31;759;Recursos vinculados a fundos;"Não ";Não Aplicável
João Pessoa;201095;Prefeitura Municipal de João Pessoa;062025;2025;19110401;Multas Previstas na Legislação sobre Defesa dos Direitos Difusos - Principal;Lançamento de Receita;324.090,95;759;Recursos vinculados a fundos;"Não ";Não Aplicável
João Pessoa;201095;Prefeitura Municipal de João Pessoa;062025;2025;19110401;Multas Previstas na Legislação sobre Defesa dos Direitos Difusos - Principal;Lançamento de Receita;138.896,13;501;Outros Recursos não Vinculados;"Não ";Não Aplicável
João Pessoa;201095;Prefeitura Municipal de João Pessoa;052025;2025;19110401;Multas Previstas na Legislação sobre Defesa dos Direitos Difusos - Principal;Lançamento de Receita;64.058,57;501;Outros Recursos não Vinculados;"Não ";Não Aplicável
João Pessoa;201095;Prefeitura Municipal de João Pessoa;052025;2025;19110401;Multas Previstas na Legislação sobre Defesa dos Direitos Difusos - Principal;Lançamento de Receita;120.912,08;759;Recursos vinculados a fundos;"Não ";Não Aplicável
João Pessoa;201095;Prefeitura Municipal de João Pessoa;042025;2025;19110401;Multas Previstas na Legislação sobre Defesa dos Direitos Difusos - Principal;Lançamento de Receita;-206.830,51;500;Recursos não vinculados de Impostos;"Não ";Não Aplicável
João Pessoa;201095;Prefeitura Municipal de João Pessoa;042025;2025;19110401;Multas Previstas na Legislação sobre Defesa dos Direitos Difusos - Principal;Lançamento de Receita;147.096,39;759;Recursos vinculados a fundos;"Não ";Não Aplicável
João Pessoa;201095;Prefeitura Municipal de João Pessoa;042025;2025;19110401;Multas Previstas na Legislação sobre Defesa dos Direitos Difusos - Principal;Lançamento de Receita;424.781,77;501;Outros Recursos não Vinculados;"Não ";Não Aplicável
João Pessoa;201095;Prefeitura Municipal de João Pessoa;032025;2025;19110401;Multas Previstas na Legislação sobre Defesa dos Direitos Difusos - Principal;Lançamento de Receita;363.419,57;759;Recursos vinculados a fundos;"Não ";Não Aplicável
João Pessoa;201095;Prefeitura Municipal de João Pessoa;032025;2025;19110401;Multas Previstas na Legislação sobre Defesa dos Direitos Difusos - Principal;Lançamento de Receita;155.751,26;501;Outros Recursos não Vinculados;"Não ";Não Aplicável
João Pessoa;201095;Prefeitura Municipal de João Pessoa;022025;2025;19110401;Multas Previstas na Legislação sobre Defesa dos Direitos Difusos - Principal;Lançamento de Receita;298.176,52;759;Recursos vinculados a fundos;"Não ";Não Aplicável
João Pessoa;201095;Prefeitura Municipal de João Pessoa;022025;2025;19110401;Multas Previstas na Legislação sobre Defesa dos Direitos Difusos - Principal;Lançamento de Receita;127.789,93;500;Recursos não vinculados de Impostos;"Não ";Não Aplicável
João Pessoa;201095;Prefeitura Municipal de João Pessoa;012025;2025;19110401;Multas Previstas na Legislação sobre Defesa dos Direitos Difusos - Principal;Lançamento de Receita;79.040,58;500;Recursos não vinculados de Impostos;"Não ";Não Aplicável
João Pessoa;201095;Prefeitura Municipal de João Pessoa;012025;2025;19110401;Multas Previstas na Legislação sobre Defesa dos Direitos Difusos - Principal;Lançamento de Receita;184.428,03;759;Recursos vinculados a fundos;"Não ";Não Aplicável
João Pessoa;201095;Prefeitura Municipal de João Pessoa;122025;2025;17515001;Transferências de Recursos do Fundo de Manutenção e Desenvolvimento da Educação Básica e de Valorização dos Profissionais da Educação – FUNDEB - Principal;Lançamento de Receita;10.715.103,14;540;Transferências do FUNDEB - Impostos e Transferências de Impostos;"Não ";Não Aplicável
João Pessoa;201095;Prefeitura Municipal de João Pessoa;122025;2025;17515001;Transferências de Recursos do Fundo de Manutenção e Desenvolvimento da Educação Básica e de Valorização dos Profissionais da Educação – FUNDEB - Principal;Lançamento de Receita;42.846.016,16;540;Transferências do FUNDEB - Impostos e Transferências de Impostos;1070;Identificação do percentual aplicado no pagamento da remuneração dos profissionais da educação básica em efetivo exercício
João Pessoa;201095;Prefeitura Municipal de João Pessoa;112025;2025;17515001;Transferências de Recursos do Fundo de Manutenção e Desenvolvimento da Educação Básica e de Valorização dos Profissionais da Educação – FUNDEB - Principal;Lançamento de Receita;8.727.739,27;540;Transferências do FUNDEB - Impostos e Transferências de Impostos;"Não ";Não Aplicável
João Pessoa;201095;Prefeitura Municipal de João Pessoa;112025;2025;17515001;Transferências de Recursos do Fundo de Manutenção e Desenvolvimento da Educação Básica e de Valorização dos Profissionais da Educação – FUNDEB - Principal;Lançamento de Receita;34.910.957,14;540;Transferências do FUNDEB - Impostos e Transferências de Impostos;1070;Identificação do percentual aplicado no pagamento da remuneração dos profissionais da educação básica em efetivo exercício
João Pessoa;201095;Prefeitura Municipal de João Pessoa;102025;2025;17515001;Transferências de Recursos do Fundo de Manutenção e Desenvolvimento da Educação Básica e de Valorização dos Profissionais da Educação – FUNDEB - Principal;Lançamento de Receita;30.366.090,77;540;Transferências do FUNDEB - Impostos e Transferências de Impostos;1070;Identificação do percentual aplicado no pagamento da remuneração dos profissionais da educação básica em efetivo exercício
João Pessoa;201095;Prefeitura Municipal de João Pessoa;102025;2025;17515001;Transferências de Recursos do Fundo de Manutenção e Desenvolvimento da Educação Básica e de Valorização dos Profissionais da Educação – FUNDEB - Principal;Lançamento de Receita;7.591.522,67;540;Transferências do FUNDEB - Impostos e Transferências de Impostos;"Não ";Não Aplicável
João Pessoa;201095;Prefeitura Municipal de João Pessoa;092025;2025;17515001;Transferências de Recursos do Fundo de Manutenção e Desenvolvimento da Educação Básica e de Valorização dos Profissionais da Educação – FUNDEB - Principal;Lançamento de Receita;7.729.287,59;540;Transferências do FUNDEB - Impostos e Transferências de Impostos;"Não ";Não Aplicável
João Pessoa;201095;Prefeitura Municipal de João Pessoa;092025;2025;17515001;Transferências de Recursos do Fundo de Manutenção e Desenvolvimento da Educação Básica e de Valorização dos Profissionais da Educação – FUNDEB - Principal;Lançamento de Receita;30.917.150,35;540;Transferências do FUNDEB - Impostos e Transferências de Impostos;1070;Identificação do percentual aplicado no pagamento da remuneração dos profissionais da educação básica em efetivo exercício
João Pessoa;201095;Prefeitura Municipal de João Pessoa;082025;2025;17515001;Transferências de Recursos do Fundo de Manutenção e Desenvolvimento da Educação Básica e de Valorização dos Profissionais da Educação – FUNDEB - Principal;Lançamento de Receita;35.244.456,13;540;Transferências do FUNDEB - Impostos e Transferências de Impostos;1070;Identificação do percentual aplicado no pagamento da remuneração dos profissionais da educação básica em efetivo exercício
João Pessoa;201095;Prefeitura Municipal de João Pessoa;082025;2025;17515001;Transferências de Recursos do Fundo de Manutenção e Desenvolvimento da Educação Básica e de Valorização dos Profissionais da Educação – FUNDEB - Principal;Lançamento de Receita;8.811.114,03;540;Transferências do FUNDEB - Impostos e Transferências de Impostos;"Não ";Não Aplicável
João Pessoa;201095;Prefeitura Municipal de João Pessoa;072025;2025;17515001;Transferências de Recursos do Fundo de Manutenção e Desenvolvimento da Educação Básica e de Valorização dos Profissionais da Educação – FUNDEB - Principal;Lançamento de Receita;29.877.551,44;540;Transferências do FUNDEB - Impostos e Transferências de Impostos;1070;Identificação do percentual aplicado no pagamento da remuneração dos profissionais da educação básica em efetivo exercício
João Pessoa;201095;Prefeitura Municipal de João Pessoa;072025;2025;17515001;Transferências de Recursos do Fundo de Manutenção e Desenvolvimento da Educação Básica e de Valorização dos Profissionais da Educação – FUNDEB - Principal;Lançamento de Receita;7.469.387,75;540;Transferências do FUNDEB - Impostos e Transferências de Impostos;"Não ";Não Aplicável
João Pessoa;201095;Prefeitura Municipal de João Pessoa;062025;2025;17515001;Transferências de Recursos do Fundo de Manutenção e Desenvolvimento da Educação Básica e de Valorização dos Profissionais da Educação – FUNDEB - Principal;Lançamento de Receita;37.480.763,62;540;Transferências do FUNDEB - Impostos e Transferências de Impostos;1070;Identificação do percentual aplicado no pagamento da remuneração dos profissionais da educação básica em efetivo exercício
João Pessoa;201095;Prefeitura Municipal de João Pessoa;062025;2025;17515001;Transferências de Recursos do Fundo de Manutenção e Desenvolvimento da Educação Básica e de Valorização dos Profissionais da Educação – FUNDEB - Principal;Lançamento de Receita;9.370.190,91;540;Transferências do FUNDEB - Impostos e Transferências de Impostos;"Não ";Não Aplicável
João Pessoa;201095;Prefeitura Municipal de João Pessoa;052025;2025;17515001;Transferências de Recursos do Fundo de Manutenção e Desenvolvimento da Educação Básica e de Valorização dos Profissionais da Educação – FUNDEB - Principal;Lançamento de Receita;37.330.462,97;540;Transferências do FUNDEB - Impostos e Transferências de Impostos;1070;Identificação do percentual aplicado no pagamento da remuneração dos profissionais da educação básica em efetivo exercício
João Pessoa;201095;Prefeitura Municipal de João Pessoa;052025;2025;17515001;Transferências de Recursos do Fundo de Manutenção e Desenvolvimento da Educação Básica e de Valorização dos Profissionais da Educação – FUNDEB - Principal;Lançamento de Receita;9.332.615,74;540;Transferências do FUNDEB - Impostos e Transferências de Impostos;"Não ";Não Aplicável
João Pessoa;201095;Prefeitura Municipal de João Pessoa;042025;2025;17515001;Transferências de Recursos do Fundo de Manutenção e Desenvolvimento da Educação Básica e de Valorização dos Profissionais da Educação – FUNDEB - Principal;Lançamento de Receita;32.504.513,15;540;Transferências do FUNDEB - Impostos e Transferências de Impostos;1070;Identificação do percentual aplicado no pagamento da remuneração dos profissionais da educação básica em efetivo exercício
João Pessoa;201095;Prefeitura Municipal de João Pessoa;042025;2025;17515001;Transferências de Recursos do Fundo de Manutenção e Desenvolvimento da Educação Básica e de Valorização dos Profissionais da Educação – FUNDEB - Principal;Lançamento de Receita;8.126.128,31;540;Transferências do FUNDEB - Impostos e Transferências de Impostos;"Não ";Não Aplicável
João Pessoa;201095;Prefeitura Municipal de João Pessoa;032025;2025;17515001;Transferências de Recursos do Fundo de Manutenção e Desenvolvimento da Educação Básica e de Valorização dos Profissionais da Educação – FUNDEB - Principal;Lançamento de Receita;7.935.931,76;540;Transferências do FUNDEB - Impostos e Transferências de Impostos;"Não ";Não Aplicável
João Pessoa;201095;Prefeitura Municipal de João Pessoa;032025;2025;17515001;Transferências de Recursos do Fundo de Manutenção e Desenvolvimento da Educação Básica e de Valorização dos Profissionais da Educação – FUNDEB - Principal;Lançamento de Receita;31.743.726,99;540;Transferências do FUNDEB - Impostos e Transferências de Impostos;1070;Identificação do percentual aplicado no pagamento da remuneração dos profissionais da educação básica em efetivo exercício
João Pessoa;201095;Prefeitura Municipal de João Pessoa;022025;2025;17515001;Transferências de Recursos do Fundo de Manutenção e Desenvolvimento da Educação Básica e de Valorização dos Profissionais da Educação – FUNDEB - Principal;Lançamento de Receita;40.483.415,73;540;Transferências do FUNDEB - Impostos e Transferências de Impostos;1070;Identificação do percentual aplicado no pagamento da remuneração dos profissionais da educação básica em efetivo exercício
João Pessoa;201095;Prefeitura Municipal de João Pessoa;022025;2025;17515001;Transferências de Recursos do Fundo de Manutenção e Desenvolvimento da Educação Básica e de Valorização dos Profissionais da Educação – FUNDEB - Principal;Lançamento de Receita;10.120.853,93;540;Transferências do FUNDEB - Impostos e Transferências de Impostos;"Não ";Não Aplicável
João Pessoa;201095;Prefeitura Municipal de João Pessoa;012025;2025;17515001;Transferências de Recursos do Fundo de Manutenção e Desenvolvimento da Educação Básica e de Valorização dos Profissionais da Educação – FUNDEB - Principal;Lançamento de Receita;8.808.606,22;540;Transferências do FUNDEB - Impostos e Transferências de Impostos;"Não ";Não Aplicável
João Pessoa;201095;Prefeitura Municipal de João Pessoa;012025;2025;17515001;Transferências de Recursos do Fundo de Manutenção e Desenvolvimento da Educação Básica e de Valorização dos Profissionais da Educação – FUNDEB - Principal;Lançamento de Receita;35.234.424,85;540;Transferências do FUNDEB - Impostos e Transferências de Impostos;1070;Identificação do percentual aplicado no pagamento da remuneração dos profissionais da educação básica em efetivo exercício
João Pessoa;201095;Prefeitura Municipal de João Pessoa;082025;2025;17299901;Outras Transferências dos Estados e DF - Principal;Lançamento de Receita;50.000;710;Transferência Especial dos Estados;3210;Identificação das Transferências dos Estados decorrentes de emendas parlamentares individuais
João Pessoa;201095;Prefeitura Municipal de João Pessoa;072025;2025;17299901;Outras Transferências dos Estados e DF - Principal;Lançamento de Receita;200.000;710;Transferência Especial dos Estados;3210;Identificação das Transferências dos Estados decorrentes de emendas parlamentares individuais
João Pessoa;201095;Prefeitura Municipal de João Pessoa;122025;2025;17225201;Cota-parte Royalties – Compensação Financeira pela Produção do Petróleo  - Principal;Lançamento de Receita;1.477.932,47;704;Transferência da União Referente a Royalties do Petróleo e Gás Natural;"Não ";Não Aplicável
João Pessoa;201095;Prefeitura Municipal de João Pessoa;112025;2025;17225201;Cota-parte Royalties – Compensação Financeira pela Produção do Petróleo  - Principal;Lançamento de Receita;1.438.132,26;704;Transferência da União Referente a Royalties do Petróleo e Gás Natural;"Não ";Não Aplicável
João Pessoa;201095;Prefeitura Municipal de João Pessoa;102025;2025;17225201;Cota-parte Royalties – Compensação Financeira pela Produção do Petróleo  - Principal;Lançamento de Receita;1.505.735,86;704;Transferência da União Referente a Royalties do Petróleo e Gás Natural;"Não ";Não Aplicável
João Pessoa;201095;Prefeitura Municipal de João Pessoa;092025;2025;17225201;Cota-parte Royalties – Compensação Financeira pela Produção do Petróleo  - Principal;Lançamento de Receita;1.620.922,91;704;Transferência da União Referente a Royalties do Petróleo e Gás Natural;"Não ";Não Aplicável
João Pessoa;201095;Prefeitura Municipal de João Pessoa;082025;2025;17225201;Cota-parte Royalties – Compensação Financeira pela Produção do Petróleo  - Principal;Lançamento de Receita;1.509.260,57;704;Transferência da União Referente a Royalties do Petróleo e Gás Natural;"Não ";Não Aplicável
João Pessoa;201095;Prefeitura Municipal de João Pessoa;072025;2025;17225201;Cota-parte Royalties – Compensação Financeira pela Produção do Petróleo  - Principal;Lançamento de Receita;1.417.084,93;704;Transferência da União Referente a Royalties do Petróleo e Gás Natural;"Não ";Não Aplicável
João Pessoa;201095;Prefeitura Municipal de João Pessoa;062025;2025;17225201;Cota-parte Royalties – Compensação Financeira pela Produção do Petróleo  - Principal;Lançamento de Receita;1.444.530,56;704;Transferência da União Referente a Royalties do Petróleo e Gás Natural;"Não ";Não Aplicável
João Pessoa;201095;Prefeitura Municipal de João Pessoa;052025;2025;17225201;Cota-parte Royalties – Compensação Financeira pela Produção do Petróleo  - Principal;Lançamento de Receita;1.599.322,18;704;Transferência da União Referente a Royalties do Petróleo e Gás Natural;"Não ";Não Aplicável
João Pessoa;201095;Prefeitura Municipal de João Pessoa;042025;2025;17225201;Cota-parte Royalties – Compensação Financeira pela Produção do Petróleo  - Principal;Lançamento de Receita;1.440.180,35;704;Transferência da União Referente a Royalties do Petróleo e Gás Natural;"Não ";Não Aplicável
João Pessoa;201095;Prefeitura Municipal de João Pessoa;032025;2025;17225201;Cota-parte Royalties – Compensação Financeira pela Produção do Petróleo  - Principal;Lançamento de Receita;1.721.433,82;704;Transferência da União Referente a Royalties do Petróleo e Gás Natural;"Não ";Não Aplicável
João Pessoa;201095;Prefeitura Municipal de João Pessoa;022025;2025;17225201;Cota-parte Royalties – Compensação Financeira pela Produção do Petróleo  - Principal;Lançamento de Receita;1.609.374,77;704;Transferência da União Referente a Royalties do Petróleo e Gás Natural;"Não ";Não Aplicável
João Pessoa;201095;Prefeitura Municipal de João Pessoa;012025;2025;17225201;Cota-parte Royalties – Compensação Financeira pela Produção do Petróleo  - Principal;Lançamento de Receita;1.455.259,33;704;Transferência da União Referente a Royalties do Petróleo e Gás Natural;"Não ";Não Aplicável
João Pessoa;201095;Prefeitura Municipal de João Pessoa;122025;2025;17225101;Cota-parte da Compensação Financeira de Recursos Minerais - CFEM - Principal;Lançamento de Receita;455.089,3;708;Transferência da União Referente à Compensação Financeira de Recursos Minerais;"Não ";Não Aplicável
João Pessoa;201095;Prefeitura Municipal de João Pessoa;112025;2025;17225101;Cota-parte da Compensação Financeira de Recursos Minerais - CFEM - Principal;Lançamento de Receita;109.107,89;708;Transferência da União Referente à Compensação Financeira de Recursos Minerais;"Não ";Não Aplicável
João Pessoa;201095;Prefeitura Municipal de João Pessoa;102025;2025;17225101;Cota-parte da Compensação Financeira de Recursos Minerais - CFEM - Principal;Lançamento de Receita;518,47;708;Transferência da União Referente à Compensação Financeira de Recursos Minerais;"Não ";Não Aplicável
João Pessoa;201095;Prefeitura Municipal de João Pessoa;092025;2025;17225101;Cota-parte da Compensação Financeira de Recursos Minerais - CFEM - Principal;Lançamento de Receita;527,22;708;Transferência da União Referente à Compensação Financeira de Recursos Minerais;"Não ";Não Aplicável
João Pessoa;201095;Prefeitura Municipal de João Pessoa;082025;2025;17225101;Cota-parte da Compensação Financeira de Recursos Minerais - CFEM - Principal;Lançamento de Receita;489,61;708;Transferência da União Referente à Compensação Financeira de Recursos Minerais;"Não ";Não Aplicável
João Pessoa;201095;Prefeitura Municipal de João Pessoa;072025;2025;17225101;Cota-parte da Compensação Financeira de Recursos Minerais - CFEM - Principal;Lançamento de Receita;689,64;708;Transferência da União Referente à Compensação Financeira de Recursos Minerais;"Não ";Não Aplicável
João Pessoa;201095;Prefeitura Municipal de João Pessoa;062025;2025;17225101;Cota-parte da Compensação Financeira de Recursos Minerais - CFEM - Principal;Lançamento de Receita;780,6;708;Transferência da União Referente à Compensação Financeira de Recursos Minerais;"Não ";Não Aplicável
João Pessoa;201095;Prefeitura Municipal de João Pessoa;042025;2025;17225101;Cota-parte da Compensação Financeira de Recursos Minerais - CFEM - Principal;Lançamento de Receita;735,37;708;Transferência da União Referente à Compensação Financeira de Recursos Minerais;"Não ";Não Aplicável
João Pessoa;201095;Prefeitura Municipal de João Pessoa;032025;2025;17225101;Cota-parte da Compensação Financeira de Recursos Minerais - CFEM - Principal;Lançamento de Receita;842,53;708;Transferência da União Referente à Compensação Financeira de Recursos Minerais;"Não ";Não Aplicável
João Pessoa;201095;Prefeitura Municipal de João Pessoa;022025;2025;17225101;Cota-parte da Compensação Financeira de Recursos Minerais - CFEM - Principal;Lançamento de Receita;1.308,46;708;Transferência da União Referente à Compensação Financeira de Recursos Minerais;"Não ";Não Aplicável
João Pessoa;201095;Prefeitura Municipal de João Pessoa;102025;2025;17215301;Cota-Parte da Contribuição de Intervenção no Domínio Econômico - Principal;Lançamento de Receita;187.230,13;750;Recursos da Contribuição de Intervenção no Domínio Econômico - CIDE;"Não ";Não Aplicável
João Pessoa;201095;Prefeitura Municipal de João Pessoa;072025;2025;17215301;Cota-Parte da Contribuição de Intervenção no Domínio Econômico - Principal;Lançamento de Receita;177.550,87;750;Recursos da Contribuição de Intervenção no Domínio Econômico - CIDE;"Não ";Não Aplicável
João Pessoa;201095;Prefeitura Municipal de João Pessoa;042025;2025;17215301;Cota-Parte da Contribuição de Intervenção no Domínio Econômico - Principal;Lançamento de Receita;161.412,12;750;Recursos da Contribuição de Intervenção no Domínio Econômico - CIDE;"Não ";Não Aplicável
João Pessoa;201095;Prefeitura Municipal de João Pessoa;012025;2025;17215301;Cota-Parte da Contribuição de Intervenção no Domínio Econômico - Principal;Lançamento de Receita;170.427,02;750;Recursos da Contribuição de Intervenção no Domínio Econômico - CIDE;"Não ";Não Aplicável
João Pessoa;201095;Prefeitura Municipal de João Pessoa;122025;2025;17215201;Cota-Parte do IPI - Municípios - Principal;Dedução do Fundeb;-3.636,64;500;Recursos não vinculados de Impostos;"Não ";Não Aplicável
João Pessoa;201095;Prefeitura Municipal de João Pessoa;122025;2025;17215201;Cota-Parte do IPI - Municípios - Principal;Lançamento de Receita;14.546,54;500;Recursos não vinculados de Impostos;"Não ";Não Aplicável
João Pessoa;201095;Prefeitura Municipal de João Pessoa;122025;2025;17215201;Cota-Parte do IPI - Municípios - Principal;Lançamento de Receita;3.636,64;500;Recursos não vinculados de Impostos;1001;Identificação das despesas com manutenção e desenvolvimento do ensino
João Pessoa;201095;Prefeitura Municipal de João Pessoa;112025;2025;17215201;Cota-Parte do IPI - Municípios - Principal;Lançamento de Receita;3.167,59;500;Recursos não vinculados de Impostos;1001;Identificação das despesas com manutenção e desenvolvimento do ensino
João Pessoa;201095;Prefeitura Municipal de João Pessoa;112025;2025;17215201;Cota-Parte do IPI - Municípios - Principal;Lançamento de Receita;12.670,37;500;Recursos não vinculados de Impostos;"Não ";Não Aplicável
João Pessoa;201095;Prefeitura Municipal de João Pessoa;112025;2025;17215201;Cota-Parte do IPI - Municípios - Principal;Dedução do Fundeb;-3.167,59;500;Recursos não vinculados de Impostos;"Não ";Não Aplicável
João Pessoa;201095;Prefeitura Municipal de João Pessoa;102025;2025;17215201;Cota-Parte do IPI - Municípios - Principal;Lançamento de Receita;860,06;500;Recursos não vinculados de Impostos;1001;Identificação das despesas com manutenção e desenvolvimento do ensino
João Pessoa;201095;Prefeitura Municipal de João Pessoa;102025;2025;17215201;Cota-Parte do IPI - Municípios - Principal;Lançamento de Receita;2.580,2;500;Recursos não vinculados de Impostos;1002;Identificação das despesas com ações e serviços públicos de saúde
João Pessoa;201095;Prefeitura Municipal de João Pessoa;102025;2025;17215201;Cota-Parte do IPI - Municípios - Principal;Dedução do Fundeb;-3.440,25;500;Recursos não vinculados de Impostos;"Não ";Não Aplicável
João Pessoa;201095;Prefeitura Municipal de João Pessoa;102025;2025;17215201;Cota-Parte do IPI - Municípios - Principal;Lançamento de Receita;13.761,07;500;Recursos não vinculados de Impostos;"Não ";Não Aplicável
João Pessoa;201095;Prefeitura Municipal de João Pessoa;092025;2025;17215201;Cota-Parte do IPI - Municípios - Principal;Lançamento de Receita;13.811,02;500;Recursos não vinculados de Impostos;"Não ";Não Aplicável
João Pessoa;201095;Prefeitura Municipal de João Pessoa;092025;2025;17215201;Cota-Parte do IPI - Municípios - Principal;Lançamento de Receita;2.589,57;500;Recursos não vinculados de Impostos;1002;Identificação das despesas com ações e serviços públicos de saúde
João Pessoa;201095;Prefeitura Municipal de João Pessoa;092025;2025;17215201;Cota-Parte do IPI - Municípios - Principal;Dedução do Fundeb;-3.452,76;500;Recursos não vinculados de Impostos;"Não ";Não Aplicável
João Pessoa;201095;Prefeitura Municipal de João Pessoa;092025;2025;17215201;Cota-Parte do IPI - Municípios - Principal;Lançamento de Receita;863,19;500;Recursos não vinculados de Impostos;1001;Identificação das despesas com manutenção e desenvolvimento do ensino
João Pessoa;201095;Prefeitura Municipal de João Pessoa;082025;2025;17215201;Cota-Parte do IPI - Municípios - Principal;Lançamento de Receita;708,84;500;Recursos não vinculados de Impostos;1001;Identificação das despesas com manutenção e desenvolvimento do ensino
João Pessoa;201095;Prefeitura Municipal de João Pessoa;082025;2025;17215201;Cota-Parte do IPI - Municípios - Principal;Lançamento de Receita;11.341,3;500;Recursos não vinculados de Impostos;"Não ";Não Aplicável
João Pessoa;201095;Prefeitura Municipal de João Pessoa;082025;2025;17215201;Cota-Parte do IPI - Municípios - Principal;Lançamento de Receita;2.126,49;500;Recursos não vinculados de Impostos;1002;Identificação das despesas com ações e serviços públicos de saúde
João Pessoa;201095;Prefeitura Municipal de João Pessoa;082025;2025;17215201;Cota-Parte do IPI - Municípios - Principal;Dedução do Fundeb;-2.835,33;500;Recursos não vinculados de Impostos;"Não ";Não Aplicável
João Pessoa;201095;Prefeitura Municipal de João Pessoa;072025;2025;17215201;Cota-Parte do IPI - Municípios - Principal;Lançamento de Receita;12.836,47;500;Recursos não vinculados de Impostos;"Não ";Não Aplicável
João Pessoa;201095;Prefeitura Municipal de João Pessoa;072025;2025;17215201;Cota-Parte do IPI - Municípios - Principal;Lançamento de Receita;802,28;500;Recursos não vinculados de Impostos;1001;Identificação das despesas com manutenção e desenvolvimento do ensino
João Pessoa;201095;Prefeitura Municipal de João Pessoa;072025;2025;17215201;Cota-Parte do IPI - Municípios - Principal;Dedução do Fundeb;-3.209,12;500;Recursos não vinculados de Impostos;"Não ";Não Aplicável
João Pessoa;201095;Prefeitura Municipal de João Pessoa;072025;2025;17215201;Cota-Parte do IPI - Municípios - Principal;Lançamento de Receita;2.406,84;500;Recursos não vinculados de Impostos;1002;Identificação das despesas com ações e serviços públicos de saúde
João Pessoa;201095;Prefeitura Municipal de João Pessoa;062025;2025;17215201;Cota-Parte do IPI - Municípios - Principal;Dedução do Fundeb;-3.475,88;500;Recursos não vinculados de Impostos;"Não ";Não Aplicável
João Pessoa;201095;Prefeitura Municipal de João Pessoa;062025;2025;17215201;Cota-Parte do IPI - Municípios - Principal;Lançamento de Receita;13.903,5;500;Recursos não vinculados de Impostos;"Não ";Não Aplicável
João Pessoa;201095;Prefeitura Municipal de João Pessoa;062025;2025;17215201;Cota-Parte do IPI - Municípios - Principal;Lançamento de Receita;2.606,91;500;Recursos não vinculados de Impostos;1002;Identificação das despesas com ações e serviços públicos de saúde
João Pessoa;201095;Prefeitura Municipal de João Pessoa;062025;2025;17215201;Cota-Parte do IPI - Municípios - Principal;Lançamento de Receita;868,97;500;Recursos não vinculados de Impostos;1001;Identificação das despesas com manutenção e desenvolvimento do ensino
João Pessoa;201095;Prefeitura Municipal de João Pessoa;052025;2025;17215201;Cota-Parte do IPI - Municípios - Principal;Lançamento de Receita;2.024,07;500;Recursos não vinculados de Impostos;1002;Identificação das despesas com ações e serviços públicos de saúde
João Pessoa;201095;Prefeitura Municipal de João Pessoa;052025;2025;17215201;Cota-Parte do IPI - Municípios - Principal;Lançamento de Receita;10.795,39;500;Recursos não vinculados de Impostos;"Não ";Não Aplicável
João Pessoa;201095;Prefeitura Municipal de João Pessoa;052025;2025;17215201;Cota-Parte do IPI - Municípios - Principal;Dedução do Fundeb;-2.698,86;500;Recursos não vinculados de Impostos;"Não ";Não Aplicável
João Pessoa;201095;Prefeitura Municipal de João Pessoa;052025;2025;17215201;Cota-Parte do IPI - Municípios - Principal;Lançamento de Receita;674,81;500;Recursos não vinculados de Impostos;1001;Identificação das despesas com manutenção e desenvolvimento do ensino
João Pessoa;201095;Prefeitura Municipal de João Pessoa;042025;2025;17215201;Cota-Parte do IPI - Municípios - Principal;Lançamento de Receita;841,22;500;Recursos não vinculados de Impostos;1001;Identificação das despesas com manutenção e desenvolvimento do ensino
João Pessoa;201095;Prefeitura Municipal de João Pessoa;042025;2025;17215201;Cota-Parte do IPI - Municípios - Principal;Lançamento de Receita;2.523,67;500;Recursos não vinculados de Impostos;1002;Identificação das despesas com ações e serviços públicos de saúde
João Pessoa;201095;Prefeitura Municipal de João Pessoa;042025;2025;17215201;Cota-Parte do IPI - Municípios - Principal;Dedução do Fundeb;-3.364,89;500;Recursos não vinculados de Impostos;"Não ";Não Aplicável
João Pessoa;201095;Prefeitura Municipal de João Pessoa;042025;2025;17215201;Cota-Parte do IPI - Municípios - Principal;Lançamento de Receita;13.459,57;500;Recursos não vinculados de Impostos;"Não ";Não Aplicável
João Pessoa;201095;Prefeitura Municipal de João Pessoa;032025;2025;17215201;Cota-Parte do IPI - Municípios - Principal;Dedução do Fundeb;-3.190,73;500;Recursos não vinculados de Impostos;"Não ";Não Aplicável
João Pessoa;201095;Prefeitura Municipal de João Pessoa;032025;2025;17215201;Cota-Parte do IPI - Municípios - Principal;Lançamento de Receita;2.393,05;500;Recursos não vinculados de Impostos;1002;Identificação das despesas com ações e serviços públicos de saúde
João Pessoa;201095;Prefeitura Municipal de João Pessoa;032025;2025;17215201;Cota-Parte do IPI - Municípios - Principal;Lançamento de Receita;12.762,89;500;Recursos não vinculados de Impostos;"Não ";Não Aplicável
João Pessoa;201095;Prefeitura Municipal de João Pessoa;032025;2025;17215201;Cota-Parte do IPI - Municípios - Principal;Lançamento de Receita;797,68;500;Recursos não vinculados de Impostos;1001;Identificação das despesas com manutenção e desenvolvimento do ensino
João Pessoa;201095;Prefeitura Municipal de João Pessoa;022025;2025;17215201;Cota-Parte do IPI - Municípios - Principal;Lançamento de Receita;691,53;500;Recursos não vinculados de Impostos;1001;Identificação das despesas com manutenção e desenvolvimento do ensino
João Pessoa;201095;Prefeitura Municipal de João Pessoa;022025;2025;17215201;Cota-Parte do IPI - Municípios - Principal;Lançamento de Receita;2.074,58;500;Recursos não vinculados de Impostos;1002;Identificação das despesas com ações e serviços públicos de saúde
João Pessoa;201095;Prefeitura Municipal de João Pessoa;022025;2025;17215201;Cota-Parte do IPI - Municípios - Principal;Dedução do Fundeb;-2.766,09;500;Recursos não vinculados de Impostos;"Não ";Não Aplicável
João Pessoa;201095;Prefeitura Municipal de João Pessoa;022025;2025;17215201;Cota-Parte do IPI - Municípios - Principal;Lançamento de Receita;11.064,36;500;Recursos não vinculados de Impostos;"Não ";Não Aplicável
João Pessoa;201095;Prefeitura Municipal de João Pessoa;012025;2025;17215201;Cota-Parte do IPI - Municípios - Principal;Lançamento de Receita;1.788,32;500;Recursos não vinculados de Impostos;1002;Identificação das despesas com ações e serviços públicos de saúde
João Pessoa;201095;Prefeitura Municipal de João Pessoa;012025;2025;17215201;Cota-Parte do IPI - Municípios - Principal;Lançamento de Receita;9.537,82;500;Recursos não vinculados de Impostos;"Não ";Não Aplicável
João Pessoa;201095;Prefeitura Municipal de João Pessoa;012025;2025;17215201;Cota-Parte do IPI - Municípios - Principal;Lançamento de Receita;596,14;500;Recursos não vinculados de Impostos;1001;Identificação das despesas com manutenção e desenvolvimento do ensino
João Pessoa;201095;Prefeitura Municipal de João Pessoa;012025;2025;17215201;Cota-Parte do IPI - Municípios - Principal;Dedução do Fundeb;-2.384,46;500;Recursos não vinculados de Impostos;"Não ";Não Aplicável
João Pessoa;201095;Prefeitura Municipal de João Pessoa;122025;2025;17215101;Cota-Parte do IPVA - Principal;Lançamento de Receita;7.920.744,12;500;Recursos não vinculados de Impostos;"Não ";Não Aplicável
João Pessoa;201095;Prefeitura Municipal de João Pessoa;122025;2025;17215101;Cota-Parte do IPVA - Principal;Lançamento de Receita;1.985.730,73;500;Recursos não vinculados de Impostos;1001;Identificação das despesas com manutenção e desenvolvimento do ensino
João Pessoa;201095;Prefeitura Municipal de João Pessoa;122025;2025;17215101;Cota-Parte do IPVA - Principal;Dedução do Fundeb;-1.981.294,99;500;Recursos não vinculados de Impostos;"Não ";Não Aplicável
João Pessoa;201095;Prefeitura Municipal de João Pessoa;112025;2025;17215101;Cota-Parte do IPVA - Principal;Lançamento de Receita;7.279.269,27;500;Recursos não vinculados de Impostos;"Não ";Não Aplicável
João Pessoa;201095;Prefeitura Municipal de João Pessoa;112025;2025;17215101;Cota-Parte do IPVA - Principal;Dedução do Fundeb;-1.819.817,38;500;Recursos não vinculados de Impostos;"Não ";Não Aplicável
João Pessoa;201095;Prefeitura Municipal de João Pessoa;112025;2025;17215101;Cota-Parte do IPVA - Principal;Lançamento de Receita;1.819.817,37;500;Recursos não vinculados de Impostos;1001;Identificação das despesas com manutenção e desenvolvimento do ensino
João Pessoa;201095;Prefeitura Municipal de João Pessoa;102025;2025;17215101;Cota-Parte do IPVA - Principal;Dedução do Fundeb;-2.704.105,56;500;Recursos não vinculados de Impostos;"Não ";Não Aplicável
João Pessoa;201095;Prefeitura Municipal de João Pessoa;102025;2025;17215101;Cota-Parte do IPVA - Principal;Lançamento de Receita;676.026,42;500;Recursos não vinculados de Impostos;1001;Identificação das despesas com manutenção e desenvolvimento do ensino
João Pessoa;201095;Prefeitura Municipal de João Pessoa;102025;2025;17215101;Cota-Parte do IPVA - Principal;Lançamento de Receita;10.816.422,1;500;Recursos não vinculados de Impostos;"Não ";Não Aplicável
João Pessoa;201095;Prefeitura Municipal de João Pessoa;102025;2025;17215101;Cota-Parte do IPVA - Principal;Lançamento de Receita;2.028.079,14;500;Recursos não vinculados de Impostos;1002;Identificação das despesas com ações e serviços públicos de saúde
João Pessoa;201095;Prefeitura Municipal de João Pessoa;092025;2025;17215101;Cota-Parte do IPVA - Principal;Lançamento de Receita;1.777.798,6;500;Recursos não vinculados de Impostos;1002;Identificação das despesas com ações e serviços públicos de saúde
João Pessoa;201095;Prefeitura Municipal de João Pessoa;092025;2025;17215101;Cota-Parte do IPVA - Principal;Lançamento de Receita;9.481.592,61;500;Recursos não vinculados de Impostos;"Não ";Não Aplicável
João Pessoa;201095;Prefeitura Municipal de João Pessoa;092025;2025;17215101;Cota-Parte do IPVA - Principal;Lançamento de Receita;592.599,52;500;Recursos não vinculados de Impostos;1001;Identificação das despesas com manutenção e desenvolvimento do ensino
João Pessoa;201095;Prefeitura Municipal de João Pessoa;092025;2025;17215101;Cota-Parte do IPVA - Principal;Dedução do Fundeb;-2.370.398,14;500;Recursos não vinculados de Impostos;"Não ";Não Aplicável
João Pessoa;201095;Prefeitura Municipal de João Pessoa;082025;2025;17215101;Cota-Parte do IPVA - Principal;Lançamento de Receita;1.999.687,46;500;Recursos não vinculados de Impostos;1002;Identificação das despesas com ações e serviços públicos de saúde
João Pessoa;201095;Prefeitura Municipal de João Pessoa;082025;2025;17215101;Cota-Parte do IPVA - Principal;Lançamento de Receita;666.562,51;500;Recursos não vinculados de Impostos;1001;Identificação das despesas com manutenção e desenvolvimento do ensino
João Pessoa;201095;Prefeitura Municipal de João Pessoa;082025;2025;17215101;Cota-Parte do IPVA - Principal;Dedução do Fundeb;-2.666.249,97;500;Recursos não vinculados de Impostos;"Não ";Não Aplicável
João Pessoa;201095;Prefeitura Municipal de João Pessoa;082025;2025;17215101;Cota-Parte do IPVA - Principal;Lançamento de Receita;10.664.999,73;500;Recursos não vinculados de Impostos;"Não ";Não Aplicável
João Pessoa;201095;Prefeitura Municipal de João Pessoa;072025;2025;17215101;Cota-Parte do IPVA - Principal;Lançamento de Receita;12.973.237,54;500;Recursos não vinculados de Impostos;"Não ";Não Aplicável
João Pessoa;201095;Prefeitura Municipal de João Pessoa;072025;2025;17215101;Cota-Parte do IPVA - Principal;Lançamento de Receita;2.432.482,07;500;Recursos não vinculados de Impostos;1002;Identificação das despesas com ações e serviços públicos de saúde
João Pessoa;201095;Prefeitura Municipal de João Pessoa;072025;2025;17215101;Cota-Parte do IPVA - Principal;Dedução do Fundeb;-3.243.309,42;500;Recursos não vinculados de Impostos;"Não ";Não Aplicável
João Pessoa;201095;Prefeitura Municipal de João Pessoa;072025;2025;17215101;Cota-Parte do IPVA - Principal;Lançamento de Receita;810.827,35;500;Recursos não vinculados de Impostos;1001;Identificação das despesas com manutenção e desenvolvimento do ensino
João Pessoa;201095;Prefeitura Municipal de João Pessoa;062025;2025;17215101;Cota-Parte do IPVA - Principal;Lançamento de Receita;747.648,87;500;Recursos não vinculados de Impostos;1001;Identificação das despesas com manutenção e desenvolvimento do ensino
João Pessoa;201095;Prefeitura Municipal de João Pessoa;062025;2025;17215101;Cota-Parte do IPVA - Principal;Lançamento de Receita;2.242.946,62;500;Recursos não vinculados de Impostos;1002;Identificação das despesas com ações e serviços públicos de saúde
João Pessoa;201095;Prefeitura Municipal de João Pessoa;062025;2025;17215101;Cota-Parte do IPVA - Principal;Dedução do Fundeb;-2.990.595,5;500;Recursos não vinculados de Impostos;"Não ";Não Aplicável
João Pessoa;201095;Prefeitura Municipal de João Pessoa;062025;2025;17215101;Cota-Parte do IPVA - Principal;Lançamento de Receita;11.962.381,91;500;Recursos não vinculados de Impostos;"Não ";Não Aplicável
João Pessoa;201095;Prefeitura Municipal de João Pessoa;052025;2025;17215101;Cota-Parte do IPVA - Principal;Dedução do Fundeb;-3.395.594,26;500;Recursos não vinculados de Impostos;"Não ";Não Aplicável
João Pessoa;201095;Prefeitura Municipal de João Pessoa;052025;2025;17215101;Cota-Parte do IPVA - Principal;Lançamento de Receita;14.138.626,35;500;Recursos não vinculados de Impostos;"Não ";Não Aplicável
João Pessoa;201095;Prefeitura Municipal de João Pessoa;052025;2025;17215101;Cota-Parte do IPVA - Principal;Dedução do Fundeb;-139.062,35;500;Recursos não vinculados de Impostos;1002;Identificação das despesas com ações e serviços públicos de saúde
João Pessoa;201095;Prefeitura Municipal de João Pessoa;052025;2025;17215101;Cota-Parte do IPVA - Principal;Lançamento de Receita;957.019,85;500;Recursos não vinculados de Impostos;1001;Identificação das despesas com manutenção e desenvolvimento do ensino
João Pessoa;201095;Prefeitura Municipal de João Pessoa;052025;2025;17215101;Cota-Parte do IPVA - Principal;Lançamento de Receita;2.577.636,77;500;Recursos não vinculados de Impostos;1002;Identificação das despesas com ações e serviços públicos de saúde
João Pessoa;201095;Prefeitura Municipal de João Pessoa;042025;2025;17215101;Cota-Parte do IPVA - Principal;Lançamento de Receita;13.333.777,56;500;Recursos não vinculados de Impostos;"Não ";Não Aplicável
João Pessoa;201095;Prefeitura Municipal de João Pessoa;042025;2025;17215101;Cota-Parte do IPVA - Principal;Dedução do Fundeb;-3.333.444,43;500;Recursos não vinculados de Impostos;"Não ";Não Aplicável
João Pessoa;201095;Prefeitura Municipal de João Pessoa;042025;2025;17215101;Cota-Parte do IPVA - Principal;Lançamento de Receita;2.500.083,32;500;Recursos não vinculados de Impostos;1002;Identificação das despesas com ações e serviços públicos de saúde
João Pessoa;201095;Prefeitura Municipal de João Pessoa;042025;2025;17215101;Cota-Parte do IPVA - Principal;Lançamento de Receita;833.361,12;500;Recursos não vinculados de Impostos;1001;Identificação das despesas com manutenção e desenvolvimento do ensino
João Pessoa;201095;Prefeitura Municipal de João Pessoa;032025;2025;17215101;Cota-Parte do IPVA - Principal;Lançamento de Receita;12.804.393,03;500;Recursos não vinculados de Impostos;"Não ";Não Aplicável
João Pessoa;201095;Prefeitura Municipal de João Pessoa;032025;2025;17215101;Cota-Parte do IPVA - Principal;Lançamento de Receita;800.274,56;500;Recursos não vinculados de Impostos;1001;Identificação das despesas com manutenção e desenvolvimento do ensino
João Pessoa;201095;Prefeitura Municipal de João Pessoa;032025;2025;17215101;Cota-Parte do IPVA - Principal;Lançamento de Receita;2.400.823,65;500;Recursos não vinculados de Impostos;1002;Identificação das despesas com ações e serviços públicos de saúde
João Pessoa;201095;Prefeitura Municipal de João Pessoa;032025;2025;17215101;Cota-Parte do IPVA - Principal;Dedução do Fundeb;-704.705,01;500;Recursos não vinculados de Impostos;1001;Identificação das despesas com manutenção e desenvolvimento do ensino
João Pessoa;201095;Prefeitura Municipal de João Pessoa;032025;2025;17215101;Cota-Parte do IPVA - Principal;Dedução do Fundeb;-2.496.393,24;500;Recursos não vinculados de Impostos;"Não ";Não Aplicável
João Pessoa;201095;Prefeitura Municipal de João Pessoa;022025;2025;17215101;Cota-Parte do IPVA - Principal;Lançamento de Receita;2.662.864,58;500;Recursos não vinculados de Impostos;1002;Identificação das despesas com ações e serviços públicos de saúde
João Pessoa;201095;Prefeitura Municipal de João Pessoa;022025;2025;17215101;Cota-Parte do IPVA - Principal;Dedução do Fundeb;-178.710,28;500;Recursos não vinculados de Impostos;1002;Identificação das despesas com ações e serviços públicos de saúde
João Pessoa;201095;Prefeitura Municipal de João Pessoa;022025;2025;17215101;Cota-Parte do IPVA - Principal;Dedução do Fundeb;-3.313.641,17;500;Recursos não vinculados de Impostos;"Não ";Não Aplicável
João Pessoa;201095;Prefeitura Municipal de João Pessoa;022025;2025;17215101;Cota-Parte do IPVA - Principal;Lançamento de Receita;829.486,87;500;Recursos não vinculados de Impostos;1001;Identificação das despesas com manutenção e desenvolvimento do ensino
João Pessoa;201095;Prefeitura Municipal de João Pessoa;022025;2025;17215101;Cota-Parte do IPVA - Principal;Lançamento de Receita;13.969.405,75;500;Recursos não vinculados de Impostos;"Não ";Não Aplicável
João Pessoa;201095;Prefeitura Municipal de João Pessoa;012025;2025;17215101;Cota-Parte do IPVA - Principal;Lançamento de Receita;2.415.763,88;500;Recursos não vinculados de Impostos;1002;Identificação das despesas com ações e serviços públicos de saúde
João Pessoa;201095;Prefeitura Municipal de João Pessoa;012025;2025;17215101;Cota-Parte do IPVA - Principal;Dedução do Fundeb;-3.221.018,56;500;Recursos não vinculados de Impostos;"Não ";Não Aplicável
João Pessoa;201095;Prefeitura Municipal de João Pessoa;012025;2025;17215101;Cota-Parte do IPVA - Principal;Lançamento de Receita;805.254,65;500;Recursos não vinculados de Impostos;1001;Identificação das despesas com manutenção e desenvolvimento do ensino
João Pessoa;201095;Prefeitura Municipal de João Pessoa;012025;2025;17215101;Cota-Parte do IPVA - Principal;Lançamento de Receita;12.884.074,19;500;Recursos não vinculados de Impostos;"Não ";Não Aplicável
João Pessoa;201095;Prefeitura Municipal de João Pessoa;122025;2025;17215001;Cota-Parte do ICMS - Principal;Lançamento de Receita;51.029.554,93;500;Recursos não vinculados de Impostos;"Não ";Não Aplicável
João Pessoa;201095;Prefeitura Municipal de João Pessoa;122025;2025;17215001;Cota-Parte do ICMS - Principal;Lançamento de Receita;8.084.041,2;500;Recursos não vinculados de Impostos;1001;Identificação das despesas com manutenção e desenvolvimento do ensino
João Pessoa;201095;Prefeitura Municipal de João Pessoa;122025;2025;17215001;Cota-Parte do ICMS - Principal;Dedução do Fundeb;-11.822.719,2;500;Recursos não vinculados de Impostos;"Não ";Não Aplicável
João Pessoa;201095;Prefeitura Municipal de João Pessoa;112025;2025;17215001;Cota-Parte do ICMS - Principal;Lançamento de Receita;6.195.533,29;500;Recursos não vinculados de Impostos;1001;Identificação das despesas com manutenção e desenvolvimento do ensino
João Pessoa;201095;Prefeitura Municipal de João Pessoa;112025;2025;17215001;Cota-Parte do ICMS - Principal;Dedução do Fundeb;-8.260.711,05;500;Recursos não vinculados de Impostos;"Não ";Não Aplicável
João Pessoa;201095;Prefeitura Municipal de João Pessoa;112025;2025;17215001;Cota-Parte do ICMS - Principal;Lançamento de Receita;35.108.022,03;500;Recursos não vinculados de Impostos;"Não ";Não Aplicável
João Pessoa;201095;Prefeitura Municipal de João Pessoa;102025;2025;17215001;Cota-Parte do ICMS - Principal;Lançamento de Receita;6.850.865,61;500;Recursos não vinculados de Impostos;1002;Identificação das despesas com ações e serviços públicos de saúde
João Pessoa;201095;Prefeitura Municipal de João Pessoa;102025;2025;17215001;Cota-Parte do ICMS - Principal;Lançamento de Receita;38.821.571,76;500;Recursos não vinculados de Impostos;"Não ";Não Aplicável
João Pessoa;201095;Prefeitura Municipal de João Pessoa;102025;2025;17215001;Cota-Parte do ICMS - Principal;Lançamento de Receita;0;500;Recursos não vinculados de Impostos;1001;Identificação das despesas com manutenção e desenvolvimento do ensino
João Pessoa;201095;Prefeitura Municipal de João Pessoa;102025;2025;17215001;Cota-Parte do ICMS - Principal;Dedução do Fundeb;-9.134.487,46;500;Recursos não vinculados de Impostos;"Não ";Não Aplicável
João Pessoa;201095;Prefeitura Municipal de João Pessoa;092025;2025;17215001;Cota-Parte do ICMS - Principal;Lançamento de Receita;42.503.640,14;500;Recursos não vinculados de Impostos;"Não ";Não Aplicável
João Pessoa;201095;Prefeitura Municipal de João Pessoa;092025;2025;17215001;Cota-Parte do ICMS - Principal;Lançamento de Receita;0;500;Recursos não vinculados de Impostos;1001;Identificação das despesas com manutenção e desenvolvimento do ensino
João Pessoa;201095;Prefeitura Municipal de João Pessoa;092025;2025;17215001;Cota-Parte do ICMS - Principal;Lançamento de Receita;7.500.642,39;500;Recursos não vinculados de Impostos;1002;Identificação das despesas com ações e serviços públicos de saúde
João Pessoa;201095;Prefeitura Municipal de João Pessoa;092025;2025;17215001;Cota-Parte do ICMS - Principal;Dedução do Fundeb;-10.000.856,49;500;Recursos não vinculados de Impostos;"Não ";Não Aplicável
João Pessoa;201095;Prefeitura Municipal de João Pessoa;082025;2025;17215001;Cota-Parte do ICMS - Principal;Dedução do Fundeb;-10.508.197,7;500;Recursos não vinculados de Impostos;"Não ";Não Aplicável
João Pessoa;201095;Prefeitura Municipal de João Pessoa;082025;2025;17215001;Cota-Parte do ICMS - Principal;Lançamento de Receita;7.881.148,29;500;Recursos não vinculados de Impostos;1002;Identificação das despesas com ações e serviços públicos de saúde
João Pessoa;201095;Prefeitura Municipal de João Pessoa;082025;2025;17215001;Cota-Parte do ICMS - Principal;Lançamento de Receita;44.659.840,29;500;Recursos não vinculados de Impostos;"Não ";Não Aplicável
João Pessoa;201095;Prefeitura Municipal de João Pessoa;072025;2025;17215001;Cota-Parte do ICMS - Principal;Dedução do Fundeb;-9.802.184,15;500;Recursos não vinculados de Impostos;"Não ";Não Aplicável
João Pessoa;201095;Prefeitura Municipal de João Pessoa;072025;2025;17215001;Cota-Parte do ICMS - Principal;Lançamento de Receita;41.659.282,76;500;Recursos não vinculados de Impostos;"Não ";Não Aplicável
João Pessoa;201095;Prefeitura Municipal de João Pessoa;072025;2025;17215001;Cota-Parte do ICMS - Principal;Lançamento de Receita;7.351.638,13;500;Recursos não vinculados de Impostos;1002;Identificação das despesas com ações e serviços públicos de saúde
João Pessoa;201095;Prefeitura Municipal de João Pessoa;062025;2025;17215001;Cota-Parte do ICMS - Principal;Lançamento de Receita;90.384,31;500;Recursos não vinculados de Impostos;1001;Identificação das despesas com manutenção e desenvolvimento do ensino
João Pessoa;201095;Prefeitura Municipal de João Pessoa;062025;2025;17215001;Cota-Parte do ICMS - Principal;Dedução do Fundeb;-8.754.801,76;500;Recursos não vinculados de Impostos;"Não ";Não Aplicável
João Pessoa;201095;Prefeitura Municipal de João Pessoa;062025;2025;17215001;Cota-Parte do ICMS - Principal;Lançamento de Receita;37.117.523,23;500;Recursos não vinculados de Impostos;"Não ";Não Aplicável
João Pessoa;201095;Prefeitura Municipal de João Pessoa;062025;2025;17215001;Cota-Parte do ICMS - Principal;Lançamento de Receita;6.566.101,33;500;Recursos não vinculados de Impostos;1002;Identificação das despesas com ações e serviços públicos de saúde
João Pessoa;201095;Prefeitura Municipal de João Pessoa;052025;2025;17215001;Cota-Parte do ICMS - Principal;Lançamento de Receita;2.158.391,97;500;Recursos não vinculados de Impostos;1001;Identificação das despesas com manutenção e desenvolvimento do ensino
João Pessoa;201095;Prefeitura Municipal de João Pessoa;052025;2025;17215001;Cota-Parte do ICMS - Principal;Lançamento de Receita;34.534.269,93;500;Recursos não vinculados de Impostos;"Não ";Não Aplicável
João Pessoa;201095;Prefeitura Municipal de João Pessoa;052025;2025;17215001;Cota-Parte do ICMS - Principal;Dedução do Fundeb;-8.633.567,48;500;Recursos não vinculados de Impostos;"Não ";Não Aplicável
João Pessoa;201095;Prefeitura Municipal de João Pessoa;052025;2025;17215001;Cota-Parte do ICMS - Principal;Lançamento de Receita;6.475.175,61;500;Recursos não vinculados de Impostos;1002;Identificação das despesas com ações e serviços públicos de saúde
João Pessoa;201095;Prefeitura Municipal de João Pessoa;042025;2025;17215001;Cota-Parte do ICMS - Principal;Lançamento de Receita;6.747.474,7;500;Recursos não vinculados de Impostos;1002;Identificação das despesas com ações e serviços públicos de saúde
João Pessoa;201095;Prefeitura Municipal de João Pessoa;042025;2025;17215001;Cota-Parte do ICMS - Principal;Lançamento de Receita;2.249.158,24;500;Recursos não vinculados de Impostos;1001;Identificação das despesas com manutenção e desenvolvimento do ensino
João Pessoa;201095;Prefeitura Municipal de João Pessoa;042025;2025;17215001;Cota-Parte do ICMS - Principal;Lançamento de Receita;35.986.531,77;500;Recursos não vinculados de Impostos;"Não ";Não Aplicável
João Pessoa;201095;Prefeitura Municipal de João Pessoa;042025;2025;17215001;Cota-Parte do ICMS - Principal;Dedução do Fundeb;-8.996.632,93;500;Recursos não vinculados de Impostos;"Não ";Não Aplicável
João Pessoa;201095;Prefeitura Municipal de João Pessoa;032025;2025;17215001;Cota-Parte do ICMS - Principal;Dedução do Fundeb;-8.837.034,24;500;Recursos não vinculados de Impostos;"Não ";Não Aplicável
João Pessoa;201095;Prefeitura Municipal de João Pessoa;032025;2025;17215001;Cota-Parte do ICMS - Principal;Lançamento de Receita;2.209.258,57;500;Recursos não vinculados de Impostos;1001;Identificação das despesas com manutenção e desenvolvimento do ensino
João Pessoa;201095;Prefeitura Municipal de João Pessoa;032025;2025;17215001;Cota-Parte do ICMS - Principal;Lançamento de Receita;35.348.137,04;500;Recursos não vinculados de Impostos;"Não ";Não Aplicável
João Pessoa;201095;Prefeitura Municipal de João Pessoa;032025;2025;17215001;Cota-Parte do ICMS - Principal;Lançamento de Receita;6.627.775,7;500;Recursos não vinculados de Impostos;1002;Identificação das despesas com ações e serviços públicos de saúde
João Pessoa;201095;Prefeitura Municipal de João Pessoa;022025;2025;17215001;Cota-Parte do ICMS - Principal;Lançamento de Receita;2.105.520,1;500;Recursos não vinculados de Impostos;1001;Identificação das despesas com manutenção e desenvolvimento do ensino
João Pessoa;201095;Prefeitura Municipal de João Pessoa;022025;2025;17215001;Cota-Parte do ICMS - Principal;Lançamento de Receita;6.316.560,29;500;Recursos não vinculados de Impostos;1002;Identificação das despesas com ações e serviços públicos de saúde
João Pessoa;201095;Prefeitura Municipal de João Pessoa;022025;2025;17215001;Cota-Parte do ICMS - Principal;Lançamento de Receita;33.688.321,53;500;Recursos não vinculados de Impostos;"Não ";Não Aplicável
João Pessoa;201095;Prefeitura Municipal de João Pessoa;022025;2025;17215001;Cota-Parte do ICMS - Principal;Dedução do Fundeb;-8.422.080,37;500;Recursos não vinculados de Impostos;"Não ";Não Aplicável
João Pessoa;201095;Prefeitura Municipal de João Pessoa;012025;2025;17215001;Cota-Parte do ICMS - Principal;Lançamento de Receita;38.467.370,49;500;Recursos não vinculados de Impostos;"Não ";Não Aplicável
João Pessoa;201095;Prefeitura Municipal de João Pessoa;012025;2025;17215001;Cota-Parte do ICMS - Principal;Lançamento de Receita;7.212.630,97;500;Recursos não vinculados de Impostos;1002;Identificação das despesas com ações e serviços públicos de saúde
João Pessoa;201095;Prefeitura Municipal de João Pessoa;012025;2025;17215001;Cota-Parte do ICMS - Principal;Lançamento de Receita;2.404.211,66;500;Recursos não vinculados de Impostos;1001;Identificação das despesas com manutenção e desenvolvimento do ensino
João Pessoa;201095;Prefeitura Municipal de João Pessoa;012025;2025;17215001;Cota-Parte do ICMS - Principal;Dedução do Fundeb;-9.616.842,62;500;Recursos não vinculados de Impostos;"Não ";Não Aplicável
João Pessoa;201095;Prefeitura Municipal de João Pessoa;122025;2025;17196001;Transferências da Política Nacional Aldir Blanc de Fomento à Cultura - Lei nº 14.399/2022 - Principal;Lançamento de Receita;6.311.860,47;719;Transferências da Política Nacional Aldir Blanc de Fomento à Cultura - Lei 14.399/2022;"Não ";Não Aplicável
João Pessoa;201095;Prefeitura Municipal de João Pessoa;122025;2025;17195801;Transferência Obrigatória Decorrente da Lei Complementar nº 176/2020 - Principal;Lançamento de Receita;26.471,24;500;Recursos não vinculados de Impostos;"Não ";Não Aplicável
João Pessoa;201095;Prefeitura Municipal de João Pessoa;112025;2025;17195801;Transferência Obrigatória Decorrente da Lei Complementar nº 176/2020 - Principal;Lançamento de Receita;26.471,24;500;Recursos não vinculados de Impostos;"Não ";Não Aplicável
João Pessoa;201095;Prefeitura Municipal de João Pessoa;102025;2025;17195801;Transferência Obrigatória Decorrente da Lei Complementar nº 176/2020 - Principal;Lançamento de Receita;26.471,24;500;Recursos não vinculados de Impostos;"Não ";Não Aplicável
João Pessoa;201095;Prefeitura Municipal de João Pessoa;092025;2025;17195801;Transferência Obrigatória Decorrente da Lei Complementar nº 176/2020 - Principal;Lançamento de Receita;26.471,24;500;Recursos não vinculados de Impostos;"Não ";Não Aplicável
João Pessoa;201095;Prefeitura Municipal de João Pessoa;082025;2025;17195801;Transferência Obrigatória Decorrente da Lei Complementar nº 176/2020 - Principal;Lançamento de Receita;26.471,24;500;Recursos não vinculados de Impostos;"Não ";Não Aplicável
João Pessoa;201095;Prefeitura Municipal de João Pessoa;072025;2025;17195801;Transferência Obrigatória Decorrente da Lei Complementar nº 176/2020 - Principal;Lançamento de Receita;26.471,24;500;Recursos não vinculados de Impostos;"Não ";Não Aplicável
João Pessoa;201095;Prefeitura Municipal de João Pessoa;062025;2025;17195801;Transferência Obrigatória Decorrente da Lei Complementar nº 176/2020 - Principal;Lançamento de Receita;26.471,24;500;Recursos não vinculados de Impostos;"Não ";Não Aplicável
João Pessoa;201095;Prefeitura Municipal de João Pessoa;052025;2025;17195801;Transferência Obrigatória Decorrente da Lei Complementar nº 176/2020 - Principal;Lançamento de Receita;26.471,24;500;Recursos não vinculados de Impostos;"Não ";Não Aplicável
João Pessoa;201095;Prefeitura Municipal de João Pessoa;042025;2025;17195801;Transferência Obrigatória Decorrente da Lei Complementar nº 176/2020 - Principal;Lançamento de Receita;26.471,24;500;Recursos não vinculados de Impostos;"Não ";Não Aplicável
João Pessoa;201095;Prefeitura Municipal de João Pessoa;032025;2025;17195801;Transferência Obrigatória Decorrente da Lei Complementar nº 176/2020 - Principal;Lançamento de Receita;26.471,24;500;Recursos não vinculados de Impostos;"Não ";Não Aplicável
João Pessoa;201095;Prefeitura Municipal de João Pessoa;022025;2025;17195801;Transferência Obrigatória Decorrente da Lei Complementar nº 176/2020 - Principal;Lançamento de Receita;26.471,24;500;Recursos não vinculados de Impostos;"Não ";Não Aplicável
João Pessoa;201095;Prefeitura Municipal de João Pessoa;012025;2025;17195801;Transferência Obrigatória Decorrente da Lei Complementar nº 176/2020 - Principal;Lançamento de Receita;26.471,24;500;Recursos não vinculados de Impostos;"Não ";Não Aplicável
João Pessoa;201095;Prefeitura Municipal de João Pessoa;122025;2025;17179901;Outras Transferências de Convênios da União e de Suas Entidades - Principal;Lançamento de Receita;5.322.707,42;700;Outras Transferências de Convênios ou Repasses da União;"Não ";Não Aplicável
João Pessoa;201095;Prefeitura Municipal de João Pessoa;102025;2025;17179901;Outras Transferências de Convênios da União e de Suas Entidades - Principal;Lançamento de Receita;500.000;700;Outras Transferências de Convênios ou Repasses da União;"Não ";Não Aplicável
João Pessoa;201095;Prefeitura Municipal de João Pessoa;092025;2025;17179901;Outras Transferências de Convênios da União e de Suas Entidades - Principal;Lançamento de Receita;6.717.763,23;700;Outras Transferências de Convênios ou Repasses da União;"Não ";Não Aplicável
João Pessoa;201095;Prefeitura Municipal de João Pessoa;092025;2025;17179901;Outras Transferências de Convênios da União e de Suas Entidades - Principal;Lançamento de Receita;1.339.654,8;700;Outras Transferências de Convênios ou Repasses da União;3120;Identificação das Transferências da União decorrentes de emendas parlamentares de bancada
João Pessoa;201095;Prefeitura Municipal de João Pessoa;082025;2025;17179901;Outras Transferências de Convênios da União e de Suas Entidades - Principal;Lançamento de Receita;1.000.000;700;Outras Transferências de Convênios ou Repasses da União;3120;Identificação das Transferências da União decorrentes de emendas parlamentares de bancada
João Pessoa;201095;Prefeitura Municipal de João Pessoa;072025;2025;17179901;Outras Transferências de Convênios da União e de Suas Entidades - Principal;Lançamento de Receita;5.531.891,94;700;Outras Transferências de Convênios ou Repasses da União;"Não ";Não Aplicável
João Pessoa;201095;Prefeitura Municipal de João Pessoa;062025;2025;17179901;Outras Transferências de Convênios da União e de Suas Entidades - Principal;Lançamento de Receita;17.239.367,4;700;Outras Transferências de Convênios ou Repasses da União;"Não ";Não Aplicável
João Pessoa;201095;Prefeitura Municipal de João Pessoa;052025;2025;17179901;Outras Transferências de Convênios da União e de Suas Entidades - Principal;Lançamento de Receita;3.010.921,2;700;Outras Transferências de Convênios ou Repasses da União;"Não ";Não Aplicável
João Pessoa;201095;Prefeitura Municipal de João Pessoa;042025;2025;17179901;Outras Transferências de Convênios da União e de Suas Entidades - Principal;Lançamento de Receita;1.293.164,81;700;Outras Transferências de Convênios ou Repasses da União;"Não ";Não Aplicável
João Pessoa;201095;Prefeitura Municipal de João Pessoa;012025;2025;17179901;Outras Transferências de Convênios da União e de Suas Entidades - Principal;Lançamento de Receita;15.000;700;Outras Transferências de Convênios ou Repasses da União;"Não ";Não Aplicável
João Pessoa;201095;Prefeitura Municipal de João Pessoa;122025;2025;17155301;Transferências de Recursos do Fundeb destinados à criação de matrículas em ETI - Principal;Lançamento de Receita;1.826.562,14;546;Transferências do FUNDEB - complementação da União - Educação Tempo Integral;"Não ";Não Aplicável
João Pessoa;201095;Prefeitura Municipal de João Pessoa;112025;2025;17155301;Transferências de Recursos do Fundeb destinados à criação de matrículas em ETI - Principal;Lançamento de Receita;1.826.562,13;546;Transferências do FUNDEB - complementação da União - Educação Tempo Integral;"Não ";Não Aplicável
João Pessoa;201095;Prefeitura Municipal de João Pessoa;102025;2025;17155301;Transferências de Recursos do Fundeb destinados à criação de matrículas em ETI - Principal;Lançamento de Receita;3.653.124,26;546;Transferências do FUNDEB - complementação da União - Educação Tempo Integral;"Não ";Não Aplicável
João Pessoa;201095;Prefeitura Municipal de João Pessoa;042025;2025;17155201;Transferências de Recursos de Complementação da União ao Fundeb – VAAR - Principal;Lançamento de Receita;285.027,57;543;Transferências do FUNDEB - Complementação da União - VAAR;"Não ";Não Aplicável
João Pessoa;201095;Prefeitura Municipal de João Pessoa;012025;2025;17155201;Transferências de Recursos de Complementação da União ao Fundeb – VAAR - Principal;Lançamento de Receita;2.685.902,66;543;Transferências do FUNDEB - Complementação da União - VAAR;"Não ";Não Aplicável
João Pessoa;201095;Prefeitura Municipal de João Pessoa;122025;2025;17155101;Transferências de Recursos de Complementação da União ao Fundeb – VAAF - Principal;Lançamento de Receita;493.203,6;541;Transferências do FUNDEB - Complementação da União - VAAF;"Não ";Não Aplicável
João Pessoa;201095;Prefeitura Municipal de João Pessoa;122025;2025;17155101;Transferências de Recursos de Complementação da União ao Fundeb – VAAF - Principal;Lançamento de Receita;1.972.814,38;541;Transferências do FUNDEB - Complementação da União - VAAF;1070;Identificação do percentual aplicado no pagamento da remuneração dos profissionais da educação básica em efetivo exercício
João Pessoa;201095;Prefeitura Municipal de João Pessoa;112025;2025;17155101;Transferências de Recursos de Complementação da União ao Fundeb – VAAF - Principal;Lançamento de Receita;1.974.546,04;541;Transferências do FUNDEB - Complementação da União - VAAF;1070;Identificação do percentual aplicado no pagamento da remuneração dos profissionais da educação básica em efetivo exercício
João Pessoa;201095;Prefeitura Municipal de João Pessoa;112025;2025;17155101;Transferências de Recursos de Complementação da União ao Fundeb – VAAF - Principal;Lançamento de Receita;493.636,51;541;Transferências do FUNDEB - Complementação da União - VAAF;"Não ";Não Aplicável
João Pessoa;201095;Prefeitura Municipal de João Pessoa;102025;2025;17155101;Transferências de Recursos de Complementação da União ao Fundeb – VAAF - Principal;Lançamento de Receita;1.974.604,6;541;Transferências do FUNDEB - Complementação da União - VAAF;1070;Identificação do percentual aplicado no pagamento da remuneração dos profissionais da educação básica em efetivo exercício
João Pessoa;201095;Prefeitura Municipal de João Pessoa;102025;2025;17155101;Transferências de Recursos de Complementação da União ao Fundeb – VAAF - Principal;Lançamento de Receita;493.651,15;541;Transferências do FUNDEB - Complementação da União - VAAF;"Não ";Não Aplicável
João Pessoa;201095;Prefeitura Municipal de João Pessoa;092025;2025;17155101;Transferências de Recursos de Complementação da União ao Fundeb – VAAF - Principal;Lançamento de Receita;2.053.544,39;541;Transferências do FUNDEB - Complementação da União - VAAF;1070;Identificação do percentual aplicado no pagamento da remuneração dos profissionais da educação básica em efetivo exercício
João Pessoa;201095;Prefeitura Municipal de João Pessoa;092025;2025;17155101;Transferências de Recursos de Complementação da União ao Fundeb – VAAF - Principal;Lançamento de Receita;513.386,1;541;Transferências do FUNDEB - Complementação da União - VAAF;"Não ";Não Aplicável
João Pessoa;201095;Prefeitura Municipal de João Pessoa;082025;2025;17155101;Transferências de Recursos de Complementação da União ao Fundeb – VAAF - Principal;Lançamento de Receita;730.838,53;541;Transferências do FUNDEB - Complementação da União - VAAF;"Não ";Não Aplicável
João Pessoa;201095;Prefeitura Municipal de João Pessoa;082025;2025;17155101;Transferências de Recursos de Complementação da União ao Fundeb – VAAF - Principal;Lançamento de Receita;2.923.354,14;541;Transferências do FUNDEB - Complementação da União - VAAF;1070;Identificação do percentual aplicado no pagamento da remuneração dos profissionais da educação básica em efetivo exercício
João Pessoa;201095;Prefeitura Municipal de João Pessoa;072025;2025;17155101;Transferências de Recursos de Complementação da União ao Fundeb – VAAF - Principal;Lançamento de Receita;712.985,87;541;Transferências do FUNDEB - Complementação da União - VAAF;"Não ";Não Aplicável
João Pessoa;201095;Prefeitura Municipal de João Pessoa;072025;2025;17155101;Transferências de Recursos de Complementação da União ao Fundeb – VAAF - Principal;Lançamento de Receita;2.851.943,49;541;Transferências do FUNDEB - Complementação da União - VAAF;1070;Identificação do percentual aplicado no pagamento da remuneração dos profissionais da educação básica em efetivo exercício
João Pessoa;201095;Prefeitura Municipal de João Pessoa;062025;2025;17155101;Transferências de Recursos de Complementação da União ao Fundeb – VAAF - Principal;Lançamento de Receita;712.985,87;541;Transferências do FUNDEB - Complementação da União - VAAF;"Não ";Não Aplicável
João Pessoa;201095;Prefeitura Municipal de João Pessoa;062025;2025;17155101;Transferências de Recursos de Complementação da União ao Fundeb – VAAF - Principal;Lançamento de Receita;2.851.943,49;541;Transferências do FUNDEB - Complementação da União - VAAF;1070;Identificação do percentual aplicado no pagamento da remuneração dos profissionais da educação básica em efetivo exercício
João Pessoa;201095;Prefeitura Municipal de João Pessoa;052025;2025;17155101;Transferências de Recursos de Complementação da União ao Fundeb – VAAF - Principal;Lançamento de Receita;2.669.233,85;541;Transferências do FUNDEB - Complementação da União - VAAF;1070;Identificação do percentual aplicado no pagamento da remuneração dos profissionais da educação básica em efetivo exercício
João Pessoa;201095;Prefeitura Municipal de João Pessoa;052025;2025;17155101;Transferências de Recursos de Complementação da União ao Fundeb – VAAF - Principal;Lançamento de Receita;667.308,46;541;Transferências do FUNDEB - Complementação da União - VAAF;"Não ";Não Aplicável
João Pessoa;201095;Prefeitura Municipal de João Pessoa;042025;2025;17155101;Transferências de Recursos de Complementação da União ao Fundeb – VAAF - Principal;Lançamento de Receita;3.246.779,46;541;Transferências do FUNDEB - Complementação da União - VAAF;1070;Identificação do percentual aplicado no pagamento da remuneração dos profissionais da educação básica em efetivo exercício
João Pessoa;201095;Prefeitura Municipal de João Pessoa;042025;2025;17155101;Transferências de Recursos de Complementação da União ao Fundeb – VAAF - Principal;Lançamento de Receita;811.694,87;541;Transferências do FUNDEB - Complementação da União - VAAF;"Não ";Não Aplicável
João Pessoa;201095;Prefeitura Municipal de João Pessoa;032025;2025;17155101;Transferências de Recursos de Complementação da União ao Fundeb – VAAF - Principal;Lançamento de Receita;555.572,67;541;Transferências do FUNDEB - Complementação da União - VAAF;"Não ";Não Aplicável
João Pessoa;201095;Prefeitura Municipal de João Pessoa;032025;2025;17155101;Transferências de Recursos de Complementação da União ao Fundeb – VAAF - Principal;Lançamento de Receita;2.222.290,68;541;Transferências do FUNDEB - Complementação da União - VAAF;1070;Identificação do percentual aplicado no pagamento da remuneração dos profissionais da educação básica em efetivo exercício
João Pessoa;201095;Prefeitura Municipal de João Pessoa;022025;2025;17155101;Transferências de Recursos de Complementação da União ao Fundeb – VAAF - Principal;Lançamento de Receita;509.274,95;541;Transferências do FUNDEB - Complementação da União - VAAF;"Não ";Não Aplicável
João Pessoa;201095;Prefeitura Municipal de João Pessoa;022025;2025;17155101;Transferências de Recursos de Complementação da União ao Fundeb – VAAF - Principal;Lançamento de Receita;2.037.099,79;541;Transferências do FUNDEB - Complementação da União - VAAF;1070;Identificação do percentual aplicado no pagamento da remuneração dos profissionais da educação básica em efetivo exercício
João Pessoa;201095;Prefeitura Municipal de João Pessoa;012025;2025;17155101;Transferências de Recursos de Complementação da União ao Fundeb – VAAF - Principal;Lançamento de Receita;8.488.949,18;541;Transferências do FUNDEB - Complementação da União - VAAF;1070;Identificação do percentual aplicado no pagamento da remuneração dos profissionais da educação básica em efetivo exercício
João Pessoa;201095;Prefeitura Municipal de João Pessoa;012025;2025;17155101;Transferências de Recursos de Complementação da União ao Fundeb – VAAF - Principal;Lançamento de Receita;2.122.237,29;541;Transferências do FUNDEB - Complementação da União - VAAF;"Não ";Não Aplicável
João Pessoa;201095;Prefeitura Municipal de João Pessoa;122025;2025;17149901;Outras Transferências Diretas do Fundo Nacional do Desenvolvimento da Educação - FNDE - Principal;Lançamento de Receita;29.800;569;Outras Transferências de Recursos do FNDE;"Não ";Não Aplicável
João Pessoa;201095;Prefeitura Municipal de João Pessoa;102025;2025;17149901;Outras Transferências Diretas do Fundo Nacional do Desenvolvimento da Educação - FNDE - Principal;Lançamento de Receita;952.993,87;569;Outras Transferências de Recursos do FNDE;"Não ";Não Aplicável
João Pessoa;201095;Prefeitura Municipal de João Pessoa;092025;2025;17145301;Transferências referentes ao Programa Nacional de Apoio ao Transporte do Escolar – PNATE - Principal;Lançamento de Receita;19.855,88;553;"Transferências de Recursos do FNDE Referentes ao Programa Nacional de Apoio ao Transporte Escolar (PNATE) ";"Não ";Não Aplicável
João Pessoa;201095;Prefeitura Municipal de João Pessoa;032025;2025;17145301;Transferências referentes ao Programa Nacional de Apoio ao Transporte do Escolar – PNATE - Principal;Lançamento de Receita;19.855,87;553;"Transferências de Recursos do FNDE Referentes ao Programa Nacional de Apoio ao Transporte Escolar (PNATE) ";"Não ";Não Aplicável
João Pessoa;201095;Prefeitura Municipal de João Pessoa;122025;2025;17145201;Transferências referentes ao Programa Nacional de Alimentação Escolar – PNAE - Principal;Lançamento de Receita;326.950,5;552;Transferências de Recursos do FNDE Referentes ao Programa Nacional de Alimentação Escolar (PNAE);"Não ";Não Aplicável
João Pessoa;201095;Prefeitura Municipal de João Pessoa;092025;2025;17145201;Transferências referentes ao Programa Nacional de Alimentação Escolar – PNAE - Principal;Lançamento de Receita;4.163.366,25;552;Transferências de Recursos do FNDE Referentes ao Programa Nacional de Alimentação Escolar (PNAE);"Não ";Não Aplicável
João Pessoa;201095;Prefeitura Municipal de João Pessoa;052025;2025;17145201;Transferências referentes ao Programa Nacional de Alimentação Escolar – PNAE - Principal;Lançamento de Receita;1.496.772,25;552;Transferências de Recursos do FNDE Referentes ao Programa Nacional de Alimentação Escolar (PNAE);"Não ";Não Aplicável
João Pessoa;201095;Prefeitura Municipal de João Pessoa;042025;2025;17145201;Transferências referentes ao Programa Nacional de Alimentação Escolar – PNAE - Principal;Lançamento de Receita;1.496.772,25;552;Transferências de Recursos do FNDE Referentes ao Programa Nacional de Alimentação Escolar (PNAE);"Não ";Não Aplicável
João Pessoa;201095;Prefeitura Municipal de João Pessoa;032025;2025;17145201;Transferências referentes ao Programa Nacional de Alimentação Escolar – PNAE - Principal;Lançamento de Receita;1.496.772,25;552;Transferências de Recursos do FNDE Referentes ao Programa Nacional de Alimentação Escolar (PNAE);"Não ";Não Aplicável
João Pessoa;201095;Prefeitura Municipal de João Pessoa;022025;2025;17145201;Transferências referentes ao Programa Nacional de Alimentação Escolar – PNAE - Principal;Lançamento de Receita;1.496.772,25;552;Transferências de Recursos do FNDE Referentes ao Programa Nacional de Alimentação Escolar (PNAE);"Não ";Não Aplicável
João Pessoa;201095;Prefeitura Municipal de João Pessoa;122025;2025;17145001;Transferências do Salário-Educação - Principal;Lançamento de Receita;3.418.044,72;550;Transferência do Salário-Educação;"Não ";Não Aplicável
João Pessoa;201095;Prefeitura Municipal de João Pessoa;112025;2025;17145001;Transferências do Salário-Educação - Principal;Lançamento de Receita;3.452.852,32;550;Transferência do Salário-Educação;"Não ";Não Aplicável
João Pessoa;201095;Prefeitura Municipal de João Pessoa;102025;2025;17145001;Transferências do Salário-Educação - Principal;Lançamento de Receita;3.642.326,11;550;Transferência do Salário-Educação;"Não ";Não Aplicável
João Pessoa;201095;Prefeitura Municipal de João Pessoa;092025;2025;17145001;Transferências do Salário-Educação - Principal;Lançamento de Receita;3.304.111,36;550;Transferência do Salário-Educação;"Não ";Não Aplicável
João Pessoa;201095;Prefeitura Municipal de João Pessoa;082025;2025;17145001;Transferências do Salário-Educação - Principal;Lançamento de Receita;3.325.413,42;550;Transferência do Salário-Educação;"Não ";Não Aplicável
João Pessoa;201095;Prefeitura Municipal de João Pessoa;072025;2025;17145001;Transferências do Salário-Educação - Principal;Lançamento de Receita;7.159.149,76;550;Transferência do Salário-Educação;"Não ";Não Aplicável
João Pessoa;201095;Prefeitura Municipal de João Pessoa;052025;2025;17145001;Transferências do Salário-Educação - Principal;Lançamento de Receita;3.416.024,15;550;Transferência do Salário-Educação;"Não ";Não Aplicável
João Pessoa;201095;Prefeitura Municipal de João Pessoa;042025;2025;17145001;Transferências do Salário-Educação - Principal;Lançamento de Receita;3.424.052,12;550;Transferência do Salário-Educação;"Não ";Não Aplicável
João Pessoa;201095;Prefeitura Municipal de João Pessoa;032025;2025;17145001;Transferências do Salário-Educação - Principal;Lançamento de Receita;3.456.801,98;550;Transferência do Salário-Educação;"Não ";Não Aplicável
João Pessoa;201095;Prefeitura Municipal de João Pessoa;022025;2025;17145001;Transferências do Salário-Educação - Principal;Lançamento de Receita;3.463.425,24;550;Transferência do Salário-Educação;"Não ";Não Aplicável
João Pessoa;201095;Prefeitura Municipal de João Pessoa;012025;2025;17145001;Transferências do Salário-Educação - Principal;Lançamento de Receita;5.556.601,97;550;Transferência do Salário-Educação;"Não ";Não Aplicável
João Pessoa;201095;Prefeitura Municipal de João Pessoa;032025;2025;17115601;Repasse da União para Foros, Laudêmios e Tarifas de Ocupação;Lançamento de Receita;2.789.476,63;501;Outros Recursos não Vinculados;"Não ";Não Aplicável
João Pessoa;201095;Prefeitura Municipal de João Pessoa;122025;2025;17115201;Cota-Parte do Imposto Sobre a Propriedade Territorial Rural - Principal;Lançamento de Receita;905,14;500;Recursos não vinculados de Impostos;"Não ";Não Aplicável
João Pessoa;201095;Prefeitura Municipal de João Pessoa;122025;2025;17115201;Cota-Parte do Imposto Sobre a Propriedade Territorial Rural - Principal;Dedução do Fundeb;-219,96;500;Recursos não vinculados de Impostos;"Não ";Não Aplicável
João Pessoa;201095;Prefeitura Municipal de João Pessoa;122025;2025;17115201;Cota-Parte do Imposto Sobre a Propriedade Territorial Rural - Principal;Lançamento de Receita;194,76;500;Recursos não vinculados de Impostos;1001;Identificação das despesas com manutenção e desenvolvimento do ensino
João Pessoa;201095;Prefeitura Municipal de João Pessoa;112025;2025;17115201;Cota-Parte do Imposto Sobre a Propriedade Territorial Rural - Principal;Lançamento de Receita;3.368,3;500;Recursos não vinculados de Impostos;1001;Identificação das despesas com manutenção e desenvolvimento do ensino
João Pessoa;201095;Prefeitura Municipal de João Pessoa;112025;2025;17115201;Cota-Parte do Imposto Sobre a Propriedade Territorial Rural - Principal;Dedução do Fundeb;-3.368,3;500;Recursos não vinculados de Impostos;"Não ";Não Aplicável
João Pessoa;201095;Prefeitura Municipal de João Pessoa;112025;2025;17115201;Cota-Parte do Imposto Sobre a Propriedade Territorial Rural - Principal;Lançamento de Receita;13.473,23;500;Recursos não vinculados de Impostos;"Não ";Não Aplicável
João Pessoa;201095;Prefeitura Municipal de João Pessoa;102025;2025;17115201;Cota-Parte do Imposto Sobre a Propriedade Territorial Rural - Principal;Lançamento de Receita;5.330,33;500;Recursos não vinculados de Impostos;1002;Identificação das despesas com ações e serviços públicos de saúde
João Pessoa;201095;Prefeitura Municipal de João Pessoa;102025;2025;17115201;Cota-Parte do Imposto Sobre a Propriedade Territorial Rural - Principal;Lançamento de Receita;1.776,77;500;Recursos não vinculados de Impostos;1001;Identificação das despesas com manutenção e desenvolvimento do ensino
João Pessoa;201095;Prefeitura Municipal de João Pessoa;102025;2025;17115201;Cota-Parte do Imposto Sobre a Propriedade Territorial Rural - Principal;Dedução do Fundeb;-7.107,09;500;Recursos não vinculados de Impostos;"Não ";Não Aplicável
João Pessoa;201095;Prefeitura Municipal de João Pessoa;102025;2025;17115201;Cota-Parte do Imposto Sobre a Propriedade Territorial Rural - Principal;Lançamento de Receita;28.428,4;500;Recursos não vinculados de Impostos;"Não ";Não Aplicável
João Pessoa;201095;Prefeitura Municipal de João Pessoa;092025;2025;17115201;Cota-Parte do Imposto Sobre a Propriedade Territorial Rural - Principal;Dedução do Fundeb;-116,98;500;Recursos não vinculados de Impostos;"Não ";Não Aplicável
João Pessoa;201095;Prefeitura Municipal de João Pessoa;092025;2025;17115201;Cota-Parte do Imposto Sobre a Propriedade Territorial Rural - Principal;Lançamento de Receita;87,75;500;Recursos não vinculados de Impostos;1002;Identificação das despesas com ações e serviços públicos de saúde
João Pessoa;201095;Prefeitura Municipal de João Pessoa;092025;2025;17115201;Cota-Parte do Imposto Sobre a Propriedade Territorial Rural - Principal;Lançamento de Receita;29,24;500;Recursos não vinculados de Impostos;1001;Identificação das despesas com manutenção e desenvolvimento do ensino
João Pessoa;201095;Prefeitura Municipal de João Pessoa;092025;2025;17115201;Cota-Parte do Imposto Sobre a Propriedade Territorial Rural - Principal;Lançamento de Receita;467,93;500;Recursos não vinculados de Impostos;"Não ";Não Aplicável
João Pessoa;201095;Prefeitura Municipal de João Pessoa;082025;2025;17115201;Cota-Parte do Imposto Sobre a Propriedade Territorial Rural - Principal;Dedução do Fundeb;-5.625,29;500;Recursos não vinculados de Impostos;"Não ";Não Aplicável
João Pessoa;201095;Prefeitura Municipal de João Pessoa;082025;2025;17115201;Cota-Parte do Imposto Sobre a Propriedade Territorial Rural - Principal;Lançamento de Receita;4.218,98;500;Recursos não vinculados de Impostos;1002;Identificação das despesas com ações e serviços públicos de saúde
João Pessoa;201095;Prefeitura Municipal de João Pessoa;082025;2025;17115201;Cota-Parte do Imposto Sobre a Propriedade Territorial Rural - Principal;Lançamento de Receita;22.501,19;500;Recursos não vinculados de Impostos;"Não ";Não Aplicável
João Pessoa;201095;Prefeitura Municipal de João Pessoa;082025;2025;17115201;Cota-Parte do Imposto Sobre a Propriedade Territorial Rural - Principal;Lançamento de Receita;1.406,32;500;Recursos não vinculados de Impostos;1001;Identificação das despesas com manutenção e desenvolvimento do ensino
João Pessoa;201095;Prefeitura Municipal de João Pessoa;072025;2025;17115201;Cota-Parte do Imposto Sobre a Propriedade Territorial Rural - Principal;Lançamento de Receita;1,11;500;Recursos não vinculados de Impostos;1001;Identificação das despesas com manutenção e desenvolvimento do ensino
João Pessoa;201095;Prefeitura Municipal de João Pessoa;072025;2025;17115201;Cota-Parte do Imposto Sobre a Propriedade Territorial Rural - Principal;Dedução do Fundeb;-4,41;500;Recursos não vinculados de Impostos;"Não ";Não Aplicável
João Pessoa;201095;Prefeitura Municipal de João Pessoa;072025;2025;17115201;Cota-Parte do Imposto Sobre a Propriedade Territorial Rural - Principal;Lançamento de Receita;3,32;500;Recursos não vinculados de Impostos;1002;Identificação das despesas com ações e serviços públicos de saúde
João Pessoa;201095;Prefeitura Municipal de João Pessoa;072025;2025;17115201;Cota-Parte do Imposto Sobre a Propriedade Territorial Rural - Principal;Lançamento de Receita;17,62;500;Recursos não vinculados de Impostos;"Não ";Não Aplicável
João Pessoa;201095;Prefeitura Municipal de João Pessoa;062025;2025;17115201;Cota-Parte do Imposto Sobre a Propriedade Territorial Rural - Principal;Lançamento de Receita;6.050,81;500;Recursos não vinculados de Impostos;"Não ";Não Aplicável
João Pessoa;201095;Prefeitura Municipal de João Pessoa;062025;2025;17115201;Cota-Parte do Imposto Sobre a Propriedade Territorial Rural - Principal;Lançamento de Receita;378,17;500;Recursos não vinculados de Impostos;1001;Identificação das despesas com manutenção e desenvolvimento do ensino
João Pessoa;201095;Prefeitura Municipal de João Pessoa;062025;2025;17115201;Cota-Parte do Imposto Sobre a Propriedade Territorial Rural - Principal;Dedução do Fundeb;-1.512,7;500;Recursos não vinculados de Impostos;"Não ";Não Aplicável
João Pessoa;201095;Prefeitura Municipal de João Pessoa;062025;2025;17115201;Cota-Parte do Imposto Sobre a Propriedade Territorial Rural - Principal;Lançamento de Receita;1.134,53;500;Recursos não vinculados de Impostos;1002;Identificação das despesas com ações e serviços públicos de saúde
João Pessoa;201095;Prefeitura Municipal de João Pessoa;052025;2025;17115201;Cota-Parte do Imposto Sobre a Propriedade Territorial Rural - Principal;Lançamento de Receita;10,75;500;Recursos não vinculados de Impostos;1001;Identificação das despesas com manutenção e desenvolvimento do ensino
João Pessoa;201095;Prefeitura Municipal de João Pessoa;052025;2025;17115201;Cota-Parte do Imposto Sobre a Propriedade Territorial Rural - Principal;Lançamento de Receita;172,05;500;Recursos não vinculados de Impostos;"Não ";Não Aplicável
João Pessoa;201095;Prefeitura Municipal de João Pessoa;052025;2025;17115201;Cota-Parte do Imposto Sobre a Propriedade Territorial Rural - Principal;Dedução do Fundeb;-43,01;500;Recursos não vinculados de Impostos;"Não ";Não Aplicável
João Pessoa;201095;Prefeitura Municipal de João Pessoa;052025;2025;17115201;Cota-Parte do Imposto Sobre a Propriedade Territorial Rural - Principal;Lançamento de Receita;32,26;500;Recursos não vinculados de Impostos;1002;Identificação das despesas com ações e serviços públicos de saúde
João Pessoa;201095;Prefeitura Municipal de João Pessoa;042025;2025;17115201;Cota-Parte do Imposto Sobre a Propriedade Territorial Rural - Principal;Lançamento de Receita;4,43;500;Recursos não vinculados de Impostos;1002;Identificação das despesas com ações e serviços públicos de saúde
João Pessoa;201095;Prefeitura Municipal de João Pessoa;042025;2025;17115201;Cota-Parte do Imposto Sobre a Propriedade Territorial Rural - Principal;Dedução do Fundeb;-5,9;500;Recursos não vinculados de Impostos;"Não ";Não Aplicável
João Pessoa;201095;Prefeitura Municipal de João Pessoa;042025;2025;17115201;Cota-Parte do Imposto Sobre a Propriedade Territorial Rural - Principal;Lançamento de Receita;23,63;500;Recursos não vinculados de Impostos;"Não ";Não Aplicável
João Pessoa;201095;Prefeitura Municipal de João Pessoa;042025;2025;17115201;Cota-Parte do Imposto Sobre a Propriedade Territorial Rural - Principal;Lançamento de Receita;1,48;500;Recursos não vinculados de Impostos;1001;Identificação das despesas com manutenção e desenvolvimento do ensino
João Pessoa;201095;Prefeitura Municipal de João Pessoa;032025;2025;17115201;Cota-Parte do Imposto Sobre a Propriedade Territorial Rural - Principal;Lançamento de Receita;834,57;500;Recursos não vinculados de Impostos;1002;Identificação das despesas com ações e serviços públicos de saúde
João Pessoa;201095;Prefeitura Municipal de João Pessoa;032025;2025;17115201;Cota-Parte do Imposto Sobre a Propriedade Territorial Rural - Principal;Lançamento de Receita;278,2;500;Recursos não vinculados de Impostos;1001;Identificação das despesas com manutenção e desenvolvimento do ensino
João Pessoa;201095;Prefeitura Municipal de João Pessoa;032025;2025;17115201;Cota-Parte do Imposto Sobre a Propriedade Territorial Rural - Principal;Lançamento de Receita;4.451,11;500;Recursos não vinculados de Impostos;"Não ";Não Aplicável
João Pessoa;201095;Prefeitura Municipal de João Pessoa;032025;2025;17115201;Cota-Parte do Imposto Sobre a Propriedade Territorial Rural - Principal;Dedução do Fundeb;-1.112,77;500;Recursos não vinculados de Impostos;"Não ";Não Aplicável
João Pessoa;201095;Prefeitura Municipal de João Pessoa;022025;2025;17115201;Cota-Parte do Imposto Sobre a Propriedade Territorial Rural - Principal;Lançamento de Receita;1.821,88;500;Recursos não vinculados de Impostos;1001;Identificação das despesas com manutenção e desenvolvimento do ensino
João Pessoa;201095;Prefeitura Municipal de João Pessoa;022025;2025;17115201;Cota-Parte do Imposto Sobre a Propriedade Territorial Rural - Principal;Lançamento de Receita;5.465,6;500;Recursos não vinculados de Impostos;1002;Identificação das despesas com ações e serviços públicos de saúde
João Pessoa;201095;Prefeitura Municipal de João Pessoa;022025;2025;17115201;Cota-Parte do Imposto Sobre a Propriedade Territorial Rural - Principal;Lançamento de Receita;29.149,93;500;Recursos não vinculados de Impostos;"Não ";Não Aplicável
João Pessoa;201095;Prefeitura Municipal de João Pessoa;022025;2025;17115201;Cota-Parte do Imposto Sobre a Propriedade Territorial Rural - Principal;Dedução do Fundeb;-7.287,47;500;Recursos não vinculados de Impostos;"Não ";Não Aplicável
João Pessoa;201095;Prefeitura Municipal de João Pessoa;012025;2025;17115201;Cota-Parte do Imposto Sobre a Propriedade Territorial Rural - Principal;Dedução do Fundeb;0;500;Recursos não vinculados de Impostos;1001;Identificação das despesas com manutenção e desenvolvimento do ensino
João Pessoa;201095;Prefeitura Municipal de João Pessoa;012025;2025;17115201;Cota-Parte do Imposto Sobre a Propriedade Territorial Rural - Principal;Lançamento de Receita;702,14;500;Recursos não vinculados de Impostos;1002;Identificação das despesas com ações e serviços públicos de saúde
João Pessoa;201095;Prefeitura Municipal de João Pessoa;012025;2025;17115201;Cota-Parte do Imposto Sobre a Propriedade Territorial Rural - Principal;Lançamento de Receita;234,05;500;Recursos não vinculados de Impostos;1001;Identificação das despesas com manutenção e desenvolvimento do ensino
João Pessoa;201095;Prefeitura Municipal de João Pessoa;012025;2025;17115201;Cota-Parte do Imposto Sobre a Propriedade Territorial Rural - Principal;Dedução do Fundeb;-936,19;500;Recursos não vinculados de Impostos;"Não ";Não Aplicável
João Pessoa;201095;Prefeitura Municipal de João Pessoa;012025;2025;17115201;Cota-Parte do Imposto Sobre a Propriedade Territorial Rural - Principal;Lançamento de Receita;3.744,77;500;Recursos não vinculados de Impostos;"Não ";Não Aplicável
João Pessoa;201095;Prefeitura Municipal de João Pessoa;122025;2025;17115121;Cota-Parte do Fundo de Participação dos Municípios - Cotas Extraordinárias - Principal;Lançamento de Receita;32.655.046,81;500;Recursos não vinculados de Impostos;"Não ";Não Aplicável
João Pessoa;201095;Prefeitura Municipal de João Pessoa;122025;2025;17115121;Cota-Parte do Fundo de Participação dos Municípios - Cotas Extraordinárias - Principal;Lançamento de Receita;8.163.761,7;500;Recursos não vinculados de Impostos;1001;Identificação das despesas com manutenção e desenvolvimento do ensino
João Pessoa;201095;Prefeitura Municipal de João Pessoa;092025;2025;17115121;Cota-Parte do Fundo de Participação dos Municípios - Cotas Extraordinárias - Principal;Lançamento de Receita;3.148.119,57;500;Recursos não vinculados de Impostos;1002;Identificação das despesas com ações e serviços públicos de saúde
João Pessoa;201095;Prefeitura Municipal de João Pessoa;092025;2025;17115121;Cota-Parte do Fundo de Participação dos Municípios - Cotas Extraordinárias - Principal;Lançamento de Receita;30.667.929,75;500;Recursos não vinculados de Impostos;"Não ";Não Aplicável
João Pessoa;201095;Prefeitura Municipal de João Pessoa;072025;2025;17115121;Cota-Parte do Fundo de Participação dos Municípios - Cotas Extraordinárias - Principal;Lançamento de Receita;5.931.387,01;500;Recursos não vinculados de Impostos;1002;Identificação das despesas com ações e serviços públicos de saúde
João Pessoa;201095;Prefeitura Municipal de João Pessoa;072025;2025;17115121;Cota-Parte do Fundo de Participação dos Municípios - Cotas Extraordinárias - Principal;Lançamento de Receita;33.611.193,09;500;Recursos não vinculados de Impostos;"Não ";Não Aplicável
João Pessoa;201095;Prefeitura Municipal de João Pessoa;122025;2025;17115111;Cota-Parte do Fundo de Participação dos Municípios - Cota Mensal - Principal;Dedução do Fundeb;-19.131.317,15;500;Recursos não vinculados de Impostos;"Não ";Não Aplicável
João Pessoa;201095;Prefeitura Municipal de João Pessoa;122025;2025;17115111;Cota-Parte do Fundo de Participação dos Municípios - Cota Mensal - Principal;Lançamento de Receita;81.270.341,75;500;Recursos não vinculados de Impostos;"Não ";Não Aplicável
João Pessoa;201095;Prefeitura Municipal de João Pessoa;122025;2025;17115111;Cota-Parte do Fundo de Participação dos Municípios - Cota Mensal - Principal;Lançamento de Receita;14.386.244,12;500;Recursos não vinculados de Impostos;1001;Identificação das despesas com manutenção e desenvolvimento do ensino
João Pessoa;201095;Prefeitura Municipal de João Pessoa;112025;2025;17115111;Cota-Parte do Fundo de Participação dos Municípios - Cota Mensal - Principal;Lançamento de Receita;16.949.542,29;500;Recursos não vinculados de Impostos;1001;Identificação das despesas com manutenção e desenvolvimento do ensino
João Pessoa;201095;Prefeitura Municipal de João Pessoa;112025;2025;17115111;Cota-Parte do Fundo de Participação dos Municípios - Cota Mensal - Principal;Lançamento de Receita;67.798.169,16;500;Recursos não vinculados de Impostos;"Não ";Não Aplicável
João Pessoa;201095;Prefeitura Municipal de João Pessoa;112025;2025;17115111;Cota-Parte do Fundo de Participação dos Municípios - Cota Mensal - Principal;Dedução do Fundeb;-16.949.542,26;500;Recursos não vinculados de Impostos;"Não ";Não Aplicável
João Pessoa;201095;Prefeitura Municipal de João Pessoa;102025;2025;17115111;Cota-Parte do Fundo de Participação dos Municípios - Cota Mensal - Principal;Lançamento de Receita;9.351.714,26;500;Recursos não vinculados de Impostos;1002;Identificação das despesas com ações e serviços públicos de saúde
João Pessoa;201095;Prefeitura Municipal de João Pessoa;102025;2025;17115111;Cota-Parte do Fundo de Participação dos Municípios - Cota Mensal - Principal;Lançamento de Receita;52.993.047,46;500;Recursos não vinculados de Impostos;"Não ";Não Aplicável
João Pessoa;201095;Prefeitura Municipal de João Pessoa;102025;2025;17115111;Cota-Parte do Fundo de Participação dos Municípios - Cota Mensal - Principal;Dedução do Fundeb;-12.468.952,32;500;Recursos não vinculados de Impostos;"Não ";Não Aplicável
João Pessoa;201095;Prefeitura Municipal de João Pessoa;092025;2025;17115111;Cota-Parte do Fundo de Participação dos Municípios - Cota Mensal - Principal;Lançamento de Receita;50.272.047,53;500;Recursos não vinculados de Impostos;"Não ";Não Aplicável
João Pessoa;201095;Prefeitura Municipal de João Pessoa;092025;2025;17115111;Cota-Parte do Fundo de Participação dos Municípios - Cota Mensal - Principal;Dedução do Fundeb;-11.828.717,04;500;Recursos não vinculados de Impostos;"Não ";Não Aplicável
João Pessoa;201095;Prefeitura Municipal de João Pessoa;092025;2025;17115111;Cota-Parte do Fundo de Participação dos Municípios - Cota Mensal - Principal;Lançamento de Receita;8.871.537,81;500;Recursos não vinculados de Impostos;1002;Identificação das despesas com ações e serviços públicos de saúde
João Pessoa;201095;Prefeitura Municipal de João Pessoa;082025;2025;17115111;Cota-Parte do Fundo de Participação dos Municípios - Cota Mensal - Principal;Dedução do Fundeb;-14.650.395,02;500;Recursos não vinculados de Impostos;"Não ";Não Aplicável
João Pessoa;201095;Prefeitura Municipal de João Pessoa;082025;2025;17115111;Cota-Parte do Fundo de Participação dos Municípios - Cota Mensal - Principal;Lançamento de Receita;0;500;Recursos não vinculados de Impostos;1001;Identificação das despesas com manutenção e desenvolvimento do ensino
João Pessoa;201095;Prefeitura Municipal de João Pessoa;082025;2025;17115111;Cota-Parte do Fundo de Participação dos Municípios - Cota Mensal - Principal;Lançamento de Receita;10.987.796,28;500;Recursos não vinculados de Impostos;1002;Identificação das despesas com ações e serviços públicos de saúde
João Pessoa;201095;Prefeitura Municipal de João Pessoa;082025;2025;17115111;Cota-Parte do Fundo de Participação dos Municípios - Cota Mensal - Principal;Lançamento de Receita;62.264.178,94;500;Recursos não vinculados de Impostos;"Não ";Não Aplicável
João Pessoa;201095;Prefeitura Municipal de João Pessoa;072025;2025;17115111;Cota-Parte do Fundo de Participação dos Municípios - Cota Mensal - Principal;Lançamento de Receita;8.328.193,46;500;Recursos não vinculados de Impostos;1002;Identificação das despesas com ações e serviços públicos de saúde
João Pessoa;201095;Prefeitura Municipal de João Pessoa;072025;2025;17115111;Cota-Parte do Fundo de Participação dos Municípios - Cota Mensal - Principal;Lançamento de Receita;47.193.096,32;500;Recursos não vinculados de Impostos;"Não ";Não Aplicável
João Pessoa;201095;Prefeitura Municipal de João Pessoa;072025;2025;17115111;Cota-Parte do Fundo de Participação dos Municípios - Cota Mensal - Principal;Dedução do Fundeb;-11.104.257,93;500;Recursos não vinculados de Impostos;"Não ";Não Aplicável
João Pessoa;201095;Prefeitura Municipal de João Pessoa;062025;2025;17115111;Cota-Parte do Fundo de Participação dos Municípios - Cota Mensal - Principal;Lançamento de Receita;76.878.669,74;500;Recursos não vinculados de Impostos;"Não ";Não Aplicável
João Pessoa;201095;Prefeitura Municipal de João Pessoa;062025;2025;17115111;Cota-Parte do Fundo de Participação dos Municípios - Cota Mensal - Principal;Dedução do Fundeb;-18.089.098,74;500;Recursos não vinculados de Impostos;"Não ";Não Aplicável
João Pessoa;201095;Prefeitura Municipal de João Pessoa;062025;2025;17115111;Cota-Parte do Fundo de Participação dos Municípios - Cota Mensal - Principal;Lançamento de Receita;13.566.824,07;500;Recursos não vinculados de Impostos;1002;Identificação das despesas com ações e serviços públicos de saúde
João Pessoa;201095;Prefeitura Municipal de João Pessoa;052025;2025;17115111;Cota-Parte do Fundo de Participação dos Municípios - Cota Mensal - Principal;Dedução do Fundeb;-17.611.177,29;500;Recursos não vinculados de Impostos;"Não ";Não Aplicável
João Pessoa;201095;Prefeitura Municipal de João Pessoa;052025;2025;17115111;Cota-Parte do Fundo de Participação dos Municípios - Cota Mensal - Principal;Lançamento de Receita;4.402.794,33;500;Recursos não vinculados de Impostos;1001;Identificação das despesas com manutenção e desenvolvimento do ensino
João Pessoa;201095;Prefeitura Municipal de João Pessoa;052025;2025;17115111;Cota-Parte do Fundo de Participação dos Municípios - Cota Mensal - Principal;Lançamento de Receita;13.208.382,98;500;Recursos não vinculados de Impostos;1002;Identificação das despesas com ações e serviços públicos de saúde
João Pessoa;201095;Prefeitura Municipal de João Pessoa;052025;2025;17115111;Cota-Parte do Fundo de Participação dos Municípios - Cota Mensal - Principal;Lançamento de Receita;70.444.709,22;500;Recursos não vinculados de Impostos;"Não ";Não Aplicável
João Pessoa;201095;Prefeitura Municipal de João Pessoa;042025;2025;17115111;Cota-Parte do Fundo de Participação dos Municípios - Cota Mensal - Principal;Lançamento de Receita;55.222.955,17;500;Recursos não vinculados de Impostos;"Não ";Não Aplicável
João Pessoa;201095;Prefeitura Municipal de João Pessoa;042025;2025;17115111;Cota-Parte do Fundo de Participação dos Municípios - Cota Mensal - Principal;Dedução do Fundeb;-13.805.738,77;500;Recursos não vinculados de Impostos;"Não ";Não Aplicável
João Pessoa;201095;Prefeitura Municipal de João Pessoa;042025;2025;17115111;Cota-Parte do Fundo de Participação dos Municípios - Cota Mensal - Principal;Lançamento de Receita;3.451.434,69;500;Recursos não vinculados de Impostos;1001;Identificação das despesas com manutenção e desenvolvimento do ensino
João Pessoa;201095;Prefeitura Municipal de João Pessoa;042025;2025;17115111;Cota-Parte do Fundo de Participação dos Municípios - Cota Mensal - Principal;Lançamento de Receita;10.354.304,1;500;Recursos não vinculados de Impostos;1002;Identificação das despesas com ações e serviços públicos de saúde
João Pessoa;201095;Prefeitura Municipal de João Pessoa;032025;2025;17115111;Cota-Parte do Fundo de Participação dos Municípios - Cota Mensal - Principal;Lançamento de Receita;10.189.532,84;500;Recursos não vinculados de Impostos;1002;Identificação das despesas com ações e serviços públicos de saúde
João Pessoa;201095;Prefeitura Municipal de João Pessoa;032025;2025;17115111;Cota-Parte do Fundo de Participação dos Municípios - Cota Mensal - Principal;Lançamento de Receita;3.396.510,95;500;Recursos não vinculados de Impostos;1001;Identificação das despesas com manutenção e desenvolvimento do ensino
João Pessoa;201095;Prefeitura Municipal de João Pessoa;032025;2025;17115111;Cota-Parte do Fundo de Participação dos Municípios - Cota Mensal - Principal;Lançamento de Receita;54.344.175,13;500;Recursos não vinculados de Impostos;"Não ";Não Aplicável
João Pessoa;201095;Prefeitura Municipal de João Pessoa;032025;2025;17115111;Cota-Parte do Fundo de Participação dos Municípios - Cota Mensal - Principal;Dedução do Fundeb;-13.586.043,76;500;Recursos não vinculados de Impostos;"Não ";Não Aplicável
João Pessoa;201095;Prefeitura Municipal de João Pessoa;022025;2025;17115111;Cota-Parte do Fundo de Participação dos Municípios - Cota Mensal - Principal;Lançamento de Receita;5.157.590,99;500;Recursos não vinculados de Impostos;1001;Identificação das despesas com manutenção e desenvolvimento do ensino
João Pessoa;201095;Prefeitura Municipal de João Pessoa;022025;2025;17115111;Cota-Parte do Fundo de Participação dos Municípios - Cota Mensal - Principal;Lançamento de Receita;82.521.455,89;500;Recursos não vinculados de Impostos;"Não ";Não Aplicável
João Pessoa;201095;Prefeitura Municipal de João Pessoa;022025;2025;17115111;Cota-Parte do Fundo de Participação dos Municípios - Cota Mensal - Principal;Lançamento de Receita;15.472.772,98;500;Recursos não vinculados de Impostos;1002;Identificação das despesas com ações e serviços públicos de saúde
João Pessoa;201095;Prefeitura Municipal de João Pessoa;022025;2025;17115111;Cota-Parte do Fundo de Participação dos Municípios - Cota Mensal - Principal;Dedução do Fundeb;-20.630.363,95;500;Recursos não vinculados de Impostos;"Não ";Não Aplicável
João Pessoa;201095;Prefeitura Municipal de João Pessoa;012025;2025;17115111;Cota-Parte do Fundo de Participação dos Municípios - Cota Mensal - Principal;Lançamento de Receita;11.530.629,24;500;Recursos não vinculados de Impostos;1002;Identificação das despesas com ações e serviços públicos de saúde
João Pessoa;201095;Prefeitura Municipal de João Pessoa;012025;2025;17115111;Cota-Parte do Fundo de Participação dos Municípios - Cota Mensal - Principal;Lançamento de Receita;61.496.689,22;500;Recursos não vinculados de Impostos;"Não ";Não Aplicável
João Pessoa;201095;Prefeitura Municipal de João Pessoa;012025;2025;17115111;Cota-Parte do Fundo de Participação dos Municípios - Cota Mensal - Principal;Dedução do Fundeb;-15.374.172,29;500;Recursos não vinculados de Impostos;"Não ";Não Aplicável
João Pessoa;201095;Prefeitura Municipal de João Pessoa;012025;2025;17115111;Cota-Parte do Fundo de Participação dos Municípios - Cota Mensal - Principal;Lançamento de Receita;3.843.543,07;500;Recursos não vinculados de Impostos;1001;Identificação das despesas com manutenção e desenvolvimento do ensino
João Pessoa;201095;Prefeitura Municipal de João Pessoa;122025;2025;13399901;Outras Delegações de Serviços Públicos - Principal;Lançamento de Receita;-5.574.111,12;759;Recursos vinculados a fundos;"Não ";Não Aplicável
João Pessoa;201095;Prefeitura Municipal de João Pessoa;122025;2025;13399901;Outras Delegações de Serviços Públicos - Principal;Lançamento de Receita;8.461.316,66;501;Outros Recursos não Vinculados;"Não ";Não Aplicável
João Pessoa;201095;Prefeitura Municipal de João Pessoa;102025;2025;13399901;Outras Delegações de Serviços Públicos - Principal;Lançamento de Receita;10.476.152,77;759;Recursos vinculados a fundos;"Não ";Não Aplicável
João Pessoa;201095;Prefeitura Municipal de João Pessoa;102025;2025;13399901;Outras Delegações de Serviços Públicos - Principal;Lançamento de Receita;10.476.152,77;501;Outros Recursos não Vinculados;"Não ";Não Aplicável
João Pessoa;201095;Prefeitura Municipal de João Pessoa;092025;2025;13399901;Outras Delegações de Serviços Públicos - Principal;Lançamento de Receita;1.704.968,38;759;Recursos vinculados a fundos;"Não ";Não Aplicável
João Pessoa;201095;Prefeitura Municipal de João Pessoa;092025;2025;13399901;Outras Delegações de Serviços Públicos - Principal;Lançamento de Receita;991.506,58;501;Outros Recursos não Vinculados;"Não ";Não Aplicável
João Pessoa;201095;Prefeitura Municipal de João Pessoa;072025;2025;13399901;Outras Delegações de Serviços Públicos - Principal;Lançamento de Receita;623.917,85;759;Recursos vinculados a fundos;"Não ";Não Aplicável
João Pessoa;201095;Prefeitura Municipal de João Pessoa;072025;2025;13399901;Outras Delegações de Serviços Públicos - Principal;Lançamento de Receita;267.393,36;501;Outros Recursos não Vinculados;"Não ";Não Aplicável
João Pessoa;201095;Prefeitura Municipal de João Pessoa;062025;2025;13399901;Outras Delegações de Serviços Públicos - Principal;Lançamento de Receita;6.273.353,69;501;Outros Recursos não Vinculados;"Não ";Não Aplicável
João Pessoa;201095;Prefeitura Municipal de João Pessoa;062025;2025;13399901;Outras Delegações de Serviços Públicos - Principal;Lançamento de Receita;14.637.825,27;759;Recursos vinculados a fundos;"Não ";Não Aplicável
João Pessoa;201095;Prefeitura Municipal de João Pessoa;052025;2025;13399901;Outras Delegações de Serviços Públicos - Principal;Lançamento de Receita;601.834,39;759;Recursos vinculados a fundos;"Não ";Não Aplicável
João Pessoa;201095;Prefeitura Municipal de João Pessoa;052025;2025;13399901;Outras Delegações de Serviços Públicos - Principal;Lançamento de Receita;257.929,02;501;Outros Recursos não Vinculados;"Não ";Não Aplicável
João Pessoa;201095;Prefeitura Municipal de João Pessoa;042025;2025;13399901;Outras Delegações de Serviços Públicos - Principal;Lançamento de Receita;264.272,22;501;Outros Recursos não Vinculados;"Não ";Não Aplicável
João Pessoa;201095;Prefeitura Municipal de João Pessoa;042025;2025;13399901;Outras Delegações de Serviços Públicos - Principal;Lançamento de Receita;616.635,19;759;Recursos vinculados a fundos;"Não ";Não Aplicável
João Pessoa;201095;Prefeitura Municipal de João Pessoa;032025;2025;13399901;Outras Delegações de Serviços Públicos - Principal;Lançamento de Receita;617.951,2;759;Recursos vinculados a fundos;"Não ";Não Aplicável
João Pessoa;201095;Prefeitura Municipal de João Pessoa;032025;2025;13399901;Outras Delegações de Serviços Públicos - Principal;Lançamento de Receita;264.836,23;501;Outros Recursos não Vinculados;"Não ";Não Aplicável
João Pessoa;201095;Prefeitura Municipal de João Pessoa;022025;2025;13399901;Outras Delegações de Serviços Públicos - Principal;Lançamento de Receita;625.712,23;759;Recursos vinculados a fundos;"Não ";Não Aplicável
João Pessoa;201095;Prefeitura Municipal de João Pessoa;022025;2025;13399901;Outras Delegações de Serviços Públicos - Principal;Lançamento de Receita;268.162,39;501;Outros Recursos não Vinculados;"Não ";Não Aplicável
João Pessoa;201095;Prefeitura Municipal de João Pessoa;012025;2025;13399901;Outras Delegações de Serviços Públicos - Principal;Lançamento de Receita;631.007,41;759;Recursos vinculados a fundos;"Não ";Não Aplicável
João Pessoa;201095;Prefeitura Municipal de João Pessoa;012025;2025;13399901;Outras Delegações de Serviços Públicos - Principal;Lançamento de Receita;270.431,74;501;Outros Recursos não Vinculados;"Não ";Não Aplicável
João Pessoa;201095;Prefeitura Municipal de João Pessoa;122025;2025;13220101;Dividendos - Principal;Lançamento de Receita;173.005,16;500;Recursos não vinculados de Impostos;"Não ";Não Aplicável
João Pessoa;201095;Prefeitura Municipal de João Pessoa;092025;2025;13220101;Dividendos - Principal;Lançamento de Receita;246.743;500;Recursos não vinculados de Impostos;"Não ";Não Aplicável
João Pessoa;201095;Prefeitura Municipal de João Pessoa;032025;2025;13220101;Dividendos - Principal;Lançamento de Receita;468.811,7;500;Recursos não vinculados de Impostos;"Não ";Não Aplicável
João Pessoa;201095;Prefeitura Municipal de João Pessoa;122025;2025;13210101;Remuneração de Depósitos Bancários - Principal;Lançamento de Receita;-89.963,15;706;"Transferência Especial da União ";3120;Identificação das Transferências da União decorrentes de emendas parlamentares de bancada
João Pessoa;201095;Prefeitura Municipal de João Pessoa;122025;2025;13210101;Remuneração de Depósitos Bancários - Principal;Lançamento de Receita;760,47;553;"Transferências de Recursos do FNDE Referentes ao Programa Nacional de Apoio ao Transporte Escolar (PNATE) ";"Não ";Não Aplicável
João Pessoa;201095;Prefeitura Municipal de João Pessoa;122025;2025;13210101;Remuneração de Depósitos Bancários - Principal;Lançamento de Receita;1.216.556,86;550;Transferência do Salário-Educação;"Não ";Não Aplicável
João Pessoa;201095;Prefeitura Municipal de João Pessoa;122025;2025;13210101;Remuneração de Depósitos Bancários - Principal;Lançamento de Receita;5.838,77;755;Recursos de Alienação de Bens/Ativos - Administração Direta;"Não ";Não Aplicável
João Pessoa;201095;Prefeitura Municipal de João Pessoa;122025;2025;13210101;Remuneração de Depósitos Bancários - Principal;Lançamento de Receita;1.725,86;715;Transferências Destinadas ao Setor Cultural - LC nº 195/2022 - Art. 5º - Audiovisual;"Não ";Não Aplicável
João Pessoa;201095;Prefeitura Municipal de João Pessoa;122025;2025;13210101;Remuneração de Depósitos Bancários - Principal;Lançamento de Receita;8.010,23;700;Outras Transferências de Convênios ou Repasses da União;3110;Identificação das Transferências da União decorrentes de emendas parlamentares individuais
João Pessoa;201095;Prefeitura Municipal de João Pessoa;122025;2025;13210101;Remuneração de Depósitos Bancários - Principal;Lançamento de Receita;1.332,53;749;Outras vinculações de transferências;"Não ";Não Aplicável
João Pessoa;201095;Prefeitura Municipal de João Pessoa;122025;2025;13210101;Remuneração de Depósitos Bancários - Principal;Lançamento de Receita;1.295.144,18;500;Recursos não vinculados de Impostos;1001;Identificação das despesas com manutenção e desenvolvimento do ensino
João Pessoa;201095;Prefeitura Municipal de João Pessoa;122025;2025;13210101;Remuneração de Depósitos Bancários - Principal;Lançamento de Receita;37.294,52;552;Transferências de Recursos do FNDE Referentes ao Programa Nacional de Alimentação Escolar (PNAE);"Não ";Não Aplicável
João Pessoa;201095;Prefeitura Municipal de João Pessoa;122025;2025;13210101;Remuneração de Depósitos Bancários - Principal;Lançamento de Receita;177.226,29;569;Outras Transferências de Recursos do FNDE;"Não ";Não Aplicável
João Pessoa;201095;Prefeitura Municipal de João Pessoa;122025;2025;13210101;Remuneração de Depósitos Bancários - Principal;Lançamento de Receita;128.430,32;546;Transferências do FUNDEB - complementação da União - Educação Tempo Integral;"Não ";Não Aplicável
João Pessoa;201095;Prefeitura Municipal de João Pessoa;122025;2025;13210101;Remuneração de Depósitos Bancários - Principal;Lançamento de Receita;1.972.121,78;754;"Recursos de Operações de Crédito ";"Não ";Não Aplicável
João Pessoa;201095;Prefeitura Municipal de João Pessoa;122025;2025;13210101;Remuneração de Depósitos Bancários - Principal;Lançamento de Receita;41.268,88;710;Transferência Especial dos Estados;3210;Identificação das Transferências dos Estados decorrentes de emendas parlamentares individuais
João Pessoa;201095;Prefeitura Municipal de João Pessoa;122025;2025;13210101;Remuneração de Depósitos Bancários - Principal;Lançamento de Receita;2.601.769,64;500;Recursos não vinculados de Impostos;"Não ";Não Aplicável
João Pessoa;201095;Prefeitura Municipal de João Pessoa;122025;2025;13210101;Remuneração de Depósitos Bancários - Principal;Lançamento de Receita;306.213,53;700;Outras Transferências de Convênios ou Repasses da União;3120;Identificação das Transferências da União decorrentes de emendas parlamentares de bancada
João Pessoa;201095;Prefeitura Municipal de João Pessoa;122025;2025;13210101;Remuneração de Depósitos Bancários - Principal;Lançamento de Receita;7.304,65;750;Recursos da Contribuição de Intervenção no Domínio Econômico - CIDE;"Não ";Não Aplicável
João Pessoa;201095;Prefeitura Municipal de João Pessoa;122025;2025;13210101;Remuneração de Depósitos Bancários - Principal;Lançamento de Receita;2.889.232,46;540;Transferências do FUNDEB - Impostos e Transferências de Impostos;1070;Identificação do percentual aplicado no pagamento da remuneração dos profissionais da educação básica em efetivo exercício
João Pessoa;201095;Prefeitura Municipal de João Pessoa;122025;2025;13210101;Remuneração de Depósitos Bancários - Principal;Lançamento de Receita;3.165,41;701;Outras Transferências de Convênios ou Repasses dos Estados;"Não ";Não Aplicável
João Pessoa;201095;Prefeitura Municipal de João Pessoa;122025;2025;13210101;Remuneração de Depósitos Bancários - Principal;Lançamento de Receita;44.808,21;703;Outras Transferências de Convênios ou Contratos de Repasse de outras Entidades;"Não ";Não Aplicável
João Pessoa;201095;Prefeitura Municipal de João Pessoa;122025;2025;13210101;Remuneração de Depósitos Bancários - Principal;Lançamento de Receita;215.988,98;501;Outros Recursos não Vinculados;"Não ";Não Aplicável
João Pessoa;201095;Prefeitura Municipal de João Pessoa;122025;2025;13210101;Remuneração de Depósitos Bancários - Principal;Lançamento de Receita;1,47;551;Transferências de Recursos do FNDE Referentes ao Programa Dinheiro Direto na Escola (PDDE);"Não ";Não Aplicável
João Pessoa;201095;Prefeitura Municipal de João Pessoa;122025;2025;13210101;Remuneração de Depósitos Bancários - Principal;Lançamento de Receita;591.883,61;700;Outras Transferências de Convênios ou Repasses da União;"Não ";Não Aplicável
João Pessoa;201095;Prefeitura Municipal de João Pessoa;122025;2025;13210101;Remuneração de Depósitos Bancários - Principal;Lançamento de Receita;826,33;500;Recursos não vinculados de Impostos;1002;Identificação das despesas com ações e serviços públicos de saúde
João Pessoa;201095;Prefeitura Municipal de João Pessoa;122025;2025;13210101;Remuneração de Depósitos Bancários - Principal;Lançamento de Receita;18.372,3;706;"Transferência Especial da União ";3110;Identificação das Transferências da União decorrentes de emendas parlamentares individuais
João Pessoa;201095;Prefeitura Municipal de João Pessoa;122025;2025;13210101;Remuneração de Depósitos Bancários - Principal;Lançamento de Receita;32.064,03;704;Transferência da União Referente a Royalties do Petróleo e Gás Natural;"Não ";Não Aplicável
João Pessoa;201095;Prefeitura Municipal de João Pessoa;122025;2025;13210101;Remuneração de Depósitos Bancários - Principal;Lançamento de Receita;11.377,36;799;Outras vinculações legais;"Não ";Não Aplicável
João Pessoa;201095;Prefeitura Municipal de João Pessoa;122025;2025;13210101;Remuneração de Depósitos Bancários - Principal;Lançamento de Receita;29.444,52;708;Transferência da União Referente à Compensação Financeira de Recursos Minerais;"Não ";Não Aplicável
João Pessoa;201095;Prefeitura Municipal de João Pessoa;122025;2025;13210101;Remuneração de Depósitos Bancários - Principal;Lançamento de Receita;398.632,87;759;Recursos vinculados a fundos;"Não ";Não Aplicável
João Pessoa;201095;Prefeitura Municipal de João Pessoa;122025;2025;13210101;Remuneração de Depósitos Bancários - Principal;Lançamento de Receita;835.914,4;751;Recursos da Contribuição para o Custeio do Serviço de Iluminação Pública - COSIP;"Não ";Não Aplicável
João Pessoa;201095;Prefeitura Municipal de João Pessoa;122025;2025;13210101;Remuneração de Depósitos Bancários - Principal;Lançamento de Receita;12.734,84;571;Transferências do Estado referentes a Convênios e outros Repasses vinculados à Educação;"Não ";Não Aplicável
João Pessoa;201095;Prefeitura Municipal de João Pessoa;122025;2025;13210101;Remuneração de Depósitos Bancários - Principal;Lançamento de Receita;1.565,56;716;Transferências Destinadas ao Setor cultural - LC nº 195/2022 - Art. 8º - Demais Setores da Cultura;"Não ";Não Aplicável
João Pessoa;201095;Prefeitura Municipal de João Pessoa;122025;2025;13210101;Remuneração de Depósitos Bancários - Principal;Lançamento de Receita;8.558,58;719;Transferências da Política Nacional Aldir Blanc de Fomento à Cultura - Lei 14.399/2022;"Não ";Não Aplicável
João Pessoa;201095;Prefeitura Municipal de João Pessoa;112025;2025;13210101;Remuneração de Depósitos Bancários - Principal;Lançamento de Receita;8.246,82;500;Recursos não vinculados de Impostos;1002;Identificação das despesas com ações e serviços públicos de saúde
João Pessoa;201095;Prefeitura Municipal de João Pessoa;112025;2025;13210101;Remuneração de Depósitos Bancários - Principal;Lançamento de Receita;26.130,78;704;Transferência da União Referente a Royalties do Petróleo e Gás Natural;"Não ";Não Aplicável
João Pessoa;201095;Prefeitura Municipal de João Pessoa;112025;2025;13210101;Remuneração de Depósitos Bancários - Principal;Lançamento de Receita;1.825,03;715;Transferências Destinadas ao Setor Cultural - LC nº 195/2022 - Art. 5º - Audiovisual;"Não ";Não Aplicável
João Pessoa;201095;Prefeitura Municipal de João Pessoa;112025;2025;13210101;Remuneração de Depósitos Bancários - Principal;Lançamento de Receita;1.025.585,01;550;Transferência do Salário-Educação;"Não ";Não Aplicável
João Pessoa;201095;Prefeitura Municipal de João Pessoa;112025;2025;13210101;Remuneração de Depósitos Bancários - Principal;Lançamento de Receita;646.011,12;751;Recursos da Contribuição para o Custeio do Serviço de Iluminação Pública - COSIP;"Não ";Não Aplicável
João Pessoa;201095;Prefeitura Municipal de João Pessoa;112025;2025;13210101;Remuneração de Depósitos Bancários - Principal;Lançamento de Receita;4.360,86;755;Recursos de Alienação de Bens/Ativos - Administração Direta;"Não ";Não Aplicável
João Pessoa;201095;Prefeitura Municipal de João Pessoa;112025;2025;13210101;Remuneração de Depósitos Bancários - Principal;Lançamento de Receita;2.693,61;701;Outras Transferências de Convênios ou Repasses dos Estados;"Não ";Não Aplicável
João Pessoa;201095;Prefeitura Municipal de João Pessoa;112025;2025;13210101;Remuneração de Depósitos Bancários - Principal;Lançamento de Receita;152.439,1;569;Outras Transferências de Recursos do FNDE;"Não ";Não Aplicável
João Pessoa;201095;Prefeitura Municipal de João Pessoa;112025;2025;13210101;Remuneração de Depósitos Bancários - Principal;Lançamento de Receita;11.219,52;571;Transferências do Estado referentes a Convênios e outros Repasses vinculados à Educação;"Não ";Não Aplicável
João Pessoa;201095;Prefeitura Municipal de João Pessoa;112025;2025;13210101;Remuneração de Depósitos Bancários - Principal;Lançamento de Receita;37.902,81;552;Transferências de Recursos do FNDE Referentes ao Programa Nacional de Alimentação Escolar (PNAE);"Não ";Não Aplicável
João Pessoa;201095;Prefeitura Municipal de João Pessoa;112025;2025;13210101;Remuneração de Depósitos Bancários - Principal;Lançamento de Receita;1.343,99;716;Transferências Destinadas ao Setor cultural - LC nº 195/2022 - Art. 8º - Demais Setores da Cultura;"Não ";Não Aplicável
João Pessoa;201095;Prefeitura Municipal de João Pessoa;112025;2025;13210101;Remuneração de Depósitos Bancários - Principal;Lançamento de Receita;36.773,85;710;Transferência Especial dos Estados;3210;Identificação das Transferências dos Estados decorrentes de emendas parlamentares individuais
João Pessoa;201095;Prefeitura Municipal de João Pessoa;112025;2025;13210101;Remuneração de Depósitos Bancários - Principal;Lançamento de Receita;595.314,36;700;Outras Transferências de Convênios ou Repasses da União;"Não ";Não Aplicável
João Pessoa;201095;Prefeitura Municipal de João Pessoa;112025;2025;13210101;Remuneração de Depósitos Bancários - Principal;Lançamento de Receita;932.710,11;500;Recursos não vinculados de Impostos;"Não ";Não Aplicável
João Pessoa;201095;Prefeitura Municipal de João Pessoa;112025;2025;13210101;Remuneração de Depósitos Bancários - Principal;Lançamento de Receita;7.865,55;700;Outras Transferências de Convênios ou Repasses da União;3110;Identificação das Transferências da União decorrentes de emendas parlamentares individuais
João Pessoa;201095;Prefeitura Municipal de João Pessoa;112025;2025;13210101;Remuneração de Depósitos Bancários - Principal;Lançamento de Receita;15.662,48;706;"Transferência Especial da União ";3110;Identificação das Transferências da União decorrentes de emendas parlamentares individuais
João Pessoa;201095;Prefeitura Municipal de João Pessoa;112025;2025;13210101;Remuneração de Depósitos Bancários - Principal;Lançamento de Receita;1.026.995,7;500;Recursos não vinculados de Impostos;1001;Identificação das despesas com manutenção e desenvolvimento do ensino
João Pessoa;201095;Prefeitura Municipal de João Pessoa;112025;2025;13210101;Remuneração de Depósitos Bancários - Principal;Lançamento de Receita;2.742.361,8;540;Transferências do FUNDEB - Impostos e Transferências de Impostos;1070;Identificação do percentual aplicado no pagamento da remuneração dos profissionais da educação básica em efetivo exercício
João Pessoa;201095;Prefeitura Municipal de João Pessoa;112025;2025;13210101;Remuneração de Depósitos Bancários - Principal;Lançamento de Receita;2.148.460,71;754;"Recursos de Operações de Crédito ";"Não ";Não Aplicável
João Pessoa;201095;Prefeitura Municipal de João Pessoa;112025;2025;13210101;Remuneração de Depósitos Bancários - Principal;Lançamento de Receita;3.112,72;719;Transferências da Política Nacional Aldir Blanc de Fomento à Cultura - Lei 14.399/2022;"Não ";Não Aplicável
João Pessoa;201095;Prefeitura Municipal de João Pessoa;112025;2025;13210101;Remuneração de Depósitos Bancários - Principal;Lançamento de Receita;701,33;553;"Transferências de Recursos do FNDE Referentes ao Programa Nacional de Apoio ao Transporte Escolar (PNATE) ";"Não ";Não Aplicável
João Pessoa;201095;Prefeitura Municipal de João Pessoa;112025;2025;13210101;Remuneração de Depósitos Bancários - Principal;Lançamento de Receita;9.767,08;799;Outras vinculações legais;"Não ";Não Aplicável
João Pessoa;201095;Prefeitura Municipal de João Pessoa;112025;2025;13210101;Remuneração de Depósitos Bancários - Principal;Lançamento de Receita;43.692,28;703;Outras Transferências de Convênios ou Contratos de Repasse de outras Entidades;"Não ";Não Aplicável
João Pessoa;201095;Prefeitura Municipal de João Pessoa;112025;2025;13210101;Remuneração de Depósitos Bancários - Principal;Lançamento de Receita;584.365,31;759;Recursos vinculados a fundos;"Não ";Não Aplicável
João Pessoa;201095;Prefeitura Municipal de João Pessoa;112025;2025;13210101;Remuneração de Depósitos Bancários - Principal;Lançamento de Receita;22.074,35;750;Recursos da Contribuição de Intervenção no Domínio Econômico - CIDE;"Não ";Não Aplicável
João Pessoa;201095;Prefeitura Municipal de João Pessoa;112025;2025;13210101;Remuneração de Depósitos Bancários - Principal;Lançamento de Receita;1.137,15;749;Outras vinculações de transferências;"Não ";Não Aplicável
João Pessoa;201095;Prefeitura Municipal de João Pessoa;112025;2025;13210101;Remuneração de Depósitos Bancários - Principal;Lançamento de Receita;41.728,72;501;Outros Recursos não Vinculados;"Não ";Não Aplicável
João Pessoa;201095;Prefeitura Municipal de João Pessoa;112025;2025;13210101;Remuneração de Depósitos Bancários - Principal;Lançamento de Receita;170.232,06;700;Outras Transferências de Convênios ou Repasses da União;3120;Identificação das Transferências da União decorrentes de emendas parlamentares de bancada
João Pessoa;201095;Prefeitura Municipal de João Pessoa;112025;2025;13210101;Remuneração de Depósitos Bancários - Principal;Lançamento de Receita;19.966,9;708;Transferência da União Referente à Compensação Financeira de Recursos Minerais;"Não ";Não Aplicável
João Pessoa;201095;Prefeitura Municipal de João Pessoa;102025;2025;13210101;Remuneração de Depósitos Bancários - Principal;Lançamento de Receita;37.613,62;700;Outras Transferências de Convênios ou Repasses da União;3120;Identificação das Transferências da União decorrentes de emendas parlamentares de bancada
João Pessoa;201095;Prefeitura Municipal de João Pessoa;102025;2025;13210101;Remuneração de Depósitos Bancários - Principal;Lançamento de Receita;29.079,88;750;Recursos da Contribuição de Intervenção no Domínio Econômico - CIDE;"Não ";Não Aplicável
João Pessoa;201095;Prefeitura Municipal de João Pessoa;102025;2025;13210101;Remuneração de Depósitos Bancários - Principal;Lançamento de Receita;1.362,42;500;Recursos não vinculados de Impostos;1002;Identificação das despesas com ações e serviços públicos de saúde
João Pessoa;201095;Prefeitura Municipal de João Pessoa;102025;2025;13210101;Remuneração de Depósitos Bancários - Principal;Lançamento de Receita;698.708,17;751;Recursos da Contribuição para o Custeio do Serviço de Iluminação Pública - COSIP;"Não ";Não Aplicável
João Pessoa;201095;Prefeitura Municipal de João Pessoa;102025;2025;13210101;Remuneração de Depósitos Bancários - Principal;Lançamento de Receita;7.908,33;700;Outras Transferências de Convênios ou Repasses da União;3110;Identificação das Transferências da União decorrentes de emendas parlamentares individuais
João Pessoa;201095;Prefeitura Municipal de João Pessoa;102025;2025;13210101;Remuneração de Depósitos Bancários - Principal;Lançamento de Receita;1.124.311,3;500;Recursos não vinculados de Impostos;"Não ";Não Aplicável
João Pessoa;201095;Prefeitura Municipal de João Pessoa;102025;2025;13210101;Remuneração de Depósitos Bancários - Principal;Lançamento de Receita;22.622,88;704;Transferência da União Referente a Royalties do Petróleo e Gás Natural;"Não ";Não Aplicável
João Pessoa;201095;Prefeitura Municipal de João Pessoa;102025;2025;13210101;Remuneração de Depósitos Bancários - Principal;Lançamento de Receita;1.205.698,25;550;Transferência do Salário-Educação;"Não ";Não Aplicável
João Pessoa;201095;Prefeitura Municipal de João Pessoa;102025;2025;13210101;Remuneração de Depósitos Bancários - Principal;Lançamento de Receita;1.348,19;749;Outras vinculações de transferências;"Não ";Não Aplicável
João Pessoa;201095;Prefeitura Municipal de João Pessoa;102025;2025;13210101;Remuneração de Depósitos Bancários - Principal;Lançamento de Receita;15.984,01;571;Transferências do Estado referentes a Convênios e outros Repasses vinculados à Educação;"Não ";Não Aplicável
João Pessoa;201095;Prefeitura Municipal de João Pessoa;102025;2025;13210101;Remuneração de Depósitos Bancários - Principal;Lançamento de Receita;666.921,49;759;Recursos vinculados a fundos;"Não ";Não Aplicável
João Pessoa;201095;Prefeitura Municipal de João Pessoa;102025;2025;13210101;Remuneração de Depósitos Bancários - Principal;Lançamento de Receita;55.819;703;Outras Transferências de Convênios ou Contratos de Repasse de outras Entidades;"Não ";Não Aplicável
João Pessoa;201095;Prefeitura Municipal de João Pessoa;102025;2025;13210101;Remuneração de Depósitos Bancários - Principal;Lançamento de Receita;341.879,92;501;Outros Recursos não Vinculados;"Não ";Não Aplicável
João Pessoa;201095;Prefeitura Municipal de João Pessoa;102025;2025;13210101;Remuneração de Depósitos Bancários - Principal;Lançamento de Receita;2,92;551;Transferências de Recursos do FNDE Referentes ao Programa Dinheiro Direto na Escola (PDDE);"Não ";Não Aplicável
João Pessoa;201095;Prefeitura Municipal de João Pessoa;102025;2025;13210101;Remuneração de Depósitos Bancários - Principal;Lançamento de Receita;1.140.773,02;500;Recursos não vinculados de Impostos;1001;Identificação das despesas com manutenção e desenvolvimento do ensino
João Pessoa;201095;Prefeitura Municipal de João Pessoa;102025;2025;13210101;Remuneração de Depósitos Bancários - Principal;Lançamento de Receita;23.881,78;719;Transferências da Política Nacional Aldir Blanc de Fomento à Cultura - Lei 14.399/2022;"Não ";Não Aplicável
João Pessoa;201095;Prefeitura Municipal de João Pessoa;102025;2025;13210101;Remuneração de Depósitos Bancários - Principal;Lançamento de Receita;44.119,2;710;Transferência Especial dos Estados;3210;Identificação das Transferências dos Estados decorrentes de emendas parlamentares individuais
João Pessoa;201095;Prefeitura Municipal de João Pessoa;102025;2025;13210101;Remuneração de Depósitos Bancários - Principal;Lançamento de Receita;236.206,31;569;Outras Transferências de Recursos do FNDE;"Não ";Não Aplicável
João Pessoa;201095;Prefeitura Municipal de João Pessoa;102025;2025;13210101;Remuneração de Depósitos Bancários - Principal;Lançamento de Receita;1.610,57;716;Transferências Destinadas ao Setor cultural - LC nº 195/2022 - Art. 8º - Demais Setores da Cultura;"Não ";Não Aplicável
João Pessoa;201095;Prefeitura Municipal de João Pessoa;102025;2025;13210101;Remuneração de Depósitos Bancários - Principal;Lançamento de Receita;762,86;553;"Transferências de Recursos do FNDE Referentes ao Programa Nacional de Apoio ao Transporte Escolar (PNATE) ";"Não ";Não Aplicável
João Pessoa;201095;Prefeitura Municipal de João Pessoa;102025;2025;13210101;Remuneração de Depósitos Bancários - Principal;Lançamento de Receita;-14.341,39;799;Outras vinculações legais;"Não ";Não Aplicável
João Pessoa;201095;Prefeitura Municipal de João Pessoa;102025;2025;13210101;Remuneração de Depósitos Bancários - Principal;Lançamento de Receita;8.043,36;706;"Transferência Especial da União ";3120;Identificação das Transferências da União decorrentes de emendas parlamentares de bancada
João Pessoa;201095;Prefeitura Municipal de João Pessoa;102025;2025;13210101;Remuneração de Depósitos Bancários - Principal;Lançamento de Receita;2.344.552,14;754;"Recursos de Operações de Crédito ";"Não ";Não Aplicável
João Pessoa;201095;Prefeitura Municipal de João Pessoa;102025;2025;13210101;Remuneração de Depósitos Bancários - Principal;Lançamento de Receita;37.598,15;552;Transferências de Recursos do FNDE Referentes ao Programa Nacional de Alimentação Escolar (PNAE);"Não ";Não Aplicável
João Pessoa;201095;Prefeitura Municipal de João Pessoa;102025;2025;13210101;Remuneração de Depósitos Bancários - Principal;Lançamento de Receita;3.178.373,95;540;Transferências do FUNDEB - Impostos e Transferências de Impostos;1070;Identificação do percentual aplicado no pagamento da remuneração dos profissionais da educação básica em efetivo exercício
João Pessoa;201095;Prefeitura Municipal de João Pessoa;102025;2025;13210101;Remuneração de Depósitos Bancários - Principal;Lançamento de Receita;19.782,11;706;"Transferência Especial da União ";3110;Identificação das Transferências da União decorrentes de emendas parlamentares individuais
João Pessoa;201095;Prefeitura Municipal de João Pessoa;102025;2025;13210101;Remuneração de Depósitos Bancários - Principal;Lançamento de Receita;4.807,02;755;Recursos de Alienação de Bens/Ativos - Administração Direta;"Não ";Não Aplicável
João Pessoa;201095;Prefeitura Municipal de João Pessoa;102025;2025;13210101;Remuneração de Depósitos Bancários - Principal;Lançamento de Receita;762.709,04;700;Outras Transferências de Convênios ou Repasses da União;"Não ";Não Aplicável
João Pessoa;201095;Prefeitura Municipal de João Pessoa;102025;2025;13210101;Remuneração de Depósitos Bancários - Principal;Lançamento de Receita;23.941,58;708;Transferência da União Referente à Compensação Financeira de Recursos Minerais;"Não ";Não Aplicável
João Pessoa;201095;Prefeitura Municipal de João Pessoa;102025;2025;13210101;Remuneração de Depósitos Bancários - Principal;Lançamento de Receita;2.692,79;715;Transferências Destinadas ao Setor Cultural - LC nº 195/2022 - Art. 5º - Audiovisual;"Não ";Não Aplicável
João Pessoa;201095;Prefeitura Municipal de João Pessoa;092025;2025;13210101;Remuneração de Depósitos Bancários - Principal;Lançamento de Receita;1,44;551;Transferências de Recursos do FNDE Referentes ao Programa Dinheiro Direto na Escola (PDDE);"Não ";Não Aplicável
João Pessoa;201095;Prefeitura Municipal de João Pessoa;092025;2025;13210101;Remuneração de Depósitos Bancários - Principal;Lançamento de Receita;584.081,05;700;Outras Transferências de Convênios ou Repasses da União;"Não ";Não Aplicável
João Pessoa;201095;Prefeitura Municipal de João Pessoa;092025;2025;13210101;Remuneração de Depósitos Bancários - Principal;Lançamento de Receita;35.004,37;755;Recursos de Alienação de Bens/Ativos - Administração Direta;"Não ";Não Aplicável
João Pessoa;201095;Prefeitura Municipal de João Pessoa;092025;2025;13210101;Remuneração de Depósitos Bancários - Principal;Lançamento de Receita;2.983.613,71;540;Transferências do FUNDEB - Impostos e Transferências de Impostos;1070;Identificação do percentual aplicado no pagamento da remuneração dos profissionais da educação básica em efetivo exercício
João Pessoa;201095;Prefeitura Municipal de João Pessoa;092025;2025;13210101;Remuneração de Depósitos Bancários - Principal;Lançamento de Receita;3.002,93;701;Outras Transferências de Convênios ou Repasses dos Estados;"Não ";Não Aplicável
João Pessoa;201095;Prefeitura Municipal de João Pessoa;092025;2025;13210101;Remuneração de Depósitos Bancários - Principal;Lançamento de Receita;26.153,84;750;Recursos da Contribuição de Intervenção no Domínio Econômico - CIDE;"Não ";Não Aplicável
João Pessoa;201095;Prefeitura Municipal de João Pessoa;092025;2025;13210101;Remuneração de Depósitos Bancários - Principal;Lançamento de Receita;22.601,2;708;Transferência da União Referente à Compensação Financeira de Recursos Minerais;"Não ";Não Aplicável
João Pessoa;201095;Prefeitura Municipal de João Pessoa;092025;2025;13210101;Remuneração de Depósitos Bancários - Principal;Lançamento de Receita;3.067,15;715;Transferências Destinadas ao Setor Cultural - LC nº 195/2022 - Art. 5º - Audiovisual;"Não ";Não Aplicável
João Pessoa;201095;Prefeitura Municipal de João Pessoa;092025;2025;13210101;Remuneração de Depósitos Bancários - Principal;Lançamento de Receita;16.624,99;571;Transferências do Estado referentes a Convênios e outros Repasses vinculados à Educação;"Não ";Não Aplicável
João Pessoa;201095;Prefeitura Municipal de João Pessoa;092025;2025;13210101;Remuneração de Depósitos Bancários - Principal;Lançamento de Receita;1.526,89;716;Transferências Destinadas ao Setor cultural - LC nº 195/2022 - Art. 8º - Demais Setores da Cultura;"Não ";Não Aplicável
João Pessoa;201095;Prefeitura Municipal de João Pessoa;092025;2025;13210101;Remuneração de Depósitos Bancários - Principal;Lançamento de Receita;52.693,97;703;Outras Transferências de Convênios ou Contratos de Repasse de outras Entidades;"Não ";Não Aplicável
João Pessoa;201095;Prefeitura Municipal de João Pessoa;092025;2025;13210101;Remuneração de Depósitos Bancários - Principal;Lançamento de Receita;40.770,64;710;Transferência Especial dos Estados;3210;Identificação das Transferências dos Estados decorrentes de emendas parlamentares individuais
João Pessoa;201095;Prefeitura Municipal de João Pessoa;092025;2025;13210101;Remuneração de Depósitos Bancários - Principal;Lançamento de Receita;716,6;553;"Transferências de Recursos do FNDE Referentes ao Programa Nacional de Apoio ao Transporte Escolar (PNATE) ";"Não ";Não Aplicável
João Pessoa;201095;Prefeitura Municipal de João Pessoa;092025;2025;13210101;Remuneração de Depósitos Bancários - Principal;Lançamento de Receita;19.530,06;706;"Transferência Especial da União ";3110;Identificação das Transferências da União decorrentes de emendas parlamentares individuais
João Pessoa;201095;Prefeitura Municipal de João Pessoa;092025;2025;13210101;Remuneração de Depósitos Bancários - Principal;Lançamento de Receita;31.168,16;704;Transferência da União Referente a Royalties do Petróleo e Gás Natural;"Não ";Não Aplicável
João Pessoa;201095;Prefeitura Municipal de João Pessoa;092025;2025;13210101;Remuneração de Depósitos Bancários - Principal;Lançamento de Receita;15.793,17;706;"Transferência Especial da União ";3120;Identificação das Transferências da União decorrentes de emendas parlamentares de bancada
João Pessoa;201095;Prefeitura Municipal de João Pessoa;092025;2025;13210101;Remuneração de Depósitos Bancários - Principal;Lançamento de Receita;1.151.106,84;550;Transferência do Salário-Educação;"Não ";Não Aplicável
João Pessoa;201095;Prefeitura Municipal de João Pessoa;092025;2025;13210101;Remuneração de Depósitos Bancários - Principal;Lançamento de Receita;1.224,08;749;Outras vinculações de transferências;"Não ";Não Aplicável
João Pessoa;201095;Prefeitura Municipal de João Pessoa;092025;2025;13210101;Remuneração de Depósitos Bancários - Principal;Lançamento de Receita;21.953,21;799;Outras vinculações legais;"Não ";Não Aplicável
João Pessoa;201095;Prefeitura Municipal de João Pessoa;092025;2025;13210101;Remuneração de Depósitos Bancários - Principal;Lançamento de Receita;3.961,17;719;Transferências da Política Nacional Aldir Blanc de Fomento à Cultura - Lei 14.399/2022;"Não ";Não Aplicável
João Pessoa;201095;Prefeitura Municipal de João Pessoa;092025;2025;13210101;Remuneração de Depósitos Bancários - Principal;Lançamento de Receita;9.590,02;552;Transferências de Recursos do FNDE Referentes ao Programa Nacional de Alimentação Escolar (PNAE);"Não ";Não Aplicável
João Pessoa;201095;Prefeitura Municipal de João Pessoa;092025;2025;13210101;Remuneração de Depósitos Bancários - Principal;Lançamento de Receita;601.827,38;500;Recursos não vinculados de Impostos;"Não ";Não Aplicável
João Pessoa;201095;Prefeitura Municipal de João Pessoa;092025;2025;13210101;Remuneração de Depósitos Bancários - Principal;Lançamento de Receita;232.283,82;569;Outras Transferências de Recursos do FNDE;"Não ";Não Aplicável
João Pessoa;201095;Prefeitura Municipal de João Pessoa;092025;2025;13210101;Remuneração de Depósitos Bancários - Principal;Lançamento de Receita;17.427,77;500;Recursos não vinculados de Impostos;1002;Identificação das despesas com ações e serviços públicos de saúde
João Pessoa;201095;Prefeitura Municipal de João Pessoa;092025;2025;13210101;Remuneração de Depósitos Bancários - Principal;Lançamento de Receita;158.243,24;700;Outras Transferências de Convênios ou Repasses da União;3120;Identificação das Transferências da União decorrentes de emendas parlamentares de bancada
João Pessoa;201095;Prefeitura Municipal de João Pessoa;092025;2025;13210101;Remuneração de Depósitos Bancários - Principal;Lançamento de Receita;1.143.195,55;501;Outros Recursos não Vinculados;"Não ";Não Aplicável
João Pessoa;201095;Prefeitura Municipal de João Pessoa;092025;2025;13210101;Remuneração de Depósitos Bancários - Principal;Lançamento de Receita;464.751,71;751;Recursos da Contribuição para o Custeio do Serviço de Iluminação Pública - COSIP;"Não ";Não Aplicável
João Pessoa;201095;Prefeitura Municipal de João Pessoa;092025;2025;13210101;Remuneração de Depósitos Bancários - Principal;Lançamento de Receita;1.018.653,73;759;Recursos vinculados a fundos;"Não ";Não Aplicável
João Pessoa;201095;Prefeitura Municipal de João Pessoa;092025;2025;13210101;Remuneração de Depósitos Bancários - Principal;Lançamento de Receita;1.108.584,61;500;Recursos não vinculados de Impostos;1001;Identificação das despesas com manutenção e desenvolvimento do ensino
João Pessoa;201095;Prefeitura Municipal de João Pessoa;092025;2025;13210101;Remuneração de Depósitos Bancários - Principal;Lançamento de Receita;1.938.671,65;754;"Recursos de Operações de Crédito ";"Não ";Não Aplicável
João Pessoa;201095;Prefeitura Municipal de João Pessoa;082025;2025;13210101;Remuneração de Depósitos Bancários - Principal;Lançamento de Receita;1.163,52;749;Outras vinculações de transferências;"Não ";Não Aplicável
João Pessoa;201095;Prefeitura Municipal de João Pessoa;082025;2025;13210101;Remuneração de Depósitos Bancários - Principal;Lançamento de Receita;7.765;700;Outras Transferências de Convênios ou Repasses da União;3110;Identificação das Transferências da União decorrentes de emendas parlamentares individuais
João Pessoa;201095;Prefeitura Municipal de João Pessoa;082025;2025;13210101;Remuneração de Depósitos Bancários - Principal;Lançamento de Receita;15.706,4;571;Transferências do Estado referentes a Convênios e outros Repasses vinculados à Educação;"Não ";Não Aplicável
João Pessoa;201095;Prefeitura Municipal de João Pessoa;082025;2025;13210101;Remuneração de Depósitos Bancários - Principal;Lançamento de Receita;1.444,98;716;Transferências Destinadas ao Setor cultural - LC nº 195/2022 - Art. 8º - Demais Setores da Cultura;"Não ";Não Aplicável
João Pessoa;201095;Prefeitura Municipal de João Pessoa;082025;2025;13210101;Remuneração de Depósitos Bancários - Principal;Lançamento de Receita;4.402,88;719;Transferências da Política Nacional Aldir Blanc de Fomento à Cultura - Lei 14.399/2022;"Não ";Não Aplicável
João Pessoa;201095;Prefeitura Municipal de João Pessoa;082025;2025;13210101;Remuneração de Depósitos Bancários - Principal;Lançamento de Receita;21.321,97;708;Transferência da União Referente à Compensação Financeira de Recursos Minerais;"Não ";Não Aplicável
João Pessoa;201095;Prefeitura Municipal de João Pessoa;082025;2025;13210101;Remuneração de Depósitos Bancários - Principal;Lançamento de Receita;1.989.324,04;754;"Recursos de Operações de Crédito ";"Não ";Não Aplicável
João Pessoa;201095;Prefeitura Municipal de João Pessoa;082025;2025;13210101;Remuneração de Depósitos Bancários - Principal;Lançamento de Receita;15.390,78;552;Transferências de Recursos do FNDE Referentes ao Programa Nacional de Alimentação Escolar (PNAE);"Não ";Não Aplicável
João Pessoa;201095;Prefeitura Municipal de João Pessoa;082025;2025;13210101;Remuneração de Depósitos Bancários - Principal;Lançamento de Receita;772.524,07;501;Outros Recursos não Vinculados;"Não ";Não Aplicável
João Pessoa;201095;Prefeitura Municipal de João Pessoa;082025;2025;13210101;Remuneração de Depósitos Bancários - Principal;Lançamento de Receita;34.471,99;704;Transferência da União Referente a Royalties do Petróleo e Gás Natural;"Não ";Não Aplicável
João Pessoa;201095;Prefeitura Municipal de João Pessoa;082025;2025;13210101;Remuneração de Depósitos Bancários - Principal;Lançamento de Receita;45.817,97;755;Recursos de Alienação de Bens/Ativos - Administração Direta;"Não ";Não Aplicável
João Pessoa;201095;Prefeitura Municipal de João Pessoa;082025;2025;13210101;Remuneração de Depósitos Bancários - Principal;Lançamento de Receita;2.090,53;500;Recursos não vinculados de Impostos;1002;Identificação das despesas com ações e serviços públicos de saúde
João Pessoa;201095;Prefeitura Municipal de João Pessoa;082025;2025;13210101;Remuneração de Depósitos Bancários - Principal;Lançamento de Receita;1.024.674,94;500;Recursos não vinculados de Impostos;1001;Identificação das despesas com manutenção e desenvolvimento do ensino
João Pessoa;201095;Prefeitura Municipal de João Pessoa;082025;2025;13210101;Remuneração de Depósitos Bancários - Principal;Lançamento de Receita;1.120.279,21;759;Recursos vinculados a fundos;"Não ";Não Aplicável
João Pessoa;201095;Prefeitura Municipal de João Pessoa;082025;2025;13210101;Remuneração de Depósitos Bancários - Principal;Lançamento de Receita;2.748.985,64;540;Transferências do FUNDEB - Impostos e Transferências de Impostos;1070;Identificação do percentual aplicado no pagamento da remuneração dos profissionais da educação básica em efetivo exercício
João Pessoa;201095;Prefeitura Municipal de João Pessoa;082025;2025;13210101;Remuneração de Depósitos Bancários - Principal;Lançamento de Receita;1,43;551;Transferências de Recursos do FNDE Referentes ao Programa Dinheiro Direto na Escola (PDDE);"Não ";Não Aplicável
João Pessoa;201095;Prefeitura Municipal de João Pessoa;082025;2025;13210101;Remuneração de Depósitos Bancários - Principal;Lançamento de Receita;24.704,36;750;Recursos da Contribuição de Intervenção no Domínio Econômico - CIDE;"Não ";Não Aplicável
João Pessoa;201095;Prefeitura Municipal de João Pessoa;082025;2025;13210101;Remuneração de Depósitos Bancários - Principal;Lançamento de Receita;595.158,47;751;Recursos da Contribuição para o Custeio do Serviço de Iluminação Pública - COSIP;"Não ";Não Aplicável
João Pessoa;201095;Prefeitura Municipal de João Pessoa;082025;2025;13210101;Remuneração de Depósitos Bancários - Principal;Lançamento de Receita;669.386,57;500;Recursos não vinculados de Impostos;"Não ";Não Aplicável
João Pessoa;201095;Prefeitura Municipal de João Pessoa;082025;2025;13210101;Remuneração de Depósitos Bancários - Principal;Lançamento de Receita;19.123,34;706;"Transferência Especial da União ";3110;Identificação das Transferências da União decorrentes de emendas parlamentares individuais
João Pessoa;201095;Prefeitura Municipal de João Pessoa;082025;2025;13210101;Remuneração de Depósitos Bancários - Principal;Lançamento de Receita;2.970,11;701;Outras Transferências de Convênios ou Repasses dos Estados;"Não ";Não Aplicável
João Pessoa;201095;Prefeitura Municipal de João Pessoa;082025;2025;13210101;Remuneração de Depósitos Bancários - Principal;Lançamento de Receita;1.073.322,52;550;Transferência do Salário-Educação;"Não ";Não Aplicável
João Pessoa;201095;Prefeitura Municipal de João Pessoa;082025;2025;13210101;Remuneração de Depósitos Bancários - Principal;Lançamento de Receita;157.743,87;700;Outras Transferências de Convênios ou Repasses da União;3120;Identificação das Transferências da União decorrentes de emendas parlamentares de bancada
João Pessoa;201095;Prefeitura Municipal de João Pessoa;082025;2025;13210101;Remuneração de Depósitos Bancários - Principal;Lançamento de Receita;566.749,95;700;Outras Transferências de Convênios ou Repasses da União;"Não ";Não Aplicável
João Pessoa;201095;Prefeitura Municipal de João Pessoa;082025;2025;13210101;Remuneração de Depósitos Bancários - Principal;Lançamento de Receita;4.041,37;715;Transferências Destinadas ao Setor Cultural - LC nº 195/2022 - Art. 5º - Audiovisual;"Não ";Não Aplicável
João Pessoa;201095;Prefeitura Municipal de João Pessoa;082025;2025;13210101;Remuneração de Depósitos Bancários - Principal;Lançamento de Receita;42.715,04;710;Transferência Especial dos Estados;3210;Identificação das Transferências dos Estados decorrentes de emendas parlamentares individuais
João Pessoa;201095;Prefeitura Municipal de João Pessoa;082025;2025;13210101;Remuneração de Depósitos Bancários - Principal;Lançamento de Receita;7.953,01;706;"Transferência Especial da União ";3120;Identificação das Transferências da União decorrentes de emendas parlamentares de bancada
João Pessoa;201095;Prefeitura Municipal de João Pessoa;082025;2025;13210101;Remuneração de Depósitos Bancários - Principal;Lançamento de Receita;588,04;553;"Transferências de Recursos do FNDE Referentes ao Programa Nacional de Apoio ao Transporte Escolar (PNATE) ";"Não ";Não Aplicável
João Pessoa;201095;Prefeitura Municipal de João Pessoa;082025;2025;13210101;Remuneração de Depósitos Bancários - Principal;Lançamento de Receita;49.711,5;703;Outras Transferências de Convênios ou Contratos de Repasse de outras Entidades;"Não ";Não Aplicável
João Pessoa;201095;Prefeitura Municipal de João Pessoa;082025;2025;13210101;Remuneração de Depósitos Bancários - Principal;Lançamento de Receita;231.599,71;569;Outras Transferências de Recursos do FNDE;"Não ";Não Aplicável
João Pessoa;201095;Prefeitura Municipal de João Pessoa;082025;2025;13210101;Remuneração de Depósitos Bancários - Principal;Lançamento de Receita;21.131,3;799;Outras vinculações legais;"Não ";Não Aplicável
João Pessoa;201095;Prefeitura Municipal de João Pessoa;072025;2025;13210101;Remuneração de Depósitos Bancários - Principal;Lançamento de Receita;28.201,45;704;Transferência da União Referente a Royalties do Petróleo e Gás Natural;"Não ";Não Aplicável
João Pessoa;201095;Prefeitura Municipal de João Pessoa;072025;2025;13210101;Remuneração de Depósitos Bancários - Principal;Lançamento de Receita;1.260,41;749;Outras vinculações de transferências;"Não ";Não Aplicável
João Pessoa;201095;Prefeitura Municipal de João Pessoa;072025;2025;13210101;Remuneração de Depósitos Bancários - Principal;Lançamento de Receita;26.113,8;750;Recursos da Contribuição de Intervenção no Domínio Econômico - CIDE;"Não ";Não Aplicável
João Pessoa;201095;Prefeitura Municipal de João Pessoa;072025;2025;13210101;Remuneração de Depósitos Bancários - Principal;Lançamento de Receita;73.177,53;755;Recursos de Alienação de Bens/Ativos - Administração Direta;"Não ";Não Aplicável
João Pessoa;201095;Prefeitura Municipal de João Pessoa;072025;2025;13210101;Remuneração de Depósitos Bancários - Principal;Lançamento de Receita;5.801,21;715;Transferências Destinadas ao Setor Cultural - LC nº 195/2022 - Art. 5º - Audiovisual;"Não ";Não Aplicável
João Pessoa;201095;Prefeitura Municipal de João Pessoa;072025;2025;13210101;Remuneração de Depósitos Bancários - Principal;Lançamento de Receita;19.778,33;552;Transferências de Recursos do FNDE Referentes ao Programa Nacional de Alimentação Escolar (PNAE);"Não ";Não Aplicável
João Pessoa;201095;Prefeitura Municipal de João Pessoa;072025;2025;13210101;Remuneração de Depósitos Bancários - Principal;Lançamento de Receita;1.359.795,27;759;Recursos vinculados a fundos;"Não ";Não Aplicável
João Pessoa;201095;Prefeitura Municipal de João Pessoa;072025;2025;13210101;Remuneração de Depósitos Bancários - Principal;Lançamento de Receita;13.423,59;500;Recursos não vinculados de Impostos;1002;Identificação das despesas com ações e serviços públicos de saúde
João Pessoa;201095;Prefeitura Municipal de João Pessoa;072025;2025;13210101;Remuneração de Depósitos Bancários - Principal;Lançamento de Receita;1,42;551;Transferências de Recursos do FNDE Referentes ao Programa Dinheiro Direto na Escola (PDDE);"Não ";Não Aplicável
João Pessoa;201095;Prefeitura Municipal de João Pessoa;072025;2025;13210101;Remuneração de Depósitos Bancários - Principal;Lançamento de Receita;2.015.149,2;754;"Recursos de Operações de Crédito ";"Não ";Não Aplicável
João Pessoa;201095;Prefeitura Municipal de João Pessoa;072025;2025;13210101;Remuneração de Depósitos Bancários - Principal;Lançamento de Receita;960.157,47;501;Outros Recursos não Vinculados;"Não ";Não Aplicável
João Pessoa;201095;Prefeitura Municipal de João Pessoa;072025;2025;13210101;Remuneração de Depósitos Bancários - Principal;Lançamento de Receita;19.804,03;700;Outras Transferências de Convênios ou Repasses da União;3110;Identificação das Transferências da União decorrentes de emendas parlamentares individuais
João Pessoa;201095;Prefeitura Municipal de João Pessoa;072025;2025;13210101;Remuneração de Depósitos Bancários - Principal;Lançamento de Receita;1.157.690,44;500;Recursos não vinculados de Impostos;"Não ";Não Aplicável
João Pessoa;201095;Prefeitura Municipal de João Pessoa;072025;2025;13210101;Remuneração de Depósitos Bancários - Principal;Lançamento de Receita;2.939.202,53;540;Transferências do FUNDEB - Impostos e Transferências de Impostos;1070;Identificação do percentual aplicado no pagamento da remuneração dos profissionais da educação básica em efetivo exercício
João Pessoa;201095;Prefeitura Municipal de João Pessoa;072025;2025;13210101;Remuneração de Depósitos Bancários - Principal;Lançamento de Receita;593.902,15;700;Outras Transferências de Convênios ou Repasses da União;"Não ";Não Aplicável
João Pessoa;201095;Prefeitura Municipal de João Pessoa;072025;2025;13210101;Remuneração de Depósitos Bancários - Principal;Lançamento de Receita;23.132,85;708;Transferência da União Referente à Compensação Financeira de Recursos Minerais;"Não ";Não Aplicável
João Pessoa;201095;Prefeitura Municipal de João Pessoa;072025;2025;13210101;Remuneração de Depósitos Bancários - Principal;Lançamento de Receita;1.142.563,71;500;Recursos não vinculados de Impostos;1001;Identificação das despesas com manutenção e desenvolvimento do ensino
João Pessoa;201095;Prefeitura Municipal de João Pessoa;072025;2025;13210101;Remuneração de Depósitos Bancários - Principal;Lançamento de Receita;31.317,29;701;Outras Transferências de Convênios ou Repasses dos Estados;"Não ";Não Aplicável
João Pessoa;201095;Prefeitura Municipal de João Pessoa;072025;2025;13210101;Remuneração de Depósitos Bancários - Principal;Lançamento de Receita;17.058,93;571;Transferências do Estado referentes a Convênios e outros Repasses vinculados à Educação;"Não ";Não Aplicável
João Pessoa;201095;Prefeitura Municipal de João Pessoa;072025;2025;13210101;Remuneração de Depósitos Bancários - Principal;Lançamento de Receita;1.194.050,66;550;Transferência do Salário-Educação;"Não ";Não Aplicável
João Pessoa;201095;Prefeitura Municipal de João Pessoa;072025;2025;13210101;Remuneração de Depósitos Bancários - Principal;Lançamento de Receita;1.568,29;716;Transferências Destinadas ao Setor cultural - LC nº 195/2022 - Art. 8º - Demais Setores da Cultura;"Não ";Não Aplicável
João Pessoa;201095;Prefeitura Municipal de João Pessoa;072025;2025;13210101;Remuneração de Depósitos Bancários - Principal;Lançamento de Receita;22.975,74;799;Outras vinculações legais;"Não ";Não Aplicável
João Pessoa;201095;Prefeitura Municipal de João Pessoa;072025;2025;13210101;Remuneração de Depósitos Bancários - Principal;Lançamento de Receita;176.128,15;700;Outras Transferências de Convênios ou Repasses da União;3120;Identificação das Transferências da União decorrentes de emendas parlamentares de bancada
João Pessoa;201095;Prefeitura Municipal de João Pessoa;072025;2025;13210101;Remuneração de Depósitos Bancários - Principal;Lançamento de Receita;275.803,39;569;Outras Transferências de Recursos do FNDE;"Não ";Não Aplicável
João Pessoa;201095;Prefeitura Municipal de João Pessoa;072025;2025;13210101;Remuneração de Depósitos Bancários - Principal;Lançamento de Receita;39.873,11;710;Transferência Especial dos Estados;3210;Identificação das Transferências dos Estados decorrentes de emendas parlamentares individuais
João Pessoa;201095;Prefeitura Municipal de João Pessoa;072025;2025;13210101;Remuneração de Depósitos Bancários - Principal;Lançamento de Receita;6.213,59;719;Transferências da Política Nacional Aldir Blanc de Fomento à Cultura - Lei 14.399/2022;"Não ";Não Aplicável
João Pessoa;201095;Prefeitura Municipal de João Pessoa;072025;2025;13210101;Remuneração de Depósitos Bancários - Principal;Lançamento de Receita;18.904,44;706;"Transferência Especial da União ";3110;Identificação das Transferências da União decorrentes de emendas parlamentares individuais
João Pessoa;201095;Prefeitura Municipal de João Pessoa;072025;2025;13210101;Remuneração de Depósitos Bancários - Principal;Lançamento de Receita;53.933,46;703;Outras Transferências de Convênios ou Contratos de Repasse de outras Entidades;"Não ";Não Aplicável
João Pessoa;201095;Prefeitura Municipal de João Pessoa;072025;2025;13210101;Remuneração de Depósitos Bancários - Principal;Lançamento de Receita;663.335,4;751;Recursos da Contribuição para o Custeio do Serviço de Iluminação Pública - COSIP;"Não ";Não Aplicável
João Pessoa;201095;Prefeitura Municipal de João Pessoa;072025;2025;13210101;Remuneração de Depósitos Bancários - Principal;Lançamento de Receita;582,78;553;"Transferências de Recursos do FNDE Referentes ao Programa Nacional de Apoio ao Transporte Escolar (PNATE) ";"Não ";Não Aplicável
João Pessoa;201095;Prefeitura Municipal de João Pessoa;062025;2025;13210101;Remuneração de Depósitos Bancários - Principal;Lançamento de Receita;44.221,3;704;Transferência da União Referente a Royalties do Petróleo e Gás Natural;"Não ";Não Aplicável
João Pessoa;201095;Prefeitura Municipal de João Pessoa;062025;2025;13210101;Remuneração de Depósitos Bancários - Principal;Lançamento de Receita;12.462,92;755;Recursos de Alienação de Bens/Ativos - Administração Direta;"Não ";Não Aplicável
João Pessoa;201095;Prefeitura Municipal de João Pessoa;062025;2025;13210101;Remuneração de Depósitos Bancários - Principal;Lançamento de Receita;1.039.930,01;500;Recursos não vinculados de Impostos;1001;Identificação das despesas com manutenção e desenvolvimento do ensino
João Pessoa;201095;Prefeitura Municipal de João Pessoa;062025;2025;13210101;Remuneração de Depósitos Bancários - Principal;Lançamento de Receita;45.910,66;703;Outras Transferências de Convênios ou Contratos de Repasse de outras Entidades;"Não ";Não Aplicável
João Pessoa;201095;Prefeitura Municipal de João Pessoa;062025;2025;13210101;Remuneração de Depósitos Bancários - Principal;Lançamento de Receita;989.415,86;550;Transferência do Salário-Educação;"Não ";Não Aplicável
João Pessoa;201095;Prefeitura Municipal de João Pessoa;062025;2025;13210101;Remuneração de Depósitos Bancários - Principal;Lançamento de Receita;21.082,17;750;Recursos da Contribuição de Intervenção no Domínio Econômico - CIDE;"Não ";Não Aplicável
João Pessoa;201095;Prefeitura Municipal de João Pessoa;062025;2025;13210101;Remuneração de Depósitos Bancários - Principal;Lançamento de Receita;936.893,31;500;Recursos não vinculados de Impostos;"Não ";Não Aplicável
João Pessoa;201095;Prefeitura Municipal de João Pessoa;062025;2025;13210101;Remuneração de Depósitos Bancários - Principal;Lançamento de Receita;19.691,74;708;Transferência da União Referente à Compensação Financeira de Recursos Minerais;"Não ";Não Aplicável
João Pessoa;201095;Prefeitura Municipal de João Pessoa;062025;2025;13210101;Remuneração de Depósitos Bancários - Principal;Lançamento de Receita;30.984,42;710;Transferência Especial dos Estados;3210;Identificação das Transferências dos Estados decorrentes de emendas parlamentares individuais
João Pessoa;201095;Prefeitura Municipal de João Pessoa;062025;2025;13210101;Remuneração de Depósitos Bancários - Principal;Lançamento de Receita;17.548,1;706;"Transferência Especial da União ";3110;Identificação das Transferências da União decorrentes de emendas parlamentares individuais
João Pessoa;201095;Prefeitura Municipal de João Pessoa;062025;2025;13210101;Remuneração de Depósitos Bancários - Principal;Lançamento de Receita;414.951,43;754;"Recursos de Operações de Crédito ";"Não ";Não Aplicável
João Pessoa;201095;Prefeitura Municipal de João Pessoa;062025;2025;13210101;Remuneração de Depósitos Bancários - Principal;Lançamento de Receita;975.640,88;759;Recursos vinculados a fundos;"Não ";Não Aplicável
João Pessoa;201095;Prefeitura Municipal de João Pessoa;062025;2025;13210101;Remuneração de Depósitos Bancários - Principal;Lançamento de Receita;7.593,15;700;Outras Transferências de Convênios ou Repasses da União;3110;Identificação das Transferências da União decorrentes de emendas parlamentares individuais
João Pessoa;201095;Prefeitura Municipal de João Pessoa;062025;2025;13210101;Remuneração de Depósitos Bancários - Principal;Lançamento de Receita;23.292,87;552;Transferências de Recursos do FNDE Referentes ao Programa Nacional de Alimentação Escolar (PNAE);"Não ";Não Aplicável
João Pessoa;201095;Prefeitura Municipal de João Pessoa;062025;2025;13210101;Remuneração de Depósitos Bancários - Principal;Lançamento de Receita;726.904,3;501;Outros Recursos não Vinculados;"Não ";Não Aplicável
João Pessoa;201095;Prefeitura Municipal de João Pessoa;062025;2025;13210101;Remuneração de Depósitos Bancários - Principal;Lançamento de Receita;14.519,32;571;Transferências do Estado referentes a Convênios e outros Repasses vinculados à Educação;"Não ";Não Aplicável
João Pessoa;201095;Prefeitura Municipal de João Pessoa;062025;2025;13210101;Remuneração de Depósitos Bancários - Principal;Lançamento de Receita;579.351,07;700;Outras Transferências de Convênios ou Repasses da União;"Não ";Não Aplicável
João Pessoa;201095;Prefeitura Municipal de João Pessoa;062025;2025;13210101;Remuneração de Depósitos Bancários - Principal;Lançamento de Receita;1,41;551;Transferências de Recursos do FNDE Referentes ao Programa Dinheiro Direto na Escola (PDDE);"Não ";Não Aplicável
João Pessoa;201095;Prefeitura Municipal de João Pessoa;062025;2025;13210101;Remuneração de Depósitos Bancários - Principal;Lançamento de Receita;170.113,13;700;Outras Transferências de Convênios ou Repasses da União;3120;Identificação das Transferências da União decorrentes de emendas parlamentares de bancada
João Pessoa;201095;Prefeitura Municipal de João Pessoa;062025;2025;13210101;Remuneração de Depósitos Bancários - Principal;Lançamento de Receita;485.922,21;751;Recursos da Contribuição para o Custeio do Serviço de Iluminação Pública - COSIP;"Não ";Não Aplicável
João Pessoa;201095;Prefeitura Municipal de João Pessoa;062025;2025;13210101;Remuneração de Depósitos Bancários - Principal;Lançamento de Receita;2.472.303,74;540;Transferências do FUNDEB - Impostos e Transferências de Impostos;1070;Identificação do percentual aplicado no pagamento da remuneração dos profissionais da educação básica em efetivo exercício
João Pessoa;201095;Prefeitura Municipal de João Pessoa;062025;2025;13210101;Remuneração de Depósitos Bancários - Principal;Lançamento de Receita;1.066,38;749;Outras vinculações de transferências;3110;Identificação das Transferências da União decorrentes de emendas parlamentares individuais
João Pessoa;201095;Prefeitura Municipal de João Pessoa;062025;2025;13210101;Remuneração de Depósitos Bancários - Principal;Lançamento de Receita;19.504,54;799;Outras vinculações legais;"Não ";Não Aplicável
João Pessoa;201095;Prefeitura Municipal de João Pessoa;062025;2025;13210101;Remuneração de Depósitos Bancários - Principal;Lançamento de Receita;8.293,14;719;Transferências da Política Nacional Aldir Blanc de Fomento à Cultura - Lei 14.399/2022;"Não ";Não Aplicável
João Pessoa;201095;Prefeitura Municipal de João Pessoa;062025;2025;13210101;Remuneração de Depósitos Bancários - Principal;Lançamento de Receita;7.526,24;715;Transferências Destinadas ao Setor Cultural - LC nº 195/2022 - Art. 5º - Audiovisual;"Não ";Não Aplicável
João Pessoa;201095;Prefeitura Municipal de João Pessoa;062025;2025;13210101;Remuneração de Depósitos Bancários - Principal;Lançamento de Receita;559,99;553;"Transferências de Recursos do FNDE Referentes ao Programa Nacional de Apoio ao Transporte Escolar (PNATE) ";"Não ";Não Aplicável
João Pessoa;201095;Prefeitura Municipal de João Pessoa;062025;2025;13210101;Remuneração de Depósitos Bancários - Principal;Lançamento de Receita;243.325,08;569;Outras Transferências de Recursos do FNDE;"Não ";Não Aplicável
João Pessoa;201095;Prefeitura Municipal de João Pessoa;062025;2025;13210101;Remuneração de Depósitos Bancários - Principal;Lançamento de Receita;9.486,83;706;"Transferência Especial da União ";3120;Identificação das Transferências da União decorrentes de emendas parlamentares de bancada
João Pessoa;201095;Prefeitura Municipal de João Pessoa;052025;2025;13210101;Remuneração de Depósitos Bancários - Principal;Lançamento de Receita;1,34;551;Transferências de Recursos do FNDE Referentes ao Programa Dinheiro Direto na Escola (PDDE);"Não ";Não Aplicável
João Pessoa;201095;Prefeitura Municipal de João Pessoa;052025;2025;13210101;Remuneração de Depósitos Bancários - Principal;Lançamento de Receita;9.426,58;706;"Transferência Especial da União ";3120;Identificação das Transferências da União decorrentes de emendas parlamentares de bancada
João Pessoa;201095;Prefeitura Municipal de João Pessoa;052025;2025;13210101;Remuneração de Depósitos Bancários - Principal;Lançamento de Receita;848.339,57;500;Recursos não vinculados de Impostos;"Não ";Não Aplicável
João Pessoa;201095;Prefeitura Municipal de João Pessoa;052025;2025;13210101;Remuneração de Depósitos Bancários - Principal;Lançamento de Receita;14.927,96;552;Transferências de Recursos do FNDE Referentes ao Programa Nacional de Alimentação Escolar (PNAE);"Não ";Não Aplicável
João Pessoa;201095;Prefeitura Municipal de João Pessoa;052025;2025;13210101;Remuneração de Depósitos Bancários - Principal;Lançamento de Receita;951.280,43;501;Outros Recursos não Vinculados;"Não ";Não Aplicável
João Pessoa;201095;Prefeitura Municipal de João Pessoa;052025;2025;13210101;Remuneração de Depósitos Bancários - Principal;Lançamento de Receita;1.179.372,04;751;Recursos da Contribuição para o Custeio do Serviço de Iluminação Pública - COSIP;"Não ";Não Aplicável
João Pessoa;201095;Prefeitura Municipal de João Pessoa;052025;2025;13210101;Remuneração de Depósitos Bancários - Principal;Lançamento de Receita;1.207.355,94;500;Recursos não vinculados de Impostos;1001;Identificação das despesas com manutenção e desenvolvimento do ensino
João Pessoa;201095;Prefeitura Municipal de João Pessoa;052025;2025;13210101;Remuneração de Depósitos Bancários - Principal;Lançamento de Receita;8.373,87;719;Transferências da Política Nacional Aldir Blanc de Fomento à Cultura - Lei 14.399/2022;"Não ";Não Aplicável
João Pessoa;201095;Prefeitura Municipal de João Pessoa;052025;2025;13210101;Remuneração de Depósitos Bancários - Principal;Lançamento de Receita;19.969,5;799;Outras vinculações legais;"Não ";Não Aplicável
João Pessoa;201095;Prefeitura Municipal de João Pessoa;052025;2025;13210101;Remuneração de Depósitos Bancários - Principal;Lançamento de Receita;247.395,29;569;Outras Transferências de Recursos do FNDE;"Não ";Não Aplicável
João Pessoa;201095;Prefeitura Municipal de João Pessoa;052025;2025;13210101;Remuneração de Depósitos Bancários - Principal;Lançamento de Receita;14.863,59;571;Transferências do Estado referentes a Convênios e outros Repasses vinculados à Educação;"Não ";Não Aplicável
João Pessoa;201095;Prefeitura Municipal de João Pessoa;052025;2025;13210101;Remuneração de Depósitos Bancários - Principal;Lançamento de Receita;7.565,25;700;Outras Transferências de Convênios ou Repasses da União;3110;Identificação das Transferências da União decorrentes de emendas parlamentares individuais
João Pessoa;201095;Prefeitura Municipal de João Pessoa;052025;2025;13210101;Remuneração de Depósitos Bancários - Principal;Lançamento de Receita;31.721,52;710;Transferência Especial dos Estados;3210;Identificação das Transferências dos Estados decorrentes de emendas parlamentares individuais
João Pessoa;201095;Prefeitura Municipal de João Pessoa;052025;2025;13210101;Remuneração de Depósitos Bancários - Principal;Lançamento de Receita;534,4;553;"Transferências de Recursos do FNDE Referentes ao Programa Nacional de Apoio ao Transporte Escolar (PNATE) ";"Não ";Não Aplicável
João Pessoa;201095;Prefeitura Municipal de João Pessoa;052025;2025;13210101;Remuneração de Depósitos Bancários - Principal;Lançamento de Receita;2.607;716;Transferências Destinadas ao Setor cultural - LC nº 195/2022 - Art. 8º - Demais Setores da Cultura;"Não ";Não Aplicável
João Pessoa;201095;Prefeitura Municipal de João Pessoa;052025;2025;13210101;Remuneração de Depósitos Bancários - Principal;Lançamento de Receita;439.678,41;700;Outras Transferências de Convênios ou Repasses da União;"Não ";Não Aplicável
João Pessoa;201095;Prefeitura Municipal de João Pessoa;052025;2025;13210101;Remuneração de Depósitos Bancários - Principal;Lançamento de Receita;18.009,08;706;"Transferência Especial da União ";3110;Identificação das Transferências da União decorrentes de emendas parlamentares individuais
João Pessoa;201095;Prefeitura Municipal de João Pessoa;052025;2025;13210101;Remuneração de Depósitos Bancários - Principal;Lançamento de Receita;2.570.319,72;540;Transferências do FUNDEB - Impostos e Transferências de Impostos;1070;Identificação do percentual aplicado no pagamento da remuneração dos profissionais da educação básica em efetivo exercício
João Pessoa;201095;Prefeitura Municipal de João Pessoa;052025;2025;13210101;Remuneração de Depósitos Bancários - Principal;Lançamento de Receita;46.999,45;703;Outras Transferências de Convênios ou Contratos de Repasse de outras Entidades;"Não ";Não Aplicável
João Pessoa;201095;Prefeitura Municipal de João Pessoa;052025;2025;13210101;Remuneração de Depósitos Bancários - Principal;Lançamento de Receita;1.008.427,13;550;Transferência do Salário-Educação;"Não ";Não Aplicável
João Pessoa;201095;Prefeitura Municipal de João Pessoa;052025;2025;13210101;Remuneração de Depósitos Bancários - Principal;Lançamento de Receita;20.158,74;708;Transferência da União Referente à Compensação Financeira de Recursos Minerais;"Não ";Não Aplicável
João Pessoa;201095;Prefeitura Municipal de João Pessoa;052025;2025;13210101;Remuneração de Depósitos Bancários - Principal;Lançamento de Receita;1.071.540;754;"Recursos de Operações de Crédito ";"Não ";Não Aplicável
João Pessoa;201095;Prefeitura Municipal de João Pessoa;052025;2025;13210101;Remuneração de Depósitos Bancários - Principal;Lançamento de Receita;13.572,87;755;Recursos de Alienação de Bens/Ativos - Administração Direta;"Não ";Não Aplicável
João Pessoa;201095;Prefeitura Municipal de João Pessoa;052025;2025;13210101;Remuneração de Depósitos Bancários - Principal;Lançamento de Receita;717.905,35;759;Recursos vinculados a fundos;"Não ";Não Aplicável
João Pessoa;201095;Prefeitura Municipal de João Pessoa;052025;2025;13210101;Remuneração de Depósitos Bancários - Principal;Lançamento de Receita;14.558,99;715;Transferências Destinadas ao Setor Cultural - LC nº 195/2022 - Art. 5º - Audiovisual;"Não ";Não Aplicável
João Pessoa;201095;Prefeitura Municipal de João Pessoa;052025;2025;13210101;Remuneração de Depósitos Bancários - Principal;Lançamento de Receita;1.094,2;749;Outras vinculações de transferências;"Não ";Não Aplicável
João Pessoa;201095;Prefeitura Municipal de João Pessoa;052025;2025;13210101;Remuneração de Depósitos Bancários - Principal;Lançamento de Receita;162.661,58;700;Outras Transferências de Convênios ou Repasses da União;3120;Identificação das Transferências da União decorrentes de emendas parlamentares de bancada
João Pessoa;201095;Prefeitura Municipal de João Pessoa;052025;2025;13210101;Remuneração de Depósitos Bancários - Principal;Lançamento de Receita;44.383,63;704;Transferência da União Referente a Royalties do Petróleo e Gás Natural;"Não ";Não Aplicável
João Pessoa;201095;Prefeitura Municipal de João Pessoa;052025;2025;13210101;Remuneração de Depósitos Bancários - Principal;Lançamento de Receita;21.587,17;750;Recursos da Contribuição de Intervenção no Domínio Econômico - CIDE;"Não ";Não Aplicável
João Pessoa;201095;Prefeitura Municipal de João Pessoa;042025;2025;13210101;Remuneração de Depósitos Bancários - Principal;Lançamento de Receita;416.999,78;700;Outras Transferências de Convênios ou Repasses da União;"Não ";Não Aplicável
João Pessoa;201095;Prefeitura Municipal de João Pessoa;042025;2025;13210101;Remuneração de Depósitos Bancários - Principal;Lançamento de Receita;18.951,11;552;Transferências de Recursos do FNDE Referentes ao Programa Nacional de Alimentação Escolar (PNAE);"Não ";Não Aplicável
João Pessoa;201095;Prefeitura Municipal de João Pessoa;042025;2025;13210101;Remuneração de Depósitos Bancários - Principal;Lançamento de Receita;7.491,51;700;Outras Transferências de Convênios ou Repasses da União;3110;Identificação das Transferências da União decorrentes de emendas parlamentares individuais
João Pessoa;201095;Prefeitura Municipal de João Pessoa;042025;2025;13210101;Remuneração de Depósitos Bancários - Principal;Lançamento de Receita;-140.887,23;500;Recursos não vinculados de Impostos;"Não ";Não Aplicável
João Pessoa;201095;Prefeitura Municipal de João Pessoa;042025;2025;13210101;Remuneração de Depósitos Bancários - Principal;Lançamento de Receita;1.516.743,07;751;Recursos da Contribuição para o Custeio do Serviço de Iluminação Pública - COSIP;"Não ";Não Aplicável
João Pessoa;201095;Prefeitura Municipal de João Pessoa;042025;2025;13210101;Remuneração de Depósitos Bancários - Principal;Lançamento de Receita;1.135.194,47;501;Outros Recursos não Vinculados;"Não ";Não Aplicável
João Pessoa;201095;Prefeitura Municipal de João Pessoa;042025;2025;13210101;Remuneração de Depósitos Bancários - Principal;Lançamento de Receita;958.072,19;550;Transferência do Salário-Educação;"Não ";Não Aplicável
João Pessoa;201095;Prefeitura Municipal de João Pessoa;042025;2025;13210101;Remuneração de Depósitos Bancários - Principal;Lançamento de Receita;20.607,3;755;Recursos de Alienação de Bens/Ativos - Administração Direta;"Não ";Não Aplicável
João Pessoa;201095;Prefeitura Municipal de João Pessoa;042025;2025;13210101;Remuneração de Depósitos Bancários - Principal;Lançamento de Receita;13.637,55;571;Transferências do Estado referentes a Convênios e outros Repasses vinculados à Educação;"Não ";Não Aplicável
João Pessoa;201095;Prefeitura Municipal de João Pessoa;042025;2025;13210101;Remuneração de Depósitos Bancários - Principal;Lançamento de Receita;753.721,79;759;Recursos vinculados a fundos;"Não ";Não Aplicável
João Pessoa;201095;Prefeitura Municipal de João Pessoa;042025;2025;13210101;Remuneração de Depósitos Bancários - Principal;Lançamento de Receita;7.336,13;715;Transferências Destinadas ao Setor Cultural - LC nº 195/2022 - Art. 5º - Audiovisual;"Não ";Não Aplicável
João Pessoa;201095;Prefeitura Municipal de João Pessoa;042025;2025;13210101;Remuneração de Depósitos Bancários - Principal;Lançamento de Receita;16.519,41;706;"Transferência Especial da União ";3110;Identificação das Transferências da União decorrentes de emendas parlamentares individuais
João Pessoa;201095;Prefeitura Municipal de João Pessoa;042025;2025;13210101;Remuneração de Depósitos Bancários - Principal;Lançamento de Receita;18.252,66;799;Outras vinculações legais;"Não ";Não Aplicável
João Pessoa;201095;Prefeitura Municipal de João Pessoa;042025;2025;13210101;Remuneração de Depósitos Bancários - Principal;Lançamento de Receita;1.005,5;749;Outras vinculações de transferências;"Não ";Não Aplicável
João Pessoa;201095;Prefeitura Municipal de João Pessoa;042025;2025;13210101;Remuneração de Depósitos Bancários - Principal;Lançamento de Receita;168.913,85;700;Outras Transferências de Convênios ou Repasses da União;3120;Identificação das Transferências da União decorrentes de emendas parlamentares de bancada
João Pessoa;201095;Prefeitura Municipal de João Pessoa;042025;2025;13210101;Remuneração de Depósitos Bancários - Principal;Lançamento de Receita;49.087,82;704;Transferência da União Referente a Royalties do Petróleo e Gás Natural;"Não ";Não Aplicável
João Pessoa;201095;Prefeitura Municipal de João Pessoa;042025;2025;13210101;Remuneração de Depósitos Bancários - Principal;Lançamento de Receita;11.799,56;706;"Transferência Especial da União ";3120;Identificação das Transferências da União decorrentes de emendas parlamentares de bancada
João Pessoa;201095;Prefeitura Municipal de João Pessoa;042025;2025;13210101;Remuneração de Depósitos Bancários - Principal;Lançamento de Receita;43.213,92;703;Outras Transferências de Convênios ou Contratos de Repasse de outras Entidades;"Não ";Não Aplicável
João Pessoa;201095;Prefeitura Municipal de João Pessoa;042025;2025;13210101;Remuneração de Depósitos Bancários - Principal;Lançamento de Receita;228.280,88;569;Outras Transferências de Recursos do FNDE;"Não ";Não Aplicável
João Pessoa;201095;Prefeitura Municipal de João Pessoa;042025;2025;13210101;Remuneração de Depósitos Bancários - Principal;Lançamento de Receita;1,39;551;Transferências de Recursos do FNDE Referentes ao Programa Dinheiro Direto na Escola (PDDE);"Não ";Não Aplicável
João Pessoa;201095;Prefeitura Municipal de João Pessoa;042025;2025;13210101;Remuneração de Depósitos Bancários - Principal;Lançamento de Receita;22.585,75;708;Transferência da União Referente à Compensação Financeira de Recursos Minerais;"Não ";Não Aplicável
João Pessoa;201095;Prefeitura Municipal de João Pessoa;042025;2025;13210101;Remuneração de Depósitos Bancários - Principal;Lançamento de Receita;18.539,84;719;Transferências da Política Nacional Aldir Blanc de Fomento à Cultura - Lei 14.399/2022;"Não ";Não Aplicável
João Pessoa;201095;Prefeitura Municipal de João Pessoa;042025;2025;13210101;Remuneração de Depósitos Bancários - Principal;Lançamento de Receita;1.108,5;716;Transferências Destinadas ao Setor cultural - LC nº 195/2022 - Art. 8º - Demais Setores da Cultura;"Não ";Não Aplicável
João Pessoa;201095;Prefeitura Municipal de João Pessoa;042025;2025;13210101;Remuneração de Depósitos Bancários - Principal;Lançamento de Receita;2.260.706,43;540;Transferências do FUNDEB - Impostos e Transferências de Impostos;1070;Identificação do percentual aplicado no pagamento da remuneração dos profissionais da educação básica em efetivo exercício
João Pessoa;201095;Prefeitura Municipal de João Pessoa;042025;2025;13210101;Remuneração de Depósitos Bancários - Principal;Lançamento de Receita;1.482.331,95;754;"Recursos de Operações de Crédito ";"Não ";Não Aplicável
João Pessoa;201095;Prefeitura Municipal de João Pessoa;042025;2025;13210101;Remuneração de Depósitos Bancários - Principal;Lançamento de Receita;19.183,12;750;Recursos da Contribuição de Intervenção no Domínio Econômico - CIDE;"Não ";Não Aplicável
João Pessoa;201095;Prefeitura Municipal de João Pessoa;042025;2025;13210101;Remuneração de Depósitos Bancários - Principal;Lançamento de Receita;1.171.649,77;500;Recursos não vinculados de Impostos;1001;Identificação das despesas com manutenção e desenvolvimento do ensino
João Pessoa;201095;Prefeitura Municipal de João Pessoa;042025;2025;13210101;Remuneração de Depósitos Bancários - Principal;Lançamento de Receita;589,54;553;"Transferências de Recursos do FNDE Referentes ao Programa Nacional de Apoio ao Transporte Escolar (PNATE) ";"Não ";Não Aplicável
João Pessoa;201095;Prefeitura Municipal de João Pessoa;042025;2025;13210101;Remuneração de Depósitos Bancários - Principal;Lançamento de Receita;28.961,15;710;Transferência Especial dos Estados;3210;Identificação das Transferências dos Estados decorrentes de emendas parlamentares individuais
João Pessoa;201095;Prefeitura Municipal de João Pessoa;032025;2025;13210101;Remuneração de Depósitos Bancários - Principal;Lançamento de Receita;11.296,42;552;Transferências de Recursos do FNDE Referentes ao Programa Nacional de Alimentação Escolar (PNAE);"Não ";Não Aplicável
João Pessoa;201095;Prefeitura Municipal de João Pessoa;032025;2025;13210101;Remuneração de Depósitos Bancários - Principal;Lançamento de Receita;1.521.680,98;754;"Recursos de Operações de Crédito ";"Não ";Não Aplicável
João Pessoa;201095;Prefeitura Municipal de João Pessoa;032025;2025;13210101;Remuneração de Depósitos Bancários - Principal;Lançamento de Receita;200.494,74;569;Outras Transferências de Recursos do FNDE;"Não ";Não Aplicável
João Pessoa;201095;Prefeitura Municipal de João Pessoa;032025;2025;13210101;Remuneração de Depósitos Bancários - Principal;Lançamento de Receita;281,1;553;"Transferências de Recursos do FNDE Referentes ao Programa Nacional de Apoio ao Transporte Escolar (PNATE) ";"Não ";Não Aplicável
João Pessoa;201095;Prefeitura Municipal de João Pessoa;032025;2025;13210101;Remuneração de Depósitos Bancários - Principal;Lançamento de Receita;13.424,12;700;Outras Transferências de Convênios ou Repasses da União;3110;Identificação das Transferências da União decorrentes de emendas parlamentares individuais
João Pessoa;201095;Prefeitura Municipal de João Pessoa;032025;2025;13210101;Remuneração de Depósitos Bancários - Principal;Lançamento de Receita;34.636,44;755;Recursos de Alienação de Bens/Ativos - Administração Direta;"Não ";Não Aplicável
João Pessoa;201095;Prefeitura Municipal de João Pessoa;032025;2025;13210101;Remuneração de Depósitos Bancários - Principal;Lançamento de Receita;1.160.194,87;550;Transferência do Salário-Educação;"Não ";Não Aplicável
João Pessoa;201095;Prefeitura Municipal de João Pessoa;032025;2025;13210101;Remuneração de Depósitos Bancários - Principal;Lançamento de Receita;2.295.890,76;500;Recursos não vinculados de Impostos;"Não ";Não Aplicável
João Pessoa;201095;Prefeitura Municipal de João Pessoa;032025;2025;13210101;Remuneração de Depósitos Bancários - Principal;Lançamento de Receita;8.109,41;706;"Transferência Especial da União ";3110;Identificação das Transferências da União decorrentes de emendas parlamentares individuais
João Pessoa;201095;Prefeitura Municipal de João Pessoa;032025;2025;13210101;Remuneração de Depósitos Bancários - Principal;Lançamento de Receita;10.982,42;706;"Transferência Especial da União ";3120;Identificação das Transferências da União decorrentes de emendas parlamentares de bancada
João Pessoa;201095;Prefeitura Municipal de João Pessoa;032025;2025;13210101;Remuneração de Depósitos Bancários - Principal;Lançamento de Receita;16.290,92;750;Recursos da Contribuição de Intervenção no Domínio Econômico - CIDE;"Não ";Não Aplicável
João Pessoa;201095;Prefeitura Municipal de João Pessoa;032025;2025;13210101;Remuneração de Depósitos Bancários - Principal;Lançamento de Receita;23.215,01;708;Transferência da União Referente à Compensação Financeira de Recursos Minerais;"Não ";Não Aplicável
João Pessoa;201095;Prefeitura Municipal de João Pessoa;032025;2025;13210101;Remuneração de Depósitos Bancários - Principal;Lançamento de Receita;2.019.397,86;540;Transferências do FUNDEB - Impostos e Transferências de Impostos;1070;Identificação do percentual aplicado no pagamento da remuneração dos profissionais da educação básica em efetivo exercício
João Pessoa;201095;Prefeitura Municipal de João Pessoa;032025;2025;13210101;Remuneração de Depósitos Bancários - Principal;Lançamento de Receita;144.414,07;700;Outras Transferências de Convênios ou Repasses da União;3120;Identificação das Transferências da União decorrentes de emendas parlamentares de bancada
João Pessoa;201095;Prefeitura Municipal de João Pessoa;032025;2025;13210101;Remuneração de Depósitos Bancários - Principal;Lançamento de Receita;40.594,01;704;Transferência da União Referente a Royalties do Petróleo e Gás Natural;"Não ";Não Aplicável
João Pessoa;201095;Prefeitura Municipal de João Pessoa;032025;2025;13210101;Remuneração de Depósitos Bancários - Principal;Lançamento de Receita;356.242,31;501;Outros Recursos não Vinculados;"Não ";Não Aplicável
João Pessoa;201095;Prefeitura Municipal de João Pessoa;032025;2025;13210101;Remuneração de Depósitos Bancários - Principal;Lançamento de Receita;900,67;749;Outras vinculações de transferências;"Não ";Não Aplicável
João Pessoa;201095;Prefeitura Municipal de João Pessoa;032025;2025;13210101;Remuneração de Depósitos Bancários - Principal;Lançamento de Receita;764.350,49;759;Recursos vinculados a fundos;"Não ";Não Aplicável
João Pessoa;201095;Prefeitura Municipal de João Pessoa;032025;2025;13210101;Remuneração de Depósitos Bancários - Principal;Lançamento de Receita;365.731,9;700;Outras Transferências de Convênios ou Repasses da União;"Não ";Não Aplicável
João Pessoa;201095;Prefeitura Municipal de João Pessoa;032025;2025;13210101;Remuneração de Depósitos Bancários - Principal;Lançamento de Receita;-56.937,96;710;Transferência Especial dos Estados;3210;Identificação das Transferências dos Estados decorrentes de emendas parlamentares individuais
João Pessoa;201095;Prefeitura Municipal de João Pessoa;032025;2025;13210101;Remuneração de Depósitos Bancários - Principal;Lançamento de Receita;38.700,13;703;Outras Transferências de Convênios ou Contratos de Repasse de outras Entidades;"Não ";Não Aplicável
João Pessoa;201095;Prefeitura Municipal de João Pessoa;032025;2025;13210101;Remuneração de Depósitos Bancários - Principal;Lançamento de Receita;16.382,96;799;Outras vinculações legais;"Não ";Não Aplicável
João Pessoa;201095;Prefeitura Municipal de João Pessoa;032025;2025;13210101;Remuneração de Depósitos Bancários - Principal;Lançamento de Receita;12.154,56;571;Transferências do Estado referentes a Convênios e outros Repasses vinculados à Educação;"Não ";Não Aplicável
João Pessoa;201095;Prefeitura Municipal de João Pessoa;032025;2025;13210101;Remuneração de Depósitos Bancários - Principal;Lançamento de Receita;1.090.472,62;500;Recursos não vinculados de Impostos;1001;Identificação das despesas com manutenção e desenvolvimento do ensino
João Pessoa;201095;Prefeitura Municipal de João Pessoa;022025;2025;13210101;Remuneração de Depósitos Bancários - Principal;Lançamento de Receita;4.198,89;552;Transferências de Recursos do FNDE Referentes ao Programa Nacional de Alimentação Escolar (PNAE);"Não ";Não Aplicável
João Pessoa;201095;Prefeitura Municipal de João Pessoa;022025;2025;13210101;Remuneração de Depósitos Bancários - Principal;Lançamento de Receita;374.942,77;501;Outros Recursos não Vinculados;"Não ";Não Aplicável
João Pessoa;201095;Prefeitura Municipal de João Pessoa;022025;2025;13210101;Remuneração de Depósitos Bancários - Principal;Lançamento de Receita;1.517.439,5;754;"Recursos de Operações de Crédito ";"Não ";Não Aplicável
João Pessoa;201095;Prefeitura Municipal de João Pessoa;022025;2025;13210101;Remuneração de Depósitos Bancários - Principal;Lançamento de Receita;1.147.896,79;500;Recursos não vinculados de Impostos;1001;Identificação das despesas com manutenção e desenvolvimento do ensino
João Pessoa;201095;Prefeitura Municipal de João Pessoa;022025;2025;13210101;Remuneração de Depósitos Bancários - Principal;Lançamento de Receita;1.592.100,43;500;Recursos não vinculados de Impostos;"Não ";Não Aplicável
João Pessoa;201095;Prefeitura Municipal de João Pessoa;022025;2025;13210101;Remuneração de Depósitos Bancários - Principal;Lançamento de Receita;501,73;553;"Transferências de Recursos do FNDE Referentes ao Programa Nacional de Apoio ao Transporte Escolar (PNATE) ";"Não ";Não Aplicável
João Pessoa;201095;Prefeitura Municipal de João Pessoa;022025;2025;13210101;Remuneração de Depósitos Bancários - Principal;Lançamento de Receita;1,3;551;Transferências de Recursos do FNDE Referentes ao Programa Dinheiro Direto na Escola (PDDE);"Não ";Não Aplicável
João Pessoa;201095;Prefeitura Municipal de João Pessoa;022025;2025;13210101;Remuneração de Depósitos Bancários - Principal;Lançamento de Receita;12.752,13;706;"Transferência Especial da União ";3120;Identificação das Transferências da União decorrentes de emendas parlamentares de bancada
João Pessoa;201095;Prefeitura Municipal de João Pessoa;022025;2025;13210101;Remuneração de Depósitos Bancários - Principal;Lançamento de Receita;33.219,53;719;Transferências da Política Nacional Aldir Blanc de Fomento à Cultura - Lei 14.399/2022;"Não ";Não Aplicável
João Pessoa;201095;Prefeitura Municipal de João Pessoa;022025;2025;13210101;Remuneração de Depósitos Bancários - Principal;Lançamento de Receita;259.661,89;700;Outras Transferências de Convênios ou Repasses da União;3120;Identificação das Transferências da União decorrentes de emendas parlamentares de bancada
João Pessoa;201095;Prefeitura Municipal de João Pessoa;022025;2025;13210101;Remuneração de Depósitos Bancários - Principal;Lançamento de Receita;14.823,41;715;Transferências Destinadas ao Setor Cultural - LC nº 195/2022 - Art. 5º - Audiovisual;"Não ";Não Aplicável
João Pessoa;201095;Prefeitura Municipal de João Pessoa;022025;2025;13210101;Remuneração de Depósitos Bancários - Principal;Lançamento de Receita;16.520,47;799;Outras vinculações legais;"Não ";Não Aplicável
João Pessoa;201095;Prefeitura Municipal de João Pessoa;022025;2025;13210101;Remuneração de Depósitos Bancários - Principal;Lançamento de Receita;19.595,85;755;Recursos de Alienação de Bens/Ativos - Administração Direta;"Não ";Não Aplicável
João Pessoa;201095;Prefeitura Municipal de João Pessoa;022025;2025;13210101;Remuneração de Depósitos Bancários - Principal;Lançamento de Receita;674.462,43;759;Recursos vinculados a fundos;"Não ";Não Aplicável
João Pessoa;201095;Prefeitura Municipal de João Pessoa;022025;2025;13210101;Remuneração de Depósitos Bancários - Principal;Lançamento de Receita;47.867,34;704;Transferência da União Referente a Royalties do Petróleo e Gás Natural;"Não ";Não Aplicável
João Pessoa;201095;Prefeitura Municipal de João Pessoa;022025;2025;13210101;Remuneração de Depósitos Bancários - Principal;Lançamento de Receita;213.147,27;569;Outras Transferências de Recursos do FNDE;"Não ";Não Aplicável
João Pessoa;201095;Prefeitura Municipal de João Pessoa;022025;2025;13210101;Remuneração de Depósitos Bancários - Principal;Lançamento de Receita;39.312;703;Outras Transferências de Convênios ou Contratos de Repasse de outras Entidades;"Não ";Não Aplicável
João Pessoa;201095;Prefeitura Municipal de João Pessoa;022025;2025;13210101;Remuneração de Depósitos Bancários - Principal;Lançamento de Receita;601.262,51;550;Transferência do Salário-Educação;"Não ";Não Aplicável
João Pessoa;201095;Prefeitura Municipal de João Pessoa;022025;2025;13210101;Remuneração de Depósitos Bancários - Principal;Lançamento de Receita;25.503,36;710;Transferência Especial dos Estados;3210;Identificação das Transferências dos Estados decorrentes de emendas parlamentares individuais
João Pessoa;201095;Prefeitura Municipal de João Pessoa;022025;2025;13210101;Remuneração de Depósitos Bancários - Principal;Lançamento de Receita;2.234,84;716;Transferências Destinadas ao Setor cultural - LC nº 195/2022 - Art. 8º - Demais Setores da Cultura;"Não ";Não Aplicável
João Pessoa;201095;Prefeitura Municipal de João Pessoa;022025;2025;13210101;Remuneração de Depósitos Bancários - Principal;Lançamento de Receita;23.582,04;708;Transferência da União Referente à Compensação Financeira de Recursos Minerais;"Não ";Não Aplicável
João Pessoa;201095;Prefeitura Municipal de João Pessoa;022025;2025;13210101;Remuneração de Depósitos Bancários - Principal;Lançamento de Receita;15.715,95;706;"Transferência Especial da União ";3110;Identificação das Transferências da União decorrentes de emendas parlamentares individuais
João Pessoa;201095;Prefeitura Municipal de João Pessoa;022025;2025;13210101;Remuneração de Depósitos Bancários - Principal;Lançamento de Receita;2.019.143,67;540;Transferências do FUNDEB - Impostos e Transferências de Impostos;1070;Identificação do percentual aplicado no pagamento da remuneração dos profissionais da educação básica em efetivo exercício
João Pessoa;201095;Prefeitura Municipal de João Pessoa;022025;2025;13210101;Remuneração de Depósitos Bancários - Principal;Lançamento de Receita;327.063,26;700;Outras Transferências de Convênios ou Repasses da União;"Não ";Não Aplicável
João Pessoa;201095;Prefeitura Municipal de João Pessoa;022025;2025;13210101;Remuneração de Depósitos Bancários - Principal;Lançamento de Receita;16.516,51;750;Recursos da Contribuição de Intervenção no Domínio Econômico - CIDE;"Não ";Não Aplicável
João Pessoa;201095;Prefeitura Municipal de João Pessoa;022025;2025;13210101;Remuneração de Depósitos Bancários - Principal;Lançamento de Receita;914,22;749;Outras vinculações de transferências;"Não ";Não Aplicável
João Pessoa;201095;Prefeitura Municipal de João Pessoa;022025;2025;13210101;Remuneração de Depósitos Bancários - Principal;Lançamento de Receita;12.320,24;571;Transferências do Estado referentes a Convênios e outros Repasses vinculados à Educação;"Não ";Não Aplicável
João Pessoa;201095;Prefeitura Municipal de João Pessoa;022025;2025;13210101;Remuneração de Depósitos Bancários - Principal;Lançamento de Receita;7.215,82;700;Outras Transferências de Convênios ou Repasses da União;3110;Identificação das Transferências da União decorrentes de emendas parlamentares individuais
João Pessoa;201095;Prefeitura Municipal de João Pessoa;012025;2025;13210101;Remuneração de Depósitos Bancários - Principal;Lançamento de Receita;11.557,58;706;"Transferência Especial da União ";3120;Identificação das Transferências da União decorrentes de emendas parlamentares de bancada
João Pessoa;201095;Prefeitura Municipal de João Pessoa;012025;2025;13210101;Remuneração de Depósitos Bancários - Principal;Lançamento de Receita;213.438,84;569;Outras Transferências de Recursos do FNDE;"Não ";Não Aplicável
João Pessoa;201095;Prefeitura Municipal de João Pessoa;012025;2025;13210101;Remuneração de Depósitos Bancários - Principal;Lançamento de Receita;22.839,76;706;"Transferência Especial da União ";3110;Identificação das Transferências da União decorrentes de emendas parlamentares individuais
João Pessoa;201095;Prefeitura Municipal de João Pessoa;012025;2025;13210101;Remuneração de Depósitos Bancários - Principal;Lançamento de Receita;12.322,74;571;Transferências do Estado referentes a Convênios e outros Repasses vinculados à Educação;"Não ";Não Aplicável
João Pessoa;201095;Prefeitura Municipal de João Pessoa;012025;2025;13210101;Remuneração de Depósitos Bancários - Principal;Lançamento de Receita;17.375,92;799;Outras vinculações legais;"Não ";Não Aplicável
João Pessoa;201095;Prefeitura Municipal de João Pessoa;012025;2025;13210101;Remuneração de Depósitos Bancários - Principal;Lançamento de Receita;19.739,3;755;Recursos de Alienação de Bens/Ativos - Administração Direta;"Não ";Não Aplicável
João Pessoa;201095;Prefeitura Municipal de João Pessoa;012025;2025;13210101;Remuneração de Depósitos Bancários - Principal;Lançamento de Receita;916,85;749;Outras vinculações de transferências;"Não ";Não Aplicável
João Pessoa;201095;Prefeitura Municipal de João Pessoa;012025;2025;13210101;Remuneração de Depósitos Bancários - Principal;Lançamento de Receita;39.612,64;703;Outras Transferências de Convênios ou Contratos de Repasse de outras Entidades;"Não ";Não Aplicável
João Pessoa;201095;Prefeitura Municipal de João Pessoa;012025;2025;13210101;Remuneração de Depósitos Bancários - Principal;Lançamento de Receita;5.471,59;552;Transferências de Recursos do FNDE Referentes ao Programa Nacional de Alimentação Escolar (PNAE);"Não ";Não Aplicável
João Pessoa;201095;Prefeitura Municipal de João Pessoa;012025;2025;13210101;Remuneração de Depósitos Bancários - Principal;Lançamento de Receita;109.257,04;710;Transferência Especial dos Estados;3210;Identificação das Transferências dos Estados decorrentes de emendas parlamentares individuais
João Pessoa;201095;Prefeitura Municipal de João Pessoa;012025;2025;13210101;Remuneração de Depósitos Bancários - Principal;Lançamento de Receita;23.762,4;708;Transferência da União Referente à Compensação Financeira de Recursos Minerais;"Não ";Não Aplicável
João Pessoa;201095;Prefeitura Municipal de João Pessoa;012025;2025;13210101;Remuneração de Depósitos Bancários - Principal;Lançamento de Receita;44.923,73;704;Transferência da União Referente a Royalties do Petróleo e Gás Natural;"Não ";Não Aplicável
João Pessoa;201095;Prefeitura Municipal de João Pessoa;012025;2025;13210101;Remuneração de Depósitos Bancários - Principal;Lançamento de Receita;1.761.186,21;540;Transferências do FUNDEB - Impostos e Transferências de Impostos;1070;Identificação do percentual aplicado no pagamento da remuneração dos profissionais da educação básica em efetivo exercício
João Pessoa;201095;Prefeitura Municipal de João Pessoa;012025;2025;13210101;Remuneração de Depósitos Bancários - Principal;Lançamento de Receita;16.039,51;750;Recursos da Contribuição de Intervenção no Domínio Econômico - CIDE;"Não ";Não Aplicável
João Pessoa;201095;Prefeitura Municipal de João Pessoa;012025;2025;13210101;Remuneração de Depósitos Bancários - Principal;Lançamento de Receita;382,84;553;"Transferências de Recursos do FNDE Referentes ao Programa Nacional de Apoio ao Transporte Escolar (PNATE) ";"Não ";Não Aplicável
João Pessoa;201095;Prefeitura Municipal de João Pessoa;012025;2025;13210101;Remuneração de Depósitos Bancários - Principal;Lançamento de Receita;1.166.136,15;500;Recursos não vinculados de Impostos;1001;Identificação das despesas com manutenção e desenvolvimento do ensino
João Pessoa;201095;Prefeitura Municipal de João Pessoa;012025;2025;13210101;Remuneração de Depósitos Bancários - Principal;Lançamento de Receita;1.606.800,97;500;Recursos não vinculados de Impostos;"Não ";Não Aplicável
João Pessoa;201095;Prefeitura Municipal de João Pessoa;012025;2025;13210101;Remuneração de Depósitos Bancários - Principal;Lançamento de Receita;1.279.310,83;754;"Recursos de Operações de Crédito ";"Não ";Não Aplicável
João Pessoa;201095;Prefeitura Municipal de João Pessoa;012025;2025;13210101;Remuneração de Depósitos Bancários - Principal;Lançamento de Receita;2,51;551;Transferências de Recursos do FNDE Referentes ao Programa Dinheiro Direto na Escola (PDDE);"Não ";Não Aplicável
João Pessoa;201095;Prefeitura Municipal de João Pessoa;012025;2025;13210101;Remuneração de Depósitos Bancários - Principal;Lançamento de Receita;528.253,16;700;Outras Transferências de Convênios ou Repasses da União;"Não ";Não Aplicável
João Pessoa;201095;Prefeitura Municipal de João Pessoa;012025;2025;13210101;Remuneração de Depósitos Bancários - Principal;Lançamento de Receita;309.977,42;501;Outros Recursos não Vinculados;"Não ";Não Aplicável
João Pessoa;201095;Prefeitura Municipal de João Pessoa;012025;2025;13210101;Remuneração de Depósitos Bancários - Principal;Lançamento de Receita;791.214,1;550;Transferência do Salário-Educação;"Não ";Não Aplicável
João Pessoa;201095;Prefeitura Municipal de João Pessoa;012025;2025;13210101;Remuneração de Depósitos Bancários - Principal;Lançamento de Receita;738.741,39;759;Recursos vinculados a fundos;"Não ";Não Aplicável
João Pessoa;201095;Prefeitura Municipal de João Pessoa;122025;2025;13110111;Aluguéis e Arrendamentos - Principal;Lançamento de Receita;228.790,47;501;Outros Recursos não Vinculados;"Não ";Não Aplicável
João Pessoa;201095;Prefeitura Municipal de João Pessoa;112025;2025;13110111;Aluguéis e Arrendamentos - Principal;Lançamento de Receita;185,6;759;Recursos vinculados a fundos;"Não ";Não Aplicável
João Pessoa;201095;Prefeitura Municipal de João Pessoa;112025;2025;13110111;Aluguéis e Arrendamentos - Principal;Lançamento de Receita;158.145,25;501;Outros Recursos não Vinculados;"Não ";Não Aplicável
João Pessoa;201095;Prefeitura Municipal de João Pessoa;102025;2025;13110111;Aluguéis e Arrendamentos - Principal;Lançamento de Receita;182,67;759;Recursos vinculados a fundos;"Não ";Não Aplicável
João Pessoa;201095;Prefeitura Municipal de João Pessoa;102025;2025;13110111;Aluguéis e Arrendamentos - Principal;Lançamento de Receita;1.062.496,8;501;Outros Recursos não Vinculados;"Não ";Não Aplicável
João Pessoa;201095;Prefeitura Municipal de João Pessoa;092025;2025;13110111;Aluguéis e Arrendamentos - Principal;Lançamento de Receita;182,67;759;Recursos vinculados a fundos;"Não ";Não Aplicável
João Pessoa;201095;Prefeitura Municipal de João Pessoa;092025;2025;13110111;Aluguéis e Arrendamentos - Principal;Lançamento de Receita;182,67;501;Outros Recursos não Vinculados;"Não ";Não Aplicável
João Pessoa;201095;Prefeitura Municipal de João Pessoa;122025;2025;12415001;Contribuição para o Custeio do Serviço de Iluminação Pública - Principal;Lançamento de Receita;-3.519.027,35;751;Recursos da Contribuição para o Custeio do Serviço de Iluminação Pública - COSIP;"Não ";Não Aplicável
João Pessoa;201095;Prefeitura Municipal de João Pessoa;122025;2025;12415001;Contribuição para o Custeio do Serviço de Iluminação Pública - Principal;Lançamento de Receita;9.291.235,67;501;Outros Recursos não Vinculados;"Não ";Não Aplicável
João Pessoa;201095;Prefeitura Municipal de João Pessoa;112025;2025;12415001;Contribuição para o Custeio do Serviço de Iluminação Pública - Principal;Lançamento de Receita;2.866.966,36;501;Outros Recursos não Vinculados;"Não ";Não Aplicável
João Pessoa;201095;Prefeitura Municipal de João Pessoa;112025;2025;12415001;Contribuição para o Custeio do Serviço de Iluminação Pública - Principal;Lançamento de Receita;2.866.966,36;751;Recursos da Contribuição para o Custeio do Serviço de Iluminação Pública - COSIP;"Não ";Não Aplicável
João Pessoa;201095;Prefeitura Municipal de João Pessoa;102025;2025;12415001;Contribuição para o Custeio do Serviço de Iluminação Pública - Principal;Lançamento de Receita;2.585.909,45;751;Recursos da Contribuição para o Custeio do Serviço de Iluminação Pública - COSIP;"Não ";Não Aplicável
João Pessoa;201095;Prefeitura Municipal de João Pessoa;102025;2025;12415001;Contribuição para o Custeio do Serviço de Iluminação Pública - Principal;Lançamento de Receita;2.585.909,45;501;Outros Recursos não Vinculados;"Não ";Não Aplicável
João Pessoa;201095;Prefeitura Municipal de João Pessoa;092025;2025;12415001;Contribuição para o Custeio do Serviço de Iluminação Pública - Principal;Lançamento de Receita;1.403.318,36;501;Outros Recursos não Vinculados;"Não ";Não Aplicável
João Pessoa;201095;Prefeitura Municipal de João Pessoa;092025;2025;12415001;Contribuição para o Custeio do Serviço de Iluminação Pública - Principal;Lançamento de Receita;3.274.409,52;751;Recursos da Contribuição para o Custeio do Serviço de Iluminação Pública - COSIP;"Não ";Não Aplicável
João Pessoa;201095;Prefeitura Municipal de João Pessoa;082025;2025;12415001;Contribuição para o Custeio do Serviço de Iluminação Pública - Principal;Lançamento de Receita;3.598.474,95;751;Recursos da Contribuição para o Custeio do Serviço de Iluminação Pública - COSIP;"Não ";Não Aplicável
João Pessoa;201095;Prefeitura Municipal de João Pessoa;082025;2025;12415001;Contribuição para o Custeio do Serviço de Iluminação Pública - Principal;Lançamento de Receita;1.542.203,55;501;Outros Recursos não Vinculados;"Não ";Não Aplicável
João Pessoa;201095;Prefeitura Municipal de João Pessoa;072025;2025;12415001;Contribuição para o Custeio do Serviço de Iluminação Pública - Principal;Lançamento de Receita;1.574.846,93;501;Outros Recursos não Vinculados;"Não ";Não Aplicável
João Pessoa;201095;Prefeitura Municipal de João Pessoa;072025;2025;12415001;Contribuição para o Custeio do Serviço de Iluminação Pública - Principal;Lançamento de Receita;3.674.642,84;751;Recursos da Contribuição para o Custeio do Serviço de Iluminação Pública - COSIP;"Não ";Não Aplicável
João Pessoa;201095;Prefeitura Municipal de João Pessoa;062025;2025;12415001;Contribuição para o Custeio do Serviço de Iluminação Pública - Principal;Lançamento de Receita;3.727.217,7;751;Recursos da Contribuição para o Custeio do Serviço de Iluminação Pública - COSIP;"Não ";Não Aplicável
João Pessoa;201095;Prefeitura Municipal de João Pessoa;062025;2025;12415001;Contribuição para o Custeio do Serviço de Iluminação Pública - Principal;Lançamento de Receita;1.597.379,01;501;Outros Recursos não Vinculados;"Não ";Não Aplicável
João Pessoa;201095;Prefeitura Municipal de João Pessoa;052025;2025;12415001;Contribuição para o Custeio do Serviço de Iluminação Pública - Principal;Lançamento de Receita;1.526.888,31;501;Outros Recursos não Vinculados;"Não ";Não Aplicável
João Pessoa;201095;Prefeitura Municipal de João Pessoa;052025;2025;12415001;Contribuição para o Custeio do Serviço de Iluminação Pública - Principal;Lançamento de Receita;3.562.739,42;751;Recursos da Contribuição para o Custeio do Serviço de Iluminação Pública - COSIP;"Não ";Não Aplicável
João Pessoa;201095;Prefeitura Municipal de João Pessoa;042025;2025;12415001;Contribuição para o Custeio do Serviço de Iluminação Pública - Principal;Lançamento de Receita;1.570.256,73;501;Outros Recursos não Vinculados;"Não ";Não Aplicável
João Pessoa;201095;Prefeitura Municipal de João Pessoa;042025;2025;12415001;Contribuição para o Custeio do Serviço de Iluminação Pública - Principal;Lançamento de Receita;3.663.932,4;751;Recursos da Contribuição para o Custeio do Serviço de Iluminação Pública - COSIP;"Não ";Não Aplicável
João Pessoa;201095;Prefeitura Municipal de João Pessoa;032025;2025;12415001;Contribuição para o Custeio do Serviço de Iluminação Pública - Principal;Lançamento de Receita;3.627.189,7;751;Recursos da Contribuição para o Custeio do Serviço de Iluminação Pública - COSIP;"Não ";Não Aplicável
João Pessoa;201095;Prefeitura Municipal de João Pessoa;032025;2025;12415001;Contribuição para o Custeio do Serviço de Iluminação Pública - Principal;Lançamento de Receita;1.554.509,87;501;Outros Recursos não Vinculados;"Não ";Não Aplicável
João Pessoa;201095;Prefeitura Municipal de João Pessoa;022025;2025;12415001;Contribuição para o Custeio do Serviço de Iluminação Pública - Principal;Lançamento de Receita;1.588.187,44;501;Outros Recursos não Vinculados;"Não ";Não Aplicável
João Pessoa;201095;Prefeitura Municipal de João Pessoa;022025;2025;12415001;Contribuição para o Custeio do Serviço de Iluminação Pública - Principal;Lançamento de Receita;3.705.770,7;751;Recursos da Contribuição para o Custeio do Serviço de Iluminação Pública - COSIP;"Não ";Não Aplicável
João Pessoa;201095;Prefeitura Municipal de João Pessoa;012025;2025;12415001;Contribuição para o Custeio do Serviço de Iluminação Pública - Principal;Lançamento de Receita;1.581.137,87;501;Outros Recursos não Vinculados;"Não ";Não Aplicável
João Pessoa;201095;Prefeitura Municipal de João Pessoa;012025;2025;12415001;Contribuição para o Custeio do Serviço de Iluminação Pública - Principal;Lançamento de Receita;0;500;Recursos não vinculados de Impostos;"Não ";Não Aplicável
João Pessoa;201095;Prefeitura Municipal de João Pessoa;012025;2025;12415001;Contribuição para o Custeio do Serviço de Iluminação Pública - Principal;Lançamento de Receita;3.689.321,7;751;Recursos da Contribuição para o Custeio do Serviço de Iluminação Pública - COSIP;"Não ";Não Aplicável
João Pessoa;201095;Prefeitura Municipal de João Pessoa;122025;2025;11220104;Taxas pela Prestação de Serviços em Geral - Dívida Ativa - Multas e Juros de Mora da Dívida Ativa;Lançamento de Receita;154,54;501;Outros Recursos não Vinculados;"Não ";Não Aplicável
João Pessoa;201095;Prefeitura Municipal de João Pessoa;122025;2025;11220103;Taxas pela Prestação de Serviços em Geral - Dívida Ativa;Lançamento de Receita;1.378,6;501;Outros Recursos não Vinculados;"Não ";Não Aplicável
João Pessoa;201095;Prefeitura Municipal de João Pessoa;032025;2025;11220103;Taxas pela Prestação de Serviços em Geral - Dívida Ativa;Lançamento de Receita;688,07;500;Recursos não vinculados de Impostos;"Não ";Não Aplicável
João Pessoa;201095;Prefeitura Municipal de João Pessoa;122025;2025;11220102;Taxas pela Prestação de Serviços em Geral - Multas e Juros de Mora;Lançamento de Receita;628,7;501;Outros Recursos não Vinculados;"Não ";Não Aplicável
João Pessoa;201095;Prefeitura Municipal de João Pessoa;112025;2025;11220102;Taxas pela Prestação de Serviços em Geral - Multas e Juros de Mora;Lançamento de Receita;604,39;501;Outros Recursos não Vinculados;"Não ";Não Aplicável
João Pessoa;201095;Prefeitura Municipal de João Pessoa;112025;2025;11220102;Taxas pela Prestação de Serviços em Geral - Multas e Juros de Mora;Lançamento de Receita;16,57;500;Recursos não vinculados de Impostos;"Não ";Não Aplicável
João Pessoa;201095;Prefeitura Municipal de João Pessoa;102025;2025;11220102;Taxas pela Prestação de Serviços em Geral - Multas e Juros de Mora;Lançamento de Receita;17,1;500;Recursos não vinculados de Impostos;"Não ";Não Aplicável
João Pessoa;201095;Prefeitura Municipal de João Pessoa;102025;2025;11220102;Taxas pela Prestação de Serviços em Geral - Multas e Juros de Mora;Lançamento de Receita;570,25;501;Outros Recursos não Vinculados;"Não ";Não Aplicável
João Pessoa;201095;Prefeitura Municipal de João Pessoa;092025;2025;11220102;Taxas pela Prestação de Serviços em Geral - Multas e Juros de Mora;Lançamento de Receita;1.120,31;501;Outros Recursos não Vinculados;"Não ";Não Aplicável
João Pessoa;201095;Prefeitura Municipal de João Pessoa;082025;2025;11220102;Taxas pela Prestação de Serviços em Geral - Multas e Juros de Mora;Lançamento de Receita;86,93;500;Recursos não vinculados de Impostos;"Não ";Não Aplicável
João Pessoa;201095;Prefeitura Municipal de João Pessoa;082025;2025;11220102;Taxas pela Prestação de Serviços em Geral - Multas e Juros de Mora;Lançamento de Receita;41,59;501;Outros Recursos não Vinculados;"Não ";Não Aplicável
João Pessoa;201095;Prefeitura Municipal de João Pessoa;072025;2025;11220102;Taxas pela Prestação de Serviços em Geral - Multas e Juros de Mora;Lançamento de Receita;1,55;501;Outros Recursos não Vinculados;"Não ";Não Aplicável
João Pessoa;201095;Prefeitura Municipal de João Pessoa;122025;2025;11220101;Taxas pela Prestação de Serviços em Geral - Principal;Lançamento de Receita;167.085,31;501;Outros Recursos não Vinculados;"Não ";Não Aplicável
João Pessoa;201095;Prefeitura Municipal de João Pessoa;112025;2025;11220101;Taxas pela Prestação de Serviços em Geral - Principal;Lançamento de Receita;146.883,25;501;Outros Recursos não Vinculados;"Não ";Não Aplicável
João Pessoa;201095;Prefeitura Municipal de João Pessoa;112025;2025;11220101;Taxas pela Prestação de Serviços em Geral - Principal;Lançamento de Receita;26.737;500;Recursos não vinculados de Impostos;"Não ";Não Aplicável
João Pessoa;201095;Prefeitura Municipal de João Pessoa;102025;2025;11220101;Taxas pela Prestação de Serviços em Geral - Principal;Lançamento de Receita;-490.388,69;501;Outros Recursos não Vinculados;"Não ";Não Aplicável
João Pessoa;201095;Prefeitura Municipal de João Pessoa;102025;2025;11220101;Taxas pela Prestação de Serviços em Geral - Principal;Lançamento de Receita;3.544,84;500;Recursos não vinculados de Impostos;"Não ";Não Aplicável
João Pessoa;201095;Prefeitura Municipal de João Pessoa;092025;2025;11220101;Taxas pela Prestação de Serviços em Geral - Principal;Lançamento de Receita;492.718,63;501;Outros Recursos não Vinculados;"Não ";Não Aplicável
João Pessoa;201095;Prefeitura Municipal de João Pessoa;092025;2025;11220101;Taxas pela Prestação de Serviços em Geral - Principal;Lançamento de Receita;0;500;Recursos não vinculados de Impostos;"Não ";Não Aplicável
João Pessoa;201095;Prefeitura Municipal de João Pessoa;082025;2025;11220101;Taxas pela Prestação de Serviços em Geral - Principal;Lançamento de Receita;143.939,39;501;Outros Recursos não Vinculados;"Não ";Não Aplicável
João Pessoa;201095;Prefeitura Municipal de João Pessoa;082025;2025;11220101;Taxas pela Prestação de Serviços em Geral - Principal;Lançamento de Receita;21.076,53;500;Recursos não vinculados de Impostos;"Não ";Não Aplicável
João Pessoa;201095;Prefeitura Municipal de João Pessoa;072025;2025;11220101;Taxas pela Prestação de Serviços em Geral - Principal;Lançamento de Receita;2.149.510,23;501;Outros Recursos não Vinculados;"Não ";Não Aplicável
João Pessoa;201095;Prefeitura Municipal de João Pessoa;072025;2025;11220101;Taxas pela Prestação de Serviços em Geral - Principal;Lançamento de Receita;158.925,58;500;Recursos não vinculados de Impostos;"Não ";Não Aplicável
João Pessoa;201095;Prefeitura Municipal de João Pessoa;062025;2025;11220101;Taxas pela Prestação de Serviços em Geral - Principal;Lançamento de Receita;167.493,08;500;Recursos não vinculados de Impostos;"Não ";Não Aplicável
João Pessoa;201095;Prefeitura Municipal de João Pessoa;062025;2025;11220101;Taxas pela Prestação de Serviços em Geral - Principal;Lançamento de Receita;2.100.787,46;501;Outros Recursos não Vinculados;"Não ";Não Aplicável
João Pessoa;201095;Prefeitura Municipal de João Pessoa;052025;2025;11220101;Taxas pela Prestação de Serviços em Geral - Principal;Lançamento de Receita;3.188.174,73;501;Outros Recursos não Vinculados;"Não ";Não Aplicável
João Pessoa;201095;Prefeitura Municipal de João Pessoa;052025;2025;11220101;Taxas pela Prestação de Serviços em Geral - Principal;Lançamento de Receita;-406.038,05;500;Recursos não vinculados de Impostos;"Não ";Não Aplicável
João Pessoa;201095;Prefeitura Municipal de João Pessoa;042025;2025;11220101;Taxas pela Prestação de Serviços em Geral - Principal;Lançamento de Receita;3.596.415,25;500;Recursos não vinculados de Impostos;"Não ";Não Aplicável
João Pessoa;201095;Prefeitura Municipal de João Pessoa;032025;2025;11220101;Taxas pela Prestação de Serviços em Geral - Principal;Lançamento de Receita;19.842.903,09;500;Recursos não vinculados de Impostos;"Não ";Não Aplicável
João Pessoa;201095;Prefeitura Municipal de João Pessoa;022025;2025;11220101;Taxas pela Prestação de Serviços em Geral - Principal;Lançamento de Receita;7.731.409,7;500;Recursos não vinculados de Impostos;"Não ";Não Aplicável
João Pessoa;201095;Prefeitura Municipal de João Pessoa;012025;2025;11220101;Taxas pela Prestação de Serviços em Geral - Principal;Lançamento de Receita;3.349.071,77;500;Recursos não vinculados de Impostos;"Não ";Não Aplicável
João Pessoa;201095;Prefeitura Municipal de João Pessoa;082025;2025;11210401;Taxa de Controle e Fiscalização Ambiental - Principal;Lançamento de Receita;337.100,33;501;Outros Recursos não Vinculados;"Não ";Não Aplicável
João Pessoa;201095;Prefeitura Municipal de João Pessoa;122025;2025;11210104;Taxas de Inspeção, Controle e Fiscalização - Dívida Ativa - Multas e Juros de Mora da Dívida Ativa;Lançamento de Receita;21.091,63;501;Outros Recursos não Vinculados;"Não ";Não Aplicável
João Pessoa;201095;Prefeitura Municipal de João Pessoa;112025;2025;11210104;Taxas de Inspeção, Controle e Fiscalização - Dívida Ativa - Multas e Juros de Mora da Dívida Ativa;Lançamento de Receita;342,77;501;Outros Recursos não Vinculados;"Não ";Não Aplicável
João Pessoa;201095;Prefeitura Municipal de João Pessoa;122025;2025;11210103;Taxas de Inspeção, Controle e Fiscalização - Dívida Ativa;Lançamento de Receita;283.109;501;Outros Recursos não Vinculados;"Não ";Não Aplicável
João Pessoa;201095;Prefeitura Municipal de João Pessoa;112025;2025;11210103;Taxas de Inspeção, Controle e Fiscalização - Dívida Ativa;Lançamento de Receita;3.564,33;501;Outros Recursos não Vinculados;"Não ";Não Aplicável
João Pessoa;201095;Prefeitura Municipal de João Pessoa;122025;2025;11210102;Taxas de Inspeção, Controle e Fiscalização - Multas e Juros de Mora;Lançamento de Receita;128.321,91;501;Outros Recursos não Vinculados;"Não ";Não Aplicável
João Pessoa;201095;Prefeitura Municipal de João Pessoa;112025;2025;11210102;Taxas de Inspeção, Controle e Fiscalização - Multas e Juros de Mora;Lançamento de Receita;110.616,68;501;Outros Recursos não Vinculados;"Não ";Não Aplicável
João Pessoa;201095;Prefeitura Municipal de João Pessoa;102025;2025;11210102;Taxas de Inspeção, Controle e Fiscalização - Multas e Juros de Mora;Lançamento de Receita;157.695,92;501;Outros Recursos não Vinculados;"Não ";Não Aplicável
João Pessoa;201095;Prefeitura Municipal de João Pessoa;092025;2025;11210102;Taxas de Inspeção, Controle e Fiscalização - Multas e Juros de Mora;Lançamento de Receita;0;500;Recursos não vinculados de Impostos;"Não ";Não Aplicável
João Pessoa;201095;Prefeitura Municipal de João Pessoa;092025;2025;11210102;Taxas de Inspeção, Controle e Fiscalização - Multas e Juros de Mora;Lançamento de Receita;205.716,01;501;Outros Recursos não Vinculados;"Não ";Não Aplicável
João Pessoa;201095;Prefeitura Municipal de João Pessoa;082025;2025;11210102;Taxas de Inspeção, Controle e Fiscalização - Multas e Juros de Mora;Lançamento de Receita;346.525,26;501;Outros Recursos não Vinculados;"Não ";Não Aplicável
João Pessoa;201095;Prefeitura Municipal de João Pessoa;082025;2025;11210102;Taxas de Inspeção, Controle e Fiscalização - Multas e Juros de Mora;Lançamento de Receita;0;500;Recursos não vinculados de Impostos;"Não ";Não Aplicável
João Pessoa;201095;Prefeitura Municipal de João Pessoa;122025;2025;11210101;Taxas de Inspeção, Controle e Fiscalização - Principal;Lançamento de Receita;6.989.728,12;501;Outros Recursos não Vinculados;"Não ";Não Aplicável
João Pessoa;201095;Prefeitura Municipal de João Pessoa;122025;2025;11210101;Taxas de Inspeção, Controle e Fiscalização - Principal;Lançamento de Receita;-3.560.905,79;759;Recursos vinculados a fundos;"Não ";Não Aplicável
João Pessoa;201095;Prefeitura Municipal de João Pessoa;112025;2025;11210101;Taxas de Inspeção, Controle e Fiscalização - Principal;Lançamento de Receita;2.892.488,92;501;Outros Recursos não Vinculados;"Não ";Não Aplicável
João Pessoa;201095;Prefeitura Municipal de João Pessoa;112025;2025;11210101;Taxas de Inspeção, Controle e Fiscalização - Principal;Lançamento de Receita;0;500;Recursos não vinculados de Impostos;"Não ";Não Aplicável
João Pessoa;201095;Prefeitura Municipal de João Pessoa;112025;2025;11210101;Taxas de Inspeção, Controle e Fiscalização - Principal;Lançamento de Receita;2.120.654,46;759;Recursos vinculados a fundos;"Não ";Não Aplicável
João Pessoa;201095;Prefeitura Municipal de João Pessoa;102025;2025;11210101;Taxas de Inspeção, Controle e Fiscalização - Principal;Lançamento de Receita;2.463.432,8;501;Outros Recursos não Vinculados;"Não ";Não Aplicável
João Pessoa;201095;Prefeitura Municipal de João Pessoa;102025;2025;11210101;Taxas de Inspeção, Controle e Fiscalização - Principal;Lançamento de Receita;1.443.781,4;759;Recursos vinculados a fundos;"Não ";Não Aplicável
João Pessoa;201095;Prefeitura Municipal de João Pessoa;092025;2025;11210101;Taxas de Inspeção, Controle e Fiscalização - Principal;Lançamento de Receita;3.727.299,07;501;Outros Recursos não Vinculados;"Não ";Não Aplicável
João Pessoa;201095;Prefeitura Municipal de João Pessoa;092025;2025;11210101;Taxas de Inspeção, Controle e Fiscalização - Principal;Lançamento de Receita;0;500;Recursos não vinculados de Impostos;"Não ";Não Aplicável
João Pessoa;201095;Prefeitura Municipal de João Pessoa;092025;2025;11210101;Taxas de Inspeção, Controle e Fiscalização - Principal;Lançamento de Receita;3.638.092,23;759;Recursos vinculados a fundos;"Não ";Não Aplicável
João Pessoa;201095;Prefeitura Municipal de João Pessoa;082025;2025;11210101;Taxas de Inspeção, Controle e Fiscalização - Principal;Lançamento de Receita;2.339.239,64;501;Outros Recursos não Vinculados;"Não ";Não Aplicável
João Pessoa;201095;Prefeitura Municipal de João Pessoa;082025;2025;11210101;Taxas de Inspeção, Controle e Fiscalização - Principal;Lançamento de Receita;2.822.679,76;759;Recursos vinculados a fundos;"Não ";Não Aplicável
João Pessoa;201095;Prefeitura Municipal de João Pessoa;082025;2025;11210101;Taxas de Inspeção, Controle e Fiscalização - Principal;Lançamento de Receita;0;500;Recursos não vinculados de Impostos;"Não ";Não Aplicável
João Pessoa;201095;Prefeitura Municipal de João Pessoa;072025;2025;11210101;Taxas de Inspeção, Controle e Fiscalização - Principal;Lançamento de Receita;2.520.841,06;759;Recursos vinculados a fundos;"Não ";Não Aplicável
João Pessoa;201095;Prefeitura Municipal de João Pessoa;072025;2025;11210101;Taxas de Inspeção, Controle e Fiscalização - Principal;Lançamento de Receita;2.271.759,32;501;Outros Recursos não Vinculados;"Não ";Não Aplicável
João Pessoa;201095;Prefeitura Municipal de João Pessoa;072025;2025;11210101;Taxas de Inspeção, Controle e Fiscalização - Principal;Lançamento de Receita;0;500;Recursos não vinculados de Impostos;"Não ";Não Aplicável
João Pessoa;201095;Prefeitura Municipal de João Pessoa;062025;2025;11210101;Taxas de Inspeção, Controle e Fiscalização - Principal;Lançamento de Receita;1.054.234,1;501;Outros Recursos não Vinculados;"Não ";Não Aplicável
João Pessoa;201095;Prefeitura Municipal de João Pessoa;062025;2025;11210101;Taxas de Inspeção, Controle e Fiscalização - Principal;Lançamento de Receita;1.153.838,95;759;Recursos vinculados a fundos;"Não ";Não Aplicável
João Pessoa;201095;Prefeitura Municipal de João Pessoa;062025;2025;11210101;Taxas de Inspeção, Controle e Fiscalização - Principal;Lançamento de Receita;24.932,31;500;Recursos não vinculados de Impostos;"Não ";Não Aplicável
João Pessoa;201095;Prefeitura Municipal de João Pessoa;052025;2025;11210101;Taxas de Inspeção, Controle e Fiscalização - Principal;Lançamento de Receita;-1.086.784,21;500;Recursos não vinculados de Impostos;"Não ";Não Aplicável
João Pessoa;201095;Prefeitura Municipal de João Pessoa;052025;2025;11210101;Taxas de Inspeção, Controle e Fiscalização - Principal;Lançamento de Receita;3.338.455,91;501;Outros Recursos não Vinculados;"Não ";Não Aplicável
João Pessoa;201095;Prefeitura Municipal de João Pessoa;052025;2025;11210101;Taxas de Inspeção, Controle e Fiscalização - Principal;Lançamento de Receita;917.426,74;759;Recursos vinculados a fundos;"Não ";Não Aplicável
João Pessoa;201095;Prefeitura Municipal de João Pessoa;042025;2025;11210101;Taxas de Inspeção, Controle e Fiscalização - Principal;Lançamento de Receita;1.086.784,21;500;Recursos não vinculados de Impostos;"Não ";Não Aplicável
João Pessoa;201095;Prefeitura Municipal de João Pessoa;042025;2025;11210101;Taxas de Inspeção, Controle e Fiscalização - Principal;Outras Deduções;-167.141,9;759;Recursos vinculados a fundos;"Não ";Não Aplicável
João Pessoa;201095;Prefeitura Municipal de João Pessoa;042025;2025;11210101;Taxas de Inspeção, Controle e Fiscalização - Principal;Lançamento de Receita;3.275.881,64;759;Recursos vinculados a fundos;"Não ";Não Aplicável
João Pessoa;201095;Prefeitura Municipal de João Pessoa;042025;2025;11210101;Taxas de Inspeção, Controle e Fiscalização - Principal;Lançamento de Receita;1.403.949,27;501;Outros Recursos não Vinculados;"Não ";Não Aplicável
João Pessoa;201095;Prefeitura Municipal de João Pessoa;032025;2025;11210101;Taxas de Inspeção, Controle e Fiscalização - Principal;Lançamento de Receita;1.216.503,9;759;Recursos vinculados a fundos;"Não ";Não Aplicável
João Pessoa;201095;Prefeitura Municipal de João Pessoa;032025;2025;11210101;Taxas de Inspeção, Controle e Fiscalização - Principal;Lançamento de Receita;521.358,81;501;Outros Recursos não Vinculados;"Não ";Não Aplicável
João Pessoa;201095;Prefeitura Municipal de João Pessoa;032025;2025;11210101;Taxas de Inspeção, Controle e Fiscalização - Principal;Lançamento de Receita;723.927,94;500;Recursos não vinculados de Impostos;"Não ";Não Aplicável
João Pessoa;201095;Prefeitura Municipal de João Pessoa;022025;2025;11210101;Taxas de Inspeção, Controle e Fiscalização - Principal;Lançamento de Receita;1.068.918,76;500;Recursos não vinculados de Impostos;"Não ";Não Aplicável
João Pessoa;201095;Prefeitura Municipal de João Pessoa;022025;2025;11210101;Taxas de Inspeção, Controle e Fiscalização - Principal;Lançamento de Receita;640.291,66;501;Outros Recursos não Vinculados;"Não ";Não Aplicável
João Pessoa;201095;Prefeitura Municipal de João Pessoa;022025;2025;11210101;Taxas de Inspeção, Controle e Fiscalização - Principal;Lançamento de Receita;1.494.013,91;759;Recursos vinculados a fundos;"Não ";Não Aplicável
João Pessoa;201095;Prefeitura Municipal de João Pessoa;012025;2025;11210101;Taxas de Inspeção, Controle e Fiscalização - Principal;Lançamento de Receita;1.834.148,17;759;Recursos vinculados a fundos;"Não ";Não Aplicável
João Pessoa;201095;Prefeitura Municipal de João Pessoa;012025;2025;11210101;Taxas de Inspeção, Controle e Fiscalização - Principal;Lançamento de Receita;962.362,47;500;Recursos não vinculados de Impostos;"Não ";Não Aplicável
João Pessoa;201095;Prefeitura Municipal de João Pessoa;012025;2025;11210101;Taxas de Inspeção, Controle e Fiscalização - Principal;Lançamento de Receita;786.063,51;501;Outros Recursos não Vinculados;"Não ";Não Aplicável
João Pessoa;201095;Prefeitura Municipal de João Pessoa;122025;2025;11145114;Imposto sobre Serviços de Qualquer Natureza - ISSQN - Dívida Ativa - Multas e Juros de Mora da Dívida Ativa;Lançamento de Receita;44.784,21;500;Recursos não vinculados de Impostos;"Não ";Não Aplicável
João Pessoa;201095;Prefeitura Municipal de João Pessoa;112025;2025;11145114;Imposto sobre Serviços de Qualquer Natureza - ISSQN - Dívida Ativa - Multas e Juros de Mora da Dívida Ativa;Lançamento de Receita;32.070,28;500;Recursos não vinculados de Impostos;"Não ";Não Aplicável
João Pessoa;201095;Prefeitura Municipal de João Pessoa;102025;2025;11145114;Imposto sobre Serviços de Qualquer Natureza - ISSQN - Dívida Ativa - Multas e Juros de Mora da Dívida Ativa;Lançamento de Receita;15.369,12;500;Recursos não vinculados de Impostos;"Não ";Não Aplicável
João Pessoa;201095;Prefeitura Municipal de João Pessoa;092025;2025;11145114;Imposto sobre Serviços de Qualquer Natureza - ISSQN - Dívida Ativa - Multas e Juros de Mora da Dívida Ativa;Lançamento de Receita;7.210,85;500;Recursos não vinculados de Impostos;"Não ";Não Aplicável
João Pessoa;201095;Prefeitura Municipal de João Pessoa;082025;2025;11145114;Imposto sobre Serviços de Qualquer Natureza - ISSQN - Dívida Ativa - Multas e Juros de Mora da Dívida Ativa;Lançamento de Receita;153.638,89;500;Recursos não vinculados de Impostos;"Não ";Não Aplicável
João Pessoa;201095;Prefeitura Municipal de João Pessoa;072025;2025;11145114;Imposto sobre Serviços de Qualquer Natureza - ISSQN - Dívida Ativa - Multas e Juros de Mora da Dívida Ativa;Lançamento de Receita;109.717,52;500;Recursos não vinculados de Impostos;"Não ";Não Aplicável
João Pessoa;201095;Prefeitura Municipal de João Pessoa;122025;2025;11145113;Imposto sobre Serviços de Qualquer Natureza - ISSQN - Dívida Ativa;Lançamento de Receita;515.468,87;500;Recursos não vinculados de Impostos;"Não ";Não Aplicável
João Pessoa;201095;Prefeitura Municipal de João Pessoa;112025;2025;11145113;Imposto sobre Serviços de Qualquer Natureza - ISSQN - Dívida Ativa;Lançamento de Receita;434.279,81;500;Recursos não vinculados de Impostos;"Não ";Não Aplicável
João Pessoa;201095;Prefeitura Municipal de João Pessoa;102025;2025;11145113;Imposto sobre Serviços de Qualquer Natureza - ISSQN - Dívida Ativa;Lançamento de Receita;134.792,79;500;Recursos não vinculados de Impostos;"Não ";Não Aplicável
João Pessoa;201095;Prefeitura Municipal de João Pessoa;092025;2025;11145113;Imposto sobre Serviços de Qualquer Natureza - ISSQN - Dívida Ativa;Lançamento de Receita;57.975,51;500;Recursos não vinculados de Impostos;"Não ";Não Aplicável
João Pessoa;201095;Prefeitura Municipal de João Pessoa;082025;2025;11145113;Imposto sobre Serviços de Qualquer Natureza - ISSQN - Dívida Ativa;Lançamento de Receita;1.502,05;500;Recursos não vinculados de Impostos;"Não ";Não Aplicável
João Pessoa;201095;Prefeitura Municipal de João Pessoa;072025;2025;11145113;Imposto sobre Serviços de Qualquer Natureza - ISSQN - Dívida Ativa;Lançamento de Receita;955.318,37;500;Recursos não vinculados de Impostos;"Não ";Não Aplicável
João Pessoa;201095;Prefeitura Municipal de João Pessoa;062025;2025;11145113;Imposto sobre Serviços de Qualquer Natureza - ISSQN - Dívida Ativa;Lançamento de Receita;1.371.298,66;500;Recursos não vinculados de Impostos;"Não ";Não Aplicável
João Pessoa;201095;Prefeitura Municipal de João Pessoa;052025;2025;11145113;Imposto sobre Serviços de Qualquer Natureza - ISSQN - Dívida Ativa;Lançamento de Receita;854.657,17;500;Recursos não vinculados de Impostos;"Não ";Não Aplicável
João Pessoa;201095;Prefeitura Municipal de João Pessoa;042025;2025;11145113;Imposto sobre Serviços de Qualquer Natureza - ISSQN - Dívida Ativa;Lançamento de Receita;940.024,27;500;Recursos não vinculados de Impostos;"Não ";Não Aplicável
João Pessoa;201095;Prefeitura Municipal de João Pessoa;032025;2025;11145113;Imposto sobre Serviços de Qualquer Natureza - ISSQN - Dívida Ativa;Lançamento de Receita;914.800,5;500;Recursos não vinculados de Impostos;"Não ";Não Aplicável
João Pessoa;201095;Prefeitura Municipal de João Pessoa;022025;2025;11145113;Imposto sobre Serviços de Qualquer Natureza - ISSQN - Dívida Ativa;Lançamento de Receita;979.402,9;500;Recursos não vinculados de Impostos;"Não ";Não Aplicável
João Pessoa;201095;Prefeitura Municipal de João Pessoa;012025;2025;11145113;Imposto sobre Serviços de Qualquer Natureza - ISSQN - Dívida Ativa;Lançamento de Receita;1.162.579,64;500;Recursos não vinculados de Impostos;"Não ";Não Aplicável
João Pessoa;201095;Prefeitura Municipal de João Pessoa;012025;2025;11145113;Imposto sobre Serviços de Qualquer Natureza - ISSQN - Dívida Ativa;Lançamento de Receita;87.386,36;500;Recursos não vinculados de Impostos;1001;Identificação das despesas com manutenção e desenvolvimento do ensino
João Pessoa;201095;Prefeitura Municipal de João Pessoa;012025;2025;11145113;Imposto sobre Serviços de Qualquer Natureza - ISSQN - Dívida Ativa;Lançamento de Receita;52.431,81;500;Recursos não vinculados de Impostos;1002;Identificação das despesas com ações e serviços públicos de saúde
João Pessoa;201095;Prefeitura Municipal de João Pessoa;122025;2025;11145112;Imposto sobre Serviços de Qualquer Natureza - ISSQN - Multas e Juros de Mora;Lançamento de Receita;13.281.305,49;500;Recursos não vinculados de Impostos;"Não ";Não Aplicável
João Pessoa;201095;Prefeitura Municipal de João Pessoa;112025;2025;11145112;Imposto sobre Serviços de Qualquer Natureza - ISSQN - Multas e Juros de Mora;Lançamento de Receita;13.292.752,31;500;Recursos não vinculados de Impostos;"Não ";Não Aplicável
João Pessoa;201095;Prefeitura Municipal de João Pessoa;102025;2025;11145112;Imposto sobre Serviços de Qualquer Natureza - ISSQN - Multas e Juros de Mora;Lançamento de Receita;3.421.092,14;500;Recursos não vinculados de Impostos;"Não ";Não Aplicável
João Pessoa;201095;Prefeitura Municipal de João Pessoa;092025;2025;11145112;Imposto sobre Serviços de Qualquer Natureza - ISSQN - Multas e Juros de Mora;Lançamento de Receita;9.481.585,79;500;Recursos não vinculados de Impostos;"Não ";Não Aplicável
João Pessoa;201095;Prefeitura Municipal de João Pessoa;082025;2025;11145112;Imposto sobre Serviços de Qualquer Natureza - ISSQN - Multas e Juros de Mora;Lançamento de Receita;135.695,05;500;Recursos não vinculados de Impostos;"Não ";Não Aplicável
João Pessoa;201095;Prefeitura Municipal de João Pessoa;072025;2025;11145112;Imposto sobre Serviços de Qualquer Natureza - ISSQN - Multas e Juros de Mora;Lançamento de Receita;590.260,37;500;Recursos não vinculados de Impostos;"Não ";Não Aplicável
João Pessoa;201095;Prefeitura Municipal de João Pessoa;062025;2025;11145112;Imposto sobre Serviços de Qualquer Natureza - ISSQN - Multas e Juros de Mora;Lançamento de Receita;484.741,97;500;Recursos não vinculados de Impostos;"Não ";Não Aplicável
João Pessoa;201095;Prefeitura Municipal de João Pessoa;052025;2025;11145112;Imposto sobre Serviços de Qualquer Natureza - ISSQN - Multas e Juros de Mora;Lançamento de Receita;25.307,79;500;Recursos não vinculados de Impostos;"Não ";Não Aplicável
João Pessoa;201095;Prefeitura Municipal de João Pessoa;042025;2025;11145112;Imposto sobre Serviços de Qualquer Natureza - ISSQN - Multas e Juros de Mora;Lançamento de Receita;67.519,41;500;Recursos não vinculados de Impostos;"Não ";Não Aplicável
João Pessoa;201095;Prefeitura Municipal de João Pessoa;032025;2025;11145112;Imposto sobre Serviços de Qualquer Natureza - ISSQN - Multas e Juros de Mora;Lançamento de Receita;15.035,95;500;Recursos não vinculados de Impostos;"Não ";Não Aplicável
João Pessoa;201095;Prefeitura Municipal de João Pessoa;022025;2025;11145112;Imposto sobre Serviços de Qualquer Natureza - ISSQN - Multas e Juros de Mora;Lançamento de Receita;7.758,29;500;Recursos não vinculados de Impostos;"Não ";Não Aplicável
João Pessoa;201095;Prefeitura Municipal de João Pessoa;012025;2025;11145112;Imposto sobre Serviços de Qualquer Natureza - ISSQN - Multas e Juros de Mora;Lançamento de Receita;29.115,72;500;Recursos não vinculados de Impostos;"Não ";Não Aplicável
João Pessoa;201095;Prefeitura Municipal de João Pessoa;122025;2025;11145111;Imposto sobre Serviços de Qualquer Natureza - ISSQN - Principal;Lançamento de Receita;39.341.302,31;500;Recursos não vinculados de Impostos;"Não ";Não Aplicável
João Pessoa;201095;Prefeitura Municipal de João Pessoa;122025;2025;11145111;Imposto sobre Serviços de Qualquer Natureza - ISSQN - Principal;Lançamento de Receita;1.689.001,15;500;Recursos não vinculados de Impostos;1001;Identificação das despesas com manutenção e desenvolvimento do ensino
João Pessoa;201095;Prefeitura Municipal de João Pessoa;122025;2025;11145111;Imposto sobre Serviços de Qualquer Natureza - ISSQN - Principal;Lançamento de Receita;6.390.515,64;500;Recursos não vinculados de Impostos;1002;Identificação das despesas com ações e serviços públicos de saúde
João Pessoa;201095;Prefeitura Municipal de João Pessoa;112025;2025;11145111;Imposto sobre Serviços de Qualquer Natureza - ISSQN - Principal;Lançamento de Receita;826.368,67;500;Recursos não vinculados de Impostos;1001;Identificação das despesas com manutenção e desenvolvimento do ensino
João Pessoa;201095;Prefeitura Municipal de João Pessoa;112025;2025;11145111;Imposto sobre Serviços de Qualquer Natureza - ISSQN - Principal;Lançamento de Receita;6.640.245,53;500;Recursos não vinculados de Impostos;1002;Identificação das despesas com ações e serviços públicos de saúde
João Pessoa;201095;Prefeitura Municipal de João Pessoa;112025;2025;11145111;Imposto sobre Serviços de Qualquer Natureza - ISSQN - Principal;Lançamento de Receita;38.868.016,94;500;Recursos não vinculados de Impostos;"Não ";Não Aplicável
João Pessoa;201095;Prefeitura Municipal de João Pessoa;102025;2025;11145111;Imposto sobre Serviços de Qualquer Natureza - ISSQN - Principal;Lançamento de Receita;37.554.219,97;500;Recursos não vinculados de Impostos;"Não ";Não Aplicável
João Pessoa;201095;Prefeitura Municipal de João Pessoa;102025;2025;11145111;Imposto sobre Serviços de Qualquer Natureza - ISSQN - Principal;Lançamento de Receita;6.700.433,58;500;Recursos não vinculados de Impostos;1002;Identificação das despesas com ações e serviços públicos de saúde
João Pessoa;201095;Prefeitura Municipal de João Pessoa;102025;2025;11145111;Imposto sobre Serviços de Qualquer Natureza - ISSQN - Principal;Lançamento de Receita;427.143,01;500;Recursos não vinculados de Impostos;1001;Identificação das despesas com manutenção e desenvolvimento do ensino
João Pessoa;201095;Prefeitura Municipal de João Pessoa;092025;2025;11145111;Imposto sobre Serviços de Qualquer Natureza - ISSQN - Principal;Lançamento de Receita;463.902,26;500;Recursos não vinculados de Impostos;1001;Identificação das despesas com manutenção e desenvolvimento do ensino
João Pessoa;201095;Prefeitura Municipal de João Pessoa;092025;2025;11145111;Imposto sobre Serviços de Qualquer Natureza - ISSQN - Principal;Lançamento de Receita;36.936.106,51;500;Recursos não vinculados de Impostos;"Não ";Não Aplicável
João Pessoa;201095;Prefeitura Municipal de João Pessoa;092025;2025;11145111;Imposto sobre Serviços de Qualquer Natureza - ISSQN - Principal;Lançamento de Receita;6.583.561,21;500;Recursos não vinculados de Impostos;1002;Identificação das despesas com ações e serviços públicos de saúde
João Pessoa;201095;Prefeitura Municipal de João Pessoa;082025;2025;11145111;Imposto sobre Serviços de Qualquer Natureza - ISSQN - Principal;Lançamento de Receita;37.579.161,18;500;Recursos não vinculados de Impostos;"Não ";Não Aplicável
João Pessoa;201095;Prefeitura Municipal de João Pessoa;082025;2025;11145111;Imposto sobre Serviços de Qualquer Natureza - ISSQN - Principal;Lançamento de Receita;365.249,32;500;Recursos não vinculados de Impostos;1001;Identificação das despesas com manutenção e desenvolvimento do ensino
João Pessoa;201095;Prefeitura Municipal de João Pessoa;082025;2025;11145111;Imposto sobre Serviços de Qualquer Natureza - ISSQN - Principal;Lançamento de Receita;6.753.028,02;500;Recursos não vinculados de Impostos;1002;Identificação das despesas com ações e serviços públicos de saúde
João Pessoa;201095;Prefeitura Municipal de João Pessoa;072025;2025;11145111;Imposto sobre Serviços de Qualquer Natureza - ISSQN - Principal;Lançamento de Receita;6.035.544,84;500;Recursos não vinculados de Impostos;1002;Identificação das despesas com ações e serviços públicos de saúde
João Pessoa;201095;Prefeitura Municipal de João Pessoa;072025;2025;11145111;Imposto sobre Serviços de Qualquer Natureza - ISSQN - Principal;Lançamento de Receita;33.935.678,26;500;Recursos não vinculados de Impostos;"Não ";Não Aplicável
João Pessoa;201095;Prefeitura Municipal de João Pessoa;072025;2025;11145111;Imposto sobre Serviços de Qualquer Natureza - ISSQN - Principal;Lançamento de Receita;540.565,7;500;Recursos não vinculados de Impostos;1001;Identificação das despesas com manutenção e desenvolvimento do ensino
João Pessoa;201095;Prefeitura Municipal de João Pessoa;062025;2025;11145111;Imposto sobre Serviços de Qualquer Natureza - ISSQN - Principal;Lançamento de Receita;894.595,52;500;Recursos não vinculados de Impostos;1001;Identificação das despesas com manutenção e desenvolvimento do ensino
João Pessoa;201095;Prefeitura Municipal de João Pessoa;062025;2025;11145111;Imposto sobre Serviços de Qualquer Natureza - ISSQN - Principal;Lançamento de Receita;5.837.544,95;500;Recursos não vinculados de Impostos;1002;Identificação das despesas com ações e serviços públicos de saúde
João Pessoa;201095;Prefeitura Municipal de João Pessoa;062025;2025;11145111;Imposto sobre Serviços de Qualquer Natureza - ISSQN - Principal;Lançamento de Receita;32.576.446,34;500;Recursos não vinculados de Impostos;"Não ";Não Aplicável
João Pessoa;201095;Prefeitura Municipal de João Pessoa;052025;2025;11145111;Imposto sobre Serviços de Qualquer Natureza - ISSQN - Principal;Lançamento de Receita;6.777.356,27;500;Recursos não vinculados de Impostos;1002;Identificação das despesas com ações e serviços públicos de saúde
João Pessoa;201095;Prefeitura Municipal de João Pessoa;052025;2025;11145111;Imposto sobre Serviços de Qualquer Natureza - ISSQN - Principal;Lançamento de Receita;11.350.885,29;500;Recursos não vinculados de Impostos;1001;Identificação das despesas com manutenção e desenvolvimento do ensino
João Pessoa;201095;Prefeitura Municipal de João Pessoa;052025;2025;11145111;Imposto sobre Serviços de Qualquer Natureza - ISSQN - Principal;Lançamento de Receita;27.198.180,52;500;Recursos não vinculados de Impostos;"Não ";Não Aplicável
João Pessoa;201095;Prefeitura Municipal de João Pessoa;042025;2025;11145111;Imposto sobre Serviços de Qualquer Natureza - ISSQN - Principal;Lançamento de Receita;11.612.787,23;500;Recursos não vinculados de Impostos;1001;Identificação das despesas com manutenção e desenvolvimento do ensino
João Pessoa;201095;Prefeitura Municipal de João Pessoa;042025;2025;11145111;Imposto sobre Serviços de Qualquer Natureza - ISSQN - Principal;Lançamento de Receita;27.672.608,11;500;Recursos não vinculados de Impostos;"Não ";Não Aplicável
João Pessoa;201095;Prefeitura Municipal de João Pessoa;042025;2025;11145111;Imposto sobre Serviços de Qualquer Natureza - ISSQN - Principal;Lançamento de Receita;6.882.111,49;500;Recursos não vinculados de Impostos;1002;Identificação das despesas com ações e serviços públicos de saúde
João Pessoa;201095;Prefeitura Municipal de João Pessoa;032025;2025;11145111;Imposto sobre Serviços de Qualquer Natureza - ISSQN - Principal;Lançamento de Receita;6.474.971,59;500;Recursos não vinculados de Impostos;1002;Identificação das despesas com ações e serviços públicos de saúde
João Pessoa;201095;Prefeitura Municipal de João Pessoa;032025;2025;11145111;Imposto sobre Serviços de Qualquer Natureza - ISSQN - Principal;Lançamento de Receita;10.798.064,02;500;Recursos não vinculados de Impostos;1001;Identificação das despesas com manutenção e desenvolvimento do ensino
João Pessoa;201095;Prefeitura Municipal de João Pessoa;032025;2025;11145111;Imposto sobre Serviços de Qualquer Natureza - ISSQN - Principal;Lançamento de Receita;25.913.808,38;500;Recursos não vinculados de Impostos;"Não ";Não Aplicável
João Pessoa;201095;Prefeitura Municipal de João Pessoa;022025;2025;11145111;Imposto sobre Serviços de Qualquer Natureza - ISSQN - Principal;Lançamento de Receita;6.892.875,52;500;Recursos não vinculados de Impostos;1002;Identificação das despesas com ações e serviços públicos de saúde
João Pessoa;201095;Prefeitura Municipal de João Pessoa;022025;2025;11145111;Imposto sobre Serviços de Qualquer Natureza - ISSQN - Principal;Lançamento de Receita;11.488.126,04;500;Recursos não vinculados de Impostos;1001;Identificação das despesas com manutenção e desenvolvimento do ensino
João Pessoa;201095;Prefeitura Municipal de João Pessoa;022025;2025;11145111;Imposto sobre Serviços de Qualquer Natureza - ISSQN - Principal;Lançamento de Receita;27.578.509,38;500;Recursos não vinculados de Impostos;"Não ";Não Aplicável
João Pessoa;201095;Prefeitura Municipal de João Pessoa;012025;2025;11145111;Imposto sobre Serviços de Qualquer Natureza - ISSQN - Principal;Lançamento de Receita;10.604.095,3;500;Recursos não vinculados de Impostos;1001;Identificação das despesas com manutenção e desenvolvimento do ensino
João Pessoa;201095;Prefeitura Municipal de João Pessoa;012025;2025;11145111;Imposto sobre Serviços de Qualquer Natureza - ISSQN - Principal;Lançamento de Receita;25.631.486,55;500;Recursos não vinculados de Impostos;"Não ";Não Aplicável
João Pessoa;201095;Prefeitura Municipal de João Pessoa;012025;2025;11145111;Imposto sobre Serviços de Qualquer Natureza - ISSQN - Principal;Lançamento de Receita;6.362.457,07;500;Recursos não vinculados de Impostos;1002;Identificação das despesas com ações e serviços públicos de saúde
João Pessoa;201095;Prefeitura Municipal de João Pessoa;122025;2025;11130311;Imposto sobre a Renda - Retido na Fonte - Trabalho - Principal;Lançamento de Receita;1.193.933,16;500;Recursos não vinculados de Impostos;1001;Identificação das despesas com manutenção e desenvolvimento do ensino
João Pessoa;201095;Prefeitura Municipal de João Pessoa;122025;2025;11130311;Imposto sobre a Renda - Retido na Fonte - Trabalho - Principal;Lançamento de Receita;38.484.081,86;500;Recursos não vinculados de Impostos;"Não ";Não Aplicável
João Pessoa;201095;Prefeitura Municipal de João Pessoa;112025;2025;11130311;Imposto sobre a Renda - Retido na Fonte - Trabalho - Principal;Lançamento de Receita;475.795,07;500;Recursos não vinculados de Impostos;1001;Identificação das despesas com manutenção e desenvolvimento do ensino
João Pessoa;201095;Prefeitura Municipal de João Pessoa;112025;2025;11130311;Imposto sobre a Renda - Retido na Fonte - Trabalho - Principal;Lançamento de Receita;15.426.003,66;500;Recursos não vinculados de Impostos;"Não ";Não Aplicável
João Pessoa;201095;Prefeitura Municipal de João Pessoa;112025;2025;11130311;Imposto sobre a Renda - Retido na Fonte - Trabalho - Principal;Lançamento de Receita;60.199,06;500;Recursos não vinculados de Impostos;1002;Identificação das despesas com ações e serviços públicos de saúde
João Pessoa;201095;Prefeitura Municipal de João Pessoa;102025;2025;11130311;Imposto sobre a Renda - Retido na Fonte - Trabalho - Principal;Lançamento de Receita;351.856,3;500;Recursos não vinculados de Impostos;1002;Identificação das despesas com ações e serviços públicos de saúde
João Pessoa;201095;Prefeitura Municipal de João Pessoa;102025;2025;11130311;Imposto sobre a Renda - Retido na Fonte - Trabalho - Principal;Lançamento de Receita;17.282.296,34;500;Recursos não vinculados de Impostos;"Não ";Não Aplicável
João Pessoa;201095;Prefeitura Municipal de João Pessoa;092025;2025;11130311;Imposto sobre a Renda - Retido na Fonte - Trabalho - Principal;Lançamento de Receita;336.951,06;500;Recursos não vinculados de Impostos;1002;Identificação das despesas com ações e serviços públicos de saúde
João Pessoa;201095;Prefeitura Municipal de João Pessoa;092025;2025;11130311;Imposto sobre a Renda - Retido na Fonte - Trabalho - Principal;Lançamento de Receita;16.006.827,65;500;Recursos não vinculados de Impostos;"Não ";Não Aplicável
João Pessoa;201095;Prefeitura Municipal de João Pessoa;082025;2025;11130311;Imposto sobre a Renda - Retido na Fonte - Trabalho - Principal;Lançamento de Receita;17.629.970,69;500;Recursos não vinculados de Impostos;"Não ";Não Aplicável
João Pessoa;201095;Prefeitura Municipal de João Pessoa;082025;2025;11130311;Imposto sobre a Renda - Retido na Fonte - Trabalho - Principal;Lançamento de Receita;335.763,14;500;Recursos não vinculados de Impostos;1002;Identificação das despesas com ações e serviços públicos de saúde
João Pessoa;201095;Prefeitura Municipal de João Pessoa;072025;2025;11130311;Imposto sobre a Renda - Retido na Fonte - Trabalho - Principal;Lançamento de Receita;18.105.908,27;500;Recursos não vinculados de Impostos;"Não ";Não Aplicável
João Pessoa;201095;Prefeitura Municipal de João Pessoa;072025;2025;11130311;Imposto sobre a Renda - Retido na Fonte - Trabalho - Principal;Lançamento de Receita;347.722,69;500;Recursos não vinculados de Impostos;1002;Identificação das despesas com ações e serviços públicos de saúde
João Pessoa;201095;Prefeitura Municipal de João Pessoa;062025;2025;11130311;Imposto sobre a Renda - Retido na Fonte - Trabalho - Principal;Lançamento de Receita;327.500,41;500;Recursos não vinculados de Impostos;1002;Identificação das despesas com ações e serviços públicos de saúde
João Pessoa;201095;Prefeitura Municipal de João Pessoa;062025;2025;11130311;Imposto sobre a Renda - Retido na Fonte - Trabalho - Principal;Lançamento de Receita;545.834,06;500;Recursos não vinculados de Impostos;1001;Identificação das despesas com manutenção e desenvolvimento do ensino
João Pessoa;201095;Prefeitura Municipal de João Pessoa;062025;2025;11130311;Imposto sobre a Renda - Retido na Fonte - Trabalho - Principal;Lançamento de Receita;15.403.167,73;500;Recursos não vinculados de Impostos;"Não ";Não Aplicável
João Pessoa;201095;Prefeitura Municipal de João Pessoa;052025;2025;11130311;Imposto sobre a Renda - Retido na Fonte - Trabalho - Principal;Lançamento de Receita;353.178,5;500;Recursos não vinculados de Impostos;1002;Identificação das despesas com ações e serviços públicos de saúde
João Pessoa;201095;Prefeitura Municipal de João Pessoa;052025;2025;11130311;Imposto sobre a Renda - Retido na Fonte - Trabalho - Principal;Lançamento de Receita;588.630,91;500;Recursos não vinculados de Impostos;1001;Identificação das despesas com manutenção e desenvolvimento do ensino
João Pessoa;201095;Prefeitura Municipal de João Pessoa;052025;2025;11130311;Imposto sobre a Renda - Retido na Fonte - Trabalho - Principal;Lançamento de Receita;17.019.836,01;500;Recursos não vinculados de Impostos;"Não ";Não Aplicável
João Pessoa;201095;Prefeitura Municipal de João Pessoa;042025;2025;11130311;Imposto sobre a Renda - Retido na Fonte - Trabalho - Principal;Lançamento de Receita;526.713,62;500;Recursos não vinculados de Impostos;1001;Identificação das despesas com manutenção e desenvolvimento do ensino
João Pessoa;201095;Prefeitura Municipal de João Pessoa;042025;2025;11130311;Imposto sobre a Renda - Retido na Fonte - Trabalho - Principal;Lançamento de Receita;316.028,17;500;Recursos não vinculados de Impostos;1002;Identificação das despesas com ações e serviços públicos de saúde
João Pessoa;201095;Prefeitura Municipal de João Pessoa;042025;2025;11130311;Imposto sobre a Renda - Retido na Fonte - Trabalho - Principal;Lançamento de Receita;16.951.431,63;500;Recursos não vinculados de Impostos;"Não ";Não Aplicável
João Pessoa;201095;Prefeitura Municipal de João Pessoa;032025;2025;11130311;Imposto sobre a Renda - Retido na Fonte - Trabalho - Principal;Lançamento de Receita;17.696.628,63;500;Recursos não vinculados de Impostos;"Não ";Não Aplicável
João Pessoa;201095;Prefeitura Municipal de João Pessoa;032025;2025;11130311;Imposto sobre a Renda - Retido na Fonte - Trabalho - Principal;Lançamento de Receita;925.390,84;500;Recursos não vinculados de Impostos;1001;Identificação das despesas com manutenção e desenvolvimento do ensino
João Pessoa;201095;Prefeitura Municipal de João Pessoa;032025;2025;11130311;Imposto sobre a Renda - Retido na Fonte - Trabalho - Principal;Lançamento de Receita;555.234,48;500;Recursos não vinculados de Impostos;1002;Identificação das despesas com ações e serviços públicos de saúde
João Pessoa;201095;Prefeitura Municipal de João Pessoa;022025;2025;11130311;Imposto sobre a Renda - Retido na Fonte - Trabalho - Principal;Lançamento de Receita;724.421,94;500;Recursos não vinculados de Impostos;1001;Identificação das despesas com manutenção e desenvolvimento do ensino
João Pessoa;201095;Prefeitura Municipal de João Pessoa;022025;2025;11130311;Imposto sobre a Renda - Retido na Fonte - Trabalho - Principal;Lançamento de Receita;434.609,81;500;Recursos não vinculados de Impostos;1002;Identificação das despesas com ações e serviços públicos de saúde
João Pessoa;201095;Prefeitura Municipal de João Pessoa;022025;2025;11130311;Imposto sobre a Renda - Retido na Fonte - Trabalho - Principal;Lançamento de Receita;22.807.583,68;500;Recursos não vinculados de Impostos;"Não ";Não Aplicável
João Pessoa;201095;Prefeitura Municipal de João Pessoa;012025;2025;11130311;Imposto sobre a Renda - Retido na Fonte - Trabalho - Principal;Lançamento de Receita;27.861,28;500;Recursos não vinculados de Impostos;1002;Identificação das despesas com ações e serviços públicos de saúde
João Pessoa;201095;Prefeitura Municipal de João Pessoa;012025;2025;11130311;Imposto sobre a Renda - Retido na Fonte - Trabalho - Principal;Lançamento de Receita;46.435,47;500;Recursos não vinculados de Impostos;1001;Identificação das despesas com manutenção e desenvolvimento do ensino
João Pessoa;201095;Prefeitura Municipal de João Pessoa;012025;2025;11130311;Imposto sobre a Renda - Retido na Fonte - Trabalho - Principal;Lançamento de Receita;2.605.449,89;500;Recursos não vinculados de Impostos;"Não ";Não Aplicável
João Pessoa;201095;Prefeitura Municipal de João Pessoa;122025;2025;11125302;"Impostos sobre Transmissão ""Inter Vivos"" de Bens Imóveis e de Direitos Reais sobre Imóveis - Multas e Juros de Mora";Lançamento de Receita;56.306,1;500;Recursos não vinculados de Impostos;"Não ";Não Aplicável
João Pessoa;201095;Prefeitura Municipal de João Pessoa;112025;2025;11125302;"Impostos sobre Transmissão ""Inter Vivos"" de Bens Imóveis e de Direitos Reais sobre Imóveis - Multas e Juros de Mora";Lançamento de Receita;34.922,61;500;Recursos não vinculados de Impostos;"Não ";Não Aplicável
João Pessoa;201095;Prefeitura Municipal de João Pessoa;112025;2025;11125302;"Impostos sobre Transmissão ""Inter Vivos"" de Bens Imóveis e de Direitos Reais sobre Imóveis - Multas e Juros de Mora";Lançamento de Receita;2.366,8;500;Recursos não vinculados de Impostos;1002;Identificação das despesas com ações e serviços públicos de saúde
João Pessoa;201095;Prefeitura Municipal de João Pessoa;102025;2025;11125302;"Impostos sobre Transmissão ""Inter Vivos"" de Bens Imóveis e de Direitos Reais sobre Imóveis - Multas e Juros de Mora";Lançamento de Receita;39.877,43;500;Recursos não vinculados de Impostos;"Não ";Não Aplicável
João Pessoa;201095;Prefeitura Municipal de João Pessoa;102025;2025;11125302;"Impostos sobre Transmissão ""Inter Vivos"" de Bens Imóveis e de Direitos Reais sobre Imóveis - Multas e Juros de Mora";Lançamento de Receita;2.179,64;500;Recursos não vinculados de Impostos;1002;Identificação das despesas com ações e serviços públicos de saúde
João Pessoa;201095;Prefeitura Municipal de João Pessoa;092025;2025;11125302;"Impostos sobre Transmissão ""Inter Vivos"" de Bens Imóveis e de Direitos Reais sobre Imóveis - Multas e Juros de Mora";Lançamento de Receita;91.529,94;500;Recursos não vinculados de Impostos;"Não ";Não Aplicável
João Pessoa;201095;Prefeitura Municipal de João Pessoa;082025;2025;11125302;"Impostos sobre Transmissão ""Inter Vivos"" de Bens Imóveis e de Direitos Reais sobre Imóveis - Multas e Juros de Mora";Lançamento de Receita;7.901,26;500;Recursos não vinculados de Impostos;1002;Identificação das despesas com ações e serviços públicos de saúde
João Pessoa;201095;Prefeitura Municipal de João Pessoa;082025;2025;11125302;"Impostos sobre Transmissão ""Inter Vivos"" de Bens Imóveis e de Direitos Reais sobre Imóveis - Multas e Juros de Mora";Lançamento de Receita;73.719,68;500;Recursos não vinculados de Impostos;"Não ";Não Aplicável
João Pessoa;201095;Prefeitura Municipal de João Pessoa;072025;2025;11125302;"Impostos sobre Transmissão ""Inter Vivos"" de Bens Imóveis e de Direitos Reais sobre Imóveis - Multas e Juros de Mora";Lançamento de Receita;43.357,69;500;Recursos não vinculados de Impostos;"Não ";Não Aplicável
João Pessoa;201095;Prefeitura Municipal de João Pessoa;122025;2025;11125301;"Impostos sobre Transmissão ""Inter Vivos"" de Bens Imóveis e de Direitos Reais sobre Imóveis - Principal";Lançamento de Receita;2.865.360,3;500;Recursos não vinculados de Impostos;1002;Identificação das despesas com ações e serviços públicos de saúde
João Pessoa;201095;Prefeitura Municipal de João Pessoa;122025;2025;11125301;"Impostos sobre Transmissão ""Inter Vivos"" de Bens Imóveis e de Direitos Reais sobre Imóveis - Principal";Lançamento de Receita;17.674.810,25;500;Recursos não vinculados de Impostos;"Não ";Não Aplicável
João Pessoa;201095;Prefeitura Municipal de João Pessoa;122025;2025;11125301;"Impostos sobre Transmissão ""Inter Vivos"" de Bens Imóveis e de Direitos Reais sobre Imóveis - Principal";Lançamento de Receita;479.255,95;500;Recursos não vinculados de Impostos;1001;Identificação das despesas com manutenção e desenvolvimento do ensino
João Pessoa;201095;Prefeitura Municipal de João Pessoa;112025;2025;11125301;"Impostos sobre Transmissão ""Inter Vivos"" de Bens Imóveis e de Direitos Reais sobre Imóveis - Principal";Lançamento de Receita;15.181.739,77;500;Recursos não vinculados de Impostos;"Não ";Não Aplicável
João Pessoa;201095;Prefeitura Municipal de João Pessoa;112025;2025;11125301;"Impostos sobre Transmissão ""Inter Vivos"" de Bens Imóveis e de Direitos Reais sobre Imóveis - Principal";Lançamento de Receita;2.676.130,5;500;Recursos não vinculados de Impostos;1002;Identificação das despesas com ações e serviços públicos de saúde
João Pessoa;201095;Prefeitura Municipal de João Pessoa;102025;2025;11125301;"Impostos sobre Transmissão ""Inter Vivos"" de Bens Imóveis e de Direitos Reais sobre Imóveis - Principal";Lançamento de Receita;2.484.979,38;500;Recursos não vinculados de Impostos;1002;Identificação das despesas com ações e serviços públicos de saúde
João Pessoa;201095;Prefeitura Municipal de João Pessoa;102025;2025;11125301;"Impostos sobre Transmissão ""Inter Vivos"" de Bens Imóveis e de Direitos Reais sobre Imóveis - Principal";Lançamento de Receita;14.081.550,64;500;Recursos não vinculados de Impostos;"Não ";Não Aplicável
João Pessoa;201095;Prefeitura Municipal de João Pessoa;092025;2025;11125301;"Impostos sobre Transmissão ""Inter Vivos"" de Bens Imóveis e de Direitos Reais sobre Imóveis - Principal";Lançamento de Receita;3.111.315,09;500;Recursos não vinculados de Impostos;1002;Identificação das despesas com ações e serviços públicos de saúde
João Pessoa;201095;Prefeitura Municipal de João Pessoa;092025;2025;11125301;"Impostos sobre Transmissão ""Inter Vivos"" de Bens Imóveis e de Direitos Reais sobre Imóveis - Principal";Lançamento de Receita;17.629.786,13;500;Recursos não vinculados de Impostos;"Não ";Não Aplicável
João Pessoa;201095;Prefeitura Municipal de João Pessoa;082025;2025;11125301;"Impostos sobre Transmissão ""Inter Vivos"" de Bens Imóveis e de Direitos Reais sobre Imóveis - Principal";Lançamento de Receita;15.382.126,66;500;Recursos não vinculados de Impostos;"Não ";Não Aplicável
João Pessoa;201095;Prefeitura Municipal de João Pessoa;082025;2025;11125301;"Impostos sobre Transmissão ""Inter Vivos"" de Bens Imóveis e de Direitos Reais sobre Imóveis - Principal";Lançamento de Receita;2.714.492,84;500;Recursos não vinculados de Impostos;1002;Identificação das despesas com ações e serviços públicos de saúde
João Pessoa;201095;Prefeitura Municipal de João Pessoa;072025;2025;11125301;"Impostos sobre Transmissão ""Inter Vivos"" de Bens Imóveis e de Direitos Reais sobre Imóveis - Principal";Lançamento de Receita;3.214.963,52;500;Recursos não vinculados de Impostos;1002;Identificação das despesas com ações e serviços públicos de saúde
João Pessoa;201095;Prefeitura Municipal de João Pessoa;072025;2025;11125301;"Impostos sobre Transmissão ""Inter Vivos"" de Bens Imóveis e de Direitos Reais sobre Imóveis - Principal";Lançamento de Receita;18.218.127,41;500;Recursos não vinculados de Impostos;"Não ";Não Aplicável
João Pessoa;201095;Prefeitura Municipal de João Pessoa;062025;2025;11125301;"Impostos sobre Transmissão ""Inter Vivos"" de Bens Imóveis e de Direitos Reais sobre Imóveis - Principal";Lançamento de Receita;5.136.015;500;Recursos não vinculados de Impostos;"Não ";Não Aplicável
João Pessoa;201095;Prefeitura Municipal de João Pessoa;062025;2025;11125301;"Impostos sobre Transmissão ""Inter Vivos"" de Bens Imóveis e de Direitos Reais sobre Imóveis - Principal";Lançamento de Receita;909.954,6;500;Recursos não vinculados de Impostos;1002;Identificação das despesas com ações e serviços públicos de saúde
João Pessoa;201095;Prefeitura Municipal de João Pessoa;062025;2025;11125301;"Impostos sobre Transmissão ""Inter Vivos"" de Bens Imóveis e de Direitos Reais sobre Imóveis - Principal";Lançamento de Receita;402.486,83;500;Recursos não vinculados de Impostos;1001;Identificação das despesas com manutenção e desenvolvimento do ensino
João Pessoa;201095;Prefeitura Municipal de João Pessoa;052025;2025;11125301;"Impostos sobre Transmissão ""Inter Vivos"" de Bens Imóveis e de Direitos Reais sobre Imóveis - Principal";Lançamento de Receita;10.020.871,79;500;Recursos não vinculados de Impostos;"Não ";Não Aplicável
João Pessoa;201095;Prefeitura Municipal de João Pessoa;052025;2025;11125301;"Impostos sobre Transmissão ""Inter Vivos"" de Bens Imóveis e de Direitos Reais sobre Imóveis - Principal";Lançamento de Receita;2.374.786,52;500;Recursos não vinculados de Impostos;1002;Identificação das despesas com ações e serviços públicos de saúde
João Pessoa;201095;Prefeitura Municipal de João Pessoa;052025;2025;11125301;"Impostos sobre Transmissão ""Inter Vivos"" de Bens Imóveis e de Direitos Reais sobre Imóveis - Principal";Lançamento de Receita;4.305.794,39;500;Recursos não vinculados de Impostos;1001;Identificação das despesas com manutenção e desenvolvimento do ensino
João Pessoa;201095;Prefeitura Municipal de João Pessoa;042025;2025;11125301;"Impostos sobre Transmissão ""Inter Vivos"" de Bens Imóveis e de Direitos Reais sobre Imóveis - Principal";Lançamento de Receita;3.525.216,79;500;Recursos não vinculados de Impostos;1001;Identificação das despesas com manutenção e desenvolvimento do ensino
João Pessoa;201095;Prefeitura Municipal de João Pessoa;042025;2025;11125301;"Impostos sobre Transmissão ""Inter Vivos"" de Bens Imóveis e de Direitos Reais sobre Imóveis - Principal";Lançamento de Receita;2.115.130,02;500;Recursos não vinculados de Impostos;1002;Identificação das despesas com ações e serviços públicos de saúde
João Pessoa;201095;Prefeitura Municipal de João Pessoa;042025;2025;11125301;"Impostos sobre Transmissão ""Inter Vivos"" de Bens Imóveis e de Direitos Reais sobre Imóveis - Principal";Lançamento de Receita;8.460.520,63;500;Recursos não vinculados de Impostos;"Não ";Não Aplicável
João Pessoa;201095;Prefeitura Municipal de João Pessoa;032025;2025;11125301;"Impostos sobre Transmissão ""Inter Vivos"" de Bens Imóveis e de Direitos Reais sobre Imóveis - Principal";Lançamento de Receita;8.734.044,92;500;Recursos não vinculados de Impostos;"Não ";Não Aplicável
João Pessoa;201095;Prefeitura Municipal de João Pessoa;032025;2025;11125301;"Impostos sobre Transmissão ""Inter Vivos"" de Bens Imóveis e de Direitos Reais sobre Imóveis - Principal";Lançamento de Receita;3.639.185,29;500;Recursos não vinculados de Impostos;1001;Identificação das despesas com manutenção e desenvolvimento do ensino
João Pessoa;201095;Prefeitura Municipal de João Pessoa;032025;2025;11125301;"Impostos sobre Transmissão ""Inter Vivos"" de Bens Imóveis e de Direitos Reais sobre Imóveis - Principal";Lançamento de Receita;2.183.508,12;500;Recursos não vinculados de Impostos;1002;Identificação das despesas com ações e serviços públicos de saúde
João Pessoa;201095;Prefeitura Municipal de João Pessoa;022025;2025;11125301;"Impostos sobre Transmissão ""Inter Vivos"" de Bens Imóveis e de Direitos Reais sobre Imóveis - Principal";Lançamento de Receita;9.209.114,32;500;Recursos não vinculados de Impostos;"Não ";Não Aplicável
João Pessoa;201095;Prefeitura Municipal de João Pessoa;022025;2025;11125301;"Impostos sobre Transmissão ""Inter Vivos"" de Bens Imóveis e de Direitos Reais sobre Imóveis - Principal";Lançamento de Receita;2.302.278,44;500;Recursos não vinculados de Impostos;1002;Identificação das despesas com ações e serviços públicos de saúde
João Pessoa;201095;Prefeitura Municipal de João Pessoa;022025;2025;11125301;"Impostos sobre Transmissão ""Inter Vivos"" de Bens Imóveis e de Direitos Reais sobre Imóveis - Principal";Lançamento de Receita;3.837.126,82;500;Recursos não vinculados de Impostos;1001;Identificação das despesas com manutenção e desenvolvimento do ensino
João Pessoa;201095;Prefeitura Municipal de João Pessoa;012025;2025;11125301;"Impostos sobre Transmissão ""Inter Vivos"" de Bens Imóveis e de Direitos Reais sobre Imóveis - Principal";Lançamento de Receita;7.023.548,19;500;Recursos não vinculados de Impostos;"Não ";Não Aplicável
João Pessoa;201095;Prefeitura Municipal de João Pessoa;012025;2025;11125301;"Impostos sobre Transmissão ""Inter Vivos"" de Bens Imóveis e de Direitos Reais sobre Imóveis - Principal";Lançamento de Receita;1.755.886,91;500;Recursos não vinculados de Impostos;1002;Identificação das despesas com ações e serviços públicos de saúde
João Pessoa;201095;Prefeitura Municipal de João Pessoa;012025;2025;11125301;"Impostos sobre Transmissão ""Inter Vivos"" de Bens Imóveis e de Direitos Reais sobre Imóveis - Principal";Lançamento de Receita;2.926.478,27;500;Recursos não vinculados de Impostos;1001;Identificação das despesas com manutenção e desenvolvimento do ensino
João Pessoa;201095;Prefeitura Municipal de João Pessoa;122025;2025;11125004;Imposto sobre a Propriedade Predial e Territorial Urbana - Dívida Ativa - Multas e Juros de Mora da Dívida Ativa;Lançamento de Receita;646.876,58;500;Recursos não vinculados de Impostos;"Não ";Não Aplicável
João Pessoa;201095;Prefeitura Municipal de João Pessoa;112025;2025;11125004;Imposto sobre a Propriedade Predial e Territorial Urbana - Dívida Ativa - Multas e Juros de Mora da Dívida Ativa;Lançamento de Receita;683.656,32;500;Recursos não vinculados de Impostos;"Não ";Não Aplicável
João Pessoa;201095;Prefeitura Municipal de João Pessoa;102025;2025;11125004;Imposto sobre a Propriedade Predial e Territorial Urbana - Dívida Ativa - Multas e Juros de Mora da Dívida Ativa;Lançamento de Receita;360.410,56;500;Recursos não vinculados de Impostos;"Não ";Não Aplicável
João Pessoa;201095;Prefeitura Municipal de João Pessoa;092025;2025;11125004;Imposto sobre a Propriedade Predial e Territorial Urbana - Dívida Ativa - Multas e Juros de Mora da Dívida Ativa;Lançamento de Receita;324.639,27;500;Recursos não vinculados de Impostos;"Não ";Não Aplicável
João Pessoa;201095;Prefeitura Municipal de João Pessoa;082025;2025;11125004;Imposto sobre a Propriedade Predial e Territorial Urbana - Dívida Ativa - Multas e Juros de Mora da Dívida Ativa;Lançamento de Receita;137.114,64;500;Recursos não vinculados de Impostos;"Não ";Não Aplicável
João Pessoa;201095;Prefeitura Municipal de João Pessoa;122025;2025;11125003;Imposto sobre a Propriedade Predial e Territorial Urbana - Dívida Ativa;Lançamento de Receita;4.983.831,85;500;Recursos não vinculados de Impostos;"Não ";Não Aplicável
João Pessoa;201095;Prefeitura Municipal de João Pessoa;112025;2025;11125003;Imposto sobre a Propriedade Predial e Territorial Urbana - Dívida Ativa;Lançamento de Receita;9.628.549,99;500;Recursos não vinculados de Impostos;"Não ";Não Aplicável
João Pessoa;201095;Prefeitura Municipal de João Pessoa;102025;2025;11125003;Imposto sobre a Propriedade Predial e Territorial Urbana - Dívida Ativa;Lançamento de Receita;3.938.536,05;500;Recursos não vinculados de Impostos;"Não ";Não Aplicável
João Pessoa;201095;Prefeitura Municipal de João Pessoa;092025;2025;11125003;Imposto sobre a Propriedade Predial e Territorial Urbana - Dívida Ativa;Lançamento de Receita;2.126.777,43;500;Recursos não vinculados de Impostos;"Não ";Não Aplicável
João Pessoa;201095;Prefeitura Municipal de João Pessoa;082025;2025;11125003;Imposto sobre a Propriedade Predial e Territorial Urbana - Dívida Ativa;Lançamento de Receita;1.861.012,37;500;Recursos não vinculados de Impostos;"Não ";Não Aplicável
João Pessoa;201095;Prefeitura Municipal de João Pessoa;072025;2025;11125003;Imposto sobre a Propriedade Predial e Territorial Urbana - Dívida Ativa;Lançamento de Receita;1.290.305,72;500;Recursos não vinculados de Impostos;"Não ";Não Aplicável
João Pessoa;201095;Prefeitura Municipal de João Pessoa;062025;2025;11125003;Imposto sobre a Propriedade Predial e Territorial Urbana - Dívida Ativa;Lançamento de Receita;1.269.989,41;500;Recursos não vinculados de Impostos;"Não ";Não Aplicável
João Pessoa;201095;Prefeitura Municipal de João Pessoa;052025;2025;11125003;Imposto sobre a Propriedade Predial e Territorial Urbana - Dívida Ativa;Lançamento de Receita;3.387.752,67;500;Recursos não vinculados de Impostos;"Não ";Não Aplicável
João Pessoa;201095;Prefeitura Municipal de João Pessoa;042025;2025;11125003;Imposto sobre a Propriedade Predial e Territorial Urbana - Dívida Ativa;Lançamento de Receita;4.588.838,02;500;Recursos não vinculados de Impostos;"Não ";Não Aplicável
João Pessoa;201095;Prefeitura Municipal de João Pessoa;032025;2025;11125003;Imposto sobre a Propriedade Predial e Territorial Urbana - Dívida Ativa;Lançamento de Receita;3.880.218,29;500;Recursos não vinculados de Impostos;"Não ";Não Aplicável
João Pessoa;201095;Prefeitura Municipal de João Pessoa;022025;2025;11125003;Imposto sobre a Propriedade Predial e Territorial Urbana - Dívida Ativa;Lançamento de Receita;3.872.822,2;500;Recursos não vinculados de Impostos;"Não ";Não Aplicável
João Pessoa;201095;Prefeitura Municipal de João Pessoa;012025;2025;11125003;Imposto sobre a Propriedade Predial e Territorial Urbana - Dívida Ativa;Lançamento de Receita;3.041.319,65;500;Recursos não vinculados de Impostos;"Não ";Não Aplicável
João Pessoa;201095;Prefeitura Municipal de João Pessoa;122025;2025;11125002;Imposto sobre a Propriedade Predial e Territorial Urbana - Multas e Juros de Mora;Lançamento de Receita;168.984,29;500;Recursos não vinculados de Impostos;"Não ";Não Aplicável
João Pessoa;201095;Prefeitura Municipal de João Pessoa;112025;2025;11125002;Imposto sobre a Propriedade Predial e Territorial Urbana - Multas e Juros de Mora;Lançamento de Receita;0;500;Recursos não vinculados de Impostos;1002;Identificação das despesas com ações e serviços públicos de saúde
João Pessoa;201095;Prefeitura Municipal de João Pessoa;112025;2025;11125002;Imposto sobre a Propriedade Predial e Territorial Urbana - Multas e Juros de Mora;Lançamento de Receita;111.672,49;500;Recursos não vinculados de Impostos;"Não ";Não Aplicável
João Pessoa;201095;Prefeitura Municipal de João Pessoa;102025;2025;11125002;Imposto sobre a Propriedade Predial e Territorial Urbana - Multas e Juros de Mora;Lançamento de Receita;140.063,78;500;Recursos não vinculados de Impostos;"Não ";Não Aplicável
João Pessoa;201095;Prefeitura Municipal de João Pessoa;092025;2025;11125002;Imposto sobre a Propriedade Predial e Territorial Urbana - Multas e Juros de Mora;Lançamento de Receita;134.625,77;500;Recursos não vinculados de Impostos;"Não ";Não Aplicável
João Pessoa;201095;Prefeitura Municipal de João Pessoa;082025;2025;11125002;Imposto sobre a Propriedade Predial e Territorial Urbana - Multas e Juros de Mora;Lançamento de Receita;107.695,24;500;Recursos não vinculados de Impostos;"Não ";Não Aplicável
João Pessoa;201095;Prefeitura Municipal de João Pessoa;072025;2025;11125002;Imposto sobre a Propriedade Predial e Territorial Urbana - Multas e Juros de Mora;Lançamento de Receita;197.307,96;500;Recursos não vinculados de Impostos;"Não ";Não Aplicável
João Pessoa;201095;Prefeitura Municipal de João Pessoa;072025;2025;11125002;Imposto sobre a Propriedade Predial e Territorial Urbana - Multas e Juros de Mora;Lançamento de Receita;0;501;Outros Recursos não Vinculados;"Não ";Não Aplicável
João Pessoa;201095;Prefeitura Municipal de João Pessoa;062025;2025;11125002;Imposto sobre a Propriedade Predial e Territorial Urbana - Multas e Juros de Mora;Lançamento de Receita;241.024,69;500;Recursos não vinculados de Impostos;"Não ";Não Aplicável
João Pessoa;201095;Prefeitura Municipal de João Pessoa;052025;2025;11125002;Imposto sobre a Propriedade Predial e Territorial Urbana - Multas e Juros de Mora;Lançamento de Receita;426.851,34;500;Recursos não vinculados de Impostos;"Não ";Não Aplicável
João Pessoa;201095;Prefeitura Municipal de João Pessoa;042025;2025;11125002;Imposto sobre a Propriedade Predial e Territorial Urbana - Multas e Juros de Mora;Lançamento de Receita;678.827,99;500;Recursos não vinculados de Impostos;"Não ";Não Aplicável
João Pessoa;201095;Prefeitura Municipal de João Pessoa;032025;2025;11125002;Imposto sobre a Propriedade Predial e Territorial Urbana - Multas e Juros de Mora;Lançamento de Receita;903.725,35;500;Recursos não vinculados de Impostos;"Não ";Não Aplicável
João Pessoa;201095;Prefeitura Municipal de João Pessoa;022025;2025;11125002;Imposto sobre a Propriedade Predial e Territorial Urbana - Multas e Juros de Mora;Lançamento de Receita;498.053,71;500;Recursos não vinculados de Impostos;"Não ";Não Aplicável
João Pessoa;201095;Prefeitura Municipal de João Pessoa;012025;2025;11125002;Imposto sobre a Propriedade Predial e Territorial Urbana - Multas e Juros de Mora;Lançamento de Receita;755.768,17;500;Recursos não vinculados de Impostos;"Não ";Não Aplicável
João Pessoa;201095;Prefeitura Municipal de João Pessoa;122025;2025;11125001;Imposto sobre a Propriedade Predial e Territorial Urbana - Principal;Lançamento de Receita;3.114.900,39;500;Recursos não vinculados de Impostos;"Não ";Não Aplicável
João Pessoa;201095;Prefeitura Municipal de João Pessoa;122025;2025;11125001;Imposto sobre a Propriedade Predial e Territorial Urbana - Principal;Lançamento de Receita;507.692,1;500;Recursos não vinculados de Impostos;1002;Identificação das despesas com ações e serviços públicos de saúde
João Pessoa;201095;Prefeitura Municipal de João Pessoa;122025;2025;11125001;Imposto sobre a Propriedade Predial e Territorial Urbana - Principal;Lançamento de Receita;42.975,61;500;Recursos não vinculados de Impostos;1001;Identificação das despesas com manutenção e desenvolvimento do ensino
João Pessoa;201095;Prefeitura Municipal de João Pessoa;112025;2025;11125001;Imposto sobre a Propriedade Predial e Territorial Urbana - Principal;Lançamento de Receita;3.321.227,2;500;Recursos não vinculados de Impostos;"Não ";Não Aplicável
João Pessoa;201095;Prefeitura Municipal de João Pessoa;112025;2025;11125001;Imposto sobre a Propriedade Predial e Territorial Urbana - Principal;Lançamento de Receita;584.778,29;500;Recursos não vinculados de Impostos;1002;Identificação das despesas com ações e serviços públicos de saúde
João Pessoa;201095;Prefeitura Municipal de João Pessoa;102025;2025;11125001;Imposto sobre a Propriedade Predial e Territorial Urbana - Principal;Lançamento de Receita;2.916.561,77;500;Recursos não vinculados de Impostos;"Não ";Não Aplicável
João Pessoa;201095;Prefeitura Municipal de João Pessoa;102025;2025;11125001;Imposto sobre a Propriedade Predial e Territorial Urbana - Principal;Lançamento de Receita;514.675,81;500;Recursos não vinculados de Impostos;1002;Identificação das despesas com ações e serviços públicos de saúde
João Pessoa;201095;Prefeitura Municipal de João Pessoa;092025;2025;11125001;Imposto sobre a Propriedade Predial e Territorial Urbana - Principal;Lançamento de Receita;2.766.263,6;500;Recursos não vinculados de Impostos;"Não ";Não Aplicável
João Pessoa;201095;Prefeitura Municipal de João Pessoa;092025;2025;11125001;Imposto sobre a Propriedade Predial e Territorial Urbana - Principal;Lançamento de Receita;488.164,04;500;Recursos não vinculados de Impostos;1002;Identificação das despesas com ações e serviços públicos de saúde
João Pessoa;201095;Prefeitura Municipal de João Pessoa;082025;2025;11125001;Imposto sobre a Propriedade Predial e Territorial Urbana - Principal;Lançamento de Receita;2.667.958,66;500;Recursos não vinculados de Impostos;"Não ";Não Aplicável
João Pessoa;201095;Prefeitura Municipal de João Pessoa;082025;2025;11125001;Imposto sobre a Propriedade Predial e Territorial Urbana - Principal;Lançamento de Receita;470.816,14;500;Recursos não vinculados de Impostos;1002;Identificação das despesas com ações e serviços públicos de saúde
João Pessoa;201095;Prefeitura Municipal de João Pessoa;072025;2025;11125001;Imposto sobre a Propriedade Predial e Territorial Urbana - Principal;Lançamento de Receita;574.751,94;500;Recursos não vinculados de Impostos;1002;Identificação das despesas com ações e serviços públicos de saúde
João Pessoa;201095;Prefeitura Municipal de João Pessoa;072025;2025;11125001;Imposto sobre a Propriedade Predial e Territorial Urbana - Principal;Lançamento de Receita;3.256.928,4;500;Recursos não vinculados de Impostos;"Não ";Não Aplicável
João Pessoa;201095;Prefeitura Municipal de João Pessoa;062025;2025;11125001;Imposto sobre a Propriedade Predial e Territorial Urbana - Principal;Lançamento de Receita;61.290,62;500;Recursos não vinculados de Impostos;1001;Identificação das despesas com manutenção e desenvolvimento do ensino
João Pessoa;201095;Prefeitura Municipal de João Pessoa;062025;2025;11125001;Imposto sobre a Propriedade Predial e Territorial Urbana - Principal;Lançamento de Receita;500.998,85;500;Recursos não vinculados de Impostos;1002;Identificação das despesas com ações e serviços públicos de saúde
João Pessoa;201095;Prefeitura Municipal de João Pessoa;062025;2025;11125001;Imposto sobre a Propriedade Predial e Territorial Urbana - Principal;Lançamento de Receita;2.779.703,66;500;Recursos não vinculados de Impostos;"Não ";Não Aplicável
João Pessoa;201095;Prefeitura Municipal de João Pessoa;052025;2025;11125001;Imposto sobre a Propriedade Predial e Territorial Urbana - Principal;Lançamento de Receita;903.793,65;500;Recursos não vinculados de Impostos;1002;Identificação das despesas com ações e serviços públicos de saúde
João Pessoa;201095;Prefeitura Municipal de João Pessoa;052025;2025;11125001;Imposto sobre a Propriedade Predial e Territorial Urbana - Principal;Lançamento de Receita;3.576.540,91;500;Recursos não vinculados de Impostos;"Não ";Não Aplicável
João Pessoa;201095;Prefeitura Municipal de João Pessoa;052025;2025;11125001;Imposto sobre a Propriedade Predial e Territorial Urbana - Principal;Lançamento de Receita;1.506.322,87;500;Recursos não vinculados de Impostos;1001;Identificação das despesas com manutenção e desenvolvimento do ensino
João Pessoa;201095;Prefeitura Municipal de João Pessoa;042025;2025;11125001;Imposto sobre a Propriedade Predial e Territorial Urbana - Principal;Lançamento de Receita;1.229.125,91;500;Recursos não vinculados de Impostos;1002;Identificação das despesas com ações e serviços públicos de saúde
João Pessoa;201095;Prefeitura Municipal de João Pessoa;042025;2025;11125001;Imposto sobre a Propriedade Predial e Territorial Urbana - Principal;Lançamento de Receita;3.027.636,44;500;Recursos não vinculados de Impostos;"Não ";Não Aplicável
João Pessoa;201095;Prefeitura Municipal de João Pessoa;042025;2025;11125001;Imposto sobre a Propriedade Predial e Territorial Urbana - Principal;Lançamento de Receita;2.129.238,33;500;Recursos não vinculados de Impostos;1001;Identificação das despesas com manutenção e desenvolvimento do ensino
João Pessoa;201095;Prefeitura Municipal de João Pessoa;032025;2025;11125001;Imposto sobre a Propriedade Predial e Territorial Urbana - Principal;Lançamento de Receita;13.450.989,82;500;Recursos não vinculados de Impostos;1002;Identificação das despesas com ações e serviços públicos de saúde
João Pessoa;201095;Prefeitura Municipal de João Pessoa;032025;2025;11125001;Imposto sobre a Propriedade Predial e Territorial Urbana - Principal;Lançamento de Receita;22.418.316,44;500;Recursos não vinculados de Impostos;1001;Identificação das despesas com manutenção e desenvolvimento do ensino
João Pessoa;201095;Prefeitura Municipal de João Pessoa;032025;2025;11125001;Imposto sobre a Propriedade Predial e Territorial Urbana - Principal;Lançamento de Receita;53.828.353,84;500;Recursos não vinculados de Impostos;"Não ";Não Aplicável
João Pessoa;201095;Prefeitura Municipal de João Pessoa;022025;2025;11125001;Imposto sobre a Propriedade Predial e Territorial Urbana - Principal;Lançamento de Receita;4.934.378,22;500;Recursos não vinculados de Impostos;1001;Identificação das despesas com manutenção e desenvolvimento do ensino
João Pessoa;201095;Prefeitura Municipal de João Pessoa;022025;2025;11125001;Imposto sobre a Propriedade Predial e Territorial Urbana - Principal;Lançamento de Receita;2.708.164,94;500;Recursos não vinculados de Impostos;1002;Identificação das despesas com ações e serviços públicos de saúde
João Pessoa;201095;Prefeitura Municipal de João Pessoa;022025;2025;11125001;Imposto sobre a Propriedade Predial e Territorial Urbana - Principal;Lançamento de Receita;12.341.932,59;500;Recursos não vinculados de Impostos;"Não ";Não Aplicável
João Pessoa;201095;Prefeitura Municipal de João Pessoa;012025;2025;11125001;Imposto sobre a Propriedade Predial e Territorial Urbana - Principal;Lançamento de Receita;1.040.922,21;500;Recursos não vinculados de Impostos;1001;Identificação das despesas com manutenção e desenvolvimento do ensino
João Pessoa;201095;Prefeitura Municipal de João Pessoa;012025;2025;11125001;Imposto sobre a Propriedade Predial e Territorial Urbana - Principal;Lançamento de Receita;624.563,29;500;Recursos não vinculados de Impostos;1002;Identificação das despesas com ações e serviços públicos de saúde
João Pessoa;201095;Prefeitura Municipal de João Pessoa;012025;2025;11125001;Imposto sobre a Propriedade Predial e Territorial Urbana - Principal;Lançamento de Receita;2.507.951,25;500;Recursos não vinculados de Impostos;"Não ";Não Aplicável
João Pessoa;301095;Superintendência de Transp. e Trânsito de J. Pessoa;122025;2025;19110101;Multas Previstas em Legislação Específica - Principal;Lançamento de Receita;4.782.135,91;752;Recursos Vinculados ao Trânsito;"Não ";Não Aplicável
João Pessoa;301095;Superintendência de Transp. e Trânsito de J. Pessoa;122025;2025;19110101;Multas Previstas em Legislação Específica - Principal;Lançamento de Receita;-1.909.995,35;501;Outros Recursos não Vinculados;"Não ";Não Aplicável
João Pessoa;301095;Superintendência de Transp. e Trânsito de J. Pessoa;122025;2025;19110101;Multas Previstas em Legislação Específica - Principal;Outras Deduções;-1.160,16;752;Recursos Vinculados ao Trânsito;"Não ";Não Aplicável
João Pessoa;301095;Superintendência de Transp. e Trânsito de J. Pessoa;112025;2025;19110101;Multas Previstas em Legislação Específica - Principal;Lançamento de Receita;1.357.268,15;752;Recursos Vinculados ao Trânsito;"Não ";Não Aplicável
João Pessoa;301095;Superintendência de Transp. e Trânsito de J. Pessoa;112025;2025;19110101;Multas Previstas em Legislação Específica - Principal;Outras Deduções;-137;752;Recursos Vinculados ao Trânsito;"Não ";Não Aplicável
João Pessoa;301095;Superintendência de Transp. e Trânsito de J. Pessoa;112025;2025;19110101;Multas Previstas em Legislação Específica - Principal;Lançamento de Receita;1.283.537,8;501;Outros Recursos não Vinculados;"Não ";Não Aplicável
João Pessoa;301095;Superintendência de Transp. e Trânsito de J. Pessoa;102025;2025;19110101;Multas Previstas em Legislação Específica - Principal;Outras Deduções;-1.768,88;752;Recursos Vinculados ao Trânsito;"Não ";Não Aplicável
João Pessoa;301095;Superintendência de Transp. e Trânsito de J. Pessoa;102025;2025;19110101;Multas Previstas em Legislação Específica - Principal;Lançamento de Receita;1.142.988,53;501;Outros Recursos não Vinculados;"Não ";Não Aplicável
João Pessoa;301095;Superintendência de Transp. e Trânsito de J. Pessoa;102025;2025;19110101;Multas Previstas em Legislação Específica - Principal;Lançamento de Receita;1.736.396,52;752;Recursos Vinculados ao Trânsito;"Não ";Não Aplicável
João Pessoa;301095;Superintendência de Transp. e Trânsito de J. Pessoa;092025;2025;19110101;Multas Previstas em Legislação Específica - Principal;Lançamento de Receita;749.117,3;501;Outros Recursos não Vinculados;"Não ";Não Aplicável
João Pessoa;301095;Superintendência de Transp. e Trânsito de J. Pessoa;092025;2025;19110101;Multas Previstas em Legislação Específica - Principal;Outras Deduções;-1.233,96;752;Recursos Vinculados ao Trânsito;"Não ";Não Aplicável
João Pessoa;301095;Superintendência de Transp. e Trânsito de J. Pessoa;092025;2025;19110101;Multas Previstas em Legislação Específica - Principal;Lançamento de Receita;1.748.751,37;752;Recursos Vinculados ao Trânsito;"Não ";Não Aplicável
João Pessoa;301095;Superintendência de Transp. e Trânsito de J. Pessoa;082025;2025;19110101;Multas Previstas em Legislação Específica - Principal;Outras Deduções;-266,85;752;Recursos Vinculados ao Trânsito;"Não ";Não Aplicável
João Pessoa;301095;Superintendência de Transp. e Trânsito de J. Pessoa;082025;2025;19110101;Multas Previstas em Legislação Específica - Principal;Lançamento de Receita;-1.404.261,16;501;Outros Recursos não Vinculados;"Não ";Não Aplicável
João Pessoa;301095;Superintendência de Transp. e Trânsito de J. Pessoa;082025;2025;19110101;Multas Previstas em Legislação Específica - Principal;Lançamento de Receita;4.143.358,21;752;Recursos Vinculados ao Trânsito;"Não ";Não Aplicável
João Pessoa;301095;Superintendência de Transp. e Trânsito de J. Pessoa;072025;2025;19110101;Multas Previstas em Legislação Específica - Principal;Lançamento de Receita;2.060.284,77;752;Recursos Vinculados ao Trânsito;"Não ";Não Aplicável
João Pessoa;301095;Superintendência de Transp. e Trânsito de J. Pessoa;072025;2025;19110101;Multas Previstas em Legislação Específica - Principal;Lançamento de Receita;890.012,67;501;Outros Recursos não Vinculados;"Não ";Não Aplicável
João Pessoa;301095;Superintendência de Transp. e Trânsito de J. Pessoa;072025;2025;19110101;Multas Previstas em Legislação Específica - Principal;Outras Deduções;-1.204,13;752;Recursos Vinculados ao Trânsito;"Não ";Não Aplicável
João Pessoa;301095;Superintendência de Transp. e Trânsito de J. Pessoa;062025;2025;19110101;Multas Previstas em Legislação Específica - Principal;Lançamento de Receita;748.828,09;501;Outros Recursos não Vinculados;"Não ";Não Aplicável
João Pessoa;301095;Superintendência de Transp. e Trânsito de J. Pessoa;062025;2025;19110101;Multas Previstas em Legislação Específica - Principal;Outras Deduções;-510,75;752;Recursos Vinculados ao Trânsito;"Não ";Não Aplicável
João Pessoa;301095;Superintendência de Transp. e Trânsito de J. Pessoa;062025;2025;19110101;Multas Previstas em Legislação Específica - Principal;Lançamento de Receita;1.773.122,72;752;Recursos Vinculados ao Trânsito;"Não ";Não Aplicável
João Pessoa;301095;Superintendência de Transp. e Trânsito de J. Pessoa;052025;2025;19110101;Multas Previstas em Legislação Específica - Principal;Outras Deduções;-262,83;752;Recursos Vinculados ao Trânsito;"Não ";Não Aplicável
João Pessoa;301095;Superintendência de Transp. e Trânsito de J. Pessoa;052025;2025;19110101;Multas Previstas em Legislação Específica - Principal;Lançamento de Receita;833.063,84;501;Outros Recursos não Vinculados;"Não ";Não Aplicável
João Pessoa;301095;Superintendência de Transp. e Trânsito de J. Pessoa;052025;2025;19110101;Multas Previstas em Legislação Específica - Principal;Lançamento de Receita;1.928.511,39;752;Recursos Vinculados ao Trânsito;"Não ";Não Aplicável
João Pessoa;301095;Superintendência de Transp. e Trânsito de J. Pessoa;042025;2025;19110101;Multas Previstas em Legislação Específica - Principal;Lançamento de Receita;1.969.782,26;752;Recursos Vinculados ao Trânsito;"Não ";Não Aplicável
João Pessoa;301095;Superintendência de Transp. e Trânsito de J. Pessoa;042025;2025;19110101;Multas Previstas em Legislação Específica - Principal;Outras Deduções;-835,81;752;Recursos Vinculados ao Trânsito;"Não ";Não Aplicável
João Pessoa;301095;Superintendência de Transp. e Trânsito de J. Pessoa;042025;2025;19110101;Multas Previstas em Legislação Específica - Principal;Lançamento de Receita;843.695,92;501;Outros Recursos não Vinculados;"Não ";Não Aplicável
João Pessoa;301095;Superintendência de Transp. e Trânsito de J. Pessoa;032025;2025;19110101;Multas Previstas em Legislação Específica - Principal;Lançamento de Receita;1.760.314,7;752;Recursos Vinculados ao Trânsito;"Não ";Não Aplicável
João Pessoa;301095;Superintendência de Transp. e Trânsito de J. Pessoa;032025;2025;19110101;Multas Previstas em Legislação Específica - Principal;Lançamento de Receita;754.883,08;501;Outros Recursos não Vinculados;"Não ";Não Aplicável
João Pessoa;301095;Superintendência de Transp. e Trânsito de J. Pessoa;032025;2025;19110101;Multas Previstas em Legislação Específica - Principal;Outras Deduções;-370,67;752;Recursos Vinculados ao Trânsito;"Não ";Não Aplicável
João Pessoa;301095;Superintendência de Transp. e Trânsito de J. Pessoa;022025;2025;19110101;Multas Previstas em Legislação Específica - Principal;Lançamento de Receita;672.280,81;501;Outros Recursos não Vinculados;"Não ";Não Aplicável
João Pessoa;301095;Superintendência de Transp. e Trânsito de J. Pessoa;022025;2025;19110101;Multas Previstas em Legislação Específica - Principal;Outras Deduções;-3.948,83;752;Recursos Vinculados ao Trânsito;"Não ";Não Aplicável
João Pessoa;301095;Superintendência de Transp. e Trânsito de J. Pessoa;022025;2025;19110101;Multas Previstas em Legislação Específica - Principal;Lançamento de Receita;1.747.666,68;752;Recursos Vinculados ao Trânsito;"Não ";Não Aplicável
João Pessoa;301095;Superintendência de Transp. e Trânsito de J. Pessoa;012025;2025;19110101;Multas Previstas em Legislação Específica - Principal;Lançamento de Receita;970.514,07;501;Outros Recursos não Vinculados;"Não ";Não Aplicável
João Pessoa;301095;Superintendência de Transp. e Trânsito de J. Pessoa;012025;2025;19110101;Multas Previstas em Legislação Específica - Principal;Lançamento de Receita;2.266.584,06;752;Recursos Vinculados ao Trânsito;"Não ";Não Aplicável
João Pessoa;301095;Superintendência de Transp. e Trânsito de J. Pessoa;122025;2025;13210101;Remuneração de Depósitos Bancários - Principal;Lançamento de Receita;27.872,38;501;Outros Recursos não Vinculados;"Não ";Não Aplicável
João Pessoa;301095;Superintendência de Transp. e Trânsito de J. Pessoa;122025;2025;13210101;Remuneração de Depósitos Bancários - Principal;Lançamento de Receita;27.647,75;752;Recursos Vinculados ao Trânsito;"Não ";Não Aplicável
João Pessoa;301095;Superintendência de Transp. e Trânsito de J. Pessoa;112025;2025;13210101;Remuneração de Depósitos Bancários - Principal;Lançamento de Receita;17.364,4;501;Outros Recursos não Vinculados;"Não ";Não Aplicável
João Pessoa;301095;Superintendência de Transp. e Trânsito de J. Pessoa;112025;2025;13210101;Remuneração de Depósitos Bancários - Principal;Lançamento de Receita;14.710,56;752;Recursos Vinculados ao Trânsito;"Não ";Não Aplicável
João Pessoa;301095;Superintendência de Transp. e Trânsito de J. Pessoa;102025;2025;13210101;Remuneração de Depósitos Bancários - Principal;Lançamento de Receita;23.997,96;752;Recursos Vinculados ao Trânsito;"Não ";Não Aplicável
João Pessoa;301095;Superintendência de Transp. e Trânsito de J. Pessoa;102025;2025;13210101;Remuneração de Depósitos Bancários - Principal;Lançamento de Receita;23.024,43;501;Outros Recursos não Vinculados;"Não ";Não Aplicável
João Pessoa;301095;Superintendência de Transp. e Trânsito de J. Pessoa;092025;2025;13210101;Remuneração de Depósitos Bancários - Principal;Lançamento de Receita;31.496,52;752;Recursos Vinculados ao Trânsito;"Não ";Não Aplicável
João Pessoa;301095;Superintendência de Transp. e Trânsito de J. Pessoa;092025;2025;13210101;Remuneração de Depósitos Bancários - Principal;Lançamento de Receita;17.163,39;501;Outros Recursos não Vinculados;"Não ";Não Aplicável
João Pessoa;301095;Superintendência de Transp. e Trânsito de J. Pessoa;082025;2025;13210101;Remuneração de Depósitos Bancários - Principal;Lançamento de Receita;33.936,33;752;Recursos Vinculados ao Trânsito;"Não ";Não Aplicável
João Pessoa;301095;Superintendência de Transp. e Trânsito de J. Pessoa;082025;2025;13210101;Remuneração de Depósitos Bancários - Principal;Lançamento de Receita;18.814,43;501;Outros Recursos não Vinculados;"Não ";Não Aplicável
João Pessoa;301095;Superintendência de Transp. e Trânsito de J. Pessoa;072025;2025;13210101;Remuneração de Depósitos Bancários - Principal;Lançamento de Receita;32.782,83;752;Recursos Vinculados ao Trânsito;"Não ";Não Aplicável
João Pessoa;301095;Superintendência de Transp. e Trânsito de J. Pessoa;072025;2025;13210101;Remuneração de Depósitos Bancários - Principal;Lançamento de Receita;17.430,48;501;Outros Recursos não Vinculados;"Não ";Não Aplicável
João Pessoa;301095;Superintendência de Transp. e Trânsito de J. Pessoa;062025;2025;13210101;Remuneração de Depósitos Bancários - Principal;Lançamento de Receita;15.571,95;501;Outros Recursos não Vinculados;"Não ";Não Aplicável
João Pessoa;301095;Superintendência de Transp. e Trânsito de J. Pessoa;062025;2025;13210101;Remuneração de Depósitos Bancários - Principal;Lançamento de Receita;27.729,31;752;Recursos Vinculados ao Trânsito;"Não ";Não Aplicável
João Pessoa;301095;Superintendência de Transp. e Trânsito de J. Pessoa;052025;2025;13210101;Remuneração de Depósitos Bancários - Principal;Lançamento de Receita;21.668,24;501;Outros Recursos não Vinculados;"Não ";Não Aplicável
João Pessoa;301095;Superintendência de Transp. e Trânsito de J. Pessoa;052025;2025;13210101;Remuneração de Depósitos Bancários - Principal;Lançamento de Receita;42.100,49;752;Recursos Vinculados ao Trânsito;"Não ";Não Aplicável
João Pessoa;301095;Superintendência de Transp. e Trânsito de J. Pessoa;042025;2025;13210101;Remuneração de Depósitos Bancários - Principal;Lançamento de Receita;18.206,45;501;Outros Recursos não Vinculados;"Não ";Não Aplicável
João Pessoa;301095;Superintendência de Transp. e Trânsito de J. Pessoa;042025;2025;13210101;Remuneração de Depósitos Bancários - Principal;Lançamento de Receita;35.601,99;752;Recursos Vinculados ao Trânsito;"Não ";Não Aplicável
João Pessoa;301095;Superintendência de Transp. e Trânsito de J. Pessoa;032025;2025;13210101;Remuneração de Depósitos Bancários - Principal;Lançamento de Receita;28.892,58;752;Recursos Vinculados ao Trânsito;"Não ";Não Aplicável
João Pessoa;301095;Superintendência de Transp. e Trânsito de J. Pessoa;032025;2025;13210101;Remuneração de Depósitos Bancários - Principal;Lançamento de Receita;15.265,74;501;Outros Recursos não Vinculados;"Não ";Não Aplicável
João Pessoa;301095;Superintendência de Transp. e Trânsito de J. Pessoa;022025;2025;13210101;Remuneração de Depósitos Bancários - Principal;Lançamento de Receita;29.804,26;752;Recursos Vinculados ao Trânsito;"Não ";Não Aplicável
João Pessoa;301095;Superintendência de Transp. e Trânsito de J. Pessoa;022025;2025;13210101;Remuneração de Depósitos Bancários - Principal;Lançamento de Receita;15.470,86;501;Outros Recursos não Vinculados;"Não ";Não Aplicável
João Pessoa;301095;Superintendência de Transp. e Trânsito de J. Pessoa;012025;2025;13210101;Remuneração de Depósitos Bancários - Principal;Lançamento de Receita;30.285,43;752;Recursos Vinculados ao Trânsito;"Não ";Não Aplicável
João Pessoa;301095;Superintendência de Transp. e Trânsito de J. Pessoa;012025;2025;13210101;Remuneração de Depósitos Bancários - Principal;Lançamento de Receita;12.979,47;501;Outros Recursos não Vinculados;"Não ";Não Aplicável
João Pessoa;302095;Instituto de Prev. e Assistência do Município de João Pessoa;122025;2025;72155021;Contribuição Patronal - Servidor Civil - Pensionistas - Principal;Lançamento de Receita;23.779,28;801;Recursos vinculados ao RPPS - Fundo em Repartição (Plano Financeiro);2111;Benefícios previdenciários - Poder Executivo - Fundo em Repartição (Plano Financeiro)
João Pessoa;302095;Instituto de Prev. e Assistência do Município de João Pessoa;112025;2025;72155021;Contribuição Patronal - Servidor Civil - Pensionistas - Principal;Lançamento de Receita;29.028,94;801;Recursos vinculados ao RPPS - Fundo em Repartição (Plano Financeiro);2111;Benefícios previdenciários - Poder Executivo - Fundo em Repartição (Plano Financeiro)
João Pessoa;302095;Instituto de Prev. e Assistência do Município de João Pessoa;102025;2025;72155021;Contribuição Patronal - Servidor Civil - Pensionistas - Principal;Lançamento de Receita;36.522,84;801;Recursos vinculados ao RPPS - Fundo em Repartição (Plano Financeiro);2111;Benefícios previdenciários - Poder Executivo - Fundo em Repartição (Plano Financeiro)
João Pessoa;302095;Instituto de Prev. e Assistência do Município de João Pessoa;092025;2025;72155021;Contribuição Patronal - Servidor Civil - Pensionistas - Principal;Lançamento de Receita;36.522,84;801;Recursos vinculados ao RPPS - Fundo em Repartição (Plano Financeiro);2111;Benefícios previdenciários - Poder Executivo - Fundo em Repartição (Plano Financeiro)
João Pessoa;302095;Instituto de Prev. e Assistência do Município de João Pessoa;082025;2025;72155021;Contribuição Patronal - Servidor Civil - Pensionistas - Principal;Lançamento de Receita;42.051,18;801;Recursos vinculados ao RPPS - Fundo em Repartição (Plano Financeiro);2111;Benefícios previdenciários - Poder Executivo - Fundo em Repartição (Plano Financeiro)
João Pessoa;302095;Instituto de Prev. e Assistência do Município de João Pessoa;072025;2025;72155021;Contribuição Patronal - Servidor Civil - Pensionistas - Principal;Lançamento de Receita;35.094,22;801;Recursos vinculados ao RPPS - Fundo em Repartição (Plano Financeiro);2111;Benefícios previdenciários - Poder Executivo - Fundo em Repartição (Plano Financeiro)
João Pessoa;302095;Instituto de Prev. e Assistência do Município de João Pessoa;062025;2025;72155021;Contribuição Patronal - Servidor Civil - Pensionistas - Principal;Lançamento de Receita;35.094,22;801;Recursos vinculados ao RPPS - Fundo em Repartição (Plano Financeiro);2111;Benefícios previdenciários - Poder Executivo - Fundo em Repartição (Plano Financeiro)
João Pessoa;302095;Instituto de Prev. e Assistência do Município de João Pessoa;052025;2025;72155021;Contribuição Patronal - Servidor Civil - Pensionistas - Principal;Lançamento de Receita;35.094,22;801;Recursos vinculados ao RPPS - Fundo em Repartição (Plano Financeiro);2111;Benefícios previdenciários - Poder Executivo - Fundo em Repartição (Plano Financeiro)
João Pessoa;302095;Instituto de Prev. e Assistência do Município de João Pessoa;042025;2025;72155021;Contribuição Patronal - Servidor Civil - Pensionistas - Principal;Lançamento de Receita;89.897,86;801;Recursos vinculados ao RPPS - Fundo em Repartição (Plano Financeiro);2111;Benefícios previdenciários - Poder Executivo - Fundo em Repartição (Plano Financeiro)
João Pessoa;302095;Instituto de Prev. e Assistência do Município de João Pessoa;122025;2025;72155011;Contribuição Patronal - Servidor Civil - Inativo - Principal;Lançamento de Receita;20.970,92;801;Recursos vinculados ao RPPS - Fundo em Repartição (Plano Financeiro);2111;Benefícios previdenciários - Poder Executivo - Fundo em Repartição (Plano Financeiro)
João Pessoa;302095;Instituto de Prev. e Assistência do Município de João Pessoa;112025;2025;72155011;Contribuição Patronal - Servidor Civil - Inativo - Principal;Lançamento de Receita;20.970,92;801;Recursos vinculados ao RPPS - Fundo em Repartição (Plano Financeiro);2111;Benefícios previdenciários - Poder Executivo - Fundo em Repartição (Plano Financeiro)
João Pessoa;302095;Instituto de Prev. e Assistência do Município de João Pessoa;102025;2025;72155011;Contribuição Patronal - Servidor Civil - Inativo - Principal;Lançamento de Receita;63.438,26;801;Recursos vinculados ao RPPS - Fundo em Repartição (Plano Financeiro);2111;Benefícios previdenciários - Poder Executivo - Fundo em Repartição (Plano Financeiro)
João Pessoa;302095;Instituto de Prev. e Assistência do Município de João Pessoa;092025;2025;72155011;Contribuição Patronal - Servidor Civil - Inativo - Principal;Lançamento de Receita;63.438,26;801;Recursos vinculados ao RPPS - Fundo em Repartição (Plano Financeiro);2111;Benefícios previdenciários - Poder Executivo - Fundo em Repartição (Plano Financeiro)
João Pessoa;302095;Instituto de Prev. e Assistência do Município de João Pessoa;082025;2025;72155011;Contribuição Patronal - Servidor Civil - Inativo - Principal;Lançamento de Receita;63.438,26;801;Recursos vinculados ao RPPS - Fundo em Repartição (Plano Financeiro);2111;Benefícios previdenciários - Poder Executivo - Fundo em Repartição (Plano Financeiro)
João Pessoa;302095;Instituto de Prev. e Assistência do Município de João Pessoa;072025;2025;72155011;Contribuição Patronal - Servidor Civil - Inativo - Principal;Lançamento de Receita;62.053,7;801;Recursos vinculados ao RPPS - Fundo em Repartição (Plano Financeiro);2111;Benefícios previdenciários - Poder Executivo - Fundo em Repartição (Plano Financeiro)
João Pessoa;302095;Instituto de Prev. e Assistência do Município de João Pessoa;062025;2025;72155011;Contribuição Patronal - Servidor Civil - Inativo - Principal;Lançamento de Receita;74.274,78;801;Recursos vinculados ao RPPS - Fundo em Repartição (Plano Financeiro);2111;Benefícios previdenciários - Poder Executivo - Fundo em Repartição (Plano Financeiro)
João Pessoa;302095;Instituto de Prev. e Assistência do Município de João Pessoa;052025;2025;72155011;Contribuição Patronal - Servidor Civil - Inativo - Principal;Lançamento de Receita;68.274,78;801;Recursos vinculados ao RPPS - Fundo em Repartição (Plano Financeiro);2111;Benefícios previdenciários - Poder Executivo - Fundo em Repartição (Plano Financeiro)
João Pessoa;302095;Instituto de Prev. e Assistência do Município de João Pessoa;042025;2025;72155011;Contribuição Patronal - Servidor Civil - Inativo - Principal;Lançamento de Receita;203.113,42;801;Recursos vinculados ao RPPS - Fundo em Repartição (Plano Financeiro);2111;Benefícios previdenciários - Poder Executivo - Fundo em Repartição (Plano Financeiro)
João Pessoa;302095;Instituto de Prev. e Assistência do Município de João Pessoa;122025;2025;72150212;Contribuição Patronal - Servidor Civil Ativo - Multas e Juros de Mora;Lançamento de Receita;0;800;Recursos vinculados ao RPPS - Fundo em Capitalização (Plano Previdenciário);1111;Benefícios previdenciários - Poder Executivo – Fundo em Capitalização (Plano Previdenciário)
João Pessoa;302095;Instituto de Prev. e Assistência do Município de João Pessoa;112025;2025;72150212;Contribuição Patronal - Servidor Civil Ativo - Multas e Juros de Mora;Lançamento de Receita;150,62;800;Recursos vinculados ao RPPS - Fundo em Capitalização (Plano Previdenciário);1111;Benefícios previdenciários - Poder Executivo – Fundo em Capitalização (Plano Previdenciário)
João Pessoa;302095;Instituto de Prev. e Assistência do Município de João Pessoa;082025;2025;72150212;Contribuição Patronal - Servidor Civil Ativo - Multas e Juros de Mora;Lançamento de Receita;-500,94;800;Recursos vinculados ao RPPS - Fundo em Capitalização (Plano Previdenciário);1111;Benefícios previdenciários - Poder Executivo – Fundo em Capitalização (Plano Previdenciário)
João Pessoa;302095;Instituto de Prev. e Assistência do Município de João Pessoa;072025;2025;72150212;Contribuição Patronal - Servidor Civil Ativo - Multas e Juros de Mora;Lançamento de Receita;500,94;800;Recursos vinculados ao RPPS - Fundo em Capitalização (Plano Previdenciário);1111;Benefícios previdenciários - Poder Executivo – Fundo em Capitalização (Plano Previdenciário)
João Pessoa;302095;Instituto de Prev. e Assistência do Município de João Pessoa;022025;2025;72150212;Contribuição Patronal - Servidor Civil Ativo - Multas e Juros de Mora;Lançamento de Receita;85.344,52;801;Recursos vinculados ao RPPS - Fundo em Repartição (Plano Financeiro);2111;Benefícios previdenciários - Poder Executivo - Fundo em Repartição (Plano Financeiro)
João Pessoa;302095;Instituto de Prev. e Assistência do Município de João Pessoa;122025;2025;72150211;Contribuição Patronal - Servidor Civil Ativo - Principal;Lançamento de Receita;12.571.048,01;801;Recursos vinculados ao RPPS - Fundo em Repartição (Plano Financeiro);2111;Benefícios previdenciários - Poder Executivo - Fundo em Repartição (Plano Financeiro)
João Pessoa;302095;Instituto de Prev. e Assistência do Município de João Pessoa;122025;2025;72150211;Contribuição Patronal - Servidor Civil Ativo - Principal;Lançamento de Receita;9.836.082,15;800;Recursos vinculados ao RPPS - Fundo em Capitalização (Plano Previdenciário);1111;Benefícios previdenciários - Poder Executivo – Fundo em Capitalização (Plano Previdenciário)
João Pessoa;302095;Instituto de Prev. e Assistência do Município de João Pessoa;112025;2025;72150211;Contribuição Patronal - Servidor Civil Ativo - Principal;Lançamento de Receita;4.721.901,39;801;Recursos vinculados ao RPPS - Fundo em Repartição (Plano Financeiro);2111;Benefícios previdenciários - Poder Executivo - Fundo em Repartição (Plano Financeiro)
João Pessoa;302095;Instituto de Prev. e Assistência do Município de João Pessoa;112025;2025;72150211;Contribuição Patronal - Servidor Civil Ativo - Principal;Lançamento de Receita;4.042.437,93;800;Recursos vinculados ao RPPS - Fundo em Capitalização (Plano Previdenciário);1111;Benefícios previdenciários - Poder Executivo – Fundo em Capitalização (Plano Previdenciário)
João Pessoa;302095;Instituto de Prev. e Assistência do Município de João Pessoa;102025;2025;72150211;Contribuição Patronal - Servidor Civil Ativo - Principal;Lançamento de Receita;4.958.622,56;801;Recursos vinculados ao RPPS - Fundo em Repartição (Plano Financeiro);2111;Benefícios previdenciários - Poder Executivo - Fundo em Repartição (Plano Financeiro)
João Pessoa;302095;Instituto de Prev. e Assistência do Município de João Pessoa;102025;2025;72150211;Contribuição Patronal - Servidor Civil Ativo - Principal;Lançamento de Receita;3.828.028,84;800;Recursos vinculados ao RPPS - Fundo em Capitalização (Plano Previdenciário);1111;Benefícios previdenciários - Poder Executivo – Fundo em Capitalização (Plano Previdenciário)
João Pessoa;302095;Instituto de Prev. e Assistência do Município de João Pessoa;092025;2025;72150211;Contribuição Patronal - Servidor Civil Ativo - Principal;Lançamento de Receita;3.816.304,55;800;Recursos vinculados ao RPPS - Fundo em Capitalização (Plano Previdenciário);1111;Benefícios previdenciários - Poder Executivo – Fundo em Capitalização (Plano Previdenciário)
João Pessoa;302095;Instituto de Prev. e Assistência do Município de João Pessoa;092025;2025;72150211;Contribuição Patronal - Servidor Civil Ativo - Principal;Lançamento de Receita;4.974.212,33;801;Recursos vinculados ao RPPS - Fundo em Repartição (Plano Financeiro);2111;Benefícios previdenciários - Poder Executivo - Fundo em Repartição (Plano Financeiro)
João Pessoa;302095;Instituto de Prev. e Assistência do Município de João Pessoa;082025;2025;72150211;Contribuição Patronal - Servidor Civil Ativo - Principal;Lançamento de Receita;5.015.529,56;801;Recursos vinculados ao RPPS - Fundo em Repartição (Plano Financeiro);2111;Benefícios previdenciários - Poder Executivo - Fundo em Repartição (Plano Financeiro)
João Pessoa;302095;Instituto de Prev. e Assistência do Município de João Pessoa;082025;2025;72150211;Contribuição Patronal - Servidor Civil Ativo - Principal;Lançamento de Receita;3.811.196,65;800;Recursos vinculados ao RPPS - Fundo em Capitalização (Plano Previdenciário);1111;Benefícios previdenciários - Poder Executivo – Fundo em Capitalização (Plano Previdenciário)
João Pessoa;302095;Instituto de Prev. e Assistência do Município de João Pessoa;072025;2025;72150211;Contribuição Patronal - Servidor Civil Ativo - Principal;Lançamento de Receita;3.866.063,56;800;Recursos vinculados ao RPPS - Fundo em Capitalização (Plano Previdenciário);1111;Benefícios previdenciários - Poder Executivo – Fundo em Capitalização (Plano Previdenciário)
João Pessoa;302095;Instituto de Prev. e Assistência do Município de João Pessoa;072025;2025;72150211;Contribuição Patronal - Servidor Civil Ativo - Principal;Lançamento de Receita;5.290.880,7;801;Recursos vinculados ao RPPS - Fundo em Repartição (Plano Financeiro);2111;Benefícios previdenciários - Poder Executivo - Fundo em Repartição (Plano Financeiro)
João Pessoa;302095;Instituto de Prev. e Assistência do Município de João Pessoa;062025;2025;72150211;Contribuição Patronal - Servidor Civil Ativo - Principal;Lançamento de Receita;4.826.646,75;801;Recursos vinculados ao RPPS - Fundo em Repartição (Plano Financeiro);2111;Benefícios previdenciários - Poder Executivo - Fundo em Repartição (Plano Financeiro)
João Pessoa;302095;Instituto de Prev. e Assistência do Município de João Pessoa;062025;2025;72150211;Contribuição Patronal - Servidor Civil Ativo - Principal;Lançamento de Receita;3.673.463,04;800;Recursos vinculados ao RPPS - Fundo em Capitalização (Plano Previdenciário);1111;Benefícios previdenciários - Poder Executivo – Fundo em Capitalização (Plano Previdenciário)
João Pessoa;302095;Instituto de Prev. e Assistência do Município de João Pessoa;052025;2025;72150211;Contribuição Patronal - Servidor Civil Ativo - Principal;Lançamento de Receita;3.752.337,62;800;Recursos vinculados ao RPPS - Fundo em Capitalização (Plano Previdenciário);1111;Benefícios previdenciários - Poder Executivo – Fundo em Capitalização (Plano Previdenciário)
João Pessoa;302095;Instituto de Prev. e Assistência do Município de João Pessoa;052025;2025;72150211;Contribuição Patronal - Servidor Civil Ativo - Principal;Lançamento de Receita;5.001.386,87;801;Recursos vinculados ao RPPS - Fundo em Repartição (Plano Financeiro);2111;Benefícios previdenciários - Poder Executivo - Fundo em Repartição (Plano Financeiro)
João Pessoa;302095;Instituto de Prev. e Assistência do Município de João Pessoa;042025;2025;72150211;Contribuição Patronal - Servidor Civil Ativo - Principal;Lançamento de Receita;3.776.594,31;800;Recursos vinculados ao RPPS - Fundo em Capitalização (Plano Previdenciário);1111;Benefícios previdenciários - Poder Executivo – Fundo em Capitalização (Plano Previdenciário)
João Pessoa;302095;Instituto de Prev. e Assistência do Município de João Pessoa;042025;2025;72150211;Contribuição Patronal - Servidor Civil Ativo - Principal;Lançamento de Receita;5.070.330,05;801;Recursos vinculados ao RPPS - Fundo em Repartição (Plano Financeiro);2111;Benefícios previdenciários - Poder Executivo - Fundo em Repartição (Plano Financeiro)
João Pessoa;302095;Instituto de Prev. e Assistência do Município de João Pessoa;032025;2025;72150211;Contribuição Patronal - Servidor Civil Ativo - Principal;Lançamento de Receita;5.286.005,76;801;Recursos vinculados ao RPPS - Fundo em Repartição (Plano Financeiro);2111;Benefícios previdenciários - Poder Executivo - Fundo em Repartição (Plano Financeiro)
João Pessoa;302095;Instituto de Prev. e Assistência do Município de João Pessoa;032025;2025;72150211;Contribuição Patronal - Servidor Civil Ativo - Principal;Lançamento de Receita;3.857.532,01;800;Recursos vinculados ao RPPS - Fundo em Capitalização (Plano Previdenciário);1111;Benefícios previdenciários - Poder Executivo – Fundo em Capitalização (Plano Previdenciário)
João Pessoa;302095;Instituto de Prev. e Assistência do Município de João Pessoa;022025;2025;72150211;Contribuição Patronal - Servidor Civil Ativo - Principal;Lançamento de Receita;5.172.821,94;801;Recursos vinculados ao RPPS - Fundo em Repartição (Plano Financeiro);2111;Benefícios previdenciários - Poder Executivo - Fundo em Repartição (Plano Financeiro)
João Pessoa;302095;Instituto de Prev. e Assistência do Município de João Pessoa;022025;2025;72150211;Contribuição Patronal - Servidor Civil Ativo - Principal;Lançamento de Receita;5.024.481,77;800;Recursos vinculados ao RPPS - Fundo em Capitalização (Plano Previdenciário);1111;Benefícios previdenciários - Poder Executivo – Fundo em Capitalização (Plano Previdenciário)
João Pessoa;302095;Instituto de Prev. e Assistência do Município de João Pessoa;012025;2025;72150211;Contribuição Patronal - Servidor Civil Ativo - Principal;Lançamento de Receita;4.333,63;801;Recursos vinculados ao RPPS - Fundo em Repartição (Plano Financeiro);2111;Benefícios previdenciários - Poder Executivo - Fundo em Repartição (Plano Financeiro)
João Pessoa;302095;Instituto de Prev. e Assistência do Município de João Pessoa;012025;2025;72150211;Contribuição Patronal - Servidor Civil Ativo - Principal;Lançamento de Receita;13.373,23;800;Recursos vinculados ao RPPS - Fundo em Capitalização (Plano Previdenciário);1111;Benefícios previdenciários - Poder Executivo – Fundo em Capitalização (Plano Previdenciário)
João Pessoa;302095;Instituto de Prev. e Assistência do Município de João Pessoa;122025;2025;19999921;Outras Receitas Não Arrecadadas e Não Projetadas pela RFB - Primárias   - Principal;Lançamento de Receita;15.870;800;Recursos vinculados ao RPPS - Fundo em Capitalização (Plano Previdenciário);1111;Benefícios previdenciários - Poder Executivo – Fundo em Capitalização (Plano Previdenciário)
João Pessoa;302095;Instituto de Prev. e Assistência do Município de João Pessoa;112025;2025;19999921;Outras Receitas Não Arrecadadas e Não Projetadas pela RFB - Primárias   - Principal;Lançamento de Receita;15.792;800;Recursos vinculados ao RPPS - Fundo em Capitalização (Plano Previdenciário);1111;Benefícios previdenciários - Poder Executivo – Fundo em Capitalização (Plano Previdenciário)
João Pessoa;302095;Instituto de Prev. e Assistência do Município de João Pessoa;102025;2025;19999921;Outras Receitas Não Arrecadadas e Não Projetadas pela RFB - Primárias   - Principal;Lançamento de Receita;15.706,5;800;Recursos vinculados ao RPPS - Fundo em Capitalização (Plano Previdenciário);1111;Benefícios previdenciários - Poder Executivo – Fundo em Capitalização (Plano Previdenciário)
João Pessoa;302095;Instituto de Prev. e Assistência do Município de João Pessoa;092025;2025;19999921;Outras Receitas Não Arrecadadas e Não Projetadas pela RFB - Primárias   - Principal;Lançamento de Receita;15.370,5;800;Recursos vinculados ao RPPS - Fundo em Capitalização (Plano Previdenciário);1111;Benefícios previdenciários - Poder Executivo – Fundo em Capitalização (Plano Previdenciário)
João Pessoa;302095;Instituto de Prev. e Assistência do Município de João Pessoa;082025;2025;19999921;Outras Receitas Não Arrecadadas e Não Projetadas pela RFB - Primárias   - Principal;Lançamento de Receita;15.444;800;Recursos vinculados ao RPPS - Fundo em Capitalização (Plano Previdenciário);1111;Benefícios previdenciários - Poder Executivo – Fundo em Capitalização (Plano Previdenciário)
João Pessoa;302095;Instituto de Prev. e Assistência do Município de João Pessoa;072025;2025;19999921;Outras Receitas Não Arrecadadas e Não Projetadas pela RFB - Primárias   - Principal;Lançamento de Receita;15.363;800;Recursos vinculados ao RPPS - Fundo em Capitalização (Plano Previdenciário);1111;Benefícios previdenciários - Poder Executivo – Fundo em Capitalização (Plano Previdenciário)
João Pessoa;302095;Instituto de Prev. e Assistência do Município de João Pessoa;062025;2025;19999921;Outras Receitas Não Arrecadadas e Não Projetadas pela RFB - Primárias   - Principal;Lançamento de Receita;15.378;800;Recursos vinculados ao RPPS - Fundo em Capitalização (Plano Previdenciário);1111;Benefícios previdenciários - Poder Executivo – Fundo em Capitalização (Plano Previdenciário)
João Pessoa;302095;Instituto de Prev. e Assistência do Município de João Pessoa;052025;2025;19999921;Outras Receitas Não Arrecadadas e Não Projetadas pela RFB - Primárias   - Principal;Lançamento de Receita;15.258;800;Recursos vinculados ao RPPS - Fundo em Capitalização (Plano Previdenciário);1111;Benefícios previdenciários - Poder Executivo – Fundo em Capitalização (Plano Previdenciário)
João Pessoa;302095;Instituto de Prev. e Assistência do Município de João Pessoa;042025;2025;19999921;Outras Receitas Não Arrecadadas e Não Projetadas pela RFB - Primárias   - Principal;Lançamento de Receita;15.145,5;800;Recursos vinculados ao RPPS - Fundo em Capitalização (Plano Previdenciário);1111;Benefícios previdenciários - Poder Executivo – Fundo em Capitalização (Plano Previdenciário)
João Pessoa;302095;Instituto de Prev. e Assistência do Município de João Pessoa;032025;2025;19999921;Outras Receitas Não Arrecadadas e Não Projetadas pela RFB - Primárias   - Principal;Lançamento de Receita;14.986,5;800;Recursos vinculados ao RPPS - Fundo em Capitalização (Plano Previdenciário);1111;Benefícios previdenciários - Poder Executivo – Fundo em Capitalização (Plano Previdenciário)
João Pessoa;302095;Instituto de Prev. e Assistência do Município de João Pessoa;022025;2025;19999921;Outras Receitas Não Arrecadadas e Não Projetadas pela RFB - Primárias   - Principal;Lançamento de Receita;14.670;800;Recursos vinculados ao RPPS - Fundo em Capitalização (Plano Previdenciário);1111;Benefícios previdenciários - Poder Executivo – Fundo em Capitalização (Plano Previdenciário)
João Pessoa;302095;Instituto de Prev. e Assistência do Município de João Pessoa;072025;2025;19990302;Compensações Financeiras entre os Regimes de Previdência - Multas e Juros de Mora;Lançamento de Receita;1,65;801;Recursos vinculados ao RPPS - Fundo em Repartição (Plano Financeiro);2111;Benefícios previdenciários - Poder Executivo - Fundo em Repartição (Plano Financeiro)
João Pessoa;302095;Instituto de Prev. e Assistência do Município de João Pessoa;062025;2025;19990302;Compensações Financeiras entre os Regimes de Previdência - Multas e Juros de Mora;Lançamento de Receita;231,54;801;Recursos vinculados ao RPPS - Fundo em Repartição (Plano Financeiro);2111;Benefícios previdenciários - Poder Executivo - Fundo em Repartição (Plano Financeiro)
João Pessoa;302095;Instituto de Prev. e Assistência do Município de João Pessoa;122025;2025;19990301;Compensações Financeiras entre os Regimes de Previdência - Principal;Lançamento de Receita;44.666,68;800;Recursos vinculados ao RPPS - Fundo em Capitalização (Plano Previdenciário);1111;Benefícios previdenciários - Poder Executivo – Fundo em Capitalização (Plano Previdenciário)
João Pessoa;302095;Instituto de Prev. e Assistência do Município de João Pessoa;122025;2025;19990301;Compensações Financeiras entre os Regimes de Previdência - Principal;Lançamento de Receita;5.587.033,5;801;Recursos vinculados ao RPPS - Fundo em Repartição (Plano Financeiro);2111;Benefícios previdenciários - Poder Executivo - Fundo em Repartição (Plano Financeiro)
João Pessoa;302095;Instituto de Prev. e Assistência do Município de João Pessoa;112025;2025;19990301;Compensações Financeiras entre os Regimes de Previdência - Principal;Lançamento de Receita;4.090,69;800;Recursos vinculados ao RPPS - Fundo em Capitalização (Plano Previdenciário);1111;Benefícios previdenciários - Poder Executivo – Fundo em Capitalização (Plano Previdenciário)
João Pessoa;302095;Instituto de Prev. e Assistência do Município de João Pessoa;112025;2025;19990301;Compensações Financeiras entre os Regimes de Previdência - Principal;Lançamento de Receita;6.435.145,99;801;Recursos vinculados ao RPPS - Fundo em Repartição (Plano Financeiro);2111;Benefícios previdenciários - Poder Executivo - Fundo em Repartição (Plano Financeiro)
João Pessoa;302095;Instituto de Prev. e Assistência do Município de João Pessoa;102025;2025;19990301;Compensações Financeiras entre os Regimes de Previdência - Principal;Lançamento de Receita;1.244.912,78;801;Recursos vinculados ao RPPS - Fundo em Repartição (Plano Financeiro);2111;Benefícios previdenciários - Poder Executivo - Fundo em Repartição (Plano Financeiro)
João Pessoa;302095;Instituto de Prev. e Assistência do Município de João Pessoa;102025;2025;19990301;Compensações Financeiras entre os Regimes de Previdência - Principal;Lançamento de Receita;23.585,97;800;Recursos vinculados ao RPPS - Fundo em Capitalização (Plano Previdenciário);1111;Benefícios previdenciários - Poder Executivo – Fundo em Capitalização (Plano Previdenciário)
João Pessoa;302095;Instituto de Prev. e Assistência do Município de João Pessoa;092025;2025;19990301;Compensações Financeiras entre os Regimes de Previdência - Principal;Lançamento de Receita;3.223,33;800;Recursos vinculados ao RPPS - Fundo em Capitalização (Plano Previdenciário);1111;Benefícios previdenciários - Poder Executivo – Fundo em Capitalização (Plano Previdenciário)
João Pessoa;302095;Instituto de Prev. e Assistência do Município de João Pessoa;092025;2025;19990301;Compensações Financeiras entre os Regimes de Previdência - Principal;Lançamento de Receita;1.124.184,7;801;Recursos vinculados ao RPPS - Fundo em Repartição (Plano Financeiro);2111;Benefícios previdenciários - Poder Executivo - Fundo em Repartição (Plano Financeiro)
João Pessoa;302095;Instituto de Prev. e Assistência do Município de João Pessoa;082025;2025;19990301;Compensações Financeiras entre os Regimes de Previdência - Principal;Lançamento de Receita;6.609,43;800;Recursos vinculados ao RPPS - Fundo em Capitalização (Plano Previdenciário);1111;Benefícios previdenciários - Poder Executivo – Fundo em Capitalização (Plano Previdenciário)
João Pessoa;302095;Instituto de Prev. e Assistência do Município de João Pessoa;082025;2025;19990301;Compensações Financeiras entre os Regimes de Previdência - Principal;Lançamento de Receita;1.185.048,66;801;Recursos vinculados ao RPPS - Fundo em Repartição (Plano Financeiro);2111;Benefícios previdenciários - Poder Executivo - Fundo em Repartição (Plano Financeiro)
João Pessoa;302095;Instituto de Prev. e Assistência do Município de João Pessoa;072025;2025;19990301;Compensações Financeiras entre os Regimes de Previdência - Principal;Lançamento de Receita;2.050.564;801;Recursos vinculados ao RPPS - Fundo em Repartição (Plano Financeiro);2111;Benefícios previdenciários - Poder Executivo - Fundo em Repartição (Plano Financeiro)
João Pessoa;302095;Instituto de Prev. e Assistência do Município de João Pessoa;072025;2025;19990301;Compensações Financeiras entre os Regimes de Previdência - Principal;Lançamento de Receita;9.995,53;800;Recursos vinculados ao RPPS - Fundo em Capitalização (Plano Previdenciário);1111;Benefícios previdenciários - Poder Executivo – Fundo em Capitalização (Plano Previdenciário)
João Pessoa;302095;Instituto de Prev. e Assistência do Município de João Pessoa;062025;2025;19990301;Compensações Financeiras entre os Regimes de Previdência - Principal;Lançamento de Receita;42.384,8;800;Recursos vinculados ao RPPS - Fundo em Capitalização (Plano Previdenciário);1111;Benefícios previdenciários - Poder Executivo – Fundo em Capitalização (Plano Previdenciário)
João Pessoa;302095;Instituto de Prev. e Assistência do Município de João Pessoa;062025;2025;19990301;Compensações Financeiras entre os Regimes de Previdência - Principal;Lançamento de Receita;1.529.773,26;801;Recursos vinculados ao RPPS - Fundo em Repartição (Plano Financeiro);2111;Benefícios previdenciários - Poder Executivo - Fundo em Repartição (Plano Financeiro)
João Pessoa;302095;Instituto de Prev. e Assistência do Município de João Pessoa;052025;2025;19990301;Compensações Financeiras entre os Regimes de Previdência - Principal;Lançamento de Receita;5.541,39;800;Recursos vinculados ao RPPS - Fundo em Capitalização (Plano Previdenciário);1111;Benefícios previdenciários - Poder Executivo – Fundo em Capitalização (Plano Previdenciário)
João Pessoa;302095;Instituto de Prev. e Assistência do Município de João Pessoa;052025;2025;19990301;Compensações Financeiras entre os Regimes de Previdência - Principal;Lançamento de Receita;1.544.511,94;801;Recursos vinculados ao RPPS - Fundo em Repartição (Plano Financeiro);2111;Benefícios previdenciários - Poder Executivo - Fundo em Repartição (Plano Financeiro)
João Pessoa;302095;Instituto de Prev. e Assistência do Município de João Pessoa;042025;2025;19990301;Compensações Financeiras entre os Regimes de Previdência - Principal;Lançamento de Receita;5.541,39;800;Recursos vinculados ao RPPS - Fundo em Capitalização (Plano Previdenciário);1111;Benefícios previdenciários - Poder Executivo – Fundo em Capitalização (Plano Previdenciário)
João Pessoa;302095;Instituto de Prev. e Assistência do Município de João Pessoa;042025;2025;19990301;Compensações Financeiras entre os Regimes de Previdência - Principal;Lançamento de Receita;1.082.371,6;801;Recursos vinculados ao RPPS - Fundo em Repartição (Plano Financeiro);2111;Benefícios previdenciários - Poder Executivo - Fundo em Repartição (Plano Financeiro)
João Pessoa;302095;Instituto de Prev. e Assistência do Município de João Pessoa;032025;2025;19990301;Compensações Financeiras entre os Regimes de Previdência - Principal;Lançamento de Receita;1.428.052,75;801;Recursos vinculados ao RPPS - Fundo em Repartição (Plano Financeiro);2111;Benefícios previdenciários - Poder Executivo - Fundo em Repartição (Plano Financeiro)
João Pessoa;302095;Instituto de Prev. e Assistência do Município de João Pessoa;032025;2025;19990301;Compensações Financeiras entre os Regimes de Previdência - Principal;Lançamento de Receita;10.599,19;800;Recursos vinculados ao RPPS - Fundo em Capitalização (Plano Previdenciário);1111;Benefícios previdenciários - Poder Executivo – Fundo em Capitalização (Plano Previdenciário)
João Pessoa;302095;Instituto de Prev. e Assistência do Município de João Pessoa;022025;2025;19990301;Compensações Financeiras entre os Regimes de Previdência - Principal;Lançamento de Receita;94.899,39;800;Recursos vinculados ao RPPS - Fundo em Capitalização (Plano Previdenciário);1111;Benefícios previdenciários - Poder Executivo – Fundo em Capitalização (Plano Previdenciário)
João Pessoa;302095;Instituto de Prev. e Assistência do Município de João Pessoa;022025;2025;19990301;Compensações Financeiras entre os Regimes de Previdência - Principal;Lançamento de Receita;1.755.149,42;801;Recursos vinculados ao RPPS - Fundo em Repartição (Plano Financeiro);2111;Benefícios previdenciários - Poder Executivo - Fundo em Repartição (Plano Financeiro)
João Pessoa;302095;Instituto de Prev. e Assistência do Município de João Pessoa;012025;2025;19990301;Compensações Financeiras entre os Regimes de Previdência - Principal;Lançamento de Receita;737.061,03;801;Recursos vinculados ao RPPS - Fundo em Repartição (Plano Financeiro);2111;Benefícios previdenciários - Poder Executivo - Fundo em Repartição (Plano Financeiro)
João Pessoa;302095;Instituto de Prev. e Assistência do Município de João Pessoa;012025;2025;19990301;Compensações Financeiras entre os Regimes de Previdência - Principal;Lançamento de Receita;966,66;800;Recursos vinculados ao RPPS - Fundo em Capitalização (Plano Previdenciário);1111;Benefícios previdenciários - Poder Executivo – Fundo em Capitalização (Plano Previdenciário)
João Pessoa;302095;Instituto de Prev. e Assistência do Município de João Pessoa;122025;2025;19229901;Outras Restituições - Principal;Lançamento de Receita;116,96;800;Recursos vinculados ao RPPS - Fundo em Capitalização (Plano Previdenciário);1111;Benefícios previdenciários - Poder Executivo – Fundo em Capitalização (Plano Previdenciário)
João Pessoa;302095;Instituto de Prev. e Assistência do Município de João Pessoa;122025;2025;19229901;Outras Restituições - Principal;Lançamento de Receita;210.182,47;801;Recursos vinculados ao RPPS - Fundo em Repartição (Plano Financeiro);2111;Benefícios previdenciários - Poder Executivo - Fundo em Repartição (Plano Financeiro)
João Pessoa;302095;Instituto de Prev. e Assistência do Município de João Pessoa;112025;2025;19229901;Outras Restituições - Principal;Lançamento de Receita;106,75;800;Recursos vinculados ao RPPS - Fundo em Capitalização (Plano Previdenciário);1111;Benefícios previdenciários - Poder Executivo – Fundo em Capitalização (Plano Previdenciário)
João Pessoa;302095;Instituto de Prev. e Assistência do Município de João Pessoa;112025;2025;19229901;Outras Restituições - Principal;Lançamento de Receita;196.488,52;801;Recursos vinculados ao RPPS - Fundo em Repartição (Plano Financeiro);2111;Benefícios previdenciários - Poder Executivo - Fundo em Repartição (Plano Financeiro)
João Pessoa;302095;Instituto de Prev. e Assistência do Município de João Pessoa;102025;2025;19229901;Outras Restituições - Principal;Lançamento de Receita;106,75;800;Recursos vinculados ao RPPS - Fundo em Capitalização (Plano Previdenciário);1111;Benefícios previdenciários - Poder Executivo – Fundo em Capitalização (Plano Previdenciário)
João Pessoa;302095;Instituto de Prev. e Assistência do Município de João Pessoa;102025;2025;19229901;Outras Restituições - Principal;Lançamento de Receita;183.044,18;801;Recursos vinculados ao RPPS - Fundo em Repartição (Plano Financeiro);2111;Benefícios previdenciários - Poder Executivo - Fundo em Repartição (Plano Financeiro)
João Pessoa;302095;Instituto de Prev. e Assistência do Município de João Pessoa;092025;2025;19229901;Outras Restituições - Principal;Lançamento de Receita;106,75;800;Recursos vinculados ao RPPS - Fundo em Capitalização (Plano Previdenciário);1111;Benefícios previdenciários - Poder Executivo – Fundo em Capitalização (Plano Previdenciário)
João Pessoa;302095;Instituto de Prev. e Assistência do Município de João Pessoa;092025;2025;19229901;Outras Restituições - Principal;Lançamento de Receita;181.553,51;801;Recursos vinculados ao RPPS - Fundo em Repartição (Plano Financeiro);2111;Benefícios previdenciários - Poder Executivo - Fundo em Repartição (Plano Financeiro)
João Pessoa;302095;Instituto de Prev. e Assistência do Município de João Pessoa;082025;2025;19229901;Outras Restituições - Principal;Lançamento de Receita;106,75;800;Recursos vinculados ao RPPS - Fundo em Capitalização (Plano Previdenciário);1111;Benefícios previdenciários - Poder Executivo – Fundo em Capitalização (Plano Previdenciário)
João Pessoa;302095;Instituto de Prev. e Assistência do Município de João Pessoa;082025;2025;19229901;Outras Restituições - Principal;Lançamento de Receita;180.886,84;801;Recursos vinculados ao RPPS - Fundo em Repartição (Plano Financeiro);2111;Benefícios previdenciários - Poder Executivo - Fundo em Repartição (Plano Financeiro)
João Pessoa;302095;Instituto de Prev. e Assistência do Município de João Pessoa;072025;2025;19229901;Outras Restituições - Principal;Lançamento de Receita;169.102,48;801;Recursos vinculados ao RPPS - Fundo em Repartição (Plano Financeiro);2111;Benefícios previdenciários - Poder Executivo - Fundo em Repartição (Plano Financeiro)
João Pessoa;302095;Instituto de Prev. e Assistência do Município de João Pessoa;072025;2025;19229901;Outras Restituições - Principal;Lançamento de Receita;106,75;800;Recursos vinculados ao RPPS - Fundo em Capitalização (Plano Previdenciário);1111;Benefícios previdenciários - Poder Executivo – Fundo em Capitalização (Plano Previdenciário)
João Pessoa;302095;Instituto de Prev. e Assistência do Município de João Pessoa;062025;2025;19229901;Outras Restituições - Principal;Lançamento de Receita;164.777,19;801;Recursos vinculados ao RPPS - Fundo em Repartição (Plano Financeiro);2111;Benefícios previdenciários - Poder Executivo - Fundo em Repartição (Plano Financeiro)
João Pessoa;302095;Instituto de Prev. e Assistência do Município de João Pessoa;052025;2025;19229901;Outras Restituições - Principal;Lançamento de Receita;160.037,12;801;Recursos vinculados ao RPPS - Fundo em Repartição (Plano Financeiro);2111;Benefícios previdenciários - Poder Executivo - Fundo em Repartição (Plano Financeiro)
João Pessoa;302095;Instituto de Prev. e Assistência do Município de João Pessoa;042025;2025;19229901;Outras Restituições - Principal;Lançamento de Receita;157.892,27;801;Recursos vinculados ao RPPS - Fundo em Repartição (Plano Financeiro);2111;Benefícios previdenciários - Poder Executivo - Fundo em Repartição (Plano Financeiro)
João Pessoa;302095;Instituto de Prev. e Assistência do Município de João Pessoa;032025;2025;19229901;Outras Restituições - Principal;Lançamento de Receita;155.783,45;801;Recursos vinculados ao RPPS - Fundo em Repartição (Plano Financeiro);2111;Benefícios previdenciários - Poder Executivo - Fundo em Repartição (Plano Financeiro)
João Pessoa;302095;Instituto de Prev. e Assistência do Município de João Pessoa;022025;2025;19229901;Outras Restituições - Principal;Lançamento de Receita;153.705,51;801;Recursos vinculados ao RPPS - Fundo em Repartição (Plano Financeiro);2111;Benefícios previdenciários - Poder Executivo - Fundo em Repartição (Plano Financeiro)
João Pessoa;302095;Instituto de Prev. e Assistência do Município de João Pessoa;122025;2025;19220301;Restituição de Benefícios Previdenciários - Principal;Lançamento de Receita;230.165,31;801;Recursos vinculados ao RPPS - Fundo em Repartição (Plano Financeiro);2111;Benefícios previdenciários - Poder Executivo - Fundo em Repartição (Plano Financeiro)
João Pessoa;302095;Instituto de Prev. e Assistência do Município de João Pessoa;112025;2025;19220301;Restituição de Benefícios Previdenciários - Principal;Lançamento de Receita;30.819,74;801;Recursos vinculados ao RPPS - Fundo em Repartição (Plano Financeiro);2111;Benefícios previdenciários - Poder Executivo - Fundo em Repartição (Plano Financeiro)
João Pessoa;302095;Instituto de Prev. e Assistência do Município de João Pessoa;112025;2025;19220301;Restituição de Benefícios Previdenciários - Principal;Lançamento de Receita;1.122,34;800;Recursos vinculados ao RPPS - Fundo em Capitalização (Plano Previdenciário);1111;Benefícios previdenciários - Poder Executivo – Fundo em Capitalização (Plano Previdenciário)
João Pessoa;302095;Instituto de Prev. e Assistência do Município de João Pessoa;092025;2025;19220301;Restituição de Benefícios Previdenciários - Principal;Lançamento de Receita;2.302,3;801;Recursos vinculados ao RPPS - Fundo em Repartição (Plano Financeiro);2111;Benefícios previdenciários - Poder Executivo - Fundo em Repartição (Plano Financeiro)
João Pessoa;302095;Instituto de Prev. e Assistência do Município de João Pessoa;072025;2025;19220301;Restituição de Benefícios Previdenciários - Principal;Lançamento de Receita;5.817,81;801;Recursos vinculados ao RPPS - Fundo em Repartição (Plano Financeiro);2111;Benefícios previdenciários - Poder Executivo - Fundo em Repartição (Plano Financeiro)
João Pessoa;302095;Instituto de Prev. e Assistência do Município de João Pessoa;062025;2025;19220301;Restituição de Benefícios Previdenciários - Principal;Lançamento de Receita;2.827,2;801;Recursos vinculados ao RPPS - Fundo em Repartição (Plano Financeiro);2111;Benefícios previdenciários - Poder Executivo - Fundo em Repartição (Plano Financeiro)
João Pessoa;302095;Instituto de Prev. e Assistência do Município de João Pessoa;042025;2025;19220301;Restituição de Benefícios Previdenciários - Principal;Lançamento de Receita;27.428,4;801;Recursos vinculados ao RPPS - Fundo em Repartição (Plano Financeiro);2111;Benefícios previdenciários - Poder Executivo - Fundo em Repartição (Plano Financeiro)
João Pessoa;302095;Instituto de Prev. e Assistência do Município de João Pessoa;022025;2025;19220301;Restituição de Benefícios Previdenciários - Principal;Lançamento de Receita;43.066,81;801;Recursos vinculados ao RPPS - Fundo em Repartição (Plano Financeiro);2111;Benefícios previdenciários - Poder Executivo - Fundo em Repartição (Plano Financeiro)
João Pessoa;302095;Instituto de Prev. e Assistência do Município de João Pessoa;122025;2025;13210401;Remuneração dos Recursos do Regime Próprio de Previdência Social - RPPS - Principal;Lançamento de Receita;96.957.968,5;800;Recursos vinculados ao RPPS - Fundo em Capitalização (Plano Previdenciário);1111;Benefícios previdenciários - Poder Executivo – Fundo em Capitalização (Plano Previdenciário)
João Pessoa;302095;Instituto de Prev. e Assistência do Município de João Pessoa;122025;2025;13210401;Remuneração dos Recursos do Regime Próprio de Previdência Social - RPPS - Principal;Lançamento de Receita;10.794,64;500;Recursos não vinculados de Impostos;"Não ";Não Aplicável
João Pessoa;302095;Instituto de Prev. e Assistência do Município de João Pessoa;122025;2025;13210401;Remuneração dos Recursos do Regime Próprio de Previdência Social - RPPS - Principal;Lançamento de Receita;125.837,18;801;Recursos vinculados ao RPPS - Fundo em Repartição (Plano Financeiro);2111;Benefícios previdenciários - Poder Executivo - Fundo em Repartição (Plano Financeiro)
João Pessoa;302095;Instituto de Prev. e Assistência do Município de João Pessoa;122025;2025;13210401;Remuneração dos Recursos do Regime Próprio de Previdência Social - RPPS - Principal;Outras Deduções;-312.769,05;800;Recursos vinculados ao RPPS - Fundo em Capitalização (Plano Previdenciário);1111;Benefícios previdenciários - Poder Executivo – Fundo em Capitalização (Plano Previdenciário)
João Pessoa;302095;Instituto de Prev. e Assistência do Município de João Pessoa;112025;2025;13210401;Remuneração dos Recursos do Regime Próprio de Previdência Social - RPPS - Principal;Lançamento de Receita;15.201,93;500;Recursos não vinculados de Impostos;"Não ";Não Aplicável
João Pessoa;302095;Instituto de Prev. e Assistência do Município de João Pessoa;112025;2025;13210401;Remuneração dos Recursos do Regime Próprio de Previdência Social - RPPS - Principal;Lançamento de Receita;410.217,83;800;Recursos vinculados ao RPPS - Fundo em Capitalização (Plano Previdenciário);1111;Benefícios previdenciários - Poder Executivo – Fundo em Capitalização (Plano Previdenciário)
João Pessoa;302095;Instituto de Prev. e Assistência do Município de João Pessoa;112025;2025;13210401;Remuneração dos Recursos do Regime Próprio de Previdência Social - RPPS - Principal;Lançamento de Receita;180.629,17;801;Recursos vinculados ao RPPS - Fundo em Repartição (Plano Financeiro);2111;Benefícios previdenciários - Poder Executivo - Fundo em Repartição (Plano Financeiro)
João Pessoa;302095;Instituto de Prev. e Assistência do Município de João Pessoa;102025;2025;13210401;Remuneração dos Recursos do Regime Próprio de Previdência Social - RPPS - Principal;Lançamento de Receita;16.502,32;500;Recursos não vinculados de Impostos;"Não ";Não Aplicável
João Pessoa;302095;Instituto de Prev. e Assistência do Município de João Pessoa;102025;2025;13210401;Remuneração dos Recursos do Regime Próprio de Previdência Social - RPPS - Principal;Lançamento de Receita;498.533,64;800;Recursos vinculados ao RPPS - Fundo em Capitalização (Plano Previdenciário);1111;Benefícios previdenciários - Poder Executivo – Fundo em Capitalização (Plano Previdenciário)
João Pessoa;302095;Instituto de Prev. e Assistência do Município de João Pessoa;102025;2025;13210401;Remuneração dos Recursos do Regime Próprio de Previdência Social - RPPS - Principal;Lançamento de Receita;183.085,82;801;Recursos vinculados ao RPPS - Fundo em Repartição (Plano Financeiro);2111;Benefícios previdenciários - Poder Executivo - Fundo em Repartição (Plano Financeiro)
João Pessoa;302095;Instituto de Prev. e Assistência do Município de João Pessoa;092025;2025;13210401;Remuneração dos Recursos do Regime Próprio de Previdência Social - RPPS - Principal;Lançamento de Receita;147.332,04;801;Recursos vinculados ao RPPS - Fundo em Repartição (Plano Financeiro);2111;Benefícios previdenciários - Poder Executivo - Fundo em Repartição (Plano Financeiro)
João Pessoa;302095;Instituto de Prev. e Assistência do Município de João Pessoa;092025;2025;13210401;Remuneração dos Recursos do Regime Próprio de Previdência Social - RPPS - Principal;Lançamento de Receita;475.552,75;800;Recursos vinculados ao RPPS - Fundo em Capitalização (Plano Previdenciário);1111;Benefícios previdenciários - Poder Executivo – Fundo em Capitalização (Plano Previdenciário)
João Pessoa;302095;Instituto de Prev. e Assistência do Município de João Pessoa;092025;2025;13210401;Remuneração dos Recursos do Regime Próprio de Previdência Social - RPPS - Principal;Lançamento de Receita;14.256,98;500;Recursos não vinculados de Impostos;"Não ";Não Aplicável
João Pessoa;302095;Instituto de Prev. e Assistência do Município de João Pessoa;082025;2025;13210401;Remuneração dos Recursos do Regime Próprio de Previdência Social - RPPS - Principal;Lançamento de Receita;450.835,48;800;Recursos vinculados ao RPPS - Fundo em Capitalização (Plano Previdenciário);1111;Benefícios previdenciários - Poder Executivo – Fundo em Capitalização (Plano Previdenciário)
João Pessoa;302095;Instituto de Prev. e Assistência do Município de João Pessoa;082025;2025;13210401;Remuneração dos Recursos do Regime Próprio de Previdência Social - RPPS - Principal;Lançamento de Receita;11.978,28;500;Recursos não vinculados de Impostos;"Não ";Não Aplicável
João Pessoa;302095;Instituto de Prev. e Assistência do Município de João Pessoa;082025;2025;13210401;Remuneração dos Recursos do Regime Próprio de Previdência Social - RPPS - Principal;Lançamento de Receita;216.304,89;801;Recursos vinculados ao RPPS - Fundo em Repartição (Plano Financeiro);2111;Benefícios previdenciários - Poder Executivo - Fundo em Repartição (Plano Financeiro)
João Pessoa;302095;Instituto de Prev. e Assistência do Município de João Pessoa;072025;2025;13210401;Remuneração dos Recursos do Regime Próprio de Previdência Social - RPPS - Principal;Lançamento de Receita;457.463,73;800;Recursos vinculados ao RPPS - Fundo em Capitalização (Plano Previdenciário);1111;Benefícios previdenciários - Poder Executivo – Fundo em Capitalização (Plano Previdenciário)
João Pessoa;302095;Instituto de Prev. e Assistência do Município de João Pessoa;072025;2025;13210401;Remuneração dos Recursos do Regime Próprio de Previdência Social - RPPS - Principal;Lançamento de Receita;53.105,09;801;Recursos vinculados ao RPPS - Fundo em Repartição (Plano Financeiro);2111;Benefícios previdenciários - Poder Executivo - Fundo em Repartição (Plano Financeiro)
João Pessoa;302095;Instituto de Prev. e Assistência do Município de João Pessoa;072025;2025;13210401;Remuneração dos Recursos do Regime Próprio de Previdência Social - RPPS - Principal;Lançamento de Receita;11.121,98;500;Recursos não vinculados de Impostos;"Não ";Não Aplicável
João Pessoa;302095;Instituto de Prev. e Assistência do Município de João Pessoa;062025;2025;13210401;Remuneração dos Recursos do Regime Próprio de Previdência Social - RPPS - Principal;Lançamento de Receita;411.783,96;800;Recursos vinculados ao RPPS - Fundo em Capitalização (Plano Previdenciário);1111;Benefícios previdenciários - Poder Executivo – Fundo em Capitalização (Plano Previdenciário)
João Pessoa;302095;Instituto de Prev. e Assistência do Município de João Pessoa;062025;2025;13210401;Remuneração dos Recursos do Regime Próprio de Previdência Social - RPPS - Principal;Lançamento de Receita;116.391,47;801;Recursos vinculados ao RPPS - Fundo em Repartição (Plano Financeiro);2111;Benefícios previdenciários - Poder Executivo - Fundo em Repartição (Plano Financeiro)
João Pessoa;302095;Instituto de Prev. e Assistência do Município de João Pessoa;062025;2025;13210401;Remuneração dos Recursos do Regime Próprio de Previdência Social - RPPS - Principal;Lançamento de Receita;949,06;500;Recursos não vinculados de Impostos;"Não ";Não Aplicável
João Pessoa;302095;Instituto de Prev. e Assistência do Município de João Pessoa;052025;2025;13210401;Remuneração dos Recursos do Regime Próprio de Previdência Social - RPPS - Principal;Lançamento de Receita;132.421,13;801;Recursos vinculados ao RPPS - Fundo em Repartição (Plano Financeiro);2111;Benefícios previdenciários - Poder Executivo - Fundo em Repartição (Plano Financeiro)
João Pessoa;302095;Instituto de Prev. e Assistência do Município de João Pessoa;052025;2025;13210401;Remuneração dos Recursos do Regime Próprio de Previdência Social - RPPS - Principal;Lançamento de Receita;6.301,94;500;Recursos não vinculados de Impostos;"Não ";Não Aplicável
João Pessoa;302095;Instituto de Prev. e Assistência do Município de João Pessoa;052025;2025;13210401;Remuneração dos Recursos do Regime Próprio de Previdência Social - RPPS - Principal;Lançamento de Receita;425.777,29;800;Recursos vinculados ao RPPS - Fundo em Capitalização (Plano Previdenciário);1111;Benefícios previdenciários - Poder Executivo – Fundo em Capitalização (Plano Previdenciário)
João Pessoa;302095;Instituto de Prev. e Assistência do Município de João Pessoa;042025;2025;13210401;Remuneração dos Recursos do Regime Próprio de Previdência Social - RPPS - Principal;Lançamento de Receita;99.257,29;801;Recursos vinculados ao RPPS - Fundo em Repartição (Plano Financeiro);2111;Benefícios previdenciários - Poder Executivo - Fundo em Repartição (Plano Financeiro)
João Pessoa;302095;Instituto de Prev. e Assistência do Município de João Pessoa;042025;2025;13210401;Remuneração dos Recursos do Regime Próprio de Previdência Social - RPPS - Principal;Lançamento de Receita;467.432,16;800;Recursos vinculados ao RPPS - Fundo em Capitalização (Plano Previdenciário);1111;Benefícios previdenciários - Poder Executivo – Fundo em Capitalização (Plano Previdenciário)
João Pessoa;302095;Instituto de Prev. e Assistência do Município de João Pessoa;042025;2025;13210401;Remuneração dos Recursos do Regime Próprio de Previdência Social - RPPS - Principal;Lançamento de Receita;4.278,94;500;Recursos não vinculados de Impostos;"Não ";Não Aplicável
João Pessoa;302095;Instituto de Prev. e Assistência do Município de João Pessoa;032025;2025;13210401;Remuneração dos Recursos do Regime Próprio de Previdência Social - RPPS - Principal;Lançamento de Receita;2.718,41;500;Recursos não vinculados de Impostos;"Não ";Não Aplicável
João Pessoa;302095;Instituto de Prev. e Assistência do Município de João Pessoa;032025;2025;13210401;Remuneração dos Recursos do Regime Próprio de Previdência Social - RPPS - Principal;Lançamento de Receita;78.169,05;801;Recursos vinculados ao RPPS - Fundo em Repartição (Plano Financeiro);2111;Benefícios previdenciários - Poder Executivo - Fundo em Repartição (Plano Financeiro)
João Pessoa;302095;Instituto de Prev. e Assistência do Município de João Pessoa;032025;2025;13210401;Remuneração dos Recursos do Regime Próprio de Previdência Social - RPPS - Principal;Lançamento de Receita;347.040,49;800;Recursos vinculados ao RPPS - Fundo em Capitalização (Plano Previdenciário);1111;Benefícios previdenciários - Poder Executivo – Fundo em Capitalização (Plano Previdenciário)
João Pessoa;302095;Instituto de Prev. e Assistência do Município de João Pessoa;022025;2025;13210401;Remuneração dos Recursos do Regime Próprio de Previdência Social - RPPS - Principal;Lançamento de Receita;356.934,96;800;Recursos vinculados ao RPPS - Fundo em Capitalização (Plano Previdenciário);1111;Benefícios previdenciários - Poder Executivo – Fundo em Capitalização (Plano Previdenciário)
João Pessoa;302095;Instituto de Prev. e Assistência do Município de João Pessoa;022025;2025;13210401;Remuneração dos Recursos do Regime Próprio de Previdência Social - RPPS - Principal;Lançamento de Receita;3.141,86;500;Recursos não vinculados de Impostos;"Não ";Não Aplicável
João Pessoa;302095;Instituto de Prev. e Assistência do Município de João Pessoa;022025;2025;13210401;Remuneração dos Recursos do Regime Próprio de Previdência Social - RPPS - Principal;Lançamento de Receita;75.722,83;801;Recursos vinculados ao RPPS - Fundo em Repartição (Plano Financeiro);2111;Benefícios previdenciários - Poder Executivo - Fundo em Repartição (Plano Financeiro)
João Pessoa;302095;Instituto de Prev. e Assistência do Município de João Pessoa;012025;2025;13210401;Remuneração dos Recursos do Regime Próprio de Previdência Social - RPPS - Principal;Lançamento de Receita;366.315,26;800;Recursos vinculados ao RPPS - Fundo em Capitalização (Plano Previdenciário);1111;Benefícios previdenciários - Poder Executivo – Fundo em Capitalização (Plano Previdenciário)
João Pessoa;302095;Instituto de Prev. e Assistência do Município de João Pessoa;012025;2025;13210401;Remuneração dos Recursos do Regime Próprio de Previdência Social - RPPS - Principal;Lançamento de Receita;300,59;500;Recursos não vinculados de Impostos;"Não ";Não Aplicável
João Pessoa;302095;Instituto de Prev. e Assistência do Município de João Pessoa;012025;2025;13210401;Remuneração dos Recursos do Regime Próprio de Previdência Social - RPPS - Principal;Lançamento de Receita;40.437,38;801;Recursos vinculados ao RPPS - Fundo em Repartição (Plano Financeiro);2111;Benefícios previdenciários - Poder Executivo - Fundo em Repartição (Plano Financeiro)
João Pessoa;302095;Instituto de Prev. e Assistência do Município de João Pessoa;122025;2025;12150212;Contribuição Patronal - Servidor Civil Ativo - Multas e Juros de Mora;Lançamento de Receita;16,68;801;Recursos vinculados ao RPPS - Fundo em Repartição (Plano Financeiro);2111;Benefícios previdenciários - Poder Executivo - Fundo em Repartição (Plano Financeiro)
João Pessoa;302095;Instituto de Prev. e Assistência do Município de João Pessoa;102025;2025;12150212;Contribuição Patronal - Servidor Civil Ativo - Multas e Juros de Mora;Lançamento de Receita;45,16;801;Recursos vinculados ao RPPS - Fundo em Repartição (Plano Financeiro);2111;Benefícios previdenciários - Poder Executivo - Fundo em Repartição (Plano Financeiro)
João Pessoa;302095;Instituto de Prev. e Assistência do Município de João Pessoa;082025;2025;12150212;Contribuição Patronal - Servidor Civil Ativo - Multas e Juros de Mora;Lançamento de Receita;121,17;801;Recursos vinculados ao RPPS - Fundo em Repartição (Plano Financeiro);2111;Benefícios previdenciários - Poder Executivo - Fundo em Repartição (Plano Financeiro)
João Pessoa;302095;Instituto de Prev. e Assistência do Município de João Pessoa;052025;2025;12150212;Contribuição Patronal - Servidor Civil Ativo - Multas e Juros de Mora;Lançamento de Receita;2,37;801;Recursos vinculados ao RPPS - Fundo em Repartição (Plano Financeiro);2111;Benefícios previdenciários - Poder Executivo - Fundo em Repartição (Plano Financeiro)
João Pessoa;302095;Instituto de Prev. e Assistência do Município de João Pessoa;042025;2025;12150212;Contribuição Patronal - Servidor Civil Ativo - Multas e Juros de Mora;Lançamento de Receita;21,35;801;Recursos vinculados ao RPPS - Fundo em Repartição (Plano Financeiro);2111;Benefícios previdenciários - Poder Executivo - Fundo em Repartição (Plano Financeiro)
João Pessoa;302095;Instituto de Prev. e Assistência do Município de João Pessoa;022025;2025;12150212;Contribuição Patronal - Servidor Civil Ativo - Multas e Juros de Mora;Lançamento de Receita;425,04;801;Recursos vinculados ao RPPS - Fundo em Repartição (Plano Financeiro);2111;Benefícios previdenciários - Poder Executivo - Fundo em Repartição (Plano Financeiro)
João Pessoa;302095;Instituto de Prev. e Assistência do Município de João Pessoa;012025;2025;12150212;Contribuição Patronal - Servidor Civil Ativo - Multas e Juros de Mora;Lançamento de Receita;213,73;801;Recursos vinculados ao RPPS - Fundo em Repartição (Plano Financeiro);2111;Benefícios previdenciários - Poder Executivo - Fundo em Repartição (Plano Financeiro)
João Pessoa;302095;Instituto de Prev. e Assistência do Município de João Pessoa;122025;2025;12150211;Contribuição Patronal - Servidor Civil Ativo - Principal;Lançamento de Receita;2.288,43;801;Recursos vinculados ao RPPS - Fundo em Repartição (Plano Financeiro);2111;Benefícios previdenciários - Poder Executivo - Fundo em Repartição (Plano Financeiro)
João Pessoa;302095;Instituto de Prev. e Assistência do Município de João Pessoa;122025;2025;12150211;Contribuição Patronal - Servidor Civil Ativo - Principal;Lançamento de Receita;2.079;800;Recursos vinculados ao RPPS - Fundo em Capitalização (Plano Previdenciário);1111;Benefícios previdenciários - Poder Executivo – Fundo em Capitalização (Plano Previdenciário)
João Pessoa;302095;Instituto de Prev. e Assistência do Município de João Pessoa;112025;2025;12150211;Contribuição Patronal - Servidor Civil Ativo - Principal;Lançamento de Receita;425,04;801;Recursos vinculados ao RPPS - Fundo em Repartição (Plano Financeiro);2111;Benefícios previdenciários - Poder Executivo - Fundo em Repartição (Plano Financeiro)
João Pessoa;302095;Instituto de Prev. e Assistência do Município de João Pessoa;112025;2025;12150211;Contribuição Patronal - Servidor Civil Ativo - Principal;Lançamento de Receita;1.039,5;800;Recursos vinculados ao RPPS - Fundo em Capitalização (Plano Previdenciário);1111;Benefícios previdenciários - Poder Executivo – Fundo em Capitalização (Plano Previdenciário)
João Pessoa;302095;Instituto de Prev. e Assistência do Município de João Pessoa;102025;2025;12150211;Contribuição Patronal - Servidor Civil Ativo - Principal;Lançamento de Receita;1.383,94;801;Recursos vinculados ao RPPS - Fundo em Repartição (Plano Financeiro);2111;Benefícios previdenciários - Poder Executivo - Fundo em Repartição (Plano Financeiro)
João Pessoa;302095;Instituto de Prev. e Assistência do Município de João Pessoa;102025;2025;12150211;Contribuição Patronal - Servidor Civil Ativo - Principal;Lançamento de Receita;1.039,5;800;Recursos vinculados ao RPPS - Fundo em Capitalização (Plano Previdenciário);1111;Benefícios previdenciários - Poder Executivo – Fundo em Capitalização (Plano Previdenciário)
João Pessoa;302095;Instituto de Prev. e Assistência do Município de João Pessoa;092025;2025;12150211;Contribuição Patronal - Servidor Civil Ativo - Principal;Lançamento de Receita;425,04;801;Recursos vinculados ao RPPS - Fundo em Repartição (Plano Financeiro);2111;Benefícios previdenciários - Poder Executivo - Fundo em Repartição (Plano Financeiro)
João Pessoa;302095;Instituto de Prev. e Assistência do Município de João Pessoa;092025;2025;12150211;Contribuição Patronal - Servidor Civil Ativo - Principal;Lançamento de Receita;1.039,5;800;Recursos vinculados ao RPPS - Fundo em Capitalização (Plano Previdenciário);1111;Benefícios previdenciários - Poder Executivo – Fundo em Capitalização (Plano Previdenciário)
João Pessoa;302095;Instituto de Prev. e Assistência do Município de João Pessoa;082025;2025;12150211;Contribuição Patronal - Servidor Civil Ativo - Principal;Lançamento de Receita;1.863,39;801;Recursos vinculados ao RPPS - Fundo em Repartição (Plano Financeiro);2111;Benefícios previdenciários - Poder Executivo - Fundo em Repartição (Plano Financeiro)
João Pessoa;302095;Instituto de Prev. e Assistência do Município de João Pessoa;082025;2025;12150211;Contribuição Patronal - Servidor Civil Ativo - Principal;Lançamento de Receita;1.039,5;800;Recursos vinculados ao RPPS - Fundo em Capitalização (Plano Previdenciário);1111;Benefícios previdenciários - Poder Executivo – Fundo em Capitalização (Plano Previdenciário)
João Pessoa;302095;Instituto de Prev. e Assistência do Município de João Pessoa;072025;2025;12150211;Contribuição Patronal - Servidor Civil Ativo - Principal;Lançamento de Receita;2.220,96;801;Recursos vinculados ao RPPS - Fundo em Repartição (Plano Financeiro);2111;Benefícios previdenciários - Poder Executivo - Fundo em Repartição (Plano Financeiro)
João Pessoa;302095;Instituto de Prev. e Assistência do Município de João Pessoa;072025;2025;12150211;Contribuição Patronal - Servidor Civil Ativo - Principal;Lançamento de Receita;1.039,5;800;Recursos vinculados ao RPPS - Fundo em Capitalização (Plano Previdenciário);1111;Benefícios previdenciários - Poder Executivo – Fundo em Capitalização (Plano Previdenciário)
João Pessoa;302095;Instituto de Prev. e Assistência do Município de João Pessoa;062025;2025;12150211;Contribuição Patronal - Servidor Civil Ativo - Principal;Lançamento de Receita;1.039,5;800;Recursos vinculados ao RPPS - Fundo em Capitalização (Plano Previdenciário);1111;Benefícios previdenciários - Poder Executivo – Fundo em Capitalização (Plano Previdenciário)
João Pessoa;302095;Instituto de Prev. e Assistência do Município de João Pessoa;062025;2025;12150211;Contribuição Patronal - Servidor Civil Ativo - Principal;Lançamento de Receita;2.220,96;801;Recursos vinculados ao RPPS - Fundo em Repartição (Plano Financeiro);2111;Benefícios previdenciários - Poder Executivo - Fundo em Repartição (Plano Financeiro)
João Pessoa;302095;Instituto de Prev. e Assistência do Município de João Pessoa;052025;2025;12150211;Contribuição Patronal - Servidor Civil Ativo - Principal;Lançamento de Receita;1.039,5;800;Recursos vinculados ao RPPS - Fundo em Capitalização (Plano Previdenciário);1111;Benefícios previdenciários - Poder Executivo – Fundo em Capitalização (Plano Previdenciário)
João Pessoa;302095;Instituto de Prev. e Assistência do Município de João Pessoa;052025;2025;12150211;Contribuição Patronal - Servidor Civil Ativo - Principal;Lançamento de Receita;904,49;801;Recursos vinculados ao RPPS - Fundo em Repartição (Plano Financeiro);2111;Benefícios previdenciários - Poder Executivo - Fundo em Repartição (Plano Financeiro)
João Pessoa;302095;Instituto de Prev. e Assistência do Município de João Pessoa;042025;2025;12150211;Contribuição Patronal - Servidor Civil Ativo - Principal;Lançamento de Receita;1.039,5;800;Recursos vinculados ao RPPS - Fundo em Capitalização (Plano Previdenciário);1111;Benefícios previdenciários - Poder Executivo – Fundo em Capitalização (Plano Previdenciário)
João Pessoa;302095;Instituto de Prev. e Assistência do Município de João Pessoa;042025;2025;12150211;Contribuição Patronal - Servidor Civil Ativo - Principal;Lançamento de Receita;2.700,41;801;Recursos vinculados ao RPPS - Fundo em Repartição (Plano Financeiro);2111;Benefícios previdenciários - Poder Executivo - Fundo em Repartição (Plano Financeiro)
João Pessoa;302095;Instituto de Prev. e Assistência do Município de João Pessoa;032025;2025;12150211;Contribuição Patronal - Servidor Civil Ativo - Principal;Lançamento de Receita;4.648,13;801;Recursos vinculados ao RPPS - Fundo em Repartição (Plano Financeiro);2111;Benefícios previdenciários - Poder Executivo - Fundo em Repartição (Plano Financeiro)
João Pessoa;302095;Instituto de Prev. e Assistência do Município de João Pessoa;032025;2025;12150211;Contribuição Patronal - Servidor Civil Ativo - Principal;Lançamento de Receita;1.089;800;Recursos vinculados ao RPPS - Fundo em Capitalização (Plano Previdenciário);1111;Benefícios previdenciários - Poder Executivo – Fundo em Capitalização (Plano Previdenciário)
João Pessoa;302095;Instituto de Prev. e Assistência do Município de João Pessoa;022025;2025;12150211;Contribuição Patronal - Servidor Civil Ativo - Principal;Lançamento de Receita;1.644,12;801;Recursos vinculados ao RPPS - Fundo em Repartição (Plano Financeiro);2111;Benefícios previdenciários - Poder Executivo - Fundo em Repartição (Plano Financeiro)
João Pessoa;302095;Instituto de Prev. e Assistência do Município de João Pessoa;012025;2025;12150211;Contribuição Patronal - Servidor Civil Ativo - Principal;Lançamento de Receita;3.507,51;801;Recursos vinculados ao RPPS - Fundo em Repartição (Plano Financeiro);2111;Benefícios previdenciários - Poder Executivo - Fundo em Repartição (Plano Financeiro)
João Pessoa;302095;Instituto de Prev. e Assistência do Município de João Pessoa;122025;2025;12150151;Contribuição Oriunda de Sentenças Judiciais - Servidor Civil Inativo - Principal;Lançamento de Receita;6.809,03;801;Recursos vinculados ao RPPS - Fundo em Repartição (Plano Financeiro);2111;Benefícios previdenciários - Poder Executivo - Fundo em Repartição (Plano Financeiro)
João Pessoa;302095;Instituto de Prev. e Assistência do Município de João Pessoa;122025;2025;12150141;Contribuição Oriunda de Sentenças Judiciais - Servidor Civil Ativo - Principal;Lançamento de Receita;18.043,68;800;Recursos vinculados ao RPPS - Fundo em Capitalização (Plano Previdenciário);1111;Benefícios previdenciários - Poder Executivo – Fundo em Capitalização (Plano Previdenciário)
João Pessoa;302095;Instituto de Prev. e Assistência do Município de João Pessoa;092025;2025;12150141;Contribuição Oriunda de Sentenças Judiciais - Servidor Civil Ativo - Principal;Lançamento de Receita;0;800;Recursos vinculados ao RPPS - Fundo em Capitalização (Plano Previdenciário);1111;Benefícios previdenciários - Poder Executivo – Fundo em Capitalização (Plano Previdenciário)
João Pessoa;302095;Instituto de Prev. e Assistência do Município de João Pessoa;082025;2025;12150141;Contribuição Oriunda de Sentenças Judiciais - Servidor Civil Ativo - Principal;Lançamento de Receita;0;800;Recursos vinculados ao RPPS - Fundo em Capitalização (Plano Previdenciário);1111;Benefícios previdenciários - Poder Executivo – Fundo em Capitalização (Plano Previdenciário)
João Pessoa;302095;Instituto de Prev. e Assistência do Município de João Pessoa;042025;2025;12150141;Contribuição Oriunda de Sentenças Judiciais - Servidor Civil Ativo - Principal;Lançamento de Receita;19.367,47;800;Recursos vinculados ao RPPS - Fundo em Capitalização (Plano Previdenciário);1111;Benefícios previdenciários - Poder Executivo – Fundo em Capitalização (Plano Previdenciário)
João Pessoa;302095;Instituto de Prev. e Assistência do Município de João Pessoa;032025;2025;12150141;Contribuição Oriunda de Sentenças Judiciais - Servidor Civil Ativo - Principal;Lançamento de Receita;385.834,21;800;Recursos vinculados ao RPPS - Fundo em Capitalização (Plano Previdenciário);1111;Benefícios previdenciários - Poder Executivo – Fundo em Capitalização (Plano Previdenciário)
João Pessoa;302095;Instituto de Prev. e Assistência do Município de João Pessoa;032025;2025;12150141;Contribuição Oriunda de Sentenças Judiciais - Servidor Civil Ativo - Principal;Lançamento de Receita;3.681,38;801;Recursos vinculados ao RPPS - Fundo em Repartição (Plano Financeiro);2111;Benefícios previdenciários - Poder Executivo - Fundo em Repartição (Plano Financeiro)
João Pessoa;302095;Instituto de Prev. e Assistência do Município de João Pessoa;022025;2025;12150141;Contribuição Oriunda de Sentenças Judiciais - Servidor Civil Ativo - Principal;Lançamento de Receita;113.220,43;801;Recursos vinculados ao RPPS - Fundo em Repartição (Plano Financeiro);2111;Benefícios previdenciários - Poder Executivo - Fundo em Repartição (Plano Financeiro)
João Pessoa;302095;Instituto de Prev. e Assistência do Município de João Pessoa;012025;2025;12150141;Contribuição Oriunda de Sentenças Judiciais - Servidor Civil Ativo - Principal;Lançamento de Receita;322.251,22;801;Recursos vinculados ao RPPS - Fundo em Repartição (Plano Financeiro);2111;Benefícios previdenciários - Poder Executivo - Fundo em Repartição (Plano Financeiro)
João Pessoa;302095;Instituto de Prev. e Assistência do Município de João Pessoa;012025;2025;12150141;Contribuição Oriunda de Sentenças Judiciais - Servidor Civil Ativo - Principal;Lançamento de Receita;391.766,03;800;Recursos vinculados ao RPPS - Fundo em Capitalização (Plano Previdenciário);1111;Benefícios previdenciários - Poder Executivo – Fundo em Capitalização (Plano Previdenciário)
João Pessoa;302095;Instituto de Prev. e Assistência do Município de João Pessoa;122025;2025;12150131;Contribuição do Servidor Civil - Pensionistas - Principal;Lançamento de Receita;295.267,23;801;Recursos vinculados ao RPPS - Fundo em Repartição (Plano Financeiro);2111;Benefícios previdenciários - Poder Executivo - Fundo em Repartição (Plano Financeiro)
João Pessoa;302095;Instituto de Prev. e Assistência do Município de João Pessoa;112025;2025;12150131;Contribuição do Servidor Civil - Pensionistas - Principal;Lançamento de Receita;146.709,21;801;Recursos vinculados ao RPPS - Fundo em Repartição (Plano Financeiro);2111;Benefícios previdenciários - Poder Executivo - Fundo em Repartição (Plano Financeiro)
João Pessoa;302095;Instituto de Prev. e Assistência do Município de João Pessoa;102025;2025;12150131;Contribuição do Servidor Civil - Pensionistas - Principal;Lançamento de Receita;146.709,21;801;Recursos vinculados ao RPPS - Fundo em Repartição (Plano Financeiro);2111;Benefícios previdenciários - Poder Executivo - Fundo em Repartição (Plano Financeiro)
João Pessoa;302095;Instituto de Prev. e Assistência do Município de João Pessoa;092025;2025;12150131;Contribuição do Servidor Civil - Pensionistas - Principal;Lançamento de Receita;147.737,24;801;Recursos vinculados ao RPPS - Fundo em Repartição (Plano Financeiro);2111;Benefícios previdenciários - Poder Executivo - Fundo em Repartição (Plano Financeiro)
João Pessoa;302095;Instituto de Prev. e Assistência do Município de João Pessoa;082025;2025;12150131;Contribuição do Servidor Civil - Pensionistas - Principal;Lançamento de Receita;152.503,49;801;Recursos vinculados ao RPPS - Fundo em Repartição (Plano Financeiro);2111;Benefícios previdenciários - Poder Executivo - Fundo em Repartição (Plano Financeiro)
João Pessoa;302095;Instituto de Prev. e Assistência do Município de João Pessoa;072025;2025;12150131;Contribuição do Servidor Civil - Pensionistas - Principal;Lançamento de Receita;133.697,52;801;Recursos vinculados ao RPPS - Fundo em Repartição (Plano Financeiro);2111;Benefícios previdenciários - Poder Executivo - Fundo em Repartição (Plano Financeiro)
João Pessoa;302095;Instituto de Prev. e Assistência do Município de João Pessoa;062025;2025;12150131;Contribuição do Servidor Civil - Pensionistas - Principal;Lançamento de Receita;136.805,42;801;Recursos vinculados ao RPPS - Fundo em Repartição (Plano Financeiro);2111;Benefícios previdenciários - Poder Executivo - Fundo em Repartição (Plano Financeiro)
João Pessoa;302095;Instituto de Prev. e Assistência do Município de João Pessoa;052025;2025;12150131;Contribuição do Servidor Civil - Pensionistas - Principal;Lançamento de Receita;135.064,53;801;Recursos vinculados ao RPPS - Fundo em Repartição (Plano Financeiro);2111;Benefícios previdenciários - Poder Executivo - Fundo em Repartição (Plano Financeiro)
João Pessoa;302095;Instituto de Prev. e Assistência do Município de João Pessoa;042025;2025;12150131;Contribuição do Servidor Civil - Pensionistas - Principal;Lançamento de Receita;80.125,88;801;Recursos vinculados ao RPPS - Fundo em Repartição (Plano Financeiro);2111;Benefícios previdenciários - Poder Executivo - Fundo em Repartição (Plano Financeiro)
João Pessoa;302095;Instituto de Prev. e Assistência do Município de João Pessoa;032025;2025;12150131;Contribuição do Servidor Civil - Pensionistas - Principal;Lançamento de Receita;157.971,12;801;Recursos vinculados ao RPPS - Fundo em Repartição (Plano Financeiro);2111;Benefícios previdenciários - Poder Executivo - Fundo em Repartição (Plano Financeiro)
João Pessoa;302095;Instituto de Prev. e Assistência do Município de João Pessoa;022025;2025;12150131;Contribuição do Servidor Civil - Pensionistas - Principal;Lançamento de Receita;158.073,4;801;Recursos vinculados ao RPPS - Fundo em Repartição (Plano Financeiro);2111;Benefícios previdenciários - Poder Executivo - Fundo em Repartição (Plano Financeiro)
João Pessoa;302095;Instituto de Prev. e Assistência do Município de João Pessoa;122025;2025;12150121;Contribuição do Servidor Civil Inativo - Principal;Lançamento de Receita;515,56;800;Recursos vinculados ao RPPS - Fundo em Capitalização (Plano Previdenciário);1111;Benefícios previdenciários - Poder Executivo – Fundo em Capitalização (Plano Previdenciário)
João Pessoa;302095;Instituto de Prev. e Assistência do Município de João Pessoa;122025;2025;12150121;Contribuição do Servidor Civil Inativo - Principal;Lançamento de Receita;1.548.741,49;801;Recursos vinculados ao RPPS - Fundo em Repartição (Plano Financeiro);2111;Benefícios previdenciários - Poder Executivo - Fundo em Repartição (Plano Financeiro)
João Pessoa;302095;Instituto de Prev. e Assistência do Município de João Pessoa;112025;2025;12150121;Contribuição do Servidor Civil Inativo - Principal;Lançamento de Receita;1.130,07;800;Recursos vinculados ao RPPS - Fundo em Capitalização (Plano Previdenciário);1111;Benefícios previdenciários - Poder Executivo – Fundo em Capitalização (Plano Previdenciário)
João Pessoa;302095;Instituto de Prev. e Assistência do Município de João Pessoa;112025;2025;12150121;Contribuição do Servidor Civil Inativo - Principal;Lançamento de Receita;787.480,97;801;Recursos vinculados ao RPPS - Fundo em Repartição (Plano Financeiro);2111;Benefícios previdenciários - Poder Executivo - Fundo em Repartição (Plano Financeiro)
João Pessoa;302095;Instituto de Prev. e Assistência do Município de João Pessoa;102025;2025;12150121;Contribuição do Servidor Civil Inativo - Principal;Lançamento de Receita;744.079,97;801;Recursos vinculados ao RPPS - Fundo em Repartição (Plano Financeiro);2111;Benefícios previdenciários - Poder Executivo - Fundo em Repartição (Plano Financeiro)
João Pessoa;302095;Instituto de Prev. e Assistência do Município de João Pessoa;102025;2025;12150121;Contribuição do Servidor Civil Inativo - Principal;Lançamento de Receita;1.130,07;800;Recursos vinculados ao RPPS - Fundo em Capitalização (Plano Previdenciário);1111;Benefícios previdenciários - Poder Executivo – Fundo em Capitalização (Plano Previdenciário)
João Pessoa;302095;Instituto de Prev. e Assistência do Município de João Pessoa;092025;2025;12150121;Contribuição do Servidor Civil Inativo - Principal;Lançamento de Receita;742.212,64;801;Recursos vinculados ao RPPS - Fundo em Repartição (Plano Financeiro);2111;Benefícios previdenciários - Poder Executivo - Fundo em Repartição (Plano Financeiro)
João Pessoa;302095;Instituto de Prev. e Assistência do Município de João Pessoa;092025;2025;12150121;Contribuição do Servidor Civil Inativo - Principal;Lançamento de Receita;1.130,07;800;Recursos vinculados ao RPPS - Fundo em Capitalização (Plano Previdenciário);1111;Benefícios previdenciários - Poder Executivo – Fundo em Capitalização (Plano Previdenciário)
João Pessoa;302095;Instituto de Prev. e Assistência do Município de João Pessoa;082025;2025;12150121;Contribuição do Servidor Civil Inativo - Principal;Lançamento de Receita;734.815,49;801;Recursos vinculados ao RPPS - Fundo em Repartição (Plano Financeiro);2111;Benefícios previdenciários - Poder Executivo - Fundo em Repartição (Plano Financeiro)
João Pessoa;302095;Instituto de Prev. e Assistência do Município de João Pessoa;082025;2025;12150121;Contribuição do Servidor Civil Inativo - Principal;Lançamento de Receita;1.130,07;800;Recursos vinculados ao RPPS - Fundo em Capitalização (Plano Previdenciário);1111;Benefícios previdenciários - Poder Executivo – Fundo em Capitalização (Plano Previdenciário)
João Pessoa;302095;Instituto de Prev. e Assistência do Município de João Pessoa;072025;2025;12150121;Contribuição do Servidor Civil Inativo - Principal;Lançamento de Receita;597.256,03;801;Recursos vinculados ao RPPS - Fundo em Repartição (Plano Financeiro);2111;Benefícios previdenciários - Poder Executivo - Fundo em Repartição (Plano Financeiro)
João Pessoa;302095;Instituto de Prev. e Assistência do Município de João Pessoa;072025;2025;12150121;Contribuição do Servidor Civil Inativo - Principal;Lançamento de Receita;1.130,07;800;Recursos vinculados ao RPPS - Fundo em Capitalização (Plano Previdenciário);1111;Benefícios previdenciários - Poder Executivo – Fundo em Capitalização (Plano Previdenciário)
João Pessoa;302095;Instituto de Prev. e Assistência do Município de João Pessoa;062025;2025;12150121;Contribuição do Servidor Civil Inativo - Principal;Lançamento de Receita;593.544,86;801;Recursos vinculados ao RPPS - Fundo em Repartição (Plano Financeiro);2111;Benefícios previdenciários - Poder Executivo - Fundo em Repartição (Plano Financeiro)
João Pessoa;302095;Instituto de Prev. e Assistência do Município de João Pessoa;062025;2025;12150121;Contribuição do Servidor Civil Inativo - Principal;Lançamento de Receita;1.130,07;800;Recursos vinculados ao RPPS - Fundo em Capitalização (Plano Previdenciário);1111;Benefícios previdenciários - Poder Executivo – Fundo em Capitalização (Plano Previdenciário)
João Pessoa;302095;Instituto de Prev. e Assistência do Município de João Pessoa;052025;2025;12150121;Contribuição do Servidor Civil Inativo - Principal;Lançamento de Receita;587.626,25;801;Recursos vinculados ao RPPS - Fundo em Repartição (Plano Financeiro);2111;Benefícios previdenciários - Poder Executivo - Fundo em Repartição (Plano Financeiro)
João Pessoa;302095;Instituto de Prev. e Assistência do Município de João Pessoa;052025;2025;12150121;Contribuição do Servidor Civil Inativo - Principal;Lançamento de Receita;1.130,07;800;Recursos vinculados ao RPPS - Fundo em Capitalização (Plano Previdenciário);1111;Benefícios previdenciários - Poder Executivo – Fundo em Capitalização (Plano Previdenciário)
João Pessoa;302095;Instituto de Prev. e Assistência do Município de João Pessoa;042025;2025;12150121;Contribuição do Servidor Civil Inativo - Principal;Lançamento de Receita;515,56;800;Recursos vinculados ao RPPS - Fundo em Capitalização (Plano Previdenciário);1111;Benefícios previdenciários - Poder Executivo – Fundo em Capitalização (Plano Previdenciário)
João Pessoa;302095;Instituto de Prev. e Assistência do Município de João Pessoa;042025;2025;12150121;Contribuição do Servidor Civil Inativo - Principal;Lançamento de Receita;450.482,23;801;Recursos vinculados ao RPPS - Fundo em Repartição (Plano Financeiro);2111;Benefícios previdenciários - Poder Executivo - Fundo em Repartição (Plano Financeiro)
João Pessoa;302095;Instituto de Prev. e Assistência do Município de João Pessoa;032025;2025;12150121;Contribuição do Servidor Civil Inativo - Principal;Lançamento de Receita;648.367,86;801;Recursos vinculados ao RPPS - Fundo em Repartição (Plano Financeiro);2111;Benefícios previdenciários - Poder Executivo - Fundo em Repartição (Plano Financeiro)
João Pessoa;302095;Instituto de Prev. e Assistência do Município de João Pessoa;032025;2025;12150121;Contribuição do Servidor Civil Inativo - Principal;Lançamento de Receita;515,56;800;Recursos vinculados ao RPPS - Fundo em Capitalização (Plano Previdenciário);1111;Benefícios previdenciários - Poder Executivo – Fundo em Capitalização (Plano Previdenciário)
João Pessoa;302095;Instituto de Prev. e Assistência do Município de João Pessoa;022025;2025;12150121;Contribuição do Servidor Civil Inativo - Principal;Lançamento de Receita;515,56;800;Recursos vinculados ao RPPS - Fundo em Capitalização (Plano Previdenciário);1111;Benefícios previdenciários - Poder Executivo – Fundo em Capitalização (Plano Previdenciário)
João Pessoa;302095;Instituto de Prev. e Assistência do Município de João Pessoa;022025;2025;12150121;Contribuição do Servidor Civil Inativo - Principal;Lançamento de Receita;647.406,57;801;Recursos vinculados ao RPPS - Fundo em Repartição (Plano Financeiro);2111;Benefícios previdenciários - Poder Executivo - Fundo em Repartição (Plano Financeiro)
João Pessoa;302095;Instituto de Prev. e Assistência do Município de João Pessoa;122025;2025;12150111;Contribuição do Servidor Civil Ativo - Principal;Lançamento de Receita;8.502.601,57;800;Recursos vinculados ao RPPS - Fundo em Capitalização (Plano Previdenciário);1111;Benefícios previdenciários - Poder Executivo – Fundo em Capitalização (Plano Previdenciário)
João Pessoa;302095;Instituto de Prev. e Assistência do Município de João Pessoa;122025;2025;12150111;Contribuição do Servidor Civil Ativo - Principal;Lançamento de Receita;6.386.651,43;801;Recursos vinculados ao RPPS - Fundo em Repartição (Plano Financeiro);2111;Benefícios previdenciários - Poder Executivo - Fundo em Repartição (Plano Financeiro)
João Pessoa;302095;Instituto de Prev. e Assistência do Município de João Pessoa;112025;2025;12150111;Contribuição do Servidor Civil Ativo - Principal;Lançamento de Receita;2.361.163,14;801;Recursos vinculados ao RPPS - Fundo em Repartição (Plano Financeiro);2111;Benefícios previdenciários - Poder Executivo - Fundo em Repartição (Plano Financeiro)
João Pessoa;302095;Instituto de Prev. e Assistência do Município de João Pessoa;112025;2025;12150111;Contribuição do Servidor Civil Ativo - Principal;Lançamento de Receita;3.359.312,51;800;Recursos vinculados ao RPPS - Fundo em Capitalização (Plano Previdenciário);1111;Benefícios previdenciários - Poder Executivo – Fundo em Capitalização (Plano Previdenciário)
João Pessoa;302095;Instituto de Prev. e Assistência do Município de João Pessoa;102025;2025;12150111;Contribuição do Servidor Civil Ativo - Principal;Lançamento de Receita;3.248.906,09;800;Recursos vinculados ao RPPS - Fundo em Capitalização (Plano Previdenciário);1111;Benefícios previdenciários - Poder Executivo – Fundo em Capitalização (Plano Previdenciário)
João Pessoa;302095;Instituto de Prev. e Assistência do Município de João Pessoa;102025;2025;12150111;Contribuição do Servidor Civil Ativo - Principal;Lançamento de Receita;2.480.003;801;Recursos vinculados ao RPPS - Fundo em Repartição (Plano Financeiro);2111;Benefícios previdenciários - Poder Executivo - Fundo em Repartição (Plano Financeiro)
João Pessoa;302095;Instituto de Prev. e Assistência do Município de João Pessoa;092025;2025;12150111;Contribuição do Servidor Civil Ativo - Principal;Lançamento de Receita;2.487.318,43;801;Recursos vinculados ao RPPS - Fundo em Repartição (Plano Financeiro);2111;Benefícios previdenciários - Poder Executivo - Fundo em Repartição (Plano Financeiro)
João Pessoa;302095;Instituto de Prev. e Assistência do Município de João Pessoa;092025;2025;12150111;Contribuição do Servidor Civil Ativo - Principal;Lançamento de Receita;3.240.911,37;800;Recursos vinculados ao RPPS - Fundo em Capitalização (Plano Previdenciário);1111;Benefícios previdenciários - Poder Executivo – Fundo em Capitalização (Plano Previdenciário)
João Pessoa;302095;Instituto de Prev. e Assistência do Município de João Pessoa;082025;2025;12150111;Contribuição do Servidor Civil Ativo - Principal;Lançamento de Receita;2.508.696,23;801;Recursos vinculados ao RPPS - Fundo em Repartição (Plano Financeiro);2111;Benefícios previdenciários - Poder Executivo - Fundo em Repartição (Plano Financeiro)
João Pessoa;302095;Instituto de Prev. e Assistência do Município de João Pessoa;082025;2025;12150111;Contribuição do Servidor Civil Ativo - Principal;Lançamento de Receita;3.234.199,41;800;Recursos vinculados ao RPPS - Fundo em Capitalização (Plano Previdenciário);1111;Benefícios previdenciários - Poder Executivo – Fundo em Capitalização (Plano Previdenciário)
João Pessoa;302095;Instituto de Prev. e Assistência do Município de João Pessoa;072025;2025;12150111;Contribuição do Servidor Civil Ativo - Principal;Lançamento de Receita;3.201.743,88;800;Recursos vinculados ao RPPS - Fundo em Capitalização (Plano Previdenciário);1111;Benefícios previdenciários - Poder Executivo – Fundo em Capitalização (Plano Previdenciário)
João Pessoa;302095;Instituto de Prev. e Assistência do Município de João Pessoa;072025;2025;12150111;Contribuição do Servidor Civil Ativo - Principal;Lançamento de Receita;2.544.333,92;801;Recursos vinculados ao RPPS - Fundo em Repartição (Plano Financeiro);2111;Benefícios previdenciários - Poder Executivo - Fundo em Repartição (Plano Financeiro)
João Pessoa;302095;Instituto de Prev. e Assistência do Município de João Pessoa;062025;2025;12150111;Contribuição do Servidor Civil Ativo - Principal;Lançamento de Receita;2.516.650,26;801;Recursos vinculados ao RPPS - Fundo em Repartição (Plano Financeiro);2111;Benefícios previdenciários - Poder Executivo - Fundo em Repartição (Plano Financeiro)
João Pessoa;302095;Instituto de Prev. e Assistência do Município de João Pessoa;062025;2025;12150111;Contribuição do Servidor Civil Ativo - Principal;Lançamento de Receita;3.197.618,88;800;Recursos vinculados ao RPPS - Fundo em Capitalização (Plano Previdenciário);1111;Benefícios previdenciários - Poder Executivo – Fundo em Capitalização (Plano Previdenciário)
João Pessoa;302095;Instituto de Prev. e Assistência do Município de João Pessoa;052025;2025;12150111;Contribuição do Servidor Civil Ativo - Principal;Lançamento de Receita;2.501.024,73;801;Recursos vinculados ao RPPS - Fundo em Repartição (Plano Financeiro);2111;Benefícios previdenciários - Poder Executivo - Fundo em Repartição (Plano Financeiro)
João Pessoa;302095;Instituto de Prev. e Assistência do Município de João Pessoa;052025;2025;12150111;Contribuição do Servidor Civil Ativo - Principal;Lançamento de Receita;3.184.187,49;800;Recursos vinculados ao RPPS - Fundo em Capitalização (Plano Previdenciário);1111;Benefícios previdenciários - Poder Executivo – Fundo em Capitalização (Plano Previdenciário)
João Pessoa;302095;Instituto de Prev. e Assistência do Município de João Pessoa;042025;2025;12150111;Contribuição do Servidor Civil Ativo - Principal;Lançamento de Receita;3.205.760,84;800;Recursos vinculados ao RPPS - Fundo em Capitalização (Plano Previdenciário);1111;Benefícios previdenciários - Poder Executivo – Fundo em Capitalização (Plano Previdenciário)
João Pessoa;302095;Instituto de Prev. e Assistência do Município de João Pessoa;042025;2025;12150111;Contribuição do Servidor Civil Ativo - Principal;Lançamento de Receita;2.537.583,27;801;Recursos vinculados ao RPPS - Fundo em Repartição (Plano Financeiro);2111;Benefícios previdenciários - Poder Executivo - Fundo em Repartição (Plano Financeiro)
João Pessoa;302095;Instituto de Prev. e Assistência do Município de João Pessoa;032025;2025;12150111;Contribuição do Servidor Civil Ativo - Principal;Lançamento de Receita;2.644.429,93;801;Recursos vinculados ao RPPS - Fundo em Repartição (Plano Financeiro);2111;Benefícios previdenciários - Poder Executivo - Fundo em Repartição (Plano Financeiro)
João Pessoa;302095;Instituto de Prev. e Assistência do Município de João Pessoa;032025;2025;12150111;Contribuição do Servidor Civil Ativo - Principal;Lançamento de Receita;3.273.981,08;800;Recursos vinculados ao RPPS - Fundo em Capitalização (Plano Previdenciário);1111;Benefícios previdenciários - Poder Executivo – Fundo em Capitalização (Plano Previdenciário)
João Pessoa;302095;Instituto de Prev. e Assistência do Município de João Pessoa;022025;2025;12150111;Contribuição do Servidor Civil Ativo - Principal;Lançamento de Receita;2.587.890,86;801;Recursos vinculados ao RPPS - Fundo em Repartição (Plano Financeiro);2111;Benefícios previdenciários - Poder Executivo - Fundo em Repartição (Plano Financeiro)
João Pessoa;302095;Instituto de Prev. e Assistência do Município de João Pessoa;022025;2025;12150111;Contribuição do Servidor Civil Ativo - Principal;Lançamento de Receita;3.221.232,94;800;Recursos vinculados ao RPPS - Fundo em Capitalização (Plano Previdenciário);1111;Benefícios previdenciários - Poder Executivo – Fundo em Capitalização (Plano Previdenciário)
João Pessoa;302095;Instituto de Prev. e Assistência do Município de João Pessoa;012025;2025;12150111;Contribuição do Servidor Civil Ativo - Principal;Lançamento de Receita;864.011,22;800;Recursos vinculados ao RPPS - Fundo em Capitalização (Plano Previdenciário);1111;Benefícios previdenciários - Poder Executivo – Fundo em Capitalização (Plano Previdenciário)
João Pessoa;302095;Instituto de Prev. e Assistência do Município de João Pessoa;012025;2025;12150111;Contribuição do Servidor Civil Ativo - Principal;Lançamento de Receita;3.098,52;801;Recursos vinculados ao RPPS - Fundo em Repartição (Plano Financeiro);2111;Benefícios previdenciários - Poder Executivo - Fundo em Repartição (Plano Financeiro)
João Pessoa;303095;Instituto Cândida Vargas;122025;2025;76319901;Outros Serviços de Atendimento à Saúde - Principal;Lançamento de Receita;1.412.402,37;659;"Outros Recursos Vinculados à Saúde ";"Não ";Não Aplicável
João Pessoa;303095;Instituto Cândida Vargas;112025;2025;76319901;Outros Serviços de Atendimento à Saúde - Principal;Lançamento de Receita;986.038,79;659;"Outros Recursos Vinculados à Saúde ";"Não ";Não Aplicável
João Pessoa;303095;Instituto Cândida Vargas;102025;2025;76319901;Outros Serviços de Atendimento à Saúde - Principal;Lançamento de Receita;1.178.212,11;659;"Outros Recursos Vinculados à Saúde ";"Não ";Não Aplicável
João Pessoa;303095;Instituto Cândida Vargas;092025;2025;76319901;Outros Serviços de Atendimento à Saúde - Principal;Lançamento de Receita;1.113.476,99;659;"Outros Recursos Vinculados à Saúde ";"Não ";Não Aplicável
João Pessoa;303095;Instituto Cândida Vargas;082025;2025;76319901;Outros Serviços de Atendimento à Saúde - Principal;Lançamento de Receita;1.325.926,36;659;"Outros Recursos Vinculados à Saúde ";"Não ";Não Aplicável
João Pessoa;303095;Instituto Cândida Vargas;072025;2025;76319901;Outros Serviços de Atendimento à Saúde - Principal;Lançamento de Receita;2.843.753,61;659;"Outros Recursos Vinculados à Saúde ";"Não ";Não Aplicável
João Pessoa;303095;Instituto Cândida Vargas;062025;2025;76319901;Outros Serviços de Atendimento à Saúde - Principal;Lançamento de Receita;1.946.993,4;659;"Outros Recursos Vinculados à Saúde ";"Não ";Não Aplicável
João Pessoa;303095;Instituto Cândida Vargas;052025;2025;76319901;Outros Serviços de Atendimento à Saúde - Principal;Lançamento de Receita;1.238.822,55;659;"Outros Recursos Vinculados à Saúde ";"Não ";Não Aplicável
João Pessoa;303095;Instituto Cândida Vargas;042025;2025;76319901;Outros Serviços de Atendimento à Saúde - Principal;Lançamento de Receita;1.198.927,48;659;"Outros Recursos Vinculados à Saúde ";"Não ";Não Aplicável
João Pessoa;303095;Instituto Cândida Vargas;032025;2025;76319901;Outros Serviços de Atendimento à Saúde - Principal;Lançamento de Receita;1.293.909,58;659;"Outros Recursos Vinculados à Saúde ";"Não ";Não Aplicável
João Pessoa;303095;Instituto Cândida Vargas;022025;2025;76319901;Outros Serviços de Atendimento à Saúde - Principal;Lançamento de Receita;434.032,53;659;"Outros Recursos Vinculados à Saúde ";"Não ";Não Aplicável
João Pessoa;303095;Instituto Cândida Vargas;012025;2025;76319901;Outros Serviços de Atendimento à Saúde - Principal;Lançamento de Receita;1.275.179,22;659;"Outros Recursos Vinculados à Saúde ";"Não ";Não Aplicável
João Pessoa;303095;Instituto Cândida Vargas;082025;2025;19999921;Outras Receitas Não Arrecadadas e Não Projetadas pela RFB - Primárias   - Principal;Lançamento de Receita;-180,38;659;"Outros Recursos Vinculados à Saúde ";"Não ";Não Aplicável
João Pessoa;303095;Instituto Cândida Vargas;072025;2025;19999921;Outras Receitas Não Arrecadadas e Não Projetadas pela RFB - Primárias   - Principal;Lançamento de Receita;181;659;"Outros Recursos Vinculados à Saúde ";"Não ";Não Aplicável
João Pessoa;303095;Instituto Cândida Vargas;122025;2025;13210101;Remuneração de Depósitos Bancários - Principal;Lançamento de Receita;53.223,88;659;"Outros Recursos Vinculados à Saúde ";"Não ";Não Aplicável
João Pessoa;303095;Instituto Cândida Vargas;122025;2025;13210101;Remuneração de Depósitos Bancários - Principal;Lançamento de Receita;587,96;631;"Transferências do Governo Federal referentes a Convênios e outros Repasses vinculados à Saúde ";"Não ";Não Aplicável
João Pessoa;303095;Instituto Cândida Vargas;112025;2025;13210101;Remuneração de Depósitos Bancários - Principal;Lançamento de Receita;583,85;631;"Transferências do Governo Federal referentes a Convênios e outros Repasses vinculados à Saúde ";"Não ";Não Aplicável
João Pessoa;303095;Instituto Cândida Vargas;112025;2025;13210101;Remuneração de Depósitos Bancários - Principal;Lançamento de Receita;63.914,2;659;"Outros Recursos Vinculados à Saúde ";"Não ";Não Aplicável
João Pessoa;303095;Instituto Cândida Vargas;102025;2025;13210101;Remuneração de Depósitos Bancários - Principal;Lançamento de Receita;1.722,47;631;"Transferências do Governo Federal referentes a Convênios e outros Repasses vinculados à Saúde ";"Não ";Não Aplicável
João Pessoa;303095;Instituto Cândida Vargas;102025;2025;13210101;Remuneração de Depósitos Bancários - Principal;Lançamento de Receita;80.024,33;659;"Outros Recursos Vinculados à Saúde ";"Não ";Não Aplicável
João Pessoa;303095;Instituto Cândida Vargas;092025;2025;13210101;Remuneração de Depósitos Bancários - Principal;Lançamento de Receita;579,57;631;"Transferências do Governo Federal referentes a Convênios e outros Repasses vinculados à Saúde ";"Não ";Não Aplicável
João Pessoa;303095;Instituto Cândida Vargas;092025;2025;13210101;Remuneração de Depósitos Bancários - Principal;Lançamento de Receita;80.012,17;659;"Outros Recursos Vinculados à Saúde ";"Não ";Não Aplicável
João Pessoa;303095;Instituto Cândida Vargas;082025;2025;13210101;Remuneração de Depósitos Bancários - Principal;Lançamento de Receita;75.256,2;659;"Outros Recursos Vinculados à Saúde ";"Não ";Não Aplicável
João Pessoa;303095;Instituto Cândida Vargas;072025;2025;13210101;Remuneração de Depósitos Bancários - Principal;Lançamento de Receita;75.227,9;659;"Outros Recursos Vinculados à Saúde ";"Não ";Não Aplicável
João Pessoa;303095;Instituto Cândida Vargas;062025;2025;13210101;Remuneração de Depósitos Bancários - Principal;Lançamento de Receita;55.759,68;659;"Outros Recursos Vinculados à Saúde ";"Não ";Não Aplicável
João Pessoa;303095;Instituto Cândida Vargas;062025;2025;13210101;Remuneração de Depósitos Bancários - Principal;Lançamento de Receita;565,57;631;"Transferências do Governo Federal referentes a Convênios e outros Repasses vinculados à Saúde ";"Não ";Não Aplicável
João Pessoa;303095;Instituto Cândida Vargas;052025;2025;13210101;Remuneração de Depósitos Bancários - Principal;Lançamento de Receita;51.761,08;659;"Outros Recursos Vinculados à Saúde ";"Não ";Não Aplicável
João Pessoa;303095;Instituto Cândida Vargas;052025;2025;13210101;Remuneração de Depósitos Bancários - Principal;Lançamento de Receita;508,66;631;"Transferências do Governo Federal referentes a Convênios e outros Repasses vinculados à Saúde ";"Não ";Não Aplicável
João Pessoa;303095;Instituto Cândida Vargas;042025;2025;13210101;Remuneração de Depósitos Bancários - Principal;Lançamento de Receita;556,47;631;"Transferências do Governo Federal referentes a Convênios e outros Repasses vinculados à Saúde ";"Não ";Não Aplicável
João Pessoa;303095;Instituto Cândida Vargas;042025;2025;13210101;Remuneração de Depósitos Bancários - Principal;Lançamento de Receita;47.544,13;659;"Outros Recursos Vinculados à Saúde ";"Não ";Não Aplicável
João Pessoa;303095;Instituto Cândida Vargas;032025;2025;13210101;Remuneração de Depósitos Bancários - Principal;Lançamento de Receita;41.003,26;659;"Outros Recursos Vinculados à Saúde ";"Não ";Não Aplicável
João Pessoa;303095;Instituto Cândida Vargas;022025;2025;13210101;Remuneração de Depósitos Bancários - Principal;Lançamento de Receita;43.736,48;659;"Outros Recursos Vinculados à Saúde ";"Não ";Não Aplicável
João Pessoa;303095;Instituto Cândida Vargas;022025;2025;13210101;Remuneração de Depósitos Bancários - Principal;Lançamento de Receita;1.024,25;631;"Transferências do Governo Federal referentes a Convênios e outros Repasses vinculados à Saúde ";"Não ";Não Aplicável
João Pessoa;303095;Instituto Cândida Vargas;012025;2025;13210101;Remuneração de Depósitos Bancários - Principal;Lançamento de Receita;40.853,38;659;"Outros Recursos Vinculados à Saúde ";"Não ";Não Aplicável
João Pessoa;303095;Instituto Cândida Vargas;012025;2025;13210101;Remuneração de Depósitos Bancários - Principal;Lançamento de Receita;478,21;631;"Transferências do Governo Federal referentes a Convênios e outros Repasses vinculados à Saúde ";"Não ";Não Aplicável
João Pessoa;304095;Autarquia Especial Municipal de Limpeza Urbana - Emlur;122025;2025;19999921;Outras Receitas Não Arrecadadas e Não Projetadas pela RFB - Primárias   - Principal;Lançamento de Receita;6.603,01;799;Outras vinculações legais;"Não ";Não Aplicável
João Pessoa;304095;Autarquia Especial Municipal de Limpeza Urbana - Emlur;122025;2025;19999921;Outras Receitas Não Arrecadadas e Não Projetadas pela RFB - Primárias   - Principal;Lançamento de Receita;1.977,87;500;Recursos não vinculados de Impostos;"Não ";Não Aplicável
João Pessoa;304095;Autarquia Especial Municipal de Limpeza Urbana - Emlur;112025;2025;19999921;Outras Receitas Não Arrecadadas e Não Projetadas pela RFB - Primárias   - Principal;Lançamento de Receita;7.993,73;799;Outras vinculações legais;"Não ";Não Aplicável
João Pessoa;304095;Autarquia Especial Municipal de Limpeza Urbana - Emlur;102025;2025;19999921;Outras Receitas Não Arrecadadas e Não Projetadas pela RFB - Primárias   - Principal;Lançamento de Receita;7.243,17;799;Outras vinculações legais;"Não ";Não Aplicável
João Pessoa;304095;Autarquia Especial Municipal de Limpeza Urbana - Emlur;102025;2025;19999921;Outras Receitas Não Arrecadadas e Não Projetadas pela RFB - Primárias   - Principal;Lançamento de Receita;11.924,43;500;Recursos não vinculados de Impostos;"Não ";Não Aplicável
João Pessoa;304095;Autarquia Especial Municipal de Limpeza Urbana - Emlur;092025;2025;19999921;Outras Receitas Não Arrecadadas e Não Projetadas pela RFB - Primárias   - Principal;Lançamento de Receita;6.255,34;799;Outras vinculações legais;"Não ";Não Aplicável
João Pessoa;304095;Autarquia Especial Municipal de Limpeza Urbana - Emlur;092025;2025;19999921;Outras Receitas Não Arrecadadas e Não Projetadas pela RFB - Primárias   - Principal;Lançamento de Receita;3.955,74;500;Recursos não vinculados de Impostos;"Não ";Não Aplicável
João Pessoa;304095;Autarquia Especial Municipal de Limpeza Urbana - Emlur;092025;2025;19999921;Outras Receitas Não Arrecadadas e Não Projetadas pela RFB - Primárias   - Principal;Lançamento de Receita;-1.977,87;501;Outros Recursos não Vinculados;"Não ";Não Aplicável
João Pessoa;304095;Autarquia Especial Municipal de Limpeza Urbana - Emlur;092025;2025;19999921;Outras Receitas Não Arrecadadas e Não Projetadas pela RFB - Primárias   - Principal;Lançamento de Receita;0;753;Recursos provenientes de taxas e contribuições;"Não ";Não Aplicável
João Pessoa;304095;Autarquia Especial Municipal de Limpeza Urbana - Emlur;082025;2025;19999921;Outras Receitas Não Arrecadadas e Não Projetadas pela RFB - Primárias   - Principal;Lançamento de Receita;1.977,87;500;Recursos não vinculados de Impostos;"Não ";Não Aplicável
João Pessoa;304095;Autarquia Especial Municipal de Limpeza Urbana - Emlur;082025;2025;19999921;Outras Receitas Não Arrecadadas e Não Projetadas pela RFB - Primárias   - Principal;Lançamento de Receita;7.113,91;799;Outras vinculações legais;"Não ";Não Aplicável
João Pessoa;304095;Autarquia Especial Municipal de Limpeza Urbana - Emlur;072025;2025;19999921;Outras Receitas Não Arrecadadas e Não Projetadas pela RFB - Primárias   - Principal;Lançamento de Receita;1.977,87;501;Outros Recursos não Vinculados;"Não ";Não Aplicável
João Pessoa;304095;Autarquia Especial Municipal de Limpeza Urbana - Emlur;072025;2025;19999921;Outras Receitas Não Arrecadadas e Não Projetadas pela RFB - Primárias   - Principal;Lançamento de Receita;1.977,87;500;Recursos não vinculados de Impostos;"Não ";Não Aplicável
João Pessoa;304095;Autarquia Especial Municipal de Limpeza Urbana - Emlur;072025;2025;19999921;Outras Receitas Não Arrecadadas e Não Projetadas pela RFB - Primárias   - Principal;Lançamento de Receita;5.158,81;799;Outras vinculações legais;"Não ";Não Aplicável
João Pessoa;304095;Autarquia Especial Municipal de Limpeza Urbana - Emlur;062025;2025;19999921;Outras Receitas Não Arrecadadas e Não Projetadas pela RFB - Primárias   - Principal;Lançamento de Receita;6.655,76;799;Outras vinculações legais;"Não ";Não Aplicável
João Pessoa;304095;Autarquia Especial Municipal de Limpeza Urbana - Emlur;052025;2025;19999921;Outras Receitas Não Arrecadadas e Não Projetadas pela RFB - Primárias   - Principal;Lançamento de Receita;7.239,76;799;Outras vinculações legais;"Não ";Não Aplicável
João Pessoa;304095;Autarquia Especial Municipal de Limpeza Urbana - Emlur;042025;2025;19999921;Outras Receitas Não Arrecadadas e Não Projetadas pela RFB - Primárias   - Principal;Lançamento de Receita;5.784,93;799;Outras vinculações legais;"Não ";Não Aplicável
João Pessoa;304095;Autarquia Especial Municipal de Limpeza Urbana - Emlur;042025;2025;19999921;Outras Receitas Não Arrecadadas e Não Projetadas pela RFB - Primárias   - Principal;Lançamento de Receita;1.977,87;500;Recursos não vinculados de Impostos;"Não ";Não Aplicável
João Pessoa;304095;Autarquia Especial Municipal de Limpeza Urbana - Emlur;042025;2025;19999921;Outras Receitas Não Arrecadadas e Não Projetadas pela RFB - Primárias   - Principal;Lançamento de Receita;-2.746,63;753;Recursos provenientes de taxas e contribuições;"Não ";Não Aplicável
João Pessoa;304095;Autarquia Especial Municipal de Limpeza Urbana - Emlur;032025;2025;19999921;Outras Receitas Não Arrecadadas e Não Projetadas pela RFB - Primárias   - Principal;Lançamento de Receita;5.784,93;753;Recursos provenientes de taxas e contribuições;"Não ";Não Aplicável
João Pessoa;304095;Autarquia Especial Municipal de Limpeza Urbana - Emlur;032025;2025;19999921;Outras Receitas Não Arrecadadas e Não Projetadas pela RFB - Primárias   - Principal;Lançamento de Receita;1.976,1;500;Recursos não vinculados de Impostos;"Não ";Não Aplicável
João Pessoa;304095;Autarquia Especial Municipal de Limpeza Urbana - Emlur;022025;2025;19999921;Outras Receitas Não Arrecadadas e Não Projetadas pela RFB - Primárias   - Principal;Lançamento de Receita;2.746,63;753;Recursos provenientes de taxas e contribuições;"Não ";Não Aplicável
João Pessoa;304095;Autarquia Especial Municipal de Limpeza Urbana - Emlur;022025;2025;19999921;Outras Receitas Não Arrecadadas e Não Projetadas pela RFB - Primárias   - Principal;Lançamento de Receita;6.630,21;799;Outras vinculações legais;"Não ";Não Aplicável
João Pessoa;304095;Autarquia Especial Municipal de Limpeza Urbana - Emlur;022025;2025;19999921;Outras Receitas Não Arrecadadas e Não Projetadas pela RFB - Primárias   - Principal;Lançamento de Receita;5.609,85;500;Recursos não vinculados de Impostos;"Não ";Não Aplicável
João Pessoa;304095;Autarquia Especial Municipal de Limpeza Urbana - Emlur;012025;2025;19999921;Outras Receitas Não Arrecadadas e Não Projetadas pela RFB - Primárias   - Principal;Lançamento de Receita;8.065,99;500;Recursos não vinculados de Impostos;"Não ";Não Aplicável
João Pessoa;304095;Autarquia Especial Municipal de Limpeza Urbana - Emlur;052025;2025;19229901;Outras Restituições - Principal;Lançamento de Receita;6.000;500;Recursos não vinculados de Impostos;"Não ";Não Aplicável
João Pessoa;304095;Autarquia Especial Municipal de Limpeza Urbana - Emlur;122025;2025;13210101;Remuneração de Depósitos Bancários - Principal;Lançamento de Receita;47.775,48;500;Recursos não vinculados de Impostos;"Não ";Não Aplicável
João Pessoa;304095;Autarquia Especial Municipal de Limpeza Urbana - Emlur;122025;2025;13210101;Remuneração de Depósitos Bancários - Principal;Lançamento de Receita;28.067,28;753;Recursos provenientes de taxas e contribuições;"Não ";Não Aplicável
João Pessoa;304095;Autarquia Especial Municipal de Limpeza Urbana - Emlur;112025;2025;13210101;Remuneração de Depósitos Bancários - Principal;Lançamento de Receita;56.321,24;753;Recursos provenientes de taxas e contribuições;"Não ";Não Aplicável
João Pessoa;304095;Autarquia Especial Municipal de Limpeza Urbana - Emlur;112025;2025;13210101;Remuneração de Depósitos Bancários - Principal;Lançamento de Receita;68.227,47;500;Recursos não vinculados de Impostos;"Não ";Não Aplicável
João Pessoa;304095;Autarquia Especial Municipal de Limpeza Urbana - Emlur;102025;2025;13210101;Remuneração de Depósitos Bancários - Principal;Lançamento de Receita;72.416,99;500;Recursos não vinculados de Impostos;"Não ";Não Aplicável
João Pessoa;304095;Autarquia Especial Municipal de Limpeza Urbana - Emlur;102025;2025;13210101;Remuneração de Depósitos Bancários - Principal;Lançamento de Receita;45,9;753;Recursos provenientes de taxas e contribuições;"Não ";Não Aplicável
João Pessoa;304095;Autarquia Especial Municipal de Limpeza Urbana - Emlur;092025;2025;13210101;Remuneração de Depósitos Bancários - Principal;Lançamento de Receita;142.889,58;753;Recursos provenientes de taxas e contribuições;"Não ";Não Aplicável
João Pessoa;304095;Autarquia Especial Municipal de Limpeza Urbana - Emlur;092025;2025;13210101;Remuneração de Depósitos Bancários - Principal;Lançamento de Receita;72.754,35;500;Recursos não vinculados de Impostos;"Não ";Não Aplicável
João Pessoa;304095;Autarquia Especial Municipal de Limpeza Urbana - Emlur;092025;2025;13210101;Remuneração de Depósitos Bancários - Principal;Lançamento de Receita;-157.194,25;799;Outras vinculações legais;"Não ";Não Aplicável
João Pessoa;304095;Autarquia Especial Municipal de Limpeza Urbana - Emlur;082025;2025;13210101;Remuneração de Depósitos Bancários - Principal;Lançamento de Receita;101.906,69;500;Recursos não vinculados de Impostos;"Não ";Não Aplicável
João Pessoa;304095;Autarquia Especial Municipal de Limpeza Urbana - Emlur;082025;2025;13210101;Remuneração de Depósitos Bancários - Principal;Lançamento de Receita;44.861,46;799;Outras vinculações legais;"Não ";Não Aplicável
João Pessoa;304095;Autarquia Especial Municipal de Limpeza Urbana - Emlur;072025;2025;13210101;Remuneração de Depósitos Bancários - Principal;Lançamento de Receita;51.011,32;500;Recursos não vinculados de Impostos;"Não ";Não Aplicável
João Pessoa;304095;Autarquia Especial Municipal de Limpeza Urbana - Emlur;072025;2025;13210101;Remuneração de Depósitos Bancários - Principal;Lançamento de Receita;54.231,2;799;Outras vinculações legais;"Não ";Não Aplicável
João Pessoa;304095;Autarquia Especial Municipal de Limpeza Urbana - Emlur;062025;2025;13210101;Remuneração de Depósitos Bancários - Principal;Lançamento de Receita;30.713,03;500;Recursos não vinculados de Impostos;"Não ";Não Aplicável
João Pessoa;304095;Autarquia Especial Municipal de Limpeza Urbana - Emlur;062025;2025;13210101;Remuneração de Depósitos Bancários - Principal;Lançamento de Receita;22.705,32;799;Outras vinculações legais;"Não ";Não Aplicável
João Pessoa;304095;Autarquia Especial Municipal de Limpeza Urbana - Emlur;052025;2025;13210101;Remuneração de Depósitos Bancários - Principal;Lançamento de Receita;14.513,15;799;Outras vinculações legais;"Não ";Não Aplicável
João Pessoa;304095;Autarquia Especial Municipal de Limpeza Urbana - Emlur;052025;2025;13210101;Remuneração de Depósitos Bancários - Principal;Lançamento de Receita;35.711,99;500;Recursos não vinculados de Impostos;"Não ";Não Aplicável
João Pessoa;304095;Autarquia Especial Municipal de Limpeza Urbana - Emlur;042025;2025;13210101;Remuneração de Depósitos Bancários - Principal;Lançamento de Receita;20.883,12;799;Outras vinculações legais;"Não ";Não Aplicável
João Pessoa;304095;Autarquia Especial Municipal de Limpeza Urbana - Emlur;042025;2025;13210101;Remuneração de Depósitos Bancários - Principal;Lançamento de Receita;2.106,3;753;Recursos provenientes de taxas e contribuições;"Não ";Não Aplicável
João Pessoa;304095;Autarquia Especial Municipal de Limpeza Urbana - Emlur;042025;2025;13210101;Remuneração de Depósitos Bancários - Principal;Lançamento de Receita;50.717,27;500;Recursos não vinculados de Impostos;"Não ";Não Aplicável
João Pessoa;304095;Autarquia Especial Municipal de Limpeza Urbana - Emlur;032025;2025;13210101;Remuneração de Depósitos Bancários - Principal;Lançamento de Receita;55.612,26;500;Recursos não vinculados de Impostos;"Não ";Não Aplicável
João Pessoa;304095;Autarquia Especial Municipal de Limpeza Urbana - Emlur;032025;2025;13210101;Remuneração de Depósitos Bancários - Principal;Lançamento de Receita;12.205,22;753;Recursos provenientes de taxas e contribuições;"Não ";Não Aplicável
João Pessoa;304095;Autarquia Especial Municipal de Limpeza Urbana - Emlur;022025;2025;13210101;Remuneração de Depósitos Bancários - Principal;Lançamento de Receita;62.699,67;500;Recursos não vinculados de Impostos;"Não ";Não Aplicável
João Pessoa;304095;Autarquia Especial Municipal de Limpeza Urbana - Emlur;022025;2025;13210101;Remuneração de Depósitos Bancários - Principal;Lançamento de Receita;6.033,02;501;Outros Recursos não Vinculados;"Não ";Não Aplicável
João Pessoa;304095;Autarquia Especial Municipal de Limpeza Urbana - Emlur;022025;2025;13210101;Remuneração de Depósitos Bancários - Principal;Lançamento de Receita;0;799;Outras vinculações legais;"Não ";Não Aplicável
João Pessoa;304095;Autarquia Especial Municipal de Limpeza Urbana - Emlur;022025;2025;13210101;Remuneração de Depósitos Bancários - Principal;Lançamento de Receita;5.407,24;753;Recursos provenientes de taxas e contribuições;"Não ";Não Aplicável
João Pessoa;304095;Autarquia Especial Municipal de Limpeza Urbana - Emlur;012025;2025;13210101;Remuneração de Depósitos Bancários - Principal;Lançamento de Receita;42.569,32;500;Recursos não vinculados de Impostos;"Não ";Não Aplicável
João Pessoa;304095;Autarquia Especial Municipal de Limpeza Urbana - Emlur;012025;2025;13210101;Remuneração de Depósitos Bancários - Principal;Lançamento de Receita;4.884,44;753;Recursos provenientes de taxas e contribuições;"Não ";Não Aplicável
João Pessoa;304095;Autarquia Especial Municipal de Limpeza Urbana - Emlur;012025;2025;13210101;Remuneração de Depósitos Bancários - Principal;Lançamento de Receita;1.258,1;501;Outros Recursos não Vinculados;"Não ";Não Aplicável
João Pessoa;304095;Autarquia Especial Municipal de Limpeza Urbana - Emlur;122025;2025;11210101;Taxas de Inspeção, Controle e Fiscalização - Principal;Lançamento de Receita;420.552,63;753;Recursos provenientes de taxas e contribuições;"Não ";Não Aplicável
João Pessoa;304095;Autarquia Especial Municipal de Limpeza Urbana - Emlur;112025;2025;11210101;Taxas de Inspeção, Controle e Fiscalização - Principal;Lançamento de Receita;441.836,55;753;Recursos provenientes de taxas e contribuições;"Não ";Não Aplicável
João Pessoa;304095;Autarquia Especial Municipal de Limpeza Urbana - Emlur;102025;2025;11210101;Taxas de Inspeção, Controle e Fiscalização - Principal;Lançamento de Receita;281.843,72;753;Recursos provenientes de taxas e contribuições;"Não ";Não Aplicável
João Pessoa;304095;Autarquia Especial Municipal de Limpeza Urbana - Emlur;092025;2025;11210101;Taxas de Inspeção, Controle e Fiscalização - Principal;Lançamento de Receita;496.299,07;753;Recursos provenientes de taxas e contribuições;"Não ";Não Aplicável
João Pessoa;304095;Autarquia Especial Municipal de Limpeza Urbana - Emlur;082025;2025;11210101;Taxas de Inspeção, Controle e Fiscalização - Principal;Lançamento de Receita;241.199,41;753;Recursos provenientes de taxas e contribuições;"Não ";Não Aplicável
João Pessoa;304095;Autarquia Especial Municipal de Limpeza Urbana - Emlur;072025;2025;11210101;Taxas de Inspeção, Controle e Fiscalização - Principal;Lançamento de Receita;523.276,54;753;Recursos provenientes de taxas e contribuições;"Não ";Não Aplicável
João Pessoa;304095;Autarquia Especial Municipal de Limpeza Urbana - Emlur;062025;2025;11210101;Taxas de Inspeção, Controle e Fiscalização - Principal;Lançamento de Receita;54.043,58;753;Recursos provenientes de taxas e contribuições;"Não ";Não Aplicável
João Pessoa;304095;Autarquia Especial Municipal de Limpeza Urbana - Emlur;062025;2025;11210101;Taxas de Inspeção, Controle e Fiscalização - Principal;Lançamento de Receita;42.415,32;501;Outros Recursos não Vinculados;"Não ";Não Aplicável
João Pessoa;304095;Autarquia Especial Municipal de Limpeza Urbana - Emlur;052025;2025;11210101;Taxas de Inspeção, Controle e Fiscalização - Principal;Lançamento de Receita;321.566,85;753;Recursos provenientes de taxas e contribuições;"Não ";Não Aplicável
João Pessoa;304095;Autarquia Especial Municipal de Limpeza Urbana - Emlur;042025;2025;11210101;Taxas de Inspeção, Controle e Fiscalização - Principal;Lançamento de Receita;269.100,88;753;Recursos provenientes de taxas e contribuições;"Não ";Não Aplicável
João Pessoa;304095;Autarquia Especial Municipal de Limpeza Urbana - Emlur;032025;2025;11210101;Taxas de Inspeção, Controle e Fiscalização - Principal;Lançamento de Receita;388.336,64;753;Recursos provenientes de taxas e contribuições;"Não ";Não Aplicável
João Pessoa;304095;Autarquia Especial Municipal de Limpeza Urbana - Emlur;022025;2025;11210101;Taxas de Inspeção, Controle e Fiscalização - Principal;Lançamento de Receita;241.311,3;501;Outros Recursos não Vinculados;"Não ";Não Aplicável
João Pessoa;304095;Autarquia Especial Municipal de Limpeza Urbana - Emlur;022025;2025;11210101;Taxas de Inspeção, Controle e Fiscalização - Principal;Lançamento de Receita;63.560,95;753;Recursos provenientes de taxas e contribuições;"Não ";Não Aplicável
João Pessoa;304095;Autarquia Especial Municipal de Limpeza Urbana - Emlur;012025;2025;11210101;Taxas de Inspeção, Controle e Fiscalização - Principal;Lançamento de Receita;231.436,37;753;Recursos provenientes de taxas e contribuições;"Não ";Não Aplicável
João Pessoa;304095;Autarquia Especial Municipal de Limpeza Urbana - Emlur;012025;2025;11210101;Taxas de Inspeção, Controle e Fiscalização - Principal;Lançamento de Receita;0;501;Outros Recursos não Vinculados;"Não ";Não Aplicável
João Pessoa;603095;Fundação Cultural de João Pessoa;122025;2025;19229901;Outras Restituições - Principal;Lançamento de Receita;70,82;500;Recursos não vinculados de Impostos;"Não ";Não Aplicável
João Pessoa;603095;Fundação Cultural de João Pessoa;082025;2025;19229901;Outras Restituições - Principal;Lançamento de Receita;6.074,98;500;Recursos não vinculados de Impostos;"Não ";Não Aplicável
João Pessoa;603095;Fundação Cultural de João Pessoa;042025;2025;19229901;Outras Restituições - Principal;Lançamento de Receita;2.263;700;Outras Transferências de Convênios ou Repasses da União;"Não ";Não Aplicável
João Pessoa;603095;Fundação Cultural de João Pessoa;042025;2025;17179901;Outras Transferências de Convênios da União e de Suas Entidades - Principal;Lançamento de Receita;113.500,81;700;Outras Transferências de Convênios ou Repasses da União;"Não ";Não Aplicável
João Pessoa;603095;Fundação Cultural de João Pessoa;122025;2025;13210101;Remuneração de Depósitos Bancários - Principal;Lançamento de Receita;3.232,06;700;Outras Transferências de Convênios ou Repasses da União;"Não ";Não Aplicável
João Pessoa;603095;Fundação Cultural de João Pessoa;122025;2025;13210101;Remuneração de Depósitos Bancários - Principal;Lançamento de Receita;18.249,47;500;Recursos não vinculados de Impostos;"Não ";Não Aplicável
João Pessoa;603095;Fundação Cultural de João Pessoa;122025;2025;13210101;Remuneração de Depósitos Bancários - Principal;Lançamento de Receita;1.415,18;899;Outros Recursos Vinculados;"Não ";Não Aplicável
João Pessoa;603095;Fundação Cultural de João Pessoa;112025;2025;13210101;Remuneração de Depósitos Bancários - Principal;Lançamento de Receita;3.202,25;700;Outras Transferências de Convênios ou Repasses da União;"Não ";Não Aplicável
João Pessoa;603095;Fundação Cultural de João Pessoa;112025;2025;13210101;Remuneração de Depósitos Bancários - Principal;Lançamento de Receita;13.012,98;500;Recursos não vinculados de Impostos;"Não ";Não Aplicável
João Pessoa;603095;Fundação Cultural de João Pessoa;112025;2025;13210101;Remuneração de Depósitos Bancários - Principal;Lançamento de Receita;1.551,63;899;Outros Recursos Vinculados;"Não ";Não Aplicável
João Pessoa;603095;Fundação Cultural de João Pessoa;102025;2025;13210101;Remuneração de Depósitos Bancários - Principal;Lançamento de Receita;3.595,41;700;Outras Transferências de Convênios ou Repasses da União;"Não ";Não Aplicável
João Pessoa;603095;Fundação Cultural de João Pessoa;102025;2025;13210101;Remuneração de Depósitos Bancários - Principal;Lançamento de Receita;936,19;899;Outros Recursos Vinculados;"Não ";Não Aplicável
João Pessoa;603095;Fundação Cultural de João Pessoa;102025;2025;13210101;Remuneração de Depósitos Bancários - Principal;Lançamento de Receita;14.308,88;500;Recursos não vinculados de Impostos;"Não ";Não Aplicável
João Pessoa;603095;Fundação Cultural de João Pessoa;092025;2025;13210101;Remuneração de Depósitos Bancários - Principal;Lançamento de Receita;887,55;899;Outros Recursos Vinculados;"Não ";Não Aplicável
João Pessoa;603095;Fundação Cultural de João Pessoa;092025;2025;13210101;Remuneração de Depósitos Bancários - Principal;Lançamento de Receita;8.815,09;500;Recursos não vinculados de Impostos;"Não ";Não Aplicável
João Pessoa;603095;Fundação Cultural de João Pessoa;092025;2025;13210101;Remuneração de Depósitos Bancários - Principal;Lançamento de Receita;4.389,13;700;Outras Transferências de Convênios ou Repasses da União;"Não ";Não Aplicável
João Pessoa;603095;Fundação Cultural de João Pessoa;082025;2025;13210101;Remuneração de Depósitos Bancários - Principal;Lançamento de Receita;6.322,88;700;Outras Transferências de Convênios ou Repasses da União;"Não ";Não Aplicável
João Pessoa;603095;Fundação Cultural de João Pessoa;082025;2025;13210101;Remuneração de Depósitos Bancários - Principal;Lançamento de Receita;839,93;899;Outros Recursos Vinculados;"Não ";Não Aplicável
João Pessoa;603095;Fundação Cultural de João Pessoa;082025;2025;13210101;Remuneração de Depósitos Bancários - Principal;Lançamento de Receita;6.781,17;500;Recursos não vinculados de Impostos;"Não ";Não Aplicável
João Pessoa;603095;Fundação Cultural de João Pessoa;072025;2025;13210101;Remuneração de Depósitos Bancários - Principal;Lançamento de Receita;7.921,33;700;Outras Transferências de Convênios ou Repasses da União;"Não ";Não Aplicável
João Pessoa;603095;Fundação Cultural de João Pessoa;072025;2025;13210101;Remuneração de Depósitos Bancários - Principal;Lançamento de Receita;911,61;899;Outros Recursos Vinculados;"Não ";Não Aplicável
João Pessoa;603095;Fundação Cultural de João Pessoa;072025;2025;13210101;Remuneração de Depósitos Bancários - Principal;Lançamento de Receita;6.159,54;500;Recursos não vinculados de Impostos;"Não ";Não Aplicável
João Pessoa;603095;Fundação Cultural de João Pessoa;062025;2025;13210101;Remuneração de Depósitos Bancários - Principal;Lançamento de Receita;773,76;899;Outros Recursos Vinculados;"Não ";Não Aplicável
João Pessoa;603095;Fundação Cultural de João Pessoa;062025;2025;13210101;Remuneração de Depósitos Bancários - Principal;Lançamento de Receita;8.661,76;700;Outras Transferências de Convênios ou Repasses da União;"Não ";Não Aplicável
João Pessoa;603095;Fundação Cultural de João Pessoa;062025;2025;13210101;Remuneração de Depósitos Bancários - Principal;Lançamento de Receita;10.620,17;500;Recursos não vinculados de Impostos;"Não ";Não Aplicável
João Pessoa;603095;Fundação Cultural de João Pessoa;052025;2025;13210101;Remuneração de Depósitos Bancários - Principal;Lançamento de Receita;8.281,53;700;Outras Transferências de Convênios ou Repasses da União;"Não ";Não Aplicável
João Pessoa;603095;Fundação Cultural de João Pessoa;052025;2025;13210101;Remuneração de Depósitos Bancários - Principal;Lançamento de Receita;792,15;899;Outros Recursos Vinculados;"Não ";Não Aplicável
João Pessoa;603095;Fundação Cultural de João Pessoa;052025;2025;13210101;Remuneração de Depósitos Bancários - Principal;Lançamento de Receita;8.141,04;500;Recursos não vinculados de Impostos;"Não ";Não Aplicável
João Pessoa;603095;Fundação Cultural de João Pessoa;042025;2025;13210101;Remuneração de Depósitos Bancários - Principal;Lançamento de Receita;12.568,04;500;Recursos não vinculados de Impostos;"Não ";Não Aplicável
João Pessoa;603095;Fundação Cultural de João Pessoa;042025;2025;13210101;Remuneração de Depósitos Bancários - Principal;Lançamento de Receita;723,23;899;Outros Recursos Vinculados;"Não ";Não Aplicável
João Pessoa;603095;Fundação Cultural de João Pessoa;042025;2025;13210101;Remuneração de Depósitos Bancários - Principal;Lançamento de Receita;5.505,31;700;Outras Transferências de Convênios ou Repasses da União;"Não ";Não Aplicável
João Pessoa;603095;Fundação Cultural de João Pessoa;032025;2025;13210101;Remuneração de Depósitos Bancários - Principal;Lançamento de Receita;12.748,35;500;Recursos não vinculados de Impostos;"Não ";Não Aplicável
João Pessoa;603095;Fundação Cultural de João Pessoa;032025;2025;13210101;Remuneração de Depósitos Bancários - Principal;Lançamento de Receita;644,36;899;Outros Recursos Vinculados;"Não ";Não Aplicável
João Pessoa;603095;Fundação Cultural de João Pessoa;032025;2025;13210101;Remuneração de Depósitos Bancários - Principal;Lançamento de Receita;8.860,89;700;Outras Transferências de Convênios ou Repasses da União;"Não ";Não Aplicável
João Pessoa;603095;Fundação Cultural de João Pessoa;022025;2025;13210101;Remuneração de Depósitos Bancários - Principal;Lançamento de Receita;11.985,69;500;Recursos não vinculados de Impostos;"Não ";Não Aplicável
João Pessoa;603095;Fundação Cultural de João Pessoa;022025;2025;13210101;Remuneração de Depósitos Bancários - Principal;Lançamento de Receita;7.542,8;700;Outras Transferências de Convênios ou Repasses da União;"Não ";Não Aplicável
João Pessoa;603095;Fundação Cultural de João Pessoa;022025;2025;13210101;Remuneração de Depósitos Bancários - Principal;Lançamento de Receita;652,38;899;Outros Recursos Vinculados;"Não ";Não Aplicável
João Pessoa;603095;Fundação Cultural de João Pessoa;012025;2025;13210101;Remuneração de Depósitos Bancários - Principal;Lançamento de Receita;646,67;899;Outros Recursos Vinculados;"Não ";Não Aplicável
João Pessoa;603095;Fundação Cultural de João Pessoa;012025;2025;13210101;Remuneração de Depósitos Bancários - Principal;Lançamento de Receita;16.867,68;500;Recursos não vinculados de Impostos;"Não ";Não Aplicável
João Pessoa;603095;Fundação Cultural de João Pessoa;012025;2025;13210101;Remuneração de Depósitos Bancários - Principal;Lançamento de Receita;7.115,75;700;Outras Transferências de Convênios ou Repasses da União;"Não ";Não Aplicável
João Pessoa;609095;Fundo Municipal de Assistência Social de João Pessoa;092025;2025;19999921;Outras Receitas Não Arrecadadas e Não Projetadas pela RFB - Primárias   - Principal;Lançamento de Receita;3.581,42;660;Transferência de Recursos do Fundo Nacional de Assistência Social - FNAS;"Não ";Não Aplicável
João Pessoa;609095;Fundo Municipal de Assistência Social de João Pessoa;082025;2025;19999921;Outras Receitas Não Arrecadadas e Não Projetadas pela RFB - Primárias   - Principal;Lançamento de Receita;-500.000;660;Transferência de Recursos do Fundo Nacional de Assistência Social - FNAS;3120;Identificação das Transferências da União decorrentes de emendas parlamentares de bancada
João Pessoa;609095;Fundo Municipal de Assistência Social de João Pessoa;082025;2025;19999921;Outras Receitas Não Arrecadadas e Não Projetadas pela RFB - Primárias   - Principal;Lançamento de Receita;5.043,44;660;Transferência de Recursos do Fundo Nacional de Assistência Social - FNAS;"Não ";Não Aplicável
João Pessoa;609095;Fundo Municipal de Assistência Social de João Pessoa;072025;2025;19999921;Outras Receitas Não Arrecadadas e Não Projetadas pela RFB - Primárias   - Principal;Lançamento de Receita;-697.950,82;660;Transferência de Recursos do Fundo Nacional de Assistência Social - FNAS;"Não ";Não Aplicável
João Pessoa;609095;Fundo Municipal de Assistência Social de João Pessoa;052025;2025;19999921;Outras Receitas Não Arrecadadas e Não Projetadas pela RFB - Primárias   - Principal;Lançamento de Receita;500.000;660;Transferência de Recursos do Fundo Nacional de Assistência Social - FNAS;3120;Identificação das Transferências da União decorrentes de emendas parlamentares de bancada
João Pessoa;609095;Fundo Municipal de Assistência Social de João Pessoa;042025;2025;19999921;Outras Receitas Não Arrecadadas e Não Projetadas pela RFB - Primárias   - Principal;Lançamento de Receita;0,29;500;Recursos não vinculados de Impostos;"Não ";Não Aplicável
João Pessoa;609095;Fundo Municipal de Assistência Social de João Pessoa;042025;2025;19999921;Outras Receitas Não Arrecadadas e Não Projetadas pela RFB - Primárias   - Principal;Lançamento de Receita;360,69;660;Transferência de Recursos do Fundo Nacional de Assistência Social - FNAS;3110;Identificação das Transferências da União decorrentes de emendas parlamentares individuais
João Pessoa;609095;Fundo Municipal de Assistência Social de João Pessoa;042025;2025;19999921;Outras Receitas Não Arrecadadas e Não Projetadas pela RFB - Primárias   - Principal;Lançamento de Receita;819,04;660;Transferência de Recursos do Fundo Nacional de Assistência Social - FNAS;3120;Identificação das Transferências da União decorrentes de emendas parlamentares de bancada
João Pessoa;609095;Fundo Municipal de Assistência Social de João Pessoa;032025;2025;19999921;Outras Receitas Não Arrecadadas e Não Projetadas pela RFB - Primárias   - Principal;Lançamento de Receita;173,96;500;Recursos não vinculados de Impostos;"Não ";Não Aplicável
João Pessoa;609095;Fundo Municipal de Assistência Social de João Pessoa;032025;2025;19999921;Outras Receitas Não Arrecadadas e Não Projetadas pela RFB - Primárias   - Principal;Lançamento de Receita;699.420,43;660;Transferência de Recursos do Fundo Nacional de Assistência Social - FNAS;"Não ";Não Aplicável
João Pessoa;609095;Fundo Municipal de Assistência Social de João Pessoa;022025;2025;19999921;Outras Receitas Não Arrecadadas e Não Projetadas pela RFB - Primárias   - Principal;Lançamento de Receita;1.559,26;660;Transferência de Recursos do Fundo Nacional de Assistência Social - FNAS;"Não ";Não Aplicável
João Pessoa;609095;Fundo Municipal de Assistência Social de João Pessoa;012025;2025;19999921;Outras Receitas Não Arrecadadas e Não Projetadas pela RFB - Primárias   - Principal;Lançamento de Receita;5.600;660;Transferência de Recursos do Fundo Nacional de Assistência Social - FNAS;"Não ";Não Aplicável
João Pessoa;609095;Fundo Municipal de Assistência Social de João Pessoa;042025;2025;19229901;Outras Restituições - Principal;Lançamento de Receita;841,81;500;Recursos não vinculados de Impostos;"Não ";Não Aplicável
João Pessoa;609095;Fundo Municipal de Assistência Social de João Pessoa;062025;2025;17299901;Outras Transferências dos Estados e DF - Principal;Lançamento de Receita;187.387,58;665;Transferências de Convênios e outros Repasses vinculados à Assistência Social;"Não ";Não Aplicável
João Pessoa;609095;Fundo Municipal de Assistência Social de João Pessoa;122025;2025;17165001;Transferências de Recursos do Fundo Nacional de Assistência Social – FNAS - Principal;Lançamento de Receita;2.224.840,05;660;Transferência de Recursos do Fundo Nacional de Assistência Social - FNAS;"Não ";Não Aplicável
João Pessoa;609095;Fundo Municipal de Assistência Social de João Pessoa;122025;2025;17165001;Transferências de Recursos do Fundo Nacional de Assistência Social – FNAS - Principal;Lançamento de Receita;300.000;660;Transferência de Recursos do Fundo Nacional de Assistência Social - FNAS;3110;Identificação das Transferências da União decorrentes de emendas parlamentares individuais
João Pessoa;609095;Fundo Municipal de Assistência Social de João Pessoa;112025;2025;17165001;Transferências de Recursos do Fundo Nacional de Assistência Social – FNAS - Principal;Lançamento de Receita;1.900.000;660;Transferência de Recursos do Fundo Nacional de Assistência Social - FNAS;3110;Identificação das Transferências da União decorrentes de emendas parlamentares individuais
João Pessoa;609095;Fundo Municipal de Assistência Social de João Pessoa;112025;2025;17165001;Transferências de Recursos do Fundo Nacional de Assistência Social – FNAS - Principal;Lançamento de Receita;831.173,85;660;Transferência de Recursos do Fundo Nacional de Assistência Social - FNAS;"Não ";Não Aplicável
João Pessoa;609095;Fundo Municipal de Assistência Social de João Pessoa;102025;2025;17165001;Transferências de Recursos do Fundo Nacional de Assistência Social – FNAS - Principal;Lançamento de Receita;2.950.000;660;Transferência de Recursos do Fundo Nacional de Assistência Social - FNAS;3110;Identificação das Transferências da União decorrentes de emendas parlamentares individuais
João Pessoa;609095;Fundo Municipal de Assistência Social de João Pessoa;102025;2025;17165001;Transferências de Recursos do Fundo Nacional de Assistência Social – FNAS - Principal;Lançamento de Receita;834.732,86;660;Transferência de Recursos do Fundo Nacional de Assistência Social - FNAS;"Não ";Não Aplicável
João Pessoa;609095;Fundo Municipal de Assistência Social de João Pessoa;092025;2025;17165001;Transferências de Recursos do Fundo Nacional de Assistência Social – FNAS - Principal;Lançamento de Receita;1.279.465,92;660;Transferência de Recursos do Fundo Nacional de Assistência Social - FNAS;"Não ";Não Aplicável
João Pessoa;609095;Fundo Municipal de Assistência Social de João Pessoa;082025;2025;17165001;Transferências de Recursos do Fundo Nacional de Assistência Social – FNAS - Principal;Lançamento de Receita;805.631,57;660;Transferência de Recursos do Fundo Nacional de Assistência Social - FNAS;"Não ";Não Aplicável
João Pessoa;609095;Fundo Municipal de Assistência Social de João Pessoa;072025;2025;17165001;Transferências de Recursos do Fundo Nacional de Assistência Social – FNAS - Principal;Lançamento de Receita;2.459.490,14;660;Transferência de Recursos do Fundo Nacional de Assistência Social - FNAS;"Não ";Não Aplicável
João Pessoa;609095;Fundo Municipal de Assistência Social de João Pessoa;062025;2025;17165001;Transferências de Recursos do Fundo Nacional de Assistência Social – FNAS - Principal;Lançamento de Receita;357.783,18;660;Transferência de Recursos do Fundo Nacional de Assistência Social - FNAS;"Não ";Não Aplicável
João Pessoa;609095;Fundo Municipal de Assistência Social de João Pessoa;052025;2025;17165001;Transferências de Recursos do Fundo Nacional de Assistência Social – FNAS - Principal;Lançamento de Receita;671.070,31;660;Transferência de Recursos do Fundo Nacional de Assistência Social - FNAS;"Não ";Não Aplicável
João Pessoa;609095;Fundo Municipal de Assistência Social de João Pessoa;042025;2025;17165001;Transferências de Recursos do Fundo Nacional de Assistência Social – FNAS - Principal;Lançamento de Receita;920.401,57;660;Transferência de Recursos do Fundo Nacional de Assistência Social - FNAS;"Não ";Não Aplicável
João Pessoa;609095;Fundo Municipal de Assistência Social de João Pessoa;022025;2025;17165001;Transferências de Recursos do Fundo Nacional de Assistência Social – FNAS - Principal;Lançamento de Receita;698.973,49;660;Transferência de Recursos do Fundo Nacional de Assistência Social - FNAS;"Não ";Não Aplicável
João Pessoa;609095;Fundo Municipal de Assistência Social de João Pessoa;012025;2025;17165001;Transferências de Recursos do Fundo Nacional de Assistência Social – FNAS - Principal;Lançamento de Receita;352.953,74;660;Transferência de Recursos do Fundo Nacional de Assistência Social - FNAS;"Não ";Não Aplicável
João Pessoa;609095;Fundo Municipal de Assistência Social de João Pessoa;122025;2025;13210101;Remuneração de Depósitos Bancários - Principal;Lançamento de Receita;4,12;706;"Transferência Especial da União ";3110;Identificação das Transferências da União decorrentes de emendas parlamentares individuais
João Pessoa;609095;Fundo Municipal de Assistência Social de João Pessoa;122025;2025;13210101;Remuneração de Depósitos Bancários - Principal;Lançamento de Receita;309,85;665;Transferências de Convênios e outros Repasses vinculados à Assistência Social;"Não ";Não Aplicável
João Pessoa;609095;Fundo Municipal de Assistência Social de João Pessoa;122025;2025;13210101;Remuneração de Depósitos Bancários - Principal;Lançamento de Receita;49.128,97;660;Transferência de Recursos do Fundo Nacional de Assistência Social - FNAS;3110;Identificação das Transferências da União decorrentes de emendas parlamentares individuais
João Pessoa;609095;Fundo Municipal de Assistência Social de João Pessoa;122025;2025;13210101;Remuneração de Depósitos Bancários - Principal;Lançamento de Receita;20.342,38;660;Transferência de Recursos do Fundo Nacional de Assistência Social - FNAS;"Não ";Não Aplicável
João Pessoa;609095;Fundo Municipal de Assistência Social de João Pessoa;122025;2025;13210101;Remuneração de Depósitos Bancários - Principal;Lançamento de Receita;2.993,7;500;Recursos não vinculados de Impostos;"Não ";Não Aplicável
João Pessoa;609095;Fundo Municipal de Assistência Social de João Pessoa;112025;2025;13210101;Remuneração de Depósitos Bancários - Principal;Lançamento de Receita;2.877,16;500;Recursos não vinculados de Impostos;"Não ";Não Aplicável
João Pessoa;609095;Fundo Municipal de Assistência Social de João Pessoa;112025;2025;13210101;Remuneração de Depósitos Bancários - Principal;Lançamento de Receita;14,57;706;"Transferência Especial da União ";3110;Identificação das Transferências da União decorrentes de emendas parlamentares individuais
João Pessoa;609095;Fundo Municipal de Assistência Social de João Pessoa;112025;2025;13210101;Remuneração de Depósitos Bancários - Principal;Lançamento de Receita;-1.122,6;665;Transferências de Convênios e outros Repasses vinculados à Assistência Social;"Não ";Não Aplicável
João Pessoa;609095;Fundo Municipal de Assistência Social de João Pessoa;112025;2025;13210101;Remuneração de Depósitos Bancários - Principal;Lançamento de Receita;26.123,99;660;Transferência de Recursos do Fundo Nacional de Assistência Social - FNAS;"Não ";Não Aplicável
João Pessoa;609095;Fundo Municipal de Assistência Social de João Pessoa;112025;2025;13210101;Remuneração de Depósitos Bancários - Principal;Lançamento de Receita;29.024,37;660;Transferência de Recursos do Fundo Nacional de Assistência Social - FNAS;3110;Identificação das Transferências da União decorrentes de emendas parlamentares individuais
João Pessoa;609095;Fundo Municipal de Assistência Social de João Pessoa;102025;2025;13210101;Remuneração de Depósitos Bancários - Principal;Lançamento de Receita;21.608,75;660;Transferência de Recursos do Fundo Nacional de Assistência Social - FNAS;3110;Identificação das Transferências da União decorrentes de emendas parlamentares individuais
João Pessoa;609095;Fundo Municipal de Assistência Social de João Pessoa;102025;2025;13210101;Remuneração de Depósitos Bancários - Principal;Lançamento de Receita;402,39;665;Transferências de Convênios e outros Repasses vinculados à Assistência Social;"Não ";Não Aplicável
João Pessoa;609095;Fundo Municipal de Assistência Social de João Pessoa;102025;2025;13210101;Remuneração de Depósitos Bancários - Principal;Lançamento de Receita;2.509,37;500;Recursos não vinculados de Impostos;"Não ";Não Aplicável
João Pessoa;609095;Fundo Municipal de Assistência Social de João Pessoa;102025;2025;13210101;Remuneração de Depósitos Bancários - Principal;Lançamento de Receita;17,45;706;"Transferência Especial da União ";3110;Identificação das Transferências da União decorrentes de emendas parlamentares individuais
João Pessoa;609095;Fundo Municipal de Assistência Social de João Pessoa;102025;2025;13210101;Remuneração de Depósitos Bancários - Principal;Lançamento de Receita;30.799,1;660;Transferência de Recursos do Fundo Nacional de Assistência Social - FNAS;"Não ";Não Aplicável
João Pessoa;609095;Fundo Municipal de Assistência Social de João Pessoa;092025;2025;13210101;Remuneração de Depósitos Bancários - Principal;Lançamento de Receita;460,87;665;Transferências de Convênios e outros Repasses vinculados à Assistência Social;"Não ";Não Aplicável
João Pessoa;609095;Fundo Municipal de Assistência Social de João Pessoa;092025;2025;13210101;Remuneração de Depósitos Bancários - Principal;Lançamento de Receita;3.918,27;500;Recursos não vinculados de Impostos;"Não ";Não Aplicável
João Pessoa;609095;Fundo Municipal de Assistência Social de João Pessoa;092025;2025;13210101;Remuneração de Depósitos Bancários - Principal;Lançamento de Receita;28.492,74;660;Transferência de Recursos do Fundo Nacional de Assistência Social - FNAS;"Não ";Não Aplicável
João Pessoa;609095;Fundo Municipal de Assistência Social de João Pessoa;082025;2025;13210101;Remuneração de Depósitos Bancários - Principal;Lançamento de Receita;23.776,93;660;Transferência de Recursos do Fundo Nacional de Assistência Social - FNAS;"Não ";Não Aplicável
João Pessoa;609095;Fundo Municipal de Assistência Social de João Pessoa;082025;2025;13210101;Remuneração de Depósitos Bancários - Principal;Lançamento de Receita;4.060,89;500;Recursos não vinculados de Impostos;"Não ";Não Aplicável
João Pessoa;609095;Fundo Municipal de Assistência Social de João Pessoa;082025;2025;13210101;Remuneração de Depósitos Bancários - Principal;Lançamento de Receita;1.310,06;665;Transferências de Convênios e outros Repasses vinculados à Assistência Social;"Não ";Não Aplicável
João Pessoa;609095;Fundo Municipal de Assistência Social de João Pessoa;072025;2025;13210101;Remuneração de Depósitos Bancários - Principal;Lançamento de Receita;32.473,53;660;Transferência de Recursos do Fundo Nacional de Assistência Social - FNAS;"Não ";Não Aplicável
João Pessoa;609095;Fundo Municipal de Assistência Social de João Pessoa;072025;2025;13210101;Remuneração de Depósitos Bancários - Principal;Lançamento de Receita;3.549,72;500;Recursos não vinculados de Impostos;"Não ";Não Aplicável
João Pessoa;609095;Fundo Municipal de Assistência Social de João Pessoa;072025;2025;13210101;Remuneração de Depósitos Bancários - Principal;Lançamento de Receita;2.817,33;665;Transferências de Convênios e outros Repasses vinculados à Assistência Social;"Não ";Não Aplicável
João Pessoa;609095;Fundo Municipal de Assistência Social de João Pessoa;062025;2025;13210101;Remuneração de Depósitos Bancários - Principal;Lançamento de Receita;19.507,37;660;Transferência de Recursos do Fundo Nacional de Assistência Social - FNAS;"Não ";Não Aplicável
João Pessoa;609095;Fundo Municipal de Assistência Social de João Pessoa;062025;2025;13210101;Remuneração de Depósitos Bancários - Principal;Lançamento de Receita;4.972,33;665;Transferências de Convênios e outros Repasses vinculados à Assistência Social;"Não ";Não Aplicável
João Pessoa;609095;Fundo Municipal de Assistência Social de João Pessoa;062025;2025;13210101;Remuneração de Depósitos Bancários - Principal;Lançamento de Receita;7.627,9;500;Recursos não vinculados de Impostos;"Não ";Não Aplicável
João Pessoa;609095;Fundo Municipal de Assistência Social de João Pessoa;052025;2025;13210101;Remuneração de Depósitos Bancários - Principal;Lançamento de Receita;5.024,16;500;Recursos não vinculados de Impostos;"Não ";Não Aplicável
João Pessoa;609095;Fundo Municipal de Assistência Social de João Pessoa;052025;2025;13210101;Remuneração de Depósitos Bancários - Principal;Lançamento de Receita;27.427,17;660;Transferência de Recursos do Fundo Nacional de Assistência Social - FNAS;"Não ";Não Aplicável
João Pessoa;609095;Fundo Municipal de Assistência Social de João Pessoa;042025;2025;13210101;Remuneração de Depósitos Bancários - Principal;Lançamento de Receita;30.576,34;660;Transferência de Recursos do Fundo Nacional de Assistência Social - FNAS;"Não ";Não Aplicável
João Pessoa;609095;Fundo Municipal de Assistência Social de João Pessoa;042025;2025;13210101;Remuneração de Depósitos Bancários - Principal;Lançamento de Receita;1.236,91;500;Recursos não vinculados de Impostos;"Não ";Não Aplicável
João Pessoa;609095;Fundo Municipal de Assistência Social de João Pessoa;032025;2025;13210101;Remuneração de Depósitos Bancários - Principal;Lançamento de Receita;16.319,17;660;Transferência de Recursos do Fundo Nacional de Assistência Social - FNAS;3120;Identificação das Transferências da União decorrentes de emendas parlamentares de bancada
João Pessoa;609095;Fundo Municipal de Assistência Social de João Pessoa;032025;2025;13210101;Remuneração de Depósitos Bancários - Principal;Lançamento de Receita;1.302,11;665;Transferências de Convênios e outros Repasses vinculados à Assistência Social;"Não ";Não Aplicável
João Pessoa;609095;Fundo Municipal de Assistência Social de João Pessoa;032025;2025;13210101;Remuneração de Depósitos Bancários - Principal;Lançamento de Receita;25.710,74;660;Transferência de Recursos do Fundo Nacional de Assistência Social - FNAS;"Não ";Não Aplicável
João Pessoa;609095;Fundo Municipal de Assistência Social de João Pessoa;032025;2025;13210101;Remuneração de Depósitos Bancários - Principal;Lançamento de Receita;10.390,84;660;Transferência de Recursos do Fundo Nacional de Assistência Social - FNAS;3110;Identificação das Transferências da União decorrentes de emendas parlamentares individuais
João Pessoa;609095;Fundo Municipal de Assistência Social de João Pessoa;032025;2025;13210101;Remuneração de Depósitos Bancários - Principal;Lançamento de Receita;12,16;706;"Transferência Especial da União ";3110;Identificação das Transferências da União decorrentes de emendas parlamentares individuais
João Pessoa;609095;Fundo Municipal de Assistência Social de João Pessoa;032025;2025;13210101;Remuneração de Depósitos Bancários - Principal;Lançamento de Receita;1.998,35;500;Recursos não vinculados de Impostos;"Não ";Não Aplicável
João Pessoa;609095;Fundo Municipal de Assistência Social de João Pessoa;022025;2025;13210101;Remuneração de Depósitos Bancários - Principal;Lançamento de Receita;17.269,22;660;Transferência de Recursos do Fundo Nacional de Assistência Social - FNAS;"Não ";Não Aplicável
João Pessoa;609095;Fundo Municipal de Assistência Social de João Pessoa;022025;2025;13210101;Remuneração de Depósitos Bancários - Principal;Lançamento de Receita;12,05;706;"Transferência Especial da União ";3110;Identificação das Transferências da União decorrentes de emendas parlamentares individuais
João Pessoa;609095;Fundo Municipal de Assistência Social de João Pessoa;022025;2025;13210101;Remuneração de Depósitos Bancários - Principal;Lançamento de Receita;1.093,18;665;Transferências de Convênios e outros Repasses vinculados à Assistência Social;"Não ";Não Aplicável
João Pessoa;609095;Fundo Municipal de Assistência Social de João Pessoa;022025;2025;13210101;Remuneração de Depósitos Bancários - Principal;Lançamento de Receita;8.138,23;660;Transferência de Recursos do Fundo Nacional de Assistência Social - FNAS;3120;Identificação das Transferências da União decorrentes de emendas parlamentares de bancada
João Pessoa;609095;Fundo Municipal de Assistência Social de João Pessoa;022025;2025;13210101;Remuneração de Depósitos Bancários - Principal;Lançamento de Receita;844,7;500;Recursos não vinculados de Impostos;"Não ";Não Aplicável
João Pessoa;609095;Fundo Municipal de Assistência Social de João Pessoa;022025;2025;13210101;Remuneração de Depósitos Bancários - Principal;Lançamento de Receita;5.163,02;660;Transferência de Recursos do Fundo Nacional de Assistência Social - FNAS;3110;Identificação das Transferências da União decorrentes de emendas parlamentares individuais
João Pessoa;610095;Fundo Municipal de Saúde de João Pessoa;122025;2025;24145001;Transferências de Convênios da União para o Sistema Único de Saúde – SUS - Principal;Lançamento de Receita;1.800.000;631;"Transferências do Governo Federal referentes a Convênios e outros Repasses vinculados à Saúde ";"Não ";Não Aplicável
João Pessoa;610095;Fundo Municipal de Saúde de João Pessoa;122025;2025;24115121;Transferências de Recursos do Bloco de Estruturação da Rede de Serviços Públicos de Saúde - Atenção Especializada - Principal;Lançamento de Receita;-900.000;631;"Transferências do Governo Federal referentes a Convênios e outros Repasses vinculados à Saúde ";"Não ";Não Aplicável
João Pessoa;610095;Fundo Municipal de Saúde de João Pessoa;112025;2025;24115121;Transferências de Recursos do Bloco de Estruturação da Rede de Serviços Públicos de Saúde - Atenção Especializada - Principal;Lançamento de Receita;900.000;631;"Transferências do Governo Federal referentes a Convênios e outros Repasses vinculados à Saúde ";"Não ";Não Aplicável
João Pessoa;610095;Fundo Municipal de Saúde de João Pessoa;112025;2025;24115121;Transferências de Recursos do Bloco de Estruturação da Rede de Serviços Públicos de Saúde - Atenção Especializada - Principal;Lançamento de Receita;-900.000;600;Transferências Fundo a Fundo de Recursos do SUS provenientes do Governo Federal - Bloco de Manutenção das Ações e Serviços Públicos de Saúde;3110;Identificação das Transferências da União decorrentes de emendas parlamentares individuais
João Pessoa;610095;Fundo Municipal de Saúde de João Pessoa;052025;2025;24115121;Transferências de Recursos do Bloco de Estruturação da Rede de Serviços Públicos de Saúde - Atenção Especializada - Principal;Lançamento de Receita;979.028;600;Transferências Fundo a Fundo de Recursos do SUS provenientes do Governo Federal - Bloco de Manutenção das Ações e Serviços Públicos de Saúde;3110;Identificação das Transferências da União decorrentes de emendas parlamentares individuais
João Pessoa;610095;Fundo Municipal de Saúde de João Pessoa;032025;2025;24115121;Transferências de Recursos do Bloco de Estruturação da Rede de Serviços Públicos de Saúde - Atenção Especializada - Principal;Lançamento de Receita;1.632.156;601;Transferências Fundo a Fundo de Recursos do SUS provenientes do Governo Federal - Bloco de Estruturação da Rede de Serviços Públicos de Saúde;3120;Identificação das Transferências da União decorrentes de emendas parlamentares de bancada
João Pessoa;610095;Fundo Municipal de Saúde de João Pessoa;022025;2025;24115121;Transferências de Recursos do Bloco de Estruturação da Rede de Serviços Públicos de Saúde - Atenção Especializada - Principal;Lançamento de Receita;367.843;601;Transferências Fundo a Fundo de Recursos do SUS provenientes do Governo Federal - Bloco de Estruturação da Rede de Serviços Públicos de Saúde;3120;Identificação das Transferências da União decorrentes de emendas parlamentares de bancada
João Pessoa;610095;Fundo Municipal de Saúde de João Pessoa;112025;2025;24115111;Transferências de Recursos do Bloco de Estruturação da Rede de Serviços Públicos de Saúde - Atenção Primária - Principal;Lançamento de Receita;2.049.358;601;Transferências Fundo a Fundo de Recursos do SUS provenientes do Governo Federal - Bloco de Estruturação da Rede de Serviços Públicos de Saúde;3120;Identificação das Transferências da União decorrentes de emendas parlamentares de bancada
João Pessoa;610095;Fundo Municipal de Saúde de João Pessoa;122025;2025;19999921;Outras Receitas Não Arrecadadas e Não Projetadas pela RFB - Primárias   - Principal;Lançamento de Receita;8.209,7;659;"Outros Recursos Vinculados à Saúde ";"Não ";Não Aplicável
João Pessoa;610095;Fundo Municipal de Saúde de João Pessoa;122025;2025;19999921;Outras Receitas Não Arrecadadas e Não Projetadas pela RFB - Primárias   - Principal;Lançamento de Receita;5.210,98;600;Transferências Fundo a Fundo de Recursos do SUS provenientes do Governo Federal - Bloco de Manutenção das Ações e Serviços Públicos de Saúde;"Não ";Não Aplicável
João Pessoa;610095;Fundo Municipal de Saúde de João Pessoa;122025;2025;19999921;Outras Receitas Não Arrecadadas e Não Projetadas pela RFB - Primárias   - Principal;Lançamento de Receita;3.600,65;500;Recursos não vinculados de Impostos;1002;Identificação das despesas com ações e serviços públicos de saúde
João Pessoa;610095;Fundo Municipal de Saúde de João Pessoa;112025;2025;19999921;Outras Receitas Não Arrecadadas e Não Projetadas pela RFB - Primárias   - Principal;Lançamento de Receita;7.694,42;600;Transferências Fundo a Fundo de Recursos do SUS provenientes do Governo Federal - Bloco de Manutenção das Ações e Serviços Públicos de Saúde;"Não ";Não Aplicável
João Pessoa;610095;Fundo Municipal de Saúde de João Pessoa;112025;2025;19999921;Outras Receitas Não Arrecadadas e Não Projetadas pela RFB - Primárias   - Principal;Lançamento de Receita;16.845,01;659;"Outros Recursos Vinculados à Saúde ";"Não ";Não Aplicável
João Pessoa;610095;Fundo Municipal de Saúde de João Pessoa;112025;2025;19999921;Outras Receitas Não Arrecadadas e Não Projetadas pela RFB - Primárias   - Principal;Lançamento de Receita;3.925,4;500;Recursos não vinculados de Impostos;1002;Identificação das despesas com ações e serviços públicos de saúde
João Pessoa;610095;Fundo Municipal de Saúde de João Pessoa;112025;2025;19999921;Outras Receitas Não Arrecadadas e Não Projetadas pela RFB - Primárias   - Principal;Lançamento de Receita;387,65;501;Outros Recursos não Vinculados;"Não ";Não Aplicável
João Pessoa;610095;Fundo Municipal de Saúde de João Pessoa;102025;2025;19999921;Outras Receitas Não Arrecadadas e Não Projetadas pela RFB - Primárias   - Principal;Lançamento de Receita;16.477,68;600;Transferências Fundo a Fundo de Recursos do SUS provenientes do Governo Federal - Bloco de Manutenção das Ações e Serviços Públicos de Saúde;"Não ";Não Aplicável
João Pessoa;610095;Fundo Municipal de Saúde de João Pessoa;102025;2025;19999921;Outras Receitas Não Arrecadadas e Não Projetadas pela RFB - Primárias   - Principal;Lançamento de Receita;680.142,41;659;"Outros Recursos Vinculados à Saúde ";"Não ";Não Aplicável
João Pessoa;610095;Fundo Municipal de Saúde de João Pessoa;102025;2025;19999921;Outras Receitas Não Arrecadadas e Não Projetadas pela RFB - Primárias   - Principal;Lançamento de Receita;12.056,75;500;Recursos não vinculados de Impostos;1002;Identificação das despesas com ações e serviços públicos de saúde
João Pessoa;610095;Fundo Municipal de Saúde de João Pessoa;092025;2025;19999921;Outras Receitas Não Arrecadadas e Não Projetadas pela RFB - Primárias   - Principal;Lançamento de Receita;66.563,55;659;"Outros Recursos Vinculados à Saúde ";"Não ";Não Aplicável
João Pessoa;610095;Fundo Municipal de Saúde de João Pessoa;092025;2025;19999921;Outras Receitas Não Arrecadadas e Não Projetadas pela RFB - Primárias   - Principal;Lançamento de Receita;1.213,02;501;Outros Recursos não Vinculados;"Não ";Não Aplicável
João Pessoa;610095;Fundo Municipal de Saúde de João Pessoa;092025;2025;19999921;Outras Receitas Não Arrecadadas e Não Projetadas pela RFB - Primárias   - Principal;Lançamento de Receita;15.455,31;600;Transferências Fundo a Fundo de Recursos do SUS provenientes do Governo Federal - Bloco de Manutenção das Ações e Serviços Públicos de Saúde;"Não ";Não Aplicável
João Pessoa;610095;Fundo Municipal de Saúde de João Pessoa;092025;2025;19999921;Outras Receitas Não Arrecadadas e Não Projetadas pela RFB - Primárias   - Principal;Lançamento de Receita;3.542,01;500;Recursos não vinculados de Impostos;1002;Identificação das despesas com ações e serviços públicos de saúde
João Pessoa;610095;Fundo Municipal de Saúde de João Pessoa;082025;2025;19999921;Outras Receitas Não Arrecadadas e Não Projetadas pela RFB - Primárias   - Principal;Lançamento de Receita;0;500;Recursos não vinculados de Impostos;1002;Identificação das despesas com ações e serviços públicos de saúde
João Pessoa;610095;Fundo Municipal de Saúde de João Pessoa;082025;2025;19999921;Outras Receitas Não Arrecadadas e Não Projetadas pela RFB - Primárias   - Principal;Lançamento de Receita;15.182,14;659;"Outros Recursos Vinculados à Saúde ";"Não ";Não Aplicável
João Pessoa;610095;Fundo Municipal de Saúde de João Pessoa;082025;2025;19999921;Outras Receitas Não Arrecadadas e Não Projetadas pela RFB - Primárias   - Principal;Lançamento de Receita;0;600;Transferências Fundo a Fundo de Recursos do SUS provenientes do Governo Federal - Bloco de Manutenção das Ações e Serviços Públicos de Saúde;"Não ";Não Aplicável
João Pessoa;610095;Fundo Municipal de Saúde de João Pessoa;082025;2025;19999921;Outras Receitas Não Arrecadadas e Não Projetadas pela RFB - Primárias   - Principal;Lançamento de Receita;0;501;Outros Recursos não Vinculados;"Não ";Não Aplicável
João Pessoa;610095;Fundo Municipal de Saúde de João Pessoa;072025;2025;19999921;Outras Receitas Não Arrecadadas e Não Projetadas pela RFB - Primárias   - Principal;Lançamento de Receita;1.396,23;621;"Transferências Fundo a Fundo de Recursos do SUS provenientes do Governo Estadual ";"Não ";Não Aplicável
João Pessoa;610095;Fundo Municipal de Saúde de João Pessoa;072025;2025;19999921;Outras Receitas Não Arrecadadas e Não Projetadas pela RFB - Primárias   - Principal;Lançamento de Receita;4.571,17;500;Recursos não vinculados de Impostos;1002;Identificação das despesas com ações e serviços públicos de saúde
João Pessoa;610095;Fundo Municipal de Saúde de João Pessoa;072025;2025;19999921;Outras Receitas Não Arrecadadas e Não Projetadas pela RFB - Primárias   - Principal;Lançamento de Receita;1.354,4;604;Transferências provenientes do Governo Federal destinadas ao vencimento dos agentes comunitários de saúde e dos agentes de combate às endemias;"Não ";Não Aplicável
João Pessoa;610095;Fundo Municipal de Saúde de João Pessoa;072025;2025;19999921;Outras Receitas Não Arrecadadas e Não Projetadas pela RFB - Primárias   - Principal;Lançamento de Receita;6.970,91;600;Transferências Fundo a Fundo de Recursos do SUS provenientes do Governo Federal - Bloco de Manutenção das Ações e Serviços Públicos de Saúde;"Não ";Não Aplicável
João Pessoa;610095;Fundo Municipal de Saúde de João Pessoa;072025;2025;19999921;Outras Receitas Não Arrecadadas e Não Projetadas pela RFB - Primárias   - Principal;Lançamento de Receita;38.203,73;659;"Outros Recursos Vinculados à Saúde ";"Não ";Não Aplicável
João Pessoa;610095;Fundo Municipal de Saúde de João Pessoa;062025;2025;19999921;Outras Receitas Não Arrecadadas e Não Projetadas pela RFB - Primárias   - Principal;Lançamento de Receita;1.496,78;500;Recursos não vinculados de Impostos;1002;Identificação das despesas com ações e serviços públicos de saúde
João Pessoa;610095;Fundo Municipal de Saúde de João Pessoa;062025;2025;19999921;Outras Receitas Não Arrecadadas e Não Projetadas pela RFB - Primárias   - Principal;Lançamento de Receita;36.870,56;600;Transferências Fundo a Fundo de Recursos do SUS provenientes do Governo Federal - Bloco de Manutenção das Ações e Serviços Públicos de Saúde;"Não ";Não Aplicável
João Pessoa;610095;Fundo Municipal de Saúde de João Pessoa;062025;2025;19999921;Outras Receitas Não Arrecadadas e Não Projetadas pela RFB - Primárias   - Principal;Lançamento de Receita;201.451,81;659;"Outros Recursos Vinculados à Saúde ";"Não ";Não Aplicável
João Pessoa;610095;Fundo Municipal de Saúde de João Pessoa;052025;2025;19999921;Outras Receitas Não Arrecadadas e Não Projetadas pela RFB - Primárias   - Principal;Lançamento de Receita;31.635,12;500;Recursos não vinculados de Impostos;1002;Identificação das despesas com ações e serviços públicos de saúde
João Pessoa;610095;Fundo Municipal de Saúde de João Pessoa;052025;2025;19999921;Outras Receitas Não Arrecadadas e Não Projetadas pela RFB - Primárias   - Principal;Lançamento de Receita;7.304,11;600;Transferências Fundo a Fundo de Recursos do SUS provenientes do Governo Federal - Bloco de Manutenção das Ações e Serviços Públicos de Saúde;"Não ";Não Aplicável
João Pessoa;610095;Fundo Municipal de Saúde de João Pessoa;052025;2025;19999921;Outras Receitas Não Arrecadadas e Não Projetadas pela RFB - Primárias   - Principal;Lançamento de Receita;62.265,58;659;"Outros Recursos Vinculados à Saúde ";"Não ";Não Aplicável
João Pessoa;610095;Fundo Municipal de Saúde de João Pessoa;042025;2025;19999921;Outras Receitas Não Arrecadadas e Não Projetadas pela RFB - Primárias   - Principal;Lançamento de Receita;6.877,51;500;Recursos não vinculados de Impostos;1002;Identificação das despesas com ações e serviços públicos de saúde
João Pessoa;610095;Fundo Municipal de Saúde de João Pessoa;042025;2025;19999921;Outras Receitas Não Arrecadadas e Não Projetadas pela RFB - Primárias   - Principal;Lançamento de Receita;23.191,74;600;Transferências Fundo a Fundo de Recursos do SUS provenientes do Governo Federal - Bloco de Manutenção das Ações e Serviços Públicos de Saúde;"Não ";Não Aplicável
João Pessoa;610095;Fundo Municipal de Saúde de João Pessoa;042025;2025;19999921;Outras Receitas Não Arrecadadas e Não Projetadas pela RFB - Primárias   - Principal;Lançamento de Receita;42.011,27;659;"Outros Recursos Vinculados à Saúde ";"Não ";Não Aplicável
João Pessoa;610095;Fundo Municipal de Saúde de João Pessoa;032025;2025;19999921;Outras Receitas Não Arrecadadas e Não Projetadas pela RFB - Primárias   - Principal;Lançamento de Receita;2.202,05;500;Recursos não vinculados de Impostos;1002;Identificação das despesas com ações e serviços públicos de saúde
João Pessoa;610095;Fundo Municipal de Saúde de João Pessoa;032025;2025;19999921;Outras Receitas Não Arrecadadas e Não Projetadas pela RFB - Primárias   - Principal;Lançamento de Receita;55.591,23;659;"Outros Recursos Vinculados à Saúde ";"Não ";Não Aplicável
João Pessoa;610095;Fundo Municipal de Saúde de João Pessoa;022025;2025;19999921;Outras Receitas Não Arrecadadas e Não Projetadas pela RFB - Primárias   - Principal;Lançamento de Receita;365,69;501;Outros Recursos não Vinculados;"Não ";Não Aplicável
João Pessoa;610095;Fundo Municipal de Saúde de João Pessoa;022025;2025;19999921;Outras Receitas Não Arrecadadas e Não Projetadas pela RFB - Primárias   - Principal;Lançamento de Receita;25.073,87;659;"Outros Recursos Vinculados à Saúde ";"Não ";Não Aplicável
João Pessoa;610095;Fundo Municipal de Saúde de João Pessoa;022025;2025;19999921;Outras Receitas Não Arrecadadas e Não Projetadas pela RFB - Primárias   - Principal;Lançamento de Receita;38.125,72;500;Recursos não vinculados de Impostos;1002;Identificação das despesas com ações e serviços públicos de saúde
João Pessoa;610095;Fundo Municipal de Saúde de João Pessoa;012025;2025;19999921;Outras Receitas Não Arrecadadas e Não Projetadas pela RFB - Primárias   - Principal;Lançamento de Receita;39.830,63;500;Recursos não vinculados de Impostos;1002;Identificação das despesas com ações e serviços públicos de saúde
João Pessoa;610095;Fundo Municipal de Saúde de João Pessoa;012025;2025;19999921;Outras Receitas Não Arrecadadas e Não Projetadas pela RFB - Primárias   - Principal;Lançamento de Receita;2.710;659;"Outros Recursos Vinculados à Saúde ";"Não ";Não Aplicável
João Pessoa;610095;Fundo Municipal de Saúde de João Pessoa;122025;2025;19229901;Outras Restituições - Principal;Lançamento de Receita;6.760,32;600;Transferências Fundo a Fundo de Recursos do SUS provenientes do Governo Federal - Bloco de Manutenção das Ações e Serviços Públicos de Saúde;"Não ";Não Aplicável
João Pessoa;610095;Fundo Municipal de Saúde de João Pessoa;122025;2025;19229901;Outras Restituições - Principal;Lançamento de Receita;44.217,63;500;Recursos não vinculados de Impostos;1002;Identificação das despesas com ações e serviços públicos de saúde
João Pessoa;610095;Fundo Municipal de Saúde de João Pessoa;112025;2025;19229901;Outras Restituições - Principal;Lançamento de Receita;1.282,76;600;Transferências Fundo a Fundo de Recursos do SUS provenientes do Governo Federal - Bloco de Manutenção das Ações e Serviços Públicos de Saúde;"Não ";Não Aplicável
João Pessoa;610095;Fundo Municipal de Saúde de João Pessoa;112025;2025;19229901;Outras Restituições - Principal;Lançamento de Receita;52.112,75;500;Recursos não vinculados de Impostos;1002;Identificação das despesas com ações e serviços públicos de saúde
João Pessoa;610095;Fundo Municipal de Saúde de João Pessoa;102025;2025;19229901;Outras Restituições - Principal;Lançamento de Receita;94.340,49;500;Recursos não vinculados de Impostos;1002;Identificação das despesas com ações e serviços públicos de saúde
João Pessoa;610095;Fundo Municipal de Saúde de João Pessoa;102025;2025;19229901;Outras Restituições - Principal;Lançamento de Receita;1.282,76;600;Transferências Fundo a Fundo de Recursos do SUS provenientes do Governo Federal - Bloco de Manutenção das Ações e Serviços Públicos de Saúde;"Não ";Não Aplicável
João Pessoa;610095;Fundo Municipal de Saúde de João Pessoa;092025;2025;19229901;Outras Restituições - Principal;Lançamento de Receita;40.742,26;500;Recursos não vinculados de Impostos;1002;Identificação das despesas com ações e serviços públicos de saúde
João Pessoa;610095;Fundo Municipal de Saúde de João Pessoa;092025;2025;19229901;Outras Restituições - Principal;Lançamento de Receita;20.482,14;600;Transferências Fundo a Fundo de Recursos do SUS provenientes do Governo Federal - Bloco de Manutenção das Ações e Serviços Públicos de Saúde;"Não ";Não Aplicável
João Pessoa;610095;Fundo Municipal de Saúde de João Pessoa;082025;2025;19229901;Outras Restituições - Principal;Lançamento de Receita;6.957,52;600;Transferências Fundo a Fundo de Recursos do SUS provenientes do Governo Federal - Bloco de Manutenção das Ações e Serviços Públicos de Saúde;"Não ";Não Aplicável
João Pessoa;610095;Fundo Municipal de Saúde de João Pessoa;082025;2025;19229901;Outras Restituições - Principal;Lançamento de Receita;50.630,36;500;Recursos não vinculados de Impostos;1002;Identificação das despesas com ações e serviços públicos de saúde
João Pessoa;610095;Fundo Municipal de Saúde de João Pessoa;072025;2025;19229901;Outras Restituições - Principal;Lançamento de Receita;52.199,63;500;Recursos não vinculados de Impostos;1002;Identificação das despesas com ações e serviços públicos de saúde
João Pessoa;610095;Fundo Municipal de Saúde de João Pessoa;072025;2025;19229901;Outras Restituições - Principal;Lançamento de Receita;-19.944,38;600;Transferências Fundo a Fundo de Recursos do SUS provenientes do Governo Federal - Bloco de Manutenção das Ações e Serviços Públicos de Saúde;"Não ";Não Aplicável
João Pessoa;610095;Fundo Municipal de Saúde de João Pessoa;062025;2025;19229901;Outras Restituições - Principal;Lançamento de Receita;79.831,74;500;Recursos não vinculados de Impostos;1002;Identificação das despesas com ações e serviços públicos de saúde
João Pessoa;610095;Fundo Municipal de Saúde de João Pessoa;062025;2025;19229901;Outras Restituições - Principal;Lançamento de Receita;-70.133,8;500;Recursos não vinculados de Impostos;"Não ";Não Aplicável
João Pessoa;610095;Fundo Municipal de Saúde de João Pessoa;062025;2025;19229901;Outras Restituições - Principal;Lançamento de Receita;34.171,31;600;Transferências Fundo a Fundo de Recursos do SUS provenientes do Governo Federal - Bloco de Manutenção das Ações e Serviços Públicos de Saúde;"Não ";Não Aplicável
João Pessoa;610095;Fundo Municipal de Saúde de João Pessoa;052025;2025;19229901;Outras Restituições - Principal;Lançamento de Receita;70.133,8;500;Recursos não vinculados de Impostos;"Não ";Não Aplicável
João Pessoa;610095;Fundo Municipal de Saúde de João Pessoa;052025;2025;19229901;Outras Restituições - Principal;Lançamento de Receita;15.363,76;500;Recursos não vinculados de Impostos;1002;Identificação das despesas com ações e serviços públicos de saúde
João Pessoa;610095;Fundo Municipal de Saúde de João Pessoa;042025;2025;19229901;Outras Restituições - Principal;Lançamento de Receita;8.497,94;500;Recursos não vinculados de Impostos;1002;Identificação das despesas com ações e serviços públicos de saúde
João Pessoa;610095;Fundo Municipal de Saúde de João Pessoa;042025;2025;19229901;Outras Restituições - Principal;Lançamento de Receita;52.725,9;600;Transferências Fundo a Fundo de Recursos do SUS provenientes do Governo Federal - Bloco de Manutenção das Ações e Serviços Públicos de Saúde;"Não ";Não Aplicável
João Pessoa;610095;Fundo Municipal de Saúde de João Pessoa;032025;2025;19229901;Outras Restituições - Principal;Lançamento de Receita;9.185,52;500;Recursos não vinculados de Impostos;1002;Identificação das despesas com ações e serviços públicos de saúde
João Pessoa;610095;Fundo Municipal de Saúde de João Pessoa;022025;2025;19229901;Outras Restituições - Principal;Lançamento de Receita;8.497,95;500;Recursos não vinculados de Impostos;1002;Identificação das despesas com ações e serviços públicos de saúde
João Pessoa;610095;Fundo Municipal de Saúde de João Pessoa;022025;2025;19229901;Outras Restituições - Principal;Lançamento de Receita;32.312,23;600;Transferências Fundo a Fundo de Recursos do SUS provenientes do Governo Federal - Bloco de Manutenção das Ações e Serviços Públicos de Saúde;"Não ";Não Aplicável
João Pessoa;610095;Fundo Municipal de Saúde de João Pessoa;012025;2025;19229901;Outras Restituições - Principal;Lançamento de Receita;16.748,92;500;Recursos não vinculados de Impostos;1002;Identificação das despesas com ações e serviços públicos de saúde
João Pessoa;610095;Fundo Municipal de Saúde de João Pessoa;122025;2025;17235001;Transferências de Recursos do Sistema Único de Saúde – SUS - Principal;Lançamento de Receita;521.927,94;621;"Transferências Fundo a Fundo de Recursos do SUS provenientes do Governo Estadual ";"Não ";Não Aplicável
João Pessoa;610095;Fundo Municipal de Saúde de João Pessoa;112025;2025;17235001;Transferências de Recursos do Sistema Único de Saúde – SUS - Principal;Lançamento de Receita;521.927,94;621;"Transferências Fundo a Fundo de Recursos do SUS provenientes do Governo Estadual ";"Não ";Não Aplicável
João Pessoa;610095;Fundo Municipal de Saúde de João Pessoa;102025;2025;17235001;Transferências de Recursos do Sistema Único de Saúde – SUS - Principal;Lançamento de Receita;1.043.855,88;621;"Transferências Fundo a Fundo de Recursos do SUS provenientes do Governo Estadual ";"Não ";Não Aplicável
João Pessoa;610095;Fundo Municipal de Saúde de João Pessoa;082025;2025;17235001;Transferências de Recursos do Sistema Único de Saúde – SUS - Principal;Lançamento de Receita;521.927,94;621;"Transferências Fundo a Fundo de Recursos do SUS provenientes do Governo Estadual ";"Não ";Não Aplicável
João Pessoa;610095;Fundo Municipal de Saúde de João Pessoa;072025;2025;17235001;Transferências de Recursos do Sistema Único de Saúde – SUS - Principal;Lançamento de Receita;521.927,94;621;"Transferências Fundo a Fundo de Recursos do SUS provenientes do Governo Estadual ";"Não ";Não Aplicável
João Pessoa;610095;Fundo Municipal de Saúde de João Pessoa;062025;2025;17235001;Transferências de Recursos do Sistema Único de Saúde – SUS - Principal;Lançamento de Receita;521.927,94;621;"Transferências Fundo a Fundo de Recursos do SUS provenientes do Governo Estadual ";"Não ";Não Aplicável
João Pessoa;610095;Fundo Municipal de Saúde de João Pessoa;052025;2025;17235001;Transferências de Recursos do Sistema Único de Saúde – SUS - Principal;Lançamento de Receita;521.927,94;621;"Transferências Fundo a Fundo de Recursos do SUS provenientes do Governo Estadual ";"Não ";Não Aplicável
João Pessoa;610095;Fundo Municipal de Saúde de João Pessoa;042025;2025;17235001;Transferências de Recursos do Sistema Único de Saúde – SUS - Principal;Lançamento de Receita;521.927,94;621;"Transferências Fundo a Fundo de Recursos do SUS provenientes do Governo Estadual ";"Não ";Não Aplicável
João Pessoa;610095;Fundo Municipal de Saúde de João Pessoa;032025;2025;17235001;Transferências de Recursos do Sistema Único de Saúde – SUS - Principal;Lançamento de Receita;521.927,94;621;"Transferências Fundo a Fundo de Recursos do SUS provenientes do Governo Estadual ";"Não ";Não Aplicável
João Pessoa;610095;Fundo Municipal de Saúde de João Pessoa;022025;2025;17235001;Transferências de Recursos do Sistema Único de Saúde – SUS - Principal;Lançamento de Receita;521.927,94;621;"Transferências Fundo a Fundo de Recursos do SUS provenientes do Governo Estadual ";"Não ";Não Aplicável
João Pessoa;610095;Fundo Municipal de Saúde de João Pessoa;012025;2025;17235001;Transferências de Recursos do Sistema Único de Saúde – SUS - Principal;Lançamento de Receita;521.927,94;621;"Transferências Fundo a Fundo de Recursos do SUS provenientes do Governo Estadual ";"Não ";Não Aplicável
João Pessoa;610095;Fundo Municipal de Saúde de João Pessoa;122025;2025;17135051;Transferências de Recursos do Bloco de Manutenção das Ações e Serviços Públicos de Saúde – Gestão do SUS - Principal;Lançamento de Receita;15.081.487,9;605;Assistência financeira da União destinada à complementação ao pagamento dos pisos salariais para profissionais da enfermagem;"Não ";Não Aplicável
João Pessoa;610095;Fundo Municipal de Saúde de João Pessoa;112025;2025;17135051;Transferências de Recursos do Bloco de Manutenção das Ações e Serviços Públicos de Saúde – Gestão do SUS - Principal;Lançamento de Receita;5.092.035,72;605;Assistência financeira da União destinada à complementação ao pagamento dos pisos salariais para profissionais da enfermagem;"Não ";Não Aplicável
João Pessoa;610095;Fundo Municipal de Saúde de João Pessoa;102025;2025;17135051;Transferências de Recursos do Bloco de Manutenção das Ações e Serviços Públicos de Saúde – Gestão do SUS - Principal;Lançamento de Receita;4.882.084,24;605;Assistência financeira da União destinada à complementação ao pagamento dos pisos salariais para profissionais da enfermagem;"Não ";Não Aplicável
João Pessoa;610095;Fundo Municipal de Saúde de João Pessoa;082025;2025;17135051;Transferências de Recursos do Bloco de Manutenção das Ações e Serviços Públicos de Saúde – Gestão do SUS - Principal;Lançamento de Receita;4.855.359,85;605;Assistência financeira da União destinada à complementação ao pagamento dos pisos salariais para profissionais da enfermagem;"Não ";Não Aplicável
João Pessoa;610095;Fundo Municipal de Saúde de João Pessoa;072025;2025;17135051;Transferências de Recursos do Bloco de Manutenção das Ações e Serviços Públicos de Saúde – Gestão do SUS - Principal;Lançamento de Receita;9.492.195,64;605;Assistência financeira da União destinada à complementação ao pagamento dos pisos salariais para profissionais da enfermagem;"Não ";Não Aplicável
João Pessoa;610095;Fundo Municipal de Saúde de João Pessoa;062025;2025;17135051;Transferências de Recursos do Bloco de Manutenção das Ações e Serviços Públicos de Saúde – Gestão do SUS - Principal;Lançamento de Receita;4.725.912,42;605;Assistência financeira da União destinada à complementação ao pagamento dos pisos salariais para profissionais da enfermagem;"Não ";Não Aplicável
João Pessoa;610095;Fundo Municipal de Saúde de João Pessoa;052025;2025;17135051;Transferências de Recursos do Bloco de Manutenção das Ações e Serviços Públicos de Saúde – Gestão do SUS - Principal;Lançamento de Receita;4.703.614,19;605;Assistência financeira da União destinada à complementação ao pagamento dos pisos salariais para profissionais da enfermagem;"Não ";Não Aplicável
João Pessoa;610095;Fundo Municipal de Saúde de João Pessoa;042025;2025;17135051;Transferências de Recursos do Bloco de Manutenção das Ações e Serviços Públicos de Saúde – Gestão do SUS - Principal;Lançamento de Receita;4.790.278,71;605;Assistência financeira da União destinada à complementação ao pagamento dos pisos salariais para profissionais da enfermagem;"Não ";Não Aplicável
João Pessoa;610095;Fundo Municipal de Saúde de João Pessoa;032025;2025;17135051;Transferências de Recursos do Bloco de Manutenção das Ações e Serviços Públicos de Saúde – Gestão do SUS - Principal;Lançamento de Receita;4.719.642,03;605;Assistência financeira da União destinada à complementação ao pagamento dos pisos salariais para profissionais da enfermagem;"Não ";Não Aplicável
João Pessoa;610095;Fundo Municipal de Saúde de João Pessoa;022025;2025;17135051;Transferências de Recursos do Bloco de Manutenção das Ações e Serviços Públicos de Saúde – Gestão do SUS - Principal;Lançamento de Receita;4.788.939,7;605;Assistência financeira da União destinada à complementação ao pagamento dos pisos salariais para profissionais da enfermagem;"Não ";Não Aplicável
João Pessoa;610095;Fundo Municipal de Saúde de João Pessoa;012025;2025;17135051;Transferências de Recursos do Bloco de Manutenção das Ações e Serviços Públicos de Saúde – Gestão do SUS - Principal;Lançamento de Receita;1.963.825,55;605;Assistência financeira da União destinada à complementação ao pagamento dos pisos salariais para profissionais da enfermagem;"Não ";Não Aplicável
João Pessoa;610095;Fundo Municipal de Saúde de João Pessoa;122025;2025;17135041;Transferências de Recursos do Bloco de Manutenção das Ações e Serviços Públicos de Saúde – Assistência Farmacêutica - Principal;Lançamento de Receita;576.803;600;Transferências Fundo a Fundo de Recursos do SUS provenientes do Governo Federal - Bloco de Manutenção das Ações e Serviços Públicos de Saúde;"Não ";Não Aplicável
João Pessoa;610095;Fundo Municipal de Saúde de João Pessoa;112025;2025;17135041;Transferências de Recursos do Bloco de Manutenção das Ações e Serviços Públicos de Saúde – Assistência Farmacêutica - Principal;Lançamento de Receita;576.803;600;Transferências Fundo a Fundo de Recursos do SUS provenientes do Governo Federal - Bloco de Manutenção das Ações e Serviços Públicos de Saúde;"Não ";Não Aplicável
João Pessoa;610095;Fundo Municipal de Saúde de João Pessoa;102025;2025;17135041;Transferências de Recursos do Bloco de Manutenção das Ações e Serviços Públicos de Saúde – Assistência Farmacêutica - Principal;Lançamento de Receita;576.803;600;Transferências Fundo a Fundo de Recursos do SUS provenientes do Governo Federal - Bloco de Manutenção das Ações e Serviços Públicos de Saúde;"Não ";Não Aplicável
João Pessoa;610095;Fundo Municipal de Saúde de João Pessoa;092025;2025;17135041;Transferências de Recursos do Bloco de Manutenção das Ações e Serviços Públicos de Saúde – Assistência Farmacêutica - Principal;Lançamento de Receita;993.769;600;Transferências Fundo a Fundo de Recursos do SUS provenientes do Governo Federal - Bloco de Manutenção das Ações e Serviços Públicos de Saúde;"Não ";Não Aplicável
João Pessoa;610095;Fundo Municipal de Saúde de João Pessoa;082025;2025;17135041;Transferências de Recursos do Bloco de Manutenção das Ações e Serviços Públicos de Saúde – Assistência Farmacêutica - Principal;Lançamento de Receita;993.769,16;600;Transferências Fundo a Fundo de Recursos do SUS provenientes do Governo Federal - Bloco de Manutenção das Ações e Serviços Públicos de Saúde;"Não ";Não Aplicável
João Pessoa;610095;Fundo Municipal de Saúde de João Pessoa;072025;2025;17135041;Transferências de Recursos do Bloco de Manutenção das Ações e Serviços Públicos de Saúde – Assistência Farmacêutica - Principal;Lançamento de Receita;576.803;600;Transferências Fundo a Fundo de Recursos do SUS provenientes do Governo Federal - Bloco de Manutenção das Ações e Serviços Públicos de Saúde;"Não ";Não Aplicável
João Pessoa;610095;Fundo Municipal de Saúde de João Pessoa;062025;2025;17135041;Transferências de Recursos do Bloco de Manutenção das Ações e Serviços Públicos de Saúde – Assistência Farmacêutica - Principal;Lançamento de Receita;507.308,64;600;Transferências Fundo a Fundo de Recursos do SUS provenientes do Governo Federal - Bloco de Manutenção das Ações e Serviços Públicos de Saúde;"Não ";Não Aplicável
João Pessoa;610095;Fundo Municipal de Saúde de João Pessoa;052025;2025;17135041;Transferências de Recursos do Bloco de Manutenção das Ações e Serviços Públicos de Saúde – Assistência Farmacêutica - Principal;Lançamento de Receita;507.308,64;600;Transferências Fundo a Fundo de Recursos do SUS provenientes do Governo Federal - Bloco de Manutenção das Ações e Serviços Públicos de Saúde;"Não ";Não Aplicável
João Pessoa;610095;Fundo Municipal de Saúde de João Pessoa;042025;2025;17135041;Transferências de Recursos do Bloco de Manutenção das Ações e Serviços Públicos de Saúde – Assistência Farmacêutica - Principal;Lançamento de Receita;507.308,64;600;Transferências Fundo a Fundo de Recursos do SUS provenientes do Governo Federal - Bloco de Manutenção das Ações e Serviços Públicos de Saúde;"Não ";Não Aplicável
João Pessoa;610095;Fundo Municipal de Saúde de João Pessoa;032025;2025;17135041;Transferências de Recursos do Bloco de Manutenção das Ações e Serviços Públicos de Saúde – Assistência Farmacêutica - Principal;Lançamento de Receita;507.308,64;600;Transferências Fundo a Fundo de Recursos do SUS provenientes do Governo Federal - Bloco de Manutenção das Ações e Serviços Públicos de Saúde;"Não ";Não Aplicável
João Pessoa;610095;Fundo Municipal de Saúde de João Pessoa;022025;2025;17135041;Transferências de Recursos do Bloco de Manutenção das Ações e Serviços Públicos de Saúde – Assistência Farmacêutica - Principal;Lançamento de Receita;507.308,64;600;Transferências Fundo a Fundo de Recursos do SUS provenientes do Governo Federal - Bloco de Manutenção das Ações e Serviços Públicos de Saúde;"Não ";Não Aplicável
João Pessoa;610095;Fundo Municipal de Saúde de João Pessoa;012025;2025;17135041;Transferências de Recursos do Bloco de Manutenção das Ações e Serviços Públicos de Saúde – Assistência Farmacêutica - Principal;Lançamento de Receita;507.308,64;600;Transferências Fundo a Fundo de Recursos do SUS provenientes do Governo Federal - Bloco de Manutenção das Ações e Serviços Públicos de Saúde;"Não ";Não Aplicável
João Pessoa;610095;Fundo Municipal de Saúde de João Pessoa;122025;2025;17135031;Transferências de Recursos do Bloco de Manutenção das Ações e Serviços Públicos de Saúde – Vigilância em Saúde - Principal;Lançamento de Receita;1.809.456;604;Transferências provenientes do Governo Federal destinadas ao vencimento dos agentes comunitários de saúde e dos agentes de combate às endemias;"Não ";Não Aplicável
João Pessoa;610095;Fundo Municipal de Saúde de João Pessoa;122025;2025;17135031;Transferências de Recursos do Bloco de Manutenção das Ações e Serviços Públicos de Saúde – Vigilância em Saúde - Principal;Lançamento de Receita;1.147.362,61;600;Transferências Fundo a Fundo de Recursos do SUS provenientes do Governo Federal - Bloco de Manutenção das Ações e Serviços Públicos de Saúde;"Não ";Não Aplicável
João Pessoa;610095;Fundo Municipal de Saúde de João Pessoa;112025;2025;17135031;Transferências de Recursos do Bloco de Manutenção das Ações e Serviços Públicos de Saúde – Vigilância em Saúde - Principal;Lançamento de Receita;417.238,08;600;Transferências Fundo a Fundo de Recursos do SUS provenientes do Governo Federal - Bloco de Manutenção das Ações e Serviços Públicos de Saúde;"Não ";Não Aplicável
João Pessoa;610095;Fundo Municipal de Saúde de João Pessoa;112025;2025;17135031;Transferências de Recursos do Bloco de Manutenção das Ações e Serviços Públicos de Saúde – Vigilância em Saúde - Principal;Lançamento de Receita;904.728;604;Transferências provenientes do Governo Federal destinadas ao vencimento dos agentes comunitários de saúde e dos agentes de combate às endemias;"Não ";Não Aplicável
João Pessoa;610095;Fundo Municipal de Saúde de João Pessoa;102025;2025;17135031;Transferências de Recursos do Bloco de Manutenção das Ações e Serviços Públicos de Saúde – Vigilância em Saúde - Principal;Lançamento de Receita;372.757,08;600;Transferências Fundo a Fundo de Recursos do SUS provenientes do Governo Federal - Bloco de Manutenção das Ações e Serviços Públicos de Saúde;"Não ";Não Aplicável
João Pessoa;610095;Fundo Municipal de Saúde de João Pessoa;102025;2025;17135031;Transferências de Recursos do Bloco de Manutenção das Ações e Serviços Públicos de Saúde – Vigilância em Saúde - Principal;Lançamento de Receita;904.728;604;Transferências provenientes do Governo Federal destinadas ao vencimento dos agentes comunitários de saúde e dos agentes de combate às endemias;"Não ";Não Aplicável
João Pessoa;610095;Fundo Municipal de Saúde de João Pessoa;092025;2025;17135031;Transferências de Recursos do Bloco de Manutenção das Ações e Serviços Públicos de Saúde – Vigilância em Saúde - Principal;Lançamento de Receita;417.238,08;600;Transferências Fundo a Fundo de Recursos do SUS provenientes do Governo Federal - Bloco de Manutenção das Ações e Serviços Públicos de Saúde;"Não ";Não Aplicável
João Pessoa;610095;Fundo Municipal de Saúde de João Pessoa;092025;2025;17135031;Transferências de Recursos do Bloco de Manutenção das Ações e Serviços Públicos de Saúde – Vigilância em Saúde - Principal;Lançamento de Receita;904.728;604;Transferências provenientes do Governo Federal destinadas ao vencimento dos agentes comunitários de saúde e dos agentes de combate às endemias;"Não ";Não Aplicável
João Pessoa;610095;Fundo Municipal de Saúde de João Pessoa;082025;2025;17135031;Transferências de Recursos do Bloco de Manutenção das Ações e Serviços Públicos de Saúde – Vigilância em Saúde - Principal;Lançamento de Receita;461.719,08;600;Transferências Fundo a Fundo de Recursos do SUS provenientes do Governo Federal - Bloco de Manutenção das Ações e Serviços Públicos de Saúde;"Não ";Não Aplicável
João Pessoa;610095;Fundo Municipal de Saúde de João Pessoa;082025;2025;17135031;Transferências de Recursos do Bloco de Manutenção das Ações e Serviços Públicos de Saúde – Vigilância em Saúde - Principal;Lançamento de Receita;904.728;604;Transferências provenientes do Governo Federal destinadas ao vencimento dos agentes comunitários de saúde e dos agentes de combate às endemias;"Não ";Não Aplicável
João Pessoa;610095;Fundo Municipal de Saúde de João Pessoa;072025;2025;17135031;Transferências de Recursos do Bloco de Manutenção das Ações e Serviços Públicos de Saúde – Vigilância em Saúde - Principal;Lançamento de Receita;967.919,16;600;Transferências Fundo a Fundo de Recursos do SUS provenientes do Governo Federal - Bloco de Manutenção das Ações e Serviços Públicos de Saúde;"Não ";Não Aplicável
João Pessoa;610095;Fundo Municipal de Saúde de João Pessoa;072025;2025;17135031;Transferências de Recursos do Bloco de Manutenção das Ações e Serviços Públicos de Saúde – Vigilância em Saúde - Principal;Lançamento de Receita;596.652,62;604;Transferências provenientes do Governo Federal destinadas ao vencimento dos agentes comunitários de saúde e dos agentes de combate às endemias;"Não ";Não Aplicável
João Pessoa;610095;Fundo Municipal de Saúde de João Pessoa;062025;2025;17135031;Transferências de Recursos do Bloco de Manutenção das Ações e Serviços Públicos de Saúde – Vigilância em Saúde - Principal;Lançamento de Receita;44.481;600;Transferências Fundo a Fundo de Recursos do SUS provenientes do Governo Federal - Bloco de Manutenção das Ações e Serviços Públicos de Saúde;"Não ";Não Aplicável
João Pessoa;610095;Fundo Municipal de Saúde de João Pessoa;062025;2025;17135031;Transferências de Recursos do Bloco de Manutenção das Ações e Serviços Públicos de Saúde – Vigilância em Saúde - Principal;Lançamento de Receita;1.212.803,38;604;Transferências provenientes do Governo Federal destinadas ao vencimento dos agentes comunitários de saúde e dos agentes de combate às endemias;"Não ";Não Aplicável
João Pessoa;610095;Fundo Municipal de Saúde de João Pessoa;052025;2025;17135031;Transferências de Recursos do Bloco de Manutenção das Ações e Serviços Públicos de Saúde – Vigilância em Saúde - Principal;Lançamento de Receita;904.728;604;Transferências provenientes do Governo Federal destinadas ao vencimento dos agentes comunitários de saúde e dos agentes de combate às endemias;"Não ";Não Aplicável
João Pessoa;610095;Fundo Municipal de Saúde de João Pessoa;052025;2025;17135031;Transferências de Recursos do Bloco de Manutenção das Ações e Serviços Públicos de Saúde – Vigilância em Saúde - Principal;Lançamento de Receita;372.757,08;600;Transferências Fundo a Fundo de Recursos do SUS provenientes do Governo Federal - Bloco de Manutenção das Ações e Serviços Públicos de Saúde;"Não ";Não Aplicável
João Pessoa;610095;Fundo Municipal de Saúde de João Pessoa;042025;2025;17135031;Transferências de Recursos do Bloco de Manutenção das Ações e Serviços Públicos de Saúde – Vigilância em Saúde - Principal;Lançamento de Receita;907.764;604;Transferências provenientes do Governo Federal destinadas ao vencimento dos agentes comunitários de saúde e dos agentes de combate às endemias;"Não ";Não Aplicável
João Pessoa;610095;Fundo Municipal de Saúde de João Pessoa;042025;2025;17135031;Transferências de Recursos do Bloco de Manutenção das Ações e Serviços Públicos de Saúde – Vigilância em Saúde - Principal;Lançamento de Receita;728.679,69;600;Transferências Fundo a Fundo de Recursos do SUS provenientes do Governo Federal - Bloco de Manutenção das Ações e Serviços Públicos de Saúde;"Não ";Não Aplicável
João Pessoa;610095;Fundo Municipal de Saúde de João Pessoa;032025;2025;17135031;Transferências de Recursos do Bloco de Manutenção das Ações e Serviços Públicos de Saúde – Vigilância em Saúde - Principal;Lançamento de Receita;907.764;604;Transferências provenientes do Governo Federal destinadas ao vencimento dos agentes comunitários de saúde e dos agentes de combate às endemias;"Não ";Não Aplicável
João Pessoa;610095;Fundo Municipal de Saúde de João Pessoa;032025;2025;17135031;Transferências de Recursos do Bloco de Manutenção das Ações e Serviços Públicos de Saúde – Vigilância em Saúde - Principal;Lançamento de Receita;372.757,08;600;Transferências Fundo a Fundo de Recursos do SUS provenientes do Governo Federal - Bloco de Manutenção das Ações e Serviços Públicos de Saúde;"Não ";Não Aplicável
João Pessoa;610095;Fundo Municipal de Saúde de João Pessoa;022025;2025;17135031;Transferências de Recursos do Bloco de Manutenção das Ações e Serviços Públicos de Saúde – Vigilância em Saúde - Principal;Lançamento de Receita;372.757,08;600;Transferências Fundo a Fundo de Recursos do SUS provenientes do Governo Federal - Bloco de Manutenção das Ações e Serviços Públicos de Saúde;"Não ";Não Aplicável
João Pessoa;610095;Fundo Municipal de Saúde de João Pessoa;022025;2025;17135031;Transferências de Recursos do Bloco de Manutenção das Ações e Serviços Públicos de Saúde – Vigilância em Saúde - Principal;Lançamento de Receita;907.764;604;Transferências provenientes do Governo Federal destinadas ao vencimento dos agentes comunitários de saúde e dos agentes de combate às endemias;"Não ";Não Aplicável
João Pessoa;610095;Fundo Municipal de Saúde de João Pessoa;012025;2025;17135031;Transferências de Recursos do Bloco de Manutenção das Ações e Serviços Públicos de Saúde – Vigilância em Saúde - Principal;Lançamento de Receita;327.054,34;600;Transferências Fundo a Fundo de Recursos do SUS provenientes do Governo Federal - Bloco de Manutenção das Ações e Serviços Públicos de Saúde;"Não ";Não Aplicável
João Pessoa;610095;Fundo Municipal de Saúde de João Pessoa;012025;2025;17135031;Transferências de Recursos do Bloco de Manutenção das Ações e Serviços Públicos de Saúde – Vigilância em Saúde - Principal;Lançamento de Receita;907.764;604;Transferências provenientes do Governo Federal destinadas ao vencimento dos agentes comunitários de saúde e dos agentes de combate às endemias;"Não ";Não Aplicável
João Pessoa;610095;Fundo Municipal de Saúde de João Pessoa;122025;2025;17135021;Transferências de Recursos do Bloco de Manutenção das Ações e Serviços Públicos de Saúde – Atenção Especializada - Principal;Lançamento de Receita;63.299.189,3;600;Transferências Fundo a Fundo de Recursos do SUS provenientes do Governo Federal - Bloco de Manutenção das Ações e Serviços Públicos de Saúde;"Não ";Não Aplicável
João Pessoa;610095;Fundo Municipal de Saúde de João Pessoa;122025;2025;17135021;Transferências de Recursos do Bloco de Manutenção das Ações e Serviços Públicos de Saúde – Atenção Especializada - Principal;Outras Deduções;-11.259.602,69;600;Transferências Fundo a Fundo de Recursos do SUS provenientes do Governo Federal - Bloco de Manutenção das Ações e Serviços Públicos de Saúde;"Não ";Não Aplicável
João Pessoa;610095;Fundo Municipal de Saúde de João Pessoa;122025;2025;17135021;Transferências de Recursos do Bloco de Manutenção das Ações e Serviços Públicos de Saúde – Atenção Especializada - Principal;Lançamento de Receita;4.000.000;600;Transferências Fundo a Fundo de Recursos do SUS provenientes do Governo Federal - Bloco de Manutenção das Ações e Serviços Públicos de Saúde;3130;Identificação das Transferências da União decorrentes de emendas parlamentares de comissão
João Pessoa;610095;Fundo Municipal de Saúde de João Pessoa;122025;2025;17135021;Transferências de Recursos do Bloco de Manutenção das Ações e Serviços Públicos de Saúde – Atenção Especializada - Principal;Lançamento de Receita;3.000.000;600;Transferências Fundo a Fundo de Recursos do SUS provenientes do Governo Federal - Bloco de Manutenção das Ações e Serviços Públicos de Saúde;3120;Identificação das Transferências da União decorrentes de emendas parlamentares de bancada
João Pessoa;610095;Fundo Municipal de Saúde de João Pessoa;112025;2025;17135021;Transferências de Recursos do Bloco de Manutenção das Ações e Serviços Públicos de Saúde – Atenção Especializada - Principal;Outras Deduções;-957.723,84;600;Transferências Fundo a Fundo de Recursos do SUS provenientes do Governo Federal - Bloco de Manutenção das Ações e Serviços Públicos de Saúde;"Não ";Não Aplicável
João Pessoa;610095;Fundo Municipal de Saúde de João Pessoa;112025;2025;17135021;Transferências de Recursos do Bloco de Manutenção das Ações e Serviços Públicos de Saúde – Atenção Especializada - Principal;Lançamento de Receita;200.000;600;Transferências Fundo a Fundo de Recursos do SUS provenientes do Governo Federal - Bloco de Manutenção das Ações e Serviços Públicos de Saúde;3110;Identificação das Transferências da União decorrentes de emendas parlamentares individuais
João Pessoa;610095;Fundo Municipal de Saúde de João Pessoa;112025;2025;17135021;Transferências de Recursos do Bloco de Manutenção das Ações e Serviços Públicos de Saúde – Atenção Especializada - Principal;Lançamento de Receita;28.050.823,93;600;Transferências Fundo a Fundo de Recursos do SUS provenientes do Governo Federal - Bloco de Manutenção das Ações e Serviços Públicos de Saúde;"Não ";Não Aplicável
João Pessoa;610095;Fundo Municipal de Saúde de João Pessoa;102025;2025;17135021;Transferências de Recursos do Bloco de Manutenção das Ações e Serviços Públicos de Saúde – Atenção Especializada - Principal;Lançamento de Receita;400.000;600;Transferências Fundo a Fundo de Recursos do SUS provenientes do Governo Federal - Bloco de Manutenção das Ações e Serviços Públicos de Saúde;3110;Identificação das Transferências da União decorrentes de emendas parlamentares individuais
João Pessoa;610095;Fundo Municipal de Saúde de João Pessoa;102025;2025;17135021;Transferências de Recursos do Bloco de Manutenção das Ações e Serviços Públicos de Saúde – Atenção Especializada - Principal;Outras Deduções;-1.143.148,96;600;Transferências Fundo a Fundo de Recursos do SUS provenientes do Governo Federal - Bloco de Manutenção das Ações e Serviços Públicos de Saúde;"Não ";Não Aplicável
João Pessoa;610095;Fundo Municipal de Saúde de João Pessoa;102025;2025;17135021;Transferências de Recursos do Bloco de Manutenção das Ações e Serviços Públicos de Saúde – Atenção Especializada - Principal;Lançamento de Receita;31.778.801,2;600;Transferências Fundo a Fundo de Recursos do SUS provenientes do Governo Federal - Bloco de Manutenção das Ações e Serviços Públicos de Saúde;"Não ";Não Aplicável
João Pessoa;610095;Fundo Municipal de Saúde de João Pessoa;092025;2025;17135021;Transferências de Recursos do Bloco de Manutenção das Ações e Serviços Públicos de Saúde – Atenção Especializada - Principal;Lançamento de Receita;3.000.000;600;Transferências Fundo a Fundo de Recursos do SUS provenientes do Governo Federal - Bloco de Manutenção das Ações e Serviços Públicos de Saúde;3110;Identificação das Transferências da União decorrentes de emendas parlamentares individuais
João Pessoa;610095;Fundo Municipal de Saúde de João Pessoa;092025;2025;17135021;Transferências de Recursos do Bloco de Manutenção das Ações e Serviços Públicos de Saúde – Atenção Especializada - Principal;Outras Deduções;-823.835,07;600;Transferências Fundo a Fundo de Recursos do SUS provenientes do Governo Federal - Bloco de Manutenção das Ações e Serviços Públicos de Saúde;"Não ";Não Aplicável
João Pessoa;610095;Fundo Municipal de Saúde de João Pessoa;092025;2025;17135021;Transferências de Recursos do Bloco de Manutenção das Ações e Serviços Públicos de Saúde – Atenção Especializada - Principal;Lançamento de Receita;29.233.292,86;600;Transferências Fundo a Fundo de Recursos do SUS provenientes do Governo Federal - Bloco de Manutenção das Ações e Serviços Públicos de Saúde;"Não ";Não Aplicável
João Pessoa;610095;Fundo Municipal de Saúde de João Pessoa;082025;2025;17135021;Transferências de Recursos do Bloco de Manutenção das Ações e Serviços Públicos de Saúde – Atenção Especializada - Principal;Lançamento de Receita;30.089.217,24;600;Transferências Fundo a Fundo de Recursos do SUS provenientes do Governo Federal - Bloco de Manutenção das Ações e Serviços Públicos de Saúde;"Não ";Não Aplicável
João Pessoa;610095;Fundo Municipal de Saúde de João Pessoa;082025;2025;17135021;Transferências de Recursos do Bloco de Manutenção das Ações e Serviços Públicos de Saúde – Atenção Especializada - Principal;Lançamento de Receita;1.721.947;600;Transferências Fundo a Fundo de Recursos do SUS provenientes do Governo Federal - Bloco de Manutenção das Ações e Serviços Públicos de Saúde;3110;Identificação das Transferências da União decorrentes de emendas parlamentares individuais
João Pessoa;610095;Fundo Municipal de Saúde de João Pessoa;082025;2025;17135021;Transferências de Recursos do Bloco de Manutenção das Ações e Serviços Públicos de Saúde – Atenção Especializada - Principal;Outras Deduções;-855.788,04;600;Transferências Fundo a Fundo de Recursos do SUS provenientes do Governo Federal - Bloco de Manutenção das Ações e Serviços Públicos de Saúde;"Não ";Não Aplicável
João Pessoa;610095;Fundo Municipal de Saúde de João Pessoa;072025;2025;17135021;Transferências de Recursos do Bloco de Manutenção das Ações e Serviços Públicos de Saúde – Atenção Especializada - Principal;Outras Deduções;-3.391.035,2;600;Transferências Fundo a Fundo de Recursos do SUS provenientes do Governo Federal - Bloco de Manutenção das Ações e Serviços Públicos de Saúde;"Não ";Não Aplicável
João Pessoa;610095;Fundo Municipal de Saúde de João Pessoa;072025;2025;17135021;Transferências de Recursos do Bloco de Manutenção das Ações e Serviços Públicos de Saúde – Atenção Especializada - Principal;Lançamento de Receita;30.576.868,69;600;Transferências Fundo a Fundo de Recursos do SUS provenientes do Governo Federal - Bloco de Manutenção das Ações e Serviços Públicos de Saúde;"Não ";Não Aplicável
João Pessoa;610095;Fundo Municipal de Saúde de João Pessoa;062025;2025;17135021;Transferências de Recursos do Bloco de Manutenção das Ações e Serviços Públicos de Saúde – Atenção Especializada - Principal;Lançamento de Receita;36.662.614,68;600;Transferências Fundo a Fundo de Recursos do SUS provenientes do Governo Federal - Bloco de Manutenção das Ações e Serviços Públicos de Saúde;"Não ";Não Aplicável
João Pessoa;610095;Fundo Municipal de Saúde de João Pessoa;062025;2025;17135021;Transferências de Recursos do Bloco de Manutenção das Ações e Serviços Públicos de Saúde – Atenção Especializada - Principal;Outras Deduções;-5.870.270,65;600;Transferências Fundo a Fundo de Recursos do SUS provenientes do Governo Federal - Bloco de Manutenção das Ações e Serviços Públicos de Saúde;"Não ";Não Aplicável
João Pessoa;610095;Fundo Municipal de Saúde de João Pessoa;052025;2025;17135021;Transferências de Recursos do Bloco de Manutenção das Ações e Serviços Públicos de Saúde – Atenção Especializada - Principal;Lançamento de Receita;29.373.120,34;600;Transferências Fundo a Fundo de Recursos do SUS provenientes do Governo Federal - Bloco de Manutenção das Ações e Serviços Públicos de Saúde;"Não ";Não Aplicável
João Pessoa;610095;Fundo Municipal de Saúde de João Pessoa;052025;2025;17135021;Transferências de Recursos do Bloco de Manutenção das Ações e Serviços Públicos de Saúde – Atenção Especializada - Principal;Outras Deduções;-5.894.202,61;600;Transferências Fundo a Fundo de Recursos do SUS provenientes do Governo Federal - Bloco de Manutenção das Ações e Serviços Públicos de Saúde;"Não ";Não Aplicável
João Pessoa;610095;Fundo Municipal de Saúde de João Pessoa;042025;2025;17135021;Transferências de Recursos do Bloco de Manutenção das Ações e Serviços Públicos de Saúde – Atenção Especializada - Principal;Outras Deduções;-1.179.247,86;600;Transferências Fundo a Fundo de Recursos do SUS provenientes do Governo Federal - Bloco de Manutenção das Ações e Serviços Públicos de Saúde;"Não ";Não Aplicável
João Pessoa;610095;Fundo Municipal de Saúde de João Pessoa;042025;2025;17135021;Transferências de Recursos do Bloco de Manutenção das Ações e Serviços Públicos de Saúde – Atenção Especializada - Principal;Lançamento de Receita;28.156.162,23;600;Transferências Fundo a Fundo de Recursos do SUS provenientes do Governo Federal - Bloco de Manutenção das Ações e Serviços Públicos de Saúde;"Não ";Não Aplicável
João Pessoa;610095;Fundo Municipal de Saúde de João Pessoa;032025;2025;17135021;Transferências de Recursos do Bloco de Manutenção das Ações e Serviços Públicos de Saúde – Atenção Especializada - Principal;Lançamento de Receita;29.384.484,33;600;Transferências Fundo a Fundo de Recursos do SUS provenientes do Governo Federal - Bloco de Manutenção das Ações e Serviços Públicos de Saúde;"Não ";Não Aplicável
João Pessoa;610095;Fundo Municipal de Saúde de João Pessoa;032025;2025;17135021;Transferências de Recursos do Bloco de Manutenção das Ações e Serviços Públicos de Saúde – Atenção Especializada - Principal;Outras Deduções;-1.188.633,82;600;Transferências Fundo a Fundo de Recursos do SUS provenientes do Governo Federal - Bloco de Manutenção das Ações e Serviços Públicos de Saúde;"Não ";Não Aplicável
João Pessoa;610095;Fundo Municipal de Saúde de João Pessoa;022025;2025;17135021;Transferências de Recursos do Bloco de Manutenção das Ações e Serviços Públicos de Saúde – Atenção Especializada - Principal;Lançamento de Receita;2.019.569;600;Transferências Fundo a Fundo de Recursos do SUS provenientes do Governo Federal - Bloco de Manutenção das Ações e Serviços Públicos de Saúde;3110;Identificação das Transferências da União decorrentes de emendas parlamentares individuais
João Pessoa;610095;Fundo Municipal de Saúde de João Pessoa;022025;2025;17135021;Transferências de Recursos do Bloco de Manutenção das Ações e Serviços Públicos de Saúde – Atenção Especializada - Principal;Lançamento de Receita;33.732.313,8;600;Transferências Fundo a Fundo de Recursos do SUS provenientes do Governo Federal - Bloco de Manutenção das Ações e Serviços Públicos de Saúde;"Não ";Não Aplicável
João Pessoa;610095;Fundo Municipal de Saúde de João Pessoa;022025;2025;17135021;Transferências de Recursos do Bloco de Manutenção das Ações e Serviços Públicos de Saúde – Atenção Especializada - Principal;Outras Deduções;-3.447.367,26;600;Transferências Fundo a Fundo de Recursos do SUS provenientes do Governo Federal - Bloco de Manutenção das Ações e Serviços Públicos de Saúde;"Não ";Não Aplicável
João Pessoa;610095;Fundo Municipal de Saúde de João Pessoa;012025;2025;17135021;Transferências de Recursos do Bloco de Manutenção das Ações e Serviços Públicos de Saúde – Atenção Especializada - Principal;Lançamento de Receita;32.329.992,29;600;Transferências Fundo a Fundo de Recursos do SUS provenientes do Governo Federal - Bloco de Manutenção das Ações e Serviços Públicos de Saúde;"Não ";Não Aplicável
João Pessoa;610095;Fundo Municipal de Saúde de João Pessoa;012025;2025;17135021;Transferências de Recursos do Bloco de Manutenção das Ações e Serviços Públicos de Saúde – Atenção Especializada - Principal;Outras Deduções;-3.143.969,84;600;Transferências Fundo a Fundo de Recursos do SUS provenientes do Governo Federal - Bloco de Manutenção das Ações e Serviços Públicos de Saúde;"Não ";Não Aplicável
João Pessoa;610095;Fundo Municipal de Saúde de João Pessoa;122025;2025;17135011;Transferências de Recursos do Bloco de Manutenção das Ações e Serviços Públicos de Saúde – Atenção Primária - Principal;Lançamento de Receita;9.717.216,79;600;Transferências Fundo a Fundo de Recursos do SUS provenientes do Governo Federal - Bloco de Manutenção das Ações e Serviços Públicos de Saúde;"Não ";Não Aplicável
João Pessoa;610095;Fundo Municipal de Saúde de João Pessoa;122025;2025;17135011;Transferências de Recursos do Bloco de Manutenção das Ações e Serviços Públicos de Saúde – Atenção Primária - Principal;Lançamento de Receita;4.000.000;600;Transferências Fundo a Fundo de Recursos do SUS provenientes do Governo Federal - Bloco de Manutenção das Ações e Serviços Públicos de Saúde;3130;Identificação das Transferências da União decorrentes de emendas parlamentares de comissão
João Pessoa;610095;Fundo Municipal de Saúde de João Pessoa;122025;2025;17135011;Transferências de Recursos do Bloco de Manutenção das Ações e Serviços Públicos de Saúde – Atenção Primária - Principal;Lançamento de Receita;7.586.964;604;Transferências provenientes do Governo Federal destinadas ao vencimento dos agentes comunitários de saúde e dos agentes de combate às endemias;"Não ";Não Aplicável
João Pessoa;610095;Fundo Municipal de Saúde de João Pessoa;112025;2025;17135011;Transferências de Recursos do Bloco de Manutenção das Ações e Serviços Públicos de Saúde – Atenção Primária - Principal;Lançamento de Receita;8.224.557,55;600;Transferências Fundo a Fundo de Recursos do SUS provenientes do Governo Federal - Bloco de Manutenção das Ações e Serviços Públicos de Saúde;"Não ";Não Aplicável
João Pessoa;610095;Fundo Municipal de Saúde de João Pessoa;112025;2025;17135011;Transferências de Recursos do Bloco de Manutenção das Ações e Serviços Públicos de Saúde – Atenção Primária - Principal;Lançamento de Receita;3.676.596;604;Transferências provenientes do Governo Federal destinadas ao vencimento dos agentes comunitários de saúde e dos agentes de combate às endemias;"Não ";Não Aplicável
João Pessoa;610095;Fundo Municipal de Saúde de João Pessoa;102025;2025;17135011;Transferências de Recursos do Bloco de Manutenção das Ações e Serviços Públicos de Saúde – Atenção Primária - Principal;Lançamento de Receita;7.932.790,19;600;Transferências Fundo a Fundo de Recursos do SUS provenientes do Governo Federal - Bloco de Manutenção das Ações e Serviços Públicos de Saúde;"Não ";Não Aplicável
João Pessoa;610095;Fundo Municipal de Saúde de João Pessoa;102025;2025;17135011;Transferências de Recursos do Bloco de Manutenção das Ações e Serviços Públicos de Saúde – Atenção Primária - Principal;Lançamento de Receita;1.989.397;600;Transferências Fundo a Fundo de Recursos do SUS provenientes do Governo Federal - Bloco de Manutenção das Ações e Serviços Públicos de Saúde;3120;Identificação das Transferências da União decorrentes de emendas parlamentares de bancada
João Pessoa;610095;Fundo Municipal de Saúde de João Pessoa;102025;2025;17135011;Transferências de Recursos do Bloco de Manutenção das Ações e Serviços Públicos de Saúde – Atenção Primária - Principal;Lançamento de Receita;3.898.224;604;Transferências provenientes do Governo Federal destinadas ao vencimento dos agentes comunitários de saúde e dos agentes de combate às endemias;"Não ";Não Aplicável
João Pessoa;610095;Fundo Municipal de Saúde de João Pessoa;092025;2025;17135011;Transferências de Recursos do Bloco de Manutenção das Ações e Serviços Públicos de Saúde – Atenção Primária - Principal;Lançamento de Receita;3.913.404;604;Transferências provenientes do Governo Federal destinadas ao vencimento dos agentes comunitários de saúde e dos agentes de combate às endemias;"Não ";Não Aplicável
João Pessoa;610095;Fundo Municipal de Saúde de João Pessoa;092025;2025;17135011;Transferências de Recursos do Bloco de Manutenção das Ações e Serviços Públicos de Saúde – Atenção Primária - Principal;Lançamento de Receita;7.971.764,05;600;Transferências Fundo a Fundo de Recursos do SUS provenientes do Governo Federal - Bloco de Manutenção das Ações e Serviços Públicos de Saúde;"Não ";Não Aplicável
João Pessoa;610095;Fundo Municipal de Saúde de João Pessoa;082025;2025;17135011;Transferências de Recursos do Bloco de Manutenção das Ações e Serviços Públicos de Saúde – Atenção Primária - Principal;Lançamento de Receita;3.898.224;604;Transferências provenientes do Governo Federal destinadas ao vencimento dos agentes comunitários de saúde e dos agentes de combate às endemias;"Não ";Não Aplicável
João Pessoa;610095;Fundo Municipal de Saúde de João Pessoa;082025;2025;17135011;Transferências de Recursos do Bloco de Manutenção das Ações e Serviços Públicos de Saúde – Atenção Primária - Principal;Lançamento de Receita;7.749.274,3;600;Transferências Fundo a Fundo de Recursos do SUS provenientes do Governo Federal - Bloco de Manutenção das Ações e Serviços Públicos de Saúde;"Não ";Não Aplicável
João Pessoa;610095;Fundo Municipal de Saúde de João Pessoa;072025;2025;17135011;Transferências de Recursos do Bloco de Manutenção das Ações e Serviços Públicos de Saúde – Atenção Primária - Principal;Lançamento de Receita;3.898.224;604;Transferências provenientes do Governo Federal destinadas ao vencimento dos agentes comunitários de saúde e dos agentes de combate às endemias;"Não ";Não Aplicável
João Pessoa;610095;Fundo Municipal de Saúde de João Pessoa;072025;2025;17135011;Transferências de Recursos do Bloco de Manutenção das Ações e Serviços Públicos de Saúde – Atenção Primária - Principal;Lançamento de Receita;0;600;Transferências Fundo a Fundo de Recursos do SUS provenientes do Governo Federal - Bloco de Manutenção das Ações e Serviços Públicos de Saúde;3120;Identificação das Transferências da União decorrentes de emendas parlamentares de bancada
João Pessoa;610095;Fundo Municipal de Saúde de João Pessoa;072025;2025;17135011;Transferências de Recursos do Bloco de Manutenção das Ações e Serviços Públicos de Saúde – Atenção Primária - Principal;Lançamento de Receita;8.924.529,34;600;Transferências Fundo a Fundo de Recursos do SUS provenientes do Governo Federal - Bloco de Manutenção das Ações e Serviços Públicos de Saúde;"Não ";Não Aplicável
João Pessoa;610095;Fundo Municipal de Saúde de João Pessoa;062025;2025;17135011;Transferências de Recursos do Bloco de Manutenção das Ações e Serviços Públicos de Saúde – Atenção Primária - Principal;Lançamento de Receita;3.901.260;604;Transferências provenientes do Governo Federal destinadas ao vencimento dos agentes comunitários de saúde e dos agentes de combate às endemias;"Não ";Não Aplicável
João Pessoa;610095;Fundo Municipal de Saúde de João Pessoa;062025;2025;17135011;Transferências de Recursos do Bloco de Manutenção das Ações e Serviços Públicos de Saúde – Atenção Primária - Principal;Lançamento de Receita;1.250.000;600;Transferências Fundo a Fundo de Recursos do SUS provenientes do Governo Federal - Bloco de Manutenção das Ações e Serviços Públicos de Saúde;3130;Identificação das Transferências da União decorrentes de emendas parlamentares de comissão
João Pessoa;610095;Fundo Municipal de Saúde de João Pessoa;062025;2025;17135011;Transferências de Recursos do Bloco de Manutenção das Ações e Serviços Públicos de Saúde – Atenção Primária - Principal;Lançamento de Receita;0;600;Transferências Fundo a Fundo de Recursos do SUS provenientes do Governo Federal - Bloco de Manutenção das Ações e Serviços Públicos de Saúde;3120;Identificação das Transferências da União decorrentes de emendas parlamentares de bancada
João Pessoa;610095;Fundo Municipal de Saúde de João Pessoa;062025;2025;17135011;Transferências de Recursos do Bloco de Manutenção das Ações e Serviços Públicos de Saúde – Atenção Primária - Principal;Lançamento de Receita;7.734.327,36;600;Transferências Fundo a Fundo de Recursos do SUS provenientes do Governo Federal - Bloco de Manutenção das Ações e Serviços Públicos de Saúde;"Não ";Não Aplicável
João Pessoa;610095;Fundo Municipal de Saúde de João Pessoa;052025;2025;17135011;Transferências de Recursos do Bloco de Manutenção das Ações e Serviços Públicos de Saúde – Atenção Primária - Principal;Lançamento de Receita;3.916.440;604;Transferências provenientes do Governo Federal destinadas ao vencimento dos agentes comunitários de saúde e dos agentes de combate às endemias;"Não ";Não Aplicável
João Pessoa;610095;Fundo Municipal de Saúde de João Pessoa;052025;2025;17135011;Transferências de Recursos do Bloco de Manutenção das Ações e Serviços Públicos de Saúde – Atenção Primária - Principal;Lançamento de Receita;8.955.802,95;600;Transferências Fundo a Fundo de Recursos do SUS provenientes do Governo Federal - Bloco de Manutenção das Ações e Serviços Públicos de Saúde;"Não ";Não Aplicável
João Pessoa;610095;Fundo Municipal de Saúde de João Pessoa;042025;2025;17135011;Transferências de Recursos do Bloco de Manutenção das Ações e Serviços Públicos de Saúde – Atenção Primária - Principal;Lançamento de Receita;18.136.762,5;600;Transferências Fundo a Fundo de Recursos do SUS provenientes do Governo Federal - Bloco de Manutenção das Ações e Serviços Públicos de Saúde;"Não ";Não Aplicável
João Pessoa;610095;Fundo Municipal de Saúde de João Pessoa;042025;2025;17135011;Transferências de Recursos do Bloco de Manutenção das Ações e Serviços Públicos de Saúde – Atenção Primária - Principal;Outras Deduções;-240.000;600;Transferências Fundo a Fundo de Recursos do SUS provenientes do Governo Federal - Bloco de Manutenção das Ações e Serviços Públicos de Saúde;"Não ";Não Aplicável
João Pessoa;610095;Fundo Municipal de Saúde de João Pessoa;042025;2025;17135011;Transferências de Recursos do Bloco de Manutenção das Ações e Serviços Públicos de Saúde – Atenção Primária - Principal;Lançamento de Receita;3.910.368;604;Transferências provenientes do Governo Federal destinadas ao vencimento dos agentes comunitários de saúde e dos agentes de combate às endemias;"Não ";Não Aplicável
João Pessoa;610095;Fundo Municipal de Saúde de João Pessoa;032025;2025;17135011;Transferências de Recursos do Bloco de Manutenção das Ações e Serviços Públicos de Saúde – Atenção Primária - Principal;Lançamento de Receita;175.000;600;Transferências Fundo a Fundo de Recursos do SUS provenientes do Governo Federal - Bloco de Manutenção das Ações e Serviços Públicos de Saúde;3110;Identificação das Transferências da União decorrentes de emendas parlamentares individuais
João Pessoa;610095;Fundo Municipal de Saúde de João Pessoa;032025;2025;17135011;Transferências de Recursos do Bloco de Manutenção das Ações e Serviços Públicos de Saúde – Atenção Primária - Principal;Lançamento de Receita;3.916.440;604;Transferências provenientes do Governo Federal destinadas ao vencimento dos agentes comunitários de saúde e dos agentes de combate às endemias;"Não ";Não Aplicável
João Pessoa;610095;Fundo Municipal de Saúde de João Pessoa;032025;2025;17135011;Transferências de Recursos do Bloco de Manutenção das Ações e Serviços Públicos de Saúde – Atenção Primária - Principal;Lançamento de Receita;6.291.091,44;600;Transferências Fundo a Fundo de Recursos do SUS provenientes do Governo Federal - Bloco de Manutenção das Ações e Serviços Públicos de Saúde;"Não ";Não Aplicável
João Pessoa;610095;Fundo Municipal de Saúde de João Pessoa;022025;2025;17135011;Transferências de Recursos do Bloco de Manutenção das Ações e Serviços Públicos de Saúde – Atenção Primária - Principal;Lançamento de Receita;3.916.440;604;Transferências provenientes do Governo Federal destinadas ao vencimento dos agentes comunitários de saúde e dos agentes de combate às endemias;"Não ";Não Aplicável
João Pessoa;610095;Fundo Municipal de Saúde de João Pessoa;022025;2025;17135011;Transferências de Recursos do Bloco de Manutenção das Ações e Serviços Públicos de Saúde – Atenção Primária - Principal;Lançamento de Receita;6.704.618;600;Transferências Fundo a Fundo de Recursos do SUS provenientes do Governo Federal - Bloco de Manutenção das Ações e Serviços Públicos de Saúde;"Não ";Não Aplicável
João Pessoa;610095;Fundo Municipal de Saúde de João Pessoa;012025;2025;17135011;Transferências de Recursos do Bloco de Manutenção das Ações e Serviços Públicos de Saúde – Atenção Primária - Principal;Lançamento de Receita;3.916.440;604;Transferências provenientes do Governo Federal destinadas ao vencimento dos agentes comunitários de saúde e dos agentes de combate às endemias;"Não ";Não Aplicável
João Pessoa;610095;Fundo Municipal de Saúde de João Pessoa;012025;2025;17135011;Transferências de Recursos do Bloco de Manutenção das Ações e Serviços Públicos de Saúde – Atenção Primária - Principal;Lançamento de Receita;8.291.303,08;600;Transferências Fundo a Fundo de Recursos do SUS provenientes do Governo Federal - Bloco de Manutenção das Ações e Serviços Públicos de Saúde;"Não ";Não Aplicável
João Pessoa;610095;Fundo Municipal de Saúde de João Pessoa;122025;2025;13210101;Remuneração de Depósitos Bancários - Principal;Lançamento de Receita;146.941,92;605;Assistência financeira da União destinada à complementação ao pagamento dos pisos salariais para profissionais da enfermagem;"Não ";Não Aplicável
João Pessoa;610095;Fundo Municipal de Saúde de João Pessoa;122025;2025;13210101;Remuneração de Depósitos Bancários - Principal;Lançamento de Receita;31.855,61;601;Transferências Fundo a Fundo de Recursos do SUS provenientes do Governo Federal - Bloco de Estruturação da Rede de Serviços Públicos de Saúde;3120;Identificação das Transferências da União decorrentes de emendas parlamentares de bancada
João Pessoa;610095;Fundo Municipal de Saúde de João Pessoa;122025;2025;13210101;Remuneração de Depósitos Bancários - Principal;Lançamento de Receita;72.536,7;659;"Outros Recursos Vinculados à Saúde ";"Não ";Não Aplicável
João Pessoa;610095;Fundo Municipal de Saúde de João Pessoa;122025;2025;13210101;Remuneração de Depósitos Bancários - Principal;Lançamento de Receita;11.010;631;"Transferências do Governo Federal referentes a Convênios e outros Repasses vinculados à Saúde ";"Não ";Não Aplicável
João Pessoa;610095;Fundo Municipal de Saúde de João Pessoa;122025;2025;13210101;Remuneração de Depósitos Bancários - Principal;Lançamento de Receita;26.815,42;601;Transferências Fundo a Fundo de Recursos do SUS provenientes do Governo Federal - Bloco de Estruturação da Rede de Serviços Públicos de Saúde;"Não ";Não Aplicável
João Pessoa;610095;Fundo Municipal de Saúde de João Pessoa;122025;2025;13210101;Remuneração de Depósitos Bancários - Principal;Lançamento de Receita;25.308,15;621;"Transferências Fundo a Fundo de Recursos do SUS provenientes do Governo Estadual ";"Não ";Não Aplicável
João Pessoa;610095;Fundo Municipal de Saúde de João Pessoa;122025;2025;13210101;Remuneração de Depósitos Bancários - Principal;Lançamento de Receita;2.302,73;706;"Transferência Especial da União ";3110;Identificação das Transferências da União decorrentes de emendas parlamentares individuais
João Pessoa;610095;Fundo Municipal de Saúde de João Pessoa;122025;2025;13210101;Remuneração de Depósitos Bancários - Principal;Lançamento de Receita;70.062,29;600;Transferências Fundo a Fundo de Recursos do SUS provenientes do Governo Federal - Bloco de Manutenção das Ações e Serviços Públicos de Saúde;3110;Identificação das Transferências da União decorrentes de emendas parlamentares individuais
João Pessoa;610095;Fundo Municipal de Saúde de João Pessoa;122025;2025;13210101;Remuneração de Depósitos Bancários - Principal;Lançamento de Receita;77.759,86;500;Recursos não vinculados de Impostos;1002;Identificação das despesas com ações e serviços públicos de saúde
João Pessoa;610095;Fundo Municipal de Saúde de João Pessoa;122025;2025;13210101;Remuneração de Depósitos Bancários - Principal;Lançamento de Receita;24.029,88;600;Transferências Fundo a Fundo de Recursos do SUS provenientes do Governo Federal - Bloco de Manutenção das Ações e Serviços Públicos de Saúde;3130;Identificação das Transferências da União decorrentes de emendas parlamentares de comissão
João Pessoa;610095;Fundo Municipal de Saúde de João Pessoa;122025;2025;13210101;Remuneração de Depósitos Bancários - Principal;Lançamento de Receita;867.208,48;600;Transferências Fundo a Fundo de Recursos do SUS provenientes do Governo Federal - Bloco de Manutenção das Ações e Serviços Públicos de Saúde;"Não ";Não Aplicável
João Pessoa;610095;Fundo Municipal de Saúde de João Pessoa;122025;2025;13210101;Remuneração de Depósitos Bancários - Principal;Lançamento de Receita;49.542,83;600;Transferências Fundo a Fundo de Recursos do SUS provenientes do Governo Federal - Bloco de Manutenção das Ações e Serviços Públicos de Saúde;3120;Identificação das Transferências da União decorrentes de emendas parlamentares de bancada
João Pessoa;610095;Fundo Municipal de Saúde de João Pessoa;112025;2025;13210101;Remuneração de Depósitos Bancários - Principal;Lançamento de Receita;62.250,61;600;Transferências Fundo a Fundo de Recursos do SUS provenientes do Governo Federal - Bloco de Manutenção das Ações e Serviços Públicos de Saúde;3110;Identificação das Transferências da União decorrentes de emendas parlamentares individuais
João Pessoa;610095;Fundo Municipal de Saúde de João Pessoa;112025;2025;13210101;Remuneração de Depósitos Bancários - Principal;Lançamento de Receita;28.011,69;601;Transferências Fundo a Fundo de Recursos do SUS provenientes do Governo Federal - Bloco de Estruturação da Rede de Serviços Públicos de Saúde;"Não ";Não Aplicável
João Pessoa;610095;Fundo Municipal de Saúde de João Pessoa;112025;2025;13210101;Remuneração de Depósitos Bancários - Principal;Lançamento de Receita;66.471,67;659;"Outros Recursos Vinculados à Saúde ";"Não ";Não Aplicável
João Pessoa;610095;Fundo Municipal de Saúde de João Pessoa;112025;2025;13210101;Remuneração de Depósitos Bancários - Principal;Lançamento de Receita;20.418,36;621;"Transferências Fundo a Fundo de Recursos do SUS provenientes do Governo Estadual ";"Não ";Não Aplicável
João Pessoa;610095;Fundo Municipal de Saúde de João Pessoa;112025;2025;13210101;Remuneração de Depósitos Bancários - Principal;Lançamento de Receita;19.244,4;601;Transferências Fundo a Fundo de Recursos do SUS provenientes do Governo Federal - Bloco de Estruturação da Rede de Serviços Públicos de Saúde;3120;Identificação das Transferências da União decorrentes de emendas parlamentares de bancada
João Pessoa;610095;Fundo Municipal de Saúde de João Pessoa;112025;2025;13210101;Remuneração de Depósitos Bancários - Principal;Lançamento de Receita;11.901,57;631;"Transferências do Governo Federal referentes a Convênios e outros Repasses vinculados à Saúde ";"Não ";Não Aplicável
João Pessoa;610095;Fundo Municipal de Saúde de João Pessoa;112025;2025;13210101;Remuneração de Depósitos Bancários - Principal;Lançamento de Receita;100.018,47;605;Assistência financeira da União destinada à complementação ao pagamento dos pisos salariais para profissionais da enfermagem;"Não ";Não Aplicável
João Pessoa;610095;Fundo Municipal de Saúde de João Pessoa;112025;2025;13210101;Remuneração de Depósitos Bancários - Principal;Lançamento de Receita;832.887,54;600;Transferências Fundo a Fundo de Recursos do SUS provenientes do Governo Federal - Bloco de Manutenção das Ações e Serviços Públicos de Saúde;"Não ";Não Aplicável
João Pessoa;610095;Fundo Municipal de Saúde de João Pessoa;112025;2025;13210101;Remuneração de Depósitos Bancários - Principal;Lançamento de Receita;1.976,81;706;"Transferência Especial da União ";3110;Identificação das Transferências da União decorrentes de emendas parlamentares individuais
João Pessoa;610095;Fundo Municipal de Saúde de João Pessoa;112025;2025;13210101;Remuneração de Depósitos Bancários - Principal;Lançamento de Receita;70.353,84;500;Recursos não vinculados de Impostos;1002;Identificação das despesas com ações e serviços públicos de saúde
João Pessoa;610095;Fundo Municipal de Saúde de João Pessoa;112025;2025;13210101;Remuneração de Depósitos Bancários - Principal;Lançamento de Receita;27.043,96;600;Transferências Fundo a Fundo de Recursos do SUS provenientes do Governo Federal - Bloco de Manutenção das Ações e Serviços Públicos de Saúde;3120;Identificação das Transferências da União decorrentes de emendas parlamentares de bancada
João Pessoa;610095;Fundo Municipal de Saúde de João Pessoa;102025;2025;13210101;Remuneração de Depósitos Bancários - Principal;Lançamento de Receita;70.661,59;600;Transferências Fundo a Fundo de Recursos do SUS provenientes do Governo Federal - Bloco de Manutenção das Ações e Serviços Públicos de Saúde;3110;Identificação das Transferências da União decorrentes de emendas parlamentares individuais
João Pessoa;610095;Fundo Municipal de Saúde de João Pessoa;102025;2025;13210101;Remuneração de Depósitos Bancários - Principal;Lançamento de Receita;1.037.103,29;600;Transferências Fundo a Fundo de Recursos do SUS provenientes do Governo Federal - Bloco de Manutenção das Ações e Serviços Públicos de Saúde;"Não ";Não Aplicável
João Pessoa;610095;Fundo Municipal de Saúde de João Pessoa;102025;2025;13210101;Remuneração de Depósitos Bancários - Principal;Lançamento de Receita;85.489,68;500;Recursos não vinculados de Impostos;1002;Identificação das despesas com ações e serviços públicos de saúde
João Pessoa;610095;Fundo Municipal de Saúde de João Pessoa;102025;2025;13210101;Remuneração de Depósitos Bancários - Principal;Lançamento de Receita;2.368,91;706;"Transferência Especial da União ";3110;Identificação das Transferências da União decorrentes de emendas parlamentares individuais
João Pessoa;610095;Fundo Municipal de Saúde de João Pessoa;102025;2025;13210101;Remuneração de Depósitos Bancários - Principal;Lançamento de Receita;75.407,1;659;"Outros Recursos Vinculados à Saúde ";"Não ";Não Aplicável
João Pessoa;610095;Fundo Municipal de Saúde de João Pessoa;102025;2025;13210101;Remuneração de Depósitos Bancários - Principal;Lançamento de Receita;13.759,49;631;"Transferências do Governo Federal referentes a Convênios e outros Repasses vinculados à Saúde ";"Não ";Não Aplicável
João Pessoa;610095;Fundo Municipal de Saúde de João Pessoa;102025;2025;13210101;Remuneração de Depósitos Bancários - Principal;Lançamento de Receita;17.843,85;621;"Transferências Fundo a Fundo de Recursos do SUS provenientes do Governo Estadual ";"Não ";Não Aplicável
João Pessoa;610095;Fundo Municipal de Saúde de João Pessoa;102025;2025;13210101;Remuneração de Depósitos Bancários - Principal;Lançamento de Receita;15.414,32;600;Transferências Fundo a Fundo de Recursos do SUS provenientes do Governo Federal - Bloco de Manutenção das Ações e Serviços Públicos de Saúde;3120;Identificação das Transferências da União decorrentes de emendas parlamentares de bancada
João Pessoa;610095;Fundo Municipal de Saúde de João Pessoa;102025;2025;13210101;Remuneração de Depósitos Bancários - Principal;Lançamento de Receita;37.335,06;601;Transferências Fundo a Fundo de Recursos do SUS provenientes do Governo Federal - Bloco de Estruturação da Rede de Serviços Públicos de Saúde;"Não ";Não Aplicável
João Pessoa;610095;Fundo Municipal de Saúde de João Pessoa;102025;2025;13210101;Remuneração de Depósitos Bancários - Principal;Lançamento de Receita;123.746,27;605;Assistência financeira da União destinada à complementação ao pagamento dos pisos salariais para profissionais da enfermagem;"Não ";Não Aplicável
João Pessoa;610095;Fundo Municipal de Saúde de João Pessoa;102025;2025;13210101;Remuneração de Depósitos Bancários - Principal;Lançamento de Receita;17.982,69;601;Transferências Fundo a Fundo de Recursos do SUS provenientes do Governo Federal - Bloco de Estruturação da Rede de Serviços Públicos de Saúde;3120;Identificação das Transferências da União decorrentes de emendas parlamentares de bancada
João Pessoa;610095;Fundo Municipal de Saúde de João Pessoa;092025;2025;13210101;Remuneração de Depósitos Bancários - Principal;Lançamento de Receita;83.357,16;659;"Outros Recursos Vinculados à Saúde ";"Não ";Não Aplicável
João Pessoa;610095;Fundo Municipal de Saúde de João Pessoa;092025;2025;13210101;Remuneração de Depósitos Bancários - Principal;Lançamento de Receita;17.048,33;601;Transferências Fundo a Fundo de Recursos do SUS provenientes do Governo Federal - Bloco de Estruturação da Rede de Serviços Públicos de Saúde;3120;Identificação das Transferências da União decorrentes de emendas parlamentares de bancada
João Pessoa;610095;Fundo Municipal de Saúde de João Pessoa;092025;2025;13210101;Remuneração de Depósitos Bancários - Principal;Lançamento de Receita;12.085,41;621;"Transferências Fundo a Fundo de Recursos do SUS provenientes do Governo Estadual ";"Não ";Não Aplicável
João Pessoa;610095;Fundo Municipal de Saúde de João Pessoa;092025;2025;13210101;Remuneração de Depósitos Bancários - Principal;Lançamento de Receita;114.533,56;605;Assistência financeira da União destinada à complementação ao pagamento dos pisos salariais para profissionais da enfermagem;"Não ";Não Aplicável
João Pessoa;610095;Fundo Municipal de Saúde de João Pessoa;092025;2025;13210101;Remuneração de Depósitos Bancários - Principal;Lançamento de Receita;43.075,71;601;Transferências Fundo a Fundo de Recursos do SUS provenientes do Governo Federal - Bloco de Estruturação da Rede de Serviços Públicos de Saúde;"Não ";Não Aplicável
João Pessoa;610095;Fundo Municipal de Saúde de João Pessoa;092025;2025;13210101;Remuneração de Depósitos Bancários - Principal;Lançamento de Receita;928.441,3;600;Transferências Fundo a Fundo de Recursos do SUS provenientes do Governo Federal - Bloco de Manutenção das Ações e Serviços Públicos de Saúde;"Não ";Não Aplicável
João Pessoa;610095;Fundo Municipal de Saúde de João Pessoa;092025;2025;13210101;Remuneração de Depósitos Bancários - Principal;Lançamento de Receita;12.184,83;600;Transferências Fundo a Fundo de Recursos do SUS provenientes do Governo Federal - Bloco de Manutenção das Ações e Serviços Públicos de Saúde;3120;Identificação das Transferências da União decorrentes de emendas parlamentares de bancada
João Pessoa;610095;Fundo Municipal de Saúde de João Pessoa;092025;2025;13210101;Remuneração de Depósitos Bancários - Principal;Lançamento de Receita;86.862,66;500;Recursos não vinculados de Impostos;1002;Identificação das despesas com ações e serviços públicos de saúde
João Pessoa;610095;Fundo Municipal de Saúde de João Pessoa;092025;2025;13210101;Remuneração de Depósitos Bancários - Principal;Lançamento de Receita;2.245,84;706;"Transferência Especial da União ";3110;Identificação das Transferências da União decorrentes de emendas parlamentares individuais
João Pessoa;610095;Fundo Municipal de Saúde de João Pessoa;092025;2025;13210101;Remuneração de Depósitos Bancários - Principal;Lançamento de Receita;58.610,93;600;Transferências Fundo a Fundo de Recursos do SUS provenientes do Governo Federal - Bloco de Manutenção das Ações e Serviços Públicos de Saúde;3110;Identificação das Transferências da União decorrentes de emendas parlamentares individuais
João Pessoa;610095;Fundo Municipal de Saúde de João Pessoa;082025;2025;13210101;Remuneração de Depósitos Bancários - Principal;Lançamento de Receita;2.125,36;706;"Transferência Especial da União ";3110;Identificação das Transferências da União decorrentes de emendas parlamentares individuais
João Pessoa;610095;Fundo Municipal de Saúde de João Pessoa;082025;2025;13210101;Remuneração de Depósitos Bancários - Principal;Lançamento de Receita;63.720,12;601;Transferências Fundo a Fundo de Recursos do SUS provenientes do Governo Federal - Bloco de Estruturação da Rede de Serviços Públicos de Saúde;"Não ";Não Aplicável
João Pessoa;610095;Fundo Municipal de Saúde de João Pessoa;082025;2025;13210101;Remuneração de Depósitos Bancários - Principal;Lançamento de Receita;105.617,29;605;Assistência financeira da União destinada à complementação ao pagamento dos pisos salariais para profissionais da enfermagem;"Não ";Não Aplicável
João Pessoa;610095;Fundo Municipal de Saúde de João Pessoa;082025;2025;13210101;Remuneração de Depósitos Bancários - Principal;Lançamento de Receita;75.568,21;659;"Outros Recursos Vinculados à Saúde ";"Não ";Não Aplicável
João Pessoa;610095;Fundo Municipal de Saúde de João Pessoa;082025;2025;13210101;Remuneração de Depósitos Bancários - Principal;Lançamento de Receita;11.874,82;631;"Transferências do Governo Federal referentes a Convênios e outros Repasses vinculados à Saúde ";"Não ";Não Aplicável
João Pessoa;610095;Fundo Municipal de Saúde de João Pessoa;082025;2025;13210101;Remuneração de Depósitos Bancários - Principal;Lançamento de Receita;932.166,71;600;Transferências Fundo a Fundo de Recursos do SUS provenientes do Governo Federal - Bloco de Manutenção das Ações e Serviços Públicos de Saúde;"Não ";Não Aplicável
João Pessoa;610095;Fundo Municipal de Saúde de João Pessoa;082025;2025;13210101;Remuneração de Depósitos Bancários - Principal;Lançamento de Receita;101.371,56;500;Recursos não vinculados de Impostos;1002;Identificação das despesas com ações e serviços públicos de saúde
João Pessoa;610095;Fundo Municipal de Saúde de João Pessoa;082025;2025;13210101;Remuneração de Depósitos Bancários - Principal;Lançamento de Receita;0,6;621;"Transferências Fundo a Fundo de Recursos do SUS provenientes do Governo Estadual ";"Não ";Não Aplicável
João Pessoa;610095;Fundo Municipal de Saúde de João Pessoa;072025;2025;13210101;Remuneração de Depósitos Bancários - Principal;Lançamento de Receita;108.749,97;605;Assistência financeira da União destinada à complementação ao pagamento dos pisos salariais para profissionais da enfermagem;"Não ";Não Aplicável
João Pessoa;610095;Fundo Municipal de Saúde de João Pessoa;072025;2025;13210101;Remuneração de Depósitos Bancários - Principal;Lançamento de Receita;12.863,58;631;"Transferências do Governo Federal referentes a Convênios e outros Repasses vinculados à Saúde ";"Não ";Não Aplicável
João Pessoa;610095;Fundo Municipal de Saúde de João Pessoa;072025;2025;13210101;Remuneração de Depósitos Bancários - Principal;Lançamento de Receita;75.257,62;601;Transferências Fundo a Fundo de Recursos do SUS provenientes do Governo Federal - Bloco de Estruturação da Rede de Serviços Públicos de Saúde;"Não ";Não Aplicável
João Pessoa;610095;Fundo Municipal de Saúde de João Pessoa;072025;2025;13210101;Remuneração de Depósitos Bancários - Principal;Lançamento de Receita;8.197,1;621;"Transferências Fundo a Fundo de Recursos do SUS provenientes do Governo Estadual ";"Não ";Não Aplicável
João Pessoa;610095;Fundo Municipal de Saúde de João Pessoa;072025;2025;13210101;Remuneração de Depósitos Bancários - Principal;Lançamento de Receita;126.676,05;500;Recursos não vinculados de Impostos;1002;Identificação das despesas com ações e serviços públicos de saúde
João Pessoa;610095;Fundo Municipal de Saúde de João Pessoa;072025;2025;13210101;Remuneração de Depósitos Bancários - Principal;Lançamento de Receita;2.306,72;706;"Transferência Especial da União ";3110;Identificação das Transferências da União decorrentes de emendas parlamentares individuais
João Pessoa;610095;Fundo Municipal de Saúde de João Pessoa;072025;2025;13210101;Remuneração de Depósitos Bancários - Principal;Lançamento de Receita;987.972,5;600;Transferências Fundo a Fundo de Recursos do SUS provenientes do Governo Federal - Bloco de Manutenção das Ações e Serviços Públicos de Saúde;"Não ";Não Aplicável
João Pessoa;610095;Fundo Municipal de Saúde de João Pessoa;072025;2025;13210101;Remuneração de Depósitos Bancários - Principal;Lançamento de Receita;72.697,49;659;"Outros Recursos Vinculados à Saúde ";"Não ";Não Aplicável
João Pessoa;610095;Fundo Municipal de Saúde de João Pessoa;062025;2025;13210101;Remuneração de Depósitos Bancários - Principal;Lançamento de Receita;1.963,05;706;"Transferência Especial da União ";3110;Identificação das Transferências da União decorrentes de emendas parlamentares individuais
João Pessoa;610095;Fundo Municipal de Saúde de João Pessoa;062025;2025;13210101;Remuneração de Depósitos Bancários - Principal;Lançamento de Receita;870.103,8;600;Transferências Fundo a Fundo de Recursos do SUS provenientes do Governo Federal - Bloco de Manutenção das Ações e Serviços Públicos de Saúde;"Não ";Não Aplicável
João Pessoa;610095;Fundo Municipal de Saúde de João Pessoa;062025;2025;13210101;Remuneração de Depósitos Bancários - Principal;Lançamento de Receita;70.631,55;601;Transferências Fundo a Fundo de Recursos do SUS provenientes do Governo Federal - Bloco de Estruturação da Rede de Serviços Públicos de Saúde;"Não ";Não Aplicável
João Pessoa;610095;Fundo Municipal de Saúde de João Pessoa;062025;2025;13210101;Remuneração de Depósitos Bancários - Principal;Lançamento de Receita;61.404,19;659;"Outros Recursos Vinculados à Saúde ";"Não ";Não Aplicável
João Pessoa;610095;Fundo Municipal de Saúde de João Pessoa;062025;2025;13210101;Remuneração de Depósitos Bancários - Principal;Lançamento de Receita;10.883,34;631;"Transferências do Governo Federal referentes a Convênios e outros Repasses vinculados à Saúde ";"Não ";Não Aplicável
João Pessoa;610095;Fundo Municipal de Saúde de João Pessoa;062025;2025;13210101;Remuneração de Depósitos Bancários - Principal;Lançamento de Receita;130.232,81;500;Recursos não vinculados de Impostos;1002;Identificação das despesas com ações e serviços públicos de saúde
João Pessoa;610095;Fundo Municipal de Saúde de João Pessoa;062025;2025;13210101;Remuneração de Depósitos Bancários - Principal;Lançamento de Receita;89.424,46;605;Assistência financeira da União destinada à complementação ao pagamento dos pisos salariais para profissionais da enfermagem;"Não ";Não Aplicável
João Pessoa;610095;Fundo Municipal de Saúde de João Pessoa;062025;2025;13210101;Remuneração de Depósitos Bancários - Principal;Lançamento de Receita;8.074,6;621;"Transferências Fundo a Fundo de Recursos do SUS provenientes do Governo Estadual ";"Não ";Não Aplicável
João Pessoa;610095;Fundo Municipal de Saúde de João Pessoa;052025;2025;13210101;Remuneração de Depósitos Bancários - Principal;Lançamento de Receita;65.338,82;659;"Outros Recursos Vinculados à Saúde ";"Não ";Não Aplicável
João Pessoa;610095;Fundo Municipal de Saúde de João Pessoa;052025;2025;13210101;Remuneração de Depósitos Bancários - Principal;Lançamento de Receita;86.812,41;601;Transferências Fundo a Fundo de Recursos do SUS provenientes do Governo Federal - Bloco de Estruturação da Rede de Serviços Públicos de Saúde;"Não ";Não Aplicável
João Pessoa;610095;Fundo Municipal de Saúde de João Pessoa;052025;2025;13210101;Remuneração de Depósitos Bancários - Principal;Lançamento de Receita;2.112,01;706;"Transferência Especial da União ";3110;Identificação das Transferências da União decorrentes de emendas parlamentares individuais
João Pessoa;610095;Fundo Municipal de Saúde de João Pessoa;052025;2025;13210101;Remuneração de Depósitos Bancários - Principal;Lançamento de Receita;131.062,6;500;Recursos não vinculados de Impostos;1002;Identificação das despesas com ações e serviços públicos de saúde
João Pessoa;610095;Fundo Municipal de Saúde de João Pessoa;052025;2025;13210101;Remuneração de Depósitos Bancários - Principal;Lançamento de Receita;11.167,33;631;"Transferências do Governo Federal referentes a Convênios e outros Repasses vinculados à Saúde ";"Não ";Não Aplicável
João Pessoa;610095;Fundo Municipal de Saúde de João Pessoa;052025;2025;13210101;Remuneração de Depósitos Bancários - Principal;Lançamento de Receita;89.470,49;605;Assistência financeira da União destinada à complementação ao pagamento dos pisos salariais para profissionais da enfermagem;"Não ";Não Aplicável
João Pessoa;610095;Fundo Municipal de Saúde de João Pessoa;052025;2025;13210101;Remuneração de Depósitos Bancários - Principal;Lançamento de Receita;12.968,16;621;"Transferências Fundo a Fundo de Recursos do SUS provenientes do Governo Estadual ";"Não ";Não Aplicável
João Pessoa;610095;Fundo Municipal de Saúde de João Pessoa;052025;2025;13210101;Remuneração de Depósitos Bancários - Principal;Lançamento de Receita;938.892,38;600;Transferências Fundo a Fundo de Recursos do SUS provenientes do Governo Federal - Bloco de Manutenção das Ações e Serviços Públicos de Saúde;"Não ";Não Aplicável
João Pessoa;610095;Fundo Municipal de Saúde de João Pessoa;042025;2025;13210101;Remuneração de Depósitos Bancários - Principal;Lançamento de Receita;1.930,17;706;"Transferência Especial da União ";3110;Identificação das Transferências da União decorrentes de emendas parlamentares individuais
João Pessoa;610095;Fundo Municipal de Saúde de João Pessoa;042025;2025;13210101;Remuneração de Depósitos Bancários - Principal;Lançamento de Receita;916.131,75;600;Transferências Fundo a Fundo de Recursos do SUS provenientes do Governo Federal - Bloco de Manutenção das Ações e Serviços Públicos de Saúde;"Não ";Não Aplicável
João Pessoa;610095;Fundo Municipal de Saúde de João Pessoa;042025;2025;13210101;Remuneração de Depósitos Bancários - Principal;Lançamento de Receita;19,91;501;Outros Recursos não Vinculados;"Não ";Não Aplicável
João Pessoa;610095;Fundo Municipal de Saúde de João Pessoa;042025;2025;13210101;Remuneração de Depósitos Bancários - Principal;Lançamento de Receita;106.952,88;500;Recursos não vinculados de Impostos;1002;Identificação das despesas com ações e serviços públicos de saúde
João Pessoa;610095;Fundo Municipal de Saúde de João Pessoa;042025;2025;13210101;Remuneração de Depósitos Bancários - Principal;Lançamento de Receita;14.335,91;621;"Transferências Fundo a Fundo de Recursos do SUS provenientes do Governo Estadual ";"Não ";Não Aplicável
João Pessoa;610095;Fundo Municipal de Saúde de João Pessoa;042025;2025;13210101;Remuneração de Depósitos Bancários - Principal;Lançamento de Receita;81.946,54;605;Assistência financeira da União destinada à complementação ao pagamento dos pisos salariais para profissionais da enfermagem;"Não ";Não Aplicável
João Pessoa;610095;Fundo Municipal de Saúde de João Pessoa;042025;2025;13210101;Remuneração de Depósitos Bancários - Principal;Lançamento de Receita;87.215,4;601;Transferências Fundo a Fundo de Recursos do SUS provenientes do Governo Federal - Bloco de Estruturação da Rede de Serviços Públicos de Saúde;"Não ";Não Aplicável
João Pessoa;610095;Fundo Municipal de Saúde de João Pessoa;042025;2025;13210101;Remuneração de Depósitos Bancários - Principal;Lançamento de Receita;63.931,55;659;"Outros Recursos Vinculados à Saúde ";"Não ";Não Aplicável
João Pessoa;610095;Fundo Municipal de Saúde de João Pessoa;032025;2025;13210101;Remuneração de Depósitos Bancários - Principal;Lançamento de Receita;11.992,2;621;"Transferências Fundo a Fundo de Recursos do SUS provenientes do Governo Estadual ";"Não ";Não Aplicável
João Pessoa;610095;Fundo Municipal de Saúde de João Pessoa;032025;2025;13210101;Remuneração de Depósitos Bancários - Principal;Lançamento de Receita;52.597,75;659;"Outros Recursos Vinculados à Saúde ";"Não ";Não Aplicável
João Pessoa;610095;Fundo Municipal de Saúde de João Pessoa;032025;2025;13210101;Remuneração de Depósitos Bancários - Principal;Lançamento de Receita;1.655,5;631;"Transferências do Governo Federal referentes a Convênios e outros Repasses vinculados à Saúde ";"Não ";Não Aplicável
João Pessoa;610095;Fundo Municipal de Saúde de João Pessoa;032025;2025;13210101;Remuneração de Depósitos Bancários - Principal;Lançamento de Receita;795.364,14;600;Transferências Fundo a Fundo de Recursos do SUS provenientes do Governo Federal - Bloco de Manutenção das Ações e Serviços Públicos de Saúde;"Não ";Não Aplicável
João Pessoa;610095;Fundo Municipal de Saúde de João Pessoa;032025;2025;13210101;Remuneração de Depósitos Bancários - Principal;Lançamento de Receita;1.887,06;706;"Transferência Especial da União ";3110;Identificação das Transferências da União decorrentes de emendas parlamentares individuais
João Pessoa;610095;Fundo Municipal de Saúde de João Pessoa;032025;2025;13210101;Remuneração de Depósitos Bancários - Principal;Lançamento de Receita;70.288,14;605;Assistência financeira da União destinada à complementação ao pagamento dos pisos salariais para profissionais da enfermagem;"Não ";Não Aplicável
João Pessoa;610095;Fundo Municipal de Saúde de João Pessoa;032025;2025;13210101;Remuneração de Depósitos Bancários - Principal;Lançamento de Receita;81.046,54;601;Transferências Fundo a Fundo de Recursos do SUS provenientes do Governo Federal - Bloco de Estruturação da Rede de Serviços Públicos de Saúde;"Não ";Não Aplicável
João Pessoa;610095;Fundo Municipal de Saúde de João Pessoa;032025;2025;13210101;Remuneração de Depósitos Bancários - Principal;Lançamento de Receita;75.911,55;500;Recursos não vinculados de Impostos;1002;Identificação das despesas com ações e serviços públicos de saúde
João Pessoa;610095;Fundo Municipal de Saúde de João Pessoa;022025;2025;13210101;Remuneração de Depósitos Bancários - Principal;Lançamento de Receita;71.292,08;605;Assistência financeira da União destinada à complementação ao pagamento dos pisos salariais para profissionais da enfermagem;"Não ";Não Aplicável
João Pessoa;610095;Fundo Municipal de Saúde de João Pessoa;022025;2025;13210101;Remuneração de Depósitos Bancários - Principal;Lançamento de Receita;52.024,77;659;"Outros Recursos Vinculados à Saúde ";"Não ";Não Aplicável
João Pessoa;610095;Fundo Municipal de Saúde de João Pessoa;022025;2025;13210101;Remuneração de Depósitos Bancários - Principal;Lançamento de Receita;1.680,44;631;"Transferências do Governo Federal referentes a Convênios e outros Repasses vinculados à Saúde ";"Não ";Não Aplicável
João Pessoa;610095;Fundo Municipal de Saúde de João Pessoa;022025;2025;13210101;Remuneração de Depósitos Bancários - Principal;Lançamento de Receita;2.043,65;706;"Transferência Especial da União ";3110;Identificação das Transferências da União decorrentes de emendas parlamentares individuais
João Pessoa;610095;Fundo Municipal de Saúde de João Pessoa;022025;2025;13210101;Remuneração de Depósitos Bancários - Principal;Lançamento de Receita;0;501;Outros Recursos não Vinculados;"Não ";Não Aplicável
João Pessoa;610095;Fundo Municipal de Saúde de João Pessoa;022025;2025;13210101;Remuneração de Depósitos Bancários - Principal;Lançamento de Receita;8.650,56;621;"Transferências Fundo a Fundo de Recursos do SUS provenientes do Governo Estadual ";"Não ";Não Aplicável
João Pessoa;610095;Fundo Municipal de Saúde de João Pessoa;022025;2025;13210101;Remuneração de Depósitos Bancários - Principal;Lançamento de Receita;49.040,07;500;Recursos não vinculados de Impostos;1002;Identificação das despesas com ações e serviços públicos de saúde
João Pessoa;610095;Fundo Municipal de Saúde de João Pessoa;022025;2025;13210101;Remuneração de Depósitos Bancários - Principal;Lançamento de Receita;780.440,04;600;Transferências Fundo a Fundo de Recursos do SUS provenientes do Governo Federal - Bloco de Manutenção das Ações e Serviços Públicos de Saúde;"Não ";Não Aplicável
João Pessoa;610095;Fundo Municipal de Saúde de João Pessoa;022025;2025;13210101;Remuneração de Depósitos Bancários - Principal;Lançamento de Receita;75.120,37;601;Transferências Fundo a Fundo de Recursos do SUS provenientes do Governo Federal - Bloco de Estruturação da Rede de Serviços Públicos de Saúde;"Não ";Não Aplicável
João Pessoa;610095;Fundo Municipal de Saúde de João Pessoa;012025;2025;13210101;Remuneração de Depósitos Bancários - Principal;Lançamento de Receita;1.685,29;631;"Transferências do Governo Federal referentes a Convênios e outros Repasses vinculados à Saúde ";"Não ";Não Aplicável
João Pessoa;610095;Fundo Municipal de Saúde de João Pessoa;012025;2025;13210101;Remuneração de Depósitos Bancários - Principal;Lançamento de Receita;2.282,83;706;"Transferência Especial da União ";3110;Identificação das Transferências da União decorrentes de emendas parlamentares individuais
João Pessoa;610095;Fundo Municipal de Saúde de João Pessoa;012025;2025;13210101;Remuneração de Depósitos Bancários - Principal;Lançamento de Receita;48.568;500;Recursos não vinculados de Impostos;1002;Identificação das despesas com ações e serviços públicos de saúde
João Pessoa;610095;Fundo Municipal de Saúde de João Pessoa;012025;2025;13210101;Remuneração de Depósitos Bancários - Principal;Lançamento de Receita;51.090,36;659;"Outros Recursos Vinculados à Saúde ";"Não ";Não Aplicável
João Pessoa;610095;Fundo Municipal de Saúde de João Pessoa;012025;2025;13210101;Remuneração de Depósitos Bancários - Principal;Lançamento de Receita;4.622,31;621;"Transferências Fundo a Fundo de Recursos do SUS provenientes do Governo Estadual ";"Não ";Não Aplicável
João Pessoa;610095;Fundo Municipal de Saúde de João Pessoa;012025;2025;13210101;Remuneração de Depósitos Bancários - Principal;Lançamento de Receita;832.418,14;600;Transferências Fundo a Fundo de Recursos do SUS provenientes do Governo Federal - Bloco de Manutenção das Ações e Serviços Públicos de Saúde;"Não ";Não Aplicável
João Pessoa;610095;Fundo Municipal de Saúde de João Pessoa;012025;2025;13210101;Remuneração de Depósitos Bancários - Principal;Lançamento de Receita;85.154,04;601;Transferências Fundo a Fundo de Recursos do SUS provenientes do Governo Federal - Bloco de Estruturação da Rede de Serviços Públicos de Saúde;"Não ";Não Aplicável
João Pessoa;610095;Fundo Municipal de Saúde de João Pessoa;012025;2025;13210101;Remuneração de Depósitos Bancários - Principal;Lançamento de Receita;76.701,29;605;Assistência financeira da União destinada à complementação ao pagamento dos pisos salariais para profissionais da enfermagem;"Não ";Não Aplicável
João Pessoa;610095;Fundo Municipal de Saúde de João Pessoa;102025;2025;11210101;Taxas de Inspeção, Controle e Fiscalização - Principal;Lançamento de Receita;0;659;"Outros Recursos Vinculados à Saúde ";"Não ";Não Aplicável
João Pessoa;610095;Fundo Municipal de Saúde de João Pessoa;092025;2025;11210101;Taxas de Inspeção, Controle e Fiscalização - Principal;Lançamento de Receita;0,01;659;"Outros Recursos Vinculados à Saúde ";"Não ";Não Aplicável
João Pessoa;610095;Fundo Municipal de Saúde de João Pessoa;062025;2025;11210101;Taxas de Inspeção, Controle e Fiscalização - Principal;Lançamento de Receita;10.691,27;659;"Outros Recursos Vinculados à Saúde ";"Não ";Não Aplicável
João Pessoa;610095;Fundo Municipal de Saúde de João Pessoa;052025;2025;11210101;Taxas de Inspeção, Controle e Fiscalização - Principal;Lançamento de Receita;63.995,38;659;"Outros Recursos Vinculados à Saúde ";"Não ";Não Aplicável
João Pessoa;610095;Fundo Municipal de Saúde de João Pessoa;042025;2025;11210101;Taxas de Inspeção, Controle e Fiscalização - Principal;Lançamento de Receita;96.073,92;659;"Outros Recursos Vinculados à Saúde ";"Não ";Não Aplicável
João Pessoa;610095;Fundo Municipal de Saúde de João Pessoa;032025;2025;11210101;Taxas de Inspeção, Controle e Fiscalização - Principal;Lançamento de Receita;105.342,39;659;"Outros Recursos Vinculados à Saúde ";"Não ";Não Aplicável
João Pessoa;610095;Fundo Municipal de Saúde de João Pessoa;022025;2025;11210101;Taxas de Inspeção, Controle e Fiscalização - Principal;Lançamento de Receita;142.214,07;659;"Outros Recursos Vinculados à Saúde ";"Não ";Não Aplicável
João Pessoa;610095;Fundo Municipal de Saúde de João Pessoa;012025;2025;11210101;Taxas de Inspeção, Controle e Fiscalização - Principal;Lançamento de Receita;63.197,06;659;"Outros Recursos Vinculados à Saúde ";"Não ";Não Aplicável
João Pessoa;614095;Fundo Municipal da Câmara Municipal de João Pessoa - FEJP;112025;2025;13210101;Remuneração de Depósitos Bancários - Principal;Lançamento de Receita;6.550,88;759;Recursos vinculados a fundos;"Não ";Não Aplicável
João Pessoa;614095;Fundo Municipal da Câmara Municipal de João Pessoa - FEJP;102025;2025;13210101;Remuneração de Depósitos Bancários - Principal;Lançamento de Receita;10.569,79;759;Recursos vinculados a fundos;"Não ";Não Aplicável
João Pessoa;614095;Fundo Municipal da Câmara Municipal de João Pessoa - FEJP;092025;2025;13210101;Remuneração de Depósitos Bancários - Principal;Lançamento de Receita;13.897,56;759;Recursos vinculados a fundos;"Não ";Não Aplicável
João Pessoa;614095;Fundo Municipal da Câmara Municipal de João Pessoa - FEJP;082025;2025;13210101;Remuneração de Depósitos Bancários - Principal;Lançamento de Receita;15.294,35;759;Recursos vinculados a fundos;"Não ";Não Aplicável
João Pessoa;614095;Fundo Municipal da Câmara Municipal de João Pessoa - FEJP;072025;2025;13210101;Remuneração de Depósitos Bancários - Principal;Lançamento de Receita;20.707,77;759;Recursos vinculados a fundos;"Não ";Não Aplicável
João Pessoa;614095;Fundo Municipal da Câmara Municipal de João Pessoa - FEJP;062025;2025;13210101;Remuneração de Depósitos Bancários - Principal;Lançamento de Receita;18.405,39;759;Recursos vinculados a fundos;"Não ";Não Aplicável
João Pessoa;614095;Fundo Municipal da Câmara Municipal de João Pessoa - FEJP;052025;2025;13210101;Remuneração de Depósitos Bancários - Principal;Lançamento de Receita;30.046,06;759;Recursos vinculados a fundos;"Não ";Não Aplicável
João Pessoa;614095;Fundo Municipal da Câmara Municipal de João Pessoa - FEJP;042025;2025;13210101;Remuneração de Depósitos Bancários - Principal;Lançamento de Receita;6.176,83;754;"Recursos de Operações de Crédito ";"Não ";Não Aplicável
João Pessoa;614095;Fundo Municipal da Câmara Municipal de João Pessoa - FEJP;032025;2025;13210101;Remuneração de Depósitos Bancários - Principal;Lançamento de Receita;15.629,31;759;Recursos vinculados a fundos;"Não ";Não Aplicável
João Pessoa;614095;Fundo Municipal da Câmara Municipal de João Pessoa - FEJP;022025;2025;13210101;Remuneração de Depósitos Bancários - Principal;Lançamento de Receita;15.347,53;759;Recursos vinculados a fundos;"Não ";Não Aplicável
João Pessoa;614095;Fundo Municipal da Câmara Municipal de João Pessoa - FEJP;012025;2025;13210101;Remuneração de Depósitos Bancários - Principal;Lançamento de Receita;7.328,4;759;Recursos vinculados a fundos;"Não ";Não Aplicável
