municipio;codigo_unidade_gestora;descricao_unidade_gestora;mes_ano;ano;codigo_receita;descricao_receita;tipo_atualizacao_receita;valor;codigo_fonte_recurso;descricao_fonte_recurso;co;descricao_co
Alhandra;201008;Prefeitura Municipal de Alhandra;122025;2025;24299901;Outras Transferências de Recursos dos Estados - Principal;Lançamento de Receita;1.000.000;710;Transferência Especial dos Estados;3210;Identificação das Transferências dos Estados decorrentes de emendas parlamentares individuais
Alhandra;201008;Prefeitura Municipal de Alhandra;122025;2025;24149901;Outras Transferências de Convênios da União e de Suas Entidades - Principal;Lançamento de Receita;960.019;700;Outras Transferências de Convênios ou Repasses da União;"Não ";Não Aplicável
Alhandra;201008;Prefeitura Municipal de Alhandra;102025;2025;24149901;Outras Transferências de Convênios da União e de Suas Entidades - Principal;Lançamento de Receita;3.120.903;706;"Transferência Especial da União ";3110;Identificação das Transferências da União decorrentes de emendas parlamentares individuais
Alhandra;201008;Prefeitura Municipal de Alhandra;082025;2025;24149901;Outras Transferências de Convênios da União e de Suas Entidades - Principal;Lançamento de Receita;272.940,7;706;"Transferência Especial da União ";3110;Identificação das Transferências da União decorrentes de emendas parlamentares individuais
Alhandra;201008;Prefeitura Municipal de Alhandra;032025;2025;24149901;Outras Transferências de Convênios da União e de Suas Entidades - Principal;Lançamento de Receita;600.000;706;"Transferência Especial da União ";3110;Identificação das Transferências da União decorrentes de emendas parlamentares individuais
Alhandra;201008;Prefeitura Municipal de Alhandra;052025;2025;24145101;Transferências de Convênios da União destinadas a Programas de Educação - Principal;Lançamento de Receita;166.221,41;570;Transferências do Governo Federal referentes a Convênios e outros Repasses vinculados à Educação;"Não ";Não Aplicável
Alhandra;201008;Prefeitura Municipal de Alhandra;032025;2025;24145101;Transferências de Convênios da União destinadas a Programas de Educação - Principal;Lançamento de Receita;219.490,01;570;Transferências do Governo Federal referentes a Convênios e outros Repasses vinculados à Educação;"Não ";Não Aplicável
Alhandra;201008;Prefeitura Municipal de Alhandra;012025;2025;24145101;Transferências de Convênios da União destinadas a Programas de Educação - Principal;Lançamento de Receita;53.268,6;570;Transferências do Governo Federal referentes a Convênios e outros Repasses vinculados à Educação;"Não ";Não Aplicável
Alhandra;201008;Prefeitura Municipal de Alhandra;122025;2025;19999911;Outras Receitas Administradas pela RFB - Principal;Lançamento de Receita;38.558,41;500;Recursos não vinculados de Impostos;"Não ";Não Aplicável
Alhandra;201008;Prefeitura Municipal de Alhandra;112025;2025;19999911;Outras Receitas Administradas pela RFB - Principal;Lançamento de Receita;29.211,13;500;Recursos não vinculados de Impostos;"Não ";Não Aplicável
Alhandra;201008;Prefeitura Municipal de Alhandra;102025;2025;19999911;Outras Receitas Administradas pela RFB - Principal;Lançamento de Receita;45.101,23;500;Recursos não vinculados de Impostos;"Não ";Não Aplicável
Alhandra;201008;Prefeitura Municipal de Alhandra;092025;2025;19999911;Outras Receitas Administradas pela RFB - Principal;Lançamento de Receita;41.634,29;500;Recursos não vinculados de Impostos;"Não ";Não Aplicável
Alhandra;201008;Prefeitura Municipal de Alhandra;082025;2025;19999911;Outras Receitas Administradas pela RFB - Principal;Lançamento de Receita;34.819,61;500;Recursos não vinculados de Impostos;"Não ";Não Aplicável
Alhandra;201008;Prefeitura Municipal de Alhandra;072025;2025;19999911;Outras Receitas Administradas pela RFB - Principal;Lançamento de Receita;47.967,28;500;Recursos não vinculados de Impostos;"Não ";Não Aplicável
Alhandra;201008;Prefeitura Municipal de Alhandra;062025;2025;19999911;Outras Receitas Administradas pela RFB - Principal;Lançamento de Receita;328.239,82;500;Recursos não vinculados de Impostos;"Não ";Não Aplicável
Alhandra;201008;Prefeitura Municipal de Alhandra;052025;2025;19999911;Outras Receitas Administradas pela RFB - Principal;Lançamento de Receita;25.338,43;500;Recursos não vinculados de Impostos;"Não ";Não Aplicável
Alhandra;201008;Prefeitura Municipal de Alhandra;042025;2025;19999911;Outras Receitas Administradas pela RFB - Principal;Lançamento de Receita;29.839,73;500;Recursos não vinculados de Impostos;"Não ";Não Aplicável
Alhandra;201008;Prefeitura Municipal de Alhandra;032025;2025;19999911;Outras Receitas Administradas pela RFB - Principal;Lançamento de Receita;15.444,92;500;Recursos não vinculados de Impostos;"Não ";Não Aplicável
Alhandra;201008;Prefeitura Municipal de Alhandra;022025;2025;19999911;Outras Receitas Administradas pela RFB - Principal;Lançamento de Receita;10.657,71;500;Recursos não vinculados de Impostos;"Não ";Não Aplicável
Alhandra;201008;Prefeitura Municipal de Alhandra;012025;2025;19999911;Outras Receitas Administradas pela RFB - Principal;Lançamento de Receita;3.415,87;500;Recursos não vinculados de Impostos;"Não ";Não Aplicável
Alhandra;201008;Prefeitura Municipal de Alhandra;122025;2025;19229901;Outras Restituições - Principal;Lançamento de Receita;49.583,08;500;Recursos não vinculados de Impostos;"Não ";Não Aplicável
Alhandra;201008;Prefeitura Municipal de Alhandra;112025;2025;19229901;Outras Restituições - Principal;Lançamento de Receita;3.604,68;500;Recursos não vinculados de Impostos;"Não ";Não Aplicável
Alhandra;201008;Prefeitura Municipal de Alhandra;102025;2025;19229901;Outras Restituições - Principal;Lançamento de Receita;1.581,22;500;Recursos não vinculados de Impostos;"Não ";Não Aplicável
Alhandra;201008;Prefeitura Municipal de Alhandra;092025;2025;19229901;Outras Restituições - Principal;Lançamento de Receita;5.639,53;500;Recursos não vinculados de Impostos;"Não ";Não Aplicável
Alhandra;201008;Prefeitura Municipal de Alhandra;082025;2025;19229901;Outras Restituições - Principal;Lançamento de Receita;-237.413,83;500;Recursos não vinculados de Impostos;"Não ";Não Aplicável
Alhandra;201008;Prefeitura Municipal de Alhandra;072025;2025;19229901;Outras Restituições - Principal;Lançamento de Receita;242.137,03;500;Recursos não vinculados de Impostos;"Não ";Não Aplicável
Alhandra;201008;Prefeitura Municipal de Alhandra;062025;2025;19229901;Outras Restituições - Principal;Lançamento de Receita;171.260;500;Recursos não vinculados de Impostos;"Não ";Não Aplicável
Alhandra;201008;Prefeitura Municipal de Alhandra;052025;2025;19229901;Outras Restituições - Principal;Lançamento de Receita;10.846,66;500;Recursos não vinculados de Impostos;"Não ";Não Aplicável
Alhandra;201008;Prefeitura Municipal de Alhandra;042025;2025;19229901;Outras Restituições - Principal;Lançamento de Receita;3.012;500;Recursos não vinculados de Impostos;"Não ";Não Aplicável
Alhandra;201008;Prefeitura Municipal de Alhandra;122025;2025;17515001;Transferências de Recursos do Fundo de Manutenção e Desenvolvimento da Educação Básica e de Valorização dos Profissionais da Educação – FUNDEB - Principal;Lançamento de Receita;2.728.411,81;540;Transferências do FUNDEB - Impostos e Transferências de Impostos;"Não ";Não Aplicável
Alhandra;201008;Prefeitura Municipal de Alhandra;112025;2025;17515001;Transferências de Recursos do Fundo de Manutenção e Desenvolvimento da Educação Básica e de Valorização dos Profissionais da Educação – FUNDEB - Principal;Lançamento de Receita;2.222.627,18;540;Transferências do FUNDEB - Impostos e Transferências de Impostos;"Não ";Não Aplicável
Alhandra;201008;Prefeitura Municipal de Alhandra;102025;2025;17515001;Transferências de Recursos do Fundo de Manutenção e Desenvolvimento da Educação Básica e de Valorização dos Profissionais da Educação – FUNDEB - Principal;Lançamento de Receita;1.933.266,73;540;Transferências do FUNDEB - Impostos e Transferências de Impostos;"Não ";Não Aplicável
Alhandra;201008;Prefeitura Municipal de Alhandra;092025;2025;17515001;Transferências de Recursos do Fundo de Manutenção e Desenvolvimento da Educação Básica e de Valorização dos Profissionais da Educação – FUNDEB - Principal;Lançamento de Receita;1.968.350,11;540;Transferências do FUNDEB - Impostos e Transferências de Impostos;"Não ";Não Aplicável
Alhandra;201008;Prefeitura Municipal de Alhandra;082025;2025;17515001;Transferências de Recursos do Fundo de Manutenção e Desenvolvimento da Educação Básica e de Valorização dos Profissionais da Educação – FUNDEB - Principal;Lançamento de Receita;2.243.849,42;540;Transferências do FUNDEB - Impostos e Transferências de Impostos;"Não ";Não Aplicável
Alhandra;201008;Prefeitura Municipal de Alhandra;072025;2025;17515001;Transferências de Recursos do Fundo de Manutenção e Desenvolvimento da Educação Básica e de Valorização dos Profissionais da Educação – FUNDEB - Principal;Lançamento de Receita;1.902.163,71;540;Transferências do FUNDEB - Impostos e Transferências de Impostos;"Não ";Não Aplicável
Alhandra;201008;Prefeitura Municipal de Alhandra;062025;2025;17515001;Transferências de Recursos do Fundo de Manutenção e Desenvolvimento da Educação Básica e de Valorização dos Profissionais da Educação – FUNDEB - Principal;Lançamento de Receita;2.386.224,63;540;Transferências do FUNDEB - Impostos e Transferências de Impostos;"Não ";Não Aplicável
Alhandra;201008;Prefeitura Municipal de Alhandra;052025;2025;17515001;Transferências de Recursos do Fundo de Manutenção e Desenvolvimento da Educação Básica e de Valorização dos Profissionais da Educação – FUNDEB - Principal;Lançamento de Receita;2.377.068,16;540;Transferências do FUNDEB - Impostos e Transferências de Impostos;"Não ";Não Aplicável
Alhandra;201008;Prefeitura Municipal de Alhandra;042025;2025;17515001;Transferências de Recursos do Fundo de Manutenção e Desenvolvimento da Educação Básica e de Valorização dos Profissionais da Educação – FUNDEB - Principal;Lançamento de Receita;2.069.410,07;540;Transferências do FUNDEB - Impostos e Transferências de Impostos;"Não ";Não Aplicável
Alhandra;201008;Prefeitura Municipal de Alhandra;032025;2025;17515001;Transferências de Recursos do Fundo de Manutenção e Desenvolvimento da Educação Básica e de Valorização dos Profissionais da Educação – FUNDEB - Principal;Lançamento de Receita;2.020.974,4;540;Transferências do FUNDEB - Impostos e Transferências de Impostos;"Não ";Não Aplicável
Alhandra;201008;Prefeitura Municipal de Alhandra;022025;2025;17515001;Transferências de Recursos do Fundo de Manutenção e Desenvolvimento da Educação Básica e de Valorização dos Profissionais da Educação – FUNDEB - Principal;Lançamento de Receita;2.577.389,41;540;Transferências do FUNDEB - Impostos e Transferências de Impostos;"Não ";Não Aplicável
Alhandra;201008;Prefeitura Municipal de Alhandra;012025;2025;17515001;Transferências de Recursos do Fundo de Manutenção e Desenvolvimento da Educação Básica e de Valorização dos Profissionais da Educação – FUNDEB - Principal;Lançamento de Receita;2.243.438,2;540;Transferências do FUNDEB - Impostos e Transferências de Impostos;"Não ";Não Aplicável
Alhandra;201008;Prefeitura Municipal de Alhandra;052025;2025;17299901;Outras Transferências dos Estados e DF - Principal;Lançamento de Receita;-11.648,35;710;Transferência Especial dos Estados;3210;Identificação das Transferências dos Estados decorrentes de emendas parlamentares individuais
Alhandra;201008;Prefeitura Municipal de Alhandra;012025;2025;17299901;Outras Transferências dos Estados e DF - Principal;Lançamento de Receita;11.648,35;710;Transferência Especial dos Estados;3210;Identificação das Transferências dos Estados decorrentes de emendas parlamentares individuais
Alhandra;201008;Prefeitura Municipal de Alhandra;122025;2025;17235001;Transferências de Recursos do Sistema Único de Saúde – SUS - Principal;Lançamento de Receita;25.450,61;621;"Transferências Fundo a Fundo de Recursos do SUS provenientes do Governo Estadual ";"Não ";Não Aplicável
Alhandra;201008;Prefeitura Municipal de Alhandra;112025;2025;17235001;Transferências de Recursos do Sistema Único de Saúde – SUS - Principal;Lançamento de Receita;25.450,61;621;"Transferências Fundo a Fundo de Recursos do SUS provenientes do Governo Estadual ";"Não ";Não Aplicável
Alhandra;201008;Prefeitura Municipal de Alhandra;102025;2025;17235001;Transferências de Recursos do Sistema Único de Saúde – SUS - Principal;Lançamento de Receita;50.901,22;621;"Transferências Fundo a Fundo de Recursos do SUS provenientes do Governo Estadual ";"Não ";Não Aplicável
Alhandra;201008;Prefeitura Municipal de Alhandra;082025;2025;17235001;Transferências de Recursos do Sistema Único de Saúde – SUS - Principal;Lançamento de Receita;25.450,61;621;"Transferências Fundo a Fundo de Recursos do SUS provenientes do Governo Estadual ";"Não ";Não Aplicável
Alhandra;201008;Prefeitura Municipal de Alhandra;072025;2025;17235001;Transferências de Recursos do Sistema Único de Saúde – SUS - Principal;Lançamento de Receita;25.450,61;621;"Transferências Fundo a Fundo de Recursos do SUS provenientes do Governo Estadual ";"Não ";Não Aplicável
Alhandra;201008;Prefeitura Municipal de Alhandra;062025;2025;17235001;Transferências de Recursos do Sistema Único de Saúde – SUS - Principal;Lançamento de Receita;25.450,61;621;"Transferências Fundo a Fundo de Recursos do SUS provenientes do Governo Estadual ";"Não ";Não Aplicável
Alhandra;201008;Prefeitura Municipal de Alhandra;052025;2025;17235001;Transferências de Recursos do Sistema Único de Saúde – SUS - Principal;Lançamento de Receita;25.450,61;621;"Transferências Fundo a Fundo de Recursos do SUS provenientes do Governo Estadual ";"Não ";Não Aplicável
Alhandra;201008;Prefeitura Municipal de Alhandra;042025;2025;17235001;Transferências de Recursos do Sistema Único de Saúde – SUS - Principal;Lançamento de Receita;25.450,61;621;"Transferências Fundo a Fundo de Recursos do SUS provenientes do Governo Estadual ";"Não ";Não Aplicável
Alhandra;201008;Prefeitura Municipal de Alhandra;032025;2025;17235001;Transferências de Recursos do Sistema Único de Saúde – SUS - Principal;Lançamento de Receita;25.450,61;621;"Transferências Fundo a Fundo de Recursos do SUS provenientes do Governo Estadual ";"Não ";Não Aplicável
Alhandra;201008;Prefeitura Municipal de Alhandra;022025;2025;17235001;Transferências de Recursos do Sistema Único de Saúde – SUS - Principal;Lançamento de Receita;25.450,61;621;"Transferências Fundo a Fundo de Recursos do SUS provenientes do Governo Estadual ";"Não ";Não Aplicável
Alhandra;201008;Prefeitura Municipal de Alhandra;012025;2025;17235001;Transferências de Recursos do Sistema Único de Saúde – SUS - Principal;Lançamento de Receita;25.450,61;621;"Transferências Fundo a Fundo de Recursos do SUS provenientes do Governo Estadual ";"Não ";Não Aplicável
Alhandra;201008;Prefeitura Municipal de Alhandra;102025;2025;17215301;Cota-Parte da Contribuição de Intervenção no Domínio Econômico - Principal;Lançamento de Receita;6.446,75;750;Recursos da Contribuição de Intervenção no Domínio Econômico - CIDE;"Não ";Não Aplicável
Alhandra;201008;Prefeitura Municipal de Alhandra;072025;2025;17215301;Cota-Parte da Contribuição de Intervenção no Domínio Econômico - Principal;Lançamento de Receita;6.113,47;750;Recursos da Contribuição de Intervenção no Domínio Econômico - CIDE;"Não ";Não Aplicável
Alhandra;201008;Prefeitura Municipal de Alhandra;042025;2025;17215301;Cota-Parte da Contribuição de Intervenção no Domínio Econômico - Principal;Lançamento de Receita;5.557,78;750;Recursos da Contribuição de Intervenção no Domínio Econômico - CIDE;"Não ";Não Aplicável
Alhandra;201008;Prefeitura Municipal de Alhandra;012025;2025;17215301;Cota-Parte da Contribuição de Intervenção no Domínio Econômico - Principal;Lançamento de Receita;5.949,31;750;Recursos da Contribuição de Intervenção no Domínio Econômico - CIDE;"Não ";Não Aplicável
Alhandra;201008;Prefeitura Municipal de Alhandra;012025;2025;17215201;Cota-Parte do IPI - Municípios - Principal;Lançamento de Receita;7.852,81;500;Recursos não vinculados de Impostos;"Não ";Não Aplicável
Alhandra;201008;Prefeitura Municipal de Alhandra;122025;2025;17215101;Cota-Parte do IPVA - Principal;Lançamento de Receita;58.412,6;500;Recursos não vinculados de Impostos;"Não ";Não Aplicável
Alhandra;201008;Prefeitura Municipal de Alhandra;112025;2025;17215101;Cota-Parte do IPVA - Principal;Lançamento de Receita;43.668,37;500;Recursos não vinculados de Impostos;"Não ";Não Aplicável
Alhandra;201008;Prefeitura Municipal de Alhandra;102025;2025;17215101;Cota-Parte do IPVA - Principal;Lançamento de Receita;85.221,34;500;Recursos não vinculados de Impostos;"Não ";Não Aplicável
Alhandra;201008;Prefeitura Municipal de Alhandra;092025;2025;17215101;Cota-Parte do IPVA - Principal;Lançamento de Receita;63.088,87;500;Recursos não vinculados de Impostos;"Não ";Não Aplicável
Alhandra;201008;Prefeitura Municipal de Alhandra;082025;2025;17215101;Cota-Parte do IPVA - Principal;Lançamento de Receita;84.732,03;500;Recursos não vinculados de Impostos;"Não ";Não Aplicável
Alhandra;201008;Prefeitura Municipal de Alhandra;072025;2025;17215101;Cota-Parte do IPVA - Principal;Lançamento de Receita;108.568,46;500;Recursos não vinculados de Impostos;"Não ";Não Aplicável
Alhandra;201008;Prefeitura Municipal de Alhandra;062025;2025;17215101;Cota-Parte do IPVA - Principal;Lançamento de Receita;67.895,54;500;Recursos não vinculados de Impostos;"Não ";Não Aplicável
Alhandra;201008;Prefeitura Municipal de Alhandra;052025;2025;17215101;Cota-Parte do IPVA - Principal;Lançamento de Receita;110.431,17;500;Recursos não vinculados de Impostos;"Não ";Não Aplicável
Alhandra;201008;Prefeitura Municipal de Alhandra;042025;2025;17215101;Cota-Parte do IPVA - Principal;Lançamento de Receita;91.554,66;500;Recursos não vinculados de Impostos;"Não ";Não Aplicável
Alhandra;201008;Prefeitura Municipal de Alhandra;032025;2025;17215101;Cota-Parte do IPVA - Principal;Lançamento de Receita;86.255,19;500;Recursos não vinculados de Impostos;"Não ";Não Aplicável
Alhandra;201008;Prefeitura Municipal de Alhandra;022025;2025;17215101;Cota-Parte do IPVA - Principal;Lançamento de Receita;90.482,46;500;Recursos não vinculados de Impostos;"Não ";Não Aplicável
Alhandra;201008;Prefeitura Municipal de Alhandra;012025;2025;17215101;Cota-Parte do IPVA - Principal;Lançamento de Receita;78.595,1;500;Recursos não vinculados de Impostos;"Não ";Não Aplicável
Alhandra;201008;Prefeitura Municipal de Alhandra;122025;2025;17215001;Cota-Parte do ICMS - Principal;Dedução do Fundeb;-2.578.281,02;500;Recursos não vinculados de Impostos;1001;Identificação das despesas com manutenção e desenvolvimento do ensino
Alhandra;201008;Prefeitura Municipal de Alhandra;122025;2025;17215001;Cota-Parte do ICMS - Principal;Lançamento de Receita;12.891.404,91;500;Recursos não vinculados de Impostos;"Não ";Não Aplicável
Alhandra;201008;Prefeitura Municipal de Alhandra;112025;2025;17215001;Cota-Parte do ICMS - Principal;Lançamento de Receita;9.007.418;500;Recursos não vinculados de Impostos;"Não ";Não Aplicável
Alhandra;201008;Prefeitura Municipal de Alhandra;112025;2025;17215001;Cota-Parte do ICMS - Principal;Dedução do Fundeb;-1.801.483,58;500;Recursos não vinculados de Impostos;1001;Identificação das despesas com manutenção e desenvolvimento do ensino
Alhandra;201008;Prefeitura Municipal de Alhandra;102025;2025;17215001;Cota-Parte do ICMS - Principal;Dedução do Fundeb;-1.992.035,45;500;Recursos não vinculados de Impostos;1001;Identificação das despesas com manutenção e desenvolvimento do ensino
Alhandra;201008;Prefeitura Municipal de Alhandra;102025;2025;17215001;Cota-Parte do ICMS - Principal;Lançamento de Receita;9.960.177,31;500;Recursos não vinculados de Impostos;"Não ";Não Aplicável
Alhandra;201008;Prefeitura Municipal de Alhandra;092025;2025;17215001;Cota-Parte do ICMS - Principal;Lançamento de Receita;10.904.859,62;500;Recursos não vinculados de Impostos;"Não ";Não Aplicável
Alhandra;201008;Prefeitura Municipal de Alhandra;092025;2025;17215001;Cota-Parte do ICMS - Principal;Dedução do Fundeb;-2.180.971,9;500;Recursos não vinculados de Impostos;1001;Identificação das despesas com manutenção e desenvolvimento do ensino
Alhandra;201008;Prefeitura Municipal de Alhandra;082025;2025;17215001;Cota-Parte do ICMS - Principal;Lançamento de Receita;11.458.060,74;500;Recursos não vinculados de Impostos;"Não ";Não Aplicável
Alhandra;201008;Prefeitura Municipal de Alhandra;082025;2025;17215001;Cota-Parte do ICMS - Principal;Dedução do Fundeb;-2.291.612,14;500;Recursos não vinculados de Impostos;1001;Identificação das despesas com manutenção e desenvolvimento do ensino
Alhandra;201008;Prefeitura Municipal de Alhandra;072025;2025;17215001;Cota-Parte do ICMS - Principal;Lançamento de Receita;10.688.228,86;500;Recursos não vinculados de Impostos;"Não ";Não Aplicável
Alhandra;201008;Prefeitura Municipal de Alhandra;072025;2025;17215001;Cota-Parte do ICMS - Principal;Dedução do Fundeb;-2.137.645,75;500;Recursos não vinculados de Impostos;1001;Identificação das despesas com manutenção e desenvolvimento do ensino
Alhandra;201008;Prefeitura Municipal de Alhandra;062025;2025;17215001;Cota-Parte do ICMS - Principal;Dedução do Fundeb;-1.909.234,15;500;Recursos não vinculados de Impostos;1001;Identificação das despesas com manutenção e desenvolvimento do ensino
Alhandra;201008;Prefeitura Municipal de Alhandra;062025;2025;17215001;Cota-Parte do ICMS - Principal;Lançamento de Receita;9.546.170,86;500;Recursos não vinculados de Impostos;"Não ";Não Aplicável
Alhandra;201008;Prefeitura Municipal de Alhandra;052025;2025;17215001;Cota-Parte do ICMS - Principal;Dedução do Fundeb;-1.882.795,57;500;Recursos não vinculados de Impostos;1001;Identificação das despesas com manutenção e desenvolvimento do ensino
Alhandra;201008;Prefeitura Municipal de Alhandra;052025;2025;17215001;Cota-Parte do ICMS - Principal;Lançamento de Receita;9.413.977,9;500;Recursos não vinculados de Impostos;"Não ";Não Aplicável
Alhandra;201008;Prefeitura Municipal de Alhandra;042025;2025;17215001;Cota-Parte do ICMS - Principal;Lançamento de Receita;9.809.861,74;500;Recursos não vinculados de Impostos;"Não ";Não Aplicável
Alhandra;201008;Prefeitura Municipal de Alhandra;042025;2025;17215001;Cota-Parte do ICMS - Principal;Dedução do Fundeb;-1.961.972,33;500;Recursos não vinculados de Impostos;1001;Identificação das despesas com manutenção e desenvolvimento do ensino
Alhandra;201008;Prefeitura Municipal de Alhandra;032025;2025;17215001;Cota-Parte do ICMS - Principal;Dedução do Fundeb;-1.927.167,29;500;Recursos não vinculados de Impostos;1001;Identificação das despesas com manutenção e desenvolvimento do ensino
Alhandra;201008;Prefeitura Municipal de Alhandra;032025;2025;17215001;Cota-Parte do ICMS - Principal;Lançamento de Receita;9.635.836,54;500;Recursos não vinculados de Impostos;"Não ";Não Aplicável
Alhandra;201008;Prefeitura Municipal de Alhandra;022025;2025;17215001;Cota-Parte do ICMS - Principal;Lançamento de Receita;9.183.373,95;500;Recursos não vinculados de Impostos;"Não ";Não Aplicável
Alhandra;201008;Prefeitura Municipal de Alhandra;022025;2025;17215001;Cota-Parte do ICMS - Principal;Dedução do Fundeb;-1.836.674,77;500;Recursos não vinculados de Impostos;1001;Identificação das despesas com manutenção e desenvolvimento do ensino
Alhandra;201008;Prefeitura Municipal de Alhandra;012025;2025;17215001;Cota-Parte do ICMS - Principal;Lançamento de Receita;10.486.738,35;500;Recursos não vinculados de Impostos;"Não ";Não Aplicável
Alhandra;201008;Prefeitura Municipal de Alhandra;012025;2025;17215001;Cota-Parte do ICMS - Principal;Dedução do Fundeb;-2.097.347,65;500;Recursos não vinculados de Impostos;1001;Identificação das despesas com manutenção e desenvolvimento do ensino
Alhandra;201008;Prefeitura Municipal de Alhandra;122025;2025;17199901;Outras Transferências de Recursos da União e de suas Entidades - Principal;Lançamento de Receita;124.846,45;501;Outros Recursos não Vinculados;"Não ";Não Aplicável
Alhandra;201008;Prefeitura Municipal de Alhandra;112025;2025;17199901;Outras Transferências de Recursos da União e de suas Entidades - Principal;Lançamento de Receita;176.324,34;501;Outros Recursos não Vinculados;"Não ";Não Aplicável
Alhandra;201008;Prefeitura Municipal de Alhandra;102025;2025;17199901;Outras Transferências de Recursos da União e de suas Entidades - Principal;Lançamento de Receita;17.218,79;501;Outros Recursos não Vinculados;"Não ";Não Aplicável
Alhandra;201008;Prefeitura Municipal de Alhandra;092025;2025;17199901;Outras Transferências de Recursos da União e de suas Entidades - Principal;Lançamento de Receita;5.102,73;501;Outros Recursos não Vinculados;"Não ";Não Aplicável
Alhandra;201008;Prefeitura Municipal de Alhandra;082025;2025;17199901;Outras Transferências de Recursos da União e de suas Entidades - Principal;Lançamento de Receita;10.186,38;501;Outros Recursos não Vinculados;"Não ";Não Aplicável
Alhandra;201008;Prefeitura Municipal de Alhandra;072025;2025;17199901;Outras Transferências de Recursos da União e de suas Entidades - Principal;Lançamento de Receita;10.000;501;Outros Recursos não Vinculados;"Não ";Não Aplicável
Alhandra;201008;Prefeitura Municipal de Alhandra;062025;2025;17199901;Outras Transferências de Recursos da União e de suas Entidades - Principal;Lançamento de Receita;111.695,55;501;Outros Recursos não Vinculados;"Não ";Não Aplicável
Alhandra;201008;Prefeitura Municipal de Alhandra;052025;2025;17199901;Outras Transferências de Recursos da União e de suas Entidades - Principal;Lançamento de Receita;10.875,19;501;Outros Recursos não Vinculados;"Não ";Não Aplicável
Alhandra;201008;Prefeitura Municipal de Alhandra;042025;2025;17199901;Outras Transferências de Recursos da União e de suas Entidades - Principal;Lançamento de Receita;43.730,69;501;Outros Recursos não Vinculados;"Não ";Não Aplicável
Alhandra;201008;Prefeitura Municipal de Alhandra;032025;2025;17199901;Outras Transferências de Recursos da União e de suas Entidades - Principal;Lançamento de Receita;80.983,06;501;Outros Recursos não Vinculados;"Não ";Não Aplicável
Alhandra;201008;Prefeitura Municipal de Alhandra;022025;2025;17199901;Outras Transferências de Recursos da União e de suas Entidades - Principal;Lançamento de Receita;73.866,63;501;Outros Recursos não Vinculados;"Não ";Não Aplicável
Alhandra;201008;Prefeitura Municipal de Alhandra;012025;2025;17199901;Outras Transferências de Recursos da União e de suas Entidades - Principal;Lançamento de Receita;298,36;716;Transferências Destinadas ao Setor cultural - LC nº 195/2022 - Art. 8º - Demais Setores da Cultura;"Não ";Não Aplicável
Alhandra;201008;Prefeitura Municipal de Alhandra;012025;2025;17199901;Outras Transferências de Recursos da União e de suas Entidades - Principal;Lançamento de Receita;18.453,41;501;Outros Recursos não Vinculados;"Não ";Não Aplicável
Alhandra;201008;Prefeitura Municipal de Alhandra;012025;2025;17199901;Outras Transferências de Recursos da União e de suas Entidades - Principal;Lançamento de Receita;405,74;715;Transferências Destinadas ao Setor Cultural - LC nº 195/2022 - Art. 5º - Audiovisual;"Não ";Não Aplicável
Alhandra;201008;Prefeitura Municipal de Alhandra;012025;2025;17196001;Transferências da Política Nacional Aldir Blanc de Fomento à Cultura - Lei nº 14.399/2022 - Principal;Lançamento de Receita;1.409,22;719;Transferências da Política Nacional Aldir Blanc de Fomento à Cultura - Lei 14.399/2022;"Não ";Não Aplicável
Alhandra;201008;Prefeitura Municipal de Alhandra;122025;2025;17195801;Transferência Obrigatória Decorrente da Lei Complementar nº 176/2020 - Principal;Lançamento de Receita;8.945,11;501;Outros Recursos não Vinculados;"Não ";Não Aplicável
Alhandra;201008;Prefeitura Municipal de Alhandra;112025;2025;17195801;Transferência Obrigatória Decorrente da Lei Complementar nº 176/2020 - Principal;Lançamento de Receita;8.535,97;501;Outros Recursos não Vinculados;"Não ";Não Aplicável
Alhandra;201008;Prefeitura Municipal de Alhandra;102025;2025;17195801;Transferência Obrigatória Decorrente da Lei Complementar nº 176/2020 - Principal;Lançamento de Receita;8.773,79;501;Outros Recursos não Vinculados;"Não ";Não Aplicável
Alhandra;201008;Prefeitura Municipal de Alhandra;092025;2025;17195801;Transferência Obrigatória Decorrente da Lei Complementar nº 176/2020 - Principal;Lançamento de Receita;5.772,81;501;Outros Recursos não Vinculados;"Não ";Não Aplicável
Alhandra;201008;Prefeitura Municipal de Alhandra;082025;2025;17195801;Transferência Obrigatória Decorrente da Lei Complementar nº 176/2020 - Principal;Lançamento de Receita;8.246,11;501;Outros Recursos não Vinculados;"Não ";Não Aplicável
Alhandra;201008;Prefeitura Municipal de Alhandra;072025;2025;17195801;Transferência Obrigatória Decorrente da Lei Complementar nº 176/2020 - Principal;Lançamento de Receita;8.572,14;501;Outros Recursos não Vinculados;"Não ";Não Aplicável
Alhandra;201008;Prefeitura Municipal de Alhandra;062025;2025;17195801;Transferência Obrigatória Decorrente da Lei Complementar nº 176/2020 - Principal;Lançamento de Receita;8.804,88;501;Outros Recursos não Vinculados;"Não ";Não Aplicável
Alhandra;201008;Prefeitura Municipal de Alhandra;052025;2025;17195801;Transferência Obrigatória Decorrente da Lei Complementar nº 176/2020 - Principal;Lançamento de Receita;8.127,04;501;Outros Recursos não Vinculados;"Não ";Não Aplicável
Alhandra;201008;Prefeitura Municipal de Alhandra;042025;2025;17195801;Transferência Obrigatória Decorrente da Lei Complementar nº 176/2020 - Principal;Lançamento de Receita;8.708,07;501;Outros Recursos não Vinculados;"Não ";Não Aplicável
Alhandra;201008;Prefeitura Municipal de Alhandra;032025;2025;17195801;Transferência Obrigatória Decorrente da Lei Complementar nº 176/2020 - Principal;Lançamento de Receita;8.556,16;501;Outros Recursos não Vinculados;"Não ";Não Aplicável
Alhandra;201008;Prefeitura Municipal de Alhandra;022025;2025;17195801;Transferência Obrigatória Decorrente da Lei Complementar nº 176/2020 - Principal;Lançamento de Receita;8.185,7;501;Outros Recursos não Vinculados;"Não ";Não Aplicável
Alhandra;201008;Prefeitura Municipal de Alhandra;122025;2025;17165001;Transferências de Recursos do Fundo Nacional de Assistência Social – FNAS - Principal;Lançamento de Receita;94.068,45;660;Transferência de Recursos do Fundo Nacional de Assistência Social - FNAS;"Não ";Não Aplicável
Alhandra;201008;Prefeitura Municipal de Alhandra;112025;2025;17165001;Transferências de Recursos do Fundo Nacional de Assistência Social – FNAS - Principal;Lançamento de Receita;42.376,49;660;Transferência de Recursos do Fundo Nacional de Assistência Social - FNAS;"Não ";Não Aplicável
Alhandra;201008;Prefeitura Municipal de Alhandra;102025;2025;17165001;Transferências de Recursos do Fundo Nacional de Assistência Social – FNAS - Principal;Lançamento de Receita;42.086,89;660;Transferência de Recursos do Fundo Nacional de Assistência Social - FNAS;"Não ";Não Aplicável
Alhandra;201008;Prefeitura Municipal de Alhandra;092025;2025;17165001;Transferências de Recursos do Fundo Nacional de Assistência Social – FNAS - Principal;Lançamento de Receita;59.603,21;660;Transferência de Recursos do Fundo Nacional de Assistência Social - FNAS;"Não ";Não Aplicável
Alhandra;201008;Prefeitura Municipal de Alhandra;082025;2025;17165001;Transferências de Recursos do Fundo Nacional de Assistência Social – FNAS - Principal;Lançamento de Receita;40.153,88;660;Transferência de Recursos do Fundo Nacional de Assistência Social - FNAS;"Não ";Não Aplicável
Alhandra;201008;Prefeitura Municipal de Alhandra;072025;2025;17165001;Transferências de Recursos do Fundo Nacional de Assistência Social – FNAS - Principal;Lançamento de Receita;82.687,84;660;Transferência de Recursos do Fundo Nacional de Assistência Social - FNAS;"Não ";Não Aplicável
Alhandra;201008;Prefeitura Municipal de Alhandra;062025;2025;17165001;Transferências de Recursos do Fundo Nacional de Assistência Social – FNAS - Principal;Lançamento de Receita;83.126,77;660;Transferência de Recursos do Fundo Nacional de Assistência Social - FNAS;"Não ";Não Aplicável
Alhandra;201008;Prefeitura Municipal de Alhandra;052025;2025;17165001;Transferências de Recursos do Fundo Nacional de Assistência Social – FNAS - Principal;Lançamento de Receita;38.650,37;660;Transferência de Recursos do Fundo Nacional de Assistência Social - FNAS;"Não ";Não Aplicável
Alhandra;201008;Prefeitura Municipal de Alhandra;042025;2025;17165001;Transferências de Recursos do Fundo Nacional de Assistência Social – FNAS - Principal;Lançamento de Receita;44.523,38;660;Transferência de Recursos do Fundo Nacional de Assistência Social - FNAS;"Não ";Não Aplicável
Alhandra;201008;Prefeitura Municipal de Alhandra;032025;2025;17165001;Transferências de Recursos do Fundo Nacional de Assistência Social – FNAS - Principal;Lançamento de Receita;32.812,97;660;Transferência de Recursos do Fundo Nacional de Assistência Social - FNAS;"Não ";Não Aplicável
Alhandra;201008;Prefeitura Municipal de Alhandra;022025;2025;17165001;Transferências de Recursos do Fundo Nacional de Assistência Social – FNAS - Principal;Lançamento de Receita;33.765,08;660;Transferência de Recursos do Fundo Nacional de Assistência Social - FNAS;"Não ";Não Aplicável
Alhandra;201008;Prefeitura Municipal de Alhandra;012025;2025;17165001;Transferências de Recursos do Fundo Nacional de Assistência Social – FNAS - Principal;Lançamento de Receita;27.428,05;660;Transferência de Recursos do Fundo Nacional de Assistência Social - FNAS;"Não ";Não Aplicável
Alhandra;201008;Prefeitura Municipal de Alhandra;122025;2025;17155301;Transferências de Recursos do Fundeb destinados à criação de matrículas em ETI - Principal;Lançamento de Receita;161.194,79;546;Transferências do FUNDEB - complementação da União - Educação Tempo Integral;"Não ";Não Aplicável
Alhandra;201008;Prefeitura Municipal de Alhandra;112025;2025;17155301;Transferências de Recursos do Fundeb destinados à criação de matrículas em ETI - Principal;Lançamento de Receita;161.194,78;546;Transferências do FUNDEB - complementação da União - Educação Tempo Integral;"Não ";Não Aplicável
Alhandra;201008;Prefeitura Municipal de Alhandra;102025;2025;17155301;Transferências de Recursos do Fundeb destinados à criação de matrículas em ETI - Principal;Lançamento de Receita;322.389,56;546;Transferências do FUNDEB - complementação da União - Educação Tempo Integral;"Não ";Não Aplicável
Alhandra;201008;Prefeitura Municipal de Alhandra;122025;2025;17155201;Transferências de Recursos de Complementação da União ao Fundeb – VAAR - Principal;Lançamento de Receita;2.046,41;543;Transferências do FUNDEB - Complementação da União - VAAR;"Não ";Não Aplicável
Alhandra;201008;Prefeitura Municipal de Alhandra;112025;2025;17155201;Transferências de Recursos de Complementação da União ao Fundeb – VAAR - Principal;Lançamento de Receita;68.320,12;543;Transferências do FUNDEB - Complementação da União - VAAR;"Não ";Não Aplicável
Alhandra;201008;Prefeitura Municipal de Alhandra;102025;2025;17155201;Transferências de Recursos de Complementação da União ao Fundeb – VAAR - Principal;Lançamento de Receita;68.320,12;543;Transferências do FUNDEB - Complementação da União - VAAR;"Não ";Não Aplicável
Alhandra;201008;Prefeitura Municipal de Alhandra;092025;2025;17155201;Transferências de Recursos de Complementação da União ao Fundeb – VAAR - Principal;Lançamento de Receita;67.006,86;543;Transferências do FUNDEB - Complementação da União - VAAR;"Não ";Não Aplicável
Alhandra;201008;Prefeitura Municipal de Alhandra;082025;2025;17155201;Transferências de Recursos de Complementação da União ao Fundeb – VAAR - Principal;Lançamento de Receita;89.679,98;543;Transferências do FUNDEB - Complementação da União - VAAR;"Não ";Não Aplicável
Alhandra;201008;Prefeitura Municipal de Alhandra;072025;2025;17155201;Transferências de Recursos de Complementação da União ao Fundeb – VAAR - Principal;Lançamento de Receita;87.489,31;543;Transferências do FUNDEB - Complementação da União - VAAR;"Não ";Não Aplicável
Alhandra;201008;Prefeitura Municipal de Alhandra;062025;2025;17155201;Transferências de Recursos de Complementação da União ao Fundeb – VAAR - Principal;Lançamento de Receita;87.489,31;543;Transferências do FUNDEB - Complementação da União - VAAR;"Não ";Não Aplicável
Alhandra;201008;Prefeitura Municipal de Alhandra;052025;2025;17155201;Transferências de Recursos de Complementação da União ao Fundeb – VAAR - Principal;Lançamento de Receita;81.884,31;543;Transferências do FUNDEB - Complementação da União - VAAR;"Não ";Não Aplicável
Alhandra;201008;Prefeitura Municipal de Alhandra;042025;2025;17155201;Transferências de Recursos de Complementação da União ao Fundeb – VAAR - Principal;Lançamento de Receita;76.249,67;543;Transferências do FUNDEB - Complementação da União - VAAR;"Não ";Não Aplicável
Alhandra;201008;Prefeitura Municipal de Alhandra;032025;2025;17155201;Transferências de Recursos de Complementação da União ao Fundeb – VAAR - Principal;Lançamento de Receita;64.587,9;543;Transferências do FUNDEB - Complementação da União - VAAR;"Não ";Não Aplicável
Alhandra;201008;Prefeitura Municipal de Alhandra;022025;2025;17155201;Transferências de Recursos de Complementação da União ao Fundeb – VAAR - Principal;Lançamento de Receita;59.205,58;543;Transferências do FUNDEB - Complementação da União - VAAR;"Não ";Não Aplicável
Alhandra;201008;Prefeitura Municipal de Alhandra;012025;2025;17155201;Transferências de Recursos de Complementação da União ao Fundeb – VAAR - Principal;Lançamento de Receita;101.696,5;543;Transferências do FUNDEB - Complementação da União - VAAR;"Não ";Não Aplicável
Alhandra;201008;Prefeitura Municipal de Alhandra;122025;2025;17155101;Transferências de Recursos de Complementação da União ao Fundeb – VAAF - Principal;Lançamento de Receita;125.578,81;541;Transferências do FUNDEB - Complementação da União - VAAF;"Não ";Não Aplicável
Alhandra;201008;Prefeitura Municipal de Alhandra;112025;2025;17155101;Transferências de Recursos de Complementação da União ao Fundeb – VAAF - Principal;Lançamento de Receita;125.711,93;541;Transferências do FUNDEB - Complementação da União - VAAF;"Não ";Não Aplicável
Alhandra;201008;Prefeitura Municipal de Alhandra;102025;2025;17155101;Transferências de Recursos de Complementação da União ao Fundeb – VAAF - Principal;Lançamento de Receita;125.713,82;541;Transferências do FUNDEB - Complementação da União - VAAF;"Não ";Não Aplicável
Alhandra;201008;Prefeitura Municipal de Alhandra;092025;2025;17155101;Transferências de Recursos de Complementação da União ao Fundeb – VAAF - Principal;Lançamento de Receita;130.739,55;541;Transferências do FUNDEB - Complementação da União - VAAF;"Não ";Não Aplicável
Alhandra;201008;Prefeitura Municipal de Alhandra;082025;2025;17155101;Transferências de Recursos de Complementação da União ao Fundeb – VAAF - Principal;Lançamento de Receita;186.116,26;541;Transferências do FUNDEB - Complementação da União - VAAF;"Não ";Não Aplicável
Alhandra;201008;Prefeitura Municipal de Alhandra;072025;2025;17155101;Transferências de Recursos de Complementação da União ao Fundeb – VAAF - Principal;Lançamento de Receita;181.569,88;541;Transferências do FUNDEB - Complementação da União - VAAF;"Não ";Não Aplicável
Alhandra;201008;Prefeitura Municipal de Alhandra;062025;2025;17155101;Transferências de Recursos de Complementação da União ao Fundeb – VAAF - Principal;Lançamento de Receita;181.569,88;541;Transferências do FUNDEB - Complementação da União - VAAF;"Não ";Não Aplicável
Alhandra;201008;Prefeitura Municipal de Alhandra;052025;2025;17155101;Transferências de Recursos de Complementação da União ao Fundeb – VAAF - Principal;Lançamento de Receita;169.937,61;541;Transferências do FUNDEB - Complementação da União - VAAF;"Não ";Não Aplicável
Alhandra;201008;Prefeitura Municipal de Alhandra;042025;2025;17155101;Transferências de Recursos de Complementação da União ao Fundeb – VAAF - Principal;Lançamento de Receita;207.473,23;541;Transferências do FUNDEB - Complementação da União - VAAF;"Não ";Não Aplicável
Alhandra;201008;Prefeitura Municipal de Alhandra;032025;2025;17155101;Transferências de Recursos de Complementação da União ao Fundeb – VAAF - Principal;Lançamento de Receita;141.482,84;541;Transferências do FUNDEB - Complementação da União - VAAF;"Não ";Não Aplicável
Alhandra;201008;Prefeitura Municipal de Alhandra;022025;2025;17155101;Transferências de Recursos de Complementação da União ao Fundeb – VAAF - Principal;Lançamento de Receita;129.692,6;541;Transferências do FUNDEB - Complementação da União - VAAF;"Não ";Não Aplicável
Alhandra;201008;Prefeitura Municipal de Alhandra;012025;2025;17155101;Transferências de Recursos de Complementação da União ao Fundeb – VAAF - Principal;Lançamento de Receita;546.509,01;541;Transferências do FUNDEB - Complementação da União - VAAF;"Não ";Não Aplicável
Alhandra;201008;Prefeitura Municipal de Alhandra;122025;2025;17155001;Transferências de Recursos de Complementação da União ao Fundeb – VAAT - Principal;Lançamento de Receita;276.708,16;542;Transferências do FUNDEB - Complementação da União - VAAT;"Não ";Não Aplicável
Alhandra;201008;Prefeitura Municipal de Alhandra;112025;2025;17155001;Transferências de Recursos de Complementação da União ao Fundeb – VAAT - Principal;Lançamento de Receita;277.342,07;542;Transferências do FUNDEB - Complementação da União - VAAT;"Não ";Não Aplicável
Alhandra;201008;Prefeitura Municipal de Alhandra;102025;2025;17155001;Transferências de Recursos de Complementação da União ao Fundeb – VAAT - Principal;Lançamento de Receita;277.342,07;542;Transferências do FUNDEB - Complementação da União - VAAT;"Não ";Não Aplicável
Alhandra;201008;Prefeitura Municipal de Alhandra;092025;2025;17155001;Transferências de Recursos de Complementação da União ao Fundeb – VAAT - Principal;Lançamento de Receita;277.556,2;542;Transferências do FUNDEB - Complementação da União - VAAT;"Não ";Não Aplicável
Alhandra;201008;Prefeitura Municipal de Alhandra;082025;2025;17155001;Transferências de Recursos de Complementação da União ao Fundeb – VAAT - Principal;Lançamento de Receita;315.500,89;542;Transferências do FUNDEB - Complementação da União - VAAT;"Não ";Não Aplicável
Alhandra;201008;Prefeitura Municipal de Alhandra;072025;2025;17155001;Transferências de Recursos de Complementação da União ao Fundeb – VAAT - Principal;Lançamento de Receita;307.793,94;542;Transferências do FUNDEB - Complementação da União - VAAT;"Não ";Não Aplicável
Alhandra;201008;Prefeitura Municipal de Alhandra;062025;2025;17155001;Transferências de Recursos de Complementação da União ao Fundeb – VAAT - Principal;Lançamento de Receita;307.793,94;542;Transferências do FUNDEB - Complementação da União - VAAT;"Não ";Não Aplicável
Alhandra;201008;Prefeitura Municipal de Alhandra;052025;2025;17155001;Transferências de Recursos de Complementação da União ao Fundeb – VAAT - Principal;Lançamento de Receita;288.075,14;542;Transferências do FUNDEB - Complementação da União - VAAT;"Não ";Não Aplicável
Alhandra;201008;Prefeitura Municipal de Alhandra;042025;2025;17155001;Transferências de Recursos de Complementação da União ao Fundeb – VAAT - Principal;Lançamento de Receita;371.686,18;542;Transferências do FUNDEB - Complementação da União - VAAT;"Não ";Não Aplicável
Alhandra;201008;Prefeitura Municipal de Alhandra;032025;2025;17155001;Transferências de Recursos de Complementação da União ao Fundeb – VAAT - Principal;Lançamento de Receita;213.382,02;542;Transferências do FUNDEB - Complementação da União - VAAT;"Não ";Não Aplicável
Alhandra;201008;Prefeitura Municipal de Alhandra;022025;2025;17155001;Transferências de Recursos de Complementação da União ao Fundeb – VAAT - Principal;Lançamento de Receita;195.600,19;542;Transferências do FUNDEB - Complementação da União - VAAT;"Não ";Não Aplicável
Alhandra;201008;Prefeitura Municipal de Alhandra;012025;2025;17155001;Transferências de Recursos de Complementação da União ao Fundeb – VAAT - Principal;Lançamento de Receita;915.555,34;542;Transferências do FUNDEB - Complementação da União - VAAT;"Não ";Não Aplicável
Alhandra;201008;Prefeitura Municipal de Alhandra;122025;2025;17149901;Outras Transferências Diretas do Fundo Nacional do Desenvolvimento da Educação - FNDE - Principal;Lançamento de Receita;22.495,93;569;Outras Transferências de Recursos do FNDE;"Não ";Não Aplicável
Alhandra;201008;Prefeitura Municipal de Alhandra;012025;2025;17149901;Outras Transferências Diretas do Fundo Nacional do Desenvolvimento da Educação - FNDE - Principal;Lançamento de Receita;8.711,39;569;Outras Transferências de Recursos do FNDE;"Não ";Não Aplicável
Alhandra;201008;Prefeitura Municipal de Alhandra;092025;2025;17145301;Transferências referentes ao Programa Nacional de Apoio ao Transporte do Escolar – PNATE - Principal;Lançamento de Receita;118.898,96;553;"Transferências de Recursos do FNDE Referentes ao Programa Nacional de Apoio ao Transporte Escolar (PNATE) ";"Não ";Não Aplicável
Alhandra;201008;Prefeitura Municipal de Alhandra;032025;2025;17145301;Transferências referentes ao Programa Nacional de Apoio ao Transporte do Escolar – PNATE - Principal;Lançamento de Receita;118.898,97;553;"Transferências de Recursos do FNDE Referentes ao Programa Nacional de Apoio ao Transporte Escolar (PNATE) ";"Não ";Não Aplicável
Alhandra;201008;Prefeitura Municipal de Alhandra;122025;2025;17145201;Transferências referentes ao Programa Nacional de Alimentação Escolar – PNAE - Principal;Lançamento de Receita;17.444,75;552;Transferências de Recursos do FNDE Referentes ao Programa Nacional de Alimentação Escolar (PNAE);"Não ";Não Aplicável
Alhandra;201008;Prefeitura Municipal de Alhandra;112025;2025;17145201;Transferências referentes ao Programa Nacional de Alimentação Escolar – PNAE - Principal;Lançamento de Receita;182,36;552;Transferências de Recursos do FNDE Referentes ao Programa Nacional de Alimentação Escolar (PNAE);"Não ";Não Aplicável
Alhandra;201008;Prefeitura Municipal de Alhandra;102025;2025;17145201;Transferências referentes ao Programa Nacional de Alimentação Escolar – PNAE - Principal;Lançamento de Receita;344,34;552;Transferências de Recursos do FNDE Referentes ao Programa Nacional de Alimentação Escolar (PNAE);"Não ";Não Aplicável
Alhandra;201008;Prefeitura Municipal de Alhandra;092025;2025;17145201;Transferências referentes ao Programa Nacional de Alimentação Escolar – PNAE - Principal;Lançamento de Receita;47.784,85;552;Transferências de Recursos do FNDE Referentes ao Programa Nacional de Alimentação Escolar (PNAE);"Não ";Não Aplicável
Alhandra;201008;Prefeitura Municipal de Alhandra;082025;2025;17145201;Transferências referentes ao Programa Nacional de Alimentação Escolar – PNAE - Principal;Lançamento de Receita;64.707,25;552;Transferências de Recursos do FNDE Referentes ao Programa Nacional de Alimentação Escolar (PNAE);"Não ";Não Aplicável
Alhandra;201008;Prefeitura Municipal de Alhandra;072025;2025;17145201;Transferências referentes ao Programa Nacional de Alimentação Escolar – PNAE - Principal;Lançamento de Receita;64.707,25;552;Transferências de Recursos do FNDE Referentes ao Programa Nacional de Alimentação Escolar (PNAE);"Não ";Não Aplicável
Alhandra;201008;Prefeitura Municipal de Alhandra;062025;2025;17145201;Transferências referentes ao Programa Nacional de Alimentação Escolar – PNAE - Principal;Lançamento de Receita;64.707,25;552;Transferências de Recursos do FNDE Referentes ao Programa Nacional de Alimentação Escolar (PNAE);"Não ";Não Aplicável
Alhandra;201008;Prefeitura Municipal de Alhandra;052025;2025;17145201;Transferências referentes ao Programa Nacional de Alimentação Escolar – PNAE - Principal;Lançamento de Receita;65.151,01;552;Transferências de Recursos do FNDE Referentes ao Programa Nacional de Alimentação Escolar (PNAE);"Não ";Não Aplicável
Alhandra;201008;Prefeitura Municipal de Alhandra;042025;2025;17145201;Transferências referentes ao Programa Nacional de Alimentação Escolar – PNAE - Principal;Lançamento de Receita;65.653,47;552;Transferências de Recursos do FNDE Referentes ao Programa Nacional de Alimentação Escolar (PNAE);"Não ";Não Aplicável
Alhandra;201008;Prefeitura Municipal de Alhandra;032025;2025;17145201;Transferências referentes ao Programa Nacional de Alimentação Escolar – PNAE - Principal;Lançamento de Receita;64.707,25;552;Transferências de Recursos do FNDE Referentes ao Programa Nacional de Alimentação Escolar (PNAE);"Não ";Não Aplicável
Alhandra;201008;Prefeitura Municipal de Alhandra;022025;2025;17145201;Transferências referentes ao Programa Nacional de Alimentação Escolar – PNAE - Principal;Lançamento de Receita;65.073,61;552;Transferências de Recursos do FNDE Referentes ao Programa Nacional de Alimentação Escolar (PNAE);"Não ";Não Aplicável
Alhandra;201008;Prefeitura Municipal de Alhandra;012025;2025;17145201;Transferências referentes ao Programa Nacional de Alimentação Escolar – PNAE - Principal;Lançamento de Receita;7,65;552;Transferências de Recursos do FNDE Referentes ao Programa Nacional de Alimentação Escolar (PNAE);"Não ";Não Aplicável
Alhandra;201008;Prefeitura Municipal de Alhandra;122025;2025;17145001;Transferências do Salário-Educação - Principal;Lançamento de Receita;172.841,93;550;Transferência do Salário-Educação;"Não ";Não Aplicável
Alhandra;201008;Prefeitura Municipal de Alhandra;112025;2025;17145001;Transferências do Salário-Educação - Principal;Lançamento de Receita;174.602,06;550;Transferência do Salário-Educação;"Não ";Não Aplicável
Alhandra;201008;Prefeitura Municipal de Alhandra;102025;2025;17145001;Transferências do Salário-Educação - Principal;Lançamento de Receita;184.183,28;550;Transferência do Salário-Educação;"Não ";Não Aplicável
Alhandra;201008;Prefeitura Municipal de Alhandra;092025;2025;17145001;Transferências do Salário-Educação - Principal;Lançamento de Receita;167.080,61;550;Transferência do Salário-Educação;"Não ";Não Aplicável
Alhandra;201008;Prefeitura Municipal de Alhandra;082025;2025;17145001;Transferências do Salário-Educação - Principal;Lançamento de Receita;168.157,8;550;Transferência do Salário-Educação;"Não ";Não Aplicável
Alhandra;201008;Prefeitura Municipal de Alhandra;072025;2025;17145001;Transferências do Salário-Educação - Principal;Lançamento de Receita;362.151,95;550;Transferência do Salário-Educação;"Não ";Não Aplicável
Alhandra;201008;Prefeitura Municipal de Alhandra;062025;2025;17145001;Transferências do Salário-Educação - Principal;Lançamento de Receita;32,5;550;Transferência do Salário-Educação;"Não ";Não Aplicável
Alhandra;201008;Prefeitura Municipal de Alhandra;052025;2025;17145001;Transferências do Salário-Educação - Principal;Lançamento de Receita;172.864,66;550;Transferência do Salário-Educação;"Não ";Não Aplicável
Alhandra;201008;Prefeitura Municipal de Alhandra;042025;2025;17145001;Transferências do Salário-Educação - Principal;Lançamento de Receita;173.145,71;550;Transferência do Salário-Educação;"Não ";Não Aplicável
Alhandra;201008;Prefeitura Municipal de Alhandra;032025;2025;17145001;Transferências do Salário-Educação - Principal;Lançamento de Receita;174.801,79;550;Transferência do Salário-Educação;"Não ";Não Aplicável
Alhandra;201008;Prefeitura Municipal de Alhandra;022025;2025;17145001;Transferências do Salário-Educação - Principal;Lançamento de Receita;175.136,71;550;Transferência do Salário-Educação;"Não ";Não Aplicável
Alhandra;201008;Prefeitura Municipal de Alhandra;012025;2025;17145001;Transferências do Salário-Educação - Principal;Lançamento de Receita;295.185,33;550;Transferência do Salário-Educação;"Não ";Não Aplicável
Alhandra;201008;Prefeitura Municipal de Alhandra;122025;2025;17135041;Transferências de Recursos do Bloco de Manutenção das Ações e Serviços Públicos de Saúde – Assistência Farmacêutica - Principal;Lançamento de Receita;15.935,4;600;Transferências Fundo a Fundo de Recursos do SUS provenientes do Governo Federal - Bloco de Manutenção das Ações e Serviços Públicos de Saúde;"Não ";Não Aplicável
Alhandra;201008;Prefeitura Municipal de Alhandra;112025;2025;17135041;Transferências de Recursos do Bloco de Manutenção das Ações e Serviços Públicos de Saúde – Assistência Farmacêutica - Principal;Lançamento de Receita;21.935,4;600;Transferências Fundo a Fundo de Recursos do SUS provenientes do Governo Federal - Bloco de Manutenção das Ações e Serviços Públicos de Saúde;"Não ";Não Aplicável
Alhandra;201008;Prefeitura Municipal de Alhandra;102025;2025;17135041;Transferências de Recursos do Bloco de Manutenção das Ações e Serviços Públicos de Saúde – Assistência Farmacêutica - Principal;Lançamento de Receita;21.935,4;600;Transferências Fundo a Fundo de Recursos do SUS provenientes do Governo Federal - Bloco de Manutenção das Ações e Serviços Públicos de Saúde;"Não ";Não Aplicável
Alhandra;201008;Prefeitura Municipal de Alhandra;092025;2025;17135041;Transferências de Recursos do Bloco de Manutenção das Ações e Serviços Públicos de Saúde – Assistência Farmacêutica - Principal;Lançamento de Receita;33.319,4;600;Transferências Fundo a Fundo de Recursos do SUS provenientes do Governo Federal - Bloco de Manutenção das Ações e Serviços Públicos de Saúde;"Não ";Não Aplicável
Alhandra;201008;Prefeitura Municipal de Alhandra;082025;2025;17135041;Transferências de Recursos do Bloco de Manutenção das Ações e Serviços Públicos de Saúde – Assistência Farmacêutica - Principal;Lançamento de Receita;26.800,8;600;Transferências Fundo a Fundo de Recursos do SUS provenientes do Governo Federal - Bloco de Manutenção das Ações e Serviços Públicos de Saúde;"Não ";Não Aplicável
Alhandra;201008;Prefeitura Municipal de Alhandra;072025;2025;17135041;Transferências de Recursos do Bloco de Manutenção das Ações e Serviços Públicos de Saúde – Assistência Farmacêutica - Principal;Lançamento de Receita;15.935,4;600;Transferências Fundo a Fundo de Recursos do SUS provenientes do Governo Federal - Bloco de Manutenção das Ações e Serviços Públicos de Saúde;"Não ";Não Aplicável
Alhandra;201008;Prefeitura Municipal de Alhandra;062025;2025;17135041;Transferências de Recursos do Bloco de Manutenção das Ações e Serviços Públicos de Saúde – Assistência Farmacêutica - Principal;Lançamento de Receita;14.124,5;600;Transferências Fundo a Fundo de Recursos do SUS provenientes do Governo Federal - Bloco de Manutenção das Ações e Serviços Públicos de Saúde;"Não ";Não Aplicável
Alhandra;201008;Prefeitura Municipal de Alhandra;052025;2025;17135041;Transferências de Recursos do Bloco de Manutenção das Ações e Serviços Públicos de Saúde – Assistência Farmacêutica - Principal;Lançamento de Receita;20.124,5;600;Transferências Fundo a Fundo de Recursos do SUS provenientes do Governo Federal - Bloco de Manutenção das Ações e Serviços Públicos de Saúde;"Não ";Não Aplicável
Alhandra;201008;Prefeitura Municipal de Alhandra;042025;2025;17135041;Transferências de Recursos do Bloco de Manutenção das Ações e Serviços Públicos de Saúde – Assistência Farmacêutica - Principal;Lançamento de Receita;3.808,48;600;Transferências Fundo a Fundo de Recursos do SUS provenientes do Governo Federal - Bloco de Manutenção das Ações e Serviços Públicos de Saúde;"Não ";Não Aplicável
Alhandra;201008;Prefeitura Municipal de Alhandra;032025;2025;17135041;Transferências de Recursos do Bloco de Manutenção das Ações e Serviços Públicos de Saúde – Assistência Farmacêutica - Principal;Lançamento de Receita;14.124,5;600;Transferências Fundo a Fundo de Recursos do SUS provenientes do Governo Federal - Bloco de Manutenção das Ações e Serviços Públicos de Saúde;"Não ";Não Aplicável
Alhandra;201008;Prefeitura Municipal de Alhandra;022025;2025;17135041;Transferências de Recursos do Bloco de Manutenção das Ações e Serviços Públicos de Saúde – Assistência Farmacêutica - Principal;Lançamento de Receita;14.124,5;600;Transferências Fundo a Fundo de Recursos do SUS provenientes do Governo Federal - Bloco de Manutenção das Ações e Serviços Públicos de Saúde;"Não ";Não Aplicável
Alhandra;201008;Prefeitura Municipal de Alhandra;012025;2025;17135041;Transferências de Recursos do Bloco de Manutenção das Ações e Serviços Públicos de Saúde – Assistência Farmacêutica - Principal;Lançamento de Receita;30.440,52;600;Transferências Fundo a Fundo de Recursos do SUS provenientes do Governo Federal - Bloco de Manutenção das Ações e Serviços Públicos de Saúde;"Não ";Não Aplicável
Alhandra;201008;Prefeitura Municipal de Alhandra;122025;2025;17135031;Transferências de Recursos do Bloco de Manutenção das Ações e Serviços Públicos de Saúde – Vigilância em Saúde - Principal;Lançamento de Receita;36.432;604;Transferências provenientes do Governo Federal destinadas ao vencimento dos agentes comunitários de saúde e dos agentes de combate às endemias;"Não ";Não Aplicável
Alhandra;201008;Prefeitura Municipal de Alhandra;122025;2025;17135031;Transferências de Recursos do Bloco de Manutenção das Ações e Serviços Públicos de Saúde – Vigilância em Saúde - Principal;Lançamento de Receita;36.114,16;600;Transferências Fundo a Fundo de Recursos do SUS provenientes do Governo Federal - Bloco de Manutenção das Ações e Serviços Públicos de Saúde;"Não ";Não Aplicável
Alhandra;201008;Prefeitura Municipal de Alhandra;112025;2025;17135031;Transferências de Recursos do Bloco de Manutenção das Ações e Serviços Públicos de Saúde – Vigilância em Saúde - Principal;Lançamento de Receita;13.095,01;600;Transferências Fundo a Fundo de Recursos do SUS provenientes do Governo Federal - Bloco de Manutenção das Ações e Serviços Públicos de Saúde;"Não ";Não Aplicável
Alhandra;201008;Prefeitura Municipal de Alhandra;112025;2025;17135031;Transferências de Recursos do Bloco de Manutenção das Ações e Serviços Públicos de Saúde – Vigilância em Saúde - Principal;Lançamento de Receita;18.216;604;Transferências provenientes do Governo Federal destinadas ao vencimento dos agentes comunitários de saúde e dos agentes de combate às endemias;"Não ";Não Aplicável
Alhandra;201008;Prefeitura Municipal de Alhandra;102025;2025;17135031;Transferências de Recursos do Bloco de Manutenção das Ações e Serviços Públicos de Saúde – Vigilância em Saúde - Principal;Lançamento de Receita;18.216;604;Transferências provenientes do Governo Federal destinadas ao vencimento dos agentes comunitários de saúde e dos agentes de combate às endemias;"Não ";Não Aplicável
Alhandra;201008;Prefeitura Municipal de Alhandra;102025;2025;17135031;Transferências de Recursos do Bloco de Manutenção das Ações e Serviços Públicos de Saúde – Vigilância em Saúde - Principal;Lançamento de Receita;11.955,01;600;Transferências Fundo a Fundo de Recursos do SUS provenientes do Governo Federal - Bloco de Manutenção das Ações e Serviços Públicos de Saúde;"Não ";Não Aplicável
Alhandra;201008;Prefeitura Municipal de Alhandra;092025;2025;17135031;Transferências de Recursos do Bloco de Manutenção das Ações e Serviços Públicos de Saúde – Vigilância em Saúde - Principal;Lançamento de Receita;13.095,01;600;Transferências Fundo a Fundo de Recursos do SUS provenientes do Governo Federal - Bloco de Manutenção das Ações e Serviços Públicos de Saúde;"Não ";Não Aplicável
Alhandra;201008;Prefeitura Municipal de Alhandra;092025;2025;17135031;Transferências de Recursos do Bloco de Manutenção das Ações e Serviços Públicos de Saúde – Vigilância em Saúde - Principal;Lançamento de Receita;18.216;604;Transferências provenientes do Governo Federal destinadas ao vencimento dos agentes comunitários de saúde e dos agentes de combate às endemias;"Não ";Não Aplicável
Alhandra;201008;Prefeitura Municipal de Alhandra;082025;2025;17135031;Transferências de Recursos do Bloco de Manutenção das Ações e Serviços Públicos de Saúde – Vigilância em Saúde - Principal;Lançamento de Receita;18.216;604;Transferências provenientes do Governo Federal destinadas ao vencimento dos agentes comunitários de saúde e dos agentes de combate às endemias;"Não ";Não Aplicável
Alhandra;201008;Prefeitura Municipal de Alhandra;082025;2025;17135031;Transferências de Recursos do Bloco de Manutenção das Ações e Serviços Públicos de Saúde – Vigilância em Saúde - Principal;Lançamento de Receita;14.235,01;600;Transferências Fundo a Fundo de Recursos do SUS provenientes do Governo Federal - Bloco de Manutenção das Ações e Serviços Públicos de Saúde;"Não ";Não Aplicável
Alhandra;201008;Prefeitura Municipal de Alhandra;072025;2025;17135031;Transferências de Recursos do Bloco de Manutenção das Ações e Serviços Públicos de Saúde – Vigilância em Saúde - Principal;Lançamento de Receita;21.707,06;600;Transferências Fundo a Fundo de Recursos do SUS provenientes do Governo Federal - Bloco de Manutenção das Ações e Serviços Públicos de Saúde;"Não ";Não Aplicável
Alhandra;201008;Prefeitura Municipal de Alhandra;072025;2025;17135031;Transferências de Recursos do Bloco de Manutenção das Ações e Serviços Públicos de Saúde – Vigilância em Saúde - Principal;Lançamento de Receita;18.216;604;Transferências provenientes do Governo Federal destinadas ao vencimento dos agentes comunitários de saúde e dos agentes de combate às endemias;"Não ";Não Aplicável
Alhandra;201008;Prefeitura Municipal de Alhandra;062025;2025;17135031;Transferências de Recursos do Bloco de Manutenção das Ações e Serviços Públicos de Saúde – Vigilância em Saúde - Principal;Lançamento de Receita;9.042,96;600;Transferências Fundo a Fundo de Recursos do SUS provenientes do Governo Federal - Bloco de Manutenção das Ações e Serviços Públicos de Saúde;"Não ";Não Aplicável
Alhandra;201008;Prefeitura Municipal de Alhandra;062025;2025;17135031;Transferências de Recursos do Bloco de Manutenção das Ações e Serviços Públicos de Saúde – Vigilância em Saúde - Principal;Lançamento de Receita;18.216;604;Transferências provenientes do Governo Federal destinadas ao vencimento dos agentes comunitários de saúde e dos agentes de combate às endemias;"Não ";Não Aplicável
Alhandra;201008;Prefeitura Municipal de Alhandra;052025;2025;17135031;Transferências de Recursos do Bloco de Manutenção das Ações e Serviços Públicos de Saúde – Vigilância em Saúde - Principal;Lançamento de Receita;11.955,01;600;Transferências Fundo a Fundo de Recursos do SUS provenientes do Governo Federal - Bloco de Manutenção das Ações e Serviços Públicos de Saúde;"Não ";Não Aplicável
Alhandra;201008;Prefeitura Municipal de Alhandra;052025;2025;17135031;Transferências de Recursos do Bloco de Manutenção das Ações e Serviços Públicos de Saúde – Vigilância em Saúde - Principal;Lançamento de Receita;18.216;604;Transferências provenientes do Governo Federal destinadas ao vencimento dos agentes comunitários de saúde e dos agentes de combate às endemias;"Não ";Não Aplicável
Alhandra;201008;Prefeitura Municipal de Alhandra;042025;2025;17135031;Transferências de Recursos do Bloco de Manutenção das Ações e Serviços Públicos de Saúde – Vigilância em Saúde - Principal;Lançamento de Receita;31.875,53;600;Transferências Fundo a Fundo de Recursos do SUS provenientes do Governo Federal - Bloco de Manutenção das Ações e Serviços Públicos de Saúde;"Não ";Não Aplicável
Alhandra;201008;Prefeitura Municipal de Alhandra;042025;2025;17135031;Transferências de Recursos do Bloco de Manutenção das Ações e Serviços Públicos de Saúde – Vigilância em Saúde - Principal;Lançamento de Receita;18.216;604;Transferências provenientes do Governo Federal destinadas ao vencimento dos agentes comunitários de saúde e dos agentes de combate às endemias;"Não ";Não Aplicável
Alhandra;201008;Prefeitura Municipal de Alhandra;032025;2025;17135031;Transferências de Recursos do Bloco de Manutenção das Ações e Serviços Públicos de Saúde – Vigilância em Saúde - Principal;Lançamento de Receita;11.955,01;600;Transferências Fundo a Fundo de Recursos do SUS provenientes do Governo Federal - Bloco de Manutenção das Ações e Serviços Públicos de Saúde;"Não ";Não Aplicável
Alhandra;201008;Prefeitura Municipal de Alhandra;032025;2025;17135031;Transferências de Recursos do Bloco de Manutenção das Ações e Serviços Públicos de Saúde – Vigilância em Saúde - Principal;Lançamento de Receita;18.216;604;Transferências provenientes do Governo Federal destinadas ao vencimento dos agentes comunitários de saúde e dos agentes de combate às endemias;"Não ";Não Aplicável
Alhandra;201008;Prefeitura Municipal de Alhandra;022025;2025;17135031;Transferências de Recursos do Bloco de Manutenção das Ações e Serviços Públicos de Saúde – Vigilância em Saúde - Principal;Lançamento de Receita;18.216;604;Transferências provenientes do Governo Federal destinadas ao vencimento dos agentes comunitários de saúde e dos agentes de combate às endemias;"Não ";Não Aplicável
Alhandra;201008;Prefeitura Municipal de Alhandra;022025;2025;17135031;Transferências de Recursos do Bloco de Manutenção das Ações e Serviços Públicos de Saúde – Vigilância em Saúde - Principal;Lançamento de Receita;11.955,01;600;Transferências Fundo a Fundo de Recursos do SUS provenientes do Governo Federal - Bloco de Manutenção das Ações e Serviços Públicos de Saúde;"Não ";Não Aplicável
Alhandra;201008;Prefeitura Municipal de Alhandra;012025;2025;17135031;Transferências de Recursos do Bloco de Manutenção das Ações e Serviços Públicos de Saúde – Vigilância em Saúde - Principal;Lançamento de Receita;18.216;604;Transferências provenientes do Governo Federal destinadas ao vencimento dos agentes comunitários de saúde e dos agentes de combate às endemias;"Não ";Não Aplicável
Alhandra;201008;Prefeitura Municipal de Alhandra;012025;2025;17135031;Transferências de Recursos do Bloco de Manutenção das Ações e Serviços Públicos de Saúde – Vigilância em Saúde - Principal;Lançamento de Receita;8.272,86;600;Transferências Fundo a Fundo de Recursos do SUS provenientes do Governo Federal - Bloco de Manutenção das Ações e Serviços Públicos de Saúde;"Não ";Não Aplicável
Alhandra;201008;Prefeitura Municipal de Alhandra;122025;2025;17135021;Transferências de Recursos do Bloco de Manutenção das Ações e Serviços Públicos de Saúde – Atenção Especializada - Principal;Lançamento de Receita;300.000;600;Transferências Fundo a Fundo de Recursos do SUS provenientes do Governo Federal - Bloco de Manutenção das Ações e Serviços Públicos de Saúde;3120;Identificação das Transferências da União decorrentes de emendas parlamentares de bancada
Alhandra;201008;Prefeitura Municipal de Alhandra;122025;2025;17135021;Transferências de Recursos do Bloco de Manutenção das Ações e Serviços Públicos de Saúde – Atenção Especializada - Principal;Lançamento de Receita;470.000;600;Transferências Fundo a Fundo de Recursos do SUS provenientes do Governo Federal - Bloco de Manutenção das Ações e Serviços Públicos de Saúde;3110;Identificação das Transferências da União decorrentes de emendas parlamentares individuais
Alhandra;201008;Prefeitura Municipal de Alhandra;122025;2025;17135021;Transferências de Recursos do Bloco de Manutenção das Ações e Serviços Públicos de Saúde – Atenção Especializada - Principal;Lançamento de Receita;1.776.741,76;600;Transferências Fundo a Fundo de Recursos do SUS provenientes do Governo Federal - Bloco de Manutenção das Ações e Serviços Públicos de Saúde;"Não ";Não Aplicável
Alhandra;201008;Prefeitura Municipal de Alhandra;122025;2025;17135021;Transferências de Recursos do Bloco de Manutenção das Ações e Serviços Públicos de Saúde – Atenção Especializada - Principal;Lançamento de Receita;100.000;600;Transferências Fundo a Fundo de Recursos do SUS provenientes do Governo Federal - Bloco de Manutenção das Ações e Serviços Públicos de Saúde;3130;Identificação das Transferências da União decorrentes de emendas parlamentares de comissão
Alhandra;201008;Prefeitura Municipal de Alhandra;112025;2025;17135021;Transferências de Recursos do Bloco de Manutenção das Ações e Serviços Públicos de Saúde – Atenção Especializada - Principal;Lançamento de Receita;176.440,98;600;Transferências Fundo a Fundo de Recursos do SUS provenientes do Governo Federal - Bloco de Manutenção das Ações e Serviços Públicos de Saúde;"Não ";Não Aplicável
Alhandra;201008;Prefeitura Municipal de Alhandra;102025;2025;17135021;Transferências de Recursos do Bloco de Manutenção das Ações e Serviços Públicos de Saúde – Atenção Especializada - Principal;Lançamento de Receita;181.253,46;600;Transferências Fundo a Fundo de Recursos do SUS provenientes do Governo Federal - Bloco de Manutenção das Ações e Serviços Públicos de Saúde;"Não ";Não Aplicável
Alhandra;201008;Prefeitura Municipal de Alhandra;092025;2025;17135021;Transferências de Recursos do Bloco de Manutenção das Ações e Serviços Públicos de Saúde – Atenção Especializada - Principal;Lançamento de Receita;172.831,62;600;Transferências Fundo a Fundo de Recursos do SUS provenientes do Governo Federal - Bloco de Manutenção das Ações e Serviços Públicos de Saúde;"Não ";Não Aplicável
Alhandra;201008;Prefeitura Municipal de Alhandra;082025;2025;17135021;Transferências de Recursos do Bloco de Manutenção das Ações e Serviços Públicos de Saúde – Atenção Especializada - Principal;Lançamento de Receita;474.636,3;600;Transferências Fundo a Fundo de Recursos do SUS provenientes do Governo Federal - Bloco de Manutenção das Ações e Serviços Públicos de Saúde;"Não ";Não Aplicável
Alhandra;201008;Prefeitura Municipal de Alhandra;072025;2025;17135021;Transferências de Recursos do Bloco de Manutenção das Ações e Serviços Públicos de Saúde – Atenção Especializada - Principal;Lançamento de Receita;172.831,62;600;Transferências Fundo a Fundo de Recursos do SUS provenientes do Governo Federal - Bloco de Manutenção das Ações e Serviços Públicos de Saúde;"Não ";Não Aplicável
Alhandra;201008;Prefeitura Municipal de Alhandra;062025;2025;17135021;Transferências de Recursos do Bloco de Manutenção das Ações e Serviços Públicos de Saúde – Atenção Especializada - Principal;Lançamento de Receita;172.831,62;600;Transferências Fundo a Fundo de Recursos do SUS provenientes do Governo Federal - Bloco de Manutenção das Ações e Serviços Públicos de Saúde;"Não ";Não Aplicável
Alhandra;201008;Prefeitura Municipal de Alhandra;052025;2025;17135021;Transferências de Recursos do Bloco de Manutenção das Ações e Serviços Públicos de Saúde – Atenção Especializada - Principal;Lançamento de Receita;172.831,62;600;Transferências Fundo a Fundo de Recursos do SUS provenientes do Governo Federal - Bloco de Manutenção das Ações e Serviços Públicos de Saúde;"Não ";Não Aplicável
Alhandra;201008;Prefeitura Municipal de Alhandra;042025;2025;17135021;Transferências de Recursos do Bloco de Manutenção das Ações e Serviços Públicos de Saúde – Atenção Especializada - Principal;Lançamento de Receita;172.831,62;600;Transferências Fundo a Fundo de Recursos do SUS provenientes do Governo Federal - Bloco de Manutenção das Ações e Serviços Públicos de Saúde;"Não ";Não Aplicável
Alhandra;201008;Prefeitura Municipal de Alhandra;032025;2025;17135021;Transferências de Recursos do Bloco de Manutenção das Ações e Serviços Públicos de Saúde – Atenção Especializada - Principal;Lançamento de Receita;172.831,62;600;Transferências Fundo a Fundo de Recursos do SUS provenientes do Governo Federal - Bloco de Manutenção das Ações e Serviços Públicos de Saúde;"Não ";Não Aplicável
Alhandra;201008;Prefeitura Municipal de Alhandra;022025;2025;17135021;Transferências de Recursos do Bloco de Manutenção das Ações e Serviços Públicos de Saúde – Atenção Especializada - Principal;Lançamento de Receita;172.831,62;600;Transferências Fundo a Fundo de Recursos do SUS provenientes do Governo Federal - Bloco de Manutenção das Ações e Serviços Públicos de Saúde;"Não ";Não Aplicável
Alhandra;201008;Prefeitura Municipal de Alhandra;012025;2025;17135021;Transferências de Recursos do Bloco de Manutenção das Ações e Serviços Públicos de Saúde – Atenção Especializada - Principal;Lançamento de Receita;173.134,98;600;Transferências Fundo a Fundo de Recursos do SUS provenientes do Governo Federal - Bloco de Manutenção das Ações e Serviços Públicos de Saúde;"Não ";Não Aplicável
Alhandra;201008;Prefeitura Municipal de Alhandra;122025;2025;17135011;Transferências de Recursos do Bloco de Manutenção das Ações e Serviços Públicos de Saúde – Atenção Primária - Principal;Lançamento de Receita;350.000;600;Transferências Fundo a Fundo de Recursos do SUS provenientes do Governo Federal - Bloco de Manutenção das Ações e Serviços Públicos de Saúde;3120;Identificação das Transferências da União decorrentes de emendas parlamentares de bancada
Alhandra;201008;Prefeitura Municipal de Alhandra;122025;2025;17135011;Transferências de Recursos do Bloco de Manutenção das Ações e Serviços Públicos de Saúde – Atenção Primária - Principal;Lançamento de Receita;443.950,2;600;Transferências Fundo a Fundo de Recursos do SUS provenientes do Governo Federal - Bloco de Manutenção das Ações e Serviços Públicos de Saúde;"Não ";Não Aplicável
Alhandra;201008;Prefeitura Municipal de Alhandra;122025;2025;17135011;Transferências de Recursos do Bloco de Manutenção das Ações e Serviços Públicos de Saúde – Atenção Primária - Principal;Lançamento de Receita;303.600;604;Transferências provenientes do Governo Federal destinadas ao vencimento dos agentes comunitários de saúde e dos agentes de combate às endemias;"Não ";Não Aplicável
Alhandra;201008;Prefeitura Municipal de Alhandra;122025;2025;17135011;Transferências de Recursos do Bloco de Manutenção das Ações e Serviços Públicos de Saúde – Atenção Primária - Principal;Lançamento de Receita;600.000;600;Transferências Fundo a Fundo de Recursos do SUS provenientes do Governo Federal - Bloco de Manutenção das Ações e Serviços Públicos de Saúde;3110;Identificação das Transferências da União decorrentes de emendas parlamentares individuais
Alhandra;201008;Prefeitura Municipal de Alhandra;112025;2025;17135011;Transferências de Recursos do Bloco de Manutenção das Ações e Serviços Públicos de Saúde – Atenção Primária - Principal;Lançamento de Receita;931.123,62;600;Transferências Fundo a Fundo de Recursos do SUS provenientes do Governo Federal - Bloco de Manutenção das Ações e Serviços Públicos de Saúde;"Não ";Não Aplicável
Alhandra;201008;Prefeitura Municipal de Alhandra;112025;2025;17135011;Transferências de Recursos do Bloco de Manutenção das Ações e Serviços Públicos de Saúde – Atenção Primária - Principal;Lançamento de Receita;151.800;604;Transferências provenientes do Governo Federal destinadas ao vencimento dos agentes comunitários de saúde e dos agentes de combate às endemias;"Não ";Não Aplicável
Alhandra;201008;Prefeitura Municipal de Alhandra;102025;2025;17135011;Transferências de Recursos do Bloco de Manutenção das Ações e Serviços Públicos de Saúde – Atenção Primária - Principal;Lançamento de Receita;431.123,62;600;Transferências Fundo a Fundo de Recursos do SUS provenientes do Governo Federal - Bloco de Manutenção das Ações e Serviços Públicos de Saúde;"Não ";Não Aplicável
Alhandra;201008;Prefeitura Municipal de Alhandra;102025;2025;17135011;Transferências de Recursos do Bloco de Manutenção das Ações e Serviços Públicos de Saúde – Atenção Primária - Principal;Lançamento de Receita;151.800;604;Transferências provenientes do Governo Federal destinadas ao vencimento dos agentes comunitários de saúde e dos agentes de combate às endemias;"Não ";Não Aplicável
Alhandra;201008;Prefeitura Municipal de Alhandra;092025;2025;17135011;Transferências de Recursos do Bloco de Manutenção das Ações e Serviços Públicos de Saúde – Atenção Primária - Principal;Lançamento de Receita;427.963,77;600;Transferências Fundo a Fundo de Recursos do SUS provenientes do Governo Federal - Bloco de Manutenção das Ações e Serviços Públicos de Saúde;"Não ";Não Aplicável
Alhandra;201008;Prefeitura Municipal de Alhandra;092025;2025;17135011;Transferências de Recursos do Bloco de Manutenção das Ações e Serviços Públicos de Saúde – Atenção Primária - Principal;Lançamento de Receita;136.620;604;Transferências provenientes do Governo Federal destinadas ao vencimento dos agentes comunitários de saúde e dos agentes de combate às endemias;"Não ";Não Aplicável
Alhandra;201008;Prefeitura Municipal de Alhandra;082025;2025;17135011;Transferências de Recursos do Bloco de Manutenção das Ações e Serviços Públicos de Saúde – Atenção Primária - Principal;Lançamento de Receita;394.347,49;600;Transferências Fundo a Fundo de Recursos do SUS provenientes do Governo Federal - Bloco de Manutenção das Ações e Serviços Públicos de Saúde;"Não ";Não Aplicável
Alhandra;201008;Prefeitura Municipal de Alhandra;082025;2025;17135011;Transferências de Recursos do Bloco de Manutenção das Ações e Serviços Públicos de Saúde – Atenção Primária - Principal;Lançamento de Receita;133.584;604;Transferências provenientes do Governo Federal destinadas ao vencimento dos agentes comunitários de saúde e dos agentes de combate às endemias;"Não ";Não Aplicável
Alhandra;201008;Prefeitura Municipal de Alhandra;072025;2025;17135011;Transferências de Recursos do Bloco de Manutenção das Ações e Serviços Públicos de Saúde – Atenção Primária - Principal;Lançamento de Receita;458.835,72;600;Transferências Fundo a Fundo de Recursos do SUS provenientes do Governo Federal - Bloco de Manutenção das Ações e Serviços Públicos de Saúde;"Não ";Não Aplicável
Alhandra;201008;Prefeitura Municipal de Alhandra;072025;2025;17135011;Transferências de Recursos do Bloco de Manutenção das Ações e Serviços Públicos de Saúde – Atenção Primária - Principal;Lançamento de Receita;151.800;604;Transferências provenientes do Governo Federal destinadas ao vencimento dos agentes comunitários de saúde e dos agentes de combate às endemias;"Não ";Não Aplicável
Alhandra;201008;Prefeitura Municipal de Alhandra;062025;2025;17135011;Transferências de Recursos do Bloco de Manutenção das Ações e Serviços Públicos de Saúde – Atenção Primária - Principal;Lançamento de Receita;422.347,49;600;Transferências Fundo a Fundo de Recursos do SUS provenientes do Governo Federal - Bloco de Manutenção das Ações e Serviços Públicos de Saúde;"Não ";Não Aplicável
Alhandra;201008;Prefeitura Municipal de Alhandra;062025;2025;17135011;Transferências de Recursos do Bloco de Manutenção das Ações e Serviços Públicos de Saúde – Atenção Primária - Principal;Lançamento de Receita;151.800;604;Transferências provenientes do Governo Federal destinadas ao vencimento dos agentes comunitários de saúde e dos agentes de combate às endemias;"Não ";Não Aplicável
Alhandra;201008;Prefeitura Municipal de Alhandra;052025;2025;17135011;Transferências de Recursos do Bloco de Manutenção das Ações e Serviços Públicos de Saúde – Atenção Primária - Principal;Lançamento de Receita;151.800;604;Transferências provenientes do Governo Federal destinadas ao vencimento dos agentes comunitários de saúde e dos agentes de combate às endemias;"Não ";Não Aplicável
Alhandra;201008;Prefeitura Municipal de Alhandra;052025;2025;17135011;Transferências de Recursos do Bloco de Manutenção das Ações e Serviços Públicos de Saúde – Atenção Primária - Principal;Lançamento de Receita;470.674,71;600;Transferências Fundo a Fundo de Recursos do SUS provenientes do Governo Federal - Bloco de Manutenção das Ações e Serviços Públicos de Saúde;"Não ";Não Aplicável
Alhandra;201008;Prefeitura Municipal de Alhandra;042025;2025;17135011;Transferências de Recursos do Bloco de Manutenção das Ações e Serviços Públicos de Saúde – Atenção Primária - Principal;Lançamento de Receita;445.517,02;600;Transferências Fundo a Fundo de Recursos do SUS provenientes do Governo Federal - Bloco de Manutenção das Ações e Serviços Públicos de Saúde;"Não ";Não Aplicável
Alhandra;201008;Prefeitura Municipal de Alhandra;042025;2025;17135011;Transferências de Recursos do Bloco de Manutenção das Ações e Serviços Públicos de Saúde – Atenção Primária - Principal;Lançamento de Receita;130.548;604;Transferências provenientes do Governo Federal destinadas ao vencimento dos agentes comunitários de saúde e dos agentes de combate às endemias;"Não ";Não Aplicável
Alhandra;201008;Prefeitura Municipal de Alhandra;032025;2025;17135011;Transferências de Recursos do Bloco de Manutenção das Ações e Serviços Públicos de Saúde – Atenção Primária - Principal;Lançamento de Receita;121.440;604;Transferências provenientes do Governo Federal destinadas ao vencimento dos agentes comunitários de saúde e dos agentes de combate às endemias;"Não ";Não Aplicável
Alhandra;201008;Prefeitura Municipal de Alhandra;032025;2025;17135011;Transferências de Recursos do Bloco de Manutenção das Ações e Serviços Públicos de Saúde – Atenção Primária - Principal;Lançamento de Receita;428.939,23;600;Transferências Fundo a Fundo de Recursos do SUS provenientes do Governo Federal - Bloco de Manutenção das Ações e Serviços Públicos de Saúde;"Não ";Não Aplicável
Alhandra;201008;Prefeitura Municipal de Alhandra;022025;2025;17135011;Transferências de Recursos do Bloco de Manutenção das Ações e Serviços Públicos de Saúde – Atenção Primária - Principal;Lançamento de Receita;121.440;604;Transferências provenientes do Governo Federal destinadas ao vencimento dos agentes comunitários de saúde e dos agentes de combate às endemias;"Não ";Não Aplicável
Alhandra;201008;Prefeitura Municipal de Alhandra;022025;2025;17135011;Transferências de Recursos do Bloco de Manutenção das Ações e Serviços Públicos de Saúde – Atenção Primária - Principal;Lançamento de Receita;476.174,17;600;Transferências Fundo a Fundo de Recursos do SUS provenientes do Governo Federal - Bloco de Manutenção das Ações e Serviços Públicos de Saúde;"Não ";Não Aplicável
Alhandra;201008;Prefeitura Municipal de Alhandra;012025;2025;17135011;Transferências de Recursos do Bloco de Manutenção das Ações e Serviços Públicos de Saúde – Atenção Primária - Principal;Lançamento de Receita;121.440;604;Transferências provenientes do Governo Federal destinadas ao vencimento dos agentes comunitários de saúde e dos agentes de combate às endemias;"Não ";Não Aplicável
Alhandra;201008;Prefeitura Municipal de Alhandra;012025;2025;17135011;Transferências de Recursos do Bloco de Manutenção das Ações e Serviços Públicos de Saúde – Atenção Primária - Principal;Lançamento de Receita;470.820,49;600;Transferências Fundo a Fundo de Recursos do SUS provenientes do Governo Federal - Bloco de Manutenção das Ações e Serviços Públicos de Saúde;"Não ";Não Aplicável
Alhandra;201008;Prefeitura Municipal de Alhandra;122025;2025;17125211;Cota-parte da Compensação Financeira pela Produção de Petróleo – Lei nº 7.990/89 - Principal;Lançamento de Receita;295.886,72;720;Transferências da União Referentes às participações na exploração de Petróleo e Gás Natural destinadas ao FEP - Lei 9.478/1997;"Não ";Não Aplicável
Alhandra;201008;Prefeitura Municipal de Alhandra;112025;2025;17125211;Cota-parte da Compensação Financeira pela Produção de Petróleo – Lei nº 7.990/89 - Principal;Lançamento de Receita;280.248,89;720;Transferências da União Referentes às participações na exploração de Petróleo e Gás Natural destinadas ao FEP - Lei 9.478/1997;"Não ";Não Aplicável
Alhandra;201008;Prefeitura Municipal de Alhandra;102025;2025;17125211;Cota-parte da Compensação Financeira pela Produção de Petróleo – Lei nº 7.990/89 - Principal;Lançamento de Receita;291.104,55;720;Transferências da União Referentes às participações na exploração de Petróleo e Gás Natural destinadas ao FEP - Lei 9.478/1997;"Não ";Não Aplicável
Alhandra;201008;Prefeitura Municipal de Alhandra;092025;2025;17125211;Cota-parte da Compensação Financeira pela Produção de Petróleo – Lei nº 7.990/89 - Principal;Lançamento de Receita;352.014,36;720;Transferências da União Referentes às participações na exploração de Petróleo e Gás Natural destinadas ao FEP - Lei 9.478/1997;"Não ";Não Aplicável
Alhandra;201008;Prefeitura Municipal de Alhandra;082025;2025;17125211;Cota-parte da Compensação Financeira pela Produção de Petróleo – Lei nº 7.990/89 - Principal;Lançamento de Receita;310.636,32;720;Transferências da União Referentes às participações na exploração de Petróleo e Gás Natural destinadas ao FEP - Lei 9.478/1997;"Não ";Não Aplicável
Alhandra;201008;Prefeitura Municipal de Alhandra;072025;2025;17125211;Cota-parte da Compensação Financeira pela Produção de Petróleo – Lei nº 7.990/89 - Principal;Lançamento de Receita;358.837,97;720;Transferências da União Referentes às participações na exploração de Petróleo e Gás Natural destinadas ao FEP - Lei 9.478/1997;"Não ";Não Aplicável
Alhandra;201008;Prefeitura Municipal de Alhandra;062025;2025;17125211;Cota-parte da Compensação Financeira pela Produção de Petróleo – Lei nº 7.990/89 - Principal;Lançamento de Receita;290.019,89;720;Transferências da União Referentes às participações na exploração de Petróleo e Gás Natural destinadas ao FEP - Lei 9.478/1997;"Não ";Não Aplicável
Alhandra;201008;Prefeitura Municipal de Alhandra;052025;2025;17125211;Cota-parte da Compensação Financeira pela Produção de Petróleo – Lei nº 7.990/89 - Principal;Lançamento de Receita;361.366,84;720;Transferências da União Referentes às participações na exploração de Petróleo e Gás Natural destinadas ao FEP - Lei 9.478/1997;"Não ";Não Aplicável
Alhandra;201008;Prefeitura Municipal de Alhandra;042025;2025;17125211;Cota-parte da Compensação Financeira pela Produção de Petróleo – Lei nº 7.990/89 - Principal;Lançamento de Receita;326.173,6;720;Transferências da União Referentes às participações na exploração de Petróleo e Gás Natural destinadas ao FEP - Lei 9.478/1997;"Não ";Não Aplicável
Alhandra;201008;Prefeitura Municipal de Alhandra;032025;2025;17125211;Cota-parte da Compensação Financeira pela Produção de Petróleo – Lei nº 7.990/89 - Principal;Lançamento de Receita;390.881,27;720;Transferências da União Referentes às participações na exploração de Petróleo e Gás Natural destinadas ao FEP - Lei 9.478/1997;"Não ";Não Aplicável
Alhandra;201008;Prefeitura Municipal de Alhandra;022025;2025;17125211;Cota-parte da Compensação Financeira pela Produção de Petróleo – Lei nº 7.990/89 - Principal;Lançamento de Receita;415.116,57;720;Transferências da União Referentes às participações na exploração de Petróleo e Gás Natural destinadas ao FEP - Lei 9.478/1997;"Não ";Não Aplicável
Alhandra;201008;Prefeitura Municipal de Alhandra;012025;2025;17125211;Cota-parte da Compensação Financeira pela Produção de Petróleo – Lei nº 7.990/89 - Principal;Lançamento de Receita;338.850,5;720;Transferências da União Referentes às participações na exploração de Petróleo e Gás Natural destinadas ao FEP - Lei 9.478/1997;"Não ";Não Aplicável
Alhandra;201008;Prefeitura Municipal de Alhandra;122025;2025;17115201;Cota-Parte do Imposto Sobre a Propriedade Territorial Rural - Principal;Lançamento de Receita;13.448,66;500;Recursos não vinculados de Impostos;"Não ";Não Aplicável
Alhandra;201008;Prefeitura Municipal de Alhandra;122025;2025;17115201;Cota-Parte do Imposto Sobre a Propriedade Territorial Rural - Principal;Dedução do Fundeb;-2.689,72;500;Recursos não vinculados de Impostos;1001;Identificação das despesas com manutenção e desenvolvimento do ensino
Alhandra;201008;Prefeitura Municipal de Alhandra;112025;2025;17115201;Cota-Parte do Imposto Sobre a Propriedade Territorial Rural - Principal;Lançamento de Receita;427,33;500;Recursos não vinculados de Impostos;"Não ";Não Aplicável
Alhandra;201008;Prefeitura Municipal de Alhandra;112025;2025;17115201;Cota-Parte do Imposto Sobre a Propriedade Territorial Rural - Principal;Dedução do Fundeb;-85,45;500;Recursos não vinculados de Impostos;1001;Identificação das despesas com manutenção e desenvolvimento do ensino
Alhandra;201008;Prefeitura Municipal de Alhandra;102025;2025;17115201;Cota-Parte do Imposto Sobre a Propriedade Territorial Rural - Principal;Lançamento de Receita;18.787,16;500;Recursos não vinculados de Impostos;"Não ";Não Aplicável
Alhandra;201008;Prefeitura Municipal de Alhandra;102025;2025;17115201;Cota-Parte do Imposto Sobre a Propriedade Territorial Rural - Principal;Dedução do Fundeb;-3.757,42;500;Recursos não vinculados de Impostos;1001;Identificação das despesas com manutenção e desenvolvimento do ensino
Alhandra;201008;Prefeitura Municipal de Alhandra;092025;2025;17115201;Cota-Parte do Imposto Sobre a Propriedade Territorial Rural - Principal;Lançamento de Receita;1.318,61;500;Recursos não vinculados de Impostos;"Não ";Não Aplicável
Alhandra;201008;Prefeitura Municipal de Alhandra;092025;2025;17115201;Cota-Parte do Imposto Sobre a Propriedade Territorial Rural - Principal;Dedução do Fundeb;-263,71;500;Recursos não vinculados de Impostos;1001;Identificação das despesas com manutenção e desenvolvimento do ensino
Alhandra;201008;Prefeitura Municipal de Alhandra;082025;2025;17115201;Cota-Parte do Imposto Sobre a Propriedade Territorial Rural - Principal;Lançamento de Receita;650,3;500;Recursos não vinculados de Impostos;"Não ";Não Aplicável
Alhandra;201008;Prefeitura Municipal de Alhandra;082025;2025;17115201;Cota-Parte do Imposto Sobre a Propriedade Territorial Rural - Principal;Dedução do Fundeb;-130,05;500;Recursos não vinculados de Impostos;1001;Identificação das despesas com manutenção e desenvolvimento do ensino
Alhandra;201008;Prefeitura Municipal de Alhandra;072025;2025;17115201;Cota-Parte do Imposto Sobre a Propriedade Territorial Rural - Principal;Lançamento de Receita;18,02;500;Recursos não vinculados de Impostos;"Não ";Não Aplicável
Alhandra;201008;Prefeitura Municipal de Alhandra;072025;2025;17115201;Cota-Parte do Imposto Sobre a Propriedade Territorial Rural - Principal;Dedução do Fundeb;-3,59;500;Recursos não vinculados de Impostos;1001;Identificação das despesas com manutenção e desenvolvimento do ensino
Alhandra;201008;Prefeitura Municipal de Alhandra;062025;2025;17115201;Cota-Parte do Imposto Sobre a Propriedade Territorial Rural - Principal;Lançamento de Receita;44,59;500;Recursos não vinculados de Impostos;"Não ";Não Aplicável
Alhandra;201008;Prefeitura Municipal de Alhandra;062025;2025;17115201;Cota-Parte do Imposto Sobre a Propriedade Territorial Rural - Principal;Dedução do Fundeb;-8,9;500;Recursos não vinculados de Impostos;1001;Identificação das despesas com manutenção e desenvolvimento do ensino
Alhandra;201008;Prefeitura Municipal de Alhandra;052025;2025;17115201;Cota-Parte do Imposto Sobre a Propriedade Territorial Rural - Principal;Dedução do Fundeb;-1.025,3;500;Recursos não vinculados de Impostos;1001;Identificação das despesas com manutenção e desenvolvimento do ensino
Alhandra;201008;Prefeitura Municipal de Alhandra;052025;2025;17115201;Cota-Parte do Imposto Sobre a Propriedade Territorial Rural - Principal;Lançamento de Receita;5.126,58;500;Recursos não vinculados de Impostos;"Não ";Não Aplicável
Alhandra;201008;Prefeitura Municipal de Alhandra;042025;2025;17115201;Cota-Parte do Imposto Sobre a Propriedade Territorial Rural - Principal;Lançamento de Receita;1,86;500;Recursos não vinculados de Impostos;"Não ";Não Aplicável
Alhandra;201008;Prefeitura Municipal de Alhandra;042025;2025;17115201;Cota-Parte do Imposto Sobre a Propriedade Territorial Rural - Principal;Dedução do Fundeb;-0,37;500;Recursos não vinculados de Impostos;1001;Identificação das despesas com manutenção e desenvolvimento do ensino
Alhandra;201008;Prefeitura Municipal de Alhandra;032025;2025;17115201;Cota-Parte do Imposto Sobre a Propriedade Territorial Rural - Principal;Dedução do Fundeb;-98,3;500;Recursos não vinculados de Impostos;1001;Identificação das despesas com manutenção e desenvolvimento do ensino
Alhandra;201008;Prefeitura Municipal de Alhandra;032025;2025;17115201;Cota-Parte do Imposto Sobre a Propriedade Territorial Rural - Principal;Lançamento de Receita;491,51;500;Recursos não vinculados de Impostos;"Não ";Não Aplicável
Alhandra;201008;Prefeitura Municipal de Alhandra;022025;2025;17115201;Cota-Parte do Imposto Sobre a Propriedade Territorial Rural - Principal;Lançamento de Receita;341,52;500;Recursos não vinculados de Impostos;"Não ";Não Aplicável
Alhandra;201008;Prefeitura Municipal de Alhandra;022025;2025;17115201;Cota-Parte do Imposto Sobre a Propriedade Territorial Rural - Principal;Dedução do Fundeb;-68,3;500;Recursos não vinculados de Impostos;1001;Identificação das despesas com manutenção e desenvolvimento do ensino
Alhandra;201008;Prefeitura Municipal de Alhandra;012025;2025;17115201;Cota-Parte do Imposto Sobre a Propriedade Territorial Rural - Principal;Lançamento de Receita;12,52;500;Recursos não vinculados de Impostos;"Não ";Não Aplicável
Alhandra;201008;Prefeitura Municipal de Alhandra;012025;2025;17115201;Cota-Parte do Imposto Sobre a Propriedade Territorial Rural - Principal;Dedução do Fundeb;-2,49;500;Recursos não vinculados de Impostos;1001;Identificação das despesas com manutenção e desenvolvimento do ensino
Alhandra;201008;Prefeitura Municipal de Alhandra;122025;2025;17115121;Cota-Parte do Fundo de Participação dos Municípios - Cotas Extraordinárias - Principal;Lançamento de Receita;1.608.135,2;500;Recursos não vinculados de Impostos;"Não ";Não Aplicável
Alhandra;201008;Prefeitura Municipal de Alhandra;092025;2025;17115121;Cota-Parte do Fundo de Participação dos Municípios - Cotas Extraordinárias - Principal;Lançamento de Receita;1.332.248,09;500;Recursos não vinculados de Impostos;"Não ";Não Aplicável
Alhandra;201008;Prefeitura Municipal de Alhandra;072025;2025;17115121;Cota-Parte do Fundo de Participação dos Municípios - Cotas Extraordinárias - Principal;Lançamento de Receita;1.557.855,73;500;Recursos não vinculados de Impostos;"Não ";Não Aplicável
Alhandra;201008;Prefeitura Municipal de Alhandra;122025;2025;17115111;Cota-Parte do Fundo de Participação dos Municípios - Cota Mensal - Principal;Dedução do Fundeb;-753.714,87;500;Recursos não vinculados de Impostos;1001;Identificação das despesas com manutenção e desenvolvimento do ensino
Alhandra;201008;Prefeitura Municipal de Alhandra;122025;2025;17115111;Cota-Parte do Fundo de Participação dos Municípios - Cota Mensal - Principal;Lançamento de Receita;3.765.300,24;500;Recursos não vinculados de Impostos;"Não ";Não Aplicável
Alhandra;201008;Prefeitura Municipal de Alhandra;112025;2025;17115111;Cota-Parte do Fundo de Participação dos Municípios - Cota Mensal - Principal;Lançamento de Receita;3.338.798,54;500;Recursos não vinculados de Impostos;"Não ";Não Aplicável
Alhandra;201008;Prefeitura Municipal de Alhandra;112025;2025;17115111;Cota-Parte do Fundo de Participação dos Municípios - Cota Mensal - Principal;Dedução do Fundeb;-667.759,67;500;Recursos não vinculados de Impostos;1001;Identificação das despesas com manutenção e desenvolvimento do ensino
Alhandra;201008;Prefeitura Municipal de Alhandra;102025;2025;17115111;Cota-Parte do Fundo de Participação dos Municípios - Cota Mensal - Principal;Lançamento de Receita;2.459.465,72;500;Recursos não vinculados de Impostos;"Não ";Não Aplicável
Alhandra;201008;Prefeitura Municipal de Alhandra;102025;2025;17115111;Cota-Parte do Fundo de Participação dos Municípios - Cota Mensal - Principal;Dedução do Fundeb;-491.238,25;500;Recursos não vinculados de Impostos;1001;Identificação das despesas com manutenção e desenvolvimento do ensino
Alhandra;201008;Prefeitura Municipal de Alhandra;092025;2025;17115111;Cota-Parte do Fundo de Participação dos Municípios - Cota Mensal - Principal;Dedução do Fundeb;-466.014,95;500;Recursos não vinculados de Impostos;1001;Identificação das despesas com manutenção e desenvolvimento do ensino
Alhandra;201008;Prefeitura Municipal de Alhandra;092025;2025;17115111;Cota-Parte do Fundo de Participação dos Municípios - Cota Mensal - Principal;Lançamento de Receita;2.330.074,89;500;Recursos não vinculados de Impostos;"Não ";Não Aplicável
Alhandra;201008;Prefeitura Municipal de Alhandra;082025;2025;17115111;Cota-Parte do Fundo de Participação dos Municípios - Cota Mensal - Principal;Lançamento de Receita;2.885.901,99;500;Recursos não vinculados de Impostos;"Não ";Não Aplicável
Alhandra;201008;Prefeitura Municipal de Alhandra;082025;2025;17115111;Cota-Parte do Fundo de Participação dos Municípios - Cota Mensal - Principal;Dedução do Fundeb;-577.180,36;500;Recursos não vinculados de Impostos;1001;Identificação das despesas com manutenção e desenvolvimento do ensino
Alhandra;201008;Prefeitura Municipal de Alhandra;072025;2025;17115111;Cota-Parte do Fundo de Participação dos Municípios - Cota Mensal - Principal;Dedução do Fundeb;-437.473,5;500;Recursos não vinculados de Impostos;1001;Identificação das despesas com manutenção e desenvolvimento do ensino
Alhandra;201008;Prefeitura Municipal de Alhandra;072025;2025;17115111;Cota-Parte do Fundo de Participação dos Municípios - Cota Mensal - Principal;Lançamento de Receita;2.187.367,65;500;Recursos não vinculados de Impostos;"Não ";Não Aplicável
Alhandra;201008;Prefeitura Municipal de Alhandra;062025;2025;17115111;Cota-Parte do Fundo de Participação dos Municípios - Cota Mensal - Principal;Dedução do Fundeb;-712.654,69;500;Recursos não vinculados de Impostos;1001;Identificação das despesas com manutenção e desenvolvimento do ensino
Alhandra;201008;Prefeitura Municipal de Alhandra;062025;2025;17115111;Cota-Parte do Fundo de Participação dos Municípios - Cota Mensal - Principal;Lançamento de Receita;3.563.273,61;500;Recursos não vinculados de Impostos;"Não ";Não Aplicável
Alhandra;201008;Prefeitura Municipal de Alhandra;052025;2025;17115111;Cota-Parte do Fundo de Participação dos Municípios - Cota Mensal - Principal;Dedução do Fundeb;-693.826,05;500;Recursos não vinculados de Impostos;1001;Identificação das despesas com manutenção e desenvolvimento do ensino
Alhandra;201008;Prefeitura Municipal de Alhandra;052025;2025;17115111;Cota-Parte do Fundo de Participação dos Municípios - Cota Mensal - Principal;Lançamento de Receita;3.469.130,45;500;Recursos não vinculados de Impostos;"Não ";Não Aplicável
Alhandra;201008;Prefeitura Municipal de Alhandra;042025;2025;17115111;Cota-Parte do Fundo de Participação dos Municípios - Cota Mensal - Principal;Lançamento de Receita;2.719.517,71;500;Recursos não vinculados de Impostos;"Não ";Não Aplicável
Alhandra;201008;Prefeitura Municipal de Alhandra;042025;2025;17115111;Cota-Parte do Fundo de Participação dos Municípios - Cota Mensal - Principal;Dedução do Fundeb;-543.903,49;500;Recursos não vinculados de Impostos;1001;Identificação das despesas com manutenção e desenvolvimento do ensino
Alhandra;201008;Prefeitura Municipal de Alhandra;032025;2025;17115111;Cota-Parte do Fundo de Participação dos Municípios - Cota Mensal - Principal;Dedução do Fundeb;-535.248,2;500;Recursos não vinculados de Impostos;1001;Identificação das despesas com manutenção e desenvolvimento do ensino
Alhandra;201008;Prefeitura Municipal de Alhandra;032025;2025;17115111;Cota-Parte do Fundo de Participação dos Municípios - Cota Mensal - Principal;Lançamento de Receita;2.676.241,2;500;Recursos não vinculados de Impostos;"Não ";Não Aplicável
Alhandra;201008;Prefeitura Municipal de Alhandra;022025;2025;17115111;Cota-Parte do Fundo de Participação dos Municípios - Cota Mensal - Principal;Dedução do Fundeb;-812.772,69;500;Recursos não vinculados de Impostos;1001;Identificação das despesas com manutenção e desenvolvimento do ensino
Alhandra;201008;Prefeitura Municipal de Alhandra;022025;2025;17115111;Cota-Parte do Fundo de Participação dos Municípios - Cota Mensal - Principal;Lançamento de Receita;4.063.863,68;500;Recursos não vinculados de Impostos;"Não ";Não Aplicável
Alhandra;201008;Prefeitura Municipal de Alhandra;012025;2025;17115111;Cota-Parte do Fundo de Participação dos Municípios - Cota Mensal - Principal;Lançamento de Receita;3.028.474,95;500;Recursos não vinculados de Impostos;"Não ";Não Aplicável
Alhandra;201008;Prefeitura Municipal de Alhandra;012025;2025;17115111;Cota-Parte do Fundo de Participação dos Municípios - Cota Mensal - Principal;Dedução do Fundeb;-605.694,96;500;Recursos não vinculados de Impostos;1001;Identificação das despesas com manutenção e desenvolvimento do ensino
Alhandra;201008;Prefeitura Municipal de Alhandra;122025;2025;13210101;Remuneração de Depósitos Bancários - Principal;Lançamento de Receita;1.338,93;660;Transferência de Recursos do Fundo Nacional de Assistência Social - FNAS;"Não ";Não Aplicável
Alhandra;201008;Prefeitura Municipal de Alhandra;122025;2025;13210101;Remuneração de Depósitos Bancários - Principal;Lançamento de Receita;170,45;600;Transferências Fundo a Fundo de Recursos do SUS provenientes do Governo Federal - Bloco de Manutenção das Ações e Serviços Públicos de Saúde;3130;Identificação das Transferências da União decorrentes de emendas parlamentares de comissão
Alhandra;201008;Prefeitura Municipal de Alhandra;122025;2025;13210101;Remuneração de Depósitos Bancários - Principal;Lançamento de Receita;768,57;716;Transferências Destinadas ao Setor cultural - LC nº 195/2022 - Art. 8º - Demais Setores da Cultura;"Não ";Não Aplicável
Alhandra;201008;Prefeitura Municipal de Alhandra;122025;2025;13210101;Remuneração de Depósitos Bancários - Principal;Lançamento de Receita;142,89;569;Outras Transferências de Recursos do FNDE;"Não ";Não Aplicável
Alhandra;201008;Prefeitura Municipal de Alhandra;122025;2025;13210101;Remuneração de Depósitos Bancários - Principal;Lançamento de Receita;61.605,88;710;Transferência Especial dos Estados;3210;Identificação das Transferências dos Estados decorrentes de emendas parlamentares individuais
Alhandra;201008;Prefeitura Municipal de Alhandra;122025;2025;13210101;Remuneração de Depósitos Bancários - Principal;Lançamento de Receita;10.890,61;706;"Transferência Especial da União ";3110;Identificação das Transferências da União decorrentes de emendas parlamentares individuais
Alhandra;201008;Prefeitura Municipal de Alhandra;122025;2025;13210101;Remuneração de Depósitos Bancários - Principal;Lançamento de Receita;38.185,86;600;Transferências Fundo a Fundo de Recursos do SUS provenientes do Governo Federal - Bloco de Manutenção das Ações e Serviços Públicos de Saúde;3110;Identificação das Transferências da União decorrentes de emendas parlamentares individuais
Alhandra;201008;Prefeitura Municipal de Alhandra;122025;2025;13210101;Remuneração de Depósitos Bancários - Principal;Lançamento de Receita;1.055;660;Transferência de Recursos do Fundo Nacional de Assistência Social - FNAS;3120;Identificação das Transferências da União decorrentes de emendas parlamentares de bancada
Alhandra;201008;Prefeitura Municipal de Alhandra;122025;2025;13210101;Remuneração de Depósitos Bancários - Principal;Lançamento de Receita;11.612,12;600;Transferências Fundo a Fundo de Recursos do SUS provenientes do Governo Federal - Bloco de Manutenção das Ações e Serviços Públicos de Saúde;3120;Identificação das Transferências da União decorrentes de emendas parlamentares de bancada
Alhandra;201008;Prefeitura Municipal de Alhandra;122025;2025;13210101;Remuneração de Depósitos Bancários - Principal;Lançamento de Receita;12.376,33;540;Transferências do FUNDEB - Impostos e Transferências de Impostos;1070;Identificação do percentual aplicado no pagamento da remuneração dos profissionais da educação básica em efetivo exercício
Alhandra;201008;Prefeitura Municipal de Alhandra;122025;2025;13210101;Remuneração de Depósitos Bancários - Principal;Lançamento de Receita;129.486,29;500;Recursos não vinculados de Impostos;"Não ";Não Aplicável
Alhandra;201008;Prefeitura Municipal de Alhandra;122025;2025;13210101;Remuneração de Depósitos Bancários - Principal;Lançamento de Receita;495,49;540;Transferências do FUNDEB - Impostos e Transferências de Impostos;"Não ";Não Aplicável
Alhandra;201008;Prefeitura Municipal de Alhandra;122025;2025;13210101;Remuneração de Depósitos Bancários - Principal;Lançamento de Receita;11.781,56;700;Outras Transferências de Convênios ou Repasses da União;"Não ";Não Aplicável
Alhandra;201008;Prefeitura Municipal de Alhandra;112025;2025;13210101;Remuneração de Depósitos Bancários - Principal;Lançamento de Receita;1.915,54;569;Outras Transferências de Recursos do FNDE;"Não ";Não Aplicável
Alhandra;201008;Prefeitura Municipal de Alhandra;112025;2025;13210101;Remuneração de Depósitos Bancários - Principal;Lançamento de Receita;1.155,86;660;Transferência de Recursos do Fundo Nacional de Assistência Social - FNAS;3120;Identificação das Transferências da União decorrentes de emendas parlamentares de bancada
Alhandra;201008;Prefeitura Municipal de Alhandra;112025;2025;13210101;Remuneração de Depósitos Bancários - Principal;Lançamento de Receita;11.786;706;"Transferência Especial da União ";3110;Identificação das Transferências da União decorrentes de emendas parlamentares individuais
Alhandra;201008;Prefeitura Municipal de Alhandra;112025;2025;13210101;Remuneração de Depósitos Bancários - Principal;Lançamento de Receita;95.531,64;500;Recursos não vinculados de Impostos;"Não ";Não Aplicável
Alhandra;201008;Prefeitura Municipal de Alhandra;112025;2025;13210101;Remuneração de Depósitos Bancários - Principal;Lançamento de Receita;9.006,12;710;Transferência Especial dos Estados;3210;Identificação das Transferências dos Estados decorrentes de emendas parlamentares individuais
Alhandra;201008;Prefeitura Municipal de Alhandra;112025;2025;13210101;Remuneração de Depósitos Bancários - Principal;Lançamento de Receita;1.738,38;660;Transferência de Recursos do Fundo Nacional de Assistência Social - FNAS;"Não ";Não Aplicável
Alhandra;201008;Prefeitura Municipal de Alhandra;112025;2025;13210101;Remuneração de Depósitos Bancários - Principal;Lançamento de Receita;14.140,91;540;Transferências do FUNDEB - Impostos e Transferências de Impostos;"Não ";Não Aplicável
Alhandra;201008;Prefeitura Municipal de Alhandra;112025;2025;13210101;Remuneração de Depósitos Bancários - Principal;Lançamento de Receita;659,8;716;Transferências Destinadas ao Setor cultural - LC nº 195/2022 - Art. 8º - Demais Setores da Cultura;"Não ";Não Aplicável
Alhandra;201008;Prefeitura Municipal de Alhandra;102025;2025;13210101;Remuneração de Depósitos Bancários - Principal;Lançamento de Receita;22.146,68;540;Transferências do FUNDEB - Impostos e Transferências de Impostos;"Não ";Não Aplicável
Alhandra;201008;Prefeitura Municipal de Alhandra;102025;2025;13210101;Remuneração de Depósitos Bancários - Principal;Lançamento de Receita;71.053,81;706;"Transferência Especial da União ";3110;Identificação das Transferências da União decorrentes de emendas parlamentares individuais
Alhandra;201008;Prefeitura Municipal de Alhandra;102025;2025;13210101;Remuneração de Depósitos Bancários - Principal;Lançamento de Receita;125.752,72;500;Recursos não vinculados de Impostos;"Não ";Não Aplicável
Alhandra;201008;Prefeitura Municipal de Alhandra;102025;2025;13210101;Remuneração de Depósitos Bancários - Principal;Lançamento de Receita;1.461,28;660;Transferência de Recursos do Fundo Nacional de Assistência Social - FNAS;3120;Identificação das Transferências da União decorrentes de emendas parlamentares de bancada
Alhandra;201008;Prefeitura Municipal de Alhandra;102025;2025;13210101;Remuneração de Depósitos Bancários - Principal;Lançamento de Receita;8.467,12;569;Outras Transferências de Recursos do FNDE;"Não ";Não Aplicável
Alhandra;201008;Prefeitura Municipal de Alhandra;102025;2025;13210101;Remuneração de Depósitos Bancários - Principal;Lançamento de Receita;790,67;716;Transferências Destinadas ao Setor cultural - LC nº 195/2022 - Art. 8º - Demais Setores da Cultura;"Não ";Não Aplicável
Alhandra;201008;Prefeitura Municipal de Alhandra;102025;2025;13210101;Remuneração de Depósitos Bancários - Principal;Lançamento de Receita;1.882,32;660;Transferência de Recursos do Fundo Nacional de Assistência Social - FNAS;"Não ";Não Aplicável
Alhandra;201008;Prefeitura Municipal de Alhandra;102025;2025;13210101;Remuneração de Depósitos Bancários - Principal;Lançamento de Receita;11.332,79;710;Transferência Especial dos Estados;3210;Identificação das Transferências dos Estados decorrentes de emendas parlamentares individuais
Alhandra;201008;Prefeitura Municipal de Alhandra;092025;2025;13210101;Remuneração de Depósitos Bancários - Principal;Lançamento de Receita;749,59;716;Transferências Destinadas ao Setor cultural - LC nº 195/2022 - Art. 8º - Demais Setores da Cultura;"Não ";Não Aplicável
Alhandra;201008;Prefeitura Municipal de Alhandra;092025;2025;13210101;Remuneração de Depósitos Bancários - Principal;Lançamento de Receita;9.353,42;569;Outras Transferências de Recursos do FNDE;"Não ";Não Aplicável
Alhandra;201008;Prefeitura Municipal de Alhandra;092025;2025;13210101;Remuneração de Depósitos Bancários - Principal;Lançamento de Receita;1.408,83;660;Transferência de Recursos do Fundo Nacional de Assistência Social - FNAS;3120;Identificação das Transferências da União decorrentes de emendas parlamentares de bancada
Alhandra;201008;Prefeitura Municipal de Alhandra;092025;2025;13210101;Remuneração de Depósitos Bancários - Principal;Lançamento de Receita;30.264,27;540;Transferências do FUNDEB - Impostos e Transferências de Impostos;"Não ";Não Aplicável
Alhandra;201008;Prefeitura Municipal de Alhandra;092025;2025;13210101;Remuneração de Depósitos Bancários - Principal;Lançamento de Receita;11.808,83;710;Transferência Especial dos Estados;3210;Identificação das Transferências dos Estados decorrentes de emendas parlamentares individuais
Alhandra;201008;Prefeitura Municipal de Alhandra;092025;2025;13210101;Remuneração de Depósitos Bancários - Principal;Lançamento de Receita;265,68;706;"Transferência Especial da União ";3110;Identificação das Transferências da União decorrentes de emendas parlamentares individuais
Alhandra;201008;Prefeitura Municipal de Alhandra;092025;2025;13210101;Remuneração de Depósitos Bancários - Principal;Lançamento de Receita;2.028,68;660;Transferência de Recursos do Fundo Nacional de Assistência Social - FNAS;"Não ";Não Aplicável
Alhandra;201008;Prefeitura Municipal de Alhandra;092025;2025;13210101;Remuneração de Depósitos Bancários - Principal;Lançamento de Receita;137.734,66;500;Recursos não vinculados de Impostos;"Não ";Não Aplicável
Alhandra;201008;Prefeitura Municipal de Alhandra;082025;2025;13210101;Remuneração de Depósitos Bancários - Principal;Lançamento de Receita;709,38;716;Transferências Destinadas ao Setor cultural - LC nº 195/2022 - Art. 8º - Demais Setores da Cultura;"Não ";Não Aplicável
Alhandra;201008;Prefeitura Municipal de Alhandra;082025;2025;13210101;Remuneração de Depósitos Bancários - Principal;Lançamento de Receita;8.923,52;569;Outras Transferências de Recursos do FNDE;"Não ";Não Aplicável
Alhandra;201008;Prefeitura Municipal de Alhandra;082025;2025;13210101;Remuneração de Depósitos Bancários - Principal;Lançamento de Receita;105,85;700;Outras Transferências de Convênios ou Repasses da União;"Não ";Não Aplicável
Alhandra;201008;Prefeitura Municipal de Alhandra;082025;2025;13210101;Remuneração de Depósitos Bancários - Principal;Lançamento de Receita;2.497,51;660;Transferência de Recursos do Fundo Nacional de Assistência Social - FNAS;"Não ";Não Aplicável
Alhandra;201008;Prefeitura Municipal de Alhandra;082025;2025;13210101;Remuneração de Depósitos Bancários - Principal;Lançamento de Receita;2.995,34;710;Transferência Especial dos Estados;3210;Identificação das Transferências dos Estados decorrentes de emendas parlamentares individuais
Alhandra;201008;Prefeitura Municipal de Alhandra;082025;2025;13210101;Remuneração de Depósitos Bancários - Principal;Lançamento de Receita;143.352,27;500;Recursos não vinculados de Impostos;"Não ";Não Aplicável
Alhandra;201008;Prefeitura Municipal de Alhandra;082025;2025;13210101;Remuneração de Depósitos Bancários - Principal;Lançamento de Receita;12.084,33;706;"Transferência Especial da União ";3110;Identificação das Transferências da União decorrentes de emendas parlamentares individuais
Alhandra;201008;Prefeitura Municipal de Alhandra;082025;2025;13210101;Remuneração de Depósitos Bancários - Principal;Lançamento de Receita;33.602,37;540;Transferências do FUNDEB - Impostos e Transferências de Impostos;"Não ";Não Aplicável
Alhandra;201008;Prefeitura Municipal de Alhandra;082025;2025;13210101;Remuneração de Depósitos Bancários - Principal;Lançamento de Receita;13,6;600;Transferências Fundo a Fundo de Recursos do SUS provenientes do Governo Federal - Bloco de Manutenção das Ações e Serviços Públicos de Saúde;"Não ";Não Aplicável
Alhandra;201008;Prefeitura Municipal de Alhandra;072025;2025;13210101;Remuneração de Depósitos Bancários - Principal;Lançamento de Receita;139.947,06;500;Recursos não vinculados de Impostos;"Não ";Não Aplicável
Alhandra;201008;Prefeitura Municipal de Alhandra;072025;2025;13210101;Remuneração de Depósitos Bancários - Principal;Lançamento de Receita;2.562,31;706;"Transferência Especial da União ";3110;Identificação das Transferências da União decorrentes de emendas parlamentares individuais
Alhandra;201008;Prefeitura Municipal de Alhandra;072025;2025;13210101;Remuneração de Depósitos Bancários - Principal;Lançamento de Receita;7.361,7;570;Transferências do Governo Federal referentes a Convênios e outros Repasses vinculados à Educação;"Não ";Não Aplicável
Alhandra;201008;Prefeitura Municipal de Alhandra;072025;2025;13210101;Remuneração de Depósitos Bancários - Principal;Lançamento de Receita;457,72;621;"Transferências Fundo a Fundo de Recursos do SUS provenientes do Governo Estadual ";"Não ";Não Aplicável
Alhandra;201008;Prefeitura Municipal de Alhandra;072025;2025;13210101;Remuneração de Depósitos Bancários - Principal;Lançamento de Receita;19,61;700;Outras Transferências de Convênios ou Repasses da União;"Não ";Não Aplicável
Alhandra;201008;Prefeitura Municipal de Alhandra;072025;2025;13210101;Remuneração de Depósitos Bancários - Principal;Lançamento de Receita;10.058,41;569;Outras Transferências de Recursos do FNDE;"Não ";Não Aplicável
Alhandra;201008;Prefeitura Municipal de Alhandra;072025;2025;13210101;Remuneração de Depósitos Bancários - Principal;Lançamento de Receita;908,01;601;Transferências Fundo a Fundo de Recursos do SUS provenientes do Governo Federal - Bloco de Estruturação da Rede de Serviços Públicos de Saúde;"Não ";Não Aplicável
Alhandra;201008;Prefeitura Municipal de Alhandra;072025;2025;13210101;Remuneração de Depósitos Bancários - Principal;Lançamento de Receita;217,79;750;Recursos da Contribuição de Intervenção no Domínio Econômico - CIDE;"Não ";Não Aplicável
Alhandra;201008;Prefeitura Municipal de Alhandra;072025;2025;13210101;Remuneração de Depósitos Bancários - Principal;Lançamento de Receita;518,65;552;Transferências de Recursos do FNDE Referentes ao Programa Nacional de Alimentação Escolar (PNAE);"Não ";Não Aplicável
Alhandra;201008;Prefeitura Municipal de Alhandra;072025;2025;13210101;Remuneração de Depósitos Bancários - Principal;Lançamento de Receita;2.487,97;660;Transferência de Recursos do Fundo Nacional de Assistência Social - FNAS;"Não ";Não Aplicável
Alhandra;201008;Prefeitura Municipal de Alhandra;072025;2025;13210101;Remuneração de Depósitos Bancários - Principal;Lançamento de Receita;1.191,8;716;Transferências Destinadas ao Setor cultural - LC nº 195/2022 - Art. 8º - Demais Setores da Cultura;"Não ";Não Aplicável
Alhandra;201008;Prefeitura Municipal de Alhandra;072025;2025;13210101;Remuneração de Depósitos Bancários - Principal;Lançamento de Receita;49,53;600;Transferências Fundo a Fundo de Recursos do SUS provenientes do Governo Federal - Bloco de Manutenção das Ações e Serviços Públicos de Saúde;"Não ";Não Aplicável
Alhandra;201008;Prefeitura Municipal de Alhandra;072025;2025;13210101;Remuneração de Depósitos Bancários - Principal;Lançamento de Receita;13.614,85;710;Transferência Especial dos Estados;3210;Identificação das Transferências dos Estados decorrentes de emendas parlamentares individuais
Alhandra;201008;Prefeitura Municipal de Alhandra;072025;2025;13210101;Remuneração de Depósitos Bancários - Principal;Lançamento de Receita;10.302,65;550;Transferência do Salário-Educação;"Não ";Não Aplicável
Alhandra;201008;Prefeitura Municipal de Alhandra;072025;2025;13210101;Remuneração de Depósitos Bancários - Principal;Lançamento de Receita;42.670,24;540;Transferências do FUNDEB - Impostos e Transferências de Impostos;"Não ";Não Aplicável
Alhandra;201008;Prefeitura Municipal de Alhandra;072025;2025;13210101;Remuneração de Depósitos Bancários - Principal;Lançamento de Receita;571,97;719;Transferências da Política Nacional Aldir Blanc de Fomento à Cultura - Lei 14.399/2022;"Não ";Não Aplicável
Alhandra;201008;Prefeitura Municipal de Alhandra;072025;2025;13210101;Remuneração de Depósitos Bancários - Principal;Lançamento de Receita;1.641,02;660;Transferência de Recursos do Fundo Nacional de Assistência Social - FNAS;3120;Identificação das Transferências da União decorrentes de emendas parlamentares de bancada
Alhandra;201008;Prefeitura Municipal de Alhandra;062025;2025;13210101;Remuneração de Depósitos Bancários - Principal;Lançamento de Receita;21.739,7;540;Transferências do FUNDEB - Impostos e Transferências de Impostos;"Não ";Não Aplicável
Alhandra;201008;Prefeitura Municipal de Alhandra;062025;2025;13210101;Remuneração de Depósitos Bancários - Principal;Lançamento de Receita;154.610,38;500;Recursos não vinculados de Impostos;"Não ";Não Aplicável
Alhandra;201008;Prefeitura Municipal de Alhandra;062025;2025;13210101;Remuneração de Depósitos Bancários - Principal;Lançamento de Receita;12.781,37;710;Transferência Especial dos Estados;3210;Identificação das Transferências dos Estados decorrentes de emendas parlamentares individuais
Alhandra;201008;Prefeitura Municipal de Alhandra;062025;2025;13210101;Remuneração de Depósitos Bancários - Principal;Lançamento de Receita;485,48;719;Transferências da Política Nacional Aldir Blanc de Fomento à Cultura - Lei 14.399/2022;"Não ";Não Aplicável
Alhandra;201008;Prefeitura Municipal de Alhandra;062025;2025;13210101;Remuneração de Depósitos Bancários - Principal;Lançamento de Receita;1.359,66;660;Transferência de Recursos do Fundo Nacional de Assistência Social - FNAS;"Não ";Não Aplicável
Alhandra;201008;Prefeitura Municipal de Alhandra;062025;2025;13210101;Remuneração de Depósitos Bancários - Principal;Lançamento de Receita;8.255,15;569;Outras Transferências de Recursos do FNDE;"Não ";Não Aplicável
Alhandra;201008;Prefeitura Municipal de Alhandra;062025;2025;13210101;Remuneração de Depósitos Bancários - Principal;Lançamento de Receita;1.611,89;660;Transferência de Recursos do Fundo Nacional de Assistência Social - FNAS;3120;Identificação das Transferências da União decorrentes de emendas parlamentares de bancada
Alhandra;201008;Prefeitura Municipal de Alhandra;062025;2025;13210101;Remuneração de Depósitos Bancários - Principal;Lançamento de Receita;2.043,14;716;Transferências Destinadas ao Setor cultural - LC nº 195/2022 - Art. 8º - Demais Setores da Cultura;"Não ";Não Aplicável
Alhandra;201008;Prefeitura Municipal de Alhandra;062025;2025;13210101;Remuneração de Depósitos Bancários - Principal;Lançamento de Receita;3.108,62;706;"Transferência Especial da União ";3110;Identificação das Transferências da União decorrentes de emendas parlamentares individuais
Alhandra;201008;Prefeitura Municipal de Alhandra;052025;2025;13210101;Remuneração de Depósitos Bancários - Principal;Lançamento de Receita;24.167,37;540;Transferências do FUNDEB - Impostos e Transferências de Impostos;"Não ";Não Aplicável
Alhandra;201008;Prefeitura Municipal de Alhandra;052025;2025;13210101;Remuneração de Depósitos Bancários - Principal;Lançamento de Receita;1.761,77;660;Transferência de Recursos do Fundo Nacional de Assistência Social - FNAS;3120;Identificação das Transferências da União decorrentes de emendas parlamentares de bancada
Alhandra;201008;Prefeitura Municipal de Alhandra;052025;2025;13210101;Remuneração de Depósitos Bancários - Principal;Lançamento de Receita;8.730,89;569;Outras Transferências de Recursos do FNDE;"Não ";Não Aplicável
Alhandra;201008;Prefeitura Municipal de Alhandra;052025;2025;13210101;Remuneração de Depósitos Bancários - Principal;Lançamento de Receita;1.783,32;706;"Transferência Especial da União ";3110;Identificação das Transferências da União decorrentes de emendas parlamentares individuais
Alhandra;201008;Prefeitura Municipal de Alhandra;052025;2025;13210101;Remuneração de Depósitos Bancários - Principal;Lançamento de Receita;144.052,95;500;Recursos não vinculados de Impostos;"Não ";Não Aplicável
Alhandra;201008;Prefeitura Municipal de Alhandra;052025;2025;13210101;Remuneração de Depósitos Bancários - Principal;Lançamento de Receita;1.273,73;660;Transferência de Recursos do Fundo Nacional de Assistência Social - FNAS;"Não ";Não Aplicável
Alhandra;201008;Prefeitura Municipal de Alhandra;052025;2025;13210101;Remuneração de Depósitos Bancários - Principal;Lançamento de Receita;26.796,38;710;Transferência Especial dos Estados;3210;Identificação das Transferências dos Estados decorrentes de emendas parlamentares individuais
Alhandra;201008;Prefeitura Municipal de Alhandra;052025;2025;13210101;Remuneração de Depósitos Bancários - Principal;Lançamento de Receita;2.588,76;719;Transferências da Política Nacional Aldir Blanc de Fomento à Cultura - Lei 14.399/2022;"Não ";Não Aplicável
Alhandra;201008;Prefeitura Municipal de Alhandra;042025;2025;13210101;Remuneração de Depósitos Bancários - Principal;Lançamento de Receita;131.205,75;500;Recursos não vinculados de Impostos;"Não ";Não Aplicável
Alhandra;201008;Prefeitura Municipal de Alhandra;042025;2025;13210101;Remuneração de Depósitos Bancários - Principal;Lançamento de Receita;1.170,76;660;Transferência de Recursos do Fundo Nacional de Assistência Social - FNAS;"Não ";Não Aplicável
Alhandra;201008;Prefeitura Municipal de Alhandra;042025;2025;13210101;Remuneração de Depósitos Bancários - Principal;Lançamento de Receita;8.380,86;569;Outras Transferências de Recursos do FNDE;"Não ";Não Aplicável
Alhandra;201008;Prefeitura Municipal de Alhandra;042025;2025;13210101;Remuneração de Depósitos Bancários - Principal;Lançamento de Receita;1.655,36;660;Transferência de Recursos do Fundo Nacional de Assistência Social - FNAS;3120;Identificação das Transferências da União decorrentes de emendas parlamentares de bancada
Alhandra;201008;Prefeitura Municipal de Alhandra;042025;2025;13210101;Remuneração de Depósitos Bancários - Principal;Lançamento de Receita;4.007,77;706;"Transferência Especial da União ";3110;Identificação das Transferências da União decorrentes de emendas parlamentares individuais
Alhandra;201008;Prefeitura Municipal de Alhandra;042025;2025;13210101;Remuneração de Depósitos Bancários - Principal;Lançamento de Receita;14.537,59;710;Transferência Especial dos Estados;3210;Identificação das Transferências dos Estados decorrentes de emendas parlamentares individuais
Alhandra;201008;Prefeitura Municipal de Alhandra;042025;2025;13210101;Remuneração de Depósitos Bancários - Principal;Lançamento de Receita;23.634,88;540;Transferências do FUNDEB - Impostos e Transferências de Impostos;"Não ";Não Aplicável
Alhandra;201008;Prefeitura Municipal de Alhandra;042025;2025;13210101;Remuneração de Depósitos Bancários - Principal;Lançamento de Receita;2.363,5;719;Transferências da Política Nacional Aldir Blanc de Fomento à Cultura - Lei 14.399/2022;"Não ";Não Aplicável
Alhandra;201008;Prefeitura Municipal de Alhandra;032025;2025;13210101;Remuneração de Depósitos Bancários - Principal;Lançamento de Receita;133.920,02;500;Recursos não vinculados de Impostos;"Não ";Não Aplicável
Alhandra;201008;Prefeitura Municipal de Alhandra;032025;2025;13210101;Remuneração de Depósitos Bancários - Principal;Lançamento de Receita;26.628,78;540;Transferências do FUNDEB - Impostos e Transferências de Impostos;"Não ";Não Aplicável
Alhandra;201008;Prefeitura Municipal de Alhandra;032025;2025;13210101;Remuneração de Depósitos Bancários - Principal;Lançamento de Receita;6.790,61;706;"Transferência Especial da União ";3110;Identificação das Transferências da União decorrentes de emendas parlamentares individuais
Alhandra;201008;Prefeitura Municipal de Alhandra;032025;2025;13210101;Remuneração de Depósitos Bancários - Principal;Lançamento de Receita;14.327,97;710;Transferência Especial dos Estados;3210;Identificação das Transferências dos Estados decorrentes de emendas parlamentares individuais
Alhandra;201008;Prefeitura Municipal de Alhandra;032025;2025;13210101;Remuneração de Depósitos Bancários - Principal;Lançamento de Receita;1.028,17;660;Transferência de Recursos do Fundo Nacional de Assistência Social - FNAS;"Não ";Não Aplicável
Alhandra;201008;Prefeitura Municipal de Alhandra;032025;2025;13210101;Remuneração de Depósitos Bancários - Principal;Lançamento de Receita;1.701,44;716;Transferências Destinadas ao Setor cultural - LC nº 195/2022 - Art. 8º - Demais Setores da Cultura;"Não ";Não Aplicável
Alhandra;201008;Prefeitura Municipal de Alhandra;032025;2025;13210101;Remuneração de Depósitos Bancários - Principal;Lançamento de Receita;7.966,81;569;Outras Transferências de Recursos do FNDE;"Não ";Não Aplicável
Alhandra;201008;Prefeitura Municipal de Alhandra;032025;2025;13210101;Remuneração de Depósitos Bancários - Principal;Lançamento de Receita;404,28;719;Transferências da Política Nacional Aldir Blanc de Fomento à Cultura - Lei 14.399/2022;"Não ";Não Aplicável
Alhandra;201008;Prefeitura Municipal de Alhandra;032025;2025;13210101;Remuneração de Depósitos Bancários - Principal;Lançamento de Receita;1.474,8;660;Transferência de Recursos do Fundo Nacional de Assistência Social - FNAS;3120;Identificação das Transferências da União decorrentes de emendas parlamentares de bancada
Alhandra;201008;Prefeitura Municipal de Alhandra;022025;2025;13210101;Remuneração de Depósitos Bancários - Principal;Lançamento de Receita;13.971,7;706;"Transferência Especial da União ";3110;Identificação das Transferências da União decorrentes de emendas parlamentares individuais
Alhandra;201008;Prefeitura Municipal de Alhandra;022025;2025;13210101;Remuneração de Depósitos Bancários - Principal;Lançamento de Receita;13.702,8;710;Transferência Especial dos Estados;3210;Identificação das Transferências dos Estados decorrentes de emendas parlamentares individuais
Alhandra;201008;Prefeitura Municipal de Alhandra;022025;2025;13210101;Remuneração de Depósitos Bancários - Principal;Lançamento de Receita;1.084,94;660;Transferência de Recursos do Fundo Nacional de Assistência Social - FNAS;"Não ";Não Aplicável
Alhandra;201008;Prefeitura Municipal de Alhandra;022025;2025;13210101;Remuneração de Depósitos Bancários - Principal;Lançamento de Receita;28.196,2;540;Transferências do FUNDEB - Impostos e Transferências de Impostos;"Não ";Não Aplicável
Alhandra;201008;Prefeitura Municipal de Alhandra;022025;2025;13210101;Remuneração de Depósitos Bancários - Principal;Lançamento de Receita;1.830,99;719;Transferências da Política Nacional Aldir Blanc de Fomento à Cultura - Lei 14.399/2022;"Não ";Não Aplicável
Alhandra;201008;Prefeitura Municipal de Alhandra;022025;2025;13210101;Remuneração de Depósitos Bancários - Principal;Lançamento de Receita;8.788,41;569;Outras Transferências de Recursos do FNDE;"Não ";Não Aplicável
Alhandra;201008;Prefeitura Municipal de Alhandra;022025;2025;13210101;Remuneração de Depósitos Bancários - Principal;Lançamento de Receita;1.493,22;660;Transferência de Recursos do Fundo Nacional de Assistência Social - FNAS;3120;Identificação das Transferências da União decorrentes de emendas parlamentares de bancada
Alhandra;201008;Prefeitura Municipal de Alhandra;022025;2025;13210101;Remuneração de Depósitos Bancários - Principal;Lançamento de Receita;301;716;Transferências Destinadas ao Setor cultural - LC nº 195/2022 - Art. 8º - Demais Setores da Cultura;"Não ";Não Aplicável
Alhandra;201008;Prefeitura Municipal de Alhandra;022025;2025;13210101;Remuneração de Depósitos Bancários - Principal;Lançamento de Receita;100.058,67;500;Recursos não vinculados de Impostos;"Não ";Não Aplicável
Alhandra;201008;Prefeitura Municipal de Alhandra;012025;2025;13210101;Remuneração de Depósitos Bancários - Principal;Lançamento de Receita;1.480,12;660;Transferência de Recursos do Fundo Nacional de Assistência Social - FNAS;3120;Identificação das Transferências da União decorrentes de emendas parlamentares de bancada
Alhandra;201008;Prefeitura Municipal de Alhandra;012025;2025;13210101;Remuneração de Depósitos Bancários - Principal;Lançamento de Receita;7.155,66;706;"Transferência Especial da União ";3110;Identificação das Transferências da União decorrentes de emendas parlamentares individuais
Alhandra;201008;Prefeitura Municipal de Alhandra;012025;2025;13210101;Remuneração de Depósitos Bancários - Principal;Lançamento de Receita;2.344,79;710;Transferência Especial dos Estados;3210;Identificação das Transferências dos Estados decorrentes de emendas parlamentares individuais
Alhandra;201008;Prefeitura Municipal de Alhandra;012025;2025;13210101;Remuneração de Depósitos Bancários - Principal;Lançamento de Receita;71.294,09;500;Recursos não vinculados de Impostos;"Não ";Não Aplicável
Alhandra;201008;Prefeitura Municipal de Alhandra;012025;2025;13210101;Remuneração de Depósitos Bancários - Principal;Lançamento de Receita;11.680,26;540;Transferências do FUNDEB - Impostos e Transferências de Impostos;"Não ";Não Aplicável
Alhandra;201008;Prefeitura Municipal de Alhandra;122025;2025;12415001;Contribuição para o Custeio do Serviço de Iluminação Pública - Principal;Lançamento de Receita;182.208,5;751;Recursos da Contribuição para o Custeio do Serviço de Iluminação Pública - COSIP;"Não ";Não Aplicável
Alhandra;201008;Prefeitura Municipal de Alhandra;102025;2025;12415001;Contribuição para o Custeio do Serviço de Iluminação Pública - Principal;Lançamento de Receita;52.029,46;751;Recursos da Contribuição para o Custeio do Serviço de Iluminação Pública - COSIP;"Não ";Não Aplicável
Alhandra;201008;Prefeitura Municipal de Alhandra;092025;2025;12415001;Contribuição para o Custeio do Serviço de Iluminação Pública - Principal;Lançamento de Receita;46.027,68;751;Recursos da Contribuição para o Custeio do Serviço de Iluminação Pública - COSIP;"Não ";Não Aplicável
Alhandra;201008;Prefeitura Municipal de Alhandra;082025;2025;12415001;Contribuição para o Custeio do Serviço de Iluminação Pública - Principal;Lançamento de Receita;49.460,97;751;Recursos da Contribuição para o Custeio do Serviço de Iluminação Pública - COSIP;"Não ";Não Aplicável
Alhandra;201008;Prefeitura Municipal de Alhandra;072025;2025;12415001;Contribuição para o Custeio do Serviço de Iluminação Pública - Principal;Lançamento de Receita;105.720,73;751;Recursos da Contribuição para o Custeio do Serviço de Iluminação Pública - COSIP;"Não ";Não Aplicável
Alhandra;201008;Prefeitura Municipal de Alhandra;052025;2025;12415001;Contribuição para o Custeio do Serviço de Iluminação Pública - Principal;Lançamento de Receita;51.900,34;751;Recursos da Contribuição para o Custeio do Serviço de Iluminação Pública - COSIP;"Não ";Não Aplicável
Alhandra;201008;Prefeitura Municipal de Alhandra;042025;2025;12415001;Contribuição para o Custeio do Serviço de Iluminação Pública - Principal;Lançamento de Receita;51.503,18;751;Recursos da Contribuição para o Custeio do Serviço de Iluminação Pública - COSIP;"Não ";Não Aplicável
Alhandra;201008;Prefeitura Municipal de Alhandra;032025;2025;12415001;Contribuição para o Custeio do Serviço de Iluminação Pública - Principal;Lançamento de Receita;53.643,1;751;Recursos da Contribuição para o Custeio do Serviço de Iluminação Pública - COSIP;"Não ";Não Aplicável
Alhandra;201008;Prefeitura Municipal de Alhandra;022025;2025;12415001;Contribuição para o Custeio do Serviço de Iluminação Pública - Principal;Lançamento de Receita;51.810;751;Recursos da Contribuição para o Custeio do Serviço de Iluminação Pública - COSIP;"Não ";Não Aplicável
Alhandra;201008;Prefeitura Municipal de Alhandra;122025;2025;11210101;Taxas de Inspeção, Controle e Fiscalização - Principal;Lançamento de Receita;12.614,47;501;Outros Recursos não Vinculados;"Não ";Não Aplicável
Alhandra;201008;Prefeitura Municipal de Alhandra;112025;2025;11210101;Taxas de Inspeção, Controle e Fiscalização - Principal;Lançamento de Receita;6.825,04;501;Outros Recursos não Vinculados;"Não ";Não Aplicável
Alhandra;201008;Prefeitura Municipal de Alhandra;102025;2025;11210101;Taxas de Inspeção, Controle e Fiscalização - Principal;Lançamento de Receita;10.849,23;501;Outros Recursos não Vinculados;"Não ";Não Aplicável
Alhandra;201008;Prefeitura Municipal de Alhandra;092025;2025;11210101;Taxas de Inspeção, Controle e Fiscalização - Principal;Lançamento de Receita;21.878,1;501;Outros Recursos não Vinculados;"Não ";Não Aplicável
Alhandra;201008;Prefeitura Municipal de Alhandra;082025;2025;11210101;Taxas de Inspeção, Controle e Fiscalização - Principal;Lançamento de Receita;13.436,6;501;Outros Recursos não Vinculados;"Não ";Não Aplicável
Alhandra;201008;Prefeitura Municipal de Alhandra;072025;2025;11210101;Taxas de Inspeção, Controle e Fiscalização - Principal;Lançamento de Receita;13.982,39;501;Outros Recursos não Vinculados;"Não ";Não Aplicável
Alhandra;201008;Prefeitura Municipal de Alhandra;062025;2025;11210101;Taxas de Inspeção, Controle e Fiscalização - Principal;Lançamento de Receita;4.489,45;501;Outros Recursos não Vinculados;"Não ";Não Aplicável
Alhandra;201008;Prefeitura Municipal de Alhandra;052025;2025;11210101;Taxas de Inspeção, Controle e Fiscalização - Principal;Lançamento de Receita;6.327,75;501;Outros Recursos não Vinculados;"Não ";Não Aplicável
Alhandra;201008;Prefeitura Municipal de Alhandra;042025;2025;11210101;Taxas de Inspeção, Controle e Fiscalização - Principal;Lançamento de Receita;5.274,8;501;Outros Recursos não Vinculados;"Não ";Não Aplicável
Alhandra;201008;Prefeitura Municipal de Alhandra;032025;2025;11210101;Taxas de Inspeção, Controle e Fiscalização - Principal;Lançamento de Receita;5.527,56;501;Outros Recursos não Vinculados;"Não ";Não Aplicável
Alhandra;201008;Prefeitura Municipal de Alhandra;022025;2025;11210101;Taxas de Inspeção, Controle e Fiscalização - Principal;Lançamento de Receita;13.580,45;501;Outros Recursos não Vinculados;"Não ";Não Aplicável
Alhandra;201008;Prefeitura Municipal de Alhandra;012025;2025;11210101;Taxas de Inspeção, Controle e Fiscalização - Principal;Lançamento de Receita;16.204,6;501;Outros Recursos não Vinculados;"Não ";Não Aplicável
Alhandra;201008;Prefeitura Municipal de Alhandra;122025;2025;11145121;Adicional ISS - Fundo Municipal de Combate à Pobreza - Principal;Lançamento de Receita;27.525,98;500;Recursos não vinculados de Impostos;"Não ";Não Aplicável
Alhandra;201008;Prefeitura Municipal de Alhandra;112025;2025;11145121;Adicional ISS - Fundo Municipal de Combate à Pobreza - Principal;Lançamento de Receita;15.952,99;500;Recursos não vinculados de Impostos;"Não ";Não Aplicável
Alhandra;201008;Prefeitura Municipal de Alhandra;102025;2025;11145121;Adicional ISS - Fundo Municipal de Combate à Pobreza - Principal;Lançamento de Receita;29.491,72;500;Recursos não vinculados de Impostos;"Não ";Não Aplicável
Alhandra;201008;Prefeitura Municipal de Alhandra;092025;2025;11145121;Adicional ISS - Fundo Municipal de Combate à Pobreza - Principal;Lançamento de Receita;23.363,92;500;Recursos não vinculados de Impostos;"Não ";Não Aplicável
Alhandra;201008;Prefeitura Municipal de Alhandra;082025;2025;11145121;Adicional ISS - Fundo Municipal de Combate à Pobreza - Principal;Lançamento de Receita;15.922,22;500;Recursos não vinculados de Impostos;"Não ";Não Aplicável
Alhandra;201008;Prefeitura Municipal de Alhandra;072025;2025;11145121;Adicional ISS - Fundo Municipal de Combate à Pobreza - Principal;Lançamento de Receita;22.805,79;500;Recursos não vinculados de Impostos;"Não ";Não Aplicável
Alhandra;201008;Prefeitura Municipal de Alhandra;062025;2025;11145121;Adicional ISS - Fundo Municipal de Combate à Pobreza - Principal;Lançamento de Receita;26.957,83;500;Recursos não vinculados de Impostos;"Não ";Não Aplicável
Alhandra;201008;Prefeitura Municipal de Alhandra;052025;2025;11145121;Adicional ISS - Fundo Municipal de Combate à Pobreza - Principal;Lançamento de Receita;23.032,54;500;Recursos não vinculados de Impostos;"Não ";Não Aplicável
Alhandra;201008;Prefeitura Municipal de Alhandra;042025;2025;11145121;Adicional ISS - Fundo Municipal de Combate à Pobreza - Principal;Lançamento de Receita;25.641,91;500;Recursos não vinculados de Impostos;"Não ";Não Aplicável
Alhandra;201008;Prefeitura Municipal de Alhandra;032025;2025;11145121;Adicional ISS - Fundo Municipal de Combate à Pobreza - Principal;Lançamento de Receita;22.457,57;500;Recursos não vinculados de Impostos;"Não ";Não Aplicável
Alhandra;201008;Prefeitura Municipal de Alhandra;022025;2025;11145121;Adicional ISS - Fundo Municipal de Combate à Pobreza - Principal;Lançamento de Receita;23.216,56;500;Recursos não vinculados de Impostos;"Não ";Não Aplicável
Alhandra;201008;Prefeitura Municipal de Alhandra;012025;2025;11145121;Adicional ISS - Fundo Municipal de Combate à Pobreza - Principal;Lançamento de Receita;19.025,29;500;Recursos não vinculados de Impostos;"Não ";Não Aplicável
Alhandra;201008;Prefeitura Municipal de Alhandra;122025;2025;11145111;Imposto sobre Serviços de Qualquer Natureza - ISSQN - Principal;Lançamento de Receita;537.178,84;500;Recursos não vinculados de Impostos;"Não ";Não Aplicável
Alhandra;201008;Prefeitura Municipal de Alhandra;112025;2025;11145111;Imposto sobre Serviços de Qualquer Natureza - ISSQN - Principal;Lançamento de Receita;374.226,65;500;Recursos não vinculados de Impostos;"Não ";Não Aplicável
Alhandra;201008;Prefeitura Municipal de Alhandra;102025;2025;11145111;Imposto sobre Serviços de Qualquer Natureza - ISSQN - Principal;Lançamento de Receita;471.446,04;500;Recursos não vinculados de Impostos;"Não ";Não Aplicável
Alhandra;201008;Prefeitura Municipal de Alhandra;092025;2025;11145111;Imposto sobre Serviços de Qualquer Natureza - ISSQN - Principal;Lançamento de Receita;345.424,2;500;Recursos não vinculados de Impostos;"Não ";Não Aplicável
Alhandra;201008;Prefeitura Municipal de Alhandra;082025;2025;11145111;Imposto sobre Serviços de Qualquer Natureza - ISSQN - Principal;Lançamento de Receita;476.811,07;500;Recursos não vinculados de Impostos;"Não ";Não Aplicável
Alhandra;201008;Prefeitura Municipal de Alhandra;072025;2025;11145111;Imposto sobre Serviços de Qualquer Natureza - ISSQN - Principal;Lançamento de Receita;344.031,02;500;Recursos não vinculados de Impostos;"Não ";Não Aplicável
Alhandra;201008;Prefeitura Municipal de Alhandra;062025;2025;11145111;Imposto sobre Serviços de Qualquer Natureza - ISSQN - Principal;Lançamento de Receita;308.108,87;500;Recursos não vinculados de Impostos;"Não ";Não Aplicável
Alhandra;201008;Prefeitura Municipal de Alhandra;052025;2025;11145111;Imposto sobre Serviços de Qualquer Natureza - ISSQN - Principal;Lançamento de Receita;353.955,08;500;Recursos não vinculados de Impostos;"Não ";Não Aplicável
Alhandra;201008;Prefeitura Municipal de Alhandra;042025;2025;11145111;Imposto sobre Serviços de Qualquer Natureza - ISSQN - Principal;Lançamento de Receita;363.890,6;500;Recursos não vinculados de Impostos;"Não ";Não Aplicável
Alhandra;201008;Prefeitura Municipal de Alhandra;032025;2025;11145111;Imposto sobre Serviços de Qualquer Natureza - ISSQN - Principal;Lançamento de Receita;369.913,65;500;Recursos não vinculados de Impostos;"Não ";Não Aplicável
Alhandra;201008;Prefeitura Municipal de Alhandra;022025;2025;11145111;Imposto sobre Serviços de Qualquer Natureza - ISSQN - Principal;Lançamento de Receita;410.329,21;500;Recursos não vinculados de Impostos;"Não ";Não Aplicável
Alhandra;201008;Prefeitura Municipal de Alhandra;012025;2025;11145111;Imposto sobre Serviços de Qualquer Natureza - ISSQN - Principal;Lançamento de Receita;619.591,84;500;Recursos não vinculados de Impostos;"Não ";Não Aplicável
Alhandra;201008;Prefeitura Municipal de Alhandra;122025;2025;11130341;Imposto sobre a Renda - Retido na Fonte - Outros Rendimentos - Principal;Lançamento de Receita;139.288,5;500;Recursos não vinculados de Impostos;"Não ";Não Aplicável
Alhandra;201008;Prefeitura Municipal de Alhandra;112025;2025;11130341;Imposto sobre a Renda - Retido na Fonte - Outros Rendimentos - Principal;Lançamento de Receita;112.359,62;500;Recursos não vinculados de Impostos;"Não ";Não Aplicável
Alhandra;201008;Prefeitura Municipal de Alhandra;102025;2025;11130341;Imposto sobre a Renda - Retido na Fonte - Outros Rendimentos - Principal;Lançamento de Receita;119.770,79;500;Recursos não vinculados de Impostos;"Não ";Não Aplicável
Alhandra;201008;Prefeitura Municipal de Alhandra;092025;2025;11130341;Imposto sobre a Renda - Retido na Fonte - Outros Rendimentos - Principal;Lançamento de Receita;171.294,08;500;Recursos não vinculados de Impostos;"Não ";Não Aplicável
Alhandra;201008;Prefeitura Municipal de Alhandra;082025;2025;11130341;Imposto sobre a Renda - Retido na Fonte - Outros Rendimentos - Principal;Lançamento de Receita;111.142,98;500;Recursos não vinculados de Impostos;"Não ";Não Aplicável
Alhandra;201008;Prefeitura Municipal de Alhandra;072025;2025;11130341;Imposto sobre a Renda - Retido na Fonte - Outros Rendimentos - Principal;Lançamento de Receita;127.369,22;500;Recursos não vinculados de Impostos;"Não ";Não Aplicável
Alhandra;201008;Prefeitura Municipal de Alhandra;062025;2025;11130341;Imposto sobre a Renda - Retido na Fonte - Outros Rendimentos - Principal;Lançamento de Receita;116.995,76;500;Recursos não vinculados de Impostos;"Não ";Não Aplicável
Alhandra;201008;Prefeitura Municipal de Alhandra;052025;2025;11130341;Imposto sobre a Renda - Retido na Fonte - Outros Rendimentos - Principal;Lançamento de Receita;102.490,19;500;Recursos não vinculados de Impostos;"Não ";Não Aplicável
Alhandra;201008;Prefeitura Municipal de Alhandra;042025;2025;11130341;Imposto sobre a Renda - Retido na Fonte - Outros Rendimentos - Principal;Lançamento de Receita;90.308,52;500;Recursos não vinculados de Impostos;"Não ";Não Aplicável
Alhandra;201008;Prefeitura Municipal de Alhandra;032025;2025;11130341;Imposto sobre a Renda - Retido na Fonte - Outros Rendimentos - Principal;Lançamento de Receita;81.238,72;500;Recursos não vinculados de Impostos;"Não ";Não Aplicável
Alhandra;201008;Prefeitura Municipal de Alhandra;022025;2025;11130341;Imposto sobre a Renda - Retido na Fonte - Outros Rendimentos - Principal;Lançamento de Receita;65.115,04;500;Recursos não vinculados de Impostos;"Não ";Não Aplicável
Alhandra;201008;Prefeitura Municipal de Alhandra;012025;2025;11130341;Imposto sobre a Renda - Retido na Fonte - Outros Rendimentos - Principal;Lançamento de Receita;70.659,47;500;Recursos não vinculados de Impostos;"Não ";Não Aplicável
Alhandra;201008;Prefeitura Municipal de Alhandra;122025;2025;11130311;Imposto sobre a Renda - Retido na Fonte - Trabalho - Principal;Lançamento de Receita;1.090.299,42;500;Recursos não vinculados de Impostos;"Não ";Não Aplicável
Alhandra;201008;Prefeitura Municipal de Alhandra;112025;2025;11130311;Imposto sobre a Renda - Retido na Fonte - Trabalho - Principal;Lançamento de Receita;571.778;500;Recursos não vinculados de Impostos;"Não ";Não Aplicável
Alhandra;201008;Prefeitura Municipal de Alhandra;102025;2025;11130311;Imposto sobre a Renda - Retido na Fonte - Trabalho - Principal;Lançamento de Receita;581.613,98;500;Recursos não vinculados de Impostos;"Não ";Não Aplicável
Alhandra;201008;Prefeitura Municipal de Alhandra;092025;2025;11130311;Imposto sobre a Renda - Retido na Fonte - Trabalho - Principal;Lançamento de Receita;569.663,95;500;Recursos não vinculados de Impostos;"Não ";Não Aplicável
Alhandra;201008;Prefeitura Municipal de Alhandra;082025;2025;11130311;Imposto sobre a Renda - Retido na Fonte - Trabalho - Principal;Lançamento de Receita;623.610,86;500;Recursos não vinculados de Impostos;"Não ";Não Aplicável
Alhandra;201008;Prefeitura Municipal de Alhandra;072025;2025;11130311;Imposto sobre a Renda - Retido na Fonte - Trabalho - Principal;Lançamento de Receita;520.790,92;500;Recursos não vinculados de Impostos;"Não ";Não Aplicável
Alhandra;201008;Prefeitura Municipal de Alhandra;062025;2025;11130311;Imposto sobre a Renda - Retido na Fonte - Trabalho - Principal;Lançamento de Receita;585.807,47;500;Recursos não vinculados de Impostos;"Não ";Não Aplicável
Alhandra;201008;Prefeitura Municipal de Alhandra;052025;2025;11130311;Imposto sobre a Renda - Retido na Fonte - Trabalho - Principal;Lançamento de Receita;498.904,47;500;Recursos não vinculados de Impostos;"Não ";Não Aplicável
Alhandra;201008;Prefeitura Municipal de Alhandra;042025;2025;11130311;Imposto sobre a Renda - Retido na Fonte - Trabalho - Principal;Lançamento de Receita;623.533,02;500;Recursos não vinculados de Impostos;"Não ";Não Aplicável
Alhandra;201008;Prefeitura Municipal de Alhandra;032025;2025;11130311;Imposto sobre a Renda - Retido na Fonte - Trabalho - Principal;Lançamento de Receita;574.831,26;500;Recursos não vinculados de Impostos;"Não ";Não Aplicável
Alhandra;201008;Prefeitura Municipal de Alhandra;022025;2025;11130311;Imposto sobre a Renda - Retido na Fonte - Trabalho - Principal;Lançamento de Receita;593.526,18;500;Recursos não vinculados de Impostos;"Não ";Não Aplicável
Alhandra;201008;Prefeitura Municipal de Alhandra;012025;2025;11130311;Imposto sobre a Renda - Retido na Fonte - Trabalho - Principal;Lançamento de Receita;259.220,13;500;Recursos não vinculados de Impostos;"Não ";Não Aplicável
Alhandra;201008;Prefeitura Municipal de Alhandra;122025;2025;11125301;"Impostos sobre Transmissão ""Inter Vivos"" de Bens Imóveis e de Direitos Reais sobre Imóveis - Principal";Lançamento de Receita;124.739,16;500;Recursos não vinculados de Impostos;"Não ";Não Aplicável
Alhandra;201008;Prefeitura Municipal de Alhandra;112025;2025;11125301;"Impostos sobre Transmissão ""Inter Vivos"" de Bens Imóveis e de Direitos Reais sobre Imóveis - Principal";Lançamento de Receita;148.302;500;Recursos não vinculados de Impostos;"Não ";Não Aplicável
Alhandra;201008;Prefeitura Municipal de Alhandra;102025;2025;11125301;"Impostos sobre Transmissão ""Inter Vivos"" de Bens Imóveis e de Direitos Reais sobre Imóveis - Principal";Lançamento de Receita;30.773,36;500;Recursos não vinculados de Impostos;"Não ";Não Aplicável
Alhandra;201008;Prefeitura Municipal de Alhandra;092025;2025;11125301;"Impostos sobre Transmissão ""Inter Vivos"" de Bens Imóveis e de Direitos Reais sobre Imóveis - Principal";Lançamento de Receita;90.800,87;500;Recursos não vinculados de Impostos;"Não ";Não Aplicável
Alhandra;201008;Prefeitura Municipal de Alhandra;082025;2025;11125301;"Impostos sobre Transmissão ""Inter Vivos"" de Bens Imóveis e de Direitos Reais sobre Imóveis - Principal";Lançamento de Receita;76.542,32;500;Recursos não vinculados de Impostos;"Não ";Não Aplicável
Alhandra;201008;Prefeitura Municipal de Alhandra;072025;2025;11125301;"Impostos sobre Transmissão ""Inter Vivos"" de Bens Imóveis e de Direitos Reais sobre Imóveis - Principal";Lançamento de Receita;84.748,22;500;Recursos não vinculados de Impostos;"Não ";Não Aplicável
Alhandra;201008;Prefeitura Municipal de Alhandra;062025;2025;11125301;"Impostos sobre Transmissão ""Inter Vivos"" de Bens Imóveis e de Direitos Reais sobre Imóveis - Principal";Lançamento de Receita;19.834,76;500;Recursos não vinculados de Impostos;"Não ";Não Aplicável
Alhandra;201008;Prefeitura Municipal de Alhandra;052025;2025;11125301;"Impostos sobre Transmissão ""Inter Vivos"" de Bens Imóveis e de Direitos Reais sobre Imóveis - Principal";Lançamento de Receita;35.174,99;500;Recursos não vinculados de Impostos;"Não ";Não Aplicável
Alhandra;201008;Prefeitura Municipal de Alhandra;042025;2025;11125301;"Impostos sobre Transmissão ""Inter Vivos"" de Bens Imóveis e de Direitos Reais sobre Imóveis - Principal";Lançamento de Receita;34.208,15;500;Recursos não vinculados de Impostos;"Não ";Não Aplicável
Alhandra;201008;Prefeitura Municipal de Alhandra;032025;2025;11125301;"Impostos sobre Transmissão ""Inter Vivos"" de Bens Imóveis e de Direitos Reais sobre Imóveis - Principal";Lançamento de Receita;58.123,26;500;Recursos não vinculados de Impostos;"Não ";Não Aplicável
Alhandra;201008;Prefeitura Municipal de Alhandra;022025;2025;11125301;"Impostos sobre Transmissão ""Inter Vivos"" de Bens Imóveis e de Direitos Reais sobre Imóveis - Principal";Lançamento de Receita;41.617,14;500;Recursos não vinculados de Impostos;"Não ";Não Aplicável
Alhandra;201008;Prefeitura Municipal de Alhandra;012025;2025;11125301;"Impostos sobre Transmissão ""Inter Vivos"" de Bens Imóveis e de Direitos Reais sobre Imóveis - Principal";Lançamento de Receita;33.529,93;500;Recursos não vinculados de Impostos;"Não ";Não Aplicável
Alhandra;201008;Prefeitura Municipal de Alhandra;122025;2025;11125003;Imposto sobre a Propriedade Predial e Territorial Urbana - Dívida Ativa;Lançamento de Receita;14.456,17;500;Recursos não vinculados de Impostos;"Não ";Não Aplicável
Alhandra;201008;Prefeitura Municipal de Alhandra;112025;2025;11125003;Imposto sobre a Propriedade Predial e Territorial Urbana - Dívida Ativa;Lançamento de Receita;14.725,86;500;Recursos não vinculados de Impostos;"Não ";Não Aplicável
Alhandra;201008;Prefeitura Municipal de Alhandra;102025;2025;11125003;Imposto sobre a Propriedade Predial e Territorial Urbana - Dívida Ativa;Lançamento de Receita;16.774,57;500;Recursos não vinculados de Impostos;"Não ";Não Aplicável
Alhandra;201008;Prefeitura Municipal de Alhandra;092025;2025;11125003;Imposto sobre a Propriedade Predial e Territorial Urbana - Dívida Ativa;Lançamento de Receita;22.188,69;500;Recursos não vinculados de Impostos;"Não ";Não Aplicável
Alhandra;201008;Prefeitura Municipal de Alhandra;082025;2025;11125003;Imposto sobre a Propriedade Predial e Territorial Urbana - Dívida Ativa;Lançamento de Receita;10.641,38;500;Recursos não vinculados de Impostos;"Não ";Não Aplicável
Alhandra;201008;Prefeitura Municipal de Alhandra;072025;2025;11125003;Imposto sobre a Propriedade Predial e Territorial Urbana - Dívida Ativa;Lançamento de Receita;20.590,69;500;Recursos não vinculados de Impostos;"Não ";Não Aplicável
Alhandra;201008;Prefeitura Municipal de Alhandra;062025;2025;11125003;Imposto sobre a Propriedade Predial e Territorial Urbana - Dívida Ativa;Lançamento de Receita;1.203,34;500;Recursos não vinculados de Impostos;"Não ";Não Aplicável
Alhandra;201008;Prefeitura Municipal de Alhandra;052025;2025;11125003;Imposto sobre a Propriedade Predial e Territorial Urbana - Dívida Ativa;Lançamento de Receita;17.241,44;500;Recursos não vinculados de Impostos;"Não ";Não Aplicável
Alhandra;201008;Prefeitura Municipal de Alhandra;042025;2025;11125003;Imposto sobre a Propriedade Predial e Territorial Urbana - Dívida Ativa;Lançamento de Receita;21.328,78;500;Recursos não vinculados de Impostos;"Não ";Não Aplicável
Alhandra;201008;Prefeitura Municipal de Alhandra;032025;2025;11125003;Imposto sobre a Propriedade Predial e Territorial Urbana - Dívida Ativa;Lançamento de Receita;21.091,25;500;Recursos não vinculados de Impostos;"Não ";Não Aplicável
Alhandra;201008;Prefeitura Municipal de Alhandra;022025;2025;11125003;Imposto sobre a Propriedade Predial e Territorial Urbana - Dívida Ativa;Lançamento de Receita;47.239,51;500;Recursos não vinculados de Impostos;"Não ";Não Aplicável
Alhandra;201008;Prefeitura Municipal de Alhandra;012025;2025;11125003;Imposto sobre a Propriedade Predial e Territorial Urbana - Dívida Ativa;Lançamento de Receita;9.139,96;500;Recursos não vinculados de Impostos;"Não ";Não Aplicável
Alhandra;201008;Prefeitura Municipal de Alhandra;122025;2025;11125001;Imposto sobre a Propriedade Predial e Territorial Urbana - Principal;Lançamento de Receita;31.486,1;500;Recursos não vinculados de Impostos;"Não ";Não Aplicável
Alhandra;201008;Prefeitura Municipal de Alhandra;112025;2025;11125001;Imposto sobre a Propriedade Predial e Territorial Urbana - Principal;Lançamento de Receita;2.778,03;500;Recursos não vinculados de Impostos;"Não ";Não Aplicável
Alhandra;201008;Prefeitura Municipal de Alhandra;102025;2025;11125001;Imposto sobre a Propriedade Predial e Territorial Urbana - Principal;Lançamento de Receita;2.791,8;500;Recursos não vinculados de Impostos;"Não ";Não Aplicável
Alhandra;201008;Prefeitura Municipal de Alhandra;092025;2025;11125001;Imposto sobre a Propriedade Predial e Territorial Urbana - Principal;Lançamento de Receita;4.733,3;500;Recursos não vinculados de Impostos;"Não ";Não Aplicável
Alhandra;201008;Prefeitura Municipal de Alhandra;082025;2025;11125001;Imposto sobre a Propriedade Predial e Territorial Urbana - Principal;Lançamento de Receita;2.348,71;500;Recursos não vinculados de Impostos;"Não ";Não Aplicável
Alhandra;201008;Prefeitura Municipal de Alhandra;072025;2025;11125001;Imposto sobre a Propriedade Predial e Territorial Urbana - Principal;Lançamento de Receita;12.708,66;500;Recursos não vinculados de Impostos;"Não ";Não Aplicável
Alhandra;201008;Prefeitura Municipal de Alhandra;062025;2025;11125001;Imposto sobre a Propriedade Predial e Territorial Urbana - Principal;Lançamento de Receita;3.925,92;500;Recursos não vinculados de Impostos;"Não ";Não Aplicável
Alhandra;201008;Prefeitura Municipal de Alhandra;052025;2025;11125001;Imposto sobre a Propriedade Predial e Territorial Urbana - Principal;Lançamento de Receita;2.345,04;500;Recursos não vinculados de Impostos;"Não ";Não Aplicável
Alhandra;201008;Prefeitura Municipal de Alhandra;042025;2025;11125001;Imposto sobre a Propriedade Predial e Territorial Urbana - Principal;Lançamento de Receita;63.813,88;500;Recursos não vinculados de Impostos;"Não ";Não Aplicável
Alhandra;201008;Prefeitura Municipal de Alhandra;032025;2025;11125001;Imposto sobre a Propriedade Predial e Territorial Urbana - Principal;Lançamento de Receita;460.429,04;500;Recursos não vinculados de Impostos;"Não ";Não Aplicável
Alhandra;201008;Prefeitura Municipal de Alhandra;022025;2025;11125001;Imposto sobre a Propriedade Predial e Territorial Urbana - Principal;Lançamento de Receita;6.571,73;500;Recursos não vinculados de Impostos;"Não ";Não Aplicável
Alhandra;201008;Prefeitura Municipal de Alhandra;012025;2025;11125001;Imposto sobre a Propriedade Predial e Territorial Urbana - Principal;Lançamento de Receita;209.507,6;500;Recursos não vinculados de Impostos;"Não ";Não Aplicável
Alhandra;301008;Instituto de Seguridade Social do Municipio de Alhandra;122025;2025;72155111;Contribuição Patronal - Servidor Civil Ativo - Parcelamentos - Principal;Lançamento de Receita;240.681,94;800;Recursos vinculados ao RPPS - Fundo em Capitalização (Plano Previdenciário);1111;Benefícios previdenciários - Poder Executivo – Fundo em Capitalização (Plano Previdenciário)
Alhandra;301008;Instituto de Seguridade Social do Municipio de Alhandra;112025;2025;72155111;Contribuição Patronal - Servidor Civil Ativo - Parcelamentos - Principal;Lançamento de Receita;239.675,32;800;Recursos vinculados ao RPPS - Fundo em Capitalização (Plano Previdenciário);1111;Benefícios previdenciários - Poder Executivo – Fundo em Capitalização (Plano Previdenciário)
Alhandra;301008;Instituto de Seguridade Social do Municipio de Alhandra;102025;2025;72155111;Contribuição Patronal - Servidor Civil Ativo - Parcelamentos - Principal;Lançamento de Receita;238.479,42;800;Recursos vinculados ao RPPS - Fundo em Capitalização (Plano Previdenciário);1111;Benefícios previdenciários - Poder Executivo – Fundo em Capitalização (Plano Previdenciário)
Alhandra;301008;Instituto de Seguridade Social do Municipio de Alhandra;092025;2025;72155111;Contribuição Patronal - Servidor Civil Ativo - Parcelamentos - Principal;Lançamento de Receita;236.315,72;800;Recursos vinculados ao RPPS - Fundo em Capitalização (Plano Previdenciário);1111;Benefícios previdenciários - Poder Executivo – Fundo em Capitalização (Plano Previdenciário)
Alhandra;301008;Instituto de Seguridade Social do Municipio de Alhandra;082025;2025;72155111;Contribuição Patronal - Servidor Civil Ativo - Parcelamentos - Principal;Lançamento de Receita;235.636,03;800;Recursos vinculados ao RPPS - Fundo em Capitalização (Plano Previdenciário);1111;Benefícios previdenciários - Poder Executivo – Fundo em Capitalização (Plano Previdenciário)
Alhandra;301008;Instituto de Seguridade Social do Municipio de Alhandra;072025;2025;72155111;Contribuição Patronal - Servidor Civil Ativo - Parcelamentos - Principal;Lançamento de Receita;234.048,7;800;Recursos vinculados ao RPPS - Fundo em Capitalização (Plano Previdenciário);1111;Benefícios previdenciários - Poder Executivo – Fundo em Capitalização (Plano Previdenciário)
Alhandra;301008;Instituto de Seguridade Social do Municipio de Alhandra;062025;2025;72155111;Contribuição Patronal - Servidor Civil Ativo - Parcelamentos - Principal;Lançamento de Receita;232.502,9;800;Recursos vinculados ao RPPS - Fundo em Capitalização (Plano Previdenciário);1111;Benefícios previdenciários - Poder Executivo – Fundo em Capitalização (Plano Previdenciário)
Alhandra;301008;Instituto de Seguridade Social do Municipio de Alhandra;052025;2025;72155111;Contribuição Patronal - Servidor Civil Ativo - Parcelamentos - Principal;Lançamento de Receita;230.849,79;800;Recursos vinculados ao RPPS - Fundo em Capitalização (Plano Previdenciário);1111;Benefícios previdenciários - Poder Executivo – Fundo em Capitalização (Plano Previdenciário)
Alhandra;301008;Instituto de Seguridade Social do Municipio de Alhandra;042025;2025;72155111;Contribuição Patronal - Servidor Civil Ativo - Parcelamentos - Principal;Lançamento de Receita;227.597,61;800;Recursos vinculados ao RPPS - Fundo em Capitalização (Plano Previdenciário);1111;Benefícios previdenciários - Poder Executivo – Fundo em Capitalização (Plano Previdenciário)
Alhandra;301008;Instituto de Seguridade Social do Municipio de Alhandra;032025;2025;72155111;Contribuição Patronal - Servidor Civil Ativo - Parcelamentos - Principal;Lançamento de Receita;226.612,81;800;Recursos vinculados ao RPPS - Fundo em Capitalização (Plano Previdenciário);1111;Benefícios previdenciários - Poder Executivo – Fundo em Capitalização (Plano Previdenciário)
Alhandra;301008;Instituto de Seguridade Social do Municipio de Alhandra;022025;2025;72155111;Contribuição Patronal - Servidor Civil Ativo - Parcelamentos - Principal;Lançamento de Receita;222.621,19;800;Recursos vinculados ao RPPS - Fundo em Capitalização (Plano Previdenciário);1111;Benefícios previdenciários - Poder Executivo – Fundo em Capitalização (Plano Previdenciário)
Alhandra;301008;Instituto de Seguridade Social do Municipio de Alhandra;012025;2025;72155111;Contribuição Patronal - Servidor Civil Ativo - Parcelamentos - Principal;Lançamento de Receita;222.346,2;800;Recursos vinculados ao RPPS - Fundo em Capitalização (Plano Previdenciário);1111;Benefícios previdenciários - Poder Executivo – Fundo em Capitalização (Plano Previdenciário)
Alhandra;301008;Instituto de Seguridade Social do Municipio de Alhandra;122025;2025;72150211;Contribuição Patronal - Servidor Civil Ativo - Principal;Lançamento de Receita;1.082.495,63;800;Recursos vinculados ao RPPS - Fundo em Capitalização (Plano Previdenciário);1111;Benefícios previdenciários - Poder Executivo – Fundo em Capitalização (Plano Previdenciário)
Alhandra;301008;Instituto de Seguridade Social do Municipio de Alhandra;112025;2025;72150211;Contribuição Patronal - Servidor Civil Ativo - Principal;Lançamento de Receita;1.203.206,81;800;Recursos vinculados ao RPPS - Fundo em Capitalização (Plano Previdenciário);1111;Benefícios previdenciários - Poder Executivo – Fundo em Capitalização (Plano Previdenciário)
Alhandra;301008;Instituto de Seguridade Social do Municipio de Alhandra;102025;2025;72150211;Contribuição Patronal - Servidor Civil Ativo - Principal;Lançamento de Receita;1.203.239,25;800;Recursos vinculados ao RPPS - Fundo em Capitalização (Plano Previdenciário);1111;Benefícios previdenciários - Poder Executivo – Fundo em Capitalização (Plano Previdenciário)
Alhandra;301008;Instituto de Seguridade Social do Municipio de Alhandra;092025;2025;72150211;Contribuição Patronal - Servidor Civil Ativo - Principal;Lançamento de Receita;1.213.040,91;800;Recursos vinculados ao RPPS - Fundo em Capitalização (Plano Previdenciário);1111;Benefícios previdenciários - Poder Executivo – Fundo em Capitalização (Plano Previdenciário)
Alhandra;301008;Instituto de Seguridade Social do Municipio de Alhandra;082025;2025;72150211;Contribuição Patronal - Servidor Civil Ativo - Principal;Lançamento de Receita;1.212.504,42;800;Recursos vinculados ao RPPS - Fundo em Capitalização (Plano Previdenciário);1111;Benefícios previdenciários - Poder Executivo – Fundo em Capitalização (Plano Previdenciário)
Alhandra;301008;Instituto de Seguridade Social do Municipio de Alhandra;072025;2025;72150211;Contribuição Patronal - Servidor Civil Ativo - Principal;Lançamento de Receita;1.220.257,59;800;Recursos vinculados ao RPPS - Fundo em Capitalização (Plano Previdenciário);1111;Benefícios previdenciários - Poder Executivo – Fundo em Capitalização (Plano Previdenciário)
Alhandra;301008;Instituto de Seguridade Social do Municipio de Alhandra;062025;2025;72150211;Contribuição Patronal - Servidor Civil Ativo - Principal;Lançamento de Receita;1.196.176,9;800;Recursos vinculados ao RPPS - Fundo em Capitalização (Plano Previdenciário);1111;Benefícios previdenciários - Poder Executivo – Fundo em Capitalização (Plano Previdenciário)
Alhandra;301008;Instituto de Seguridade Social do Municipio de Alhandra;052025;2025;72150211;Contribuição Patronal - Servidor Civil Ativo - Principal;Lançamento de Receita;1.202.360,47;800;Recursos vinculados ao RPPS - Fundo em Capitalização (Plano Previdenciário);1111;Benefícios previdenciários - Poder Executivo – Fundo em Capitalização (Plano Previdenciário)
Alhandra;301008;Instituto de Seguridade Social do Municipio de Alhandra;042025;2025;72150211;Contribuição Patronal - Servidor Civil Ativo - Principal;Lançamento de Receita;1.167.139,02;800;Recursos vinculados ao RPPS - Fundo em Capitalização (Plano Previdenciário);1111;Benefícios previdenciários - Poder Executivo – Fundo em Capitalização (Plano Previdenciário)
Alhandra;301008;Instituto de Seguridade Social do Municipio de Alhandra;032025;2025;72150211;Contribuição Patronal - Servidor Civil Ativo - Principal;Lançamento de Receita;1.175.526,54;800;Recursos vinculados ao RPPS - Fundo em Capitalização (Plano Previdenciário);1111;Benefícios previdenciários - Poder Executivo – Fundo em Capitalização (Plano Previdenciário)
Alhandra;301008;Instituto de Seguridade Social do Municipio de Alhandra;022025;2025;72150211;Contribuição Patronal - Servidor Civil Ativo - Principal;Lançamento de Receita;990.180,1;800;Recursos vinculados ao RPPS - Fundo em Capitalização (Plano Previdenciário);1111;Benefícios previdenciários - Poder Executivo – Fundo em Capitalização (Plano Previdenciário)
Alhandra;301008;Instituto de Seguridade Social do Municipio de Alhandra;012025;2025;72150211;Contribuição Patronal - Servidor Civil Ativo - Principal;Lançamento de Receita;1.676.291,48;800;Recursos vinculados ao RPPS - Fundo em Capitalização (Plano Previdenciário);1111;Benefícios previdenciários - Poder Executivo – Fundo em Capitalização (Plano Previdenciário)
Alhandra;301008;Instituto de Seguridade Social do Municipio de Alhandra;102025;2025;19220301;Restituição de Benefícios Previdenciários - Principal;Lançamento de Receita;1.448;800;Recursos vinculados ao RPPS - Fundo em Capitalização (Plano Previdenciário);1111;Benefícios previdenciários - Poder Executivo – Fundo em Capitalização (Plano Previdenciário)
Alhandra;301008;Instituto de Seguridade Social do Municipio de Alhandra;092025;2025;19220301;Restituição de Benefícios Previdenciários - Principal;Lançamento de Receita;1.588;800;Recursos vinculados ao RPPS - Fundo em Capitalização (Plano Previdenciário);1111;Benefícios previdenciários - Poder Executivo – Fundo em Capitalização (Plano Previdenciário)
Alhandra;301008;Instituto de Seguridade Social do Municipio de Alhandra;072025;2025;19110901;Multas e Juros Previstos em Contratos - Principal;Lançamento de Receita;4.125,08;800;Recursos vinculados ao RPPS - Fundo em Capitalização (Plano Previdenciário);1111;Benefícios previdenciários - Poder Executivo – Fundo em Capitalização (Plano Previdenciário)
Alhandra;301008;Instituto de Seguridade Social do Municipio de Alhandra;012025;2025;19110901;Multas e Juros Previstos em Contratos - Principal;Lançamento de Receita;15,95;800;Recursos vinculados ao RPPS - Fundo em Capitalização (Plano Previdenciário);1111;Benefícios previdenciários - Poder Executivo – Fundo em Capitalização (Plano Previdenciário)
Alhandra;301008;Instituto de Seguridade Social do Municipio de Alhandra;122025;2025;13210401;Remuneração dos Recursos do Regime Próprio de Previdência Social - RPPS - Principal;Lançamento de Receita;432.269,62;800;Recursos vinculados ao RPPS - Fundo em Capitalização (Plano Previdenciário);1111;Benefícios previdenciários - Poder Executivo – Fundo em Capitalização (Plano Previdenciário)
Alhandra;301008;Instituto de Seguridade Social do Municipio de Alhandra;122025;2025;13210401;Remuneração dos Recursos do Regime Próprio de Previdência Social - RPPS - Principal;Dedução Investimento;-10.281,18;800;Recursos vinculados ao RPPS - Fundo em Capitalização (Plano Previdenciário);1111;Benefícios previdenciários - Poder Executivo – Fundo em Capitalização (Plano Previdenciário)
Alhandra;301008;Instituto de Seguridade Social do Municipio de Alhandra;112025;2025;13210401;Remuneração dos Recursos do Regime Próprio de Previdência Social - RPPS - Principal;Lançamento de Receita;490.783,16;800;Recursos vinculados ao RPPS - Fundo em Capitalização (Plano Previdenciário);1111;Benefícios previdenciários - Poder Executivo – Fundo em Capitalização (Plano Previdenciário)
Alhandra;301008;Instituto de Seguridade Social do Municipio de Alhandra;102025;2025;13210401;Remuneração dos Recursos do Regime Próprio de Previdência Social - RPPS - Principal;Lançamento de Receita;474.628,95;800;Recursos vinculados ao RPPS - Fundo em Capitalização (Plano Previdenciário);1111;Benefícios previdenciários - Poder Executivo – Fundo em Capitalização (Plano Previdenciário)
Alhandra;301008;Instituto de Seguridade Social do Municipio de Alhandra;092025;2025;13210401;Remuneração dos Recursos do Regime Próprio de Previdência Social - RPPS - Principal;Lançamento de Receita;424.885,86;800;Recursos vinculados ao RPPS - Fundo em Capitalização (Plano Previdenciário);1111;Benefícios previdenciários - Poder Executivo – Fundo em Capitalização (Plano Previdenciário)
Alhandra;301008;Instituto de Seguridade Social do Municipio de Alhandra;082025;2025;13210401;Remuneração dos Recursos do Regime Próprio de Previdência Social - RPPS - Principal;Lançamento de Receita;441.405,43;800;Recursos vinculados ao RPPS - Fundo em Capitalização (Plano Previdenciário);1111;Benefícios previdenciários - Poder Executivo – Fundo em Capitalização (Plano Previdenciário)
Alhandra;301008;Instituto de Seguridade Social do Municipio de Alhandra;072025;2025;13210401;Remuneração dos Recursos do Regime Próprio de Previdência Social - RPPS - Principal;Lançamento de Receita;360.321,84;800;Recursos vinculados ao RPPS - Fundo em Capitalização (Plano Previdenciário);1111;Benefícios previdenciários - Poder Executivo – Fundo em Capitalização (Plano Previdenciário)
Alhandra;301008;Instituto de Seguridade Social do Municipio de Alhandra;072025;2025;13210401;Remuneração dos Recursos do Regime Próprio de Previdência Social - RPPS - Principal;Dedução Investimento;-83.236,44;800;Recursos vinculados ao RPPS - Fundo em Capitalização (Plano Previdenciário);1111;Benefícios previdenciários - Poder Executivo – Fundo em Capitalização (Plano Previdenciário)
Alhandra;301008;Instituto de Seguridade Social do Municipio de Alhandra;062025;2025;13210401;Remuneração dos Recursos do Regime Próprio de Previdência Social - RPPS - Principal;Dedução Investimento;-3.072,46;800;Recursos vinculados ao RPPS - Fundo em Capitalização (Plano Previdenciário);1111;Benefícios previdenciários - Poder Executivo – Fundo em Capitalização (Plano Previdenciário)
Alhandra;301008;Instituto de Seguridade Social do Municipio de Alhandra;062025;2025;13210401;Remuneração dos Recursos do Regime Próprio de Previdência Social - RPPS - Principal;Lançamento de Receita;325.189,12;800;Recursos vinculados ao RPPS - Fundo em Capitalização (Plano Previdenciário);1111;Benefícios previdenciários - Poder Executivo – Fundo em Capitalização (Plano Previdenciário)
Alhandra;301008;Instituto de Seguridade Social do Municipio de Alhandra;052025;2025;13210401;Remuneração dos Recursos do Regime Próprio de Previdência Social - RPPS - Principal;Lançamento de Receita;361.774,74;800;Recursos vinculados ao RPPS - Fundo em Capitalização (Plano Previdenciário);1111;Benefícios previdenciários - Poder Executivo – Fundo em Capitalização (Plano Previdenciário)
Alhandra;301008;Instituto de Seguridade Social do Municipio de Alhandra;042025;2025;13210401;Remuneração dos Recursos do Regime Próprio de Previdência Social - RPPS - Principal;Lançamento de Receita;437.230,17;800;Recursos vinculados ao RPPS - Fundo em Capitalização (Plano Previdenciário);1111;Benefícios previdenciários - Poder Executivo – Fundo em Capitalização (Plano Previdenciário)
Alhandra;301008;Instituto de Seguridade Social do Municipio de Alhandra;042025;2025;13210401;Remuneração dos Recursos do Regime Próprio de Previdência Social - RPPS - Principal;Dedução Investimento;-1.454,44;800;Recursos vinculados ao RPPS - Fundo em Capitalização (Plano Previdenciário);1111;Benefícios previdenciários - Poder Executivo – Fundo em Capitalização (Plano Previdenciário)
Alhandra;301008;Instituto de Seguridade Social do Municipio de Alhandra;032025;2025;13210401;Remuneração dos Recursos do Regime Próprio de Previdência Social - RPPS - Principal;Lançamento de Receita;282.799,04;800;Recursos vinculados ao RPPS - Fundo em Capitalização (Plano Previdenciário);1111;Benefícios previdenciários - Poder Executivo – Fundo em Capitalização (Plano Previdenciário)
Alhandra;301008;Instituto de Seguridade Social do Municipio de Alhandra;022025;2025;13210401;Remuneração dos Recursos do Regime Próprio de Previdência Social - RPPS - Principal;Lançamento de Receita;249.139,8;800;Recursos vinculados ao RPPS - Fundo em Capitalização (Plano Previdenciário);1111;Benefícios previdenciários - Poder Executivo – Fundo em Capitalização (Plano Previdenciário)
Alhandra;301008;Instituto de Seguridade Social do Municipio de Alhandra;022025;2025;13210401;Remuneração dos Recursos do Regime Próprio de Previdência Social - RPPS - Principal;Dedução Investimento;-46.070,27;800;Recursos vinculados ao RPPS - Fundo em Capitalização (Plano Previdenciário);1111;Benefícios previdenciários - Poder Executivo – Fundo em Capitalização (Plano Previdenciário)
Alhandra;301008;Instituto de Seguridade Social do Municipio de Alhandra;012025;2025;13210401;Remuneração dos Recursos do Regime Próprio de Previdência Social - RPPS - Principal;Lançamento de Receita;362.342,7;800;Recursos vinculados ao RPPS - Fundo em Capitalização (Plano Previdenciário);1111;Benefícios previdenciários - Poder Executivo – Fundo em Capitalização (Plano Previdenciário)
Alhandra;301008;Instituto de Seguridade Social do Municipio de Alhandra;122025;2025;12150301;Contribuição do Servidor Civil - Parcelamentos - Principal;Lançamento de Receita;716,99;800;Recursos vinculados ao RPPS - Fundo em Capitalização (Plano Previdenciário);1111;Benefícios previdenciários - Poder Executivo – Fundo em Capitalização (Plano Previdenciário)
Alhandra;301008;Instituto de Seguridade Social do Municipio de Alhandra;112025;2025;12150301;Contribuição do Servidor Civil - Parcelamentos - Principal;Lançamento de Receita;660,56;800;Recursos vinculados ao RPPS - Fundo em Capitalização (Plano Previdenciário);1111;Benefícios previdenciários - Poder Executivo – Fundo em Capitalização (Plano Previdenciário)
Alhandra;301008;Instituto de Seguridade Social do Municipio de Alhandra;102025;2025;12150301;Contribuição do Servidor Civil - Parcelamentos - Principal;Lançamento de Receita;677,1;800;Recursos vinculados ao RPPS - Fundo em Capitalização (Plano Previdenciário);1111;Benefícios previdenciários - Poder Executivo – Fundo em Capitalização (Plano Previdenciário)
Alhandra;301008;Instituto de Seguridade Social do Municipio de Alhandra;092025;2025;12150301;Contribuição do Servidor Civil - Parcelamentos - Principal;Lançamento de Receita;671,08;800;Recursos vinculados ao RPPS - Fundo em Capitalização (Plano Previdenciário);1111;Benefícios previdenciários - Poder Executivo – Fundo em Capitalização (Plano Previdenciário)
Alhandra;301008;Instituto de Seguridade Social do Municipio de Alhandra;082025;2025;12150301;Contribuição do Servidor Civil - Parcelamentos - Principal;Lançamento de Receita;669,03;800;Recursos vinculados ao RPPS - Fundo em Capitalização (Plano Previdenciário);1111;Benefícios previdenciários - Poder Executivo – Fundo em Capitalização (Plano Previdenciário)
Alhandra;301008;Instituto de Seguridade Social do Municipio de Alhandra;072025;2025;12150301;Contribuição do Servidor Civil - Parcelamentos - Principal;Lançamento de Receita;664,5;800;Recursos vinculados ao RPPS - Fundo em Capitalização (Plano Previdenciário);1111;Benefícios previdenciários - Poder Executivo – Fundo em Capitalização (Plano Previdenciário)
Alhandra;301008;Instituto de Seguridade Social do Municipio de Alhandra;062025;2025;12150301;Contribuição do Servidor Civil - Parcelamentos - Principal;Lançamento de Receita;660,15;800;Recursos vinculados ao RPPS - Fundo em Capitalização (Plano Previdenciário);1111;Benefícios previdenciários - Poder Executivo – Fundo em Capitalização (Plano Previdenciário)
Alhandra;301008;Instituto de Seguridade Social do Municipio de Alhandra;052025;2025;12150301;Contribuição do Servidor Civil - Parcelamentos - Principal;Lançamento de Receita;655,63;800;Recursos vinculados ao RPPS - Fundo em Capitalização (Plano Previdenciário);1111;Benefícios previdenciários - Poder Executivo – Fundo em Capitalização (Plano Previdenciário)
Alhandra;301008;Instituto de Seguridade Social do Municipio de Alhandra;042025;2025;12150301;Contribuição do Servidor Civil - Parcelamentos - Principal;Lançamento de Receita;646,45;800;Recursos vinculados ao RPPS - Fundo em Capitalização (Plano Previdenciário);1111;Benefícios previdenciários - Poder Executivo – Fundo em Capitalização (Plano Previdenciário)
Alhandra;301008;Instituto de Seguridade Social do Municipio de Alhandra;032025;2025;12150301;Contribuição do Servidor Civil - Parcelamentos - Principal;Lançamento de Receita;643,7;800;Recursos vinculados ao RPPS - Fundo em Capitalização (Plano Previdenciário);1111;Benefícios previdenciários - Poder Executivo – Fundo em Capitalização (Plano Previdenciário)
Alhandra;301008;Instituto de Seguridade Social do Municipio de Alhandra;022025;2025;12150301;Contribuição do Servidor Civil - Parcelamentos - Principal;Lançamento de Receita;632,65;800;Recursos vinculados ao RPPS - Fundo em Capitalização (Plano Previdenciário);1111;Benefícios previdenciários - Poder Executivo – Fundo em Capitalização (Plano Previdenciário)
Alhandra;301008;Instituto de Seguridade Social do Municipio de Alhandra;012025;2025;12150301;Contribuição do Servidor Civil - Parcelamentos - Principal;Lançamento de Receita;631,63;800;Recursos vinculados ao RPPS - Fundo em Capitalização (Plano Previdenciário);1111;Benefícios previdenciários - Poder Executivo – Fundo em Capitalização (Plano Previdenciário)
Alhandra;301008;Instituto de Seguridade Social do Municipio de Alhandra;122025;2025;12150211;Contribuição Patronal - Servidor Civil Ativo - Principal;Lançamento de Receita;2.082,33;800;Recursos vinculados ao RPPS - Fundo em Capitalização (Plano Previdenciário);1111;Benefícios previdenciários - Poder Executivo – Fundo em Capitalização (Plano Previdenciário)
Alhandra;301008;Instituto de Seguridade Social do Municipio de Alhandra;112025;2025;12150211;Contribuição Patronal - Servidor Civil Ativo - Principal;Lançamento de Receita;1.454,06;800;Recursos vinculados ao RPPS - Fundo em Capitalização (Plano Previdenciário);1111;Benefícios previdenciários - Poder Executivo – Fundo em Capitalização (Plano Previdenciário)
Alhandra;301008;Instituto de Seguridade Social do Municipio de Alhandra;102025;2025;12150211;Contribuição Patronal - Servidor Civil Ativo - Principal;Lançamento de Receita;1.432,81;800;Recursos vinculados ao RPPS - Fundo em Capitalização (Plano Previdenciário);1111;Benefícios previdenciários - Poder Executivo – Fundo em Capitalização (Plano Previdenciário)
Alhandra;301008;Instituto de Seguridade Social do Municipio de Alhandra;092025;2025;12150211;Contribuição Patronal - Servidor Civil Ativo - Principal;Lançamento de Receita;1.370,89;800;Recursos vinculados ao RPPS - Fundo em Capitalização (Plano Previdenciário);1111;Benefícios previdenciários - Poder Executivo – Fundo em Capitalização (Plano Previdenciário)
Alhandra;301008;Instituto de Seguridade Social do Municipio de Alhandra;082025;2025;12150211;Contribuição Patronal - Servidor Civil Ativo - Principal;Lançamento de Receita;1.069,69;800;Recursos vinculados ao RPPS - Fundo em Capitalização (Plano Previdenciário);1111;Benefícios previdenciários - Poder Executivo – Fundo em Capitalização (Plano Previdenciário)
Alhandra;301008;Instituto de Seguridade Social do Municipio de Alhandra;072025;2025;12150211;Contribuição Patronal - Servidor Civil Ativo - Principal;Lançamento de Receita;273,49;800;Recursos vinculados ao RPPS - Fundo em Capitalização (Plano Previdenciário);1111;Benefícios previdenciários - Poder Executivo – Fundo em Capitalização (Plano Previdenciário)
Alhandra;301008;Instituto de Seguridade Social do Municipio de Alhandra;062025;2025;12150211;Contribuição Patronal - Servidor Civil Ativo - Principal;Lançamento de Receita;273,49;800;Recursos vinculados ao RPPS - Fundo em Capitalização (Plano Previdenciário);1111;Benefícios previdenciários - Poder Executivo – Fundo em Capitalização (Plano Previdenciário)
Alhandra;301008;Instituto de Seguridade Social do Municipio de Alhandra;052025;2025;12150211;Contribuição Patronal - Servidor Civil Ativo - Principal;Lançamento de Receita;273,49;800;Recursos vinculados ao RPPS - Fundo em Capitalização (Plano Previdenciário);1111;Benefícios previdenciários - Poder Executivo – Fundo em Capitalização (Plano Previdenciário)
Alhandra;301008;Instituto de Seguridade Social do Municipio de Alhandra;042025;2025;12150211;Contribuição Patronal - Servidor Civil Ativo - Principal;Lançamento de Receita;546,98;800;Recursos vinculados ao RPPS - Fundo em Capitalização (Plano Previdenciário);1111;Benefícios previdenciários - Poder Executivo – Fundo em Capitalização (Plano Previdenciário)
Alhandra;301008;Instituto de Seguridade Social do Municipio de Alhandra;032025;2025;12150211;Contribuição Patronal - Servidor Civil Ativo - Principal;Lançamento de Receita;273,49;800;Recursos vinculados ao RPPS - Fundo em Capitalização (Plano Previdenciário);1111;Benefícios previdenciários - Poder Executivo – Fundo em Capitalização (Plano Previdenciário)
Alhandra;301008;Instituto de Seguridade Social do Municipio de Alhandra;012025;2025;12150211;Contribuição Patronal - Servidor Civil Ativo - Principal;Lançamento de Receita;273,49;800;Recursos vinculados ao RPPS - Fundo em Capitalização (Plano Previdenciário);1111;Benefícios previdenciários - Poder Executivo – Fundo em Capitalização (Plano Previdenciário)
Alhandra;301008;Instituto de Seguridade Social do Municipio de Alhandra;122025;2025;12150111;Contribuição do Servidor Civil Ativo - Principal;Lançamento de Receita;528.894,69;800;Recursos vinculados ao RPPS - Fundo em Capitalização (Plano Previdenciário);1111;Benefícios previdenciários - Poder Executivo – Fundo em Capitalização (Plano Previdenciário)
Alhandra;301008;Instituto de Seguridade Social do Municipio de Alhandra;112025;2025;12150111;Contribuição do Servidor Civil Ativo - Principal;Lançamento de Receita;580.417,13;800;Recursos vinculados ao RPPS - Fundo em Capitalização (Plano Previdenciário);1111;Benefícios previdenciários - Poder Executivo – Fundo em Capitalização (Plano Previdenciário)
Alhandra;301008;Instituto de Seguridade Social do Municipio de Alhandra;102025;2025;12150111;Contribuição do Servidor Civil Ativo - Principal;Lançamento de Receita;580.285,43;800;Recursos vinculados ao RPPS - Fundo em Capitalização (Plano Previdenciário);1111;Benefícios previdenciários - Poder Executivo – Fundo em Capitalização (Plano Previdenciário)
Alhandra;301008;Instituto de Seguridade Social do Municipio de Alhandra;092025;2025;12150111;Contribuição do Servidor Civil Ativo - Principal;Lançamento de Receita;584.803,39;800;Recursos vinculados ao RPPS - Fundo em Capitalização (Plano Previdenciário);1111;Benefícios previdenciários - Poder Executivo – Fundo em Capitalização (Plano Previdenciário)
Alhandra;301008;Instituto de Seguridade Social do Municipio de Alhandra;082025;2025;12150111;Contribuição do Servidor Civil Ativo - Principal;Lançamento de Receita;585.312,15;800;Recursos vinculados ao RPPS - Fundo em Capitalização (Plano Previdenciário);1111;Benefícios previdenciários - Poder Executivo – Fundo em Capitalização (Plano Previdenciário)
Alhandra;301008;Instituto de Seguridade Social do Municipio de Alhandra;072025;2025;12150111;Contribuição do Servidor Civil Ativo - Principal;Lançamento de Receita;588.208,81;800;Recursos vinculados ao RPPS - Fundo em Capitalização (Plano Previdenciário);1111;Benefícios previdenciários - Poder Executivo – Fundo em Capitalização (Plano Previdenciário)
Alhandra;301008;Instituto de Seguridade Social do Municipio de Alhandra;062025;2025;12150111;Contribuição do Servidor Civil Ativo - Principal;Lançamento de Receita;576.603,61;800;Recursos vinculados ao RPPS - Fundo em Capitalização (Plano Previdenciário);1111;Benefícios previdenciários - Poder Executivo – Fundo em Capitalização (Plano Previdenciário)
Alhandra;301008;Instituto de Seguridade Social do Municipio de Alhandra;052025;2025;12150111;Contribuição do Servidor Civil Ativo - Principal;Lançamento de Receita;577.292,98;800;Recursos vinculados ao RPPS - Fundo em Capitalização (Plano Previdenciário);1111;Benefícios previdenciários - Poder Executivo – Fundo em Capitalização (Plano Previdenciário)
Alhandra;301008;Instituto de Seguridade Social do Municipio de Alhandra;042025;2025;12150111;Contribuição do Servidor Civil Ativo - Principal;Lançamento de Receita;567.035,16;800;Recursos vinculados ao RPPS - Fundo em Capitalização (Plano Previdenciário);1111;Benefícios previdenciários - Poder Executivo – Fundo em Capitalização (Plano Previdenciário)
Alhandra;301008;Instituto de Seguridade Social do Municipio de Alhandra;032025;2025;12150111;Contribuição do Servidor Civil Ativo - Principal;Lançamento de Receita;570.976,83;800;Recursos vinculados ao RPPS - Fundo em Capitalização (Plano Previdenciário);1111;Benefícios previdenciários - Poder Executivo – Fundo em Capitalização (Plano Previdenciário)
Alhandra;301008;Instituto de Seguridade Social do Municipio de Alhandra;022025;2025;12150111;Contribuição do Servidor Civil Ativo - Principal;Lançamento de Receita;480.947,57;800;Recursos vinculados ao RPPS - Fundo em Capitalização (Plano Previdenciário);1111;Benefícios previdenciários - Poder Executivo – Fundo em Capitalização (Plano Previdenciário)
Alhandra;301008;Instituto de Seguridade Social do Municipio de Alhandra;012025;2025;12150111;Contribuição do Servidor Civil Ativo - Principal;Lançamento de Receita;815.007,51;800;Recursos vinculados ao RPPS - Fundo em Capitalização (Plano Previdenciário);1111;Benefícios previdenciários - Poder Executivo – Fundo em Capitalização (Plano Previdenciário)
