municipio;codigo_unidade_gestora;descricao_unidade_gestora;mes_ano;ano;codigo_receita;descricao_receita;tipo_atualizacao_receita;valor;codigo_fonte_recurso;descricao_fonte_recurso;co;descricao_co
Conde;201061;Prefeitura Municipal de Conde;122025;2025;24195101;Transferência Especial da União - Principal;Lançamento de Receita;-382.000;749;Outras vinculações de transferências;"Não ";Não Aplicável
Conde;201061;Prefeitura Municipal de Conde;122025;2025;24195101;Transferência Especial da União - Principal;Lançamento de Receita;445.500;706;"Transferência Especial da União ";3110;Identificação das Transferências da União decorrentes de emendas parlamentares individuais
Conde;201061;Prefeitura Municipal de Conde;122025;2025;24195101;Transferência Especial da União - Principal;Lançamento de Receita;382.000;749;Outras vinculações de transferências;3110;Identificação das Transferências da União decorrentes de emendas parlamentares individuais
Conde;201061;Prefeitura Municipal de Conde;092025;2025;24195101;Transferência Especial da União - Principal;Lançamento de Receita;382.000;749;Outras vinculações de transferências;"Não ";Não Aplicável
Conde;201061;Prefeitura Municipal de Conde;072025;2025;24149901;Outras Transferências de Convênios da União e de Suas Entidades - Principal;Lançamento de Receita;960.019;700;Outras Transferências de Convênios ou Repasses da União;"Não ";Não Aplicável
Conde;201061;Prefeitura Municipal de Conde;122025;2025;19999922;Outras Receitas Não Arrecadadas e Não Projetadas pela RFB - Primárias   - Multas e Juros de Mora;Lançamento de Receita;102.930,87;500;Recursos não vinculados de Impostos;"Não ";Não Aplicável
Conde;201061;Prefeitura Municipal de Conde;112025;2025;19999922;Outras Receitas Não Arrecadadas e Não Projetadas pela RFB - Primárias   - Multas e Juros de Mora;Lançamento de Receita;64.563,86;500;Recursos não vinculados de Impostos;"Não ";Não Aplicável
Conde;201061;Prefeitura Municipal de Conde;102025;2025;19999922;Outras Receitas Não Arrecadadas e Não Projetadas pela RFB - Primárias   - Multas e Juros de Mora;Lançamento de Receita;98.714,43;500;Recursos não vinculados de Impostos;"Não ";Não Aplicável
Conde;201061;Prefeitura Municipal de Conde;092025;2025;19999922;Outras Receitas Não Arrecadadas e Não Projetadas pela RFB - Primárias   - Multas e Juros de Mora;Lançamento de Receita;98.555,4;500;Recursos não vinculados de Impostos;"Não ";Não Aplicável
Conde;201061;Prefeitura Municipal de Conde;082025;2025;19999922;Outras Receitas Não Arrecadadas e Não Projetadas pela RFB - Primárias   - Multas e Juros de Mora;Lançamento de Receita;81.047,83;500;Recursos não vinculados de Impostos;"Não ";Não Aplicável
Conde;201061;Prefeitura Municipal de Conde;072025;2025;19999922;Outras Receitas Não Arrecadadas e Não Projetadas pela RFB - Primárias   - Multas e Juros de Mora;Lançamento de Receita;68.994,14;500;Recursos não vinculados de Impostos;"Não ";Não Aplicável
Conde;201061;Prefeitura Municipal de Conde;062025;2025;19999922;Outras Receitas Não Arrecadadas e Não Projetadas pela RFB - Primárias   - Multas e Juros de Mora;Lançamento de Receita;58.509,99;500;Recursos não vinculados de Impostos;"Não ";Não Aplicável
Conde;201061;Prefeitura Municipal de Conde;052025;2025;19999922;Outras Receitas Não Arrecadadas e Não Projetadas pela RFB - Primárias   - Multas e Juros de Mora;Lançamento de Receita;46.526,31;500;Recursos não vinculados de Impostos;"Não ";Não Aplicável
Conde;201061;Prefeitura Municipal de Conde;042025;2025;19999922;Outras Receitas Não Arrecadadas e Não Projetadas pela RFB - Primárias   - Multas e Juros de Mora;Lançamento de Receita;80.208,64;500;Recursos não vinculados de Impostos;"Não ";Não Aplicável
Conde;201061;Prefeitura Municipal de Conde;032025;2025;19999922;Outras Receitas Não Arrecadadas e Não Projetadas pela RFB - Primárias   - Multas e Juros de Mora;Lançamento de Receita;25.920,7;500;Recursos não vinculados de Impostos;"Não ";Não Aplicável
Conde;201061;Prefeitura Municipal de Conde;022025;2025;19999922;Outras Receitas Não Arrecadadas e Não Projetadas pela RFB - Primárias   - Multas e Juros de Mora;Lançamento de Receita;51.200,1;500;Recursos não vinculados de Impostos;"Não ";Não Aplicável
Conde;201061;Prefeitura Municipal de Conde;012025;2025;19999922;Outras Receitas Não Arrecadadas e Não Projetadas pela RFB - Primárias   - Multas e Juros de Mora;Lançamento de Receita;19.864,52;500;Recursos não vinculados de Impostos;"Não ";Não Aplicável
Conde;201061;Prefeitura Municipal de Conde;122025;2025;19999921;Outras Receitas Não Arrecadadas e Não Projetadas pela RFB - Primárias   - Principal;Lançamento de Receita;415,83;500;Recursos não vinculados de Impostos;"Não ";Não Aplicável
Conde;201061;Prefeitura Municipal de Conde;112025;2025;19999921;Outras Receitas Não Arrecadadas e Não Projetadas pela RFB - Primárias   - Principal;Lançamento de Receita;126,44;500;Recursos não vinculados de Impostos;"Não ";Não Aplicável
Conde;201061;Prefeitura Municipal de Conde;092025;2025;19999921;Outras Receitas Não Arrecadadas e Não Projetadas pela RFB - Primárias   - Principal;Lançamento de Receita;339,78;500;Recursos não vinculados de Impostos;"Não ";Não Aplicável
Conde;201061;Prefeitura Municipal de Conde;082025;2025;19999921;Outras Receitas Não Arrecadadas e Não Projetadas pela RFB - Primárias   - Principal;Lançamento de Receita;339,78;500;Recursos não vinculados de Impostos;"Não ";Não Aplicável
Conde;201061;Prefeitura Municipal de Conde;052025;2025;19999921;Outras Receitas Não Arrecadadas e Não Projetadas pela RFB - Primárias   - Principal;Lançamento de Receita;104,64;500;Recursos não vinculados de Impostos;"Não ";Não Aplicável
Conde;201061;Prefeitura Municipal de Conde;042025;2025;19999921;Outras Receitas Não Arrecadadas e Não Projetadas pela RFB - Primárias   - Principal;Lançamento de Receita;-89,4;500;Recursos não vinculados de Impostos;"Não ";Não Aplicável
Conde;201061;Prefeitura Municipal de Conde;032025;2025;19999921;Outras Receitas Não Arrecadadas e Não Projetadas pela RFB - Primárias   - Principal;Lançamento de Receita;5.375,21;500;Recursos não vinculados de Impostos;"Não ";Não Aplicável
Conde;201061;Prefeitura Municipal de Conde;022025;2025;19999921;Outras Receitas Não Arrecadadas e Não Projetadas pela RFB - Primárias   - Principal;Lançamento de Receita;22.945,85;500;Recursos não vinculados de Impostos;"Não ";Não Aplicável
Conde;201061;Prefeitura Municipal de Conde;012025;2025;19999921;Outras Receitas Não Arrecadadas e Não Projetadas pela RFB - Primárias   - Principal;Lançamento de Receita;262,1;500;Recursos não vinculados de Impostos;"Não ";Não Aplicável
Conde;201061;Prefeitura Municipal de Conde;122025;2025;19991222;Ônus de Sucumbência - Multas e Juros de Mora;Lançamento de Receita;60,47;500;Recursos não vinculados de Impostos;"Não ";Não Aplicável
Conde;201061;Prefeitura Municipal de Conde;112025;2025;19991222;Ônus de Sucumbência - Multas e Juros de Mora;Lançamento de Receita;46,21;500;Recursos não vinculados de Impostos;"Não ";Não Aplicável
Conde;201061;Prefeitura Municipal de Conde;102025;2025;19991222;Ônus de Sucumbência - Multas e Juros de Mora;Lançamento de Receita;201,98;500;Recursos não vinculados de Impostos;"Não ";Não Aplicável
Conde;201061;Prefeitura Municipal de Conde;092025;2025;19991222;Ônus de Sucumbência - Multas e Juros de Mora;Lançamento de Receita;71,86;500;Recursos não vinculados de Impostos;"Não ";Não Aplicável
Conde;201061;Prefeitura Municipal de Conde;082025;2025;19991222;Ônus de Sucumbência - Multas e Juros de Mora;Lançamento de Receita;128,09;500;Recursos não vinculados de Impostos;"Não ";Não Aplicável
Conde;201061;Prefeitura Municipal de Conde;072025;2025;19991222;Ônus de Sucumbência - Multas e Juros de Mora;Lançamento de Receita;1.679,93;500;Recursos não vinculados de Impostos;"Não ";Não Aplicável
Conde;201061;Prefeitura Municipal de Conde;062025;2025;19991222;Ônus de Sucumbência - Multas e Juros de Mora;Lançamento de Receita;52,94;500;Recursos não vinculados de Impostos;"Não ";Não Aplicável
Conde;201061;Prefeitura Municipal de Conde;052025;2025;19991222;Ônus de Sucumbência - Multas e Juros de Mora;Lançamento de Receita;188,11;500;Recursos não vinculados de Impostos;"Não ";Não Aplicável
Conde;201061;Prefeitura Municipal de Conde;042025;2025;19991222;Ônus de Sucumbência - Multas e Juros de Mora;Lançamento de Receita;78,73;500;Recursos não vinculados de Impostos;"Não ";Não Aplicável
Conde;201061;Prefeitura Municipal de Conde;032025;2025;19991222;Ônus de Sucumbência - Multas e Juros de Mora;Lançamento de Receita;29,21;500;Recursos não vinculados de Impostos;"Não ";Não Aplicável
Conde;201061;Prefeitura Municipal de Conde;022025;2025;19991222;Ônus de Sucumbência - Multas e Juros de Mora;Lançamento de Receita;171,84;500;Recursos não vinculados de Impostos;"Não ";Não Aplicável
Conde;201061;Prefeitura Municipal de Conde;012025;2025;19991222;Ônus de Sucumbência - Multas e Juros de Mora;Lançamento de Receita;79,93;500;Recursos não vinculados de Impostos;"Não ";Não Aplicável
Conde;201061;Prefeitura Municipal de Conde;122025;2025;19991221;Ônus de Sucumbência - Principal;Lançamento de Receita;52.314,31;500;Recursos não vinculados de Impostos;"Não ";Não Aplicável
Conde;201061;Prefeitura Municipal de Conde;112025;2025;19991221;Ônus de Sucumbência - Principal;Lançamento de Receita;12.966,52;500;Recursos não vinculados de Impostos;"Não ";Não Aplicável
Conde;201061;Prefeitura Municipal de Conde;102025;2025;19991221;Ônus de Sucumbência - Principal;Lançamento de Receita;39.856,91;500;Recursos não vinculados de Impostos;"Não ";Não Aplicável
Conde;201061;Prefeitura Municipal de Conde;092025;2025;19991221;Ônus de Sucumbência - Principal;Lançamento de Receita;24.075,96;500;Recursos não vinculados de Impostos;"Não ";Não Aplicável
Conde;201061;Prefeitura Municipal de Conde;082025;2025;19991221;Ônus de Sucumbência - Principal;Lançamento de Receita;47.450,39;500;Recursos não vinculados de Impostos;"Não ";Não Aplicável
Conde;201061;Prefeitura Municipal de Conde;072025;2025;19991221;Ônus de Sucumbência - Principal;Lançamento de Receita;24.411,86;500;Recursos não vinculados de Impostos;"Não ";Não Aplicável
Conde;201061;Prefeitura Municipal de Conde;062025;2025;19991221;Ônus de Sucumbência - Principal;Lançamento de Receita;19.116,13;500;Recursos não vinculados de Impostos;"Não ";Não Aplicável
Conde;201061;Prefeitura Municipal de Conde;052025;2025;19991221;Ônus de Sucumbência - Principal;Lançamento de Receita;20.235,74;500;Recursos não vinculados de Impostos;"Não ";Não Aplicável
Conde;201061;Prefeitura Municipal de Conde;042025;2025;19991221;Ônus de Sucumbência - Principal;Lançamento de Receita;19.740,51;500;Recursos não vinculados de Impostos;"Não ";Não Aplicável
Conde;201061;Prefeitura Municipal de Conde;032025;2025;19991221;Ônus de Sucumbência - Principal;Lançamento de Receita;30.507,74;500;Recursos não vinculados de Impostos;"Não ";Não Aplicável
Conde;201061;Prefeitura Municipal de Conde;022025;2025;19991221;Ônus de Sucumbência - Principal;Lançamento de Receita;22.424,12;500;Recursos não vinculados de Impostos;"Não ";Não Aplicável
Conde;201061;Prefeitura Municipal de Conde;012025;2025;19991221;Ônus de Sucumbência - Principal;Lançamento de Receita;18.419,96;500;Recursos não vinculados de Impostos;"Não ";Não Aplicável
Conde;201061;Prefeitura Municipal de Conde;122025;2025;19229901;Outras Restituições - Principal;Lançamento de Receita;2.625,06;500;Recursos não vinculados de Impostos;"Não ";Não Aplicável
Conde;201061;Prefeitura Municipal de Conde;112025;2025;19229901;Outras Restituições - Principal;Lançamento de Receita;-227,06;500;Recursos não vinculados de Impostos;"Não ";Não Aplicável
Conde;201061;Prefeitura Municipal de Conde;102025;2025;19229901;Outras Restituições - Principal;Lançamento de Receita;138;500;Recursos não vinculados de Impostos;"Não ";Não Aplicável
Conde;201061;Prefeitura Municipal de Conde;092025;2025;19229901;Outras Restituições - Principal;Lançamento de Receita;2.100,24;500;Recursos não vinculados de Impostos;"Não ";Não Aplicável
Conde;201061;Prefeitura Municipal de Conde;082025;2025;19229901;Outras Restituições - Principal;Lançamento de Receita;1.626,83;500;Recursos não vinculados de Impostos;"Não ";Não Aplicável
Conde;201061;Prefeitura Municipal de Conde;072025;2025;19229901;Outras Restituições - Principal;Lançamento de Receita;203,31;500;Recursos não vinculados de Impostos;"Não ";Não Aplicável
Conde;201061;Prefeitura Municipal de Conde;062025;2025;19229901;Outras Restituições - Principal;Lançamento de Receita;898,92;500;Recursos não vinculados de Impostos;"Não ";Não Aplicável
Conde;201061;Prefeitura Municipal de Conde;052025;2025;19229901;Outras Restituições - Principal;Lançamento de Receita;1.808,83;500;Recursos não vinculados de Impostos;"Não ";Não Aplicável
Conde;201061;Prefeitura Municipal de Conde;042025;2025;19229901;Outras Restituições - Principal;Lançamento de Receita;9.004,28;500;Recursos não vinculados de Impostos;"Não ";Não Aplicável
Conde;201061;Prefeitura Municipal de Conde;032025;2025;19229901;Outras Restituições - Principal;Lançamento de Receita;111.464,04;500;Recursos não vinculados de Impostos;"Não ";Não Aplicável
Conde;201061;Prefeitura Municipal de Conde;022025;2025;19229901;Outras Restituições - Principal;Lançamento de Receita;222,15;500;Recursos não vinculados de Impostos;"Não ";Não Aplicável
Conde;201061;Prefeitura Municipal de Conde;122025;2025;19110101;Multas Previstas em Legislação Específica - Principal;Lançamento de Receita;1.153,72;500;Recursos não vinculados de Impostos;"Não ";Não Aplicável
Conde;201061;Prefeitura Municipal de Conde;112025;2025;19110101;Multas Previstas em Legislação Específica - Principal;Lançamento de Receita;14.079,53;500;Recursos não vinculados de Impostos;"Não ";Não Aplicável
Conde;201061;Prefeitura Municipal de Conde;102025;2025;19110101;Multas Previstas em Legislação Específica - Principal;Lançamento de Receita;16.513,36;500;Recursos não vinculados de Impostos;"Não ";Não Aplicável
Conde;201061;Prefeitura Municipal de Conde;092025;2025;19110101;Multas Previstas em Legislação Específica - Principal;Lançamento de Receita;12.124,41;500;Recursos não vinculados de Impostos;"Não ";Não Aplicável
Conde;201061;Prefeitura Municipal de Conde;082025;2025;19110101;Multas Previstas em Legislação Específica - Principal;Lançamento de Receita;12.174,46;500;Recursos não vinculados de Impostos;"Não ";Não Aplicável
Conde;201061;Prefeitura Municipal de Conde;072025;2025;19110101;Multas Previstas em Legislação Específica - Principal;Lançamento de Receita;10.587,76;500;Recursos não vinculados de Impostos;"Não ";Não Aplicável
Conde;201061;Prefeitura Municipal de Conde;062025;2025;19110101;Multas Previstas em Legislação Específica - Principal;Lançamento de Receita;9.830,59;500;Recursos não vinculados de Impostos;"Não ";Não Aplicável
Conde;201061;Prefeitura Municipal de Conde;052025;2025;19110101;Multas Previstas em Legislação Específica - Principal;Lançamento de Receita;16.742,91;500;Recursos não vinculados de Impostos;"Não ";Não Aplicável
Conde;201061;Prefeitura Municipal de Conde;042025;2025;19110101;Multas Previstas em Legislação Específica - Principal;Lançamento de Receita;16.701,38;500;Recursos não vinculados de Impostos;"Não ";Não Aplicável
Conde;201061;Prefeitura Municipal de Conde;032025;2025;19110101;Multas Previstas em Legislação Específica - Principal;Lançamento de Receita;12.374,22;500;Recursos não vinculados de Impostos;"Não ";Não Aplicável
Conde;201061;Prefeitura Municipal de Conde;022025;2025;19110101;Multas Previstas em Legislação Específica - Principal;Lançamento de Receita;7.244,01;500;Recursos não vinculados de Impostos;"Não ";Não Aplicável
Conde;201061;Prefeitura Municipal de Conde;012025;2025;19110101;Multas Previstas em Legislação Específica - Principal;Lançamento de Receita;7.309,8;500;Recursos não vinculados de Impostos;"Não ";Não Aplicável
Conde;201061;Prefeitura Municipal de Conde;122025;2025;17515001;Transferências de Recursos do Fundo de Manutenção e Desenvolvimento da Educação Básica e de Valorização dos Profissionais da Educação – FUNDEB - Principal;Lançamento de Receita;4.516.183;540;Transferências do FUNDEB - Impostos e Transferências de Impostos;"Não ";Não Aplicável
Conde;201061;Prefeitura Municipal de Conde;112025;2025;17515001;Transferências de Recursos do Fundo de Manutenção e Desenvolvimento da Educação Básica e de Valorização dos Profissionais da Educação – FUNDEB - Principal;Lançamento de Receita;3.678.986,9;540;Transferências do FUNDEB - Impostos e Transferências de Impostos;"Não ";Não Aplicável
Conde;201061;Prefeitura Municipal de Conde;102025;2025;17515001;Transferências de Recursos do Fundo de Manutenção e Desenvolvimento da Educação Básica e de Valorização dos Profissionais da Educação – FUNDEB - Principal;Lançamento de Receita;3.200.025,17;540;Transferências do FUNDEB - Impostos e Transferências de Impostos;"Não ";Não Aplicável
Conde;201061;Prefeitura Municipal de Conde;092025;2025;17515001;Transferências de Recursos do Fundo de Manutenção e Desenvolvimento da Educação Básica e de Valorização dos Profissionais da Educação – FUNDEB - Principal;Lançamento de Receita;3.258.096,71;540;Transferências do FUNDEB - Impostos e Transferências de Impostos;"Não ";Não Aplicável
Conde;201061;Prefeitura Municipal de Conde;082025;2025;17515001;Transferências de Recursos do Fundo de Manutenção e Desenvolvimento da Educação Básica e de Valorização dos Profissionais da Educação – FUNDEB - Principal;Lançamento de Receita;3.714.114,76;540;Transferências do FUNDEB - Impostos e Transferências de Impostos;"Não ";Não Aplicável
Conde;201061;Prefeitura Municipal de Conde;072025;2025;17515001;Transferências de Recursos do Fundo de Manutenção e Desenvolvimento da Educação Básica e de Valorização dos Profissionais da Educação – FUNDEB - Principal;Lançamento de Receita;3.148.542,11;540;Transferências do FUNDEB - Impostos e Transferências de Impostos;"Não ";Não Aplicável
Conde;201061;Prefeitura Municipal de Conde;062025;2025;17515001;Transferências de Recursos do Fundo de Manutenção e Desenvolvimento da Educação Básica e de Valorização dos Profissionais da Educação – FUNDEB - Principal;Lançamento de Receita;3.949.780,33;540;Transferências do FUNDEB - Impostos e Transferências de Impostos;"Não ";Não Aplicável
Conde;201061;Prefeitura Municipal de Conde;052025;2025;17515001;Transferências de Recursos do Fundo de Manutenção e Desenvolvimento da Educação Básica e de Valorização dos Profissionais da Educação – FUNDEB - Principal;Lançamento de Receita;3.937.754,05;540;Transferências do FUNDEB - Impostos e Transferências de Impostos;"Não ";Não Aplicável
Conde;201061;Prefeitura Municipal de Conde;042025;2025;17515001;Transferências de Recursos do Fundo de Manutenção e Desenvolvimento da Educação Básica e de Valorização dos Profissionais da Educação – FUNDEB - Principal;Lançamento de Receita;3.425.375,36;540;Transferências do FUNDEB - Impostos e Transferências de Impostos;"Não ";Não Aplicável
Conde;201061;Prefeitura Municipal de Conde;032025;2025;17515001;Transferências de Recursos do Fundo de Manutenção e Desenvolvimento da Educação Básica e de Valorização dos Profissionais da Educação – FUNDEB - Principal;Lançamento de Receita;2.287.649,11;540;Transferências do FUNDEB - Impostos e Transferências de Impostos;"Não ";Não Aplicável
Conde;201061;Prefeitura Municipal de Conde;032025;2025;17515001;Transferências de Recursos do Fundo de Manutenção e Desenvolvimento da Educação Básica e de Valorização dos Profissionais da Educação – FUNDEB - Principal;Lançamento de Receita;1.057.553,48;540;Transferências do FUNDEB - Impostos e Transferências de Impostos;1070;Identificação do percentual aplicado no pagamento da remuneração dos profissionais da educação básica em efetivo exercício
Conde;201061;Prefeitura Municipal de Conde;022025;2025;17515001;Transferências de Recursos do Fundo de Manutenção e Desenvolvimento da Educação Básica e de Valorização dos Profissionais da Educação – FUNDEB - Principal;Lançamento de Receita;4.266.204,37;540;Transferências do FUNDEB - Impostos e Transferências de Impostos;"Não ";Não Aplicável
Conde;201061;Prefeitura Municipal de Conde;012025;2025;17515001;Transferências de Recursos do Fundo de Manutenção e Desenvolvimento da Educação Básica e de Valorização dos Profissionais da Educação – FUNDEB - Principal;Lançamento de Receita;2.479.203,77;540;Transferências do FUNDEB - Impostos e Transferências de Impostos;"Não ";Não Aplicável
Conde;201061;Prefeitura Municipal de Conde;012025;2025;17515001;Transferências de Recursos do Fundo de Manutenção e Desenvolvimento da Educação Básica e de Valorização dos Profissionais da Educação – FUNDEB - Principal;Lançamento de Receita;1.235.956,54;540;Transferências do FUNDEB - Impostos e Transferências de Impostos;1070;Identificação do percentual aplicado no pagamento da remuneração dos profissionais da educação básica em efetivo exercício
Conde;201061;Prefeitura Municipal de Conde;062025;2025;17295101;Transferências de Estados destinadas à Assistência Social - Principal;Lançamento de Receita;67.912,78;661;Transferência de Recursos dos Fundos Estaduais de Assistência Social;"Não ";Não Aplicável
Conde;201061;Prefeitura Municipal de Conde;042025;2025;17249901;Outras Transferências de Convênios dos Estados e DF e de Suas Entidades - Principal;Lançamento de Receita;100.000;701;Outras Transferências de Convênios ou Repasses dos Estados;"Não ";Não Aplicável
Conde;201061;Prefeitura Municipal de Conde;122025;2025;17245101;Transferências de Convênios dos Estados Destinadas a Programas de Educação - Principal;Lançamento de Receita;88.010,9;571;Transferências do Estado referentes a Convênios e outros Repasses vinculados à Educação;"Não ";Não Aplicável
Conde;201061;Prefeitura Municipal de Conde;102025;2025;17245101;Transferências de Convênios dos Estados Destinadas a Programas de Educação - Principal;Lançamento de Receita;88.010,91;571;Transferências do Estado referentes a Convênios e outros Repasses vinculados à Educação;"Não ";Não Aplicável
Conde;201061;Prefeitura Municipal de Conde;052025;2025;17245101;Transferências de Convênios dos Estados Destinadas a Programas de Educação - Principal;Lançamento de Receita;88.010,91;571;Transferências do Estado referentes a Convênios e outros Repasses vinculados à Educação;"Não ";Não Aplicável
Conde;201061;Prefeitura Municipal de Conde;102025;2025;17215301;Cota-Parte da Contribuição de Intervenção no Domínio Econômico - Principal;Lançamento de Receita;7.944,54;750;Recursos da Contribuição de Intervenção no Domínio Econômico - CIDE;"Não ";Não Aplicável
Conde;201061;Prefeitura Municipal de Conde;072025;2025;17215301;Cota-Parte da Contribuição de Intervenção no Domínio Econômico - Principal;Lançamento de Receita;7.533,83;750;Recursos da Contribuição de Intervenção no Domínio Econômico - CIDE;"Não ";Não Aplicável
Conde;201061;Prefeitura Municipal de Conde;042025;2025;17215301;Cota-Parte da Contribuição de Intervenção no Domínio Econômico - Principal;Lançamento de Receita;6.849,03;750;Recursos da Contribuição de Intervenção no Domínio Econômico - CIDE;"Não ";Não Aplicável
Conde;201061;Prefeitura Municipal de Conde;012025;2025;17215301;Cota-Parte da Contribuição de Intervenção no Domínio Econômico - Principal;Lançamento de Receita;7.252,72;750;Recursos da Contribuição de Intervenção no Domínio Econômico - CIDE;"Não ";Não Aplicável
Conde;201061;Prefeitura Municipal de Conde;122025;2025;17215201;Cota-Parte do IPI - Municípios - Principal;Lançamento de Receita;1.826,06;500;Recursos não vinculados de Impostos;"Não ";Não Aplicável
Conde;201061;Prefeitura Municipal de Conde;122025;2025;17215201;Cota-Parte do IPI - Municípios - Principal;Dedução do Fundeb;-515,65;500;Recursos não vinculados de Impostos;"Não ";Não Aplicável
Conde;201061;Prefeitura Municipal de Conde;112025;2025;17215201;Cota-Parte do IPI - Municípios - Principal;Dedução do Fundeb;-285,35;500;Recursos não vinculados de Impostos;"Não ";Não Aplicável
Conde;201061;Prefeitura Municipal de Conde;112025;2025;17215201;Cota-Parte do IPI - Municípios - Principal;Lançamento de Receita;1.426,76;500;Recursos não vinculados de Impostos;"Não ";Não Aplicável
Conde;201061;Prefeitura Municipal de Conde;102025;2025;17215201;Cota-Parte do IPI - Municípios - Principal;Lançamento de Receita;1.549,56;500;Recursos não vinculados de Impostos;"Não ";Não Aplicável
Conde;201061;Prefeitura Municipal de Conde;102025;2025;17215201;Cota-Parte do IPI - Municípios - Principal;Dedução do Fundeb;-309,91;500;Recursos não vinculados de Impostos;"Não ";Não Aplicável
Conde;201061;Prefeitura Municipal de Conde;092025;2025;17215201;Cota-Parte do IPI - Municípios - Principal;Dedução do Fundeb;-188,05;500;Recursos não vinculados de Impostos;"Não ";Não Aplicável
Conde;201061;Prefeitura Municipal de Conde;092025;2025;17215201;Cota-Parte do IPI - Municípios - Principal;Lançamento de Receita;1.244,15;500;Recursos não vinculados de Impostos;"Não ";Não Aplicável
Conde;201061;Prefeitura Municipal de Conde;082025;2025;17215201;Cota-Parte do IPI - Municípios - Principal;Dedução do Fundeb;-255,42;500;Recursos não vinculados de Impostos;"Não ";Não Aplicável
Conde;201061;Prefeitura Municipal de Conde;082025;2025;17215201;Cota-Parte do IPI - Municípios - Principal;Lançamento de Receita;1.277,1;500;Recursos não vinculados de Impostos;"Não ";Não Aplicável
Conde;201061;Prefeitura Municipal de Conde;072025;2025;17215201;Cota-Parte do IPI - Municípios - Principal;Lançamento de Receita;1.445,44;500;Recursos não vinculados de Impostos;"Não ";Não Aplicável
Conde;201061;Prefeitura Municipal de Conde;072025;2025;17215201;Cota-Parte do IPI - Municípios - Principal;Dedução do Fundeb;-289,09;500;Recursos não vinculados de Impostos;"Não ";Não Aplicável
Conde;201061;Prefeitura Municipal de Conde;062025;2025;17215201;Cota-Parte do IPI - Municípios - Principal;Dedução do Fundeb;-506,52;500;Recursos não vinculados de Impostos;"Não ";Não Aplicável
Conde;201061;Prefeitura Municipal de Conde;062025;2025;17215201;Cota-Parte do IPI - Municípios - Principal;Lançamento de Receita;1.808,73;500;Recursos não vinculados de Impostos;"Não ";Não Aplicável
Conde;201061;Prefeitura Municipal de Conde;052025;2025;17215201;Cota-Parte do IPI - Municípios - Principal;Lançamento de Receita;972,49;500;Recursos não vinculados de Impostos;"Não ";Não Aplicável
Conde;201061;Prefeitura Municipal de Conde;052025;2025;17215201;Cota-Parte do IPI - Municípios - Principal;Dedução do Fundeb;-49,72;500;Recursos não vinculados de Impostos;"Não ";Não Aplicável
Conde;201061;Prefeitura Municipal de Conde;042025;2025;17215201;Cota-Parte do IPI - Municípios - Principal;Lançamento de Receita;1.212,5;500;Recursos não vinculados de Impostos;"Não ";Não Aplicável
Conde;201061;Prefeitura Municipal de Conde;042025;2025;17215201;Cota-Parte do IPI - Municípios - Principal;Dedução do Fundeb;0;500;Recursos não vinculados de Impostos;"Não ";Não Aplicável
Conde;201061;Prefeitura Municipal de Conde;032025;2025;17215201;Cota-Parte do IPI - Municípios - Principal;Lançamento de Receita;1.437,19;500;Recursos não vinculados de Impostos;"Não ";Não Aplicável
Conde;201061;Prefeitura Municipal de Conde;032025;2025;17215201;Cota-Parte do IPI - Municípios - Principal;Dedução do Fundeb;-287,44;500;Recursos não vinculados de Impostos;"Não ";Não Aplicável
Conde;201061;Prefeitura Municipal de Conde;022025;2025;17215201;Cota-Parte do IPI - Municípios - Principal;Lançamento de Receita;1.245,9;500;Recursos não vinculados de Impostos;"Não ";Não Aplicável
Conde;201061;Prefeitura Municipal de Conde;022025;2025;17215201;Cota-Parte do IPI - Municípios - Principal;Dedução do Fundeb;-249,18;500;Recursos não vinculados de Impostos;"Não ";Não Aplicável
Conde;201061;Prefeitura Municipal de Conde;012025;2025;17215201;Cota-Parte do IPI - Municípios - Principal;Dedução do Fundeb;-214,8;500;Recursos não vinculados de Impostos;"Não ";Não Aplicável
Conde;201061;Prefeitura Municipal de Conde;012025;2025;17215201;Cota-Parte do IPI - Municípios - Principal;Lançamento de Receita;1.074;500;Recursos não vinculados de Impostos;"Não ";Não Aplicável
Conde;201061;Prefeitura Municipal de Conde;122025;2025;17215101;Cota-Parte do IPVA - Principal;Dedução do Fundeb;-25.877,49;500;Recursos não vinculados de Impostos;"Não ";Não Aplicável
Conde;201061;Prefeitura Municipal de Conde;122025;2025;17215101;Cota-Parte do IPVA - Principal;Lançamento de Receita;142.773,08;500;Recursos não vinculados de Impostos;"Não ";Não Aplicável
Conde;201061;Prefeitura Municipal de Conde;112025;2025;17215101;Cota-Parte do IPVA - Principal;Dedução do Fundeb;-19.437,51;500;Recursos não vinculados de Impostos;"Não ";Não Aplicável
Conde;201061;Prefeitura Municipal de Conde;112025;2025;17215101;Cota-Parte do IPVA - Principal;Lançamento de Receita;97.187,55;500;Recursos não vinculados de Impostos;"Não ";Não Aplicável
Conde;201061;Prefeitura Municipal de Conde;102025;2025;17215101;Cota-Parte do IPVA - Principal;Dedução do Fundeb;-25.111,51;500;Recursos não vinculados de Impostos;"Não ";Não Aplicável
Conde;201061;Prefeitura Municipal de Conde;102025;2025;17215101;Cota-Parte do IPVA - Principal;Lançamento de Receita;125.557,56;500;Recursos não vinculados de Impostos;"Não ";Não Aplicável
Conde;201061;Prefeitura Municipal de Conde;092025;2025;17215101;Cota-Parte do IPVA - Principal;Lançamento de Receita;140.113,11;500;Recursos não vinculados de Impostos;"Não ";Não Aplicável
Conde;201061;Prefeitura Municipal de Conde;092025;2025;17215101;Cota-Parte do IPVA - Principal;Dedução do Fundeb;-28.022,62;500;Recursos não vinculados de Impostos;"Não ";Não Aplicável
Conde;201061;Prefeitura Municipal de Conde;082025;2025;17215101;Cota-Parte do IPVA - Principal;Dedução do Fundeb;-34.473,58;500;Recursos não vinculados de Impostos;"Não ";Não Aplicável
Conde;201061;Prefeitura Municipal de Conde;082025;2025;17215101;Cota-Parte do IPVA - Principal;Lançamento de Receita;172.367,9;500;Recursos não vinculados de Impostos;"Não ";Não Aplicável
Conde;201061;Prefeitura Municipal de Conde;072025;2025;17215101;Cota-Parte do IPVA - Principal;Lançamento de Receita;139.971,29;500;Recursos não vinculados de Impostos;"Não ";Não Aplicável
Conde;201061;Prefeitura Municipal de Conde;062025;2025;17215101;Cota-Parte do IPVA - Principal;Dedução do Fundeb;-75.721,08;500;Recursos não vinculados de Impostos;"Não ";Não Aplicável
Conde;201061;Prefeitura Municipal de Conde;062025;2025;17215101;Cota-Parte do IPVA - Principal;Lançamento de Receita;226.084,25;500;Recursos não vinculados de Impostos;"Não ";Não Aplicável
Conde;201061;Prefeitura Municipal de Conde;052025;2025;17215101;Cota-Parte do IPVA - Principal;Lançamento de Receita;152.521,17;500;Recursos não vinculados de Impostos;"Não ";Não Aplicável
Conde;201061;Prefeitura Municipal de Conde;042025;2025;17215101;Cota-Parte do IPVA - Principal;Lançamento de Receita;112.539,57;500;Recursos não vinculados de Impostos;"Não ";Não Aplicável
Conde;201061;Prefeitura Municipal de Conde;032025;2025;17215101;Cota-Parte do IPVA - Principal;Lançamento de Receita;179.973,01;500;Recursos não vinculados de Impostos;"Não ";Não Aplicável
Conde;201061;Prefeitura Municipal de Conde;032025;2025;17215101;Cota-Parte do IPVA - Principal;Dedução do Fundeb;-35.994,6;500;Recursos não vinculados de Impostos;"Não ";Não Aplicável
Conde;201061;Prefeitura Municipal de Conde;022025;2025;17215101;Cota-Parte do IPVA - Principal;Dedução do Fundeb;-43.333,46;500;Recursos não vinculados de Impostos;"Não ";Não Aplicável
Conde;201061;Prefeitura Municipal de Conde;022025;2025;17215101;Cota-Parte do IPVA - Principal;Lançamento de Receita;216.667,3;500;Recursos não vinculados de Impostos;"Não ";Não Aplicável
Conde;201061;Prefeitura Municipal de Conde;012025;2025;17215101;Cota-Parte do IPVA - Principal;Dedução do Fundeb;-35.464,24;500;Recursos não vinculados de Impostos;"Não ";Não Aplicável
Conde;201061;Prefeitura Municipal de Conde;012025;2025;17215101;Cota-Parte do IPVA - Principal;Lançamento de Receita;177.321,21;500;Recursos não vinculados de Impostos;"Não ";Não Aplicável
Conde;201061;Prefeitura Municipal de Conde;122025;2025;17215001;Cota-Parte do ICMS - Principal;Lançamento de Receita;5.184.111,17;500;Recursos não vinculados de Impostos;"Não ";Não Aplicável
Conde;201061;Prefeitura Municipal de Conde;122025;2025;17215001;Cota-Parte do ICMS - Principal;Dedução do Fundeb;-923.965,39;500;Recursos não vinculados de Impostos;"Não ";Não Aplicável
Conde;201061;Prefeitura Municipal de Conde;112025;2025;17215001;Cota-Parte do ICMS - Principal;Dedução do Fundeb;-744.156,9;500;Recursos não vinculados de Impostos;"Não ";Não Aplicável
Conde;201061;Prefeitura Municipal de Conde;112025;2025;17215001;Cota-Parte do ICMS - Principal;Lançamento de Receita;3.723.169,23;500;Recursos não vinculados de Impostos;"Não ";Não Aplicável
Conde;201061;Prefeitura Municipal de Conde;102025;2025;17215001;Cota-Parte do ICMS - Principal;Lançamento de Receita;4.114.350,47;500;Recursos não vinculados de Impostos;"Não ";Não Aplicável
Conde;201061;Prefeitura Municipal de Conde;102025;2025;17215001;Cota-Parte do ICMS - Principal;Dedução do Fundeb;-822.870,08;500;Recursos não vinculados de Impostos;"Não ";Não Aplicável
Conde;201061;Prefeitura Municipal de Conde;092025;2025;17215001;Cota-Parte do ICMS - Principal;Dedução do Fundeb;-900.915,95;500;Recursos não vinculados de Impostos;"Não ";Não Aplicável
Conde;201061;Prefeitura Municipal de Conde;092025;2025;17215001;Cota-Parte do ICMS - Principal;Lançamento de Receita;4.504.579,87;500;Recursos não vinculados de Impostos;"Não ";Não Aplicável
Conde;201061;Prefeitura Municipal de Conde;082025;2025;17215001;Cota-Parte do ICMS - Principal;Dedução do Fundeb;-946.619,22;500;Recursos não vinculados de Impostos;"Não ";Não Aplicável
Conde;201061;Prefeitura Municipal de Conde;082025;2025;17215001;Cota-Parte do ICMS - Principal;Lançamento de Receita;4.730.593,04;500;Recursos não vinculados de Impostos;"Não ";Não Aplicável
Conde;201061;Prefeitura Municipal de Conde;072025;2025;17215001;Cota-Parte do ICMS - Principal;Dedução do Fundeb;-883.018,78;500;Recursos não vinculados de Impostos;"Não ";Não Aplicável
Conde;201061;Prefeitura Municipal de Conde;072025;2025;17215001;Cota-Parte do ICMS - Principal;Lançamento de Receita;4.415.094,02;500;Recursos não vinculados de Impostos;"Não ";Não Aplicável
Conde;201061;Prefeitura Municipal de Conde;062025;2025;17215001;Cota-Parte do ICMS - Principal;Dedução do Fundeb;-788.666,52;500;Recursos não vinculados de Impostos;"Não ";Não Aplicável
Conde;201061;Prefeitura Municipal de Conde;062025;2025;17215001;Cota-Parte do ICMS - Principal;Lançamento de Receita;3.943.332,66;500;Recursos não vinculados de Impostos;"Não ";Não Aplicável
Conde;201061;Prefeitura Municipal de Conde;052025;2025;17215001;Cota-Parte do ICMS - Principal;Lançamento de Receita;3.886.460,3;500;Recursos não vinculados de Impostos;"Não ";Não Aplicável
Conde;201061;Prefeitura Municipal de Conde;052025;2025;17215001;Cota-Parte do ICMS - Principal;Dedução do Fundeb;-777.745,26;500;Recursos não vinculados de Impostos;"Não ";Não Aplicável
Conde;201061;Prefeitura Municipal de Conde;042025;2025;17215001;Cota-Parte do ICMS - Principal;Dedução do Fundeb;-810.451,59;500;Recursos não vinculados de Impostos;"Não ";Não Aplicável
Conde;201061;Prefeitura Municipal de Conde;042025;2025;17215001;Cota-Parte do ICMS - Principal;Lançamento de Receita;4.054.642,73;500;Recursos não vinculados de Impostos;"Não ";Não Aplicável
Conde;201061;Prefeitura Municipal de Conde;032025;2025;17215001;Cota-Parte do ICMS - Principal;Lançamento de Receita;3.982.756,38;500;Recursos não vinculados de Impostos;"Não ";Não Aplicável
Conde;201061;Prefeitura Municipal de Conde;032025;2025;17215001;Cota-Parte do ICMS - Principal;Dedução do Fundeb;-796.074,33;500;Recursos não vinculados de Impostos;"Não ";Não Aplicável
Conde;201061;Prefeitura Municipal de Conde;022025;2025;17215001;Cota-Parte do ICMS - Principal;Dedução do Fundeb;-758.693,69;500;Recursos não vinculados de Impostos;"Não ";Não Aplicável
Conde;201061;Prefeitura Municipal de Conde;022025;2025;17215001;Cota-Parte do ICMS - Principal;Lançamento de Receita;3.795.853,13;500;Recursos não vinculados de Impostos;"Não ";Não Aplicável
Conde;201061;Prefeitura Municipal de Conde;012025;2025;17215001;Cota-Parte do ICMS - Principal;Lançamento de Receita;4.332.638,25;500;Recursos não vinculados de Impostos;"Não ";Não Aplicável
Conde;201061;Prefeitura Municipal de Conde;012025;2025;17215001;Cota-Parte do ICMS - Principal;Dedução do Fundeb;-866.527,63;500;Recursos não vinculados de Impostos;"Não ";Não Aplicável
Conde;201061;Prefeitura Municipal de Conde;122025;2025;17195801;Transferência Obrigatória Decorrente da Lei Complementar nº 176/2020 - Principal;Lançamento de Receita;2.384,63;500;Recursos não vinculados de Impostos;"Não ";Não Aplicável
Conde;201061;Prefeitura Municipal de Conde;102025;2025;17195801;Transferência Obrigatória Decorrente da Lei Complementar nº 176/2020 - Principal;Lançamento de Receita;2.384,63;500;Recursos não vinculados de Impostos;"Não ";Não Aplicável
Conde;201061;Prefeitura Municipal de Conde;072025;2025;17195801;Transferência Obrigatória Decorrente da Lei Complementar nº 176/2020 - Principal;Lançamento de Receita;2.384,63;500;Recursos não vinculados de Impostos;"Não ";Não Aplicável
Conde;201061;Prefeitura Municipal de Conde;062025;2025;17195801;Transferência Obrigatória Decorrente da Lei Complementar nº 176/2020 - Principal;Lançamento de Receita;2.384,63;500;Recursos não vinculados de Impostos;"Não ";Não Aplicável
Conde;201061;Prefeitura Municipal de Conde;052025;2025;17195801;Transferência Obrigatória Decorrente da Lei Complementar nº 176/2020 - Principal;Lançamento de Receita;9.538,52;500;Recursos não vinculados de Impostos;"Não ";Não Aplicável
Conde;201061;Prefeitura Municipal de Conde;012025;2025;17195801;Transferência Obrigatória Decorrente da Lei Complementar nº 176/2020 - Principal;Lançamento de Receita;2.384,63;500;Recursos não vinculados de Impostos;"Não ";Não Aplicável
Conde;201061;Prefeitura Municipal de Conde;122025;2025;17195701;Transferência Especial da União - Principal;Lançamento de Receita;-150.000;749;Outras vinculações de transferências;"Não ";Não Aplicável
Conde;201061;Prefeitura Municipal de Conde;122025;2025;17195701;Transferência Especial da União - Principal;Lançamento de Receita;150.000;749;Outras vinculações de transferências;3110;Identificação das Transferências da União decorrentes de emendas parlamentares individuais
Conde;201061;Prefeitura Municipal de Conde;102025;2025;17195701;Transferência Especial da União - Principal;Lançamento de Receita;150.000;749;Outras vinculações de transferências;"Não ";Não Aplicável
Conde;201061;Prefeitura Municipal de Conde;092025;2025;17195701;Transferência Especial da União - Principal;Lançamento de Receita;2.384,63;749;Outras vinculações de transferências;"Não ";Não Aplicável
Conde;201061;Prefeitura Municipal de Conde;122025;2025;17179901;Outras Transferências de Convênios da União e de Suas Entidades - Principal;Lançamento de Receita;1.152.697;700;Outras Transferências de Convênios ou Repasses da União;"Não ";Não Aplicável
Conde;201061;Prefeitura Municipal de Conde;122025;2025;17165001;Transferências de Recursos do Fundo Nacional de Assistência Social – FNAS - Principal;Lançamento de Receita;121.973,21;660;Transferência de Recursos do Fundo Nacional de Assistência Social - FNAS;"Não ";Não Aplicável
Conde;201061;Prefeitura Municipal de Conde;112025;2025;17165001;Transferências de Recursos do Fundo Nacional de Assistência Social – FNAS - Principal;Lançamento de Receita;56.340,46;660;Transferência de Recursos do Fundo Nacional de Assistência Social - FNAS;"Não ";Não Aplicável
Conde;201061;Prefeitura Municipal de Conde;102025;2025;17165001;Transferências de Recursos do Fundo Nacional de Assistência Social – FNAS - Principal;Lançamento de Receita;51.544,86;660;Transferência de Recursos do Fundo Nacional de Assistência Social - FNAS;"Não ";Não Aplicável
Conde;201061;Prefeitura Municipal de Conde;092025;2025;17165001;Transferências de Recursos do Fundo Nacional de Assistência Social – FNAS - Principal;Lançamento de Receita;67.985,67;660;Transferência de Recursos do Fundo Nacional de Assistência Social - FNAS;"Não ";Não Aplicável
Conde;201061;Prefeitura Municipal de Conde;082025;2025;17165001;Transferências de Recursos do Fundo Nacional de Assistência Social – FNAS - Principal;Lançamento de Receita;48.856,54;660;Transferência de Recursos do Fundo Nacional de Assistência Social - FNAS;"Não ";Não Aplicável
Conde;201061;Prefeitura Municipal de Conde;072025;2025;17165001;Transferências de Recursos do Fundo Nacional de Assistência Social – FNAS - Principal;Lançamento de Receita;94.537,77;660;Transferência de Recursos do Fundo Nacional de Assistência Social - FNAS;"Não ";Não Aplicável
Conde;201061;Prefeitura Municipal de Conde;062025;2025;17165001;Transferências de Recursos do Fundo Nacional de Assistência Social – FNAS - Principal;Lançamento de Receita;19.270,48;660;Transferência de Recursos do Fundo Nacional de Assistência Social - FNAS;"Não ";Não Aplicável
Conde;201061;Prefeitura Municipal de Conde;052025;2025;17165001;Transferências de Recursos do Fundo Nacional de Assistência Social – FNAS - Principal;Lançamento de Receita;46.217,97;660;Transferência de Recursos do Fundo Nacional de Assistência Social - FNAS;"Não ";Não Aplicável
Conde;201061;Prefeitura Municipal de Conde;042025;2025;17165001;Transferências de Recursos do Fundo Nacional de Assistência Social – FNAS - Principal;Lançamento de Receita;55.104,86;660;Transferência de Recursos do Fundo Nacional de Assistência Social - FNAS;"Não ";Não Aplicável
Conde;201061;Prefeitura Municipal de Conde;032025;2025;17165001;Transferências de Recursos do Fundo Nacional de Assistência Social – FNAS - Principal;Lançamento de Receita;41.642,3;660;Transferência de Recursos do Fundo Nacional de Assistência Social - FNAS;"Não ";Não Aplicável
Conde;201061;Prefeitura Municipal de Conde;022025;2025;17165001;Transferências de Recursos do Fundo Nacional de Assistência Social – FNAS - Principal;Lançamento de Receita;43.036,63;660;Transferência de Recursos do Fundo Nacional de Assistência Social - FNAS;"Não ";Não Aplicável
Conde;201061;Prefeitura Municipal de Conde;012025;2025;17165001;Transferências de Recursos do Fundo Nacional de Assistência Social – FNAS - Principal;Lançamento de Receita;30.953,85;660;Transferência de Recursos do Fundo Nacional de Assistência Social - FNAS;"Não ";Não Aplicável
Conde;201061;Prefeitura Municipal de Conde;122025;2025;17155301;Transferências de Recursos do Fundeb destinados à criação de matrículas em ETI - Principal;Lançamento de Receita;293.604,79;546;Transferências do FUNDEB - complementação da União - Educação Tempo Integral;"Não ";Não Aplicável
Conde;201061;Prefeitura Municipal de Conde;112025;2025;17155301;Transferências de Recursos do Fundeb destinados à criação de matrículas em ETI - Principal;Lançamento de Receita;293.604,78;546;Transferências do FUNDEB - complementação da União - Educação Tempo Integral;"Não ";Não Aplicável
Conde;201061;Prefeitura Municipal de Conde;102025;2025;17155301;Transferências de Recursos do Fundeb destinados à criação de matrículas em ETI - Principal;Lançamento de Receita;587.209,56;546;Transferências do FUNDEB - complementação da União - Educação Tempo Integral;"Não ";Não Aplicável
Conde;201061;Prefeitura Municipal de Conde;122025;2025;17155201;Transferências de Recursos de Complementação da União ao Fundeb – VAAR - Principal;Dedução do Fundeb;-185.318,42;543;Transferências do FUNDEB - Complementação da União - VAAR;"Não ";Não Aplicável
Conde;201061;Prefeitura Municipal de Conde;122025;2025;17155201;Transferências de Recursos de Complementação da União ao Fundeb – VAAR - Principal;Lançamento de Receita;202.446,26;543;Transferências do FUNDEB - Complementação da União - VAAR;"Não ";Não Aplicável
Conde;201061;Prefeitura Municipal de Conde;112025;2025;17155201;Transferências de Recursos de Complementação da União ao Fundeb – VAAR - Principal;Lançamento de Receita;218.316,58;543;Transferências do FUNDEB - Complementação da União - VAAR;"Não ";Não Aplicável
Conde;201061;Prefeitura Municipal de Conde;102025;2025;17155201;Transferências de Recursos de Complementação da União ao Fundeb – VAAR - Principal;Lançamento de Receita;218.316,58;543;Transferências do FUNDEB - Complementação da União - VAAR;"Não ";Não Aplicável
Conde;201061;Prefeitura Municipal de Conde;092025;2025;17155201;Transferências de Recursos de Complementação da União ao Fundeb – VAAR - Principal;Dedução do Fundeb;-2.417,4;543;Transferências do FUNDEB - Complementação da União - VAAR;"Não ";Não Aplicável
Conde;201061;Prefeitura Municipal de Conde;092025;2025;17155201;Transferências de Recursos de Complementação da União ao Fundeb – VAAR - Principal;Lançamento de Receita;218.316,58;543;Transferências do FUNDEB - Complementação da União - VAAR;"Não ";Não Aplicável
Conde;201061;Prefeitura Municipal de Conde;082025;2025;17155201;Transferências de Recursos de Complementação da União ao Fundeb – VAAR - Principal;Lançamento de Receita;286.303,35;543;Transferências do FUNDEB - Complementação da União - VAAR;"Não ";Não Aplicável
Conde;201061;Prefeitura Municipal de Conde;072025;2025;17155201;Transferências de Recursos de Complementação da União ao Fundeb – VAAR - Principal;Lançamento de Receita;279.309,63;543;Transferências do FUNDEB - Complementação da União - VAAR;"Não ";Não Aplicável
Conde;201061;Prefeitura Municipal de Conde;062025;2025;17155201;Transferências de Recursos de Complementação da União ao Fundeb – VAAR - Principal;Lançamento de Receita;279.309,63;543;Transferências do FUNDEB - Complementação da União - VAAR;"Não ";Não Aplicável
Conde;201061;Prefeitura Municipal de Conde;052025;2025;17155201;Transferências de Recursos de Complementação da União ao Fundeb – VAAR - Principal;Lançamento de Receita;261.415,67;543;Transferências do FUNDEB - Complementação da União - VAAR;"Não ";Não Aplicável
Conde;201061;Prefeitura Municipal de Conde;042025;2025;17155201;Transferências de Recursos de Complementação da União ao Fundeb – VAAR - Principal;Dedução do Fundeb;-5.278,48;543;Transferências do FUNDEB - Complementação da União - VAAR;"Não ";Não Aplicável
Conde;201061;Prefeitura Municipal de Conde;042025;2025;17155201;Transferências de Recursos de Complementação da União ao Fundeb – VAAR - Principal;Lançamento de Receita;254.715,39;543;Transferências do FUNDEB - Complementação da União - VAAR;"Não ";Não Aplicável
Conde;201061;Prefeitura Municipal de Conde;032025;2025;17155201;Transferências de Recursos de Complementação da União ao Fundeb – VAAR - Principal;Lançamento de Receita;206.196,88;543;Transferências do FUNDEB - Complementação da União - VAAR;"Não ";Não Aplicável
Conde;201061;Prefeitura Municipal de Conde;022025;2025;17155201;Transferências de Recursos de Complementação da União ao Fundeb – VAAR - Principal;Lançamento de Receita;189.013,81;543;Transferências do FUNDEB - Complementação da União - VAAR;"Não ";Não Aplicável
Conde;201061;Prefeitura Municipal de Conde;012025;2025;17155201;Transferências de Recursos de Complementação da União ao Fundeb – VAAR - Principal;Dedução do Fundeb;-35.867,87;543;Transferências do FUNDEB - Complementação da União - VAAR;"Não ";Não Aplicável
Conde;201061;Prefeitura Municipal de Conde;012025;2025;17155201;Transferências de Recursos de Complementação da União ao Fundeb – VAAR - Principal;Lançamento de Receita;443.948,1;543;Transferências do FUNDEB - Complementação da União - VAAR;"Não ";Não Aplicável
Conde;201061;Prefeitura Municipal de Conde;122025;2025;17155101;Transferências de Recursos de Complementação da União ao Fundeb – VAAF - Principal;Lançamento de Receita;207.863,37;541;Transferências do FUNDEB - Complementação da União - VAAF;"Não ";Não Aplicável
Conde;201061;Prefeitura Municipal de Conde;112025;2025;17155101;Transferências de Recursos de Complementação da União ao Fundeb – VAAF - Principal;Lançamento de Receita;208.083,72;541;Transferências do FUNDEB - Complementação da União - VAAF;"Não ";Não Aplicável
Conde;201061;Prefeitura Municipal de Conde;102025;2025;17155101;Transferências de Recursos de Complementação da União ao Fundeb – VAAF - Principal;Lançamento de Receita;208.086,86;541;Transferências do FUNDEB - Complementação da União - VAAF;"Não ";Não Aplicável
Conde;201061;Prefeitura Municipal de Conde;092025;2025;17155101;Transferências de Recursos de Complementação da União ao Fundeb – VAAF - Principal;Lançamento de Receita;216.405,65;541;Transferências do FUNDEB - Complementação da União - VAAF;"Não ";Não Aplicável
Conde;201061;Prefeitura Municipal de Conde;082025;2025;17155101;Transferências de Recursos de Complementação da União ao Fundeb – VAAF - Principal;Lançamento de Receita;308.067,54;541;Transferências do FUNDEB - Complementação da União - VAAF;"Não ";Não Aplicável
Conde;201061;Prefeitura Municipal de Conde;072025;2025;17155101;Transferências de Recursos de Complementação da União ao Fundeb – VAAF - Principal;Lançamento de Receita;300.542,17;541;Transferências do FUNDEB - Complementação da União - VAAF;"Não ";Não Aplicável
Conde;201061;Prefeitura Municipal de Conde;062025;2025;17155101;Transferências de Recursos de Complementação da União ao Fundeb – VAAF - Principal;Lançamento de Receita;300.542,17;541;Transferências do FUNDEB - Complementação da União - VAAF;"Não ";Não Aplicável
Conde;201061;Prefeitura Municipal de Conde;052025;2025;17155101;Transferências de Recursos de Complementação da União ao Fundeb – VAAF - Principal;Lançamento de Receita;281.287,95;541;Transferências do FUNDEB - Complementação da União - VAAF;"Não ";Não Aplicável
Conde;201061;Prefeitura Municipal de Conde;042025;2025;17155101;Transferências de Recursos de Complementação da União ao Fundeb – VAAF - Principal;Lançamento de Receita;349.231,48;541;Transferências do FUNDEB - Complementação da União - VAAF;"Não ";Não Aplicável
Conde;201061;Prefeitura Municipal de Conde;032025;2025;17155101;Transferências de Recursos de Complementação da União ao Fundeb – VAAF - Principal;Lançamento de Receita;234.188,4;541;Transferências do FUNDEB - Complementação da União - VAAF;"Não ";Não Aplicável
Conde;201061;Prefeitura Municipal de Conde;022025;2025;17155101;Transferências de Recursos de Complementação da União ao Fundeb – VAAF - Principal;Lançamento de Receita;214.672,7;541;Transferências do FUNDEB - Complementação da União - VAAF;"Não ";Não Aplicável
Conde;201061;Prefeitura Municipal de Conde;012025;2025;17155101;Transferências de Recursos de Complementação da União ao Fundeb – VAAF - Principal;Lançamento de Receita;950.573,04;541;Transferências do FUNDEB - Complementação da União - VAAF;"Não ";Não Aplicável
Conde;201061;Prefeitura Municipal de Conde;122025;2025;17155001;Transferências de Recursos de Complementação da União ao Fundeb – VAAT - Principal;Lançamento de Receita;691.110,61;542;Transferências do FUNDEB - Complementação da União - VAAT;"Não ";Não Aplicável
Conde;201061;Prefeitura Municipal de Conde;112025;2025;17155001;Transferências de Recursos de Complementação da União ao Fundeb – VAAT - Principal;Lançamento de Receita;692.139,35;542;Transferências do FUNDEB - Complementação da União - VAAT;"Não ";Não Aplicável
Conde;201061;Prefeitura Municipal de Conde;102025;2025;17155001;Transferências de Recursos de Complementação da União ao Fundeb – VAAT - Principal;Lançamento de Receita;692.139,35;542;Transferências do FUNDEB - Complementação da União - VAAT;"Não ";Não Aplicável
Conde;201061;Prefeitura Municipal de Conde;092025;2025;17155001;Transferências de Recursos de Complementação da União ao Fundeb – VAAT - Principal;Lançamento de Receita;692.673,73;542;Transferências do FUNDEB - Complementação da União - VAAT;"Não ";Não Aplicável
Conde;201061;Prefeitura Municipal de Conde;082025;2025;17155001;Transferências de Recursos de Complementação da União ao Fundeb – VAAT - Principal;Lançamento de Receita;759.330,83;542;Transferências do FUNDEB - Complementação da União - VAAT;"Não ";Não Aplicável
Conde;201061;Prefeitura Municipal de Conde;072025;2025;17155001;Transferências de Recursos de Complementação da União ao Fundeb – VAAT - Principal;Lançamento de Receita;740.782,17;542;Transferências do FUNDEB - Complementação da União - VAAT;"Não ";Não Aplicável
Conde;201061;Prefeitura Municipal de Conde;062025;2025;17155001;Transferências de Recursos de Complementação da União ao Fundeb – VAAT - Principal;Lançamento de Receita;740.782,17;542;Transferências do FUNDEB - Complementação da União - VAAT;"Não ";Não Aplicável
Conde;201061;Prefeitura Municipal de Conde;052025;2025;17155001;Transferências de Recursos de Complementação da União ao Fundeb – VAAT - Principal;Lançamento de Receita;693.323,99;542;Transferências do FUNDEB - Complementação da União - VAAT;"Não ";Não Aplicável
Conde;201061;Prefeitura Municipal de Conde;042025;2025;17155001;Transferências de Recursos de Complementação da União ao Fundeb – VAAT - Principal;Lançamento de Receita;820.900,75;542;Transferências do FUNDEB - Complementação da União - VAAT;"Não ";Não Aplicável
Conde;201061;Prefeitura Municipal de Conde;032025;2025;17155001;Transferências de Recursos de Complementação da União ao Fundeb – VAAT - Principal;Lançamento de Receita;533.005,84;542;Transferências do FUNDEB - Complementação da União - VAAT;"Não ";Não Aplicável
Conde;201061;Prefeitura Municipal de Conde;022025;2025;17155001;Transferências de Recursos de Complementação da União ao Fundeb – VAAT - Principal;Lançamento de Receita;488.588,69;542;Transferências do FUNDEB - Complementação da União - VAAT;"Não ";Não Aplicável
Conde;201061;Prefeitura Municipal de Conde;012025;2025;17155001;Transferências de Recursos de Complementação da União ao Fundeb – VAAT - Principal;Lançamento de Receita;1.787.019,03;542;Transferências do FUNDEB - Complementação da União - VAAT;"Não ";Não Aplicável
Conde;201061;Prefeitura Municipal de Conde;092025;2025;17145301;Transferências referentes ao Programa Nacional de Apoio ao Transporte do Escolar – PNATE - Principal;Lançamento de Receita;116.156,9;553;"Transferências de Recursos do FNDE Referentes ao Programa Nacional de Apoio ao Transporte Escolar (PNATE) ";"Não ";Não Aplicável
Conde;201061;Prefeitura Municipal de Conde;032025;2025;17145301;Transferências referentes ao Programa Nacional de Apoio ao Transporte do Escolar – PNATE - Principal;Lançamento de Receita;116.156,91;553;"Transferências de Recursos do FNDE Referentes ao Programa Nacional de Apoio ao Transporte Escolar (PNATE) ";"Não ";Não Aplicável
Conde;201061;Prefeitura Municipal de Conde;122025;2025;17145201;Transferências referentes ao Programa Nacional de Alimentação Escolar – PNAE - Principal;Lançamento de Receita;16.508,5;552;Transferências de Recursos do FNDE Referentes ao Programa Nacional de Alimentação Escolar (PNAE);"Não ";Não Aplicável
Conde;201061;Prefeitura Municipal de Conde;092025;2025;17145201;Transferências referentes ao Programa Nacional de Alimentação Escolar – PNAE - Principal;Lançamento de Receita;91.571,75;552;Transferências de Recursos do FNDE Referentes ao Programa Nacional de Alimentação Escolar (PNAE);"Não ";Não Aplicável
Conde;201061;Prefeitura Municipal de Conde;082025;2025;17145201;Transferências referentes ao Programa Nacional de Alimentação Escolar – PNAE - Principal;Lançamento de Receita;216.160,5;552;Transferências de Recursos do FNDE Referentes ao Programa Nacional de Alimentação Escolar (PNAE);"Não ";Não Aplicável
Conde;201061;Prefeitura Municipal de Conde;052025;2025;17145201;Transferências referentes ao Programa Nacional de Alimentação Escolar – PNAE - Principal;Lançamento de Receita;108.080,25;552;Transferências de Recursos do FNDE Referentes ao Programa Nacional de Alimentação Escolar (PNAE);"Não ";Não Aplicável
Conde;201061;Prefeitura Municipal de Conde;042025;2025;17145201;Transferências referentes ao Programa Nacional de Alimentação Escolar – PNAE - Principal;Lançamento de Receita;108.080,25;552;Transferências de Recursos do FNDE Referentes ao Programa Nacional de Alimentação Escolar (PNAE);"Não ";Não Aplicável
Conde;201061;Prefeitura Municipal de Conde;032025;2025;17145201;Transferências referentes ao Programa Nacional de Alimentação Escolar – PNAE - Principal;Lançamento de Receita;108.080,25;552;Transferências de Recursos do FNDE Referentes ao Programa Nacional de Alimentação Escolar (PNAE);"Não ";Não Aplicável
Conde;201061;Prefeitura Municipal de Conde;022025;2025;17145201;Transferências referentes ao Programa Nacional de Alimentação Escolar – PNAE - Principal;Lançamento de Receita;108.080,25;552;Transferências de Recursos do FNDE Referentes ao Programa Nacional de Alimentação Escolar (PNAE);"Não ";Não Aplicável
Conde;201061;Prefeitura Municipal de Conde;122025;2025;17145001;Transferências do Salário-Educação - Principal;Lançamento de Receita;289.673,19;550;Transferência do Salário-Educação;"Não ";Não Aplicável
Conde;201061;Prefeitura Municipal de Conde;112025;2025;17145001;Transferências do Salário-Educação - Principal;Lançamento de Receita;292.623,07;550;Transferência do Salário-Educação;"Não ";Não Aplicável
Conde;201061;Prefeitura Municipal de Conde;102025;2025;17145001;Transferências do Salário-Educação - Principal;Lançamento de Receita;308.680,64;550;Transferência do Salário-Educação;"Não ";Não Aplicável
Conde;201061;Prefeitura Municipal de Conde;092025;2025;17145001;Transferências do Salário-Educação - Principal;Lançamento de Receita;280.017,54;550;Transferência do Salário-Educação;"Não ";Não Aplicável
Conde;201061;Prefeitura Municipal de Conde;082025;2025;17145001;Transferências do Salário-Educação - Principal;Lançamento de Receita;281.822,85;550;Transferência do Salário-Educação;"Não ";Não Aplicável
Conde;201061;Prefeitura Municipal de Conde;072025;2025;17145001;Transferências do Salário-Educação - Principal;Lançamento de Receita;606.725,16;550;Transferência do Salário-Educação;"Não ";Não Aplicável
Conde;201061;Prefeitura Municipal de Conde;052025;2025;17145001;Transferências do Salário-Educação - Principal;Lançamento de Receita;289.501,95;550;Transferência do Salário-Educação;"Não ";Não Aplicável
Conde;201061;Prefeitura Municipal de Conde;042025;2025;17145001;Transferências do Salário-Educação - Principal;Lançamento de Receita;290.182,3;550;Transferência do Salário-Educação;"Não ";Não Aplicável
Conde;201061;Prefeitura Municipal de Conde;032025;2025;17145001;Transferências do Salário-Educação - Principal;Lançamento de Receita;292.957,8;550;Transferência do Salário-Educação;"Não ";Não Aplicável
Conde;201061;Prefeitura Municipal de Conde;022025;2025;17145001;Transferências do Salário-Educação - Principal;Lançamento de Receita;293.519,11;550;Transferência do Salário-Educação;"Não ";Não Aplicável
Conde;201061;Prefeitura Municipal de Conde;012025;2025;17145001;Transferências do Salário-Educação - Principal;Lançamento de Receita;515.418,86;550;Transferência do Salário-Educação;"Não ";Não Aplicável
Conde;201061;Prefeitura Municipal de Conde;122025;2025;17125241;Cota-Parte do Fundo Especial do Petróleo – FEP - Principal;Lançamento de Receita;66.581,09;500;Recursos não vinculados de Impostos;"Não ";Não Aplicável
Conde;201061;Prefeitura Municipal de Conde;112025;2025;17125241;Cota-Parte do Fundo Especial do Petróleo – FEP - Principal;Lançamento de Receita;64.788,08;500;Recursos não vinculados de Impostos;"Não ";Não Aplicável
Conde;201061;Prefeitura Municipal de Conde;102025;2025;17125241;Cota-Parte do Fundo Especial do Petróleo – FEP - Principal;Lançamento de Receita;71.923,1;500;Recursos não vinculados de Impostos;"Não ";Não Aplicável
Conde;201061;Prefeitura Municipal de Conde;092025;2025;17125241;Cota-Parte do Fundo Especial do Petróleo – FEP - Principal;Lançamento de Receita;73.022,84;500;Recursos não vinculados de Impostos;"Não ";Não Aplicável
Conde;201061;Prefeitura Municipal de Conde;082025;2025;17125241;Cota-Parte do Fundo Especial do Petróleo – FEP - Principal;Lançamento de Receita;67.992,43;500;Recursos não vinculados de Impostos;"Não ";Não Aplicável
Conde;201061;Prefeitura Municipal de Conde;072025;2025;17125241;Cota-Parte do Fundo Especial do Petróleo – FEP - Principal;Lançamento de Receita;63.839,91;500;Recursos não vinculados de Impostos;"Não ";Não Aplicável
Conde;201061;Prefeitura Municipal de Conde;062025;2025;17125241;Cota-Parte do Fundo Especial do Petróleo – FEP - Principal;Lançamento de Receita;65.076,33;500;Recursos não vinculados de Impostos;"Não ";Não Aplicável
Conde;201061;Prefeitura Municipal de Conde;052025;2025;17125241;Cota-Parte do Fundo Especial do Petróleo – FEP - Principal;Lançamento de Receita;72.049,72;500;Recursos não vinculados de Impostos;"Não ";Não Aplicável
Conde;201061;Prefeitura Municipal de Conde;042025;2025;17125241;Cota-Parte do Fundo Especial do Petróleo – FEP - Principal;Lançamento de Receita;64.880,35;500;Recursos não vinculados de Impostos;"Não ";Não Aplicável
Conde;201061;Prefeitura Municipal de Conde;032025;2025;17125241;Cota-Parte do Fundo Especial do Petróleo – FEP - Principal;Lançamento de Receita;77.550,87;500;Recursos não vinculados de Impostos;"Não ";Não Aplicável
Conde;201061;Prefeitura Municipal de Conde;022025;2025;17125241;Cota-Parte do Fundo Especial do Petróleo – FEP - Principal;Lançamento de Receita;72.502,59;500;Recursos não vinculados de Impostos;"Não ";Não Aplicável
Conde;201061;Prefeitura Municipal de Conde;012025;2025;17125241;Cota-Parte do Fundo Especial do Petróleo – FEP - Principal;Lançamento de Receita;65.559,67;500;Recursos não vinculados de Impostos;"Não ";Não Aplicável
Conde;201061;Prefeitura Municipal de Conde;122025;2025;17125101;Cota-parte da Compensação Financeira pela Exploração de Recursos Minerais - CFEM - Principal;Lançamento de Receita;82.037,96;500;Recursos não vinculados de Impostos;"Não ";Não Aplicável
Conde;201061;Prefeitura Municipal de Conde;112025;2025;17125101;Cota-parte da Compensação Financeira pela Exploração de Recursos Minerais - CFEM - Principal;Lançamento de Receita;63.045,16;500;Recursos não vinculados de Impostos;"Não ";Não Aplicável
Conde;201061;Prefeitura Municipal de Conde;122025;2025;17115201;Cota-Parte do Imposto Sobre a Propriedade Territorial Rural - Principal;Dedução do Fundeb;-43,31;500;Recursos não vinculados de Impostos;"Não ";Não Aplicável
Conde;201061;Prefeitura Municipal de Conde;122025;2025;17115201;Cota-Parte do Imposto Sobre a Propriedade Territorial Rural - Principal;Lançamento de Receita;216,57;500;Recursos não vinculados de Impostos;"Não ";Não Aplicável
Conde;201061;Prefeitura Municipal de Conde;112025;2025;17115201;Cota-Parte do Imposto Sobre a Propriedade Territorial Rural - Principal;Lançamento de Receita;398,28;500;Recursos não vinculados de Impostos;"Não ";Não Aplicável
Conde;201061;Prefeitura Municipal de Conde;112025;2025;17115201;Cota-Parte do Imposto Sobre a Propriedade Territorial Rural - Principal;Dedução do Fundeb;-79,64;500;Recursos não vinculados de Impostos;"Não ";Não Aplicável
Conde;201061;Prefeitura Municipal de Conde;102025;2025;17115201;Cota-Parte do Imposto Sobre a Propriedade Territorial Rural - Principal;Dedução do Fundeb;-4.442,08;500;Recursos não vinculados de Impostos;"Não ";Não Aplicável
Conde;201061;Prefeitura Municipal de Conde;102025;2025;17115201;Cota-Parte do Imposto Sobre a Propriedade Territorial Rural - Principal;Lançamento de Receita;22.210,51;500;Recursos não vinculados de Impostos;"Não ";Não Aplicável
Conde;201061;Prefeitura Municipal de Conde;092025;2025;17115201;Cota-Parte do Imposto Sobre a Propriedade Territorial Rural - Principal;Dedução do Fundeb;-139,32;500;Recursos não vinculados de Impostos;"Não ";Não Aplicável
Conde;201061;Prefeitura Municipal de Conde;092025;2025;17115201;Cota-Parte do Imposto Sobre a Propriedade Territorial Rural - Principal;Lançamento de Receita;1.636,91;500;Recursos não vinculados de Impostos;"Não ";Não Aplicável
Conde;201061;Prefeitura Municipal de Conde;082025;2025;17115201;Cota-Parte do Imposto Sobre a Propriedade Territorial Rural - Principal;Dedução do Fundeb;-230,8;500;Recursos não vinculados de Impostos;"Não ";Não Aplicável
Conde;201061;Prefeitura Municipal de Conde;082025;2025;17115201;Cota-Parte do Imposto Sobre a Propriedade Territorial Rural - Principal;Lançamento de Receita;1.154,08;500;Recursos não vinculados de Impostos;"Não ";Não Aplicável
Conde;201061;Prefeitura Municipal de Conde;072025;2025;17115201;Cota-Parte do Imposto Sobre a Propriedade Territorial Rural - Principal;Lançamento de Receita;242,7;500;Recursos não vinculados de Impostos;"Não ";Não Aplicável
Conde;201061;Prefeitura Municipal de Conde;072025;2025;17115201;Cota-Parte do Imposto Sobre a Propriedade Territorial Rural - Principal;Dedução do Fundeb;-48,54;500;Recursos não vinculados de Impostos;"Não ";Não Aplicável
Conde;201061;Prefeitura Municipal de Conde;062025;2025;17115201;Cota-Parte do Imposto Sobre a Propriedade Territorial Rural - Principal;Dedução do Fundeb;-134;500;Recursos não vinculados de Impostos;"Não ";Não Aplicável
Conde;201061;Prefeitura Municipal de Conde;062025;2025;17115201;Cota-Parte do Imposto Sobre a Propriedade Territorial Rural - Principal;Lançamento de Receita;670,06;500;Recursos não vinculados de Impostos;"Não ";Não Aplicável
Conde;201061;Prefeitura Municipal de Conde;052025;2025;17115201;Cota-Parte do Imposto Sobre a Propriedade Territorial Rural - Principal;Dedução do Fundeb;-2,77;500;Recursos não vinculados de Impostos;"Não ";Não Aplicável
Conde;201061;Prefeitura Municipal de Conde;052025;2025;17115201;Cota-Parte do Imposto Sobre a Propriedade Territorial Rural - Principal;Lançamento de Receita;13,87;500;Recursos não vinculados de Impostos;"Não ";Não Aplicável
Conde;201061;Prefeitura Municipal de Conde;042025;2025;17115201;Cota-Parte do Imposto Sobre a Propriedade Territorial Rural - Principal;Dedução do Fundeb;-17,57;500;Recursos não vinculados de Impostos;"Não ";Não Aplicável
Conde;201061;Prefeitura Municipal de Conde;042025;2025;17115201;Cota-Parte do Imposto Sobre a Propriedade Territorial Rural - Principal;Lançamento de Receita;89,11;500;Recursos não vinculados de Impostos;"Não ";Não Aplicável
Conde;201061;Prefeitura Municipal de Conde;032025;2025;17115201;Cota-Parte do Imposto Sobre a Propriedade Territorial Rural - Principal;Dedução do Fundeb;-4,35;500;Recursos não vinculados de Impostos;"Não ";Não Aplicável
Conde;201061;Prefeitura Municipal de Conde;032025;2025;17115201;Cota-Parte do Imposto Sobre a Propriedade Territorial Rural - Principal;Lançamento de Receita;21,8;500;Recursos não vinculados de Impostos;"Não ";Não Aplicável
Conde;201061;Prefeitura Municipal de Conde;022025;2025;17115201;Cota-Parte do Imposto Sobre a Propriedade Territorial Rural - Principal;Lançamento de Receita;74,52;500;Recursos não vinculados de Impostos;"Não ";Não Aplicável
Conde;201061;Prefeitura Municipal de Conde;022025;2025;17115201;Cota-Parte do Imposto Sobre a Propriedade Territorial Rural - Principal;Dedução do Fundeb;-14,89;500;Recursos não vinculados de Impostos;"Não ";Não Aplicável
Conde;201061;Prefeitura Municipal de Conde;012025;2025;17115201;Cota-Parte do Imposto Sobre a Propriedade Territorial Rural - Principal;Dedução do Fundeb;-0,25;500;Recursos não vinculados de Impostos;"Não ";Não Aplicável
Conde;201061;Prefeitura Municipal de Conde;012025;2025;17115201;Cota-Parte do Imposto Sobre a Propriedade Territorial Rural - Principal;Lançamento de Receita;1,27;500;Recursos não vinculados de Impostos;"Não ";Não Aplicável
Conde;201061;Prefeitura Municipal de Conde;122025;2025;17115121;Cota-Parte do Fundo de Participação dos Municípios - Cotas Extraordinárias - Principal;Outras Deduções;-1.557,5;500;Recursos não vinculados de Impostos;"Não ";Não Aplicável
Conde;201061;Prefeitura Municipal de Conde;122025;2025;17115121;Cota-Parte do Fundo de Participação dos Municípios - Cotas Extraordinárias - Principal;Lançamento de Receita;1.877.715,24;500;Recursos não vinculados de Impostos;"Não ";Não Aplicável
Conde;201061;Prefeitura Municipal de Conde;092025;2025;17115121;Cota-Parte do Fundo de Participação dos Municípios - Cotas Extraordinárias - Principal;Lançamento de Receita;1.554.289,43;500;Recursos não vinculados de Impostos;"Não ";Não Aplicável
Conde;201061;Prefeitura Municipal de Conde;072025;2025;17115121;Cota-Parte do Fundo de Participação dos Municípios - Cotas Extraordinárias - Principal;Outras Deduções;-1.557,5;500;Recursos não vinculados de Impostos;"Não ";Não Aplicável
Conde;201061;Prefeitura Municipal de Conde;072025;2025;17115121;Cota-Parte do Fundo de Participação dos Municípios - Cotas Extraordinárias - Principal;Lançamento de Receita;1.819.055,87;500;Recursos não vinculados de Impostos;"Não ";Não Aplicável
Conde;201061;Prefeitura Municipal de Conde;122025;2025;17115111;Cota-Parte do Fundo de Participação dos Municípios - Cota Mensal - Principal;Dedução do Fundeb;-1.158.717,63;500;Recursos não vinculados de Impostos;"Não ";Não Aplicável
Conde;201061;Prefeitura Municipal de Conde;122025;2025;17115111;Cota-Parte do Fundo de Participação dos Municípios - Cota Mensal - Principal;Outras Deduções;-1.876.157,74;500;Recursos não vinculados de Impostos;"Não ";Não Aplicável
Conde;201061;Prefeitura Municipal de Conde;122025;2025;17115111;Cota-Parte do Fundo de Participação dos Municípios - Cota Mensal - Principal;Lançamento de Receita;6.552.211,66;500;Recursos não vinculados de Impostos;"Não ";Não Aplicável
Conde;201061;Prefeitura Municipal de Conde;112025;2025;17115111;Cota-Parte do Fundo de Participação dos Municípios - Cota Mensal - Principal;Dedução do Fundeb;-779.052,96;500;Recursos não vinculados de Impostos;"Não ";Não Aplicável
Conde;201061;Prefeitura Municipal de Conde;112025;2025;17115111;Cota-Parte do Fundo de Participação dos Municípios - Cota Mensal - Principal;Lançamento de Receita;3.895.264,98;500;Recursos não vinculados de Impostos;"Não ";Não Aplicável
Conde;201061;Prefeitura Municipal de Conde;102025;2025;17115111;Cota-Parte do Fundo de Participação dos Municípios - Cota Mensal - Principal;Lançamento de Receita;2.865.556,64;500;Recursos não vinculados de Impostos;"Não ";Não Aplicável
Conde;201061;Prefeitura Municipal de Conde;102025;2025;17115111;Cota-Parte do Fundo de Participação dos Municípios - Cota Mensal - Principal;Dedução do Fundeb;-573.111,29;500;Recursos não vinculados de Impostos;"Não ";Não Aplicável
Conde;201061;Prefeitura Municipal de Conde;092025;2025;17115111;Cota-Parte do Fundo de Participação dos Municípios - Cota Mensal - Principal;Lançamento de Receita;2.718.420,72;500;Recursos não vinculados de Impostos;"Não ";Não Aplicável
Conde;201061;Prefeitura Municipal de Conde;092025;2025;17115111;Cota-Parte do Fundo de Participação dos Municípios - Cota Mensal - Principal;Dedução do Fundeb;-543.684,09;500;Recursos não vinculados de Impostos;"Não ";Não Aplicável
Conde;201061;Prefeitura Municipal de Conde;082025;2025;17115111;Cota-Parte do Fundo de Participação dos Municípios - Cota Mensal - Principal;Lançamento de Receita;3.366.885,64;500;Recursos não vinculados de Impostos;"Não ";Não Aplicável
Conde;201061;Prefeitura Municipal de Conde;082025;2025;17115111;Cota-Parte do Fundo de Participação dos Municípios - Cota Mensal - Principal;Dedução do Fundeb;-673.377,1;500;Recursos não vinculados de Impostos;"Não ";Não Aplicável
Conde;201061;Prefeitura Municipal de Conde;072025;2025;17115111;Cota-Parte do Fundo de Participação dos Municípios - Cota Mensal - Principal;Dedução do Fundeb;-510.385,76;500;Recursos não vinculados de Impostos;"Não ";Não Aplicável
Conde;201061;Prefeitura Municipal de Conde;072025;2025;17115111;Cota-Parte do Fundo de Participação dos Municípios - Cota Mensal - Principal;Lançamento de Receita;2.551.928,92;500;Recursos não vinculados de Impostos;"Não ";Não Aplicável
Conde;201061;Prefeitura Municipal de Conde;062025;2025;17115111;Cota-Parte do Fundo de Participação dos Municípios - Cota Mensal - Principal;Dedução do Fundeb;-831.430,47;500;Recursos não vinculados de Impostos;"Não ";Não Aplicável
Conde;201061;Prefeitura Municipal de Conde;062025;2025;17115111;Cota-Parte do Fundo de Participação dos Municípios - Cota Mensal - Principal;Lançamento de Receita;4.157.152,52;500;Recursos não vinculados de Impostos;"Não ";Não Aplicável
Conde;201061;Prefeitura Municipal de Conde;052025;2025;17115111;Cota-Parte do Fundo de Participação dos Municípios - Cota Mensal - Principal;Dedução do Fundeb;-809.463,72;500;Recursos não vinculados de Impostos;"Não ";Não Aplicável
Conde;201061;Prefeitura Municipal de Conde;052025;2025;17115111;Cota-Parte do Fundo de Participação dos Municípios - Cota Mensal - Principal;Lançamento de Receita;4.047.318,86;500;Recursos não vinculados de Impostos;"Não ";Não Aplicável
Conde;201061;Prefeitura Municipal de Conde;042025;2025;17115111;Cota-Parte do Fundo de Participação dos Municípios - Cota Mensal - Principal;Dedução do Fundeb;-355.170,49;500;Recursos não vinculados de Impostos;"Não ";Não Aplicável
Conde;201061;Prefeitura Municipal de Conde;042025;2025;17115111;Cota-Parte do Fundo de Participação dos Municípios - Cota Mensal - Principal;Lançamento de Receita;3.172.770,67;500;Recursos não vinculados de Impostos;"Não ";Não Aplicável
Conde;201061;Prefeitura Municipal de Conde;042025;2025;17115111;Cota-Parte do Fundo de Participação dos Municípios - Cota Mensal - Principal;Outras Deduções;-279.383,6;500;Recursos não vinculados de Impostos;"Não ";Não Aplicável
Conde;201061;Prefeitura Municipal de Conde;032025;2025;17115111;Cota-Parte do Fundo de Participação dos Municípios - Cota Mensal - Principal;Dedução do Fundeb;-624.456,23;500;Recursos não vinculados de Impostos;"Não ";Não Aplicável
Conde;201061;Prefeitura Municipal de Conde;032025;2025;17115111;Cota-Parte do Fundo de Participação dos Municípios - Cota Mensal - Principal;Lançamento de Receita;3.122.281,39;500;Recursos não vinculados de Impostos;"Não ";Não Aplicável
Conde;201061;Prefeitura Municipal de Conde;022025;2025;17115111;Cota-Parte do Fundo de Participação dos Municípios - Cota Mensal - Principal;Dedução do Fundeb;-948.234,81;500;Recursos não vinculados de Impostos;"Não ";Não Aplicável
Conde;201061;Prefeitura Municipal de Conde;022025;2025;17115111;Cota-Parte do Fundo de Participação dos Municípios - Cota Mensal - Principal;Lançamento de Receita;4.741.174,29;500;Recursos não vinculados de Impostos;"Não ";Não Aplicável
Conde;201061;Prefeitura Municipal de Conde;012025;2025;17115111;Cota-Parte do Fundo de Participação dos Municípios - Cota Mensal - Principal;Lançamento de Receita;3.533.220,78;500;Recursos não vinculados de Impostos;"Não ";Não Aplicável
Conde;201061;Prefeitura Municipal de Conde;012025;2025;17115111;Cota-Parte do Fundo de Participação dos Municípios - Cota Mensal - Principal;Dedução do Fundeb;-706.644,11;500;Recursos não vinculados de Impostos;"Não ";Não Aplicável
Conde;201061;Prefeitura Municipal de Conde;122025;2025;13210101;Remuneração de Depósitos Bancários - Principal;Lançamento de Receita;130.091,18;500;Recursos não vinculados de Impostos;"Não ";Não Aplicável
Conde;201061;Prefeitura Municipal de Conde;122025;2025;13210101;Remuneração de Depósitos Bancários - Principal;Lançamento de Receita;8.995,79;540;Transferências do FUNDEB - Impostos e Transferências de Impostos;"Não ";Não Aplicável
Conde;201061;Prefeitura Municipal de Conde;122025;2025;13210101;Remuneração de Depósitos Bancários - Principal;Lançamento de Receita;1.405,89;701;Outras Transferências de Convênios ou Repasses dos Estados;"Não ";Não Aplicável
Conde;201061;Prefeitura Municipal de Conde;122025;2025;13210101;Remuneração de Depósitos Bancários - Principal;Lançamento de Receita;1,18;700;Outras Transferências de Convênios ou Repasses da União;"Não ";Não Aplicável
Conde;201061;Prefeitura Municipal de Conde;122025;2025;13210101;Remuneração de Depósitos Bancários - Principal;Lançamento de Receita;1.644,61;660;Transferência de Recursos do Fundo Nacional de Assistência Social - FNAS;"Não ";Não Aplicável
Conde;201061;Prefeitura Municipal de Conde;112025;2025;13210101;Remuneração de Depósitos Bancários - Principal;Lançamento de Receita;126.017,38;500;Recursos não vinculados de Impostos;"Não ";Não Aplicável
Conde;201061;Prefeitura Municipal de Conde;112025;2025;13210101;Remuneração de Depósitos Bancários - Principal;Lançamento de Receita;226,75;660;Transferência de Recursos do Fundo Nacional de Assistência Social - FNAS;"Não ";Não Aplicável
Conde;201061;Prefeitura Municipal de Conde;112025;2025;13210101;Remuneração de Depósitos Bancários - Principal;Lançamento de Receita;238,34;540;Transferências do FUNDEB - Impostos e Transferências de Impostos;"Não ";Não Aplicável
Conde;201061;Prefeitura Municipal de Conde;112025;2025;13210101;Remuneração de Depósitos Bancários - Principal;Lançamento de Receita;2.889,7;569;Outras Transferências de Recursos do FNDE;"Não ";Não Aplicável
Conde;201061;Prefeitura Municipal de Conde;102025;2025;13210101;Remuneração de Depósitos Bancários - Principal;Lançamento de Receita;366,25;749;Outras vinculações de transferências;"Não ";Não Aplicável
Conde;201061;Prefeitura Municipal de Conde;102025;2025;13210101;Remuneração de Depósitos Bancários - Principal;Lançamento de Receita;7.129,37;540;Transferências do FUNDEB - Impostos e Transferências de Impostos;"Não ";Não Aplicável
Conde;201061;Prefeitura Municipal de Conde;102025;2025;13210101;Remuneração de Depósitos Bancários - Principal;Lançamento de Receita;2.651,93;660;Transferência de Recursos do Fundo Nacional de Assistência Social - FNAS;"Não ";Não Aplicável
Conde;201061;Prefeitura Municipal de Conde;102025;2025;13210101;Remuneração de Depósitos Bancários - Principal;Lançamento de Receita;177.864,46;500;Recursos não vinculados de Impostos;"Não ";Não Aplicável
Conde;201061;Prefeitura Municipal de Conde;092025;2025;13210101;Remuneração de Depósitos Bancários - Principal;Lançamento de Receita;178.194,57;500;Recursos não vinculados de Impostos;"Não ";Não Aplicável
Conde;201061;Prefeitura Municipal de Conde;092025;2025;13210101;Remuneração de Depósitos Bancários - Principal;Lançamento de Receita;3.053,21;660;Transferência de Recursos do Fundo Nacional de Assistência Social - FNAS;"Não ";Não Aplicável
Conde;201061;Prefeitura Municipal de Conde;092025;2025;13210101;Remuneração de Depósitos Bancários - Principal;Lançamento de Receita;10.207,78;550;Transferência do Salário-Educação;"Não ";Não Aplicável
Conde;201061;Prefeitura Municipal de Conde;092025;2025;13210101;Remuneração de Depósitos Bancários - Principal;Lançamento de Receita;1.730,58;552;Transferências de Recursos do FNDE Referentes ao Programa Nacional de Alimentação Escolar (PNAE);"Não ";Não Aplicável
Conde;201061;Prefeitura Municipal de Conde;092025;2025;13210101;Remuneração de Depósitos Bancários - Principal;Lançamento de Receita;1.569,39;749;Outras vinculações de transferências;"Não ";Não Aplicável
Conde;201061;Prefeitura Municipal de Conde;092025;2025;13210101;Remuneração de Depósitos Bancários - Principal;Lançamento de Receita;14.900,54;700;Outras Transferências de Convênios ou Repasses da União;"Não ";Não Aplicável
Conde;201061;Prefeitura Municipal de Conde;092025;2025;13210101;Remuneração de Depósitos Bancários - Principal;Lançamento de Receita;3.282,96;569;Outras Transferências de Recursos do FNDE;"Não ";Não Aplicável
Conde;201061;Prefeitura Municipal de Conde;092025;2025;13210101;Remuneração de Depósitos Bancários - Principal;Lançamento de Receita;11.415,87;544;Recursos de Precatórios do FUNDEF;"Não ";Não Aplicável
Conde;201061;Prefeitura Municipal de Conde;092025;2025;13210101;Remuneração de Depósitos Bancários - Principal;Lançamento de Receita;570,16;751;Recursos da Contribuição para o Custeio do Serviço de Iluminação Pública - COSIP;"Não ";Não Aplicável
Conde;201061;Prefeitura Municipal de Conde;082025;2025;13210101;Remuneração de Depósitos Bancários - Principal;Lançamento de Receita;16,94;551;Transferências de Recursos do FNDE Referentes ao Programa Dinheiro Direto na Escola (PDDE);"Não ";Não Aplicável
Conde;201061;Prefeitura Municipal de Conde;082025;2025;13210101;Remuneração de Depósitos Bancários - Principal;Lançamento de Receita;3.622,25;660;Transferência de Recursos do Fundo Nacional de Assistência Social - FNAS;"Não ";Não Aplicável
Conde;201061;Prefeitura Municipal de Conde;082025;2025;13210101;Remuneração de Depósitos Bancários - Principal;Lançamento de Receita;26.021,62;544;Recursos de Precatórios do FUNDEF;"Não ";Não Aplicável
Conde;201061;Prefeitura Municipal de Conde;082025;2025;13210101;Remuneração de Depósitos Bancários - Principal;Lançamento de Receita;199.264,45;500;Recursos não vinculados de Impostos;"Não ";Não Aplicável
Conde;201061;Prefeitura Municipal de Conde;082025;2025;13210101;Remuneração de Depósitos Bancários - Principal;Lançamento de Receita;108,94;700;Outras Transferências de Convênios ou Repasses da União;"Não ";Não Aplicável
Conde;201061;Prefeitura Municipal de Conde;072025;2025;13210101;Remuneração de Depósitos Bancários - Principal;Lançamento de Receita;3.371,98;569;Outras Transferências de Recursos do FNDE;"Não ";Não Aplicável
Conde;201061;Prefeitura Municipal de Conde;072025;2025;13210101;Remuneração de Depósitos Bancários - Principal;Lançamento de Receita;230.498,78;500;Recursos não vinculados de Impostos;"Não ";Não Aplicável
Conde;201061;Prefeitura Municipal de Conde;072025;2025;13210101;Remuneração de Depósitos Bancários - Principal;Lançamento de Receita;15.217,18;550;Transferência do Salário-Educação;"Não ";Não Aplicável
Conde;201061;Prefeitura Municipal de Conde;072025;2025;13210101;Remuneração de Depósitos Bancários - Principal;Lançamento de Receita;7,35;553;"Transferências de Recursos do FNDE Referentes ao Programa Nacional de Apoio ao Transporte Escolar (PNATE) ";"Não ";Não Aplicável
Conde;201061;Prefeitura Municipal de Conde;072025;2025;13210101;Remuneração de Depósitos Bancários - Principal;Lançamento de Receita;11.794,6;540;Transferências do FUNDEB - Impostos e Transferências de Impostos;"Não ";Não Aplicável
Conde;201061;Prefeitura Municipal de Conde;072025;2025;13210101;Remuneração de Depósitos Bancários - Principal;Lançamento de Receita;206,18;660;Transferência de Recursos do Fundo Nacional de Assistência Social - FNAS;"Não ";Não Aplicável
Conde;201061;Prefeitura Municipal de Conde;062025;2025;13210101;Remuneração de Depósitos Bancários - Principal;Lançamento de Receita;12,38;707;Transferências da União – inciso I do art. 5º da Lei Complementar 173/2020;"Não ";Não Aplicável
Conde;201061;Prefeitura Municipal de Conde;062025;2025;13210101;Remuneração de Depósitos Bancários - Principal;Lançamento de Receita;167.082,67;500;Recursos não vinculados de Impostos;"Não ";Não Aplicável
Conde;201061;Prefeitura Municipal de Conde;062025;2025;13210101;Remuneração de Depósitos Bancários - Principal;Lançamento de Receita;62.584,69;540;Transferências do FUNDEB - Impostos e Transferências de Impostos;"Não ";Não Aplicável
Conde;201061;Prefeitura Municipal de Conde;062025;2025;13210101;Remuneração de Depósitos Bancários - Principal;Lançamento de Receita;3.315,56;660;Transferência de Recursos do Fundo Nacional de Assistência Social - FNAS;"Não ";Não Aplicável
Conde;201061;Prefeitura Municipal de Conde;062025;2025;13210101;Remuneração de Depósitos Bancários - Principal;Lançamento de Receita;6,24;553;"Transferências de Recursos do FNDE Referentes ao Programa Nacional de Apoio ao Transporte Escolar (PNATE) ";"Não ";Não Aplicável
Conde;201061;Prefeitura Municipal de Conde;062025;2025;13210101;Remuneração de Depósitos Bancários - Principal;Lançamento de Receita;2.862,05;569;Outras Transferências de Recursos do FNDE;"Não ";Não Aplicável
Conde;201061;Prefeitura Municipal de Conde;052025;2025;13210101;Remuneração de Depósitos Bancários - Principal;Lançamento de Receita;2.757,39;660;Transferência de Recursos do Fundo Nacional de Assistência Social - FNAS;"Não ";Não Aplicável
Conde;201061;Prefeitura Municipal de Conde;052025;2025;13210101;Remuneração de Depósitos Bancários - Principal;Lançamento de Receita;288,2;553;"Transferências de Recursos do FNDE Referentes ao Programa Nacional de Apoio ao Transporte Escolar (PNATE) ";"Não ";Não Aplicável
Conde;201061;Prefeitura Municipal de Conde;052025;2025;13210101;Remuneração de Depósitos Bancários - Principal;Lançamento de Receita;3.407,68;552;Transferências de Recursos do FNDE Referentes ao Programa Nacional de Alimentação Escolar (PNAE);"Não ";Não Aplicável
Conde;201061;Prefeitura Municipal de Conde;052025;2025;13210101;Remuneração de Depósitos Bancários - Principal;Lançamento de Receita;11.674,97;550;Transferência do Salário-Educação;"Não ";Não Aplicável
Conde;201061;Prefeitura Municipal de Conde;052025;2025;13210101;Remuneração de Depósitos Bancários - Principal;Lançamento de Receita;885,48;701;Outras Transferências de Convênios ou Repasses dos Estados;"Não ";Não Aplicável
Conde;201061;Prefeitura Municipal de Conde;052025;2025;13210101;Remuneração de Depósitos Bancários - Principal;Lançamento de Receita;1.434,63;700;Outras Transferências de Convênios ou Repasses da União;"Não ";Não Aplicável
Conde;201061;Prefeitura Municipal de Conde;052025;2025;13210101;Remuneração de Depósitos Bancários - Principal;Lançamento de Receita;2.930,14;569;Outras Transferências de Recursos do FNDE;"Não ";Não Aplicável
Conde;201061;Prefeitura Municipal de Conde;052025;2025;13210101;Remuneração de Depósitos Bancários - Principal;Lançamento de Receita;68.793,28;540;Transferências do FUNDEB - Impostos e Transferências de Impostos;"Não ";Não Aplicável
Conde;201061;Prefeitura Municipal de Conde;052025;2025;13210101;Remuneração de Depósitos Bancários - Principal;Lançamento de Receita;663,03;749;Outras vinculações de transferências;"Não ";Não Aplicável
Conde;201061;Prefeitura Municipal de Conde;052025;2025;13210101;Remuneração de Depósitos Bancários - Principal;Lançamento de Receita;143.831,36;500;Recursos não vinculados de Impostos;"Não ";Não Aplicável
Conde;201061;Prefeitura Municipal de Conde;042025;2025;13210101;Remuneração de Depósitos Bancários - Principal;Lançamento de Receita;9.235,53;550;Transferência do Salário-Educação;"Não ";Não Aplicável
Conde;201061;Prefeitura Municipal de Conde;042025;2025;13210101;Remuneração de Depósitos Bancários - Principal;Lançamento de Receita;55.033,01;540;Transferências do FUNDEB - Impostos e Transferências de Impostos;"Não ";Não Aplicável
Conde;201061;Prefeitura Municipal de Conde;042025;2025;13210101;Remuneração de Depósitos Bancários - Principal;Lançamento de Receita;2.200,19;552;Transferências de Recursos do FNDE Referentes ao Programa Nacional de Alimentação Escolar (PNAE);"Não ";Não Aplicável
Conde;201061;Prefeitura Municipal de Conde;042025;2025;13210101;Remuneração de Depósitos Bancários - Principal;Lançamento de Receita;954,02;553;"Transferências de Recursos do FNDE Referentes ao Programa Nacional de Apoio ao Transporte Escolar (PNATE) ";"Não ";Não Aplicável
Conde;201061;Prefeitura Municipal de Conde;042025;2025;13210101;Remuneração de Depósitos Bancários - Principal;Lançamento de Receita;155.215,15;500;Recursos não vinculados de Impostos;"Não ";Não Aplicável
Conde;201061;Prefeitura Municipal de Conde;042025;2025;13210101;Remuneração de Depósitos Bancários - Principal;Lançamento de Receita;322,73;660;Transferência de Recursos do Fundo Nacional de Assistência Social - FNAS;"Não ";Não Aplicável
Conde;201061;Prefeitura Municipal de Conde;032025;2025;13210101;Remuneração de Depósitos Bancários - Principal;Lançamento de Receita;9.373,89;550;Transferência do Salário-Educação;"Não ";Não Aplicável
Conde;201061;Prefeitura Municipal de Conde;032025;2025;13210101;Remuneração de Depósitos Bancários - Principal;Lançamento de Receita;118,14;553;"Transferências de Recursos do FNDE Referentes ao Programa Nacional de Apoio ao Transporte Escolar (PNATE) ";"Não ";Não Aplicável
Conde;201061;Prefeitura Municipal de Conde;032025;2025;13210101;Remuneração de Depósitos Bancários - Principal;Lançamento de Receita;1.468,73;552;Transferências de Recursos do FNDE Referentes ao Programa Nacional de Alimentação Escolar (PNAE);"Não ";Não Aplicável
Conde;201061;Prefeitura Municipal de Conde;032025;2025;13210101;Remuneração de Depósitos Bancários - Principal;Lançamento de Receita;47.628,32;540;Transferências do FUNDEB - Impostos e Transferências de Impostos;"Não ";Não Aplicável
Conde;201061;Prefeitura Municipal de Conde;032025;2025;13210101;Remuneração de Depósitos Bancários - Principal;Lançamento de Receita;142.136,2;500;Recursos não vinculados de Impostos;"Não ";Não Aplicável
Conde;201061;Prefeitura Municipal de Conde;022025;2025;13210101;Remuneração de Depósitos Bancários - Principal;Lançamento de Receita;2.529,63;660;Transferência de Recursos do Fundo Nacional de Assistência Social - FNAS;"Não ";Não Aplicável
Conde;201061;Prefeitura Municipal de Conde;022025;2025;13210101;Remuneração de Depósitos Bancários - Principal;Lançamento de Receita;143.197,74;500;Recursos não vinculados de Impostos;"Não ";Não Aplicável
Conde;201061;Prefeitura Municipal de Conde;022025;2025;13210101;Remuneração de Depósitos Bancários - Principal;Lançamento de Receita;7.329,26;550;Transferência do Salário-Educação;"Não ";Não Aplicável
Conde;201061;Prefeitura Municipal de Conde;022025;2025;13210101;Remuneração de Depósitos Bancários - Principal;Lançamento de Receita;41.635,69;540;Transferências do FUNDEB - Impostos e Transferências de Impostos;"Não ";Não Aplicável
Conde;201061;Prefeitura Municipal de Conde;022025;2025;13210101;Remuneração de Depósitos Bancários - Principal;Lançamento de Receita;3.787,54;701;Outras Transferências de Convênios ou Repasses dos Estados;"Não ";Não Aplicável
Conde;201061;Prefeitura Municipal de Conde;022025;2025;13210101;Remuneração de Depósitos Bancários - Principal;Lançamento de Receita;604,26;552;Transferências de Recursos do FNDE Referentes ao Programa Nacional de Alimentação Escolar (PNAE);"Não ";Não Aplicável
Conde;201061;Prefeitura Municipal de Conde;022025;2025;13210101;Remuneração de Depósitos Bancários - Principal;Lançamento de Receita;14,06;553;"Transferências de Recursos do FNDE Referentes ao Programa Nacional de Apoio ao Transporte Escolar (PNATE) ";"Não ";Não Aplicável
Conde;201061;Prefeitura Municipal de Conde;012025;2025;13210101;Remuneração de Depósitos Bancários - Principal;Lançamento de Receita;140,91;707;Transferências da União – inciso I do art. 5º da Lei Complementar 173/2020;"Não ";Não Aplicável
Conde;201061;Prefeitura Municipal de Conde;012025;2025;13210101;Remuneração de Depósitos Bancários - Principal;Lançamento de Receita;4.329,21;550;Transferência do Salário-Educação;"Não ";Não Aplicável
Conde;201061;Prefeitura Municipal de Conde;012025;2025;13210101;Remuneração de Depósitos Bancários - Principal;Lançamento de Receita;13.937,56;540;Transferências do FUNDEB - Impostos e Transferências de Impostos;"Não ";Não Aplicável
Conde;201061;Prefeitura Municipal de Conde;012025;2025;13210101;Remuneração de Depósitos Bancários - Principal;Lançamento de Receita;3.771,75;701;Outras Transferências de Convênios ou Repasses dos Estados;"Não ";Não Aplicável
Conde;201061;Prefeitura Municipal de Conde;012025;2025;13210101;Remuneração de Depósitos Bancários - Principal;Lançamento de Receita;122.361,53;500;Recursos não vinculados de Impostos;"Não ";Não Aplicável
Conde;201061;Prefeitura Municipal de Conde;012025;2025;13210101;Remuneração de Depósitos Bancários - Principal;Lançamento de Receita;6.557,68;706;"Transferência Especial da União ";3110;Identificação das Transferências da União decorrentes de emendas parlamentares individuais
Conde;201061;Prefeitura Municipal de Conde;012025;2025;13210101;Remuneração de Depósitos Bancários - Principal;Lançamento de Receita;5,11;552;Transferências de Recursos do FNDE Referentes ao Programa Nacional de Alimentação Escolar (PNAE);"Não ";Não Aplicável
Conde;201061;Prefeitura Municipal de Conde;012025;2025;13210101;Remuneração de Depósitos Bancários - Principal;Lançamento de Receita;3.072,22;660;Transferência de Recursos do Fundo Nacional de Assistência Social - FNAS;"Não ";Não Aplicável
Conde;201061;Prefeitura Municipal de Conde;012025;2025;13210101;Remuneração de Depósitos Bancários - Principal;Lançamento de Receita;6.279,74;700;Outras Transferências de Convênios ou Repasses da União;"Não ";Não Aplicável
Conde;201061;Prefeitura Municipal de Conde;122025;2025;12415001;Contribuição para o Custeio do Serviço de Iluminação Pública - Principal;Lançamento de Receita;852.969,13;751;Recursos da Contribuição para o Custeio do Serviço de Iluminação Pública - COSIP;"Não ";Não Aplicável
Conde;201061;Prefeitura Municipal de Conde;102025;2025;12415001;Contribuição para o Custeio do Serviço de Iluminação Pública - Principal;Lançamento de Receita;383.898,77;751;Recursos da Contribuição para o Custeio do Serviço de Iluminação Pública - COSIP;"Não ";Não Aplicável
Conde;201061;Prefeitura Municipal de Conde;092025;2025;12415001;Contribuição para o Custeio do Serviço de Iluminação Pública - Principal;Lançamento de Receita;359.892,29;751;Recursos da Contribuição para o Custeio do Serviço de Iluminação Pública - COSIP;"Não ";Não Aplicável
Conde;201061;Prefeitura Municipal de Conde;082025;2025;12415001;Contribuição para o Custeio do Serviço de Iluminação Pública - Principal;Lançamento de Receita;382.484,28;751;Recursos da Contribuição para o Custeio do Serviço de Iluminação Pública - COSIP;"Não ";Não Aplicável
Conde;201061;Prefeitura Municipal de Conde;072025;2025;12415001;Contribuição para o Custeio do Serviço de Iluminação Pública - Principal;Lançamento de Receita;394.599,24;751;Recursos da Contribuição para o Custeio do Serviço de Iluminação Pública - COSIP;"Não ";Não Aplicável
Conde;201061;Prefeitura Municipal de Conde;062025;2025;12415001;Contribuição para o Custeio do Serviço de Iluminação Pública - Principal;Lançamento de Receita;389.260,46;751;Recursos da Contribuição para o Custeio do Serviço de Iluminação Pública - COSIP;"Não ";Não Aplicável
Conde;201061;Prefeitura Municipal de Conde;052025;2025;12415001;Contribuição para o Custeio do Serviço de Iluminação Pública - Principal;Lançamento de Receita;389.353,34;751;Recursos da Contribuição para o Custeio do Serviço de Iluminação Pública - COSIP;"Não ";Não Aplicável
Conde;201061;Prefeitura Municipal de Conde;042025;2025;12415001;Contribuição para o Custeio do Serviço de Iluminação Pública - Principal;Lançamento de Receita;398.724,18;751;Recursos da Contribuição para o Custeio do Serviço de Iluminação Pública - COSIP;"Não ";Não Aplicável
Conde;201061;Prefeitura Municipal de Conde;032025;2025;12415001;Contribuição para o Custeio do Serviço de Iluminação Pública - Principal;Lançamento de Receita;388.842,45;751;Recursos da Contribuição para o Custeio do Serviço de Iluminação Pública - COSIP;"Não ";Não Aplicável
Conde;201061;Prefeitura Municipal de Conde;022025;2025;12415001;Contribuição para o Custeio do Serviço de Iluminação Pública - Principal;Lançamento de Receita;786.652,24;751;Recursos da Contribuição para o Custeio do Serviço de Iluminação Pública - COSIP;"Não ";Não Aplicável
Conde;201061;Prefeitura Municipal de Conde;122025;2025;12219911;Outras Contribuições Econômicas – Não Arrecadadas e Não Projetadas pela RFB - Principal;Lançamento de Receita;7.555,12;500;Recursos não vinculados de Impostos;"Não ";Não Aplicável
Conde;201061;Prefeitura Municipal de Conde;112025;2025;12219911;Outras Contribuições Econômicas – Não Arrecadadas e Não Projetadas pela RFB - Principal;Lançamento de Receita;9.885,39;500;Recursos não vinculados de Impostos;"Não ";Não Aplicável
Conde;201061;Prefeitura Municipal de Conde;102025;2025;12219911;Outras Contribuições Econômicas – Não Arrecadadas e Não Projetadas pela RFB - Principal;Lançamento de Receita;4.188,54;500;Recursos não vinculados de Impostos;"Não ";Não Aplicável
Conde;201061;Prefeitura Municipal de Conde;092025;2025;12219911;Outras Contribuições Econômicas – Não Arrecadadas e Não Projetadas pela RFB - Principal;Lançamento de Receita;864,64;500;Recursos não vinculados de Impostos;"Não ";Não Aplicável
Conde;201061;Prefeitura Municipal de Conde;082025;2025;12219911;Outras Contribuições Econômicas – Não Arrecadadas e Não Projetadas pela RFB - Principal;Lançamento de Receita;3.488,97;500;Recursos não vinculados de Impostos;"Não ";Não Aplicável
Conde;201061;Prefeitura Municipal de Conde;072025;2025;12219911;Outras Contribuições Econômicas – Não Arrecadadas e Não Projetadas pela RFB - Principal;Lançamento de Receita;8.557,66;500;Recursos não vinculados de Impostos;"Não ";Não Aplicável
Conde;201061;Prefeitura Municipal de Conde;062025;2025;12219911;Outras Contribuições Econômicas – Não Arrecadadas e Não Projetadas pela RFB - Principal;Lançamento de Receita;390,2;500;Recursos não vinculados de Impostos;"Não ";Não Aplicável
Conde;201061;Prefeitura Municipal de Conde;052025;2025;12219911;Outras Contribuições Econômicas – Não Arrecadadas e Não Projetadas pela RFB - Principal;Lançamento de Receita;1.176,23;500;Recursos não vinculados de Impostos;"Não ";Não Aplicável
Conde;201061;Prefeitura Municipal de Conde;042025;2025;12219911;Outras Contribuições Econômicas – Não Arrecadadas e Não Projetadas pela RFB - Principal;Lançamento de Receita;4.847,98;500;Recursos não vinculados de Impostos;"Não ";Não Aplicável
Conde;201061;Prefeitura Municipal de Conde;032025;2025;12219911;Outras Contribuições Econômicas – Não Arrecadadas e Não Projetadas pela RFB - Principal;Lançamento de Receita;1.910,67;500;Recursos não vinculados de Impostos;"Não ";Não Aplicável
Conde;201061;Prefeitura Municipal de Conde;022025;2025;12219911;Outras Contribuições Econômicas – Não Arrecadadas e Não Projetadas pela RFB - Principal;Lançamento de Receita;4.496,92;500;Recursos não vinculados de Impostos;"Não ";Não Aplicável
Conde;201061;Prefeitura Municipal de Conde;012025;2025;12219911;Outras Contribuições Econômicas – Não Arrecadadas e Não Projetadas pela RFB - Principal;Lançamento de Receita;403,69;500;Recursos não vinculados de Impostos;"Não ";Não Aplicável
Conde;201061;Prefeitura Municipal de Conde;122025;2025;11220103;Taxas pela Prestação de Serviços em Geral - Dívida Ativa;Lançamento de Receita;7.798,27;500;Recursos não vinculados de Impostos;"Não ";Não Aplicável
Conde;201061;Prefeitura Municipal de Conde;112025;2025;11220103;Taxas pela Prestação de Serviços em Geral - Dívida Ativa;Lançamento de Receita;5.321,57;500;Recursos não vinculados de Impostos;"Não ";Não Aplicável
Conde;201061;Prefeitura Municipal de Conde;102025;2025;11220103;Taxas pela Prestação de Serviços em Geral - Dívida Ativa;Lançamento de Receita;6.146,02;500;Recursos não vinculados de Impostos;"Não ";Não Aplicável
Conde;201061;Prefeitura Municipal de Conde;092025;2025;11220103;Taxas pela Prestação de Serviços em Geral - Dívida Ativa;Lançamento de Receita;6.174,93;500;Recursos não vinculados de Impostos;"Não ";Não Aplicável
Conde;201061;Prefeitura Municipal de Conde;082025;2025;11220103;Taxas pela Prestação de Serviços em Geral - Dívida Ativa;Lançamento de Receita;6.865,5;500;Recursos não vinculados de Impostos;"Não ";Não Aplicável
Conde;201061;Prefeitura Municipal de Conde;072025;2025;11220103;Taxas pela Prestação de Serviços em Geral - Dívida Ativa;Lançamento de Receita;7.506,94;500;Recursos não vinculados de Impostos;"Não ";Não Aplicável
Conde;201061;Prefeitura Municipal de Conde;062025;2025;11220103;Taxas pela Prestação de Serviços em Geral - Dívida Ativa;Lançamento de Receita;5.536,41;500;Recursos não vinculados de Impostos;"Não ";Não Aplicável
Conde;201061;Prefeitura Municipal de Conde;052025;2025;11220103;Taxas pela Prestação de Serviços em Geral - Dívida Ativa;Lançamento de Receita;7.703,86;500;Recursos não vinculados de Impostos;"Não ";Não Aplicável
Conde;201061;Prefeitura Municipal de Conde;122025;2025;11220102;Taxas pela Prestação de Serviços em Geral - Multas e Juros de Mora;Lançamento de Receita;2.649,84;500;Recursos não vinculados de Impostos;"Não ";Não Aplicável
Conde;201061;Prefeitura Municipal de Conde;112025;2025;11220102;Taxas pela Prestação de Serviços em Geral - Multas e Juros de Mora;Lançamento de Receita;1.566,33;500;Recursos não vinculados de Impostos;"Não ";Não Aplicável
Conde;201061;Prefeitura Municipal de Conde;102025;2025;11220102;Taxas pela Prestação de Serviços em Geral - Multas e Juros de Mora;Lançamento de Receita;1.852,64;500;Recursos não vinculados de Impostos;"Não ";Não Aplicável
Conde;201061;Prefeitura Municipal de Conde;092025;2025;11220102;Taxas pela Prestação de Serviços em Geral - Multas e Juros de Mora;Lançamento de Receita;982,41;500;Recursos não vinculados de Impostos;"Não ";Não Aplicável
Conde;201061;Prefeitura Municipal de Conde;082025;2025;11220102;Taxas pela Prestação de Serviços em Geral - Multas e Juros de Mora;Lançamento de Receita;741,83;500;Recursos não vinculados de Impostos;"Não ";Não Aplicável
Conde;201061;Prefeitura Municipal de Conde;072025;2025;11220102;Taxas pela Prestação de Serviços em Geral - Multas e Juros de Mora;Lançamento de Receita;1.580,17;500;Recursos não vinculados de Impostos;"Não ";Não Aplicável
Conde;201061;Prefeitura Municipal de Conde;062025;2025;11220102;Taxas pela Prestação de Serviços em Geral - Multas e Juros de Mora;Lançamento de Receita;1.810,51;500;Recursos não vinculados de Impostos;"Não ";Não Aplicável
Conde;201061;Prefeitura Municipal de Conde;052025;2025;11220102;Taxas pela Prestação de Serviços em Geral - Multas e Juros de Mora;Lançamento de Receita;4.109,02;500;Recursos não vinculados de Impostos;"Não ";Não Aplicável
Conde;201061;Prefeitura Municipal de Conde;042025;2025;11220102;Taxas pela Prestação de Serviços em Geral - Multas e Juros de Mora;Lançamento de Receita;2.415,22;500;Recursos não vinculados de Impostos;"Não ";Não Aplicável
Conde;201061;Prefeitura Municipal de Conde;032025;2025;11220102;Taxas pela Prestação de Serviços em Geral - Multas e Juros de Mora;Lançamento de Receita;2.288,55;500;Recursos não vinculados de Impostos;"Não ";Não Aplicável
Conde;201061;Prefeitura Municipal de Conde;022025;2025;11220102;Taxas pela Prestação de Serviços em Geral - Multas e Juros de Mora;Lançamento de Receita;6.158,06;500;Recursos não vinculados de Impostos;"Não ";Não Aplicável
Conde;201061;Prefeitura Municipal de Conde;012025;2025;11220102;Taxas pela Prestação de Serviços em Geral - Multas e Juros de Mora;Lançamento de Receita;2.435,66;500;Recursos não vinculados de Impostos;"Não ";Não Aplicável
Conde;201061;Prefeitura Municipal de Conde;122025;2025;11220101;Taxas pela Prestação de Serviços em Geral - Principal;Lançamento de Receita;1.236,35;500;Recursos não vinculados de Impostos;"Não ";Não Aplicável
Conde;201061;Prefeitura Municipal de Conde;112025;2025;11220101;Taxas pela Prestação de Serviços em Geral - Principal;Lançamento de Receita;2.364,94;500;Recursos não vinculados de Impostos;"Não ";Não Aplicável
Conde;201061;Prefeitura Municipal de Conde;102025;2025;11220101;Taxas pela Prestação de Serviços em Geral - Principal;Lançamento de Receita;10.055,2;500;Recursos não vinculados de Impostos;"Não ";Não Aplicável
Conde;201061;Prefeitura Municipal de Conde;092025;2025;11220101;Taxas pela Prestação de Serviços em Geral - Principal;Lançamento de Receita;5.368,2;500;Recursos não vinculados de Impostos;"Não ";Não Aplicável
Conde;201061;Prefeitura Municipal de Conde;082025;2025;11220101;Taxas pela Prestação de Serviços em Geral - Principal;Lançamento de Receita;18.357,27;500;Recursos não vinculados de Impostos;"Não ";Não Aplicável
Conde;201061;Prefeitura Municipal de Conde;072025;2025;11220101;Taxas pela Prestação de Serviços em Geral - Principal;Lançamento de Receita;15.424,49;500;Recursos não vinculados de Impostos;"Não ";Não Aplicável
Conde;201061;Prefeitura Municipal de Conde;062025;2025;11220101;Taxas pela Prestação de Serviços em Geral - Principal;Lançamento de Receita;34.464,69;500;Recursos não vinculados de Impostos;"Não ";Não Aplicável
Conde;201061;Prefeitura Municipal de Conde;052025;2025;11220101;Taxas pela Prestação de Serviços em Geral - Principal;Lançamento de Receita;23.090,7;500;Recursos não vinculados de Impostos;"Não ";Não Aplicável
Conde;201061;Prefeitura Municipal de Conde;042025;2025;11220101;Taxas pela Prestação de Serviços em Geral - Principal;Lançamento de Receita;16.443,24;500;Recursos não vinculados de Impostos;"Não ";Não Aplicável
Conde;201061;Prefeitura Municipal de Conde;032025;2025;11220101;Taxas pela Prestação de Serviços em Geral - Principal;Lançamento de Receita;31.515,67;500;Recursos não vinculados de Impostos;"Não ";Não Aplicável
Conde;201061;Prefeitura Municipal de Conde;022025;2025;11220101;Taxas pela Prestação de Serviços em Geral - Principal;Lançamento de Receita;26.911,13;500;Recursos não vinculados de Impostos;"Não ";Não Aplicável
Conde;201061;Prefeitura Municipal de Conde;012025;2025;11220101;Taxas pela Prestação de Serviços em Geral - Principal;Lançamento de Receita;15.923,84;500;Recursos não vinculados de Impostos;"Não ";Não Aplicável
Conde;201061;Prefeitura Municipal de Conde;122025;2025;11210401;Taxa de Controle e Fiscalização Ambiental - Principal;Lançamento de Receita;29.085,09;500;Recursos não vinculados de Impostos;"Não ";Não Aplicável
Conde;201061;Prefeitura Municipal de Conde;112025;2025;11210401;Taxa de Controle e Fiscalização Ambiental - Principal;Lançamento de Receita;25.065,43;500;Recursos não vinculados de Impostos;"Não ";Não Aplicável
Conde;201061;Prefeitura Municipal de Conde;102025;2025;11210401;Taxa de Controle e Fiscalização Ambiental - Principal;Lançamento de Receita;32.003,79;500;Recursos não vinculados de Impostos;"Não ";Não Aplicável
Conde;201061;Prefeitura Municipal de Conde;092025;2025;11210401;Taxa de Controle e Fiscalização Ambiental - Principal;Lançamento de Receita;35.390,83;500;Recursos não vinculados de Impostos;"Não ";Não Aplicável
Conde;201061;Prefeitura Municipal de Conde;082025;2025;11210401;Taxa de Controle e Fiscalização Ambiental - Principal;Lançamento de Receita;40.876,66;500;Recursos não vinculados de Impostos;"Não ";Não Aplicável
Conde;201061;Prefeitura Municipal de Conde;072025;2025;11210401;Taxa de Controle e Fiscalização Ambiental - Principal;Lançamento de Receita;34.866,25;500;Recursos não vinculados de Impostos;"Não ";Não Aplicável
Conde;201061;Prefeitura Municipal de Conde;062025;2025;11210401;Taxa de Controle e Fiscalização Ambiental - Principal;Lançamento de Receita;23.925,3;500;Recursos não vinculados de Impostos;"Não ";Não Aplicável
Conde;201061;Prefeitura Municipal de Conde;052025;2025;11210401;Taxa de Controle e Fiscalização Ambiental - Principal;Lançamento de Receita;45.531,94;500;Recursos não vinculados de Impostos;"Não ";Não Aplicável
Conde;201061;Prefeitura Municipal de Conde;042025;2025;11210401;Taxa de Controle e Fiscalização Ambiental - Principal;Lançamento de Receita;21.958,08;500;Recursos não vinculados de Impostos;"Não ";Não Aplicável
Conde;201061;Prefeitura Municipal de Conde;032025;2025;11210401;Taxa de Controle e Fiscalização Ambiental - Principal;Lançamento de Receita;22.902,09;500;Recursos não vinculados de Impostos;"Não ";Não Aplicável
Conde;201061;Prefeitura Municipal de Conde;022025;2025;11210401;Taxa de Controle e Fiscalização Ambiental - Principal;Lançamento de Receita;19.522,16;500;Recursos não vinculados de Impostos;"Não ";Não Aplicável
Conde;201061;Prefeitura Municipal de Conde;012025;2025;11210401;Taxa de Controle e Fiscalização Ambiental - Principal;Lançamento de Receita;9.012,64;500;Recursos não vinculados de Impostos;"Não ";Não Aplicável
Conde;201061;Prefeitura Municipal de Conde;122025;2025;11210103;Taxas de Inspeção, Controle e Fiscalização - Dívida Ativa;Lançamento de Receita;1.694,17;500;Recursos não vinculados de Impostos;"Não ";Não Aplicável
Conde;201061;Prefeitura Municipal de Conde;112025;2025;11210103;Taxas de Inspeção, Controle e Fiscalização - Dívida Ativa;Lançamento de Receita;5.034,72;500;Recursos não vinculados de Impostos;"Não ";Não Aplicável
Conde;201061;Prefeitura Municipal de Conde;102025;2025;11210103;Taxas de Inspeção, Controle e Fiscalização - Dívida Ativa;Lançamento de Receita;3.991,11;500;Recursos não vinculados de Impostos;"Não ";Não Aplicável
Conde;201061;Prefeitura Municipal de Conde;092025;2025;11210103;Taxas de Inspeção, Controle e Fiscalização - Dívida Ativa;Lançamento de Receita;1.259,97;500;Recursos não vinculados de Impostos;"Não ";Não Aplicável
Conde;201061;Prefeitura Municipal de Conde;082025;2025;11210103;Taxas de Inspeção, Controle e Fiscalização - Dívida Ativa;Lançamento de Receita;1.291,53;500;Recursos não vinculados de Impostos;"Não ";Não Aplicável
Conde;201061;Prefeitura Municipal de Conde;072025;2025;11210103;Taxas de Inspeção, Controle e Fiscalização - Dívida Ativa;Lançamento de Receita;699,62;500;Recursos não vinculados de Impostos;"Não ";Não Aplicável
Conde;201061;Prefeitura Municipal de Conde;062025;2025;11210103;Taxas de Inspeção, Controle e Fiscalização - Dívida Ativa;Lançamento de Receita;930,51;500;Recursos não vinculados de Impostos;"Não ";Não Aplicável
Conde;201061;Prefeitura Municipal de Conde;052025;2025;11210103;Taxas de Inspeção, Controle e Fiscalização - Dívida Ativa;Lançamento de Receita;2.264,57;500;Recursos não vinculados de Impostos;"Não ";Não Aplicável
Conde;201061;Prefeitura Municipal de Conde;122025;2025;11210102;Taxas de Inspeção, Controle e Fiscalização - Multas e Juros de Mora;Lançamento de Receita;713,98;500;Recursos não vinculados de Impostos;"Não ";Não Aplicável
Conde;201061;Prefeitura Municipal de Conde;112025;2025;11210102;Taxas de Inspeção, Controle e Fiscalização - Multas e Juros de Mora;Lançamento de Receita;1.520,88;500;Recursos não vinculados de Impostos;"Não ";Não Aplicável
Conde;201061;Prefeitura Municipal de Conde;102025;2025;11210102;Taxas de Inspeção, Controle e Fiscalização - Multas e Juros de Mora;Lançamento de Receita;1.209,56;500;Recursos não vinculados de Impostos;"Não ";Não Aplicável
Conde;201061;Prefeitura Municipal de Conde;092025;2025;11210102;Taxas de Inspeção, Controle e Fiscalização - Multas e Juros de Mora;Lançamento de Receita;3.143,68;500;Recursos não vinculados de Impostos;"Não ";Não Aplicável
Conde;201061;Prefeitura Municipal de Conde;082025;2025;11210102;Taxas de Inspeção, Controle e Fiscalização - Multas e Juros de Mora;Lançamento de Receita;670,73;500;Recursos não vinculados de Impostos;"Não ";Não Aplicável
Conde;201061;Prefeitura Municipal de Conde;072025;2025;11210102;Taxas de Inspeção, Controle e Fiscalização - Multas e Juros de Mora;Lançamento de Receita;875,76;500;Recursos não vinculados de Impostos;"Não ";Não Aplicável
Conde;201061;Prefeitura Municipal de Conde;062025;2025;11210102;Taxas de Inspeção, Controle e Fiscalização - Multas e Juros de Mora;Lançamento de Receita;1.063,93;500;Recursos não vinculados de Impostos;"Não ";Não Aplicável
Conde;201061;Prefeitura Municipal de Conde;052025;2025;11210102;Taxas de Inspeção, Controle e Fiscalização - Multas e Juros de Mora;Lançamento de Receita;1.034,62;500;Recursos não vinculados de Impostos;"Não ";Não Aplicável
Conde;201061;Prefeitura Municipal de Conde;042025;2025;11210102;Taxas de Inspeção, Controle e Fiscalização - Multas e Juros de Mora;Lançamento de Receita;1.490,58;500;Recursos não vinculados de Impostos;"Não ";Não Aplicável
Conde;201061;Prefeitura Municipal de Conde;032025;2025;11210102;Taxas de Inspeção, Controle e Fiscalização - Multas e Juros de Mora;Lançamento de Receita;1.695,74;500;Recursos não vinculados de Impostos;"Não ";Não Aplicável
Conde;201061;Prefeitura Municipal de Conde;022025;2025;11210102;Taxas de Inspeção, Controle e Fiscalização - Multas e Juros de Mora;Lançamento de Receita;459,25;500;Recursos não vinculados de Impostos;"Não ";Não Aplicável
Conde;201061;Prefeitura Municipal de Conde;012025;2025;11210102;Taxas de Inspeção, Controle e Fiscalização - Multas e Juros de Mora;Lançamento de Receita;367,56;500;Recursos não vinculados de Impostos;"Não ";Não Aplicável
Conde;201061;Prefeitura Municipal de Conde;122025;2025;11210101;Taxas de Inspeção, Controle e Fiscalização - Principal;Lançamento de Receita;35.322,99;500;Recursos não vinculados de Impostos;"Não ";Não Aplicável
Conde;201061;Prefeitura Municipal de Conde;112025;2025;11210101;Taxas de Inspeção, Controle e Fiscalização - Principal;Lançamento de Receita;52.541,99;500;Recursos não vinculados de Impostos;"Não ";Não Aplicável
Conde;201061;Prefeitura Municipal de Conde;102025;2025;11210101;Taxas de Inspeção, Controle e Fiscalização - Principal;Lançamento de Receita;58.876,06;500;Recursos não vinculados de Impostos;"Não ";Não Aplicável
Conde;201061;Prefeitura Municipal de Conde;092025;2025;11210101;Taxas de Inspeção, Controle e Fiscalização - Principal;Lançamento de Receita;61.355,06;500;Recursos não vinculados de Impostos;"Não ";Não Aplicável
Conde;201061;Prefeitura Municipal de Conde;082025;2025;11210101;Taxas de Inspeção, Controle e Fiscalização - Principal;Lançamento de Receita;36.491,13;500;Recursos não vinculados de Impostos;"Não ";Não Aplicável
Conde;201061;Prefeitura Municipal de Conde;072025;2025;11210101;Taxas de Inspeção, Controle e Fiscalização - Principal;Lançamento de Receita;58.869,88;500;Recursos não vinculados de Impostos;"Não ";Não Aplicável
Conde;201061;Prefeitura Municipal de Conde;062025;2025;11210101;Taxas de Inspeção, Controle e Fiscalização - Principal;Lançamento de Receita;36.755,72;500;Recursos não vinculados de Impostos;"Não ";Não Aplicável
Conde;201061;Prefeitura Municipal de Conde;052025;2025;11210101;Taxas de Inspeção, Controle e Fiscalização - Principal;Lançamento de Receita;32.696,73;500;Recursos não vinculados de Impostos;"Não ";Não Aplicável
Conde;201061;Prefeitura Municipal de Conde;042025;2025;11210101;Taxas de Inspeção, Controle e Fiscalização - Principal;Lançamento de Receita;143.470,07;500;Recursos não vinculados de Impostos;"Não ";Não Aplicável
Conde;201061;Prefeitura Municipal de Conde;032025;2025;11210101;Taxas de Inspeção, Controle e Fiscalização - Principal;Lançamento de Receita;46.667,07;500;Recursos não vinculados de Impostos;"Não ";Não Aplicável
Conde;201061;Prefeitura Municipal de Conde;022025;2025;11210101;Taxas de Inspeção, Controle e Fiscalização - Principal;Lançamento de Receita;16.796,65;500;Recursos não vinculados de Impostos;"Não ";Não Aplicável
Conde;201061;Prefeitura Municipal de Conde;012025;2025;11210101;Taxas de Inspeção, Controle e Fiscalização - Principal;Lançamento de Receita;57.477,06;500;Recursos não vinculados de Impostos;"Não ";Não Aplicável
Conde;201061;Prefeitura Municipal de Conde;122025;2025;11145113;Imposto sobre Serviços de Qualquer Natureza - ISSQN - Dívida Ativa;Lançamento de Receita;6.274,1;500;Recursos não vinculados de Impostos;"Não ";Não Aplicável
Conde;201061;Prefeitura Municipal de Conde;112025;2025;11145113;Imposto sobre Serviços de Qualquer Natureza - ISSQN - Dívida Ativa;Lançamento de Receita;29.662,9;500;Recursos não vinculados de Impostos;"Não ";Não Aplicável
Conde;201061;Prefeitura Municipal de Conde;102025;2025;11145113;Imposto sobre Serviços de Qualquer Natureza - ISSQN - Dívida Ativa;Lançamento de Receita;16.927,88;500;Recursos não vinculados de Impostos;"Não ";Não Aplicável
Conde;201061;Prefeitura Municipal de Conde;092025;2025;11145113;Imposto sobre Serviços de Qualquer Natureza - ISSQN - Dívida Ativa;Lançamento de Receita;1.446,67;500;Recursos não vinculados de Impostos;"Não ";Não Aplicável
Conde;201061;Prefeitura Municipal de Conde;082025;2025;11145113;Imposto sobre Serviços de Qualquer Natureza - ISSQN - Dívida Ativa;Lançamento de Receita;15.031,83;500;Recursos não vinculados de Impostos;"Não ";Não Aplicável
Conde;201061;Prefeitura Municipal de Conde;072025;2025;11145113;Imposto sobre Serviços de Qualquer Natureza - ISSQN - Dívida Ativa;Lançamento de Receita;11.748,72;500;Recursos não vinculados de Impostos;"Não ";Não Aplicável
Conde;201061;Prefeitura Municipal de Conde;062025;2025;11145113;Imposto sobre Serviços de Qualquer Natureza - ISSQN - Dívida Ativa;Lançamento de Receita;12.740,49;500;Recursos não vinculados de Impostos;"Não ";Não Aplicável
Conde;201061;Prefeitura Municipal de Conde;052025;2025;11145113;Imposto sobre Serviços de Qualquer Natureza - ISSQN - Dívida Ativa;Lançamento de Receita;7.860,44;500;Recursos não vinculados de Impostos;"Não ";Não Aplicável
Conde;201061;Prefeitura Municipal de Conde;122025;2025;11145112;Imposto sobre Serviços de Qualquer Natureza - ISSQN - Multas e Juros de Mora;Lançamento de Receita;3.392,38;500;Recursos não vinculados de Impostos;"Não ";Não Aplicável
Conde;201061;Prefeitura Municipal de Conde;112025;2025;11145112;Imposto sobre Serviços de Qualquer Natureza - ISSQN - Multas e Juros de Mora;Lançamento de Receita;2.227,46;500;Recursos não vinculados de Impostos;"Não ";Não Aplicável
Conde;201061;Prefeitura Municipal de Conde;102025;2025;11145112;Imposto sobre Serviços de Qualquer Natureza - ISSQN - Multas e Juros de Mora;Lançamento de Receita;5.536,05;500;Recursos não vinculados de Impostos;"Não ";Não Aplicável
Conde;201061;Prefeitura Municipal de Conde;092025;2025;11145112;Imposto sobre Serviços de Qualquer Natureza - ISSQN - Multas e Juros de Mora;Lançamento de Receita;7.765,34;500;Recursos não vinculados de Impostos;"Não ";Não Aplicável
Conde;201061;Prefeitura Municipal de Conde;082025;2025;11145112;Imposto sobre Serviços de Qualquer Natureza - ISSQN - Multas e Juros de Mora;Lançamento de Receita;5.045,3;500;Recursos não vinculados de Impostos;"Não ";Não Aplicável
Conde;201061;Prefeitura Municipal de Conde;072025;2025;11145112;Imposto sobre Serviços de Qualquer Natureza - ISSQN - Multas e Juros de Mora;Lançamento de Receita;10.582,91;500;Recursos não vinculados de Impostos;"Não ";Não Aplicável
Conde;201061;Prefeitura Municipal de Conde;062025;2025;11145112;Imposto sobre Serviços de Qualquer Natureza - ISSQN - Multas e Juros de Mora;Lançamento de Receita;8.824,17;500;Recursos não vinculados de Impostos;"Não ";Não Aplicável
Conde;201061;Prefeitura Municipal de Conde;052025;2025;11145112;Imposto sobre Serviços de Qualquer Natureza - ISSQN - Multas e Juros de Mora;Lançamento de Receita;2.061,72;500;Recursos não vinculados de Impostos;"Não ";Não Aplicável
Conde;201061;Prefeitura Municipal de Conde;042025;2025;11145112;Imposto sobre Serviços de Qualquer Natureza - ISSQN - Multas e Juros de Mora;Lançamento de Receita;61.295,73;500;Recursos não vinculados de Impostos;"Não ";Não Aplicável
Conde;201061;Prefeitura Municipal de Conde;032025;2025;11145112;Imposto sobre Serviços de Qualquer Natureza - ISSQN - Multas e Juros de Mora;Lançamento de Receita;11.752,04;500;Recursos não vinculados de Impostos;"Não ";Não Aplicável
Conde;201061;Prefeitura Municipal de Conde;022025;2025;11145112;Imposto sobre Serviços de Qualquer Natureza - ISSQN - Multas e Juros de Mora;Lançamento de Receita;6.636,7;500;Recursos não vinculados de Impostos;"Não ";Não Aplicável
Conde;201061;Prefeitura Municipal de Conde;012025;2025;11145112;Imposto sobre Serviços de Qualquer Natureza - ISSQN - Multas e Juros de Mora;Lançamento de Receita;3.603,45;500;Recursos não vinculados de Impostos;"Não ";Não Aplicável
Conde;201061;Prefeitura Municipal de Conde;122025;2025;11145111;Imposto sobre Serviços de Qualquer Natureza - ISSQN - Principal;Lançamento de Receita;1.071.316,57;500;Recursos não vinculados de Impostos;"Não ";Não Aplicável
Conde;201061;Prefeitura Municipal de Conde;112025;2025;11145111;Imposto sobre Serviços de Qualquer Natureza - ISSQN - Principal;Lançamento de Receita;1.139.568,17;500;Recursos não vinculados de Impostos;"Não ";Não Aplicável
Conde;201061;Prefeitura Municipal de Conde;112025;2025;11145111;Imposto sobre Serviços de Qualquer Natureza - ISSQN - Principal;Lançamento de Receita;68.740,74;552;Transferências de Recursos do FNDE Referentes ao Programa Nacional de Alimentação Escolar (PNAE);"Não ";Não Aplicável
Conde;201061;Prefeitura Municipal de Conde;102025;2025;11145111;Imposto sobre Serviços de Qualquer Natureza - ISSQN - Principal;Lançamento de Receita;949.178,93;500;Recursos não vinculados de Impostos;"Não ";Não Aplicável
Conde;201061;Prefeitura Municipal de Conde;092025;2025;11145111;Imposto sobre Serviços de Qualquer Natureza - ISSQN - Principal;Lançamento de Receita;90,66;552;Transferências de Recursos do FNDE Referentes ao Programa Nacional de Alimentação Escolar (PNAE);"Não ";Não Aplicável
Conde;201061;Prefeitura Municipal de Conde;092025;2025;11145111;Imposto sobre Serviços de Qualquer Natureza - ISSQN - Principal;Lançamento de Receita;1.073.196,94;500;Recursos não vinculados de Impostos;"Não ";Não Aplicável
Conde;201061;Prefeitura Municipal de Conde;082025;2025;11145111;Imposto sobre Serviços de Qualquer Natureza - ISSQN - Principal;Lançamento de Receita;955.720,71;500;Recursos não vinculados de Impostos;"Não ";Não Aplicável
Conde;201061;Prefeitura Municipal de Conde;082025;2025;11145111;Imposto sobre Serviços de Qualquer Natureza - ISSQN - Principal;Lançamento de Receita;0;552;Transferências de Recursos do FNDE Referentes ao Programa Nacional de Alimentação Escolar (PNAE);"Não ";Não Aplicável
Conde;201061;Prefeitura Municipal de Conde;072025;2025;11145111;Imposto sobre Serviços de Qualquer Natureza - ISSQN - Principal;Lançamento de Receita;2.800,55;552;Transferências de Recursos do FNDE Referentes ao Programa Nacional de Alimentação Escolar (PNAE);"Não ";Não Aplicável
Conde;201061;Prefeitura Municipal de Conde;072025;2025;11145111;Imposto sobre Serviços de Qualquer Natureza - ISSQN - Principal;Lançamento de Receita;1.082.917,25;500;Recursos não vinculados de Impostos;"Não ";Não Aplicável
Conde;201061;Prefeitura Municipal de Conde;062025;2025;11145111;Imposto sobre Serviços de Qualquer Natureza - ISSQN - Principal;Lançamento de Receita;145,82;552;Transferências de Recursos do FNDE Referentes ao Programa Nacional de Alimentação Escolar (PNAE);"Não ";Não Aplicável
Conde;201061;Prefeitura Municipal de Conde;062025;2025;11145111;Imposto sobre Serviços de Qualquer Natureza - ISSQN - Principal;Lançamento de Receita;1.074.747,64;500;Recursos não vinculados de Impostos;"Não ";Não Aplicável
Conde;201061;Prefeitura Municipal de Conde;052025;2025;11145111;Imposto sobre Serviços de Qualquer Natureza - ISSQN - Principal;Lançamento de Receita;110,74;552;Transferências de Recursos do FNDE Referentes ao Programa Nacional de Alimentação Escolar (PNAE);"Não ";Não Aplicável
Conde;201061;Prefeitura Municipal de Conde;052025;2025;11145111;Imposto sobre Serviços de Qualquer Natureza - ISSQN - Principal;Lançamento de Receita;989.864,99;500;Recursos não vinculados de Impostos;"Não ";Não Aplicável
Conde;201061;Prefeitura Municipal de Conde;042025;2025;11145111;Imposto sobre Serviços de Qualquer Natureza - ISSQN - Principal;Lançamento de Receita;285,89;552;Transferências de Recursos do FNDE Referentes ao Programa Nacional de Alimentação Escolar (PNAE);"Não ";Não Aplicável
Conde;201061;Prefeitura Municipal de Conde;042025;2025;11145111;Imposto sobre Serviços de Qualquer Natureza - ISSQN - Principal;Lançamento de Receita;1.336.662,71;500;Recursos não vinculados de Impostos;"Não ";Não Aplicável
Conde;201061;Prefeitura Municipal de Conde;032025;2025;11145111;Imposto sobre Serviços de Qualquer Natureza - ISSQN - Principal;Lançamento de Receita;1.934,87;552;Transferências de Recursos do FNDE Referentes ao Programa Nacional de Alimentação Escolar (PNAE);"Não ";Não Aplicável
Conde;201061;Prefeitura Municipal de Conde;032025;2025;11145111;Imposto sobre Serviços de Qualquer Natureza - ISSQN - Principal;Lançamento de Receita;827.962,13;500;Recursos não vinculados de Impostos;"Não ";Não Aplicável
Conde;201061;Prefeitura Municipal de Conde;022025;2025;11145111;Imposto sobre Serviços de Qualquer Natureza - ISSQN - Principal;Lançamento de Receita;795.663,35;500;Recursos não vinculados de Impostos;"Não ";Não Aplicável
Conde;201061;Prefeitura Municipal de Conde;012025;2025;11145111;Imposto sobre Serviços de Qualquer Natureza - ISSQN - Principal;Lançamento de Receita;789.005,37;500;Recursos não vinculados de Impostos;"Não ";Não Aplicável
Conde;201061;Prefeitura Municipal de Conde;122025;2025;11130311;Imposto sobre a Renda - Retido na Fonte - Trabalho - Principal;Lançamento de Receita;1.001.260,73;500;Recursos não vinculados de Impostos;"Não ";Não Aplicável
Conde;201061;Prefeitura Municipal de Conde;112025;2025;11130311;Imposto sobre a Renda - Retido na Fonte - Trabalho - Principal;Lançamento de Receita;567.880,83;500;Recursos não vinculados de Impostos;"Não ";Não Aplicável
Conde;201061;Prefeitura Municipal de Conde;102025;2025;11130311;Imposto sobre a Renda - Retido na Fonte - Trabalho - Principal;Lançamento de Receita;754.990,2;500;Recursos não vinculados de Impostos;"Não ";Não Aplicável
Conde;201061;Prefeitura Municipal de Conde;092025;2025;11130311;Imposto sobre a Renda - Retido na Fonte - Trabalho - Principal;Lançamento de Receita;651.524,33;500;Recursos não vinculados de Impostos;"Não ";Não Aplicável
Conde;201061;Prefeitura Municipal de Conde;082025;2025;11130311;Imposto sobre a Renda - Retido na Fonte - Trabalho - Principal;Lançamento de Receita;586.287,88;500;Recursos não vinculados de Impostos;"Não ";Não Aplicável
Conde;201061;Prefeitura Municipal de Conde;072025;2025;11130311;Imposto sobre a Renda - Retido na Fonte - Trabalho - Principal;Lançamento de Receita;795.968,24;500;Recursos não vinculados de Impostos;"Não ";Não Aplicável
Conde;201061;Prefeitura Municipal de Conde;062025;2025;11130311;Imposto sobre a Renda - Retido na Fonte - Trabalho - Principal;Lançamento de Receita;707.974,71;500;Recursos não vinculados de Impostos;"Não ";Não Aplicável
Conde;201061;Prefeitura Municipal de Conde;052025;2025;11130311;Imposto sobre a Renda - Retido na Fonte - Trabalho - Principal;Lançamento de Receita;559.673,88;500;Recursos não vinculados de Impostos;"Não ";Não Aplicável
Conde;201061;Prefeitura Municipal de Conde;042025;2025;11130311;Imposto sobre a Renda - Retido na Fonte - Trabalho - Principal;Lançamento de Receita;486.800,57;500;Recursos não vinculados de Impostos;"Não ";Não Aplicável
Conde;201061;Prefeitura Municipal de Conde;032025;2025;11130311;Imposto sobre a Renda - Retido na Fonte - Trabalho - Principal;Lançamento de Receita;534.556,18;500;Recursos não vinculados de Impostos;"Não ";Não Aplicável
Conde;201061;Prefeitura Municipal de Conde;022025;2025;11130311;Imposto sobre a Renda - Retido na Fonte - Trabalho - Principal;Lançamento de Receita;471.878,27;500;Recursos não vinculados de Impostos;"Não ";Não Aplicável
Conde;201061;Prefeitura Municipal de Conde;012025;2025;11130311;Imposto sobre a Renda - Retido na Fonte - Trabalho - Principal;Lançamento de Receita;395.376,63;500;Recursos não vinculados de Impostos;"Não ";Não Aplicável
Conde;201061;Prefeitura Municipal de Conde;122025;2025;11125303;"Impostos sobre Transmissão ""Inter Vivos"" de Bens Imóveis e de Direitos Reais sobre Imóveis - Dívida Ativa";Lançamento de Receita;7.200;500;Recursos não vinculados de Impostos;"Não ";Não Aplicável
Conde;201061;Prefeitura Municipal de Conde;112025;2025;11125303;"Impostos sobre Transmissão ""Inter Vivos"" de Bens Imóveis e de Direitos Reais sobre Imóveis - Dívida Ativa";Lançamento de Receita;36.127,26;500;Recursos não vinculados de Impostos;"Não ";Não Aplicável
Conde;201061;Prefeitura Municipal de Conde;102025;2025;11125303;"Impostos sobre Transmissão ""Inter Vivos"" de Bens Imóveis e de Direitos Reais sobre Imóveis - Dívida Ativa";Lançamento de Receita;223,95;500;Recursos não vinculados de Impostos;"Não ";Não Aplicável
Conde;201061;Prefeitura Municipal de Conde;092025;2025;11125303;"Impostos sobre Transmissão ""Inter Vivos"" de Bens Imóveis e de Direitos Reais sobre Imóveis - Dívida Ativa";Lançamento de Receita;1.009,2;500;Recursos não vinculados de Impostos;"Não ";Não Aplicável
Conde;201061;Prefeitura Municipal de Conde;082025;2025;11125303;"Impostos sobre Transmissão ""Inter Vivos"" de Bens Imóveis e de Direitos Reais sobre Imóveis - Dívida Ativa";Lançamento de Receita;4.500;500;Recursos não vinculados de Impostos;"Não ";Não Aplicável
Conde;201061;Prefeitura Municipal de Conde;072025;2025;11125303;"Impostos sobre Transmissão ""Inter Vivos"" de Bens Imóveis e de Direitos Reais sobre Imóveis - Dívida Ativa";Lançamento de Receita;7.500;500;Recursos não vinculados de Impostos;"Não ";Não Aplicável
Conde;201061;Prefeitura Municipal de Conde;122025;2025;11125302;"Impostos sobre Transmissão ""Inter Vivos"" de Bens Imóveis e de Direitos Reais sobre Imóveis - Multas e Juros de Mora";Lançamento de Receita;315,14;500;Recursos não vinculados de Impostos;"Não ";Não Aplicável
Conde;201061;Prefeitura Municipal de Conde;102025;2025;11125302;"Impostos sobre Transmissão ""Inter Vivos"" de Bens Imóveis e de Direitos Reais sobre Imóveis - Multas e Juros de Mora";Lançamento de Receita;205,29;500;Recursos não vinculados de Impostos;"Não ";Não Aplicável
Conde;201061;Prefeitura Municipal de Conde;092025;2025;11125302;"Impostos sobre Transmissão ""Inter Vivos"" de Bens Imóveis e de Direitos Reais sobre Imóveis - Multas e Juros de Mora";Lançamento de Receita;1.453,8;500;Recursos não vinculados de Impostos;"Não ";Não Aplicável
Conde;201061;Prefeitura Municipal de Conde;082025;2025;11125302;"Impostos sobre Transmissão ""Inter Vivos"" de Bens Imóveis e de Direitos Reais sobre Imóveis - Multas e Juros de Mora";Lançamento de Receita;3.253,93;500;Recursos não vinculados de Impostos;"Não ";Não Aplicável
Conde;201061;Prefeitura Municipal de Conde;072025;2025;11125302;"Impostos sobre Transmissão ""Inter Vivos"" de Bens Imóveis e de Direitos Reais sobre Imóveis - Multas e Juros de Mora";Lançamento de Receita;5.956,21;500;Recursos não vinculados de Impostos;"Não ";Não Aplicável
Conde;201061;Prefeitura Municipal de Conde;052025;2025;11125302;"Impostos sobre Transmissão ""Inter Vivos"" de Bens Imóveis e de Direitos Reais sobre Imóveis - Multas e Juros de Mora";Lançamento de Receita;54,6;500;Recursos não vinculados de Impostos;"Não ";Não Aplicável
Conde;201061;Prefeitura Municipal de Conde;042025;2025;11125302;"Impostos sobre Transmissão ""Inter Vivos"" de Bens Imóveis e de Direitos Reais sobre Imóveis - Multas e Juros de Mora";Lançamento de Receita;23.802,48;500;Recursos não vinculados de Impostos;"Não ";Não Aplicável
Conde;201061;Prefeitura Municipal de Conde;032025;2025;11125302;"Impostos sobre Transmissão ""Inter Vivos"" de Bens Imóveis e de Direitos Reais sobre Imóveis - Multas e Juros de Mora";Lançamento de Receita;9.450;500;Recursos não vinculados de Impostos;"Não ";Não Aplicável
Conde;201061;Prefeitura Municipal de Conde;022025;2025;11125302;"Impostos sobre Transmissão ""Inter Vivos"" de Bens Imóveis e de Direitos Reais sobre Imóveis - Multas e Juros de Mora";Lançamento de Receita;5.538;500;Recursos não vinculados de Impostos;"Não ";Não Aplicável
Conde;201061;Prefeitura Municipal de Conde;012025;2025;11125302;"Impostos sobre Transmissão ""Inter Vivos"" de Bens Imóveis e de Direitos Reais sobre Imóveis - Multas e Juros de Mora";Lançamento de Receita;1.173,42;500;Recursos não vinculados de Impostos;"Não ";Não Aplicável
Conde;201061;Prefeitura Municipal de Conde;122025;2025;11125301;"Impostos sobre Transmissão ""Inter Vivos"" de Bens Imóveis e de Direitos Reais sobre Imóveis - Principal";Lançamento de Receita;523.400,54;500;Recursos não vinculados de Impostos;"Não ";Não Aplicável
Conde;201061;Prefeitura Municipal de Conde;112025;2025;11125301;"Impostos sobre Transmissão ""Inter Vivos"" de Bens Imóveis e de Direitos Reais sobre Imóveis - Principal";Lançamento de Receita;290.114,78;500;Recursos não vinculados de Impostos;"Não ";Não Aplicável
Conde;201061;Prefeitura Municipal de Conde;102025;2025;11125301;"Impostos sobre Transmissão ""Inter Vivos"" de Bens Imóveis e de Direitos Reais sobre Imóveis - Principal";Lançamento de Receita;347.917,57;500;Recursos não vinculados de Impostos;"Não ";Não Aplicável
Conde;201061;Prefeitura Municipal de Conde;092025;2025;11125301;"Impostos sobre Transmissão ""Inter Vivos"" de Bens Imóveis e de Direitos Reais sobre Imóveis - Principal";Lançamento de Receita;307.215,2;500;Recursos não vinculados de Impostos;"Não ";Não Aplicável
Conde;201061;Prefeitura Municipal de Conde;082025;2025;11125301;"Impostos sobre Transmissão ""Inter Vivos"" de Bens Imóveis e de Direitos Reais sobre Imóveis - Principal";Lançamento de Receita;565.108,97;500;Recursos não vinculados de Impostos;"Não ";Não Aplicável
Conde;201061;Prefeitura Municipal de Conde;072025;2025;11125301;"Impostos sobre Transmissão ""Inter Vivos"" de Bens Imóveis e de Direitos Reais sobre Imóveis - Principal";Lançamento de Receita;378.783,6;500;Recursos não vinculados de Impostos;"Não ";Não Aplicável
Conde;201061;Prefeitura Municipal de Conde;062025;2025;11125301;"Impostos sobre Transmissão ""Inter Vivos"" de Bens Imóveis e de Direitos Reais sobre Imóveis - Principal";Lançamento de Receita;309.133,6;500;Recursos não vinculados de Impostos;"Não ";Não Aplicável
Conde;201061;Prefeitura Municipal de Conde;052025;2025;11125301;"Impostos sobre Transmissão ""Inter Vivos"" de Bens Imóveis e de Direitos Reais sobre Imóveis - Principal";Lançamento de Receita;300.749,99;500;Recursos não vinculados de Impostos;"Não ";Não Aplicável
Conde;201061;Prefeitura Municipal de Conde;042025;2025;11125301;"Impostos sobre Transmissão ""Inter Vivos"" de Bens Imóveis e de Direitos Reais sobre Imóveis - Principal";Lançamento de Receita;371.439,26;500;Recursos não vinculados de Impostos;"Não ";Não Aplicável
Conde;201061;Prefeitura Municipal de Conde;032025;2025;11125301;"Impostos sobre Transmissão ""Inter Vivos"" de Bens Imóveis e de Direitos Reais sobre Imóveis - Principal";Lançamento de Receita;367.570,41;500;Recursos não vinculados de Impostos;"Não ";Não Aplicável
Conde;201061;Prefeitura Municipal de Conde;022025;2025;11125301;"Impostos sobre Transmissão ""Inter Vivos"" de Bens Imóveis e de Direitos Reais sobre Imóveis - Principal";Lançamento de Receita;331.568;500;Recursos não vinculados de Impostos;"Não ";Não Aplicável
Conde;201061;Prefeitura Municipal de Conde;012025;2025;11125301;"Impostos sobre Transmissão ""Inter Vivos"" de Bens Imóveis e de Direitos Reais sobre Imóveis - Principal";Lançamento de Receita;505.271,13;500;Recursos não vinculados de Impostos;"Não ";Não Aplicável
Conde;201061;Prefeitura Municipal de Conde;122025;2025;11125004;Imposto sobre a Propriedade Predial e Territorial Urbana - Dívida Ativa - Multas e Juros de Mora da Dívida Ativa;Lançamento de Receita;20.903,87;500;Recursos não vinculados de Impostos;"Não ";Não Aplicável
Conde;201061;Prefeitura Municipal de Conde;112025;2025;11125004;Imposto sobre a Propriedade Predial e Territorial Urbana - Dívida Ativa - Multas e Juros de Mora da Dívida Ativa;Lançamento de Receita;21.169,5;500;Recursos não vinculados de Impostos;"Não ";Não Aplicável
Conde;201061;Prefeitura Municipal de Conde;102025;2025;11125004;Imposto sobre a Propriedade Predial e Territorial Urbana - Dívida Ativa - Multas e Juros de Mora da Dívida Ativa;Lançamento de Receita;18.168,33;500;Recursos não vinculados de Impostos;"Não ";Não Aplicável
Conde;201061;Prefeitura Municipal de Conde;092025;2025;11125004;Imposto sobre a Propriedade Predial e Territorial Urbana - Dívida Ativa - Multas e Juros de Mora da Dívida Ativa;Lançamento de Receita;16.690,57;500;Recursos não vinculados de Impostos;"Não ";Não Aplicável
Conde;201061;Prefeitura Municipal de Conde;082025;2025;11125004;Imposto sobre a Propriedade Predial e Territorial Urbana - Dívida Ativa - Multas e Juros de Mora da Dívida Ativa;Lançamento de Receita;11.329,57;500;Recursos não vinculados de Impostos;"Não ";Não Aplicável
Conde;201061;Prefeitura Municipal de Conde;072025;2025;11125004;Imposto sobre a Propriedade Predial e Territorial Urbana - Dívida Ativa - Multas e Juros de Mora da Dívida Ativa;Lançamento de Receita;19.618,67;500;Recursos não vinculados de Impostos;"Não ";Não Aplicável
Conde;201061;Prefeitura Municipal de Conde;062025;2025;11125004;Imposto sobre a Propriedade Predial e Territorial Urbana - Dívida Ativa - Multas e Juros de Mora da Dívida Ativa;Lançamento de Receita;24.889,59;500;Recursos não vinculados de Impostos;"Não ";Não Aplicável
Conde;201061;Prefeitura Municipal de Conde;052025;2025;11125004;Imposto sobre a Propriedade Predial e Territorial Urbana - Dívida Ativa - Multas e Juros de Mora da Dívida Ativa;Lançamento de Receita;17.117,09;500;Recursos não vinculados de Impostos;"Não ";Não Aplicável
Conde;201061;Prefeitura Municipal de Conde;122025;2025;11125003;Imposto sobre a Propriedade Predial e Territorial Urbana - Dívida Ativa;Lançamento de Receita;272.987,55;500;Recursos não vinculados de Impostos;"Não ";Não Aplicável
Conde;201061;Prefeitura Municipal de Conde;112025;2025;11125003;Imposto sobre a Propriedade Predial e Territorial Urbana - Dívida Ativa;Lançamento de Receita;96.157,65;500;Recursos não vinculados de Impostos;"Não ";Não Aplicável
Conde;201061;Prefeitura Municipal de Conde;102025;2025;11125003;Imposto sobre a Propriedade Predial e Territorial Urbana - Dívida Ativa;Lançamento de Receita;284.557,96;500;Recursos não vinculados de Impostos;"Não ";Não Aplicável
Conde;201061;Prefeitura Municipal de Conde;092025;2025;11125003;Imposto sobre a Propriedade Predial e Territorial Urbana - Dívida Ativa;Lançamento de Receita;170.281,12;500;Recursos não vinculados de Impostos;"Não ";Não Aplicável
Conde;201061;Prefeitura Municipal de Conde;082025;2025;11125003;Imposto sobre a Propriedade Predial e Territorial Urbana - Dívida Ativa;Lançamento de Receita;492.443,96;500;Recursos não vinculados de Impostos;"Não ";Não Aplicável
Conde;201061;Prefeitura Municipal de Conde;072025;2025;11125003;Imposto sobre a Propriedade Predial e Territorial Urbana - Dívida Ativa;Lançamento de Receita;213.242,93;500;Recursos não vinculados de Impostos;"Não ";Não Aplicável
Conde;201061;Prefeitura Municipal de Conde;062025;2025;11125003;Imposto sobre a Propriedade Predial e Territorial Urbana - Dívida Ativa;Lançamento de Receita;140.794,74;500;Recursos não vinculados de Impostos;"Não ";Não Aplicável
Conde;201061;Prefeitura Municipal de Conde;052025;2025;11125003;Imposto sobre a Propriedade Predial e Territorial Urbana - Dívida Ativa;Lançamento de Receita;175.636,09;500;Recursos não vinculados de Impostos;"Não ";Não Aplicável
Conde;201061;Prefeitura Municipal de Conde;122025;2025;11125002;Imposto sobre a Propriedade Predial e Territorial Urbana - Multas e Juros de Mora;Lançamento de Receita;53.523,15;500;Recursos não vinculados de Impostos;"Não ";Não Aplicável
Conde;201061;Prefeitura Municipal de Conde;112025;2025;11125002;Imposto sobre a Propriedade Predial e Territorial Urbana - Multas e Juros de Mora;Lançamento de Receita;22.241,36;500;Recursos não vinculados de Impostos;"Não ";Não Aplicável
Conde;201061;Prefeitura Municipal de Conde;102025;2025;11125002;Imposto sobre a Propriedade Predial e Territorial Urbana - Multas e Juros de Mora;Lançamento de Receita;33.483,9;500;Recursos não vinculados de Impostos;"Não ";Não Aplicável
Conde;201061;Prefeitura Municipal de Conde;092025;2025;11125002;Imposto sobre a Propriedade Predial e Territorial Urbana - Multas e Juros de Mora;Lançamento de Receita;22.714,78;500;Recursos não vinculados de Impostos;"Não ";Não Aplicável
Conde;201061;Prefeitura Municipal de Conde;082025;2025;11125002;Imposto sobre a Propriedade Predial e Territorial Urbana - Multas e Juros de Mora;Lançamento de Receita;63.615,79;500;Recursos não vinculados de Impostos;"Não ";Não Aplicável
Conde;201061;Prefeitura Municipal de Conde;072025;2025;11125002;Imposto sobre a Propriedade Predial e Territorial Urbana - Multas e Juros de Mora;Lançamento de Receita;15.664,58;500;Recursos não vinculados de Impostos;"Não ";Não Aplicável
Conde;201061;Prefeitura Municipal de Conde;062025;2025;11125002;Imposto sobre a Propriedade Predial e Territorial Urbana - Multas e Juros de Mora;Lançamento de Receita;42.667,9;500;Recursos não vinculados de Impostos;"Não ";Não Aplicável
Conde;201061;Prefeitura Municipal de Conde;052025;2025;11125002;Imposto sobre a Propriedade Predial e Territorial Urbana - Multas e Juros de Mora;Lançamento de Receita;44.815,95;500;Recursos não vinculados de Impostos;"Não ";Não Aplicável
Conde;201061;Prefeitura Municipal de Conde;042025;2025;11125002;Imposto sobre a Propriedade Predial e Territorial Urbana - Multas e Juros de Mora;Lançamento de Receita;53.489,42;500;Recursos não vinculados de Impostos;"Não ";Não Aplicável
Conde;201061;Prefeitura Municipal de Conde;032025;2025;11125002;Imposto sobre a Propriedade Predial e Territorial Urbana - Multas e Juros de Mora;Lançamento de Receita;80.045,6;500;Recursos não vinculados de Impostos;"Não ";Não Aplicável
Conde;201061;Prefeitura Municipal de Conde;022025;2025;11125002;Imposto sobre a Propriedade Predial e Territorial Urbana - Multas e Juros de Mora;Lançamento de Receita;60.128,13;500;Recursos não vinculados de Impostos;"Não ";Não Aplicável
Conde;201061;Prefeitura Municipal de Conde;012025;2025;11125002;Imposto sobre a Propriedade Predial e Territorial Urbana - Multas e Juros de Mora;Lançamento de Receita;57.637,76;500;Recursos não vinculados de Impostos;"Não ";Não Aplicável
Conde;201061;Prefeitura Municipal de Conde;122025;2025;11125001;Imposto sobre a Propriedade Predial e Territorial Urbana - Principal;Lançamento de Receita;168.773,3;500;Recursos não vinculados de Impostos;"Não ";Não Aplicável
Conde;201061;Prefeitura Municipal de Conde;112025;2025;11125001;Imposto sobre a Propriedade Predial e Territorial Urbana - Principal;Lançamento de Receita;150.576,17;500;Recursos não vinculados de Impostos;"Não ";Não Aplicável
Conde;201061;Prefeitura Municipal de Conde;102025;2025;11125001;Imposto sobre a Propriedade Predial e Territorial Urbana - Principal;Lançamento de Receita;196.334,54;500;Recursos não vinculados de Impostos;"Não ";Não Aplicável
Conde;201061;Prefeitura Municipal de Conde;092025;2025;11125001;Imposto sobre a Propriedade Predial e Territorial Urbana - Principal;Lançamento de Receita;183.648,01;500;Recursos não vinculados de Impostos;"Não ";Não Aplicável
Conde;201061;Prefeitura Municipal de Conde;082025;2025;11125001;Imposto sobre a Propriedade Predial e Territorial Urbana - Principal;Lançamento de Receita;966.513,36;500;Recursos não vinculados de Impostos;"Não ";Não Aplicável
Conde;201061;Prefeitura Municipal de Conde;072025;2025;11125001;Imposto sobre a Propriedade Predial e Territorial Urbana - Principal;Lançamento de Receita;474.873,91;500;Recursos não vinculados de Impostos;"Não ";Não Aplicável
Conde;201061;Prefeitura Municipal de Conde;062025;2025;11125001;Imposto sobre a Propriedade Predial e Territorial Urbana - Principal;Lançamento de Receita;1.769.967,45;500;Recursos não vinculados de Impostos;"Não ";Não Aplicável
Conde;201061;Prefeitura Municipal de Conde;052025;2025;11125001;Imposto sobre a Propriedade Predial e Territorial Urbana - Principal;Lançamento de Receita;794.331,16;500;Recursos não vinculados de Impostos;"Não ";Não Aplicável
Conde;201061;Prefeitura Municipal de Conde;042025;2025;11125001;Imposto sobre a Propriedade Predial e Territorial Urbana - Principal;Lançamento de Receita;458.672,45;500;Recursos não vinculados de Impostos;"Não ";Não Aplicável
Conde;201061;Prefeitura Municipal de Conde;032025;2025;11125001;Imposto sobre a Propriedade Predial e Territorial Urbana - Principal;Lançamento de Receita;354.672,81;500;Recursos não vinculados de Impostos;"Não ";Não Aplicável
Conde;201061;Prefeitura Municipal de Conde;022025;2025;11125001;Imposto sobre a Propriedade Predial e Territorial Urbana - Principal;Lançamento de Receita;303.888,13;500;Recursos não vinculados de Impostos;"Não ";Não Aplicável
Conde;201061;Prefeitura Municipal de Conde;012025;2025;11125001;Imposto sobre a Propriedade Predial e Territorial Urbana - Principal;Lançamento de Receita;231.460,5;500;Recursos não vinculados de Impostos;"Não ";Não Aplicável
Conde;301061;Conde Previdência - CONDEPREV;122025;2025;72155111;Contribuição Patronal - Servidor Civil Ativo - Parcelamentos - Principal;Lançamento de Receita;373.845,11;800;Recursos vinculados ao RPPS - Fundo em Capitalização (Plano Previdenciário);1111;Benefícios previdenciários - Poder Executivo – Fundo em Capitalização (Plano Previdenciário)
Conde;301061;Conde Previdência - CONDEPREV;112025;2025;72155111;Contribuição Patronal - Servidor Civil Ativo - Parcelamentos - Principal;Lançamento de Receita;30.033,62;800;Recursos vinculados ao RPPS - Fundo em Capitalização (Plano Previdenciário);1111;Benefícios previdenciários - Poder Executivo – Fundo em Capitalização (Plano Previdenciário)
Conde;301061;Conde Previdência - CONDEPREV;102025;2025;72155111;Contribuição Patronal - Servidor Civil Ativo - Parcelamentos - Principal;Lançamento de Receita;371.868,93;800;Recursos vinculados ao RPPS - Fundo em Capitalização (Plano Previdenciário);1111;Benefícios previdenciários - Poder Executivo – Fundo em Capitalização (Plano Previdenciário)
Conde;301061;Conde Previdência - CONDEPREV;092025;2025;72155111;Contribuição Patronal - Servidor Civil Ativo - Parcelamentos - Principal;Lançamento de Receita;368.641,76;800;Recursos vinculados ao RPPS - Fundo em Capitalização (Plano Previdenciário);1111;Benefícios previdenciários - Poder Executivo – Fundo em Capitalização (Plano Previdenciário)
Conde;301061;Conde Previdência - CONDEPREV;082025;2025;72155111;Contribuição Patronal - Servidor Civil Ativo - Parcelamentos - Principal;Lançamento de Receita;368.046,22;800;Recursos vinculados ao RPPS - Fundo em Capitalização (Plano Previdenciário);1111;Benefícios previdenciários - Poder Executivo – Fundo em Capitalização (Plano Previdenciário)
Conde;301061;Conde Previdência - CONDEPREV;072025;2025;72155111;Contribuição Patronal - Servidor Civil Ativo - Parcelamentos - Principal;Lançamento de Receita;395.446,14;800;Recursos vinculados ao RPPS - Fundo em Capitalização (Plano Previdenciário);1111;Benefícios previdenciários - Poder Executivo – Fundo em Capitalização (Plano Previdenciário)
Conde;301061;Conde Previdência - CONDEPREV;062025;2025;72155111;Contribuição Patronal - Servidor Civil Ativo - Parcelamentos - Principal;Lançamento de Receita;363.992,88;800;Recursos vinculados ao RPPS - Fundo em Capitalização (Plano Previdenciário);1111;Benefícios previdenciários - Poder Executivo – Fundo em Capitalização (Plano Previdenciário)
Conde;301061;Conde Previdência - CONDEPREV;052025;2025;72155111;Contribuição Patronal - Servidor Civil Ativo - Parcelamentos - Principal;Lançamento de Receita;332.851,37;800;Recursos vinculados ao RPPS - Fundo em Capitalização (Plano Previdenciário);1111;Benefícios previdenciários - Poder Executivo – Fundo em Capitalização (Plano Previdenciário)
Conde;301061;Conde Previdência - CONDEPREV;042025;2025;72155111;Contribuição Patronal - Servidor Civil Ativo - Parcelamentos - Principal;Lançamento de Receita;351.175,03;800;Recursos vinculados ao RPPS - Fundo em Capitalização (Plano Previdenciário);1111;Benefícios previdenciários - Poder Executivo – Fundo em Capitalização (Plano Previdenciário)
Conde;301061;Conde Previdência - CONDEPREV;032025;2025;72155111;Contribuição Patronal - Servidor Civil Ativo - Parcelamentos - Principal;Lançamento de Receita;348.390,41;800;Recursos vinculados ao RPPS - Fundo em Capitalização (Plano Previdenciário);1111;Benefícios previdenciários - Poder Executivo – Fundo em Capitalização (Plano Previdenciário)
Conde;301061;Conde Previdência - CONDEPREV;022025;2025;72155111;Contribuição Patronal - Servidor Civil Ativo - Parcelamentos - Principal;Lançamento de Receita;669.416,19;800;Recursos vinculados ao RPPS - Fundo em Capitalização (Plano Previdenciário);1111;Benefícios previdenciários - Poder Executivo – Fundo em Capitalização (Plano Previdenciário)
Conde;301061;Conde Previdência - CONDEPREV;012025;2025;72155111;Contribuição Patronal - Servidor Civil Ativo - Parcelamentos - Principal;Lançamento de Receita;657.972,37;800;Recursos vinculados ao RPPS - Fundo em Capitalização (Plano Previdenciário);1111;Benefícios previdenciários - Poder Executivo – Fundo em Capitalização (Plano Previdenciário)
Conde;301061;Conde Previdência - CONDEPREV;122025;2025;72150211;Contribuição Patronal - Servidor Civil Ativo - Principal;Lançamento de Receita;2.412.005,51;800;Recursos vinculados ao RPPS - Fundo em Capitalização (Plano Previdenciário);1111;Benefícios previdenciários - Poder Executivo – Fundo em Capitalização (Plano Previdenciário)
Conde;301061;Conde Previdência - CONDEPREV;112025;2025;72150211;Contribuição Patronal - Servidor Civil Ativo - Principal;Lançamento de Receita;1.787.548,79;800;Recursos vinculados ao RPPS - Fundo em Capitalização (Plano Previdenciário);1111;Benefícios previdenciários - Poder Executivo – Fundo em Capitalização (Plano Previdenciário)
Conde;301061;Conde Previdência - CONDEPREV;102025;2025;72150211;Contribuição Patronal - Servidor Civil Ativo - Principal;Lançamento de Receita;1.633.588,19;800;Recursos vinculados ao RPPS - Fundo em Capitalização (Plano Previdenciário);1111;Benefícios previdenciários - Poder Executivo – Fundo em Capitalização (Plano Previdenciário)
Conde;301061;Conde Previdência - CONDEPREV;092025;2025;72150211;Contribuição Patronal - Servidor Civil Ativo - Principal;Lançamento de Receita;1.769.417,51;800;Recursos vinculados ao RPPS - Fundo em Capitalização (Plano Previdenciário);1111;Benefícios previdenciários - Poder Executivo – Fundo em Capitalização (Plano Previdenciário)
Conde;301061;Conde Previdência - CONDEPREV;082025;2025;72150211;Contribuição Patronal - Servidor Civil Ativo - Principal;Lançamento de Receita;1.642.070,04;800;Recursos vinculados ao RPPS - Fundo em Capitalização (Plano Previdenciário);1111;Benefícios previdenciários - Poder Executivo – Fundo em Capitalização (Plano Previdenciário)
Conde;301061;Conde Previdência - CONDEPREV;072025;2025;72150211;Contribuição Patronal - Servidor Civil Ativo - Principal;Lançamento de Receita;1.851.475,03;800;Recursos vinculados ao RPPS - Fundo em Capitalização (Plano Previdenciário);1111;Benefícios previdenciários - Poder Executivo – Fundo em Capitalização (Plano Previdenciário)
Conde;301061;Conde Previdência - CONDEPREV;062025;2025;72150211;Contribuição Patronal - Servidor Civil Ativo - Principal;Lançamento de Receita;1.488.464,47;800;Recursos vinculados ao RPPS - Fundo em Capitalização (Plano Previdenciário);1111;Benefícios previdenciários - Poder Executivo – Fundo em Capitalização (Plano Previdenciário)
Conde;301061;Conde Previdência - CONDEPREV;052025;2025;72150211;Contribuição Patronal - Servidor Civil Ativo - Principal;Lançamento de Receita;1.463.195,08;800;Recursos vinculados ao RPPS - Fundo em Capitalização (Plano Previdenciário);1111;Benefícios previdenciários - Poder Executivo – Fundo em Capitalização (Plano Previdenciário)
Conde;301061;Conde Previdência - CONDEPREV;042025;2025;72150211;Contribuição Patronal - Servidor Civil Ativo - Principal;Lançamento de Receita;5.114,68;800;Recursos vinculados ao RPPS - Fundo em Capitalização (Plano Previdenciário);1121;Benefícios previdenciários - Poder Legislativo – Fundo em Capitalização (Plano Previdenciário)
Conde;301061;Conde Previdência - CONDEPREV;042025;2025;72150211;Contribuição Patronal - Servidor Civil Ativo - Principal;Lançamento de Receita;1.378.781,49;800;Recursos vinculados ao RPPS - Fundo em Capitalização (Plano Previdenciário);1111;Benefícios previdenciários - Poder Executivo – Fundo em Capitalização (Plano Previdenciário)
Conde;301061;Conde Previdência - CONDEPREV;032025;2025;72150211;Contribuição Patronal - Servidor Civil Ativo - Principal;Lançamento de Receita;1.257.081,56;800;Recursos vinculados ao RPPS - Fundo em Capitalização (Plano Previdenciário);1111;Benefícios previdenciários - Poder Executivo – Fundo em Capitalização (Plano Previdenciário)
Conde;301061;Conde Previdência - CONDEPREV;022025;2025;72150211;Contribuição Patronal - Servidor Civil Ativo - Principal;Lançamento de Receita;1.588,52;800;Recursos vinculados ao RPPS - Fundo em Capitalização (Plano Previdenciário);1121;Benefícios previdenciários - Poder Legislativo – Fundo em Capitalização (Plano Previdenciário)
Conde;301061;Conde Previdência - CONDEPREV;022025;2025;72150211;Contribuição Patronal - Servidor Civil Ativo - Principal;Lançamento de Receita;1.371.774,21;800;Recursos vinculados ao RPPS - Fundo em Capitalização (Plano Previdenciário);1111;Benefícios previdenciários - Poder Executivo – Fundo em Capitalização (Plano Previdenciário)
Conde;301061;Conde Previdência - CONDEPREV;012025;2025;72150211;Contribuição Patronal - Servidor Civil Ativo - Principal;Lançamento de Receita;878.095,81;800;Recursos vinculados ao RPPS - Fundo em Capitalização (Plano Previdenciário);1111;Benefícios previdenciários - Poder Executivo – Fundo em Capitalização (Plano Previdenciário)
Conde;301061;Conde Previdência - CONDEPREV;122025;2025;19990301;Compensações Financeiras entre os Regimes de Previdência - Principal;Lançamento de Receita;289.576,6;800;Recursos vinculados ao RPPS - Fundo em Capitalização (Plano Previdenciário);1111;Benefícios previdenciários - Poder Executivo – Fundo em Capitalização (Plano Previdenciário)
Conde;301061;Conde Previdência - CONDEPREV;112025;2025;19990301;Compensações Financeiras entre os Regimes de Previdência - Principal;Lançamento de Receita;652.190,12;800;Recursos vinculados ao RPPS - Fundo em Capitalização (Plano Previdenciário);1111;Benefícios previdenciários - Poder Executivo – Fundo em Capitalização (Plano Previdenciário)
Conde;301061;Conde Previdência - CONDEPREV;102025;2025;19990301;Compensações Financeiras entre os Regimes de Previdência - Principal;Lançamento de Receita;17.582,15;800;Recursos vinculados ao RPPS - Fundo em Capitalização (Plano Previdenciário);1111;Benefícios previdenciários - Poder Executivo – Fundo em Capitalização (Plano Previdenciário)
Conde;301061;Conde Previdência - CONDEPREV;092025;2025;19990301;Compensações Financeiras entre os Regimes de Previdência - Principal;Lançamento de Receita;17.582,15;800;Recursos vinculados ao RPPS - Fundo em Capitalização (Plano Previdenciário);1111;Benefícios previdenciários - Poder Executivo – Fundo em Capitalização (Plano Previdenciário)
Conde;301061;Conde Previdência - CONDEPREV;082025;2025;19990301;Compensações Financeiras entre os Regimes de Previdência - Principal;Lançamento de Receita;35.164,3;800;Recursos vinculados ao RPPS - Fundo em Capitalização (Plano Previdenciário);1111;Benefícios previdenciários - Poder Executivo – Fundo em Capitalização (Plano Previdenciário)
Conde;301061;Conde Previdência - CONDEPREV;072025;2025;19990301;Compensações Financeiras entre os Regimes de Previdência - Principal;Lançamento de Receita;17.582,15;800;Recursos vinculados ao RPPS - Fundo em Capitalização (Plano Previdenciário);1111;Benefícios previdenciários - Poder Executivo – Fundo em Capitalização (Plano Previdenciário)
Conde;301061;Conde Previdência - CONDEPREV;052025;2025;19990301;Compensações Financeiras entre os Regimes de Previdência - Principal;Lançamento de Receita;17.582,15;800;Recursos vinculados ao RPPS - Fundo em Capitalização (Plano Previdenciário);1111;Benefícios previdenciários - Poder Executivo – Fundo em Capitalização (Plano Previdenciário)
Conde;301061;Conde Previdência - CONDEPREV;042025;2025;19990301;Compensações Financeiras entre os Regimes de Previdência - Principal;Lançamento de Receita;25.275,38;800;Recursos vinculados ao RPPS - Fundo em Capitalização (Plano Previdenciário);1111;Benefícios previdenciários - Poder Executivo – Fundo em Capitalização (Plano Previdenciário)
Conde;301061;Conde Previdência - CONDEPREV;032025;2025;19990301;Compensações Financeiras entre os Regimes de Previdência - Principal;Lançamento de Receita;17.336,36;800;Recursos vinculados ao RPPS - Fundo em Capitalização (Plano Previdenciário);1111;Benefícios previdenciários - Poder Executivo – Fundo em Capitalização (Plano Previdenciário)
Conde;301061;Conde Previdência - CONDEPREV;022025;2025;19990301;Compensações Financeiras entre os Regimes de Previdência - Principal;Lançamento de Receita;16.547,3;800;Recursos vinculados ao RPPS - Fundo em Capitalização (Plano Previdenciário);1111;Benefícios previdenciários - Poder Executivo – Fundo em Capitalização (Plano Previdenciário)
Conde;301061;Conde Previdência - CONDEPREV;012025;2025;19990301;Compensações Financeiras entre os Regimes de Previdência - Principal;Lançamento de Receita;16.547,3;800;Recursos vinculados ao RPPS - Fundo em Capitalização (Plano Previdenciário);1111;Benefícios previdenciários - Poder Executivo – Fundo em Capitalização (Plano Previdenciário)
Conde;301061;Conde Previdência - CONDEPREV;122025;2025;19229901;Outras Restituições - Principal;Lançamento de Receita;1.343,97;800;Recursos vinculados ao RPPS - Fundo em Capitalização (Plano Previdenciário);1111;Benefícios previdenciários - Poder Executivo – Fundo em Capitalização (Plano Previdenciário)
Conde;301061;Conde Previdência - CONDEPREV;122025;2025;13210401;Remuneração dos Recursos do Regime Próprio de Previdência Social - RPPS - Principal;Lançamento de Receita;556.558,39;802;Recursos vinculados ao RPPS - Taxa de Administração;"Não ";Não Aplicável
Conde;301061;Conde Previdência - CONDEPREV;112025;2025;13210401;Remuneração dos Recursos do Regime Próprio de Previdência Social - RPPS - Principal;Lançamento de Receita;586.807,45;802;Recursos vinculados ao RPPS - Taxa de Administração;"Não ";Não Aplicável
Conde;301061;Conde Previdência - CONDEPREV;102025;2025;13210401;Remuneração dos Recursos do Regime Próprio de Previdência Social - RPPS - Principal;Lançamento de Receita;618.009,8;802;Recursos vinculados ao RPPS - Taxa de Administração;"Não ";Não Aplicável
Conde;301061;Conde Previdência - CONDEPREV;092025;2025;13210401;Remuneração dos Recursos do Regime Próprio de Previdência Social - RPPS - Principal;Lançamento de Receita;592.623,69;802;Recursos vinculados ao RPPS - Taxa de Administração;"Não ";Não Aplicável
Conde;301061;Conde Previdência - CONDEPREV;082025;2025;13210401;Remuneração dos Recursos do Regime Próprio de Previdência Social - RPPS - Principal;Lançamento de Receita;582.795,83;802;Recursos vinculados ao RPPS - Taxa de Administração;"Não ";Não Aplicável
Conde;301061;Conde Previdência - CONDEPREV;072025;2025;13210401;Remuneração dos Recursos do Regime Próprio de Previdência Social - RPPS - Principal;Lançamento de Receita;522.740,13;802;Recursos vinculados ao RPPS - Taxa de Administração;"Não ";Não Aplicável
Conde;301061;Conde Previdência - CONDEPREV;062025;2025;13210401;Remuneração dos Recursos do Regime Próprio de Previdência Social - RPPS - Principal;Lançamento de Receita;465.487,61;802;Recursos vinculados ao RPPS - Taxa de Administração;"Não ";Não Aplicável
Conde;301061;Conde Previdência - CONDEPREV;052025;2025;13210401;Remuneração dos Recursos do Regime Próprio de Previdência Social - RPPS - Principal;Lançamento de Receita;495.998,08;802;Recursos vinculados ao RPPS - Taxa de Administração;"Não ";Não Aplicável
Conde;301061;Conde Previdência - CONDEPREV;042025;2025;13210401;Remuneração dos Recursos do Regime Próprio de Previdência Social - RPPS - Principal;Lançamento de Receita;507.492,45;802;Recursos vinculados ao RPPS - Taxa de Administração;"Não ";Não Aplicável
Conde;301061;Conde Previdência - CONDEPREV;032025;2025;13210401;Remuneração dos Recursos do Regime Próprio de Previdência Social - RPPS - Principal;Lançamento de Receita;391.636,79;802;Recursos vinculados ao RPPS - Taxa de Administração;"Não ";Não Aplicável
Conde;301061;Conde Previdência - CONDEPREV;022025;2025;13210401;Remuneração dos Recursos do Regime Próprio de Previdência Social - RPPS - Principal;Lançamento de Receita;320.044,84;802;Recursos vinculados ao RPPS - Taxa de Administração;"Não ";Não Aplicável
Conde;301061;Conde Previdência - CONDEPREV;012025;2025;13210401;Remuneração dos Recursos do Regime Próprio de Previdência Social - RPPS - Principal;Lançamento de Receita;446.395,05;802;Recursos vinculados ao RPPS - Taxa de Administração;"Não ";Não Aplicável
Conde;301061;Conde Previdência - CONDEPREV;112025;2025;13210101;Remuneração de Depósitos Bancários - Principal;Dedução do Fundeb;-4.584,87;800;Recursos vinculados ao RPPS - Fundo em Capitalização (Plano Previdenciário);1111;Benefícios previdenciários - Poder Executivo – Fundo em Capitalização (Plano Previdenciário)
Conde;301061;Conde Previdência - CONDEPREV;072025;2025;13210101;Remuneração de Depósitos Bancários - Principal;Dedução do Fundeb;-58.856,91;800;Recursos vinculados ao RPPS - Fundo em Capitalização (Plano Previdenciário);1111;Benefícios previdenciários - Poder Executivo – Fundo em Capitalização (Plano Previdenciário)
Conde;301061;Conde Previdência - CONDEPREV;062025;2025;13210101;Remuneração de Depósitos Bancários - Principal;Dedução do Fundeb;-6.152,54;800;Recursos vinculados ao RPPS - Fundo em Capitalização (Plano Previdenciário);1111;Benefícios previdenciários - Poder Executivo – Fundo em Capitalização (Plano Previdenciário)
Conde;301061;Conde Previdência - CONDEPREV;052025;2025;13210101;Remuneração de Depósitos Bancários - Principal;Dedução do Fundeb;-6.984,51;800;Recursos vinculados ao RPPS - Fundo em Capitalização (Plano Previdenciário);1111;Benefícios previdenciários - Poder Executivo – Fundo em Capitalização (Plano Previdenciário)
Conde;301061;Conde Previdência - CONDEPREV;042025;2025;13210101;Remuneração de Depósitos Bancários - Principal;Dedução do Fundeb;-2.106,91;800;Recursos vinculados ao RPPS - Fundo em Capitalização (Plano Previdenciário);1111;Benefícios previdenciários - Poder Executivo – Fundo em Capitalização (Plano Previdenciário)
Conde;301061;Conde Previdência - CONDEPREV;032025;2025;13210101;Remuneração de Depósitos Bancários - Principal;Dedução do Fundeb;-47.854,19;800;Recursos vinculados ao RPPS - Fundo em Capitalização (Plano Previdenciário);1111;Benefícios previdenciários - Poder Executivo – Fundo em Capitalização (Plano Previdenciário)
Conde;301061;Conde Previdência - CONDEPREV;022025;2025;13210101;Remuneração de Depósitos Bancários - Principal;Dedução do Fundeb;-23.962,09;800;Recursos vinculados ao RPPS - Fundo em Capitalização (Plano Previdenciário);1111;Benefícios previdenciários - Poder Executivo – Fundo em Capitalização (Plano Previdenciário)
Conde;301061;Conde Previdência - CONDEPREV;012025;2025;13210101;Remuneração de Depósitos Bancários - Principal;Dedução do Fundeb;-8.021,85;800;Recursos vinculados ao RPPS - Fundo em Capitalização (Plano Previdenciário);1111;Benefícios previdenciários - Poder Executivo – Fundo em Capitalização (Plano Previdenciário)
Conde;301061;Conde Previdência - CONDEPREV;122025;2025;12150111;Contribuição do Servidor Civil Ativo - Principal;Lançamento de Receita;1.113.632,58;800;Recursos vinculados ao RPPS - Fundo em Capitalização (Plano Previdenciário);1111;Benefícios previdenciários - Poder Executivo – Fundo em Capitalização (Plano Previdenciário)
Conde;301061;Conde Previdência - CONDEPREV;112025;2025;12150111;Contribuição do Servidor Civil Ativo - Principal;Lançamento de Receita;586.768,65;800;Recursos vinculados ao RPPS - Fundo em Capitalização (Plano Previdenciário);1111;Benefícios previdenciários - Poder Executivo – Fundo em Capitalização (Plano Previdenciário)
Conde;301061;Conde Previdência - CONDEPREV;102025;2025;12150111;Contribuição do Servidor Civil Ativo - Principal;Lançamento de Receita;684.206,27;800;Recursos vinculados ao RPPS - Fundo em Capitalização (Plano Previdenciário);1111;Benefícios previdenciários - Poder Executivo – Fundo em Capitalização (Plano Previdenciário)
Conde;301061;Conde Previdência - CONDEPREV;092025;2025;12150111;Contribuição do Servidor Civil Ativo - Principal;Lançamento de Receita;580.817,01;800;Recursos vinculados ao RPPS - Fundo em Capitalização (Plano Previdenciário);1111;Benefícios previdenciários - Poder Executivo – Fundo em Capitalização (Plano Previdenciário)
Conde;301061;Conde Previdência - CONDEPREV;082025;2025;12150111;Contribuição do Servidor Civil Ativo - Principal;Lançamento de Receita;767.150,7;800;Recursos vinculados ao RPPS - Fundo em Capitalização (Plano Previdenciário);1111;Benefícios previdenciários - Poder Executivo – Fundo em Capitalização (Plano Previdenciário)
Conde;301061;Conde Previdência - CONDEPREV;072025;2025;12150111;Contribuição do Servidor Civil Ativo - Principal;Lançamento de Receita;596.693,11;800;Recursos vinculados ao RPPS - Fundo em Capitalização (Plano Previdenciário);1111;Benefícios previdenciários - Poder Executivo – Fundo em Capitalização (Plano Previdenciário)
Conde;301061;Conde Previdência - CONDEPREV;062025;2025;12150111;Contribuição do Servidor Civil Ativo - Principal;Lançamento de Receita;488.475,73;800;Recursos vinculados ao RPPS - Fundo em Capitalização (Plano Previdenciário);1111;Benefícios previdenciários - Poder Executivo – Fundo em Capitalização (Plano Previdenciário)
Conde;301061;Conde Previdência - CONDEPREV;052025;2025;12150111;Contribuição do Servidor Civil Ativo - Principal;Lançamento de Receita;480.180,32;800;Recursos vinculados ao RPPS - Fundo em Capitalização (Plano Previdenciário);1111;Benefícios previdenciários - Poder Executivo – Fundo em Capitalização (Plano Previdenciário)
Conde;301061;Conde Previdência - CONDEPREV;042025;2025;12150111;Contribuição do Servidor Civil Ativo - Principal;Lançamento de Receita;1.678,9;800;Recursos vinculados ao RPPS - Fundo em Capitalização (Plano Previdenciário);1121;Benefícios previdenciários - Poder Legislativo – Fundo em Capitalização (Plano Previdenciário)
Conde;301061;Conde Previdência - CONDEPREV;042025;2025;12150111;Contribuição do Servidor Civil Ativo - Principal;Lançamento de Receita;452.586,14;800;Recursos vinculados ao RPPS - Fundo em Capitalização (Plano Previdenciário);1111;Benefícios previdenciários - Poder Executivo – Fundo em Capitalização (Plano Previdenciário)
Conde;301061;Conde Previdência - CONDEPREV;032025;2025;12150111;Contribuição do Servidor Civil Ativo - Principal;Lançamento de Receita;385,44;500;Recursos não vinculados de Impostos;"Não ";Não Aplicável
Conde;301061;Conde Previdência - CONDEPREV;032025;2025;12150111;Contribuição do Servidor Civil Ativo - Principal;Lançamento de Receita;412.081,69;800;Recursos vinculados ao RPPS - Fundo em Capitalização (Plano Previdenciário);1111;Benefícios previdenciários - Poder Executivo – Fundo em Capitalização (Plano Previdenciário)
Conde;301061;Conde Previdência - CONDEPREV;022025;2025;12150111;Contribuição do Servidor Civil Ativo - Principal;Lançamento de Receita;385,44;500;Recursos não vinculados de Impostos;"Não ";Não Aplicável
Conde;301061;Conde Previdência - CONDEPREV;022025;2025;12150111;Contribuição do Servidor Civil Ativo - Principal;Lançamento de Receita;1.749,74;800;Recursos vinculados ao RPPS - Fundo em Capitalização (Plano Previdenciário);1121;Benefícios previdenciários - Poder Legislativo – Fundo em Capitalização (Plano Previdenciário)
Conde;301061;Conde Previdência - CONDEPREV;022025;2025;12150111;Contribuição do Servidor Civil Ativo - Principal;Lançamento de Receita;401.528,35;800;Recursos vinculados ao RPPS - Fundo em Capitalização (Plano Previdenciário);1111;Benefícios previdenciários - Poder Executivo – Fundo em Capitalização (Plano Previdenciário)
Conde;301061;Conde Previdência - CONDEPREV;012025;2025;12150111;Contribuição do Servidor Civil Ativo - Principal;Lançamento de Receita;385,44;500;Recursos não vinculados de Impostos;"Não ";Não Aplicável
Conde;301061;Conde Previdência - CONDEPREV;012025;2025;12150111;Contribuição do Servidor Civil Ativo - Principal;Lançamento de Receita;399.631,69;800;Recursos vinculados ao RPPS - Fundo em Capitalização (Plano Previdenciário);1111;Benefícios previdenciários - Poder Executivo – Fundo em Capitalização (Plano Previdenciário)
Conde;602061;Fundo Municipal de Saúde do Conde;122025;2025;24195101;Transferência Especial da União - Principal;Lançamento de Receita;-96.000;749;Outras vinculações de transferências;"Não ";Não Aplicável
Conde;602061;Fundo Municipal de Saúde do Conde;122025;2025;24195101;Transferência Especial da União - Principal;Lançamento de Receita;96.000;749;Outras vinculações de transferências;3110;Identificação das Transferências da União decorrentes de emendas parlamentares individuais
Conde;602061;Fundo Municipal de Saúde do Conde;052025;2025;24195101;Transferência Especial da União - Principal;Lançamento de Receita;96.000;749;Outras vinculações de transferências;"Não ";Não Aplicável
Conde;602061;Fundo Municipal de Saúde do Conde;012025;2025;24115111;Transferências de Recursos do Bloco de Estruturação da Rede de Serviços Públicos de Saúde - Atenção Primária - Principal;Lançamento de Receita;27.000;601;Transferências Fundo a Fundo de Recursos do SUS provenientes do Governo Federal - Bloco de Estruturação da Rede de Serviços Públicos de Saúde;"Não ";Não Aplicável
Conde;602061;Fundo Municipal de Saúde do Conde;082025;2025;19229901;Outras Restituições - Principal;Lançamento de Receita;4.769,5;659;"Outros Recursos Vinculados à Saúde ";"Não ";Não Aplicável
Conde;602061;Fundo Municipal de Saúde do Conde;122025;2025;17235001;Transferências de Recursos do Sistema Único de Saúde – SUS - Principal;Lançamento de Receita;13.174,25;621;"Transferências Fundo a Fundo de Recursos do SUS provenientes do Governo Estadual ";"Não ";Não Aplicável
Conde;602061;Fundo Municipal de Saúde do Conde;112025;2025;17235001;Transferências de Recursos do Sistema Único de Saúde – SUS - Principal;Lançamento de Receita;13.174,25;621;"Transferências Fundo a Fundo de Recursos do SUS provenientes do Governo Estadual ";"Não ";Não Aplicável
Conde;602061;Fundo Municipal de Saúde do Conde;102025;2025;17235001;Transferências de Recursos do Sistema Único de Saúde – SUS - Principal;Lançamento de Receita;26.348,5;621;"Transferências Fundo a Fundo de Recursos do SUS provenientes do Governo Estadual ";"Não ";Não Aplicável
Conde;602061;Fundo Municipal de Saúde do Conde;082025;2025;17235001;Transferências de Recursos do Sistema Único de Saúde – SUS - Principal;Lançamento de Receita;13.174,25;621;"Transferências Fundo a Fundo de Recursos do SUS provenientes do Governo Estadual ";"Não ";Não Aplicável
Conde;602061;Fundo Municipal de Saúde do Conde;072025;2025;17235001;Transferências de Recursos do Sistema Único de Saúde – SUS - Principal;Lançamento de Receita;13.174,25;621;"Transferências Fundo a Fundo de Recursos do SUS provenientes do Governo Estadual ";"Não ";Não Aplicável
Conde;602061;Fundo Municipal de Saúde do Conde;062025;2025;17235001;Transferências de Recursos do Sistema Único de Saúde – SUS - Principal;Lançamento de Receita;13.174,25;621;"Transferências Fundo a Fundo de Recursos do SUS provenientes do Governo Estadual ";"Não ";Não Aplicável
Conde;602061;Fundo Municipal de Saúde do Conde;052025;2025;17235001;Transferências de Recursos do Sistema Único de Saúde – SUS - Principal;Lançamento de Receita;13.174,25;621;"Transferências Fundo a Fundo de Recursos do SUS provenientes do Governo Estadual ";"Não ";Não Aplicável
Conde;602061;Fundo Municipal de Saúde do Conde;042025;2025;17235001;Transferências de Recursos do Sistema Único de Saúde – SUS - Principal;Lançamento de Receita;13.174,25;621;"Transferências Fundo a Fundo de Recursos do SUS provenientes do Governo Estadual ";"Não ";Não Aplicável
Conde;602061;Fundo Municipal de Saúde do Conde;032025;2025;17235001;Transferências de Recursos do Sistema Único de Saúde – SUS - Principal;Lançamento de Receita;6.250;621;"Transferências Fundo a Fundo de Recursos do SUS provenientes do Governo Estadual ";"Não ";Não Aplicável
Conde;602061;Fundo Municipal de Saúde do Conde;022025;2025;17235001;Transferências de Recursos do Sistema Único de Saúde – SUS - Principal;Lançamento de Receita;13.174,25;621;"Transferências Fundo a Fundo de Recursos do SUS provenientes do Governo Estadual ";"Não ";Não Aplicável
Conde;602061;Fundo Municipal de Saúde do Conde;012025;2025;17235001;Transferências de Recursos do Sistema Único de Saúde – SUS - Principal;Lançamento de Receita;13.174,25;621;"Transferências Fundo a Fundo de Recursos do SUS provenientes do Governo Estadual ";"Não ";Não Aplicável
Conde;602061;Fundo Municipal de Saúde do Conde;122025;2025;17195701;Transferência Especial da União - Principal;Lançamento de Receita;1.333.000;749;Outras vinculações de transferências;3120;Identificação das Transferências da União decorrentes de emendas parlamentares de bancada
Conde;602061;Fundo Municipal de Saúde do Conde;122025;2025;17195701;Transferência Especial da União - Principal;Lançamento de Receita;4.145.940;749;Outras vinculações de transferências;3110;Identificação das Transferências da União decorrentes de emendas parlamentares individuais
Conde;602061;Fundo Municipal de Saúde do Conde;122025;2025;17195701;Transferência Especial da União - Principal;Lançamento de Receita;-1.922.499;749;Outras vinculações de transferências;"Não ";Não Aplicável
Conde;602061;Fundo Municipal de Saúde do Conde;102025;2025;17195701;Transferência Especial da União - Principal;Lançamento de Receita;122.499;749;Outras vinculações de transferências;"Não ";Não Aplicável
Conde;602061;Fundo Municipal de Saúde do Conde;072025;2025;17195701;Transferência Especial da União - Principal;Lançamento de Receita;1.800.000;749;Outras vinculações de transferências;"Não ";Não Aplicável
Conde;602061;Fundo Municipal de Saúde do Conde;072025;2025;17195701;Transferência Especial da União - Principal;Lançamento de Receita;-300.000;600;Transferências Fundo a Fundo de Recursos do SUS provenientes do Governo Federal - Bloco de Manutenção das Ações e Serviços Públicos de Saúde;"Não ";Não Aplicável
Conde;602061;Fundo Municipal de Saúde do Conde;122025;2025;17135051;Transferências de Recursos do Bloco de Manutenção das Ações e Serviços Públicos de Saúde – Gestão do SUS - Principal;Lançamento de Receita;304.238,7;605;Assistência financeira da União destinada à complementação ao pagamento dos pisos salariais para profissionais da enfermagem;"Não ";Não Aplicável
Conde;602061;Fundo Municipal de Saúde do Conde;112025;2025;17135051;Transferências de Recursos do Bloco de Manutenção das Ações e Serviços Públicos de Saúde – Gestão do SUS - Principal;Lançamento de Receita;104.319,47;605;Assistência financeira da União destinada à complementação ao pagamento dos pisos salariais para profissionais da enfermagem;"Não ";Não Aplicável
Conde;602061;Fundo Municipal de Saúde do Conde;102025;2025;17135051;Transferências de Recursos do Bloco de Manutenção das Ações e Serviços Públicos de Saúde – Gestão do SUS - Principal;Lançamento de Receita;101.519,29;605;Assistência financeira da União destinada à complementação ao pagamento dos pisos salariais para profissionais da enfermagem;"Não ";Não Aplicável
Conde;602061;Fundo Municipal de Saúde do Conde;082025;2025;17135051;Transferências de Recursos do Bloco de Manutenção das Ações e Serviços Públicos de Saúde – Gestão do SUS - Principal;Lançamento de Receita;98.719,11;605;Assistência financeira da União destinada à complementação ao pagamento dos pisos salariais para profissionais da enfermagem;"Não ";Não Aplicável
Conde;602061;Fundo Municipal de Saúde do Conde;072025;2025;17135051;Transferências de Recursos do Bloco de Manutenção das Ações e Serviços Públicos de Saúde – Gestão do SUS - Principal;Lançamento de Receita;197.438,22;605;Assistência financeira da União destinada à complementação ao pagamento dos pisos salariais para profissionais da enfermagem;"Não ";Não Aplicável
Conde;602061;Fundo Municipal de Saúde do Conde;062025;2025;17135051;Transferências de Recursos do Bloco de Manutenção das Ações e Serviços Públicos de Saúde – Gestão do SUS - Principal;Lançamento de Receita;90.109,29;605;Assistência financeira da União destinada à complementação ao pagamento dos pisos salariais para profissionais da enfermagem;"Não ";Não Aplicável
Conde;602061;Fundo Municipal de Saúde do Conde;052025;2025;17135051;Transferências de Recursos do Bloco de Manutenção das Ações e Serviços Públicos de Saúde – Gestão do SUS - Principal;Lançamento de Receita;88.604,56;605;Assistência financeira da União destinada à complementação ao pagamento dos pisos salariais para profissionais da enfermagem;"Não ";Não Aplicável
Conde;602061;Fundo Municipal de Saúde do Conde;042025;2025;17135051;Transferências de Recursos do Bloco de Manutenção das Ações e Serviços Públicos de Saúde – Gestão do SUS - Principal;Lançamento de Receita;88.604,56;605;Assistência financeira da União destinada à complementação ao pagamento dos pisos salariais para profissionais da enfermagem;"Não ";Não Aplicável
Conde;602061;Fundo Municipal de Saúde do Conde;032025;2025;17135051;Transferências de Recursos do Bloco de Manutenção das Ações e Serviços Públicos de Saúde – Gestão do SUS - Principal;Lançamento de Receita;80.578,92;605;Assistência financeira da União destinada à complementação ao pagamento dos pisos salariais para profissionais da enfermagem;"Não ";Não Aplicável
Conde;602061;Fundo Municipal de Saúde do Conde;022025;2025;17135051;Transferências de Recursos do Bloco de Manutenção das Ações e Serviços Públicos de Saúde – Gestão do SUS - Principal;Lançamento de Receita;77.260,56;605;Assistência financeira da União destinada à complementação ao pagamento dos pisos salariais para profissionais da enfermagem;"Não ";Não Aplicável
Conde;602061;Fundo Municipal de Saúde do Conde;012025;2025;17135051;Transferências de Recursos do Bloco de Manutenção das Ações e Serviços Públicos de Saúde – Gestão do SUS - Principal;Lançamento de Receita;78.887,44;605;Assistência financeira da União destinada à complementação ao pagamento dos pisos salariais para profissionais da enfermagem;"Não ";Não Aplicável
Conde;602061;Fundo Municipal de Saúde do Conde;122025;2025;17135041;Transferências de Recursos do Bloco de Manutenção das Ações e Serviços Públicos de Saúde – Assistência Farmacêutica - Principal;Lançamento de Receita;19.668,6;600;Transferências Fundo a Fundo de Recursos do SUS provenientes do Governo Federal - Bloco de Manutenção das Ações e Serviços Públicos de Saúde;"Não ";Não Aplicável
Conde;602061;Fundo Municipal de Saúde do Conde;112025;2025;17135041;Transferências de Recursos do Bloco de Manutenção das Ações e Serviços Públicos de Saúde – Assistência Farmacêutica - Principal;Lançamento de Receita;25.668,6;600;Transferências Fundo a Fundo de Recursos do SUS provenientes do Governo Federal - Bloco de Manutenção das Ações e Serviços Públicos de Saúde;"Não ";Não Aplicável
Conde;602061;Fundo Municipal de Saúde do Conde;102025;2025;17135041;Transferências de Recursos do Bloco de Manutenção das Ações e Serviços Públicos de Saúde – Assistência Farmacêutica - Principal;Lançamento de Receita;25.668,6;600;Transferências Fundo a Fundo de Recursos do SUS provenientes do Governo Federal - Bloco de Manutenção das Ações e Serviços Públicos de Saúde;"Não ";Não Aplicável
Conde;602061;Fundo Municipal de Saúde do Conde;092025;2025;17135041;Transferências de Recursos do Bloco de Manutenção das Ações e Serviços Públicos de Saúde – Assistência Farmacêutica - Principal;Lançamento de Receita;36.231,6;600;Transferências Fundo a Fundo de Recursos do SUS provenientes do Governo Federal - Bloco de Manutenção das Ações e Serviços Públicos de Saúde;"Não ";Não Aplicável
Conde;602061;Fundo Municipal de Saúde do Conde;082025;2025;17135041;Transferências de Recursos do Bloco de Manutenção das Ações e Serviços Públicos de Saúde – Assistência Farmacêutica - Principal;Lançamento de Receita;33.471,3;600;Transferências Fundo a Fundo de Recursos do SUS provenientes do Governo Federal - Bloco de Manutenção das Ações e Serviços Públicos de Saúde;"Não ";Não Aplicável
Conde;602061;Fundo Municipal de Saúde do Conde;072025;2025;17135041;Transferências de Recursos do Bloco de Manutenção das Ações e Serviços Públicos de Saúde – Assistência Farmacêutica - Principal;Lançamento de Receita;19.668,6;600;Transferências Fundo a Fundo de Recursos do SUS provenientes do Governo Federal - Bloco de Manutenção das Ações e Serviços Públicos de Saúde;"Não ";Não Aplicável
Conde;602061;Fundo Municipal de Saúde do Conde;062025;2025;17135041;Transferências de Recursos do Bloco de Manutenção das Ações e Serviços Públicos de Saúde – Assistência Farmacêutica - Principal;Lançamento de Receita;17.368,15;600;Transferências Fundo a Fundo de Recursos do SUS provenientes do Governo Federal - Bloco de Manutenção das Ações e Serviços Públicos de Saúde;"Não ";Não Aplicável
Conde;602061;Fundo Municipal de Saúde do Conde;052025;2025;17135041;Transferências de Recursos do Bloco de Manutenção das Ações e Serviços Públicos de Saúde – Assistência Farmacêutica - Principal;Lançamento de Receita;23.368,15;600;Transferências Fundo a Fundo de Recursos do SUS provenientes do Governo Federal - Bloco de Manutenção das Ações e Serviços Públicos de Saúde;"Não ";Não Aplicável
Conde;602061;Fundo Municipal de Saúde do Conde;042025;2025;17135041;Transferências de Recursos do Bloco de Manutenção das Ações e Serviços Públicos de Saúde – Assistência Farmacêutica - Principal;Lançamento de Receita;17.368,15;600;Transferências Fundo a Fundo de Recursos do SUS provenientes do Governo Federal - Bloco de Manutenção das Ações e Serviços Públicos de Saúde;"Não ";Não Aplicável
Conde;602061;Fundo Municipal de Saúde do Conde;032025;2025;17135041;Transferências de Recursos do Bloco de Manutenção das Ações e Serviços Públicos de Saúde – Assistência Farmacêutica - Principal;Lançamento de Receita;17.368,15;600;Transferências Fundo a Fundo de Recursos do SUS provenientes do Governo Federal - Bloco de Manutenção das Ações e Serviços Públicos de Saúde;"Não ";Não Aplicável
Conde;602061;Fundo Municipal de Saúde do Conde;022025;2025;17135041;Transferências de Recursos do Bloco de Manutenção das Ações e Serviços Públicos de Saúde – Assistência Farmacêutica - Principal;Lançamento de Receita;17.368,15;600;Transferências Fundo a Fundo de Recursos do SUS provenientes do Governo Federal - Bloco de Manutenção das Ações e Serviços Públicos de Saúde;"Não ";Não Aplicável
Conde;602061;Fundo Municipal de Saúde do Conde;012025;2025;17135041;Transferências de Recursos do Bloco de Manutenção das Ações e Serviços Públicos de Saúde – Assistência Farmacêutica - Principal;Lançamento de Receita;23.368,15;600;Transferências Fundo a Fundo de Recursos do SUS provenientes do Governo Federal - Bloco de Manutenção das Ações e Serviços Públicos de Saúde;"Não ";Não Aplicável
Conde;602061;Fundo Municipal de Saúde do Conde;122025;2025;17135031;Transferências de Recursos do Bloco de Manutenção das Ações e Serviços Públicos de Saúde – Vigilância em Saúde - Principal;Lançamento de Receita;-69.411,9;600;Transferências Fundo a Fundo de Recursos do SUS provenientes do Governo Federal - Bloco de Manutenção das Ações e Serviços Públicos de Saúde;"Não ";Não Aplicável
Conde;602061;Fundo Municipal de Saúde do Conde;122025;2025;17135031;Transferências de Recursos do Bloco de Manutenção das Ações e Serviços Públicos de Saúde – Vigilância em Saúde - Principal;Lançamento de Receita;370.392;604;Transferências provenientes do Governo Federal destinadas ao vencimento dos agentes comunitários de saúde e dos agentes de combate às endemias;"Não ";Não Aplicável
Conde;602061;Fundo Municipal de Saúde do Conde;112025;2025;17135031;Transferências de Recursos do Bloco de Manutenção das Ações e Serviços Públicos de Saúde – Vigilância em Saúde - Principal;Lançamento de Receita;13.511,95;600;Transferências Fundo a Fundo de Recursos do SUS provenientes do Governo Federal - Bloco de Manutenção das Ações e Serviços Públicos de Saúde;"Não ";Não Aplicável
Conde;602061;Fundo Municipal de Saúde do Conde;102025;2025;17135031;Transferências de Recursos do Bloco de Manutenção das Ações e Serviços Públicos de Saúde – Vigilância em Saúde - Principal;Lançamento de Receita;12.033,95;600;Transferências Fundo a Fundo de Recursos do SUS provenientes do Governo Federal - Bloco de Manutenção das Ações e Serviços Públicos de Saúde;"Não ";Não Aplicável
Conde;602061;Fundo Municipal de Saúde do Conde;102025;2025;17135031;Transferências de Recursos do Bloco de Manutenção das Ações e Serviços Públicos de Saúde – Vigilância em Saúde - Principal;Lançamento de Receita;27.324;604;Transferências provenientes do Governo Federal destinadas ao vencimento dos agentes comunitários de saúde e dos agentes de combate às endemias;"Não ";Não Aplicável
Conde;602061;Fundo Municipal de Saúde do Conde;092025;2025;17135031;Transferências de Recursos do Bloco de Manutenção das Ações e Serviços Públicos de Saúde – Vigilância em Saúde - Principal;Lançamento de Receita;40.835,95;600;Transferências Fundo a Fundo de Recursos do SUS provenientes do Governo Federal - Bloco de Manutenção das Ações e Serviços Públicos de Saúde;"Não ";Não Aplicável
Conde;602061;Fundo Municipal de Saúde do Conde;082025;2025;17135031;Transferências de Recursos do Bloco de Manutenção das Ações e Serviços Públicos de Saúde – Vigilância em Saúde - Principal;Lançamento de Receita;42.313,95;600;Transferências Fundo a Fundo de Recursos do SUS provenientes do Governo Federal - Bloco de Manutenção das Ações e Serviços Públicos de Saúde;"Não ";Não Aplicável
Conde;602061;Fundo Municipal de Saúde do Conde;072025;2025;17135031;Transferências de Recursos do Bloco de Manutenção das Ações e Serviços Públicos de Saúde – Vigilância em Saúde - Principal;Lançamento de Receita;48.540,33;600;Transferências Fundo a Fundo de Recursos do SUS provenientes do Governo Federal - Bloco de Manutenção das Ações e Serviços Públicos de Saúde;"Não ";Não Aplicável
Conde;602061;Fundo Municipal de Saúde do Conde;062025;2025;17135031;Transferências de Recursos do Bloco de Manutenção das Ações e Serviços Públicos de Saúde – Vigilância em Saúde - Principal;Lançamento de Receita;39.043,57;600;Transferências Fundo a Fundo de Recursos do SUS provenientes do Governo Federal - Bloco de Manutenção das Ações e Serviços Públicos de Saúde;"Não ";Não Aplicável
Conde;602061;Fundo Municipal de Saúde do Conde;052025;2025;17135031;Transferências de Recursos do Bloco de Manutenção das Ações e Serviços Públicos de Saúde – Vigilância em Saúde - Principal;Lançamento de Receita;27.324;604;Transferências provenientes do Governo Federal destinadas ao vencimento dos agentes comunitários de saúde e dos agentes de combate às endemias;"Não ";Não Aplicável
Conde;602061;Fundo Municipal de Saúde do Conde;052025;2025;17135031;Transferências de Recursos do Bloco de Manutenção das Ações e Serviços Públicos de Saúde – Vigilância em Saúde - Principal;Lançamento de Receita;12.033,95;600;Transferências Fundo a Fundo de Recursos do SUS provenientes do Governo Federal - Bloco de Manutenção das Ações e Serviços Públicos de Saúde;"Não ";Não Aplicável
Conde;602061;Fundo Municipal de Saúde do Conde;042025;2025;17135031;Transferências de Recursos do Bloco de Manutenção das Ações e Serviços Públicos de Saúde – Vigilância em Saúde - Principal;Lançamento de Receita;36.778,3;600;Transferências Fundo a Fundo de Recursos do SUS provenientes do Governo Federal - Bloco de Manutenção das Ações e Serviços Públicos de Saúde;"Não ";Não Aplicável
Conde;602061;Fundo Municipal de Saúde do Conde;042025;2025;17135031;Transferências de Recursos do Bloco de Manutenção das Ações e Serviços Públicos de Saúde – Vigilância em Saúde - Principal;Lançamento de Receita;27.324;604;Transferências provenientes do Governo Federal destinadas ao vencimento dos agentes comunitários de saúde e dos agentes de combate às endemias;"Não ";Não Aplicável
Conde;602061;Fundo Municipal de Saúde do Conde;032025;2025;17135031;Transferências de Recursos do Bloco de Manutenção das Ações e Serviços Públicos de Saúde – Vigilância em Saúde - Principal;Lançamento de Receita;12.033,95;600;Transferências Fundo a Fundo de Recursos do SUS provenientes do Governo Federal - Bloco de Manutenção das Ações e Serviços Públicos de Saúde;"Não ";Não Aplicável
Conde;602061;Fundo Municipal de Saúde do Conde;022025;2025;17135031;Transferências de Recursos do Bloco de Manutenção das Ações e Serviços Públicos de Saúde – Vigilância em Saúde - Principal;Lançamento de Receita;12.033,95;600;Transferências Fundo a Fundo de Recursos do SUS provenientes do Governo Federal - Bloco de Manutenção das Ações e Serviços Públicos de Saúde;"Não ";Não Aplicável
Conde;602061;Fundo Municipal de Saúde do Conde;022025;2025;17135031;Transferências de Recursos do Bloco de Manutenção das Ações e Serviços Públicos de Saúde – Vigilância em Saúde - Principal;Lançamento de Receita;27.324;604;Transferências provenientes do Governo Federal destinadas ao vencimento dos agentes comunitários de saúde e dos agentes de combate às endemias;"Não ";Não Aplicável
Conde;602061;Fundo Municipal de Saúde do Conde;012025;2025;17135031;Transferências de Recursos do Bloco de Manutenção das Ações e Serviços Públicos de Saúde – Vigilância em Saúde - Principal;Lançamento de Receita;10.913,41;600;Transferências Fundo a Fundo de Recursos do SUS provenientes do Governo Federal - Bloco de Manutenção das Ações e Serviços Públicos de Saúde;"Não ";Não Aplicável
Conde;602061;Fundo Municipal de Saúde do Conde;012025;2025;17135031;Transferências de Recursos do Bloco de Manutenção das Ações e Serviços Públicos de Saúde – Vigilância em Saúde - Principal;Lançamento de Receita;27.324;604;Transferências provenientes do Governo Federal destinadas ao vencimento dos agentes comunitários de saúde e dos agentes de combate às endemias;"Não ";Não Aplicável
Conde;602061;Fundo Municipal de Saúde do Conde;122025;2025;17135021;Transferências de Recursos do Bloco de Manutenção das Ações e Serviços Públicos de Saúde – Atenção Especializada - Principal;Lançamento de Receita;365.007,61;600;Transferências Fundo a Fundo de Recursos do SUS provenientes do Governo Federal - Bloco de Manutenção das Ações e Serviços Públicos de Saúde;"Não ";Não Aplicável
Conde;602061;Fundo Municipal de Saúde do Conde;112025;2025;17135021;Transferências de Recursos do Bloco de Manutenção das Ações e Serviços Públicos de Saúde – Atenção Especializada - Principal;Lançamento de Receita;2.165.007,61;600;Transferências Fundo a Fundo de Recursos do SUS provenientes do Governo Federal - Bloco de Manutenção das Ações e Serviços Públicos de Saúde;"Não ";Não Aplicável
Conde;602061;Fundo Municipal de Saúde do Conde;102025;2025;17135021;Transferências de Recursos do Bloco de Manutenção das Ações e Serviços Públicos de Saúde – Atenção Especializada - Principal;Lançamento de Receita;365.007,61;600;Transferências Fundo a Fundo de Recursos do SUS provenientes do Governo Federal - Bloco de Manutenção das Ações e Serviços Públicos de Saúde;"Não ";Não Aplicável
Conde;602061;Fundo Municipal de Saúde do Conde;092025;2025;17135021;Transferências de Recursos do Bloco de Manutenção das Ações e Serviços Públicos de Saúde – Atenção Especializada - Principal;Lançamento de Receita;365.007,61;600;Transferências Fundo a Fundo de Recursos do SUS provenientes do Governo Federal - Bloco de Manutenção das Ações e Serviços Públicos de Saúde;"Não ";Não Aplicável
Conde;602061;Fundo Municipal de Saúde do Conde;082025;2025;17135021;Transferências de Recursos do Bloco de Manutenção das Ações e Serviços Públicos de Saúde – Atenção Especializada - Principal;Lançamento de Receita;365.007,61;600;Transferências Fundo a Fundo de Recursos do SUS provenientes do Governo Federal - Bloco de Manutenção das Ações e Serviços Públicos de Saúde;"Não ";Não Aplicável
Conde;602061;Fundo Municipal de Saúde do Conde;072025;2025;17135021;Transferências de Recursos do Bloco de Manutenção das Ações e Serviços Públicos de Saúde – Atenção Especializada - Principal;Lançamento de Receita;365.007,61;600;Transferências Fundo a Fundo de Recursos do SUS provenientes do Governo Federal - Bloco de Manutenção das Ações e Serviços Públicos de Saúde;"Não ";Não Aplicável
Conde;602061;Fundo Municipal de Saúde do Conde;062025;2025;17135021;Transferências de Recursos do Bloco de Manutenção das Ações e Serviços Públicos de Saúde – Atenção Especializada - Principal;Lançamento de Receita;372.379,59;600;Transferências Fundo a Fundo de Recursos do SUS provenientes do Governo Federal - Bloco de Manutenção das Ações e Serviços Públicos de Saúde;"Não ";Não Aplicável
Conde;602061;Fundo Municipal de Saúde do Conde;052025;2025;17135021;Transferências de Recursos do Bloco de Manutenção das Ações e Serviços Públicos de Saúde – Atenção Especializada - Principal;Lançamento de Receita;365.007,61;600;Transferências Fundo a Fundo de Recursos do SUS provenientes do Governo Federal - Bloco de Manutenção das Ações e Serviços Públicos de Saúde;"Não ";Não Aplicável
Conde;602061;Fundo Municipal de Saúde do Conde;042025;2025;17135021;Transferências de Recursos do Bloco de Manutenção das Ações e Serviços Públicos de Saúde – Atenção Especializada - Principal;Lançamento de Receita;365.007,61;600;Transferências Fundo a Fundo de Recursos do SUS provenientes do Governo Federal - Bloco de Manutenção das Ações e Serviços Públicos de Saúde;"Não ";Não Aplicável
Conde;602061;Fundo Municipal de Saúde do Conde;032025;2025;17135021;Transferências de Recursos do Bloco de Manutenção das Ações e Serviços Públicos de Saúde – Atenção Especializada - Principal;Lançamento de Receita;365.007,61;600;Transferências Fundo a Fundo de Recursos do SUS provenientes do Governo Federal - Bloco de Manutenção das Ações e Serviços Públicos de Saúde;"Não ";Não Aplicável
Conde;602061;Fundo Municipal de Saúde do Conde;022025;2025;17135021;Transferências de Recursos do Bloco de Manutenção das Ações e Serviços Públicos de Saúde – Atenção Especializada - Principal;Lançamento de Receita;365.007,61;600;Transferências Fundo a Fundo de Recursos do SUS provenientes do Governo Federal - Bloco de Manutenção das Ações e Serviços Públicos de Saúde;"Não ";Não Aplicável
Conde;602061;Fundo Municipal de Saúde do Conde;012025;2025;17135021;Transferências de Recursos do Bloco de Manutenção das Ações e Serviços Públicos de Saúde – Atenção Especializada - Principal;Lançamento de Receita;365.432,41;600;Transferências Fundo a Fundo de Recursos do SUS provenientes do Governo Federal - Bloco de Manutenção das Ações e Serviços Públicos de Saúde;"Não ";Não Aplicável
Conde;602061;Fundo Municipal de Saúde do Conde;122025;2025;17135011;Transferências de Recursos do Bloco de Manutenção das Ações e Serviços Públicos de Saúde – Atenção Primária - Principal;Lançamento de Receita;-2.126;604;Transferências provenientes do Governo Federal destinadas ao vencimento dos agentes comunitários de saúde e dos agentes de combate às endemias;"Não ";Não Aplicável
Conde;602061;Fundo Municipal de Saúde do Conde;122025;2025;17135011;Transferências de Recursos do Bloco de Manutenção das Ações e Serviços Públicos de Saúde – Atenção Primária - Principal;Lançamento de Receita;819.143,3;600;Transferências Fundo a Fundo de Recursos do SUS provenientes do Governo Federal - Bloco de Manutenção das Ações e Serviços Públicos de Saúde;"Não ";Não Aplicável
Conde;602061;Fundo Municipal de Saúde do Conde;112025;2025;17135011;Transferências de Recursos do Bloco de Manutenção das Ações e Serviços Públicos de Saúde – Atenção Primária - Principal;Lançamento de Receita;449.791,64;600;Transferências Fundo a Fundo de Recursos do SUS provenientes do Governo Federal - Bloco de Manutenção das Ações e Serviços Públicos de Saúde;"Não ";Não Aplicável
Conde;602061;Fundo Municipal de Saúde do Conde;112025;2025;17135011;Transferências de Recursos do Bloco de Manutenção das Ações e Serviços Públicos de Saúde – Atenção Primária - Principal;Lançamento de Receita;142.692;604;Transferências provenientes do Governo Federal destinadas ao vencimento dos agentes comunitários de saúde e dos agentes de combate às endemias;"Não ";Não Aplicável
Conde;602061;Fundo Municipal de Saúde do Conde;102025;2025;17135011;Transferências de Recursos do Bloco de Manutenção das Ações e Serviços Públicos de Saúde – Atenção Primária - Principal;Lançamento de Receita;118.404;604;Transferências provenientes do Governo Federal destinadas ao vencimento dos agentes comunitários de saúde e dos agentes de combate às endemias;"Não ";Não Aplicável
Conde;602061;Fundo Municipal de Saúde do Conde;102025;2025;17135011;Transferências de Recursos do Bloco de Manutenção das Ações e Serviços Públicos de Saúde – Atenção Primária - Principal;Lançamento de Receita;446.241,64;600;Transferências Fundo a Fundo de Recursos do SUS provenientes do Governo Federal - Bloco de Manutenção das Ações e Serviços Públicos de Saúde;"Não ";Não Aplicável
Conde;602061;Fundo Municipal de Saúde do Conde;092025;2025;17135011;Transferências de Recursos do Bloco de Manutenção das Ações e Serviços Públicos de Saúde – Atenção Primária - Principal;Lançamento de Receita;147.854;604;Transferências provenientes do Governo Federal destinadas ao vencimento dos agentes comunitários de saúde e dos agentes de combate às endemias;"Não ";Não Aplicável
Conde;602061;Fundo Municipal de Saúde do Conde;092025;2025;17135011;Transferências de Recursos do Bloco de Manutenção das Ações e Serviços Públicos de Saúde – Atenção Primária - Principal;Lançamento de Receita;469.505,74;600;Transferências Fundo a Fundo de Recursos do SUS provenientes do Governo Federal - Bloco de Manutenção das Ações e Serviços Públicos de Saúde;"Não ";Não Aplicável
Conde;602061;Fundo Municipal de Saúde do Conde;082025;2025;17135011;Transferências de Recursos do Bloco de Manutenção das Ações e Serviços Públicos de Saúde – Atenção Primária - Principal;Lançamento de Receita;458.749,64;600;Transferências Fundo a Fundo de Recursos do SUS provenientes do Governo Federal - Bloco de Manutenção das Ações e Serviços Públicos de Saúde;"Não ";Não Aplicável
Conde;602061;Fundo Municipal de Saúde do Conde;082025;2025;17135011;Transferências de Recursos do Bloco de Manutenção das Ações e Serviços Públicos de Saúde – Atenção Primária - Principal;Lançamento de Receita;118.404;604;Transferências provenientes do Governo Federal destinadas ao vencimento dos agentes comunitários de saúde e dos agentes de combate às endemias;"Não ";Não Aplicável
Conde;602061;Fundo Municipal de Saúde do Conde;072025;2025;17135011;Transferências de Recursos do Bloco de Manutenção das Ações e Serviços Públicos de Saúde – Atenção Primária - Principal;Lançamento de Receita;809.787,87;600;Transferências Fundo a Fundo de Recursos do SUS provenientes do Governo Federal - Bloco de Manutenção das Ações e Serviços Públicos de Saúde;"Não ";Não Aplicável
Conde;602061;Fundo Municipal de Saúde do Conde;072025;2025;17135011;Transferências de Recursos do Bloco de Manutenção das Ações e Serviços Públicos de Saúde – Atenção Primária - Principal;Lançamento de Receita;118.404;604;Transferências provenientes do Governo Federal destinadas ao vencimento dos agentes comunitários de saúde e dos agentes de combate às endemias;"Não ";Não Aplicável
Conde;602061;Fundo Municipal de Saúde do Conde;062025;2025;17135011;Transferências de Recursos do Bloco de Manutenção das Ações e Serviços Públicos de Saúde – Atenção Primária - Principal;Lançamento de Receita;470.314,14;600;Transferências Fundo a Fundo de Recursos do SUS provenientes do Governo Federal - Bloco de Manutenção das Ações e Serviços Públicos de Saúde;"Não ";Não Aplicável
Conde;602061;Fundo Municipal de Saúde do Conde;062025;2025;17135011;Transferências de Recursos do Bloco de Manutenção das Ações e Serviços Públicos de Saúde – Atenção Primária - Principal;Lançamento de Receita;118.404;604;Transferências provenientes do Governo Federal destinadas ao vencimento dos agentes comunitários de saúde e dos agentes de combate às endemias;"Não ";Não Aplicável
Conde;602061;Fundo Municipal de Saúde do Conde;052025;2025;17135011;Transferências de Recursos do Bloco de Manutenção das Ações e Serviços Públicos de Saúde – Atenção Primária - Principal;Lançamento de Receita;106.260;604;Transferências provenientes do Governo Federal destinadas ao vencimento dos agentes comunitários de saúde e dos agentes de combate às endemias;"Não ";Não Aplicável
Conde;602061;Fundo Municipal de Saúde do Conde;052025;2025;17135011;Transferências de Recursos do Bloco de Manutenção das Ações e Serviços Públicos de Saúde – Atenção Primária - Principal;Lançamento de Receita;529.201,68;600;Transferências Fundo a Fundo de Recursos do SUS provenientes do Governo Federal - Bloco de Manutenção das Ações e Serviços Públicos de Saúde;"Não ";Não Aplicável
Conde;602061;Fundo Municipal de Saúde do Conde;042025;2025;17135011;Transferências de Recursos do Bloco de Manutenção das Ações e Serviços Públicos de Saúde – Atenção Primária - Principal;Lançamento de Receita;483.062,54;600;Transferências Fundo a Fundo de Recursos do SUS provenientes do Governo Federal - Bloco de Manutenção das Ações e Serviços Públicos de Saúde;"Não ";Não Aplicável
Conde;602061;Fundo Municipal de Saúde do Conde;042025;2025;17135011;Transferências de Recursos do Bloco de Manutenção das Ações e Serviços Públicos de Saúde – Atenção Primária - Principal;Lançamento de Receita;106.260;604;Transferências provenientes do Governo Federal destinadas ao vencimento dos agentes comunitários de saúde e dos agentes de combate às endemias;"Não ";Não Aplicável
Conde;602061;Fundo Municipal de Saúde do Conde;032025;2025;17135011;Transferências de Recursos do Bloco de Manutenção das Ações e Serviços Públicos de Saúde – Atenção Primária - Principal;Lançamento de Receita;457.765,74;600;Transferências Fundo a Fundo de Recursos do SUS provenientes do Governo Federal - Bloco de Manutenção das Ações e Serviços Públicos de Saúde;"Não ";Não Aplicável
Conde;602061;Fundo Municipal de Saúde do Conde;032025;2025;17135011;Transferências de Recursos do Bloco de Manutenção das Ações e Serviços Públicos de Saúde – Atenção Primária - Principal;Lançamento de Receita;133.584;604;Transferências provenientes do Governo Federal destinadas ao vencimento dos agentes comunitários de saúde e dos agentes de combate às endemias;"Não ";Não Aplicável
Conde;602061;Fundo Municipal de Saúde do Conde;022025;2025;17135011;Transferências de Recursos do Bloco de Manutenção das Ações e Serviços Públicos de Saúde – Atenção Primária - Principal;Lançamento de Receita;503.827,42;600;Transferências Fundo a Fundo de Recursos do SUS provenientes do Governo Federal - Bloco de Manutenção das Ações e Serviços Públicos de Saúde;"Não ";Não Aplicável
Conde;602061;Fundo Municipal de Saúde do Conde;022025;2025;17135011;Transferências de Recursos do Bloco de Manutenção das Ações e Serviços Públicos de Saúde – Atenção Primária - Principal;Lançamento de Receita;106.260;604;Transferências provenientes do Governo Federal destinadas ao vencimento dos agentes comunitários de saúde e dos agentes de combate às endemias;"Não ";Não Aplicável
Conde;602061;Fundo Municipal de Saúde do Conde;012025;2025;17135011;Transferências de Recursos do Bloco de Manutenção das Ações e Serviços Públicos de Saúde – Atenção Primária - Principal;Lançamento de Receita;516.988,08;600;Transferências Fundo a Fundo de Recursos do SUS provenientes do Governo Federal - Bloco de Manutenção das Ações e Serviços Públicos de Saúde;"Não ";Não Aplicável
Conde;602061;Fundo Municipal de Saúde do Conde;012025;2025;17135011;Transferências de Recursos do Bloco de Manutenção das Ações e Serviços Públicos de Saúde – Atenção Primária - Principal;Lançamento de Receita;109.296;604;Transferências provenientes do Governo Federal destinadas ao vencimento dos agentes comunitários de saúde e dos agentes de combate às endemias;"Não ";Não Aplicável
Conde;602061;Fundo Municipal de Saúde do Conde;122025;2025;13210101;Remuneração de Depósitos Bancários - Principal;Lançamento de Receita;151.617,95;600;Transferências Fundo a Fundo de Recursos do SUS provenientes do Governo Federal - Bloco de Manutenção das Ações e Serviços Públicos de Saúde;"Não ";Não Aplicável
Conde;602061;Fundo Municipal de Saúde do Conde;122025;2025;13210101;Remuneração de Depósitos Bancários - Principal;Lançamento de Receita;-1.385,4;605;Assistência financeira da União destinada à complementação ao pagamento dos pisos salariais para profissionais da enfermagem;"Não ";Não Aplicável
Conde;602061;Fundo Municipal de Saúde do Conde;112025;2025;13210101;Remuneração de Depósitos Bancários - Principal;Lançamento de Receita;66.768,37;600;Transferências Fundo a Fundo de Recursos do SUS provenientes do Governo Federal - Bloco de Manutenção das Ações e Serviços Públicos de Saúde;"Não ";Não Aplicável
Conde;602061;Fundo Municipal de Saúde do Conde;102025;2025;13210101;Remuneração de Depósitos Bancários - Principal;Lançamento de Receita;14.625,24;500;Recursos não vinculados de Impostos;"Não ";Não Aplicável
Conde;602061;Fundo Municipal de Saúde do Conde;102025;2025;13210101;Remuneração de Depósitos Bancários - Principal;Lançamento de Receita;71.280,09;600;Transferências Fundo a Fundo de Recursos do SUS provenientes do Governo Federal - Bloco de Manutenção das Ações e Serviços Públicos de Saúde;"Não ";Não Aplicável
Conde;602061;Fundo Municipal de Saúde do Conde;092025;2025;13210101;Remuneração de Depósitos Bancários - Principal;Lançamento de Receita;3.068,15;601;Transferências Fundo a Fundo de Recursos do SUS provenientes do Governo Federal - Bloco de Estruturação da Rede de Serviços Públicos de Saúde;"Não ";Não Aplicável
Conde;602061;Fundo Municipal de Saúde do Conde;092025;2025;13210101;Remuneração de Depósitos Bancários - Principal;Lançamento de Receita;87.001,1;600;Transferências Fundo a Fundo de Recursos do SUS provenientes do Governo Federal - Bloco de Manutenção das Ações e Serviços Públicos de Saúde;"Não ";Não Aplicável
Conde;602061;Fundo Municipal de Saúde do Conde;082025;2025;13210101;Remuneração de Depósitos Bancários - Principal;Lançamento de Receita;82.803,58;600;Transferências Fundo a Fundo de Recursos do SUS provenientes do Governo Federal - Bloco de Manutenção das Ações e Serviços Públicos de Saúde;"Não ";Não Aplicável
Conde;602061;Fundo Municipal de Saúde do Conde;082025;2025;13210101;Remuneração de Depósitos Bancários - Principal;Lançamento de Receita;0,04;601;Transferências Fundo a Fundo de Recursos do SUS provenientes do Governo Federal - Bloco de Estruturação da Rede de Serviços Públicos de Saúde;"Não ";Não Aplicável
Conde;602061;Fundo Municipal de Saúde do Conde;072025;2025;13210101;Remuneração de Depósitos Bancários - Principal;Lançamento de Receita;4.924,94;621;"Transferências Fundo a Fundo de Recursos do SUS provenientes do Governo Estadual ";"Não ";Não Aplicável
Conde;602061;Fundo Municipal de Saúde do Conde;072025;2025;13210101;Remuneração de Depósitos Bancários - Principal;Lançamento de Receita;12.185,14;601;Transferências Fundo a Fundo de Recursos do SUS provenientes do Governo Federal - Bloco de Estruturação da Rede de Serviços Públicos de Saúde;"Não ";Não Aplicável
Conde;602061;Fundo Municipal de Saúde do Conde;072025;2025;13210101;Remuneração de Depósitos Bancários - Principal;Lançamento de Receita;65.003,89;600;Transferências Fundo a Fundo de Recursos do SUS provenientes do Governo Federal - Bloco de Manutenção das Ações e Serviços Públicos de Saúde;"Não ";Não Aplicável
Conde;602061;Fundo Municipal de Saúde do Conde;062025;2025;13210101;Remuneração de Depósitos Bancários - Principal;Lançamento de Receita;74.186,89;600;Transferências Fundo a Fundo de Recursos do SUS provenientes do Governo Federal - Bloco de Manutenção das Ações e Serviços Públicos de Saúde;"Não ";Não Aplicável
Conde;602061;Fundo Municipal de Saúde do Conde;052025;2025;13210101;Remuneração de Depósitos Bancários - Principal;Lançamento de Receita;41.795,59;600;Transferências Fundo a Fundo de Recursos do SUS provenientes do Governo Federal - Bloco de Manutenção das Ações e Serviços Públicos de Saúde;"Não ";Não Aplicável
Conde;602061;Fundo Municipal de Saúde do Conde;052025;2025;13210101;Remuneração de Depósitos Bancários - Principal;Lançamento de Receita;2.796,23;749;Outras vinculações de transferências;"Não ";Não Aplicável
Conde;602061;Fundo Municipal de Saúde do Conde;052025;2025;13210101;Remuneração de Depósitos Bancários - Principal;Lançamento de Receita;1.385,4;605;Assistência financeira da União destinada à complementação ao pagamento dos pisos salariais para profissionais da enfermagem;"Não ";Não Aplicável
Conde;602061;Fundo Municipal de Saúde do Conde;052025;2025;13210101;Remuneração de Depósitos Bancários - Principal;Lançamento de Receita;28.082,61;601;Transferências Fundo a Fundo de Recursos do SUS provenientes do Governo Federal - Bloco de Estruturação da Rede de Serviços Públicos de Saúde;"Não ";Não Aplicável
Conde;602061;Fundo Municipal de Saúde do Conde;052025;2025;13210101;Remuneração de Depósitos Bancários - Principal;Lançamento de Receita;2.184,39;631;"Transferências do Governo Federal referentes a Convênios e outros Repasses vinculados à Saúde ";"Não ";Não Aplicável
Conde;602061;Fundo Municipal de Saúde do Conde;042025;2025;13210101;Remuneração de Depósitos Bancários - Principal;Lançamento de Receita;67.052,62;600;Transferências Fundo a Fundo de Recursos do SUS provenientes do Governo Federal - Bloco de Manutenção das Ações e Serviços Públicos de Saúde;"Não ";Não Aplicável
Conde;602061;Fundo Municipal de Saúde do Conde;032025;2025;13210101;Remuneração de Depósitos Bancários - Principal;Lançamento de Receita;52.033,43;600;Transferências Fundo a Fundo de Recursos do SUS provenientes do Governo Federal - Bloco de Manutenção das Ações e Serviços Públicos de Saúde;"Não ";Não Aplicável
Conde;602061;Fundo Municipal de Saúde do Conde;022025;2025;13210101;Remuneração de Depósitos Bancários - Principal;Lançamento de Receita;62.823,27;600;Transferências Fundo a Fundo de Recursos do SUS provenientes do Governo Federal - Bloco de Manutenção das Ações e Serviços Públicos de Saúde;"Não ";Não Aplicável
Conde;602061;Fundo Municipal de Saúde do Conde;022025;2025;13210101;Remuneração de Depósitos Bancários - Principal;Lançamento de Receita;427,66;601;Transferências Fundo a Fundo de Recursos do SUS provenientes do Governo Federal - Bloco de Estruturação da Rede de Serviços Públicos de Saúde;"Não ";Não Aplicável
Conde;602061;Fundo Municipal de Saúde do Conde;012025;2025;13210101;Remuneração de Depósitos Bancários - Principal;Lançamento de Receita;53.963,75;600;Transferências Fundo a Fundo de Recursos do SUS provenientes do Governo Federal - Bloco de Manutenção das Ações e Serviços Públicos de Saúde;"Não ";Não Aplicável
Conde;602061;Fundo Municipal de Saúde do Conde;012025;2025;13210101;Remuneração de Depósitos Bancários - Principal;Lançamento de Receita;8.898,12;500;Recursos não vinculados de Impostos;"Não ";Não Aplicável
Conde;602061;Fundo Municipal de Saúde do Conde;012025;2025;13210101;Remuneração de Depósitos Bancários - Principal;Lançamento de Receita;16.884,45;601;Transferências Fundo a Fundo de Recursos do SUS provenientes do Governo Federal - Bloco de Estruturação da Rede de Serviços Públicos de Saúde;"Não ";Não Aplicável
