municipio;codigo_unidade_gestora;descricao_unidade_gestora;mes_ano;ano;codigo_receita;descricao_receita;tipo_atualizacao_receita;valor;codigo_fonte_recurso;descricao_fonte_recurso;co;descricao_co
Caaporã;201038;Prefeitura Municipal de Caaporã;072025;2025;24299901;Outras Transferências de Recursos dos Estados - Principal;Lançamento de Receita;0;710;Transferência Especial dos Estados;"Não ";Não Aplicável
Caaporã;201038;Prefeitura Municipal de Caaporã;072025;2025;24299901;Outras Transferências de Recursos dos Estados - Principal;Lançamento de Receita;300.000;710;Transferência Especial dos Estados;3210;Identificação das Transferências dos Estados decorrentes de emendas parlamentares individuais
Caaporã;201038;Prefeitura Municipal de Caaporã;122025;2025;24199901;Outras Transferências de Recursos da União e de suas Entidades - Principal;Lançamento de Receita;1.980.000;706;"Transferência Especial da União ";3110;Identificação das Transferências da União decorrentes de emendas parlamentares individuais
Caaporã;201038;Prefeitura Municipal de Caaporã;022025;2025;24149901;Outras Transferências de Convênios da União e de Suas Entidades - Principal;Lançamento de Receita;288.497,91;700;Outras Transferências de Convênios ou Repasses da União;"Não ";Não Aplicável
Caaporã;201038;Prefeitura Municipal de Caaporã;012025;2025;24115111;Transferências de Recursos do Bloco de Estruturação da Rede de Serviços Públicos de Saúde - Atenção Primária - Principal;Lançamento de Receita;45.654,23;601;Transferências Fundo a Fundo de Recursos do SUS provenientes do Governo Federal - Bloco de Estruturação da Rede de Serviços Públicos de Saúde;"Não ";Não Aplicável
Caaporã;201038;Prefeitura Municipal de Caaporã;122025;2025;19999911;Outras Receitas Administradas pela RFB - Principal;Lançamento de Receita;53.957,65;500;Recursos não vinculados de Impostos;"Não ";Não Aplicável
Caaporã;201038;Prefeitura Municipal de Caaporã;102025;2025;19999911;Outras Receitas Administradas pela RFB - Principal;Lançamento de Receita;10.052,88;500;Recursos não vinculados de Impostos;"Não ";Não Aplicável
Caaporã;201038;Prefeitura Municipal de Caaporã;052025;2025;19999911;Outras Receitas Administradas pela RFB - Principal;Lançamento de Receita;-214.472,64;500;Recursos não vinculados de Impostos;"Não ";Não Aplicável
Caaporã;201038;Prefeitura Municipal de Caaporã;032025;2025;19999911;Outras Receitas Administradas pela RFB - Principal;Lançamento de Receita;214.905,13;500;Recursos não vinculados de Impostos;"Não ";Não Aplicável
Caaporã;201038;Prefeitura Municipal de Caaporã;022025;2025;19999911;Outras Receitas Administradas pela RFB - Principal;Lançamento de Receita;650,22;500;Recursos não vinculados de Impostos;"Não ";Não Aplicável
Caaporã;201038;Prefeitura Municipal de Caaporã;122025;2025;19229901;Outras Restituições - Principal;Lançamento de Receita;0,9;500;Recursos não vinculados de Impostos;"Não ";Não Aplicável
Caaporã;201038;Prefeitura Municipal de Caaporã;112025;2025;19229901;Outras Restituições - Principal;Lançamento de Receita;4.629,9;500;Recursos não vinculados de Impostos;"Não ";Não Aplicável
Caaporã;201038;Prefeitura Municipal de Caaporã;092025;2025;19229901;Outras Restituições - Principal;Lançamento de Receita;4.801,26;500;Recursos não vinculados de Impostos;"Não ";Não Aplicável
Caaporã;201038;Prefeitura Municipal de Caaporã;072025;2025;19229901;Outras Restituições - Principal;Lançamento de Receita;3.263,7;500;Recursos não vinculados de Impostos;"Não ";Não Aplicável
Caaporã;201038;Prefeitura Municipal de Caaporã;062025;2025;19229901;Outras Restituições - Principal;Lançamento de Receita;4.166,91;500;Recursos não vinculados de Impostos;"Não ";Não Aplicável
Caaporã;201038;Prefeitura Municipal de Caaporã;062025;2025;19229901;Outras Restituições - Principal;Lançamento de Receita;1.466,13;500;Recursos não vinculados de Impostos;1002;Identificação das despesas com ações e serviços públicos de saúde
Caaporã;201038;Prefeitura Municipal de Caaporã;062025;2025;19229901;Outras Restituições - Principal;Lançamento de Receita;2.083,46;500;Recursos não vinculados de Impostos;1001;Identificação das despesas com manutenção e desenvolvimento do ensino
Caaporã;201038;Prefeitura Municipal de Caaporã;042025;2025;19229901;Outras Restituições - Principal;Lançamento de Receita;6.783,2;500;Recursos não vinculados de Impostos;"Não ";Não Aplicável
Caaporã;201038;Prefeitura Municipal de Caaporã;012025;2025;19229901;Outras Restituições - Principal;Lançamento de Receita;5.383,34;500;Recursos não vinculados de Impostos;"Não ";Não Aplicável
Caaporã;201038;Prefeitura Municipal de Caaporã;122025;2025;17515001;Transferências de Recursos do Fundo de Manutenção e Desenvolvimento da Educação Básica e de Valorização dos Profissionais da Educação – FUNDEB - Principal;Lançamento de Receita;-155.088,81;500;Recursos não vinculados de Impostos;1002;Identificação das despesas com ações e serviços públicos de saúde
Caaporã;201038;Prefeitura Municipal de Caaporã;122025;2025;17515001;Transferências de Recursos do Fundo de Manutenção e Desenvolvimento da Educação Básica e de Valorização dos Profissionais da Educação – FUNDEB - Principal;Lançamento de Receita;-440.778,64;500;Recursos não vinculados de Impostos;"Não ";Não Aplicável
Caaporã;201038;Prefeitura Municipal de Caaporã;122025;2025;17515001;Transferências de Recursos do Fundo de Manutenção e Desenvolvimento da Educação Básica e de Valorização dos Profissionais da Educação – FUNDEB - Principal;Lançamento de Receita;3.275.390,67;540;Transferências do FUNDEB - Impostos e Transferências de Impostos;1070;Identificação do percentual aplicado no pagamento da remuneração dos profissionais da educação básica em efetivo exercício
Caaporã;201038;Prefeitura Municipal de Caaporã;122025;2025;17515001;Transferências de Recursos do Fundo de Manutenção e Desenvolvimento da Educação Básica e de Valorização dos Profissionais da Educação – FUNDEB - Principal;Lançamento de Receita;-220.389,33;500;Recursos não vinculados de Impostos;1001;Identificação das despesas com manutenção e desenvolvimento do ensino
Caaporã;201038;Prefeitura Municipal de Caaporã;122025;2025;17515001;Transferências de Recursos do Fundo de Manutenção e Desenvolvimento da Educação Básica e de Valorização dos Profissionais da Educação – FUNDEB - Principal;Lançamento de Receita;406.892,3;540;Transferências do FUNDEB - Impostos e Transferências de Impostos;"Não ";Não Aplicável
Caaporã;201038;Prefeitura Municipal de Caaporã;112025;2025;17515001;Transferências de Recursos do Fundo de Manutenção e Desenvolvimento da Educação Básica e de Valorização dos Profissionais da Educação – FUNDEB - Principal;Lançamento de Receita;257.987,74;540;Transferências do FUNDEB - Impostos e Transferências de Impostos;"Não ";Não Aplicável
Caaporã;201038;Prefeitura Municipal de Caaporã;112025;2025;17515001;Transferências de Recursos do Fundo de Manutenção e Desenvolvimento da Educação Básica e de Valorização dos Profissionais da Educação – FUNDEB - Principal;Lançamento de Receita;2.076.743,23;540;Transferências do FUNDEB - Impostos e Transferências de Impostos;1070;Identificação do percentual aplicado no pagamento da remuneração dos profissionais da educação básica em efetivo exercício
Caaporã;201038;Prefeitura Municipal de Caaporã;102025;2025;17515001;Transferências de Recursos do Fundo de Manutenção e Desenvolvimento da Educação Básica e de Valorização dos Profissionais da Educação – FUNDEB - Principal;Lançamento de Receita;1.806.375,16;540;Transferências do FUNDEB - Impostos e Transferências de Impostos;1070;Identificação do percentual aplicado no pagamento da remuneração dos profissionais da educação básica em efetivo exercício
Caaporã;201038;Prefeitura Municipal de Caaporã;102025;2025;17515001;Transferências de Recursos do Fundo de Manutenção e Desenvolvimento da Educação Básica e de Valorização dos Profissionais da Educação – FUNDEB - Principal;Lançamento de Receita;224.400,71;540;Transferências do FUNDEB - Impostos e Transferências de Impostos;"Não ";Não Aplicável
Caaporã;201038;Prefeitura Municipal de Caaporã;092025;2025;17515001;Transferências de Recursos do Fundo de Manutenção e Desenvolvimento da Educação Básica e de Valorização dos Profissionais da Educação – FUNDEB - Principal;Lançamento de Receita;228.473;540;Transferências do FUNDEB - Impostos e Transferências de Impostos;"Não ";Não Aplicável
Caaporã;201038;Prefeitura Municipal de Caaporã;092025;2025;17515001;Transferências de Recursos do Fundo de Manutenção e Desenvolvimento da Educação Básica e de Valorização dos Profissionais da Educação – FUNDEB - Principal;Lançamento de Receita;1.839.155,77;540;Transferências do FUNDEB - Impostos e Transferências de Impostos;1070;Identificação do percentual aplicado no pagamento da remuneração dos profissionais da educação básica em efetivo exercício
Caaporã;201038;Prefeitura Municipal de Caaporã;082025;2025;17515001;Transferências de Recursos do Fundo de Manutenção e Desenvolvimento da Educação Básica e de Valorização dos Profissionais da Educação – FUNDEB - Principal;Lançamento de Receita;260.451,12;540;Transferências do FUNDEB - Impostos e Transferências de Impostos;"Não ";Não Aplicável
Caaporã;201038;Prefeitura Municipal de Caaporã;082025;2025;17515001;Transferências de Recursos do Fundo de Manutenção e Desenvolvimento da Educação Básica e de Valorização dos Profissionais da Educação – FUNDEB - Principal;Lançamento de Receita;2.096.572,44;540;Transferências do FUNDEB - Impostos e Transferências de Impostos;1070;Identificação do percentual aplicado no pagamento da remuneração dos profissionais da educação básica em efetivo exercício
Caaporã;201038;Prefeitura Municipal de Caaporã;072025;2025;17515001;Transferências de Recursos do Fundo de Manutenção e Desenvolvimento da Educação Básica e de Valorização dos Profissionais da Educação – FUNDEB - Principal;Lançamento de Receita;85.663,43;500;Recursos não vinculados de Impostos;1001;Identificação das despesas com manutenção e desenvolvimento do ensino
Caaporã;201038;Prefeitura Municipal de Caaporã;072025;2025;17515001;Transferências de Recursos do Fundo de Manutenção e Desenvolvimento da Educação Básica e de Valorização dos Profissionais da Educação – FUNDEB - Principal;Lançamento de Receita;185.731,96;540;Transferências do FUNDEB - Impostos e Transferências de Impostos;"Não ";Não Aplicável
Caaporã;201038;Prefeitura Municipal de Caaporã;072025;2025;17515001;Transferências de Recursos do Fundo de Manutenção e Desenvolvimento da Educação Básica e de Valorização dos Profissionais da Educação – FUNDEB - Principal;Lançamento de Receita;1.495.100,18;540;Transferências do FUNDEB - Impostos e Transferências de Impostos;1070;Identificação do percentual aplicado no pagamento da remuneração dos profissionais da educação básica em efetivo exercício
Caaporã;201038;Prefeitura Municipal de Caaporã;072025;2025;17515001;Transferências de Recursos do Fundo de Manutenção e Desenvolvimento da Educação Básica e de Valorização dos Profissionais da Educação – FUNDEB - Principal;Lançamento de Receita;171.326,84;500;Recursos não vinculados de Impostos;"Não ";Não Aplicável
Caaporã;201038;Prefeitura Municipal de Caaporã;072025;2025;17515001;Transferências de Recursos do Fundo de Manutenção e Desenvolvimento da Educação Básica e de Valorização dos Profissionais da Educação – FUNDEB - Principal;Lançamento de Receita;60.281,68;500;Recursos não vinculados de Impostos;1002;Identificação das despesas com ações e serviços públicos de saúde
Caaporã;201038;Prefeitura Municipal de Caaporã;062025;2025;17515001;Transferências de Recursos do Fundo de Manutenção e Desenvolvimento da Educação Básica e de Valorização dos Profissionais da Educação – FUNDEB - Principal;Lançamento de Receita;134.725,9;500;Recursos não vinculados de Impostos;1001;Identificação das despesas com manutenção e desenvolvimento do ensino
Caaporã;201038;Prefeitura Municipal de Caaporã;062025;2025;17515001;Transferências de Recursos do Fundo de Manutenção e Desenvolvimento da Educação Básica e de Valorização dos Profissionais da Educação – FUNDEB - Principal;Lançamento de Receita;94.807,13;500;Recursos não vinculados de Impostos;1002;Identificação das despesas com ações e serviços públicos de saúde
Caaporã;201038;Prefeitura Municipal de Caaporã;062025;2025;17515001;Transferências de Recursos do Fundo de Manutenção e Desenvolvimento da Educação Básica e de Valorização dos Profissionais da Educação – FUNDEB - Principal;Lançamento de Receita;1.785.755,77;540;Transferências do FUNDEB - Impostos e Transferências de Impostos;1070;Identificação do percentual aplicado no pagamento da remuneração dos profissionais da educação básica em efetivo exercício
Caaporã;201038;Prefeitura Municipal de Caaporã;062025;2025;17515001;Transferências de Recursos do Fundo de Manutenção e Desenvolvimento da Educação Básica e de Valorização dos Profissionais da Educação – FUNDEB - Principal;Lançamento de Receita;269.451,8;500;Recursos não vinculados de Impostos;"Não ";Não Aplicável
Caaporã;201038;Prefeitura Municipal de Caaporã;062025;2025;17515001;Transferências de Recursos do Fundo de Manutenção e Desenvolvimento da Educação Básica e de Valorização dos Profissionais da Educação – FUNDEB - Principal;Lançamento de Receita;221.839,24;540;Transferências do FUNDEB - Impostos e Transferências de Impostos;"Não ";Não Aplicável
Caaporã;201038;Prefeitura Municipal de Caaporã;052025;2025;17515001;Transferências de Recursos do Fundo de Manutenção e Desenvolvimento da Educação Básica e de Valorização dos Profissionais da Educação – FUNDEB - Principal;Lançamento de Receita;275.965,66;540;Transferências do FUNDEB - Impostos e Transferências de Impostos;"Não ";Não Aplicável
Caaporã;201038;Prefeitura Municipal de Caaporã;052025;2025;17515001;Transferências de Recursos do Fundo de Manutenção e Desenvolvimento da Educação Básica e de Valorização dos Profissionais da Educação – FUNDEB - Principal;Lançamento de Receita;2.221.461,17;540;Transferências do FUNDEB - Impostos e Transferências de Impostos;1070;Identificação do percentual aplicado no pagamento da remuneração dos profissionais da educação básica em efetivo exercício
Caaporã;201038;Prefeitura Municipal de Caaporã;042025;2025;17515001;Transferências de Recursos do Fundo de Manutenção e Desenvolvimento da Educação Básica e de Valorização dos Profissionais da Educação – FUNDEB - Principal;Lançamento de Receita;1.933.582,64;540;Transferências do FUNDEB - Impostos e Transferências de Impostos;1070;Identificação do percentual aplicado no pagamento da remuneração dos profissionais da educação básica em efetivo exercício
Caaporã;201038;Prefeitura Municipal de Caaporã;042025;2025;17515001;Transferências de Recursos do Fundo de Manutenção e Desenvolvimento da Educação Básica e de Valorização dos Profissionais da Educação – FUNDEB - Principal;Lançamento de Receita;240.203,33;540;Transferências do FUNDEB - Impostos e Transferências de Impostos;"Não ";Não Aplicável
Caaporã;201038;Prefeitura Municipal de Caaporã;032025;2025;17515001;Transferências de Recursos do Fundo de Manutenção e Desenvolvimento da Educação Básica e de Valorização dos Profissionais da Educação – FUNDEB - Principal;Lançamento de Receita;234.581,25;540;Transferências do FUNDEB - Impostos e Transferências de Impostos;"Não ";Não Aplicável
Caaporã;201038;Prefeitura Municipal de Caaporã;032025;2025;17515001;Transferências de Recursos do Fundo de Manutenção e Desenvolvimento da Educação Básica e de Valorização dos Profissionais da Educação – FUNDEB - Principal;Lançamento de Receita;1.888.326,02;540;Transferências do FUNDEB - Impostos e Transferências de Impostos;1070;Identificação do percentual aplicado no pagamento da remuneração dos profissionais da educação básica em efetivo exercício
Caaporã;201038;Prefeitura Municipal de Caaporã;022025;2025;17515001;Transferências de Recursos do Fundo de Manutenção e Desenvolvimento da Educação Básica e de Valorização dos Profissionais da Educação – FUNDEB - Principal;Lançamento de Receita;2.408.220,29;540;Transferências do FUNDEB - Impostos e Transferências de Impostos;1070;Identificação do percentual aplicado no pagamento da remuneração dos profissionais da educação básica em efetivo exercício
Caaporã;201038;Prefeitura Municipal de Caaporã;022025;2025;17515001;Transferências de Recursos do Fundo de Manutenção e Desenvolvimento da Educação Básica e de Valorização dos Profissionais da Educação – FUNDEB - Principal;Lançamento de Receita;299.166,25;540;Transferências do FUNDEB - Impostos e Transferências de Impostos;"Não ";Não Aplicável
Caaporã;201038;Prefeitura Municipal de Caaporã;012025;2025;17515001;Transferências de Recursos do Fundo de Manutenção e Desenvolvimento da Educação Básica e de Valorização dos Profissionais da Educação – FUNDEB - Principal;Lançamento de Receita;260.431,73;540;Transferências do FUNDEB - Impostos e Transferências de Impostos;"Não ";Não Aplicável
Caaporã;201038;Prefeitura Municipal de Caaporã;012025;2025;17515001;Transferências de Recursos do Fundo de Manutenção e Desenvolvimento da Educação Básica e de Valorização dos Profissionais da Educação – FUNDEB - Principal;Lançamento de Receita;2.096.416,54;540;Transferências do FUNDEB - Impostos e Transferências de Impostos;1070;Identificação do percentual aplicado no pagamento da remuneração dos profissionais da educação básica em efetivo exercício
Caaporã;201038;Prefeitura Municipal de Caaporã;062025;2025;17295101;Transferências de Estados destinadas à Assistência Social - Principal;Lançamento de Receita;67.912,78;661;Transferência de Recursos dos Fundos Estaduais de Assistência Social;"Não ";Não Aplicável
Caaporã;201038;Prefeitura Municipal de Caaporã;122025;2025;17235001;Transferências de Recursos do Sistema Único de Saúde – SUS - Principal;Lançamento de Receita;29.815,91;621;"Transferências Fundo a Fundo de Recursos do SUS provenientes do Governo Estadual ";"Não ";Não Aplicável
Caaporã;201038;Prefeitura Municipal de Caaporã;112025;2025;17235001;Transferências de Recursos do Sistema Único de Saúde – SUS - Principal;Lançamento de Receita;25.315,91;621;"Transferências Fundo a Fundo de Recursos do SUS provenientes do Governo Estadual ";"Não ";Não Aplicável
Caaporã;201038;Prefeitura Municipal de Caaporã;102025;2025;17235001;Transferências de Recursos do Sistema Único de Saúde – SUS - Principal;Lançamento de Receita;50.631,82;621;"Transferências Fundo a Fundo de Recursos do SUS provenientes do Governo Estadual ";"Não ";Não Aplicável
Caaporã;201038;Prefeitura Municipal de Caaporã;082025;2025;17235001;Transferências de Recursos do Sistema Único de Saúde – SUS - Principal;Lançamento de Receita;50.631,82;621;"Transferências Fundo a Fundo de Recursos do SUS provenientes do Governo Estadual ";"Não ";Não Aplicável
Caaporã;201038;Prefeitura Municipal de Caaporã;062025;2025;17235001;Transferências de Recursos do Sistema Único de Saúde – SUS - Principal;Lançamento de Receita;50.631,82;621;"Transferências Fundo a Fundo de Recursos do SUS provenientes do Governo Estadual ";"Não ";Não Aplicável
Caaporã;201038;Prefeitura Municipal de Caaporã;062025;2025;17235001;Transferências de Recursos do Sistema Único de Saúde – SUS - Principal;Lançamento de Receita;25.315,91;661;Transferência de Recursos dos Fundos Estaduais de Assistência Social;"Não ";Não Aplicável
Caaporã;201038;Prefeitura Municipal de Caaporã;032025;2025;17235001;Transferências de Recursos do Sistema Único de Saúde – SUS - Principal;Lançamento de Receita;75.947,73;621;"Transferências Fundo a Fundo de Recursos do SUS provenientes do Governo Estadual ";"Não ";Não Aplicável
Caaporã;201038;Prefeitura Municipal de Caaporã;102025;2025;17215301;Cota-Parte da Contribuição de Intervenção no Domínio Econômico - Principal;Lançamento de Receita;6.312,85;750;Recursos da Contribuição de Intervenção no Domínio Econômico - CIDE;"Não ";Não Aplicável
Caaporã;201038;Prefeitura Municipal de Caaporã;072025;2025;17215301;Cota-Parte da Contribuição de Intervenção no Domínio Econômico - Principal;Lançamento de Receita;1.137,44;500;Recursos não vinculados de Impostos;1002;Identificação das despesas com ações e serviços públicos de saúde
Caaporã;201038;Prefeitura Municipal de Caaporã;072025;2025;17215301;Cota-Parte da Contribuição de Intervenção no Domínio Econômico - Principal;Lançamento de Receita;1.616,35;500;Recursos não vinculados de Impostos;1001;Identificação das despesas com manutenção e desenvolvimento do ensino
Caaporã;201038;Prefeitura Municipal de Caaporã;072025;2025;17215301;Cota-Parte da Contribuição de Intervenção no Domínio Econômico - Principal;Lançamento de Receita;3.232,7;500;Recursos não vinculados de Impostos;"Não ";Não Aplicável
Caaporã;201038;Prefeitura Municipal de Caaporã;042025;2025;17215301;Cota-Parte da Contribuição de Intervenção no Domínio Econômico - Principal;Lançamento de Receita;5.442,34;750;Recursos da Contribuição de Intervenção no Domínio Econômico - CIDE;"Não ";Não Aplicável
Caaporã;201038;Prefeitura Municipal de Caaporã;012025;2025;17215301;Cota-Parte da Contribuição de Intervenção no Domínio Econômico - Principal;Lançamento de Receita;5.874,98;750;Recursos da Contribuição de Intervenção no Domínio Econômico - CIDE;"Não ";Não Aplicável
Caaporã;201038;Prefeitura Municipal de Caaporã;122025;2025;17215201;Cota-Parte do IPI - Municípios - Principal;Lançamento de Receita;329,39;500;Recursos não vinculados de Impostos;"Não ";Não Aplicável
Caaporã;201038;Prefeitura Municipal de Caaporã;122025;2025;17215201;Cota-Parte do IPI - Municípios - Principal;Lançamento de Receita;115,89;500;Recursos não vinculados de Impostos;1002;Identificação das despesas com ações e serviços públicos de saúde
Caaporã;201038;Prefeitura Municipal de Caaporã;122025;2025;17215201;Cota-Parte do IPI - Municípios - Principal;Lançamento de Receita;164,69;500;Recursos não vinculados de Impostos;1001;Identificação das despesas com manutenção e desenvolvimento do ensino
Caaporã;201038;Prefeitura Municipal de Caaporã;112025;2025;17215201;Cota-Parte do IPI - Municípios - Principal;Lançamento de Receita;100,95;500;Recursos não vinculados de Impostos;1002;Identificação das despesas com ações e serviços públicos de saúde
Caaporã;201038;Prefeitura Municipal de Caaporã;112025;2025;17215201;Cota-Parte do IPI - Municípios - Principal;Lançamento de Receita;143,46;500;Recursos não vinculados de Impostos;1001;Identificação das despesas com manutenção e desenvolvimento do ensino
Caaporã;201038;Prefeitura Municipal de Caaporã;112025;2025;17215201;Cota-Parte do IPI - Municípios - Principal;Lançamento de Receita;286,9;500;Recursos não vinculados de Impostos;"Não ";Não Aplicável
Caaporã;201038;Prefeitura Municipal de Caaporã;102025;2025;17215201;Cota-Parte do IPI - Municípios - Principal;Lançamento de Receita;155,8;500;Recursos não vinculados de Impostos;1001;Identificação das despesas com manutenção e desenvolvimento do ensino
Caaporã;201038;Prefeitura Municipal de Caaporã;102025;2025;17215201;Cota-Parte do IPI - Municípios - Principal;Lançamento de Receita;109,64;500;Recursos não vinculados de Impostos;1002;Identificação das despesas com ações e serviços públicos de saúde
Caaporã;201038;Prefeitura Municipal de Caaporã;102025;2025;17215201;Cota-Parte do IPI - Municípios - Principal;Lançamento de Receita;311,59;500;Recursos não vinculados de Impostos;"Não ";Não Aplicável
Caaporã;201038;Prefeitura Municipal de Caaporã;092025;2025;17215201;Cota-Parte do IPI - Municípios - Principal;Lançamento de Receita;110,03;500;Recursos não vinculados de Impostos;1002;Identificação das despesas com ações e serviços públicos de saúde
Caaporã;201038;Prefeitura Municipal de Caaporã;092025;2025;17215201;Cota-Parte do IPI - Municípios - Principal;Lançamento de Receita;156,37;500;Recursos não vinculados de Impostos;1001;Identificação das despesas com manutenção e desenvolvimento do ensino
Caaporã;201038;Prefeitura Municipal de Caaporã;092025;2025;17215201;Cota-Parte do IPI - Municípios - Principal;Lançamento de Receita;312,73;500;Recursos não vinculados de Impostos;"Não ";Não Aplicável
Caaporã;201038;Prefeitura Municipal de Caaporã;082025;2025;17215201;Cota-Parte do IPI - Municípios - Principal;Lançamento de Receita;90,35;500;Recursos não vinculados de Impostos;1002;Identificação das despesas com ações e serviços públicos de saúde
Caaporã;201038;Prefeitura Municipal de Caaporã;082025;2025;17215201;Cota-Parte do IPI - Municípios - Principal;Lançamento de Receita;256,81;500;Recursos não vinculados de Impostos;"Não ";Não Aplicável
Caaporã;201038;Prefeitura Municipal de Caaporã;082025;2025;17215201;Cota-Parte do IPI - Municípios - Principal;Lançamento de Receita;128,41;500;Recursos não vinculados de Impostos;1001;Identificação das despesas com manutenção e desenvolvimento do ensino
Caaporã;201038;Prefeitura Municipal de Caaporã;072025;2025;17215201;Cota-Parte do IPI - Municípios - Principal;Lançamento de Receita;85,08;500;Recursos não vinculados de Impostos;1002;Identificação das despesas com ações e serviços públicos de saúde
Caaporã;201038;Prefeitura Municipal de Caaporã;072025;2025;17215201;Cota-Parte do IPI - Municípios - Principal;Lançamento de Receita;120,91;500;Recursos não vinculados de Impostos;1001;Identificação das despesas com manutenção e desenvolvimento do ensino
Caaporã;201038;Prefeitura Municipal de Caaporã;072025;2025;17215201;Cota-Parte do IPI - Municípios - Principal;Lançamento de Receita;80,46;540;Transferências do FUNDEB - Impostos e Transferências de Impostos;1070;Identificação do percentual aplicado no pagamento da remuneração dos profissionais da educação básica em efetivo exercício
Caaporã;201038;Prefeitura Municipal de Caaporã;072025;2025;17215201;Cota-Parte do IPI - Municípios - Principal;Lançamento de Receita;241,81;500;Recursos não vinculados de Impostos;"Não ";Não Aplicável
Caaporã;201038;Prefeitura Municipal de Caaporã;072025;2025;17215201;Cota-Parte do IPI - Municípios - Principal;Lançamento de Receita;9,99;540;Transferências do FUNDEB - Impostos e Transferências de Impostos;"Não ";Não Aplicável
Caaporã;201038;Prefeitura Municipal de Caaporã;062025;2025;17215201;Cota-Parte do IPI - Municípios - Principal;Lançamento de Receita;78,41;500;Recursos não vinculados de Impostos;1002;Identificação das despesas com ações e serviços públicos de saúde
Caaporã;201038;Prefeitura Municipal de Caaporã;062025;2025;17215201;Cota-Parte do IPI - Municípios - Principal;Lançamento de Receita;170,37;600;Transferências Fundo a Fundo de Recursos do SUS provenientes do Governo Federal - Bloco de Manutenção das Ações e Serviços Públicos de Saúde;"Não ";Não Aplicável
Caaporã;201038;Prefeitura Municipal de Caaporã;062025;2025;17215201;Cota-Parte do IPI - Municípios - Principal;Lançamento de Receita;111,41;500;Recursos não vinculados de Impostos;1001;Identificação das despesas com manutenção e desenvolvimento do ensino
Caaporã;201038;Prefeitura Municipal de Caaporã;062025;2025;17215201;Cota-Parte do IPI - Municípios - Principal;Lançamento de Receita;222,83;500;Recursos não vinculados de Impostos;"Não ";Não Aplicável
Caaporã;201038;Prefeitura Municipal de Caaporã;052025;2025;17215201;Cota-Parte do IPI - Municípios - Principal;Lançamento de Receita;86,01;500;Recursos não vinculados de Impostos;1002;Identificação das despesas com ações e serviços públicos de saúde
Caaporã;201038;Prefeitura Municipal de Caaporã;052025;2025;17215201;Cota-Parte do IPI - Municípios - Principal;Lançamento de Receita;122,22;500;Recursos não vinculados de Impostos;1001;Identificação das despesas com manutenção e desenvolvimento do ensino
Caaporã;201038;Prefeitura Municipal de Caaporã;052025;2025;17215201;Cota-Parte do IPI - Municípios - Principal;Lançamento de Receita;244,44;500;Recursos não vinculados de Impostos;"Não ";Não Aplicável
Caaporã;201038;Prefeitura Municipal de Caaporã;042025;2025;17215201;Cota-Parte do IPI - Municípios - Principal;Lançamento de Receita;304,76;500;Recursos não vinculados de Impostos;"Não ";Não Aplicável
Caaporã;201038;Prefeitura Municipal de Caaporã;042025;2025;17215201;Cota-Parte do IPI - Municípios - Principal;Lançamento de Receita;152,39;500;Recursos não vinculados de Impostos;1001;Identificação das despesas com manutenção e desenvolvimento do ensino
Caaporã;201038;Prefeitura Municipal de Caaporã;042025;2025;17215201;Cota-Parte do IPI - Municípios - Principal;Lançamento de Receita;107,23;500;Recursos não vinculados de Impostos;1002;Identificação das despesas com ações e serviços públicos de saúde
Caaporã;201038;Prefeitura Municipal de Caaporã;032025;2025;17215201;Cota-Parte do IPI - Municípios - Principal;Lançamento de Receita;126,44;500;Recursos não vinculados de Impostos;1002;Identificação das despesas com ações e serviços públicos de saúde
Caaporã;201038;Prefeitura Municipal de Caaporã;032025;2025;17215201;Cota-Parte do IPI - Municípios - Principal;Lançamento de Receita;359,39;500;Recursos não vinculados de Impostos;"Não ";Não Aplicável
Caaporã;201038;Prefeitura Municipal de Caaporã;032025;2025;17215201;Cota-Parte do IPI - Municípios - Principal;Lançamento de Receita;179,69;500;Recursos não vinculados de Impostos;1001;Identificação das despesas com manutenção e desenvolvimento do ensino
Caaporã;201038;Prefeitura Municipal de Caaporã;022025;2025;17215201;Cota-Parte do IPI - Municípios - Principal;Lançamento de Receita;90,08;500;Recursos não vinculados de Impostos;1001;Identificação das despesas com manutenção e desenvolvimento do ensino
Caaporã;201038;Prefeitura Municipal de Caaporã;022025;2025;17215201;Cota-Parte do IPI - Municípios - Principal;Lançamento de Receita;180,15;500;Recursos não vinculados de Impostos;"Não ";Não Aplicável
Caaporã;201038;Prefeitura Municipal de Caaporã;022025;2025;17215201;Cota-Parte do IPI - Municípios - Principal;Lançamento de Receita;63,39;500;Recursos não vinculados de Impostos;1002;Identificação das despesas com ações e serviços públicos de saúde
Caaporã;201038;Prefeitura Municipal de Caaporã;012025;2025;17215201;Cota-Parte do IPI - Municípios - Principal;Lançamento de Receita;75,98;500;Recursos não vinculados de Impostos;1002;Identificação das despesas com ações e serviços públicos de saúde
Caaporã;201038;Prefeitura Municipal de Caaporã;012025;2025;17215201;Cota-Parte do IPI - Municípios - Principal;Lançamento de Receita;215,97;500;Recursos não vinculados de Impostos;"Não ";Não Aplicável
Caaporã;201038;Prefeitura Municipal de Caaporã;012025;2025;17215201;Cota-Parte do IPI - Municípios - Principal;Lançamento de Receita;107,99;500;Recursos não vinculados de Impostos;1001;Identificação das despesas com manutenção e desenvolvimento do ensino
Caaporã;201038;Prefeitura Municipal de Caaporã;122025;2025;17215101;Cota-Parte do IPVA - Principal;Lançamento de Receita;11.595,52;500;Recursos não vinculados de Impostos;1001;Identificação das despesas com manutenção e desenvolvimento do ensino
Caaporã;201038;Prefeitura Municipal de Caaporã;122025;2025;17215101;Cota-Parte do IPVA - Principal;Lançamento de Receita;19.992,27;500;Recursos não vinculados de Impostos;"Não ";Não Aplicável
Caaporã;201038;Prefeitura Municipal de Caaporã;122025;2025;17215101;Cota-Parte do IPVA - Principal;Lançamento de Receita;8.396,73;500;Recursos não vinculados de Impostos;1002;Identificação das despesas com ações e serviços públicos de saúde
Caaporã;201038;Prefeitura Municipal de Caaporã;112025;2025;17215101;Cota-Parte do IPVA - Principal;Lançamento de Receita;8.516,25;500;Recursos não vinculados de Impostos;1002;Identificação das despesas com ações e serviços públicos de saúde
Caaporã;201038;Prefeitura Municipal de Caaporã;112025;2025;17215101;Cota-Parte do IPVA - Principal;Lançamento de Receita;20.276,85;500;Recursos não vinculados de Impostos;"Não ";Não Aplicável
Caaporã;201038;Prefeitura Municipal de Caaporã;112025;2025;17215101;Cota-Parte do IPVA - Principal;Lançamento de Receita;11.760,59;500;Recursos não vinculados de Impostos;1001;Identificação das despesas com manutenção e desenvolvimento do ensino
Caaporã;201038;Prefeitura Municipal de Caaporã;102025;2025;17215101;Cota-Parte do IPVA - Principal;Lançamento de Receita;10.581,07;500;Recursos não vinculados de Impostos;1002;Identificação das despesas com ações e serviços públicos de saúde
Caaporã;201038;Prefeitura Municipal de Caaporã;102025;2025;17215101;Cota-Parte do IPVA - Principal;Lançamento de Receita;25.193,04;500;Recursos não vinculados de Impostos;"Não ";Não Aplicável
Caaporã;201038;Prefeitura Municipal de Caaporã;102025;2025;17215101;Cota-Parte do IPVA - Principal;Lançamento de Receita;14.611,93;500;Recursos não vinculados de Impostos;1001;Identificação das despesas com manutenção e desenvolvimento do ensino
Caaporã;201038;Prefeitura Municipal de Caaporã;092025;2025;17215101;Cota-Parte do IPVA - Principal;Lançamento de Receita;29.375,26;500;Recursos não vinculados de Impostos;"Não ";Não Aplicável
Caaporã;201038;Prefeitura Municipal de Caaporã;092025;2025;17215101;Cota-Parte do IPVA - Principal;Lançamento de Receita;17.037,65;500;Recursos não vinculados de Impostos;1001;Identificação das despesas com manutenção e desenvolvimento do ensino
Caaporã;201038;Prefeitura Municipal de Caaporã;092025;2025;17215101;Cota-Parte do IPVA - Principal;Lançamento de Receita;12.337,61;500;Recursos não vinculados de Impostos;1002;Identificação das despesas com ações e serviços públicos de saúde
Caaporã;201038;Prefeitura Municipal de Caaporã;082025;2025;17215101;Cota-Parte do IPVA - Principal;Lançamento de Receita;15.507,13;500;Recursos não vinculados de Impostos;1001;Identificação das despesas com manutenção e desenvolvimento do ensino
Caaporã;201038;Prefeitura Municipal de Caaporã;082025;2025;17215101;Cota-Parte do IPVA - Principal;Lançamento de Receita;26.736,45;500;Recursos não vinculados de Impostos;"Não ";Não Aplicável
Caaporã;201038;Prefeitura Municipal de Caaporã;082025;2025;17215101;Cota-Parte do IPVA - Principal;Lançamento de Receita;11.229,34;500;Recursos não vinculados de Impostos;1002;Identificação das despesas com ações e serviços públicos de saúde
Caaporã;201038;Prefeitura Municipal de Caaporã;072025;2025;17215101;Cota-Parte do IPVA - Principal;Lançamento de Receita;39.822,28;500;Recursos não vinculados de Impostos;"Não ";Não Aplicável
Caaporã;201038;Prefeitura Municipal de Caaporã;072025;2025;17215101;Cota-Parte do IPVA - Principal;Lançamento de Receita;16.725,36;500;Recursos não vinculados de Impostos;1002;Identificação das despesas com ações e serviços públicos de saúde
Caaporã;201038;Prefeitura Municipal de Caaporã;072025;2025;17215101;Cota-Parte do IPVA - Principal;Lançamento de Receita;23.096,9;500;Recursos não vinculados de Impostos;1001;Identificação das despesas com manutenção e desenvolvimento do ensino
Caaporã;201038;Prefeitura Municipal de Caaporã;062025;2025;17215101;Cota-Parte do IPVA - Principal;Lançamento de Receita;11.999,59;500;Recursos não vinculados de Impostos;1002;Identificação das despesas com ações e serviços públicos de saúde
Caaporã;201038;Prefeitura Municipal de Caaporã;062025;2025;17215101;Cota-Parte do IPVA - Principal;Lançamento de Receita;16.570,9;500;Recursos não vinculados de Impostos;1001;Identificação das despesas com manutenção e desenvolvimento do ensino
Caaporã;201038;Prefeitura Municipal de Caaporã;062025;2025;17215101;Cota-Parte do IPVA - Principal;Lançamento de Receita;28.570,5;500;Recursos não vinculados de Impostos;"Não ";Não Aplicável
Caaporã;201038;Prefeitura Municipal de Caaporã;052025;2025;17215101;Cota-Parte do IPVA - Principal;Lançamento de Receita;22.713,99;500;Recursos não vinculados de Impostos;1001;Identificação das despesas com manutenção e desenvolvimento do ensino
Caaporã;201038;Prefeitura Municipal de Caaporã;052025;2025;17215101;Cota-Parte do IPVA - Principal;Lançamento de Receita;16.448,01;500;Recursos não vinculados de Impostos;1002;Identificação das despesas com ações e serviços públicos de saúde
Caaporã;201038;Prefeitura Municipal de Caaporã;052025;2025;17215101;Cota-Parte do IPVA - Principal;Lançamento de Receita;39.162,05;500;Recursos não vinculados de Impostos;"Não ";Não Aplicável
Caaporã;201038;Prefeitura Municipal de Caaporã;042025;2025;17215101;Cota-Parte do IPVA - Principal;Lançamento de Receita;13.244,41;500;Recursos não vinculados de Impostos;1002;Identificação das despesas com ações e serviços públicos de saúde
Caaporã;201038;Prefeitura Municipal de Caaporã;042025;2025;17215101;Cota-Parte do IPVA - Principal;Lançamento de Receita;18.289,88;500;Recursos não vinculados de Impostos;1001;Identificação das despesas com manutenção e desenvolvimento do ensino
Caaporã;201038;Prefeitura Municipal de Caaporã;042025;2025;17215101;Cota-Parte do IPVA - Principal;Lançamento de Receita;31.534,28;500;Recursos não vinculados de Impostos;"Não ";Não Aplicável
Caaporã;201038;Prefeitura Municipal de Caaporã;032025;2025;17215101;Cota-Parte do IPVA - Principal;Lançamento de Receita;11.481,15;500;Recursos não vinculados de Impostos;1002;Identificação das despesas com ações e serviços públicos de saúde
Caaporã;201038;Prefeitura Municipal de Caaporã;032025;2025;17215101;Cota-Parte do IPVA - Principal;Lançamento de Receita;15.854,87;500;Recursos não vinculados de Impostos;1001;Identificação das despesas com manutenção e desenvolvimento do ensino
Caaporã;201038;Prefeitura Municipal de Caaporã;032025;2025;17215101;Cota-Parte do IPVA - Principal;Lançamento de Receita;27.336,02;500;Recursos não vinculados de Impostos;"Não ";Não Aplicável
Caaporã;201038;Prefeitura Municipal de Caaporã;022025;2025;17215101;Cota-Parte do IPVA - Principal;Lançamento de Receita;15.437,28;500;Recursos não vinculados de Impostos;1001;Identificação das despesas com manutenção e desenvolvimento do ensino
Caaporã;201038;Prefeitura Municipal de Caaporã;022025;2025;17215101;Cota-Parte do IPVA - Principal;Lançamento de Receita;11.178,72;500;Recursos não vinculados de Impostos;1002;Identificação das despesas com ações e serviços públicos de saúde
Caaporã;201038;Prefeitura Municipal de Caaporã;022025;2025;17215101;Cota-Parte do IPVA - Principal;Lançamento de Receita;26.616,01;500;Recursos não vinculados de Impostos;"Não ";Não Aplicável
Caaporã;201038;Prefeitura Municipal de Caaporã;012025;2025;17215101;Cota-Parte do IPVA - Principal;Lançamento de Receita;14.138,86;500;Recursos não vinculados de Impostos;1002;Identificação das despesas com ações e serviços públicos de saúde
Caaporã;201038;Prefeitura Municipal de Caaporã;012025;2025;17215101;Cota-Parte do IPVA - Principal;Lançamento de Receita;33.663,93;500;Recursos não vinculados de Impostos;"Não ";Não Aplicável
Caaporã;201038;Prefeitura Municipal de Caaporã;012025;2025;17215101;Cota-Parte do IPVA - Principal;Lançamento de Receita;19.525,06;500;Recursos não vinculados de Impostos;1001;Identificação das despesas com manutenção e desenvolvimento do ensino
Caaporã;201038;Prefeitura Municipal de Caaporã;122025;2025;17215001;Cota-Parte do ICMS - Principal;Lançamento de Receita;718.841,67;500;Recursos não vinculados de Impostos;1001;Identificação das despesas com manutenção e desenvolvimento do ensino
Caaporã;201038;Prefeitura Municipal de Caaporã;122025;2025;17215001;Cota-Parte do ICMS - Principal;Lançamento de Receita;520.540,52;500;Recursos não vinculados de Impostos;1002;Identificação das despesas com ações e serviços públicos de saúde
Caaporã;201038;Prefeitura Municipal de Caaporã;122025;2025;17215001;Cota-Parte do ICMS - Principal;Lançamento de Receita;1.239.382,18;500;Recursos não vinculados de Impostos;"Não ";Não Aplicável
Caaporã;201038;Prefeitura Municipal de Caaporã;122025;2025;17215001;Cota-Parte do ICMS - Principal;Dedução do Fundeb;-495.752,85;500;Recursos não vinculados de Impostos;1001;Identificação das despesas com manutenção e desenvolvimento do ensino
Caaporã;201038;Prefeitura Municipal de Caaporã;112025;2025;17215001;Cota-Parte do ICMS - Principal;Lançamento de Receita;865.974,9;500;Recursos não vinculados de Impostos;"Não ";Não Aplicável
Caaporã;201038;Prefeitura Municipal de Caaporã;112025;2025;17215001;Cota-Parte do ICMS - Principal;Lançamento de Receita;502.265,45;500;Recursos não vinculados de Impostos;1001;Identificação das despesas com manutenção e desenvolvimento do ensino
Caaporã;201038;Prefeitura Municipal de Caaporã;112025;2025;17215001;Cota-Parte do ICMS - Principal;Lançamento de Receita;363.709,46;500;Recursos não vinculados de Impostos;1002;Identificação das despesas com ações e serviços públicos de saúde
Caaporã;201038;Prefeitura Municipal de Caaporã;112025;2025;17215001;Cota-Parte do ICMS - Principal;Dedução do Fundeb;-346.389,95;500;Recursos não vinculados de Impostos;1001;Identificação das despesas com manutenção e desenvolvimento do ensino
Caaporã;201038;Prefeitura Municipal de Caaporã;102025;2025;17215001;Cota-Parte do ICMS - Principal;Lançamento de Receita;555.392,55;500;Recursos não vinculados de Impostos;1001;Identificação das despesas com manutenção e desenvolvimento do ensino
Caaporã;201038;Prefeitura Municipal de Caaporã;102025;2025;17215001;Cota-Parte do ICMS - Principal;Dedução do Fundeb;-383.029,33;500;Recursos não vinculados de Impostos;1001;Identificação das despesas com manutenção e desenvolvimento do ensino
Caaporã;201038;Prefeitura Municipal de Caaporã;102025;2025;17215001;Cota-Parte do ICMS - Principal;Lançamento de Receita;402.180,82;500;Recursos não vinculados de Impostos;1002;Identificação das despesas com ações e serviços públicos de saúde
Caaporã;201038;Prefeitura Municipal de Caaporã;102025;2025;17215001;Cota-Parte do ICMS - Principal;Lançamento de Receita;957.573,36;500;Recursos não vinculados de Impostos;"Não ";Não Aplicável
Caaporã;201038;Prefeitura Municipal de Caaporã;092025;2025;17215001;Cota-Parte do ICMS - Principal;Lançamento de Receita;608.069,28;500;Recursos não vinculados de Impostos;1001;Identificação das despesas com manutenção e desenvolvimento do ensino
Caaporã;201038;Prefeitura Municipal de Caaporã;092025;2025;17215001;Cota-Parte do ICMS - Principal;Lançamento de Receita;1.048.395,3;500;Recursos não vinculados de Impostos;"Não ";Não Aplicável
Caaporã;201038;Prefeitura Municipal de Caaporã;092025;2025;17215001;Cota-Parte do ICMS - Principal;Lançamento de Receita;440.326,03;500;Recursos não vinculados de Impostos;1002;Identificação das despesas com ações e serviços públicos de saúde
Caaporã;201038;Prefeitura Municipal de Caaporã;092025;2025;17215001;Cota-Parte do ICMS - Principal;Dedução do Fundeb;-419.358,1;500;Recursos não vinculados de Impostos;1001;Identificação das despesas com manutenção e desenvolvimento do ensino
Caaporã;201038;Prefeitura Municipal de Caaporã;082025;2025;17215001;Cota-Parte do ICMS - Principal;Dedução do Fundeb;-440.632,05;500;Recursos não vinculados de Impostos;1001;Identificação das despesas com manutenção e desenvolvimento do ensino
Caaporã;201038;Prefeitura Municipal de Caaporã;082025;2025;17215001;Cota-Parte do ICMS - Principal;Lançamento de Receita;1.101.580,16;500;Recursos não vinculados de Impostos;"Não ";Não Aplicável
Caaporã;201038;Prefeitura Municipal de Caaporã;082025;2025;17215001;Cota-Parte do ICMS - Principal;Lançamento de Receita;638.916,49;500;Recursos não vinculados de Impostos;1001;Identificação das despesas com manutenção e desenvolvimento do ensino
Caaporã;201038;Prefeitura Municipal de Caaporã;082025;2025;17215001;Cota-Parte do ICMS - Principal;Lançamento de Receita;462.663,68;500;Recursos não vinculados de Impostos;1002;Identificação das despesas com ações e serviços públicos de saúde
Caaporã;201038;Prefeitura Municipal de Caaporã;072025;2025;17215001;Cota-Parte do ICMS - Principal;Lançamento de Receita;21.143,96;540;Transferências do FUNDEB - Impostos e Transferências de Impostos;"Não ";Não Aplicável
Caaporã;201038;Prefeitura Municipal de Caaporã;072025;2025;17215001;Cota-Parte do ICMS - Principal;Lançamento de Receita;540.498,72;500;Recursos não vinculados de Impostos;1001;Identificação das despesas com manutenção e desenvolvimento do ensino
Caaporã;201038;Prefeitura Municipal de Caaporã;072025;2025;17215001;Cota-Parte do ICMS - Principal;Dedução do Fundeb;-411.027,33;500;Recursos não vinculados de Impostos;1001;Identificação das despesas com manutenção e desenvolvimento do ensino
Caaporã;201038;Prefeitura Municipal de Caaporã;072025;2025;17215001;Cota-Parte do ICMS - Principal;Lançamento de Receita;391.395,62;500;Recursos não vinculados de Impostos;1002;Identificação das despesas com ações e serviços públicos de saúde
Caaporã;201038;Prefeitura Municipal de Caaporã;072025;2025;17215001;Cota-Parte do ICMS - Principal;Lançamento de Receita;170.204,11;540;Transferências do FUNDEB - Impostos e Transferências de Impostos;1070;Identificação do percentual aplicado no pagamento da remuneração dos profissionais da educação básica em efetivo exercício
Caaporã;201038;Prefeitura Municipal de Caaporã;072025;2025;17215001;Cota-Parte do ICMS - Principal;Lançamento de Receita;931.894,35;500;Recursos não vinculados de Impostos;"Não ";Não Aplicável
Caaporã;201038;Prefeitura Municipal de Caaporã;062025;2025;17215001;Cota-Parte do ICMS - Principal;Lançamento de Receita;400.397,14;500;Recursos não vinculados de Impostos;1002;Identificação das despesas com ações e serviços públicos de saúde
Caaporã;201038;Prefeitura Municipal de Caaporã;062025;2025;17215001;Cota-Parte do ICMS - Principal;Dedução do Fundeb;-367.108,27;500;Recursos não vinculados de Impostos;1001;Identificação das despesas com manutenção e desenvolvimento do ensino
Caaporã;201038;Prefeitura Municipal de Caaporã;062025;2025;17215001;Cota-Parte do ICMS - Principal;Lançamento de Receita;891.290,79;500;Recursos não vinculados de Impostos;"Não ";Não Aplicável
Caaporã;201038;Prefeitura Municipal de Caaporã;062025;2025;17215001;Cota-Parte do ICMS - Principal;Lançamento de Receita;543.853,49;500;Recursos não vinculados de Impostos;1001;Identificação das despesas com manutenção e desenvolvimento do ensino
Caaporã;201038;Prefeitura Municipal de Caaporã;052025;2025;17215001;Cota-Parte do ICMS - Principal;Dedução do Fundeb;-362.024,65;500;Recursos não vinculados de Impostos;1001;Identificação das despesas com manutenção e desenvolvimento do ensino
Caaporã;201038;Prefeitura Municipal de Caaporã;052025;2025;17215001;Cota-Parte do ICMS - Principal;Lançamento de Receita;905.061,64;500;Recursos não vinculados de Impostos;"Não ";Não Aplicável
Caaporã;201038;Prefeitura Municipal de Caaporã;052025;2025;17215001;Cota-Parte do ICMS - Principal;Lançamento de Receita;380.125,92;500;Recursos não vinculados de Impostos;1002;Identificação das despesas com ações e serviços públicos de saúde
Caaporã;201038;Prefeitura Municipal de Caaporã;052025;2025;17215001;Cota-Parte do ICMS - Principal;Lançamento de Receita;524.935,75;500;Recursos não vinculados de Impostos;1001;Identificação das despesas com manutenção e desenvolvimento do ensino
Caaporã;201038;Prefeitura Municipal de Caaporã;042025;2025;17215001;Cota-Parte do ICMS - Principal;Lançamento de Receita;396.111,22;500;Recursos não vinculados de Impostos;1002;Identificação das despesas com ações e serviços públicos de saúde
Caaporã;201038;Prefeitura Municipal de Caaporã;042025;2025;17215001;Cota-Parte do ICMS - Principal;Lançamento de Receita;943.122;500;Recursos não vinculados de Impostos;"Não ";Não Aplicável
Caaporã;201038;Prefeitura Municipal de Caaporã;042025;2025;17215001;Cota-Parte do ICMS - Principal;Lançamento de Receita;547.010,77;500;Recursos não vinculados de Impostos;1001;Identificação das despesas com manutenção e desenvolvimento do ensino
Caaporã;201038;Prefeitura Municipal de Caaporã;042025;2025;17215001;Cota-Parte do ICMS - Principal;Dedução do Fundeb;-377.248,78;500;Recursos não vinculados de Impostos;1001;Identificação das despesas com manutenção e desenvolvimento do ensino
Caaporã;201038;Prefeitura Municipal de Caaporã;032025;2025;17215001;Cota-Parte do ICMS - Principal;Dedução do Fundeb;-370.556,46;500;Recursos não vinculados de Impostos;1001;Identificação das despesas com manutenção e desenvolvimento do ensino
Caaporã;201038;Prefeitura Municipal de Caaporã;032025;2025;17215001;Cota-Parte do ICMS - Principal;Lançamento de Receita;926.391,16;500;Recursos não vinculados de Impostos;"Não ";Não Aplicável
Caaporã;201038;Prefeitura Municipal de Caaporã;032025;2025;17215001;Cota-Parte do ICMS - Principal;Lançamento de Receita;537.306,89;500;Recursos não vinculados de Impostos;1001;Identificação das despesas com manutenção e desenvolvimento do ensino
Caaporã;201038;Prefeitura Municipal de Caaporã;032025;2025;17215001;Cota-Parte do ICMS - Principal;Lançamento de Receita;389.084,31;500;Recursos não vinculados de Impostos;1002;Identificação das despesas com ações e serviços públicos de saúde
Caaporã;201038;Prefeitura Municipal de Caaporã;022025;2025;17215001;Cota-Parte do ICMS - Principal;Dedução do Fundeb;-353.156,52;500;Recursos não vinculados de Impostos;1001;Identificação das despesas com manutenção e desenvolvimento do ensino
Caaporã;201038;Prefeitura Municipal de Caaporã;022025;2025;17215001;Cota-Parte do ICMS - Principal;Lançamento de Receita;370.814,35;500;Recursos não vinculados de Impostos;1002;Identificação das despesas com ações e serviços públicos de saúde
Caaporã;201038;Prefeitura Municipal de Caaporã;022025;2025;17215001;Cota-Parte do ICMS - Principal;Lançamento de Receita;882.891,34;500;Recursos não vinculados de Impostos;"Não ";Não Aplicável
Caaporã;201038;Prefeitura Municipal de Caaporã;022025;2025;17215001;Cota-Parte do ICMS - Principal;Lançamento de Receita;512.076,98;500;Recursos não vinculados de Impostos;1001;Identificação das despesas com manutenção e desenvolvimento do ensino
Caaporã;201038;Prefeitura Municipal de Caaporã;012025;2025;17215001;Cota-Parte do ICMS - Principal;Lançamento de Receita;1.009.446,7;500;Recursos não vinculados de Impostos;"Não ";Não Aplicável
Caaporã;201038;Prefeitura Municipal de Caaporã;012025;2025;17215001;Cota-Parte do ICMS - Principal;Lançamento de Receita;585.479,08;500;Recursos não vinculados de Impostos;1001;Identificação das despesas com manutenção e desenvolvimento do ensino
Caaporã;201038;Prefeitura Municipal de Caaporã;012025;2025;17215001;Cota-Parte do ICMS - Principal;Lançamento de Receita;423.967,61;500;Recursos não vinculados de Impostos;1002;Identificação das despesas com ações e serviços públicos de saúde
Caaporã;201038;Prefeitura Municipal de Caaporã;012025;2025;17215001;Cota-Parte do ICMS - Principal;Dedução do Fundeb;-403.778,66;500;Recursos não vinculados de Impostos;1001;Identificação das despesas com manutenção e desenvolvimento do ensino
Caaporã;201038;Prefeitura Municipal de Caaporã;122025;2025;17199901;Outras Transferências de Recursos da União e de suas Entidades - Principal;Lançamento de Receita;36.809,78;500;Recursos não vinculados de Impostos;"Não ";Não Aplicável
Caaporã;201038;Prefeitura Municipal de Caaporã;112025;2025;17199901;Outras Transferências de Recursos da União e de suas Entidades - Principal;Lançamento de Receita;30.153,27;500;Recursos não vinculados de Impostos;"Não ";Não Aplicável
Caaporã;201038;Prefeitura Municipal de Caaporã;102025;2025;17199901;Outras Transferências de Recursos da União e de suas Entidades - Principal;Lançamento de Receita;26.308,83;500;Recursos não vinculados de Impostos;"Não ";Não Aplicável
Caaporã;201038;Prefeitura Municipal de Caaporã;092025;2025;17199901;Outras Transferências de Recursos da União e de suas Entidades - Principal;Lançamento de Receita;37.644,18;500;Recursos não vinculados de Impostos;"Não ";Não Aplicável
Caaporã;201038;Prefeitura Municipal de Caaporã;082025;2025;17199901;Outras Transferências de Recursos da União e de suas Entidades - Principal;Lançamento de Receita;24.543,74;500;Recursos não vinculados de Impostos;"Não ";Não Aplicável
Caaporã;201038;Prefeitura Municipal de Caaporã;072025;2025;17199901;Outras Transferências de Recursos da União e de suas Entidades - Principal;Lançamento de Receita;37.211,02;500;Recursos não vinculados de Impostos;"Não ";Não Aplicável
Caaporã;201038;Prefeitura Municipal de Caaporã;062025;2025;17199901;Outras Transferências de Recursos da União e de suas Entidades - Principal;Lançamento de Receita;10.401,24;500;Recursos não vinculados de Impostos;"Não ";Não Aplicável
Caaporã;201038;Prefeitura Municipal de Caaporã;052025;2025;17199901;Outras Transferências de Recursos da União e de suas Entidades - Principal;Lançamento de Receita;18.776,09;500;Recursos não vinculados de Impostos;"Não ";Não Aplicável
Caaporã;201038;Prefeitura Municipal de Caaporã;042025;2025;17199901;Outras Transferências de Recursos da União e de suas Entidades - Principal;Lançamento de Receita;24.683,09;500;Recursos não vinculados de Impostos;"Não ";Não Aplicável
Caaporã;201038;Prefeitura Municipal de Caaporã;032025;2025;17199901;Outras Transferências de Recursos da União e de suas Entidades - Principal;Lançamento de Receita;27.894,85;500;Recursos não vinculados de Impostos;"Não ";Não Aplicável
Caaporã;201038;Prefeitura Municipal de Caaporã;022025;2025;17199901;Outras Transferências de Recursos da União e de suas Entidades - Principal;Lançamento de Receita;45.324,19;500;Recursos não vinculados de Impostos;"Não ";Não Aplicável
Caaporã;201038;Prefeitura Municipal de Caaporã;012025;2025;17199901;Outras Transferências de Recursos da União e de suas Entidades - Principal;Lançamento de Receita;36.614,94;500;Recursos não vinculados de Impostos;"Não ";Não Aplicável
Caaporã;201038;Prefeitura Municipal de Caaporã;122025;2025;17165001;Transferências de Recursos do Fundo Nacional de Assistência Social – FNAS - Principal;Lançamento de Receita;100.000;660;Transferência de Recursos do Fundo Nacional de Assistência Social - FNAS;3110;Identificação das Transferências da União decorrentes de emendas parlamentares individuais
Caaporã;201038;Prefeitura Municipal de Caaporã;122025;2025;17165001;Transferências de Recursos do Fundo Nacional de Assistência Social – FNAS - Principal;Lançamento de Receita;209.753,04;660;Transferência de Recursos do Fundo Nacional de Assistência Social - FNAS;"Não ";Não Aplicável
Caaporã;201038;Prefeitura Municipal de Caaporã;112025;2025;17165001;Transferências de Recursos do Fundo Nacional de Assistência Social – FNAS - Principal;Lançamento de Receita;80.469,01;660;Transferência de Recursos do Fundo Nacional de Assistência Social - FNAS;"Não ";Não Aplicável
Caaporã;201038;Prefeitura Municipal de Caaporã;102025;2025;17165001;Transferências de Recursos do Fundo Nacional de Assistência Social – FNAS - Principal;Lançamento de Receita;79.614,36;660;Transferência de Recursos do Fundo Nacional de Assistência Social - FNAS;"Não ";Não Aplicável
Caaporã;201038;Prefeitura Municipal de Caaporã;092025;2025;17165001;Transferências de Recursos do Fundo Nacional de Assistência Social – FNAS - Principal;Lançamento de Receita;96.264,81;660;Transferência de Recursos do Fundo Nacional de Assistência Social - FNAS;"Não ";Não Aplicável
Caaporã;201038;Prefeitura Municipal de Caaporã;082025;2025;17165001;Transferências de Recursos do Fundo Nacional de Assistência Social – FNAS - Principal;Lançamento de Receita;215.740,34;660;Transferência de Recursos do Fundo Nacional de Assistência Social - FNAS;"Não ";Não Aplicável
Caaporã;201038;Prefeitura Municipal de Caaporã;072025;2025;17165001;Transferências de Recursos do Fundo Nacional de Assistência Social – FNAS - Principal;Lançamento de Receita;68.766,24;660;Transferência de Recursos do Fundo Nacional de Assistência Social - FNAS;"Não ";Não Aplicável
Caaporã;201038;Prefeitura Municipal de Caaporã;062025;2025;17165001;Transferências de Recursos do Fundo Nacional de Assistência Social – FNAS - Principal;Lançamento de Receita;18.455,69;500;Recursos não vinculados de Impostos;"Não ";Não Aplicável
Caaporã;201038;Prefeitura Municipal de Caaporã;062025;2025;17165001;Transferências de Recursos do Fundo Nacional de Assistência Social – FNAS - Principal;Lançamento de Receita;16.385,34;660;Transferência de Recursos do Fundo Nacional de Assistência Social - FNAS;"Não ";Não Aplicável
Caaporã;201038;Prefeitura Municipal de Caaporã;052025;2025;17165001;Transferências de Recursos do Fundo Nacional de Assistência Social – FNAS - Principal;Lançamento de Receita;35.041,74;660;Transferência de Recursos do Fundo Nacional de Assistência Social - FNAS;"Não ";Não Aplicável
Caaporã;201038;Prefeitura Municipal de Caaporã;042025;2025;17165001;Transferências de Recursos do Fundo Nacional de Assistência Social – FNAS - Principal;Lançamento de Receita;20.199,15;660;Transferência de Recursos do Fundo Nacional de Assistência Social - FNAS;"Não ";Não Aplicável
Caaporã;201038;Prefeitura Municipal de Caaporã;032025;2025;17165001;Transferências de Recursos do Fundo Nacional de Assistência Social – FNAS - Principal;Lançamento de Receita;50.015,27;660;Transferência de Recursos do Fundo Nacional de Assistência Social - FNAS;"Não ";Não Aplicável
Caaporã;201038;Prefeitura Municipal de Caaporã;022025;2025;17165001;Transferências de Recursos do Fundo Nacional de Assistência Social – FNAS - Principal;Lançamento de Receita;35.220,15;660;Transferência de Recursos do Fundo Nacional de Assistência Social - FNAS;"Não ";Não Aplicável
Caaporã;201038;Prefeitura Municipal de Caaporã;012025;2025;17165001;Transferências de Recursos do Fundo Nacional de Assistência Social – FNAS - Principal;Lançamento de Receita;37.015,98;660;Transferência de Recursos do Fundo Nacional de Assistência Social - FNAS;"Não ";Não Aplicável
Caaporã;201038;Prefeitura Municipal de Caaporã;122025;2025;17155301;Transferências de Recursos do Fundeb destinados à criação de matrículas em ETI - Principal;Lançamento de Receita;194.297,29;546;Transferências do FUNDEB - complementação da União - Educação Tempo Integral;"Não ";Não Aplicável
Caaporã;201038;Prefeitura Municipal de Caaporã;112025;2025;17155301;Transferências de Recursos do Fundeb destinados à criação de matrículas em ETI - Principal;Lançamento de Receita;194.297,28;546;Transferências do FUNDEB - complementação da União - Educação Tempo Integral;"Não ";Não Aplicável
Caaporã;201038;Prefeitura Municipal de Caaporã;102025;2025;17155301;Transferências de Recursos do Fundeb destinados à criação de matrículas em ETI - Principal;Lançamento de Receita;388.594,56;546;Transferências do FUNDEB - complementação da União - Educação Tempo Integral;"Não ";Não Aplicável
Caaporã;201038;Prefeitura Municipal de Caaporã;122025;2025;17155201;Transferências de Recursos de Complementação da União ao Fundeb – VAAR - Principal;Lançamento de Receita;-80.347,87;500;Recursos não vinculados de Impostos;"Não ";Não Aplicável
Caaporã;201038;Prefeitura Municipal de Caaporã;122025;2025;17155201;Transferências de Recursos de Complementação da União ao Fundeb – VAAR - Principal;Lançamento de Receita;158.356,5;543;Transferências do FUNDEB - Complementação da União - VAAR;"Não ";Não Aplicável
Caaporã;201038;Prefeitura Municipal de Caaporã;122025;2025;17155201;Transferências de Recursos de Complementação da União ao Fundeb – VAAR - Principal;Lançamento de Receita;-28.270,55;500;Recursos não vinculados de Impostos;1002;Identificação das despesas com ações e serviços públicos de saúde
Caaporã;201038;Prefeitura Municipal de Caaporã;122025;2025;17155201;Transferências de Recursos de Complementação da União ao Fundeb – VAAR - Principal;Lançamento de Receita;-40.173,93;500;Recursos não vinculados de Impostos;1001;Identificação das despesas com manutenção e desenvolvimento do ensino
Caaporã;201038;Prefeitura Municipal de Caaporã;112025;2025;17155201;Transferências de Recursos de Complementação da União ao Fundeb – VAAR - Principal;Lançamento de Receita;116.308,95;543;Transferências do FUNDEB - Complementação da União - VAAR;"Não ";Não Aplicável
Caaporã;201038;Prefeitura Municipal de Caaporã;102025;2025;17155201;Transferências de Recursos de Complementação da União ao Fundeb – VAAR - Principal;Lançamento de Receita;116.308,95;543;Transferências do FUNDEB - Complementação da União - VAAR;"Não ";Não Aplicável
Caaporã;201038;Prefeitura Municipal de Caaporã;092025;2025;17155201;Transferências de Recursos de Complementação da União ao Fundeb – VAAR - Principal;Lançamento de Receita;115.094,87;543;Transferências do FUNDEB - Complementação da União - VAAR;"Não ";Não Aplicável
Caaporã;201038;Prefeitura Municipal de Caaporã;082025;2025;17155201;Transferências de Recursos de Complementação da União ao Fundeb – VAAR - Principal;Lançamento de Receita;152.518,01;543;Transferências do FUNDEB - Complementação da União - VAAR;"Não ";Não Aplicável
Caaporã;201038;Prefeitura Municipal de Caaporã;072025;2025;17155201;Transferências de Recursos de Complementação da União ao Fundeb – VAAR - Principal;Lançamento de Receita;148.792,35;543;Transferências do FUNDEB - Complementação da União - VAAR;"Não ";Não Aplicável
Caaporã;201038;Prefeitura Municipal de Caaporã;062025;2025;17155201;Transferências de Recursos de Complementação da União ao Fundeb – VAAR - Principal;Lançamento de Receita;80.347,87;500;Recursos não vinculados de Impostos;"Não ";Não Aplicável
Caaporã;201038;Prefeitura Municipal de Caaporã;062025;2025;17155201;Transferências de Recursos de Complementação da União ao Fundeb – VAAR - Principal;Lançamento de Receita;28.270,55;500;Recursos não vinculados de Impostos;1002;Identificação das despesas com ações e serviços públicos de saúde
Caaporã;201038;Prefeitura Municipal de Caaporã;062025;2025;17155201;Transferências de Recursos de Complementação da União ao Fundeb – VAAR - Principal;Lançamento de Receita;40.173,93;500;Recursos não vinculados de Impostos;1001;Identificação das despesas com manutenção e desenvolvimento do ensino
Caaporã;201038;Prefeitura Municipal de Caaporã;052025;2025;17155201;Transferências de Recursos de Complementação da União ao Fundeb – VAAR - Principal;Lançamento de Receita;139.259,98;543;Transferências do FUNDEB - Complementação da União - VAAR;"Não ";Não Aplicável
Caaporã;201038;Prefeitura Municipal de Caaporã;042025;2025;17155201;Transferências de Recursos de Complementação da União ao Fundeb – VAAR - Principal;Lançamento de Receita;125.209,46;543;Transferências do FUNDEB - Complementação da União - VAAR;"Não ";Não Aplicável
Caaporã;201038;Prefeitura Municipal de Caaporã;032025;2025;17155201;Transferências de Recursos de Complementação da União ao Fundeb – VAAR - Principal;Lançamento de Receita;109.844,12;543;Transferências do FUNDEB - Complementação da União - VAAR;"Não ";Não Aplicável
Caaporã;201038;Prefeitura Municipal de Caaporã;022025;2025;17155201;Transferências de Recursos de Complementação da União ao Fundeb – VAAR - Principal;Lançamento de Receita;100.690,44;543;Transferências do FUNDEB - Complementação da União - VAAR;"Não ";Não Aplicável
Caaporã;201038;Prefeitura Municipal de Caaporã;012025;2025;17155201;Transferências de Recursos de Complementação da União ao Fundeb – VAAR - Principal;Lançamento de Receita;142.929,87;543;Transferências do FUNDEB - Complementação da União - VAAR;"Não ";Não Aplicável
Caaporã;201038;Prefeitura Municipal de Caaporã;122025;2025;17155101;Transferências de Recursos de Complementação da União ao Fundeb – VAAF - Principal;Lançamento de Receita;206.522,2;541;Transferências do FUNDEB - Complementação da União - VAAF;1070;Identificação do percentual aplicado no pagamento da remuneração dos profissionais da educação básica em efetivo exercício
Caaporã;201038;Prefeitura Municipal de Caaporã;122025;2025;17155101;Transferências de Recursos de Complementação da União ao Fundeb – VAAF - Principal;Lançamento de Receita;116.118,32;541;Transferências do FUNDEB - Complementação da União - VAAF;"Não ";Não Aplicável
Caaporã;201038;Prefeitura Municipal de Caaporã;122025;2025;17155101;Transferências de Recursos de Complementação da União ao Fundeb – VAAF - Principal;Lançamento de Receita;-51.496,51;500;Recursos não vinculados de Impostos;1001;Identificação das despesas com manutenção e desenvolvimento do ensino
Caaporã;201038;Prefeitura Municipal de Caaporã;122025;2025;17155101;Transferências de Recursos de Complementação da União ao Fundeb – VAAF - Principal;Lançamento de Receita;-36.238,28;500;Recursos não vinculados de Impostos;1002;Identificação das despesas com ações e serviços públicos de saúde
Caaporã;201038;Prefeitura Municipal de Caaporã;122025;2025;17155101;Transferências de Recursos de Complementação da União ao Fundeb – VAAF - Principal;Lançamento de Receita;-102.993,02;500;Recursos não vinculados de Impostos;"Não ";Não Aplicável
Caaporã;201038;Prefeitura Municipal de Caaporã;112025;2025;17155101;Transferências de Recursos de Complementação da União ao Fundeb – VAAF - Principal;Lançamento de Receita;84.526,82;541;Transferências do FUNDEB - Complementação da União - VAAF;1070;Identificação do percentual aplicado no pagamento da remuneração dos profissionais da educação básica em efetivo exercício
Caaporã;201038;Prefeitura Municipal de Caaporã;112025;2025;17155101;Transferências de Recursos de Complementação da União ao Fundeb – VAAF - Principal;Lançamento de Receita;47.525,71;541;Transferências do FUNDEB - Complementação da União - VAAF;"Não ";Não Aplicável
Caaporã;201038;Prefeitura Municipal de Caaporã;102025;2025;17155101;Transferências de Recursos de Complementação da União ao Fundeb – VAAF - Principal;Lançamento de Receita;47.526,42;541;Transferências do FUNDEB - Complementação da União - VAAF;"Não ";Não Aplicável
Caaporã;201038;Prefeitura Municipal de Caaporã;102025;2025;17155101;Transferências de Recursos de Complementação da União ao Fundeb – VAAF - Principal;Lançamento de Receita;84.528,1;541;Transferências do FUNDEB - Complementação da União - VAAF;1070;Identificação do percentual aplicado no pagamento da remuneração dos profissionais da educação básica em efetivo exercício
Caaporã;201038;Prefeitura Municipal de Caaporã;092025;2025;17155101;Transferências de Recursos de Complementação da União ao Fundeb – VAAF - Principal;Lançamento de Receita;87.907,32;541;Transferências do FUNDEB - Complementação da União - VAAF;1070;Identificação do percentual aplicado no pagamento da remuneração dos profissionais da educação básica em efetivo exercício
Caaporã;201038;Prefeitura Municipal de Caaporã;092025;2025;17155101;Transferências de Recursos de Complementação da União ao Fundeb – VAAF - Principal;Lançamento de Receita;49.426,41;541;Transferências do FUNDEB - Complementação da União - VAAF;"Não ";Não Aplicável
Caaporã;201038;Prefeitura Municipal de Caaporã;082025;2025;17155101;Transferências de Recursos de Complementação da União ao Fundeb – VAAF - Principal;Lançamento de Receita;125.141,79;541;Transferências do FUNDEB - Complementação da União - VAAF;1070;Identificação do percentual aplicado no pagamento da remuneração dos profissionais da educação básica em efetivo exercício
Caaporã;201038;Prefeitura Municipal de Caaporã;082025;2025;17155101;Transferências de Recursos de Complementação da União ao Fundeb – VAAF - Principal;Lançamento de Receita;70.361,71;541;Transferências do FUNDEB - Complementação da União - VAAF;"Não ";Não Aplicável
Caaporã;201038;Prefeitura Municipal de Caaporã;072025;2025;17155101;Transferências de Recursos de Complementação da União ao Fundeb – VAAF - Principal;Lançamento de Receita;122.084,87;541;Transferências do FUNDEB - Complementação da União - VAAF;1070;Identificação do percentual aplicado no pagamento da remuneração dos profissionais da educação básica em efetivo exercício
Caaporã;201038;Prefeitura Municipal de Caaporã;072025;2025;17155101;Transferências de Recursos de Complementação da União ao Fundeb – VAAF - Principal;Lançamento de Receita;68.642,94;541;Transferências do FUNDEB - Complementação da União - VAAF;"Não ";Não Aplicável
Caaporã;201038;Prefeitura Municipal de Caaporã;062025;2025;17155101;Transferências de Recursos de Complementação da União ao Fundeb – VAAF - Principal;Lançamento de Receita;36.238,28;500;Recursos não vinculados de Impostos;1002;Identificação das despesas com ações e serviços públicos de saúde
Caaporã;201038;Prefeitura Municipal de Caaporã;062025;2025;17155101;Transferências de Recursos de Complementação da União ao Fundeb – VAAF - Principal;Lançamento de Receita;102.993,02;500;Recursos não vinculados de Impostos;"Não ";Não Aplicável
Caaporã;201038;Prefeitura Municipal de Caaporã;062025;2025;17155101;Transferências de Recursos de Complementação da União ao Fundeb – VAAF - Principal;Lançamento de Receita;51.496,51;500;Recursos não vinculados de Impostos;1001;Identificação das despesas com manutenção e desenvolvimento do ensino
Caaporã;201038;Prefeitura Municipal de Caaporã;052025;2025;17155101;Transferências de Recursos de Complementação da União ao Fundeb – VAAF - Principal;Lançamento de Receita;64.245,33;541;Transferências do FUNDEB - Complementação da União - VAAF;"Não ";Não Aplicável
Caaporã;201038;Prefeitura Municipal de Caaporã;052025;2025;17155101;Transferências de Recursos de Complementação da União ao Fundeb – VAAF - Principal;Lançamento de Receita;114.263,51;541;Transferências do FUNDEB - Complementação da União - VAAF;1070;Identificação do percentual aplicado no pagamento da remuneração dos profissionais da educação básica em efetivo exercício
Caaporã;201038;Prefeitura Municipal de Caaporã;042025;2025;17155101;Transferências de Recursos de Complementação da União ao Fundeb – VAAF - Principal;Lançamento de Receita;78.746,77;541;Transferências do FUNDEB - Complementação da União - VAAF;"Não ";Não Aplicável
Caaporã;201038;Prefeitura Municipal de Caaporã;042025;2025;17155101;Transferências de Recursos de Complementação da União ao Fundeb – VAAF - Principal;Lançamento de Receita;140.055,04;541;Transferências do FUNDEB - Complementação da União - VAAF;1070;Identificação do percentual aplicado no pagamento da remuneração dos profissionais da educação básica em efetivo exercício
Caaporã;201038;Prefeitura Municipal de Caaporã;032025;2025;17155101;Transferências de Recursos de Complementação da União ao Fundeb – VAAF - Principal;Lançamento de Receita;53.487,93;541;Transferências do FUNDEB - Complementação da União - VAAF;"Não ";Não Aplicável
Caaporã;201038;Prefeitura Municipal de Caaporã;032025;2025;17155101;Transferências de Recursos de Complementação da União ao Fundeb – VAAF - Principal;Lançamento de Receita;95.130,95;541;Transferências do FUNDEB - Complementação da União - VAAF;1070;Identificação do percentual aplicado no pagamento da remuneração dos profissionais da educação básica em efetivo exercício
Caaporã;201038;Prefeitura Municipal de Caaporã;022025;2025;17155101;Transferências de Recursos de Complementação da União ao Fundeb – VAAF - Principal;Lançamento de Receita;49.030,61;541;Transferências do FUNDEB - Complementação da União - VAAF;"Não ";Não Aplicável
Caaporã;201038;Prefeitura Municipal de Caaporã;022025;2025;17155101;Transferências de Recursos de Complementação da União ao Fundeb – VAAF - Principal;Lançamento de Receita;87.203,36;541;Transferências do FUNDEB - Complementação da União - VAAF;1070;Identificação do percentual aplicado no pagamento da remuneração dos profissionais da educação básica em efetivo exercício
Caaporã;201038;Prefeitura Municipal de Caaporã;012025;2025;17155101;Transferências de Recursos de Complementação da União ao Fundeb – VAAF - Principal;Lançamento de Receita;371.838,68;541;Transferências do FUNDEB - Complementação da União - VAAF;1070;Identificação do percentual aplicado no pagamento da remuneração dos profissionais da educação básica em efetivo exercício
Caaporã;201038;Prefeitura Municipal de Caaporã;012025;2025;17155101;Transferências de Recursos de Complementação da União ao Fundeb – VAAF - Principal;Lançamento de Receita;209.068,49;541;Transferências do FUNDEB - Complementação da União - VAAF;"Não ";Não Aplicável
Caaporã;201038;Prefeitura Municipal de Caaporã;122025;2025;17155001;Transferências de Recursos de Complementação da União ao Fundeb – VAAT - Principal;Lançamento de Receita;-158.919,31;500;Recursos não vinculados de Impostos;1002;Identificação das despesas com ações e serviços públicos de saúde
Caaporã;201038;Prefeitura Municipal de Caaporã;122025;2025;17155001;Transferências de Recursos de Complementação da União ao Fundeb – VAAT - Principal;Lançamento de Receita;1.165.972,04;542;Transferências do FUNDEB - Complementação da União - VAAT;1070;Identificação do percentual aplicado no pagamento da remuneração dos profissionais da educação básica em efetivo exercício
Caaporã;201038;Prefeitura Municipal de Caaporã;122025;2025;17155001;Transferências de Recursos de Complementação da União ao Fundeb – VAAT - Principal;Lançamento de Receita;-225.832,71;500;Recursos não vinculados de Impostos;1001;Identificação das despesas com manutenção e desenvolvimento do ensino
Caaporã;201038;Prefeitura Municipal de Caaporã;122025;2025;17155001;Transferências de Recursos de Complementação da União ao Fundeb – VAAT - Principal;Lançamento de Receita;-451.665,42;500;Recursos não vinculados de Impostos;"Não ";Não Aplicável
Caaporã;201038;Prefeitura Municipal de Caaporã;122025;2025;17155001;Transferências de Recursos de Complementação da União ao Fundeb – VAAT - Principal;Lançamento de Receita;477.399,41;542;Transferências do FUNDEB - Complementação da União - VAAT;"Não ";Não Aplicável
Caaporã;201038;Prefeitura Municipal de Caaporã;112025;2025;17155001;Transferências de Recursos de Complementação da União ao Fundeb – VAAT - Principal;Lançamento de Receita;234.604,74;542;Transferências do FUNDEB - Complementação da União - VAAT;"Não ";Não Aplicável
Caaporã;201038;Prefeitura Municipal de Caaporã;112025;2025;17155001;Transferências de Recursos de Complementação da União ao Fundeb – VAAT - Principal;Lançamento de Receita;572.984,71;542;Transferências do FUNDEB - Complementação da União - VAAT;1070;Identificação do percentual aplicado no pagamento da remuneração dos profissionais da educação básica em efetivo exercício
Caaporã;201038;Prefeitura Municipal de Caaporã;102025;2025;17155001;Transferências de Recursos de Complementação da União ao Fundeb – VAAT - Principal;Lançamento de Receita;572.984,71;542;Transferências do FUNDEB - Complementação da União - VAAT;1070;Identificação do percentual aplicado no pagamento da remuneração dos profissionais da educação básica em efetivo exercício
Caaporã;201038;Prefeitura Municipal de Caaporã;102025;2025;17155001;Transferências de Recursos de Complementação da União ao Fundeb – VAAT - Principal;Lançamento de Receita;234.604,74;542;Transferências do FUNDEB - Complementação da União - VAAT;"Não ";Não Aplicável
Caaporã;201038;Prefeitura Municipal de Caaporã;092025;2025;17155001;Transferências de Recursos de Complementação da União ao Fundeb – VAAT - Principal;Lançamento de Receita;573.427,1;542;Transferências do FUNDEB - Complementação da União - VAAT;1070;Identificação do percentual aplicado no pagamento da remuneração dos profissionais da educação básica em efetivo exercício
Caaporã;201038;Prefeitura Municipal de Caaporã;092025;2025;17155001;Transferências de Recursos de Complementação da União ao Fundeb – VAAT - Principal;Lançamento de Receita;234.785,87;542;Transferências do FUNDEB - Complementação da União - VAAT;"Não ";Não Aplicável
Caaporã;201038;Prefeitura Municipal de Caaporã;082025;2025;17155001;Transferências de Recursos de Complementação da União ao Fundeb – VAAT - Principal;Lançamento de Receita;249.063,3;542;Transferências do FUNDEB - Complementação da União - VAAT;"Não ";Não Aplicável
Caaporã;201038;Prefeitura Municipal de Caaporã;082025;2025;17155001;Transferências de Recursos de Complementação da União ao Fundeb – VAAT - Principal;Lançamento de Receita;608.297,45;542;Transferências do FUNDEB - Complementação da União - VAAT;1070;Identificação do percentual aplicado no pagamento da remuneração dos profissionais da educação básica em efetivo exercício
Caaporã;201038;Prefeitura Municipal de Caaporã;072025;2025;17155001;Transferências de Recursos de Complementação da União ao Fundeb – VAAT - Principal;Lançamento de Receita;242.979,27;542;Transferências do FUNDEB - Complementação da União - VAAT;"Não ";Não Aplicável
Caaporã;201038;Prefeitura Municipal de Caaporã;072025;2025;17155001;Transferências de Recursos de Complementação da União ao Fundeb – VAAT - Principal;Lançamento de Receita;593.438,17;542;Transferências do FUNDEB - Complementação da União - VAAT;1070;Identificação do percentual aplicado no pagamento da remuneração dos profissionais da educação básica em efetivo exercício
Caaporã;201038;Prefeitura Municipal de Caaporã;062025;2025;17155001;Transferências de Recursos de Complementação da União ao Fundeb – VAAT - Principal;Lançamento de Receita;451.665,42;500;Recursos não vinculados de Impostos;"Não ";Não Aplicável
Caaporã;201038;Prefeitura Municipal de Caaporã;062025;2025;17155001;Transferências de Recursos de Complementação da União ao Fundeb – VAAT - Principal;Lançamento de Receita;158.919,31;500;Recursos não vinculados de Impostos;1002;Identificação das despesas com ações e serviços públicos de saúde
Caaporã;201038;Prefeitura Municipal de Caaporã;062025;2025;17155001;Transferências de Recursos de Complementação da União ao Fundeb – VAAT - Principal;Lançamento de Receita;225.832,71;500;Recursos não vinculados de Impostos;1001;Identificação das despesas com manutenção e desenvolvimento do ensino
Caaporã;201038;Prefeitura Municipal de Caaporã;052025;2025;17155001;Transferências de Recursos de Complementação da União ao Fundeb – VAAT - Principal;Lançamento de Receita;555.419,59;542;Transferências do FUNDEB - Complementação da União - VAAT;1070;Identificação do percentual aplicado no pagamento da remuneração dos profissionais da educação básica em efetivo exercício
Caaporã;201038;Prefeitura Municipal de Caaporã;052025;2025;17155001;Transferências de Recursos de Complementação da União ao Fundeb – VAAT - Principal;Lançamento de Receita;227.412,81;542;Transferências do FUNDEB - Complementação da União - VAAT;"Não ";Não Aplicável
Caaporã;201038;Prefeitura Municipal de Caaporã;042025;2025;17155001;Transferências de Recursos de Complementação da União ao Fundeb – VAAT - Principal;Lançamento de Receita;582.325,48;542;Transferências do FUNDEB - Complementação da União - VAAT;1070;Identificação do percentual aplicado no pagamento da remuneração dos profissionais da educação básica em efetivo exercício
Caaporã;201038;Prefeitura Municipal de Caaporã;042025;2025;17155001;Transferências de Recursos de Complementação da União ao Fundeb – VAAT - Principal;Lançamento de Receita;238.429,24;542;Transferências do FUNDEB - Complementação da União - VAAT;"Não ";Não Aplicável
Caaporã;201038;Prefeitura Municipal de Caaporã;032025;2025;17155001;Transferências de Recursos de Complementação da União ao Fundeb – VAAT - Principal;Lançamento de Receita;180.808,77;542;Transferências do FUNDEB - Complementação da União - VAAT;"Não ";Não Aplicável
Caaporã;201038;Prefeitura Municipal de Caaporã;032025;2025;17155001;Transferências de Recursos de Complementação da União ao Fundeb – VAAT - Principal;Lançamento de Receita;441.596,65;542;Transferências do FUNDEB - Complementação da União - VAAT;1070;Identificação do percentual aplicado no pagamento da remuneração dos profissionais da educação básica em efetivo exercício
Caaporã;201038;Prefeitura Municipal de Caaporã;022025;2025;17155001;Transferências de Recursos de Complementação da União ao Fundeb – VAAT - Principal;Lançamento de Receita;404.796,92;542;Transferências do FUNDEB - Complementação da União - VAAT;1070;Identificação do percentual aplicado no pagamento da remuneração dos profissionais da educação básica em efetivo exercício
Caaporã;201038;Prefeitura Municipal de Caaporã;022025;2025;17155001;Transferências de Recursos de Complementação da União ao Fundeb – VAAT - Principal;Lançamento de Receita;165.741,38;542;Transferências do FUNDEB - Complementação da União - VAAT;"Não ";Não Aplicável
Caaporã;201038;Prefeitura Municipal de Caaporã;012025;2025;17155001;Transferências de Recursos de Complementação da União ao Fundeb – VAAT - Principal;Lançamento de Receita;1.300.507,92;542;Transferências do FUNDEB - Complementação da União - VAAT;1070;Identificação do percentual aplicado no pagamento da remuneração dos profissionais da educação básica em efetivo exercício
Caaporã;201038;Prefeitura Municipal de Caaporã;012025;2025;17155001;Transferências de Recursos de Complementação da União ao Fundeb – VAAT - Principal;Lançamento de Receita;532.484,22;542;Transferências do FUNDEB - Complementação da União - VAAT;"Não ";Não Aplicável
Caaporã;201038;Prefeitura Municipal de Caaporã;092025;2025;17145301;Transferências referentes ao Programa Nacional de Apoio ao Transporte do Escolar – PNATE - Principal;Lançamento de Receita;34.482,21;553;"Transferências de Recursos do FNDE Referentes ao Programa Nacional de Apoio ao Transporte Escolar (PNATE) ";"Não ";Não Aplicável
Caaporã;201038;Prefeitura Municipal de Caaporã;032025;2025;17145301;Transferências referentes ao Programa Nacional de Apoio ao Transporte do Escolar – PNATE - Principal;Lançamento de Receita;34.482,22;553;"Transferências de Recursos do FNDE Referentes ao Programa Nacional de Apoio ao Transporte Escolar (PNATE) ";"Não ";Não Aplicável
Caaporã;201038;Prefeitura Municipal de Caaporã;122025;2025;17145201;Transferências referentes ao Programa Nacional de Alimentação Escolar – PNAE - Principal;Lançamento de Receita;9.144,75;552;Transferências de Recursos do FNDE Referentes ao Programa Nacional de Alimentação Escolar (PNAE);"Não ";Não Aplicável
Caaporã;201038;Prefeitura Municipal de Caaporã;092025;2025;17145201;Transferências referentes ao Programa Nacional de Alimentação Escolar – PNAE - Principal;Lançamento de Receita;67.436,75;552;Transferências de Recursos do FNDE Referentes ao Programa Nacional de Alimentação Escolar (PNAE);"Não ";Não Aplicável
Caaporã;201038;Prefeitura Municipal de Caaporã;082025;2025;17145201;Transferências referentes ao Programa Nacional de Alimentação Escolar – PNAE - Principal;Lançamento de Receita;76.581,5;552;Transferências de Recursos do FNDE Referentes ao Programa Nacional de Alimentação Escolar (PNAE);"Não ";Não Aplicável
Caaporã;201038;Prefeitura Municipal de Caaporã;072025;2025;17145201;Transferências referentes ao Programa Nacional de Alimentação Escolar – PNAE - Principal;Lançamento de Receita;153.163;552;Transferências de Recursos do FNDE Referentes ao Programa Nacional de Alimentação Escolar (PNAE);"Não ";Não Aplicável
Caaporã;201038;Prefeitura Municipal de Caaporã;052025;2025;17145201;Transferências referentes ao Programa Nacional de Alimentação Escolar – PNAE - Principal;Lançamento de Receita;76.581,5;552;Transferências de Recursos do FNDE Referentes ao Programa Nacional de Alimentação Escolar (PNAE);"Não ";Não Aplicável
Caaporã;201038;Prefeitura Municipal de Caaporã;042025;2025;17145201;Transferências referentes ao Programa Nacional de Alimentação Escolar – PNAE - Principal;Lançamento de Receita;76.581,5;552;Transferências de Recursos do FNDE Referentes ao Programa Nacional de Alimentação Escolar (PNAE);"Não ";Não Aplicável
Caaporã;201038;Prefeitura Municipal de Caaporã;032025;2025;17145201;Transferências referentes ao Programa Nacional de Alimentação Escolar – PNAE - Principal;Lançamento de Receita;76.581,5;552;Transferências de Recursos do FNDE Referentes ao Programa Nacional de Alimentação Escolar (PNAE);"Não ";Não Aplicável
Caaporã;201038;Prefeitura Municipal de Caaporã;022025;2025;17145201;Transferências referentes ao Programa Nacional de Alimentação Escolar – PNAE - Principal;Lançamento de Receita;76.581,5;552;Transferências de Recursos do FNDE Referentes ao Programa Nacional de Alimentação Escolar (PNAE);"Não ";Não Aplicável
Caaporã;201038;Prefeitura Municipal de Caaporã;122025;2025;17145001;Transferências do Salário-Educação - Principal;Lançamento de Receita;172.976,79;550;Transferência do Salário-Educação;"Não ";Não Aplicável
Caaporã;201038;Prefeitura Municipal de Caaporã;112025;2025;17145001;Transferências do Salário-Educação - Principal;Lançamento de Receita;174.738,29;550;Transferência do Salário-Educação;"Não ";Não Aplicável
Caaporã;201038;Prefeitura Municipal de Caaporã;102025;2025;17145001;Transferências do Salário-Educação - Principal;Lançamento de Receita;184.326,98;550;Transferência do Salário-Educação;"Não ";Não Aplicável
Caaporã;201038;Prefeitura Municipal de Caaporã;092025;2025;17145001;Transferências do Salário-Educação - Principal;Lançamento de Receita;167.210,97;550;Transferência do Salário-Educação;"Não ";Não Aplicável
Caaporã;201038;Prefeitura Municipal de Caaporã;082025;2025;17145001;Transferências do Salário-Educação - Principal;Lançamento de Receita;168.289;550;Transferência do Salário-Educação;"Não ";Não Aplicável
Caaporã;201038;Prefeitura Municipal de Caaporã;072025;2025;17145001;Transferências do Salário-Educação - Principal;Lançamento de Receita;362.302,67;550;Transferência do Salário-Educação;"Não ";Não Aplicável
Caaporã;201038;Prefeitura Municipal de Caaporã;062025;2025;17145001;Transferências do Salário-Educação - Principal;Lançamento de Receita;173.280,8;500;Recursos não vinculados de Impostos;"Não ";Não Aplicável
Caaporã;201038;Prefeitura Municipal de Caaporã;052025;2025;17145001;Transferências do Salário-Educação - Principal;Lançamento de Receita;172.874,53;550;Transferência do Salário-Educação;"Não ";Não Aplicável
Caaporã;201038;Prefeitura Municipal de Caaporã;032025;2025;17145001;Transferências do Salário-Educação - Principal;Lançamento de Receita;174.938,17;550;Transferência do Salário-Educação;"Não ";Não Aplicável
Caaporã;201038;Prefeitura Municipal de Caaporã;022025;2025;17145001;Transferências do Salário-Educação - Principal;Lançamento de Receita;478.238,89;550;Transferência do Salário-Educação;"Não ";Não Aplicável
Caaporã;201038;Prefeitura Municipal de Caaporã;092025;2025;17135111;Transferências de Recursos do Bloco de Estruturação da Rede de Serviços Públicos de Saúde - Atenção Primária - Principal;Lançamento de Receita;1.816.494;601;Transferências Fundo a Fundo de Recursos do SUS provenientes do Governo Federal - Bloco de Estruturação da Rede de Serviços Públicos de Saúde;"Não ";Não Aplicável
Caaporã;201038;Prefeitura Municipal de Caaporã;122025;2025;17135051;Transferências de Recursos do Bloco de Manutenção das Ações e Serviços Públicos de Saúde – Gestão do SUS - Principal;Lançamento de Receita;541.365,28;605;Assistência financeira da União destinada à complementação ao pagamento dos pisos salariais para profissionais da enfermagem;"Não ";Não Aplicável
Caaporã;201038;Prefeitura Municipal de Caaporã;112025;2025;17135051;Transferências de Recursos do Bloco de Manutenção das Ações e Serviços Públicos de Saúde – Gestão do SUS - Principal;Lançamento de Receita;178.643,49;605;Assistência financeira da União destinada à complementação ao pagamento dos pisos salariais para profissionais da enfermagem;"Não ";Não Aplicável
Caaporã;201038;Prefeitura Municipal de Caaporã;102025;2025;17135051;Transferências de Recursos do Bloco de Manutenção das Ações e Serviços Públicos de Saúde – Gestão do SUS - Principal;Lançamento de Receita;181.593,49;605;Assistência financeira da União destinada à complementação ao pagamento dos pisos salariais para profissionais da enfermagem;"Não ";Não Aplicável
Caaporã;201038;Prefeitura Municipal de Caaporã;082025;2025;17135051;Transferências de Recursos do Bloco de Manutenção das Ações e Serviços Públicos de Saúde – Gestão do SUS - Principal;Lançamento de Receita;557.351,09;605;Assistência financeira da União destinada à complementação ao pagamento dos pisos salariais para profissionais da enfermagem;"Não ";Não Aplicável
Caaporã;201038;Prefeitura Municipal de Caaporã;082025;2025;17135051;Transferências de Recursos do Bloco de Manutenção das Ações e Serviços Públicos de Saúde – Gestão do SUS - Principal;Lançamento de Receita;-189.170,94;500;Recursos não vinculados de Impostos;"Não ";Não Aplicável
Caaporã;201038;Prefeitura Municipal de Caaporã;072025;2025;17135051;Transferências de Recursos do Bloco de Manutenção das Ações e Serviços Públicos de Saúde – Gestão do SUS - Principal;Lançamento de Receita;383.158,34;605;Assistência financeira da União destinada à complementação ao pagamento dos pisos salariais para profissionais da enfermagem;"Não ";Não Aplicável
Caaporã;201038;Prefeitura Municipal de Caaporã;062025;2025;17135051;Transferências de Recursos do Bloco de Manutenção das Ações e Serviços Públicos de Saúde – Gestão do SUS - Principal;Lançamento de Receita;189.170,94;500;Recursos não vinculados de Impostos;"Não ";Não Aplicável
Caaporã;201038;Prefeitura Municipal de Caaporã;052025;2025;17135051;Transferências de Recursos do Bloco de Manutenção das Ações e Serviços Públicos de Saúde – Gestão do SUS - Principal;Lançamento de Receita;190.027,94;605;Assistência financeira da União destinada à complementação ao pagamento dos pisos salariais para profissionais da enfermagem;"Não ";Não Aplicável
Caaporã;201038;Prefeitura Municipal de Caaporã;032025;2025;17135051;Transferências de Recursos do Bloco de Manutenção das Ações e Serviços Públicos de Saúde – Gestão do SUS - Principal;Lançamento de Receita;187.018,48;605;Assistência financeira da União destinada à complementação ao pagamento dos pisos salariais para profissionais da enfermagem;"Não ";Não Aplicável
Caaporã;201038;Prefeitura Municipal de Caaporã;022025;2025;17135051;Transferências de Recursos do Bloco de Manutenção das Ações e Serviços Públicos de Saúde – Gestão do SUS - Principal;Lançamento de Receita;168.424,94;605;Assistência financeira da União destinada à complementação ao pagamento dos pisos salariais para profissionais da enfermagem;"Não ";Não Aplicável
Caaporã;201038;Prefeitura Municipal de Caaporã;012025;2025;17135051;Transferências de Recursos do Bloco de Manutenção das Ações e Serviços Públicos de Saúde – Gestão do SUS - Principal;Lançamento de Receita;95.011,36;605;Assistência financeira da União destinada à complementação ao pagamento dos pisos salariais para profissionais da enfermagem;"Não ";Não Aplicável
Caaporã;201038;Prefeitura Municipal de Caaporã;122025;2025;17135041;Transferências de Recursos do Bloco de Manutenção das Ações e Serviços Públicos de Saúde – Assistência Farmacêutica - Principal;Lançamento de Receita;15.100,1;600;Transferências Fundo a Fundo de Recursos do SUS provenientes do Governo Federal - Bloco de Manutenção das Ações e Serviços Públicos de Saúde;"Não ";Não Aplicável
Caaporã;201038;Prefeitura Municipal de Caaporã;112025;2025;17135041;Transferências de Recursos do Bloco de Manutenção das Ações e Serviços Públicos de Saúde – Assistência Farmacêutica - Principal;Lançamento de Receita;15.100,1;600;Transferências Fundo a Fundo de Recursos do SUS provenientes do Governo Federal - Bloco de Manutenção das Ações e Serviços Públicos de Saúde;"Não ";Não Aplicável
Caaporã;201038;Prefeitura Municipal de Caaporã;102025;2025;17135041;Transferências de Recursos do Bloco de Manutenção das Ações e Serviços Públicos de Saúde – Assistência Farmacêutica - Principal;Lançamento de Receita;15.100,1;600;Transferências Fundo a Fundo de Recursos do SUS provenientes do Governo Federal - Bloco de Manutenção das Ações e Serviços Públicos de Saúde;"Não ";Não Aplicável
Caaporã;201038;Prefeitura Municipal de Caaporã;092025;2025;17135041;Transferências de Recursos do Bloco de Manutenção das Ações e Serviços Públicos de Saúde – Assistência Farmacêutica - Principal;Lançamento de Receita;15.100,1;600;Transferências Fundo a Fundo de Recursos do SUS provenientes do Governo Federal - Bloco de Manutenção das Ações e Serviços Públicos de Saúde;"Não ";Não Aplicável
Caaporã;201038;Prefeitura Municipal de Caaporã;082025;2025;17135041;Transferências de Recursos do Bloco de Manutenção das Ações e Serviços Públicos de Saúde – Assistência Farmacêutica - Principal;Lançamento de Receita;25.697,12;600;Transferências Fundo a Fundo de Recursos do SUS provenientes do Governo Federal - Bloco de Manutenção das Ações e Serviços Públicos de Saúde;"Não ";Não Aplicável
Caaporã;201038;Prefeitura Municipal de Caaporã;072025;2025;17135041;Transferências de Recursos do Bloco de Manutenção das Ações e Serviços Públicos de Saúde – Assistência Farmacêutica - Principal;Lançamento de Receita;15.100,1;600;Transferências Fundo a Fundo de Recursos do SUS provenientes do Governo Federal - Bloco de Manutenção das Ações e Serviços Públicos de Saúde;"Não ";Não Aplicável
Caaporã;201038;Prefeitura Municipal de Caaporã;062025;2025;17135041;Transferências de Recursos do Bloco de Manutenção das Ações e Serviços Públicos de Saúde – Assistência Farmacêutica - Principal;Lançamento de Receita;13.333,93;600;Transferências Fundo a Fundo de Recursos do SUS provenientes do Governo Federal - Bloco de Manutenção das Ações e Serviços Públicos de Saúde;"Não ";Não Aplicável
Caaporã;201038;Prefeitura Municipal de Caaporã;052025;2025;17135041;Transferências de Recursos do Bloco de Manutenção das Ações e Serviços Públicos de Saúde – Assistência Farmacêutica - Principal;Lançamento de Receita;13.333,93;600;Transferências Fundo a Fundo de Recursos do SUS provenientes do Governo Federal - Bloco de Manutenção das Ações e Serviços Públicos de Saúde;"Não ";Não Aplicável
Caaporã;201038;Prefeitura Municipal de Caaporã;042025;2025;17135041;Transferências de Recursos do Bloco de Manutenção das Ações e Serviços Públicos de Saúde – Assistência Farmacêutica - Principal;Lançamento de Receita;13.333,93;600;Transferências Fundo a Fundo de Recursos do SUS provenientes do Governo Federal - Bloco de Manutenção das Ações e Serviços Públicos de Saúde;"Não ";Não Aplicável
Caaporã;201038;Prefeitura Municipal de Caaporã;032025;2025;17135041;Transferências de Recursos do Bloco de Manutenção das Ações e Serviços Públicos de Saúde – Assistência Farmacêutica - Principal;Lançamento de Receita;13.333,93;600;Transferências Fundo a Fundo de Recursos do SUS provenientes do Governo Federal - Bloco de Manutenção das Ações e Serviços Públicos de Saúde;"Não ";Não Aplicável
Caaporã;201038;Prefeitura Municipal de Caaporã;022025;2025;17135041;Transferências de Recursos do Bloco de Manutenção das Ações e Serviços Públicos de Saúde – Assistência Farmacêutica - Principal;Lançamento de Receita;13.333,93;600;Transferências Fundo a Fundo de Recursos do SUS provenientes do Governo Federal - Bloco de Manutenção das Ações e Serviços Públicos de Saúde;"Não ";Não Aplicável
Caaporã;201038;Prefeitura Municipal de Caaporã;012025;2025;17135041;Transferências de Recursos do Bloco de Manutenção das Ações e Serviços Públicos de Saúde – Assistência Farmacêutica - Principal;Lançamento de Receita;13.333,93;600;Transferências Fundo a Fundo de Recursos do SUS provenientes do Governo Federal - Bloco de Manutenção das Ações e Serviços Públicos de Saúde;"Não ";Não Aplicável
Caaporã;201038;Prefeitura Municipal de Caaporã;122025;2025;17135031;Transferências de Recursos do Bloco de Manutenção das Ações e Serviços Públicos de Saúde – Vigilância em Saúde - Principal;Lançamento de Receita;36.218,04;600;Transferências Fundo a Fundo de Recursos do SUS provenientes do Governo Federal - Bloco de Manutenção das Ações e Serviços Públicos de Saúde;"Não ";Não Aplicável
Caaporã;201038;Prefeitura Municipal de Caaporã;122025;2025;17135031;Transferências de Recursos do Bloco de Manutenção das Ações e Serviços Públicos de Saúde – Vigilância em Saúde - Principal;Lançamento de Receita;273.240;604;Transferências provenientes do Governo Federal destinadas ao vencimento dos agentes comunitários de saúde e dos agentes de combate às endemias;"Não ";Não Aplicável
Caaporã;201038;Prefeitura Municipal de Caaporã;112025;2025;17135031;Transferências de Recursos do Bloco de Manutenção das Ações e Serviços Públicos de Saúde – Vigilância em Saúde - Principal;Lançamento de Receita;13.164,34;600;Transferências Fundo a Fundo de Recursos do SUS provenientes do Governo Federal - Bloco de Manutenção das Ações e Serviços Públicos de Saúde;"Não ";Não Aplicável
Caaporã;201038;Prefeitura Municipal de Caaporã;112025;2025;17135031;Transferências de Recursos do Bloco de Manutenção das Ações e Serviços Públicos de Saúde – Vigilância em Saúde - Principal;Lançamento de Receita;136.620;604;Transferências provenientes do Governo Federal destinadas ao vencimento dos agentes comunitários de saúde e dos agentes de combate às endemias;"Não ";Não Aplicável
Caaporã;201038;Prefeitura Municipal de Caaporã;102025;2025;17135031;Transferências de Recursos do Bloco de Manutenção das Ações e Serviços Públicos de Saúde – Vigilância em Saúde - Principal;Lançamento de Receita;136.620;604;Transferências provenientes do Governo Federal destinadas ao vencimento dos agentes comunitários de saúde e dos agentes de combate às endemias;"Não ";Não Aplicável
Caaporã;201038;Prefeitura Municipal de Caaporã;102025;2025;17135031;Transferências de Recursos do Bloco de Manutenção das Ações e Serviços Públicos de Saúde – Vigilância em Saúde - Principal;Lançamento de Receita;12.060,34;600;Transferências Fundo a Fundo de Recursos do SUS provenientes do Governo Federal - Bloco de Manutenção das Ações e Serviços Públicos de Saúde;"Não ";Não Aplicável
Caaporã;201038;Prefeitura Municipal de Caaporã;092025;2025;17135031;Transferências de Recursos do Bloco de Manutenção das Ações e Serviços Públicos de Saúde – Vigilância em Saúde - Principal;Lançamento de Receita;136.620;604;Transferências provenientes do Governo Federal destinadas ao vencimento dos agentes comunitários de saúde e dos agentes de combate às endemias;"Não ";Não Aplicável
Caaporã;201038;Prefeitura Municipal de Caaporã;092025;2025;17135031;Transferências de Recursos do Bloco de Manutenção das Ações e Serviços Públicos de Saúde – Vigilância em Saúde - Principal;Lançamento de Receita;13.164,34;600;Transferências Fundo a Fundo de Recursos do SUS provenientes do Governo Federal - Bloco de Manutenção das Ações e Serviços Públicos de Saúde;"Não ";Não Aplicável
Caaporã;201038;Prefeitura Municipal de Caaporã;082025;2025;17135031;Transferências de Recursos do Bloco de Manutenção das Ações e Serviços Públicos de Saúde – Vigilância em Saúde - Principal;Lançamento de Receita;136.620;604;Transferências provenientes do Governo Federal destinadas ao vencimento dos agentes comunitários de saúde e dos agentes de combate às endemias;"Não ";Não Aplicável
Caaporã;201038;Prefeitura Municipal de Caaporã;082025;2025;17135031;Transferências de Recursos do Bloco de Manutenção das Ações e Serviços Públicos de Saúde – Vigilância em Saúde - Principal;Lançamento de Receita;14.268,34;600;Transferências Fundo a Fundo de Recursos do SUS provenientes do Governo Federal - Bloco de Manutenção das Ações e Serviços Públicos de Saúde;"Não ";Não Aplicável
Caaporã;201038;Prefeitura Municipal de Caaporã;072025;2025;17135031;Transferências de Recursos do Bloco de Manutenção das Ações e Serviços Públicos de Saúde – Vigilância em Saúde - Principal;Lançamento de Receita;21.788,28;600;Transferências Fundo a Fundo de Recursos do SUS provenientes do Governo Federal - Bloco de Manutenção das Ações e Serviços Públicos de Saúde;"Não ";Não Aplicável
Caaporã;201038;Prefeitura Municipal de Caaporã;072025;2025;17135031;Transferências de Recursos do Bloco de Manutenção das Ações e Serviços Públicos de Saúde – Vigilância em Saúde - Principal;Lançamento de Receita;136.620;604;Transferências provenientes do Governo Federal destinadas ao vencimento dos agentes comunitários de saúde e dos agentes de combate às endemias;"Não ";Não Aplicável
Caaporã;201038;Prefeitura Municipal de Caaporã;062025;2025;17135031;Transferências de Recursos do Bloco de Manutenção das Ações e Serviços Públicos de Saúde – Vigilância em Saúde - Principal;Lançamento de Receita;115.216,4;600;Transferências Fundo a Fundo de Recursos do SUS provenientes do Governo Federal - Bloco de Manutenção das Ações e Serviços Públicos de Saúde;"Não ";Não Aplicável
Caaporã;201038;Prefeitura Municipal de Caaporã;062025;2025;17135031;Transferências de Recursos do Bloco de Manutenção das Ações e Serviços Públicos de Saúde – Vigilância em Saúde - Principal;Lançamento de Receita;30.360;604;Transferências provenientes do Governo Federal destinadas ao vencimento dos agentes comunitários de saúde e dos agentes de combate às endemias;"Não ";Não Aplicável
Caaporã;201038;Prefeitura Municipal de Caaporã;052025;2025;17135031;Transferências de Recursos do Bloco de Manutenção das Ações e Serviços Públicos de Saúde – Vigilância em Saúde - Principal;Lançamento de Receita;136.620;604;Transferências provenientes do Governo Federal destinadas ao vencimento dos agentes comunitários de saúde e dos agentes de combate às endemias;"Não ";Não Aplicável
Caaporã;201038;Prefeitura Municipal de Caaporã;052025;2025;17135031;Transferências de Recursos do Bloco de Manutenção das Ações e Serviços Públicos de Saúde – Vigilância em Saúde - Principal;Lançamento de Receita;12.060,34;600;Transferências Fundo a Fundo de Recursos do SUS provenientes do Governo Federal - Bloco de Manutenção das Ações e Serviços Públicos de Saúde;"Não ";Não Aplicável
Caaporã;201038;Prefeitura Municipal de Caaporã;042025;2025;17135031;Transferências de Recursos do Bloco de Manutenção das Ações e Serviços Públicos de Saúde – Vigilância em Saúde - Principal;Lançamento de Receita;136.620;604;Transferências provenientes do Governo Federal destinadas ao vencimento dos agentes comunitários de saúde e dos agentes de combate às endemias;"Não ";Não Aplicável
Caaporã;201038;Prefeitura Municipal de Caaporã;042025;2025;17135031;Transferências de Recursos do Bloco de Manutenção das Ações e Serviços Públicos de Saúde – Vigilância em Saúde - Principal;Lançamento de Receita;30.218,23;600;Transferências Fundo a Fundo de Recursos do SUS provenientes do Governo Federal - Bloco de Manutenção das Ações e Serviços Públicos de Saúde;"Não ";Não Aplicável
Caaporã;201038;Prefeitura Municipal de Caaporã;032025;2025;17135031;Transferências de Recursos do Bloco de Manutenção das Ações e Serviços Públicos de Saúde – Vigilância em Saúde - Principal;Lançamento de Receita;12.060,34;600;Transferências Fundo a Fundo de Recursos do SUS provenientes do Governo Federal - Bloco de Manutenção das Ações e Serviços Públicos de Saúde;"Não ";Não Aplicável
Caaporã;201038;Prefeitura Municipal de Caaporã;032025;2025;17135031;Transferências de Recursos do Bloco de Manutenção das Ações e Serviços Públicos de Saúde – Vigilância em Saúde - Principal;Lançamento de Receita;136.620;604;Transferências provenientes do Governo Federal destinadas ao vencimento dos agentes comunitários de saúde e dos agentes de combate às endemias;"Não ";Não Aplicável
Caaporã;201038;Prefeitura Municipal de Caaporã;022025;2025;17135031;Transferências de Recursos do Bloco de Manutenção das Ações e Serviços Públicos de Saúde – Vigilância em Saúde - Principal;Lançamento de Receita;136.620;604;Transferências provenientes do Governo Federal destinadas ao vencimento dos agentes comunitários de saúde e dos agentes de combate às endemias;"Não ";Não Aplicável
Caaporã;201038;Prefeitura Municipal de Caaporã;022025;2025;17135031;Transferências de Recursos do Bloco de Manutenção das Ações e Serviços Públicos de Saúde – Vigilância em Saúde - Principal;Lançamento de Receita;12.060,34;600;Transferências Fundo a Fundo de Recursos do SUS provenientes do Governo Federal - Bloco de Manutenção das Ações e Serviços Públicos de Saúde;"Não ";Não Aplicável
Caaporã;201038;Prefeitura Municipal de Caaporã;012025;2025;17135031;Transferências de Recursos do Bloco de Manutenção das Ações e Serviços Públicos de Saúde – Vigilância em Saúde - Principal;Lançamento de Receita;133.584;604;Transferências provenientes do Governo Federal destinadas ao vencimento dos agentes comunitários de saúde e dos agentes de combate às endemias;"Não ";Não Aplicável
Caaporã;201038;Prefeitura Municipal de Caaporã;012025;2025;17135031;Transferências de Recursos do Bloco de Manutenção das Ações e Serviços Públicos de Saúde – Vigilância em Saúde - Principal;Lançamento de Receita;8.093,74;600;Transferências Fundo a Fundo de Recursos do SUS provenientes do Governo Federal - Bloco de Manutenção das Ações e Serviços Públicos de Saúde;"Não ";Não Aplicável
Caaporã;201038;Prefeitura Municipal de Caaporã;122025;2025;17135011;Transferências de Recursos do Bloco de Manutenção das Ações e Serviços Públicos de Saúde – Atenção Primária - Principal;Lançamento de Receita;1.489.434,12;600;Transferências Fundo a Fundo de Recursos do SUS provenientes do Governo Federal - Bloco de Manutenção das Ações e Serviços Públicos de Saúde;"Não ";Não Aplicável
Caaporã;201038;Prefeitura Municipal de Caaporã;122025;2025;17135011;Transferências de Recursos do Bloco de Manutenção das Ações e Serviços Públicos de Saúde – Atenção Primária - Principal;Lançamento de Receita;3.000.000;600;Transferências Fundo a Fundo de Recursos do SUS provenientes do Governo Federal - Bloco de Manutenção das Ações e Serviços Públicos de Saúde;3110;Identificação das Transferências da União decorrentes de emendas parlamentares individuais
Caaporã;201038;Prefeitura Municipal de Caaporã;112025;2025;17135011;Transferências de Recursos do Bloco de Manutenção das Ações e Serviços Públicos de Saúde – Atenção Primária - Principal;Lançamento de Receita;652.658,59;600;Transferências Fundo a Fundo de Recursos do SUS provenientes do Governo Federal - Bloco de Manutenção das Ações e Serviços Públicos de Saúde;"Não ";Não Aplicável
Caaporã;201038;Prefeitura Municipal de Caaporã;112025;2025;17135011;Transferências de Recursos do Bloco de Manutenção das Ações e Serviços Públicos de Saúde – Atenção Primária - Principal;Lançamento de Receita;3.600.010;600;Transferências Fundo a Fundo de Recursos do SUS provenientes do Governo Federal - Bloco de Manutenção das Ações e Serviços Públicos de Saúde;3120;Identificação das Transferências da União decorrentes de emendas parlamentares de bancada
Caaporã;201038;Prefeitura Municipal de Caaporã;102025;2025;17135011;Transferências de Recursos do Bloco de Manutenção das Ações e Serviços Públicos de Saúde – Atenção Primária - Principal;Lançamento de Receita;855.258,59;600;Transferências Fundo a Fundo de Recursos do SUS provenientes do Governo Federal - Bloco de Manutenção das Ações e Serviços Públicos de Saúde;"Não ";Não Aplicável
Caaporã;201038;Prefeitura Municipal de Caaporã;092025;2025;17135011;Transferências de Recursos do Bloco de Manutenção das Ações e Serviços Públicos de Saúde – Atenção Primária - Principal;Lançamento de Receita;-1.154.029,96;600;Transferências Fundo a Fundo de Recursos do SUS provenientes do Governo Federal - Bloco de Manutenção das Ações e Serviços Públicos de Saúde;"Não ";Não Aplicável
Caaporã;201038;Prefeitura Municipal de Caaporã;082025;2025;17135011;Transferências de Recursos do Bloco de Manutenção das Ações e Serviços Públicos de Saúde – Atenção Primária - Principal;Lançamento de Receita;655.158,59;600;Transferências Fundo a Fundo de Recursos do SUS provenientes do Governo Federal - Bloco de Manutenção das Ações e Serviços Públicos de Saúde;"Não ";Não Aplicável
Caaporã;201038;Prefeitura Municipal de Caaporã;072025;2025;17135011;Transferências de Recursos do Bloco de Manutenção das Ações e Serviços Públicos de Saúde – Atenção Primária - Principal;Lançamento de Receita;682.596,82;600;Transferências Fundo a Fundo de Recursos do SUS provenientes do Governo Federal - Bloco de Manutenção das Ações e Serviços Públicos de Saúde;"Não ";Não Aplicável
Caaporã;201038;Prefeitura Municipal de Caaporã;072025;2025;17135011;Transferências de Recursos do Bloco de Manutenção das Ações e Serviços Públicos de Saúde – Atenção Primária - Principal;Lançamento de Receita;1.500.000;600;Transferências Fundo a Fundo de Recursos do SUS provenientes do Governo Federal - Bloco de Manutenção das Ações e Serviços Públicos de Saúde;3110;Identificação das Transferências da União decorrentes de emendas parlamentares individuais
Caaporã;201038;Prefeitura Municipal de Caaporã;062025;2025;17135011;Transferências de Recursos do Bloco de Manutenção das Ações e Serviços Públicos de Saúde – Atenção Primária - Principal;Lançamento de Receita;4.476.993,99;600;Transferências Fundo a Fundo de Recursos do SUS provenientes do Governo Federal - Bloco de Manutenção das Ações e Serviços Públicos de Saúde;"Não ";Não Aplicável
Caaporã;201038;Prefeitura Municipal de Caaporã;052025;2025;17135011;Transferências de Recursos do Bloco de Manutenção das Ações e Serviços Públicos de Saúde – Atenção Primária - Principal;Lançamento de Receita;689.990,73;600;Transferências Fundo a Fundo de Recursos do SUS provenientes do Governo Federal - Bloco de Manutenção das Ações e Serviços Públicos de Saúde;"Não ";Não Aplicável
Caaporã;201038;Prefeitura Municipal de Caaporã;042025;2025;17135011;Transferências de Recursos do Bloco de Manutenção das Ações e Serviços Públicos de Saúde – Atenção Primária - Principal;Lançamento de Receita;666.499,99;600;Transferências Fundo a Fundo de Recursos do SUS provenientes do Governo Federal - Bloco de Manutenção das Ações e Serviços Públicos de Saúde;"Não ";Não Aplicável
Caaporã;201038;Prefeitura Municipal de Caaporã;032025;2025;17135011;Transferências de Recursos do Bloco de Manutenção das Ações e Serviços Públicos de Saúde – Atenção Primária - Principal;Lançamento de Receita;638.817,19;600;Transferências Fundo a Fundo de Recursos do SUS provenientes do Governo Federal - Bloco de Manutenção das Ações e Serviços Públicos de Saúde;"Não ";Não Aplicável
Caaporã;201038;Prefeitura Municipal de Caaporã;022025;2025;17135011;Transferências de Recursos do Bloco de Manutenção das Ações e Serviços Públicos de Saúde – Atenção Primária - Principal;Lançamento de Receita;681.110,75;600;Transferências Fundo a Fundo de Recursos do SUS provenientes do Governo Federal - Bloco de Manutenção das Ações e Serviços Públicos de Saúde;"Não ";Não Aplicável
Caaporã;201038;Prefeitura Municipal de Caaporã;012025;2025;17135011;Transferências de Recursos do Bloco de Manutenção das Ações e Serviços Públicos de Saúde – Atenção Primária - Principal;Lançamento de Receita;693.108,18;600;Transferências Fundo a Fundo de Recursos do SUS provenientes do Governo Federal - Bloco de Manutenção das Ações e Serviços Públicos de Saúde;"Não ";Não Aplicável
Caaporã;201038;Prefeitura Municipal de Caaporã;122025;2025;17125241;Cota-Parte do Fundo Especial do Petróleo – FEP - Principal;Lançamento de Receita;30.817,54;500;Recursos não vinculados de Impostos;"Não ";Não Aplicável
Caaporã;201038;Prefeitura Municipal de Caaporã;122025;2025;17125241;Cota-Parte do Fundo Especial do Petróleo – FEP - Principal;Lançamento de Receita;10.843,2;500;Recursos não vinculados de Impostos;1002;Identificação das despesas com ações e serviços públicos de saúde
Caaporã;201038;Prefeitura Municipal de Caaporã;122025;2025;17125241;Cota-Parte do Fundo Especial do Petróleo – FEP - Principal;Lançamento de Receita;15.408,77;500;Recursos não vinculados de Impostos;1001;Identificação das despesas com manutenção e desenvolvimento do ensino
Caaporã;201038;Prefeitura Municipal de Caaporã;112025;2025;17125241;Cota-Parte do Fundo Especial do Petróleo – FEP - Principal;Lançamento de Receita;10.551,21;500;Recursos não vinculados de Impostos;1002;Identificação das despesas com ações e serviços públicos de saúde
Caaporã;201038;Prefeitura Municipal de Caaporã;112025;2025;17125241;Cota-Parte do Fundo Especial do Petróleo – FEP - Principal;Lançamento de Receita;29.987,63;500;Recursos não vinculados de Impostos;"Não ";Não Aplicável
Caaporã;201038;Prefeitura Municipal de Caaporã;112025;2025;17125241;Cota-Parte do Fundo Especial do Petróleo – FEP - Principal;Lançamento de Receita;14.993,81;500;Recursos não vinculados de Impostos;1001;Identificação das despesas com manutenção e desenvolvimento do ensino
Caaporã;201038;Prefeitura Municipal de Caaporã;102025;2025;17125241;Cota-Parte do Fundo Especial do Petróleo – FEP - Principal;Lançamento de Receita;31.397,29;500;Recursos não vinculados de Impostos;"Não ";Não Aplicável
Caaporã;201038;Prefeitura Municipal de Caaporã;102025;2025;17125241;Cota-Parte do Fundo Especial do Petróleo – FEP - Principal;Lançamento de Receita;15.698,64;500;Recursos não vinculados de Impostos;1001;Identificação das despesas com manutenção e desenvolvimento do ensino
Caaporã;201038;Prefeitura Municipal de Caaporã;102025;2025;17125241;Cota-Parte do Fundo Especial do Petróleo – FEP - Principal;Lançamento de Receita;11.047,19;500;Recursos não vinculados de Impostos;1002;Identificação das despesas com ações e serviços públicos de saúde
Caaporã;201038;Prefeitura Municipal de Caaporã;092025;2025;17125241;Cota-Parte do Fundo Especial do Petróleo – FEP - Principal;Lançamento de Receita;16.899,57;500;Recursos não vinculados de Impostos;1001;Identificação das despesas com manutenção e desenvolvimento do ensino
Caaporã;201038;Prefeitura Municipal de Caaporã;092025;2025;17125241;Cota-Parte do Fundo Especial do Petróleo – FEP - Principal;Lançamento de Receita;11.892,29;500;Recursos não vinculados de Impostos;1002;Identificação das despesas com ações e serviços públicos de saúde
Caaporã;201038;Prefeitura Municipal de Caaporã;092025;2025;17125241;Cota-Parte do Fundo Especial do Petróleo – FEP - Principal;Lançamento de Receita;33.799,14;500;Recursos não vinculados de Impostos;"Não ";Não Aplicável
Caaporã;201038;Prefeitura Municipal de Caaporã;082025;2025;17125241;Cota-Parte do Fundo Especial do Petróleo – FEP - Principal;Lançamento de Receita;11.073,06;500;Recursos não vinculados de Impostos;1002;Identificação das despesas com ações e serviços públicos de saúde
Caaporã;201038;Prefeitura Municipal de Caaporã;082025;2025;17125241;Cota-Parte do Fundo Especial do Petróleo – FEP - Principal;Lançamento de Receita;31.470,78;500;Recursos não vinculados de Impostos;"Não ";Não Aplicável
Caaporã;201038;Prefeitura Municipal de Caaporã;082025;2025;17125241;Cota-Parte do Fundo Especial do Petróleo – FEP - Principal;Lançamento de Receita;15.735,39;500;Recursos não vinculados de Impostos;1001;Identificação das despesas com manutenção e desenvolvimento do ensino
Caaporã;201038;Prefeitura Municipal de Caaporã;072025;2025;17125241;Cota-Parte do Fundo Especial do Petróleo – FEP - Principal;Lançamento de Receita;10.396,78;500;Recursos não vinculados de Impostos;1002;Identificação das despesas com ações e serviços públicos de saúde
Caaporã;201038;Prefeitura Municipal de Caaporã;072025;2025;17125241;Cota-Parte do Fundo Especial do Petróleo – FEP - Principal;Lançamento de Receita;29.548,76;500;Recursos não vinculados de Impostos;"Não ";Não Aplicável
Caaporã;201038;Prefeitura Municipal de Caaporã;072025;2025;17125241;Cota-Parte do Fundo Especial do Petróleo – FEP - Principal;Lançamento de Receita;14.774,38;500;Recursos não vinculados de Impostos;1001;Identificação das despesas com manutenção e desenvolvimento do ensino
Caaporã;201038;Prefeitura Municipal de Caaporã;062025;2025;17125241;Cota-Parte do Fundo Especial do Petróleo – FEP - Principal;Lançamento de Receita;55.779,72;500;Recursos não vinculados de Impostos;"Não ";Não Aplicável
Caaporã;201038;Prefeitura Municipal de Caaporã;052025;2025;17125241;Cota-Parte do Fundo Especial do Petróleo – FEP - Principal;Lançamento de Receita;33.348,73;500;Recursos não vinculados de Impostos;"Não ";Não Aplicável
Caaporã;201038;Prefeitura Municipal de Caaporã;052025;2025;17125241;Cota-Parte do Fundo Especial do Petróleo – FEP - Principal;Lançamento de Receita;11.733,81;500;Recursos não vinculados de Impostos;1002;Identificação das despesas com ações e serviços públicos de saúde
Caaporã;201038;Prefeitura Municipal de Caaporã;052025;2025;17125241;Cota-Parte do Fundo Especial do Petróleo – FEP - Principal;Lançamento de Receita;16.674,36;500;Recursos não vinculados de Impostos;1001;Identificação das despesas com manutenção e desenvolvimento do ensino
Caaporã;201038;Prefeitura Municipal de Caaporã;042025;2025;17125241;Cota-Parte do Fundo Especial do Petróleo – FEP - Principal;Lançamento de Receita;15.015,17;500;Recursos não vinculados de Impostos;1001;Identificação das despesas com manutenção e desenvolvimento do ensino
Caaporã;201038;Prefeitura Municipal de Caaporã;042025;2025;17125241;Cota-Parte do Fundo Especial do Petróleo – FEP - Principal;Lançamento de Receita;30.030,33;500;Recursos não vinculados de Impostos;"Não ";Não Aplicável
Caaporã;201038;Prefeitura Municipal de Caaporã;042025;2025;17125241;Cota-Parte do Fundo Especial do Petróleo – FEP - Principal;Lançamento de Receita;10.566,24;500;Recursos não vinculados de Impostos;1002;Identificação das despesas com ações e serviços públicos de saúde
Caaporã;201038;Prefeitura Municipal de Caaporã;032025;2025;17125241;Cota-Parte do Fundo Especial do Petróleo – FEP - Principal;Lançamento de Receita;17.947,49;500;Recursos não vinculados de Impostos;1001;Identificação das despesas com manutenção e desenvolvimento do ensino
Caaporã;201038;Prefeitura Municipal de Caaporã;032025;2025;17125241;Cota-Parte do Fundo Especial do Petróleo – FEP - Principal;Lançamento de Receita;12.629,71;500;Recursos não vinculados de Impostos;1002;Identificação das despesas com ações e serviços públicos de saúde
Caaporã;201038;Prefeitura Municipal de Caaporã;032025;2025;17125241;Cota-Parte do Fundo Especial do Petróleo – FEP - Principal;Lançamento de Receita;35.894,97;500;Recursos não vinculados de Impostos;"Não ";Não Aplicável
Caaporã;201038;Prefeitura Municipal de Caaporã;022025;2025;17125241;Cota-Parte do Fundo Especial do Petróleo – FEP - Principal;Lançamento de Receita;33.558,34;500;Recursos não vinculados de Impostos;"Não ";Não Aplicável
Caaporã;201038;Prefeitura Municipal de Caaporã;022025;2025;17125241;Cota-Parte do Fundo Especial do Petróleo – FEP - Principal;Lançamento de Receita;11.807,57;500;Recursos não vinculados de Impostos;1002;Identificação das despesas com ações e serviços públicos de saúde
Caaporã;201038;Prefeitura Municipal de Caaporã;022025;2025;17125241;Cota-Parte do Fundo Especial do Petróleo – FEP - Principal;Lançamento de Receita;16.779,17;500;Recursos não vinculados de Impostos;1001;Identificação das despesas com manutenção e desenvolvimento do ensino
Caaporã;201038;Prefeitura Municipal de Caaporã;012025;2025;17125241;Cota-Parte do Fundo Especial do Petróleo – FEP - Principal;Lançamento de Receita;15.172,38;500;Recursos não vinculados de Impostos;1001;Identificação das despesas com manutenção e desenvolvimento do ensino
Caaporã;201038;Prefeitura Municipal de Caaporã;012025;2025;17125241;Cota-Parte do Fundo Especial do Petróleo – FEP - Principal;Lançamento de Receita;10.676,86;500;Recursos não vinculados de Impostos;1002;Identificação das despesas com ações e serviços públicos de saúde
Caaporã;201038;Prefeitura Municipal de Caaporã;012025;2025;17125241;Cota-Parte do Fundo Especial do Petróleo – FEP - Principal;Lançamento de Receita;30.344,76;500;Recursos não vinculados de Impostos;"Não ";Não Aplicável
Caaporã;201038;Prefeitura Municipal de Caaporã;122025;2025;17125101;Cota-parte da Compensação Financeira pela Exploração de Recursos Minerais - CFEM - Principal;Lançamento de Receita;8.534,22;500;Recursos não vinculados de Impostos;1002;Identificação das despesas com ações e serviços públicos de saúde
Caaporã;201038;Prefeitura Municipal de Caaporã;122025;2025;17125101;Cota-parte da Compensação Financeira pela Exploração de Recursos Minerais - CFEM - Principal;Lançamento de Receita;12.127,6;500;Recursos não vinculados de Impostos;1001;Identificação das despesas com manutenção e desenvolvimento do ensino
Caaporã;201038;Prefeitura Municipal de Caaporã;122025;2025;17125101;Cota-parte da Compensação Financeira pela Exploração de Recursos Minerais - CFEM - Principal;Lançamento de Receita;24.255,21;500;Recursos não vinculados de Impostos;"Não ";Não Aplicável
Caaporã;201038;Prefeitura Municipal de Caaporã;112025;2025;17125101;Cota-parte da Compensação Financeira pela Exploração de Recursos Minerais - CFEM - Principal;Lançamento de Receita;8.060,91;500;Recursos não vinculados de Impostos;1002;Identificação das despesas com ações e serviços públicos de saúde
Caaporã;201038;Prefeitura Municipal de Caaporã;112025;2025;17125101;Cota-parte da Compensação Financeira pela Exploração de Recursos Minerais - CFEM - Principal;Lançamento de Receita;11.454,98;500;Recursos não vinculados de Impostos;1001;Identificação das despesas com manutenção e desenvolvimento do ensino
Caaporã;201038;Prefeitura Municipal de Caaporã;112025;2025;17125101;Cota-parte da Compensação Financeira pela Exploração de Recursos Minerais - CFEM - Principal;Lançamento de Receita;22.909,94;500;Recursos não vinculados de Impostos;"Não ";Não Aplicável
Caaporã;201038;Prefeitura Municipal de Caaporã;102025;2025;17125101;Cota-parte da Compensação Financeira pela Exploração de Recursos Minerais - CFEM - Principal;Lançamento de Receita;5.849,19;500;Recursos não vinculados de Impostos;1002;Identificação das despesas com ações e serviços públicos de saúde
Caaporã;201038;Prefeitura Municipal de Caaporã;102025;2025;17125101;Cota-parte da Compensação Financeira pela Exploração de Recursos Minerais - CFEM - Principal;Lançamento de Receita;16.624,01;500;Recursos não vinculados de Impostos;"Não ";Não Aplicável
Caaporã;201038;Prefeitura Municipal de Caaporã;102025;2025;17125101;Cota-parte da Compensação Financeira pela Exploração de Recursos Minerais - CFEM - Principal;Lançamento de Receita;8.312;500;Recursos não vinculados de Impostos;1001;Identificação das despesas com manutenção e desenvolvimento do ensino
Caaporã;201038;Prefeitura Municipal de Caaporã;092025;2025;17125101;Cota-parte da Compensação Financeira pela Exploração de Recursos Minerais - CFEM - Principal;Lançamento de Receita;14.131,95;500;Recursos não vinculados de Impostos;1001;Identificação das despesas com manutenção e desenvolvimento do ensino
Caaporã;201038;Prefeitura Municipal de Caaporã;092025;2025;17125101;Cota-parte da Compensação Financeira pela Exploração de Recursos Minerais - CFEM - Principal;Lançamento de Receita;28.263,9;500;Recursos não vinculados de Impostos;"Não ";Não Aplicável
Caaporã;201038;Prefeitura Municipal de Caaporã;092025;2025;17125101;Cota-parte da Compensação Financeira pela Exploração de Recursos Minerais - CFEM - Principal;Lançamento de Receita;9.944,71;500;Recursos não vinculados de Impostos;1002;Identificação das despesas com ações e serviços públicos de saúde
Caaporã;201038;Prefeitura Municipal de Caaporã;082025;2025;17125101;Cota-parte da Compensação Financeira pela Exploração de Recursos Minerais - CFEM - Principal;Lançamento de Receita;10.217,08;500;Recursos não vinculados de Impostos;1001;Identificação das despesas com manutenção e desenvolvimento do ensino
Caaporã;201038;Prefeitura Municipal de Caaporã;082025;2025;17125101;Cota-parte da Compensação Financeira pela Exploração de Recursos Minerais - CFEM - Principal;Lançamento de Receita;7.189,79;500;Recursos não vinculados de Impostos;1002;Identificação das despesas com ações e serviços públicos de saúde
Caaporã;201038;Prefeitura Municipal de Caaporã;082025;2025;17125101;Cota-parte da Compensação Financeira pela Exploração de Recursos Minerais - CFEM - Principal;Lançamento de Receita;20.434,15;500;Recursos não vinculados de Impostos;"Não ";Não Aplicável
Caaporã;201038;Prefeitura Municipal de Caaporã;072025;2025;17125101;Cota-parte da Compensação Financeira pela Exploração de Recursos Minerais - CFEM - Principal;Lançamento de Receita;20.302,02;500;Recursos não vinculados de Impostos;"Não ";Não Aplicável
Caaporã;201038;Prefeitura Municipal de Caaporã;072025;2025;17125101;Cota-parte da Compensação Financeira pela Exploração de Recursos Minerais - CFEM - Principal;Lançamento de Receita;10.151,01;500;Recursos não vinculados de Impostos;1001;Identificação das despesas com manutenção e desenvolvimento do ensino
Caaporã;201038;Prefeitura Municipal de Caaporã;072025;2025;17125101;Cota-parte da Compensação Financeira pela Exploração de Recursos Minerais - CFEM - Principal;Lançamento de Receita;7.143,3;500;Recursos não vinculados de Impostos;1002;Identificação das despesas com ações e serviços públicos de saúde
Caaporã;201038;Prefeitura Municipal de Caaporã;062025;2025;17125101;Cota-parte da Compensação Financeira pela Exploração de Recursos Minerais - CFEM - Principal;Lançamento de Receita;11.920,3;500;Recursos não vinculados de Impostos;1001;Identificação das despesas com manutenção e desenvolvimento do ensino
Caaporã;201038;Prefeitura Municipal de Caaporã;062025;2025;17125101;Cota-parte da Compensação Financeira pela Exploração de Recursos Minerais - CFEM - Principal;Lançamento de Receita;8.388,36;500;Recursos não vinculados de Impostos;1002;Identificação das despesas com ações e serviços públicos de saúde
Caaporã;201038;Prefeitura Municipal de Caaporã;062025;2025;17125101;Cota-parte da Compensação Financeira pela Exploração de Recursos Minerais - CFEM - Principal;Lançamento de Receita;23.840,6;500;Recursos não vinculados de Impostos;"Não ";Não Aplicável
Caaporã;201038;Prefeitura Municipal de Caaporã;052025;2025;17125101;Cota-parte da Compensação Financeira pela Exploração de Recursos Minerais - CFEM - Principal;Lançamento de Receita;28.759,99;500;Recursos não vinculados de Impostos;"Não ";Não Aplicável
Caaporã;201038;Prefeitura Municipal de Caaporã;052025;2025;17125101;Cota-parte da Compensação Financeira pela Exploração de Recursos Minerais - CFEM - Principal;Lançamento de Receita;14.379,99;500;Recursos não vinculados de Impostos;1001;Identificação das despesas com manutenção e desenvolvimento do ensino
Caaporã;201038;Prefeitura Municipal de Caaporã;052025;2025;17125101;Cota-parte da Compensação Financeira pela Exploração de Recursos Minerais - CFEM - Principal;Lançamento de Receita;10.119,26;500;Recursos não vinculados de Impostos;1002;Identificação das despesas com ações e serviços públicos de saúde
Caaporã;201038;Prefeitura Municipal de Caaporã;042025;2025;17125101;Cota-parte da Compensação Financeira pela Exploração de Recursos Minerais - CFEM - Principal;Lançamento de Receita;21.026,1;500;Recursos não vinculados de Impostos;"Não ";Não Aplicável
Caaporã;201038;Prefeitura Municipal de Caaporã;042025;2025;17125101;Cota-parte da Compensação Financeira pela Exploração de Recursos Minerais - CFEM - Principal;Lançamento de Receita;7.398,07;500;Recursos não vinculados de Impostos;1002;Identificação das despesas com ações e serviços públicos de saúde
Caaporã;201038;Prefeitura Municipal de Caaporã;042025;2025;17125101;Cota-parte da Compensação Financeira pela Exploração de Recursos Minerais - CFEM - Principal;Lançamento de Receita;10.513,05;500;Recursos não vinculados de Impostos;1001;Identificação das despesas com manutenção e desenvolvimento do ensino
Caaporã;201038;Prefeitura Municipal de Caaporã;032025;2025;17125101;Cota-parte da Compensação Financeira pela Exploração de Recursos Minerais - CFEM - Principal;Lançamento de Receita;19.248,48;500;Recursos não vinculados de Impostos;"Não ";Não Aplicável
Caaporã;201038;Prefeitura Municipal de Caaporã;032025;2025;17125101;Cota-parte da Compensação Financeira pela Exploração de Recursos Minerais - CFEM - Principal;Lançamento de Receita;6.772,62;500;Recursos não vinculados de Impostos;1002;Identificação das despesas com ações e serviços públicos de saúde
Caaporã;201038;Prefeitura Municipal de Caaporã;032025;2025;17125101;Cota-parte da Compensação Financeira pela Exploração de Recursos Minerais - CFEM - Principal;Lançamento de Receita;9.624,24;500;Recursos não vinculados de Impostos;1001;Identificação das despesas com manutenção e desenvolvimento do ensino
Caaporã;201038;Prefeitura Municipal de Caaporã;022025;2025;17125101;Cota-parte da Compensação Financeira pela Exploração de Recursos Minerais - CFEM - Principal;Lançamento de Receita;4.201,56;500;Recursos não vinculados de Impostos;1002;Identificação das despesas com ações e serviços públicos de saúde
Caaporã;201038;Prefeitura Municipal de Caaporã;022025;2025;17125101;Cota-parte da Compensação Financeira pela Exploração de Recursos Minerais - CFEM - Principal;Lançamento de Receita;11.941,26;500;Recursos não vinculados de Impostos;"Não ";Não Aplicável
Caaporã;201038;Prefeitura Municipal de Caaporã;022025;2025;17125101;Cota-parte da Compensação Financeira pela Exploração de Recursos Minerais - CFEM - Principal;Lançamento de Receita;5.970,63;500;Recursos não vinculados de Impostos;1001;Identificação das despesas com manutenção e desenvolvimento do ensino
Caaporã;201038;Prefeitura Municipal de Caaporã;012025;2025;17125101;Cota-parte da Compensação Financeira pela Exploração de Recursos Minerais - CFEM - Principal;Lançamento de Receita;7.457,41;500;Recursos não vinculados de Impostos;1002;Identificação das despesas com ações e serviços públicos de saúde
Caaporã;201038;Prefeitura Municipal de Caaporã;012025;2025;17125101;Cota-parte da Compensação Financeira pela Exploração de Recursos Minerais - CFEM - Principal;Lançamento de Receita;10.597,37;500;Recursos não vinculados de Impostos;1001;Identificação das despesas com manutenção e desenvolvimento do ensino
Caaporã;201038;Prefeitura Municipal de Caaporã;012025;2025;17125101;Cota-parte da Compensação Financeira pela Exploração de Recursos Minerais - CFEM - Principal;Lançamento de Receita;21.194,75;500;Recursos não vinculados de Impostos;"Não ";Não Aplicável
Caaporã;201038;Prefeitura Municipal de Caaporã;122025;2025;17115201;Cota-Parte do Imposto Sobre a Propriedade Territorial Rural - Principal;Lançamento de Receita;11.464,34;500;Recursos não vinculados de Impostos;"Não ";Não Aplicável
Caaporã;201038;Prefeitura Municipal de Caaporã;122025;2025;17115201;Cota-Parte do Imposto Sobre a Propriedade Territorial Rural - Principal;Lançamento de Receita;5.732,17;500;Recursos não vinculados de Impostos;1001;Identificação das despesas com manutenção e desenvolvimento do ensino
Caaporã;201038;Prefeitura Municipal de Caaporã;122025;2025;17115201;Cota-Parte do Imposto Sobre a Propriedade Territorial Rural - Principal;Dedução do Fundeb;-4.246,05;500;Recursos não vinculados de Impostos;1001;Identificação das despesas com manutenção e desenvolvimento do ensino
Caaporã;201038;Prefeitura Municipal de Caaporã;122025;2025;17115201;Cota-Parte do Imposto Sobre a Propriedade Territorial Rural - Principal;Lançamento de Receita;4.033,75;500;Recursos não vinculados de Impostos;1002;Identificação das despesas com ações e serviços públicos de saúde
Caaporã;201038;Prefeitura Municipal de Caaporã;112025;2025;17115201;Cota-Parte do Imposto Sobre a Propriedade Territorial Rural - Principal;Lançamento de Receita;5.835,71;500;Recursos não vinculados de Impostos;1001;Identificação das despesas com manutenção e desenvolvimento do ensino
Caaporã;201038;Prefeitura Municipal de Caaporã;112025;2025;17115201;Cota-Parte do Imposto Sobre a Propriedade Territorial Rural - Principal;Lançamento de Receita;11.671,41;500;Recursos não vinculados de Impostos;"Não ";Não Aplicável
Caaporã;201038;Prefeitura Municipal de Caaporã;112025;2025;17115201;Cota-Parte do Imposto Sobre a Propriedade Territorial Rural - Principal;Lançamento de Receita;4.106,61;500;Recursos não vinculados de Impostos;1002;Identificação das despesas com ações e serviços públicos de saúde
Caaporã;201038;Prefeitura Municipal de Caaporã;112025;2025;17115201;Cota-Parte do Imposto Sobre a Propriedade Territorial Rural - Principal;Dedução do Fundeb;-4.322,74;500;Recursos não vinculados de Impostos;1001;Identificação das despesas com manutenção e desenvolvimento do ensino
Caaporã;201038;Prefeitura Municipal de Caaporã;102025;2025;17115201;Cota-Parte do Imposto Sobre a Propriedade Territorial Rural - Principal;Lançamento de Receita;9.910,92;500;Recursos não vinculados de Impostos;1001;Identificação das despesas com manutenção e desenvolvimento do ensino
Caaporã;201038;Prefeitura Municipal de Caaporã;102025;2025;17115201;Cota-Parte do Imposto Sobre a Propriedade Territorial Rural - Principal;Dedução do Fundeb;-7.341,41;500;Recursos não vinculados de Impostos;1001;Identificação das despesas com manutenção e desenvolvimento do ensino
Caaporã;201038;Prefeitura Municipal de Caaporã;102025;2025;17115201;Cota-Parte do Imposto Sobre a Propriedade Territorial Rural - Principal;Lançamento de Receita;19.821,84;500;Recursos não vinculados de Impostos;"Não ";Não Aplicável
Caaporã;201038;Prefeitura Municipal de Caaporã;102025;2025;17115201;Cota-Parte do Imposto Sobre a Propriedade Territorial Rural - Principal;Lançamento de Receita;6.974,36;500;Recursos não vinculados de Impostos;1002;Identificação das despesas com ações e serviços públicos de saúde
Caaporã;201038;Prefeitura Municipal de Caaporã;092025;2025;17115201;Cota-Parte do Imposto Sobre a Propriedade Territorial Rural - Principal;Lançamento de Receita;7.278,75;500;Recursos não vinculados de Impostos;"Não ";Não Aplicável
Caaporã;201038;Prefeitura Municipal de Caaporã;092025;2025;17115201;Cota-Parte do Imposto Sobre a Propriedade Territorial Rural - Principal;Lançamento de Receita;2.561,04;500;Recursos não vinculados de Impostos;1002;Identificação das despesas com ações e serviços públicos de saúde
Caaporã;201038;Prefeitura Municipal de Caaporã;092025;2025;17115201;Cota-Parte do Imposto Sobre a Propriedade Territorial Rural - Principal;Lançamento de Receita;3.639,38;500;Recursos não vinculados de Impostos;1001;Identificação das despesas com manutenção e desenvolvimento do ensino
Caaporã;201038;Prefeitura Municipal de Caaporã;092025;2025;17115201;Cota-Parte do Imposto Sobre a Propriedade Territorial Rural - Principal;Dedução do Fundeb;-2.695,82;500;Recursos não vinculados de Impostos;1001;Identificação das despesas com manutenção e desenvolvimento do ensino
Caaporã;201038;Prefeitura Municipal de Caaporã;082025;2025;17115201;Cota-Parte do Imposto Sobre a Propriedade Territorial Rural - Principal;Lançamento de Receita;2.871,52;500;Recursos não vinculados de Impostos;1002;Identificação das despesas com ações e serviços públicos de saúde
Caaporã;201038;Prefeitura Municipal de Caaporã;082025;2025;17115201;Cota-Parte do Imposto Sobre a Propriedade Territorial Rural - Principal;Lançamento de Receita;8.161,15;500;Recursos não vinculados de Impostos;"Não ";Não Aplicável
Caaporã;201038;Prefeitura Municipal de Caaporã;082025;2025;17115201;Cota-Parte do Imposto Sobre a Propriedade Territorial Rural - Principal;Dedução do Fundeb;-3.022,64;500;Recursos não vinculados de Impostos;1001;Identificação das despesas com manutenção e desenvolvimento do ensino
Caaporã;201038;Prefeitura Municipal de Caaporã;082025;2025;17115201;Cota-Parte do Imposto Sobre a Propriedade Territorial Rural - Principal;Lançamento de Receita;4.080,57;500;Recursos não vinculados de Impostos;1001;Identificação das despesas com manutenção e desenvolvimento do ensino
Caaporã;201038;Prefeitura Municipal de Caaporã;072025;2025;17115201;Cota-Parte do Imposto Sobre a Propriedade Territorial Rural - Principal;Lançamento de Receita;2.496,37;500;Recursos não vinculados de Impostos;1002;Identificação das despesas com ações e serviços públicos de saúde
Caaporã;201038;Prefeitura Municipal de Caaporã;072025;2025;17115201;Cota-Parte do Imposto Sobre a Propriedade Territorial Rural - Principal;Dedução do Fundeb;-2.627,75;500;Recursos não vinculados de Impostos;1001;Identificação das despesas com manutenção e desenvolvimento do ensino
Caaporã;201038;Prefeitura Municipal de Caaporã;072025;2025;17115201;Cota-Parte do Imposto Sobre a Propriedade Territorial Rural - Principal;Lançamento de Receita;3.547,46;500;Recursos não vinculados de Impostos;1001;Identificação das despesas com manutenção e desenvolvimento do ensino
Caaporã;201038;Prefeitura Municipal de Caaporã;072025;2025;17115201;Cota-Parte do Imposto Sobre a Propriedade Territorial Rural - Principal;Lançamento de Receita;7.094,92;500;Recursos não vinculados de Impostos;"Não ";Não Aplicável
Caaporã;201038;Prefeitura Municipal de Caaporã;062025;2025;17115201;Cota-Parte do Imposto Sobre a Propriedade Territorial Rural - Principal;Lançamento de Receita;7.054,64;500;Recursos não vinculados de Impostos;"Não ";Não Aplicável
Caaporã;201038;Prefeitura Municipal de Caaporã;062025;2025;17115201;Cota-Parte do Imposto Sobre a Propriedade Territorial Rural - Principal;Lançamento de Receita;2.482,2;500;Recursos não vinculados de Impostos;1002;Identificação das despesas com ações e serviços públicos de saúde
Caaporã;201038;Prefeitura Municipal de Caaporã;062025;2025;17115201;Cota-Parte do Imposto Sobre a Propriedade Territorial Rural - Principal;Lançamento de Receita;3.527,32;500;Recursos não vinculados de Impostos;1001;Identificação das despesas com manutenção e desenvolvimento do ensino
Caaporã;201038;Prefeitura Municipal de Caaporã;062025;2025;17115201;Cota-Parte do Imposto Sobre a Propriedade Territorial Rural - Principal;Dedução do Fundeb;-2.612,82;500;Recursos não vinculados de Impostos;1001;Identificação das despesas com manutenção e desenvolvimento do ensino
Caaporã;201038;Prefeitura Municipal de Caaporã;052025;2025;17115201;Cota-Parte do Imposto Sobre a Propriedade Territorial Rural - Principal;Lançamento de Receita;2.715,55;500;Recursos não vinculados de Impostos;1002;Identificação das despesas com ações e serviços públicos de saúde
Caaporã;201038;Prefeitura Municipal de Caaporã;052025;2025;17115201;Cota-Parte do Imposto Sobre a Propriedade Territorial Rural - Principal;Lançamento de Receita;7.717,89;500;Recursos não vinculados de Impostos;"Não ";Não Aplicável
Caaporã;201038;Prefeitura Municipal de Caaporã;052025;2025;17115201;Cota-Parte do Imposto Sobre a Propriedade Territorial Rural - Principal;Dedução do Fundeb;-2.858,47;500;Recursos não vinculados de Impostos;1001;Identificação das despesas com manutenção e desenvolvimento do ensino
Caaporã;201038;Prefeitura Municipal de Caaporã;052025;2025;17115201;Cota-Parte do Imposto Sobre a Propriedade Territorial Rural - Principal;Lançamento de Receita;3.858,94;500;Recursos não vinculados de Impostos;1001;Identificação das despesas com manutenção e desenvolvimento do ensino
Caaporã;201038;Prefeitura Municipal de Caaporã;042025;2025;17115201;Cota-Parte do Imposto Sobre a Propriedade Territorial Rural - Principal;Lançamento de Receita;1.454,71;500;Recursos não vinculados de Impostos;1001;Identificação das despesas com manutenção e desenvolvimento do ensino
Caaporã;201038;Prefeitura Municipal de Caaporã;042025;2025;17115201;Cota-Parte do Imposto Sobre a Propriedade Territorial Rural - Principal;Lançamento de Receita;2.909,42;500;Recursos não vinculados de Impostos;"Não ";Não Aplicável
Caaporã;201038;Prefeitura Municipal de Caaporã;042025;2025;17115201;Cota-Parte do Imposto Sobre a Propriedade Territorial Rural - Principal;Lançamento de Receita;1.023,69;500;Recursos não vinculados de Impostos;1002;Identificação das despesas com ações e serviços públicos de saúde
Caaporã;201038;Prefeitura Municipal de Caaporã;042025;2025;17115201;Cota-Parte do Imposto Sobre a Propriedade Territorial Rural - Principal;Dedução do Fundeb;-2.637,56;500;Recursos não vinculados de Impostos;1001;Identificação das despesas com manutenção e desenvolvimento do ensino
Caaporã;201038;Prefeitura Municipal de Caaporã;032025;2025;17115201;Cota-Parte do Imposto Sobre a Propriedade Territorial Rural - Principal;Dedução do Fundeb;-2.534,23;500;Recursos não vinculados de Impostos;1001;Identificação das despesas com manutenção e desenvolvimento do ensino
Caaporã;201038;Prefeitura Municipal de Caaporã;032025;2025;17115201;Cota-Parte do Imposto Sobre a Propriedade Territorial Rural - Principal;Lançamento de Receita;5.527,21;500;Recursos não vinculados de Impostos;1001;Identificação das despesas com manutenção e desenvolvimento do ensino
Caaporã;201038;Prefeitura Municipal de Caaporã;032025;2025;17115201;Cota-Parte do Imposto Sobre a Propriedade Territorial Rural - Principal;Lançamento de Receita;11.054,42;500;Recursos não vinculados de Impostos;"Não ";Não Aplicável
Caaporã;201038;Prefeitura Municipal de Caaporã;032025;2025;17115201;Cota-Parte do Imposto Sobre a Propriedade Territorial Rural - Principal;Lançamento de Receita;3.889,52;500;Recursos não vinculados de Impostos;1002;Identificação das despesas com ações e serviços públicos de saúde
Caaporã;201038;Prefeitura Municipal de Caaporã;022025;2025;17115201;Cota-Parte do Imposto Sobre a Propriedade Territorial Rural - Principal;Dedução do Fundeb;-2.509,96;500;Recursos não vinculados de Impostos;1001;Identificação das despesas com manutenção e desenvolvimento do ensino
Caaporã;201038;Prefeitura Municipal de Caaporã;022025;2025;17115201;Cota-Parte do Imposto Sobre a Propriedade Territorial Rural - Principal;Lançamento de Receita;6.776,89;500;Recursos não vinculados de Impostos;"Não ";Não Aplicável
Caaporã;201038;Prefeitura Municipal de Caaporã;022025;2025;17115201;Cota-Parte do Imposto Sobre a Propriedade Territorial Rural - Principal;Lançamento de Receita;2.384,46;500;Recursos não vinculados de Impostos;1002;Identificação das despesas com ações e serviços públicos de saúde
Caaporã;201038;Prefeitura Municipal de Caaporã;022025;2025;17115201;Cota-Parte do Imposto Sobre a Propriedade Territorial Rural - Principal;Lançamento de Receita;3.388,45;500;Recursos não vinculados de Impostos;1001;Identificação das despesas com manutenção e desenvolvimento do ensino
Caaporã;201038;Prefeitura Municipal de Caaporã;012025;2025;17115201;Cota-Parte do Imposto Sobre a Propriedade Territorial Rural - Principal;Lançamento de Receita;5.112,85;500;Recursos não vinculados de Impostos;1001;Identificação das despesas com manutenção e desenvolvimento do ensino
Caaporã;201038;Prefeitura Municipal de Caaporã;012025;2025;17115201;Cota-Parte do Imposto Sobre a Propriedade Territorial Rural - Principal;Dedução do Fundeb;-3.787,29;500;Recursos não vinculados de Impostos;1001;Identificação das despesas com manutenção e desenvolvimento do ensino
Caaporã;201038;Prefeitura Municipal de Caaporã;012025;2025;17115201;Cota-Parte do Imposto Sobre a Propriedade Territorial Rural - Principal;Lançamento de Receita;10.225,7;500;Recursos não vinculados de Impostos;"Não ";Não Aplicável
Caaporã;201038;Prefeitura Municipal de Caaporã;012025;2025;17115201;Cota-Parte do Imposto Sobre a Propriedade Territorial Rural - Principal;Lançamento de Receita;3.597,94;500;Recursos não vinculados de Impostos;1002;Identificação das despesas com ações e serviços públicos de saúde
Caaporã;201038;Prefeitura Municipal de Caaporã;122025;2025;17115121;Cota-Parte do Fundo de Participação dos Municípios - Cotas Extraordinárias - Principal;Lançamento de Receita;466.359,21;500;Recursos não vinculados de Impostos;1001;Identificação das despesas com manutenção e desenvolvimento do ensino
Caaporã;201038;Prefeitura Municipal de Caaporã;122025;2025;17115121;Cota-Parte do Fundo de Participação dos Municípios - Cotas Extraordinárias - Principal;Lançamento de Receita;337.708,4;500;Recursos não vinculados de Impostos;1002;Identificação das despesas com ações e serviços públicos de saúde
Caaporã;201038;Prefeitura Municipal de Caaporã;122025;2025;17115121;Cota-Parte do Fundo de Participação dos Municípios - Cotas Extraordinárias - Principal;Lançamento de Receita;804.067,59;500;Recursos não vinculados de Impostos;"Não ";Não Aplicável
Caaporã;201038;Prefeitura Municipal de Caaporã;092025;2025;17115121;Cota-Parte do Fundo de Participação dos Municípios - Cotas Extraordinárias - Principal;Lançamento de Receita;386.351,94;500;Recursos não vinculados de Impostos;1001;Identificação das despesas com manutenção e desenvolvimento do ensino
Caaporã;201038;Prefeitura Municipal de Caaporã;092025;2025;17115121;Cota-Parte do Fundo de Participação dos Municípios - Cotas Extraordinárias - Principal;Lançamento de Receita;279.772,11;500;Recursos não vinculados de Impostos;1002;Identificação das despesas com ações e serviços públicos de saúde
Caaporã;201038;Prefeitura Municipal de Caaporã;092025;2025;17115121;Cota-Parte do Fundo de Participação dos Municípios - Cotas Extraordinárias - Principal;Lançamento de Receita;666.124,04;500;Recursos não vinculados de Impostos;"Não ";Não Aplicável
Caaporã;201038;Prefeitura Municipal de Caaporã;072025;2025;17115121;Cota-Parte do Fundo de Participação dos Municípios - Cotas Extraordinárias - Principal;Lançamento de Receita;451.778,16;500;Recursos não vinculados de Impostos;1001;Identificação das despesas com manutenção e desenvolvimento do ensino
Caaporã;201038;Prefeitura Municipal de Caaporã;072025;2025;17115121;Cota-Parte do Fundo de Participação dos Municípios - Cotas Extraordinárias - Principal;Lançamento de Receita;327.149,7;500;Recursos não vinculados de Impostos;1002;Identificação das despesas com ações e serviços públicos de saúde
Caaporã;201038;Prefeitura Municipal de Caaporã;072025;2025;17115121;Cota-Parte do Fundo de Participação dos Municípios - Cotas Extraordinárias - Principal;Lançamento de Receita;778.927,87;500;Recursos não vinculados de Impostos;"Não ";Não Aplicável
Caaporã;201038;Prefeitura Municipal de Caaporã;122025;2025;17115111;Cota-Parte do Fundo de Participação dos Municípios - Cota Mensal - Principal;Lançamento de Receita;864.511;500;Recursos não vinculados de Impostos;1002;Identificação das despesas com ações e serviços públicos de saúde
Caaporã;201038;Prefeitura Municipal de Caaporã;122025;2025;17115111;Cota-Parte do Fundo de Participação dos Municípios - Cota Mensal - Principal;Lançamento de Receita;1.754.648,3;500;Recursos não vinculados de Impostos;"Não ";Não Aplicável
Caaporã;201038;Prefeitura Municipal de Caaporã;122025;2025;17115111;Cota-Parte do Fundo de Participação dos Municípios - Cota Mensal - Principal;Dedução do Fundeb;-753.714,87;500;Recursos não vinculados de Impostos;1001;Identificação das despesas com manutenção e desenvolvimento do ensino
Caaporã;201038;Prefeitura Municipal de Caaporã;122025;2025;17115111;Cota-Parte do Fundo de Participação dos Municípios - Cota Mensal - Principal;Lançamento de Receita;1.149.415,25;500;Recursos não vinculados de Impostos;1001;Identificação das despesas com manutenção e desenvolvimento do ensino
Caaporã;201038;Prefeitura Municipal de Caaporã;112025;2025;17115111;Cota-Parte do Fundo de Participação dos Municípios - Cota Mensal - Principal;Lançamento de Receita;765.920,39;500;Recursos não vinculados de Impostos;1002;Identificação das despesas com ações e serviços públicos de saúde
Caaporã;201038;Prefeitura Municipal de Caaporã;112025;2025;17115111;Cota-Parte do Fundo de Participação dos Municípios - Cota Mensal - Principal;Lançamento de Receita;1.554.544,6;500;Recursos não vinculados de Impostos;"Não ";Não Aplicável
Caaporã;201038;Prefeitura Municipal de Caaporã;112025;2025;17115111;Cota-Parte do Fundo de Participação dos Municípios - Cota Mensal - Principal;Dedução do Fundeb;-667.759,67;500;Recursos não vinculados de Impostos;1001;Identificação das despesas com manutenção e desenvolvimento do ensino
Caaporã;201038;Prefeitura Municipal de Caaporã;112025;2025;17115111;Cota-Parte do Fundo de Participação dos Municípios - Cota Mensal - Principal;Lançamento de Receita;1.018.333,55;500;Recursos não vinculados de Impostos;1001;Identificação das despesas com manutenção e desenvolvimento do ensino
Caaporã;201038;Prefeitura Municipal de Caaporã;102025;2025;17115111;Cota-Parte do Fundo de Participação dos Municípios - Cota Mensal - Principal;Lançamento de Receita;749.138,38;500;Recursos não vinculados de Impostos;1001;Identificação das despesas com manutenção e desenvolvimento do ensino
Caaporã;201038;Prefeitura Municipal de Caaporã;102025;2025;17115111;Cota-Parte do Fundo de Participação dos Municípios - Cota Mensal - Principal;Lançamento de Receita;1.143.602,72;500;Recursos não vinculados de Impostos;"Não ";Não Aplicável
Caaporã;201038;Prefeitura Municipal de Caaporã;102025;2025;17115111;Cota-Parte do Fundo de Participação dos Municípios - Cota Mensal - Principal;Dedução do Fundeb;-491.238,25;500;Recursos não vinculados de Impostos;1001;Identificação das despesas com manutenção e desenvolvimento do ensino
Caaporã;201038;Prefeitura Municipal de Caaporã;102025;2025;17115111;Cota-Parte do Fundo de Participação dos Municípios - Cota Mensal - Principal;Lançamento de Receita;563.450,31;500;Recursos não vinculados de Impostos;1002;Identificação das despesas com ações e serviços públicos de saúde
Caaporã;201038;Prefeitura Municipal de Caaporã;092025;2025;17115111;Cota-Parte do Fundo de Participação dos Municípios - Cota Mensal - Principal;Lançamento de Receita;534.519,17;500;Recursos não vinculados de Impostos;1002;Identificação das despesas com ações e serviços públicos de saúde
Caaporã;201038;Prefeitura Municipal de Caaporã;092025;2025;17115111;Cota-Parte do Fundo de Participação dos Municípios - Cota Mensal - Principal;Lançamento de Receita;710.672,85;500;Recursos não vinculados de Impostos;1001;Identificação das despesas com manutenção e desenvolvimento do ensino
Caaporã;201038;Prefeitura Municipal de Caaporã;092025;2025;17115111;Cota-Parte do Fundo de Participação dos Municípios - Cota Mensal - Principal;Dedução do Fundeb;-466.014,95;500;Recursos não vinculados de Impostos;1001;Identificação das despesas com manutenção e desenvolvimento do ensino
Caaporã;201038;Prefeitura Municipal de Caaporã;092025;2025;17115111;Cota-Parte do Fundo de Participação dos Municípios - Cota Mensal - Principal;Lançamento de Receita;1.084.882,87;500;Recursos não vinculados de Impostos;"Não ";Não Aplicável
Caaporã;201038;Prefeitura Municipal de Caaporã;082025;2025;17115111;Cota-Parte do Fundo de Participação dos Municípios - Cota Mensal - Principal;Lançamento de Receita;662.025,91;500;Recursos não vinculados de Impostos;1002;Identificação das despesas com ações e serviços públicos de saúde
Caaporã;201038;Prefeitura Municipal de Caaporã;082025;2025;17115111;Cota-Parte do Fundo de Participação dos Municípios - Cota Mensal - Principal;Lançamento de Receita;880.200,12;500;Recursos não vinculados de Impostos;1001;Identificação das despesas com manutenção e desenvolvimento do ensino
Caaporã;201038;Prefeitura Municipal de Caaporã;082025;2025;17115111;Cota-Parte do Fundo de Participação dos Municípios - Cota Mensal - Principal;Lançamento de Receita;1.343.675,96;500;Recursos não vinculados de Impostos;"Não ";Não Aplicável
Caaporã;201038;Prefeitura Municipal de Caaporã;082025;2025;17115111;Cota-Parte do Fundo de Participação dos Municípios - Cota Mensal - Principal;Dedução do Fundeb;-577.180,36;500;Recursos não vinculados de Impostos;1001;Identificação das despesas com manutenção e desenvolvimento do ensino
Caaporã;201038;Prefeitura Municipal de Caaporã;072025;2025;17115111;Cota-Parte do Fundo de Participação dos Municípios - Cota Mensal - Principal;Lançamento de Receita;1.018.438,38;500;Recursos não vinculados de Impostos;"Não ";Não Aplicável
Caaporã;201038;Prefeitura Municipal de Caaporã;072025;2025;17115111;Cota-Parte do Fundo de Participação dos Municípios - Cota Mensal - Principal;Dedução do Fundeb;-437.473,5;500;Recursos não vinculados de Impostos;1001;Identificação das despesas com manutenção e desenvolvimento do ensino
Caaporã;201038;Prefeitura Municipal de Caaporã;072025;2025;17115111;Cota-Parte do Fundo de Participação dos Municípios - Cota Mensal - Principal;Lançamento de Receita;501.782,14;500;Recursos não vinculados de Impostos;1002;Identificação das despesas com ações e serviços públicos de saúde
Caaporã;201038;Prefeitura Municipal de Caaporã;072025;2025;17115111;Cota-Parte do Fundo de Participação dos Municípios - Cota Mensal - Principal;Lançamento de Receita;667.147,13;500;Recursos não vinculados de Impostos;1001;Identificação das despesas com manutenção e desenvolvimento do ensino
Caaporã;201038;Prefeitura Municipal de Caaporã;062025;2025;17115111;Cota-Parte do Fundo de Participação dos Municípios - Cota Mensal - Principal;Lançamento de Receita;1.086.798,45;500;Recursos não vinculados de Impostos;1001;Identificação das despesas com manutenção e desenvolvimento do ensino
Caaporã;201038;Prefeitura Municipal de Caaporã;062025;2025;17115111;Cota-Parte do Fundo de Participação dos Municípios - Cota Mensal - Principal;Dedução do Fundeb;-712.654,69;500;Recursos não vinculados de Impostos;1001;Identificação das despesas com manutenção e desenvolvimento do ensino
Caaporã;201038;Prefeitura Municipal de Caaporã;062025;2025;17115111;Cota-Parte do Fundo de Participação dos Municípios - Cota Mensal - Principal;Lançamento de Receita;817.414,97;500;Recursos não vinculados de Impostos;1002;Identificação das despesas com ações e serviços públicos de saúde
Caaporã;201038;Prefeitura Municipal de Caaporã;062025;2025;17115111;Cota-Parte do Fundo de Participação dos Municípios - Cota Mensal - Principal;Lançamento de Receita;1.659.060,19;500;Recursos não vinculados de Impostos;"Não ";Não Aplicável
Caaporã;201038;Prefeitura Municipal de Caaporã;052025;2025;17115111;Cota-Parte do Fundo de Participação dos Municípios - Cota Mensal - Principal;Lançamento de Receita;795.818,53;500;Recursos não vinculados de Impostos;1002;Identificação das despesas com ações e serviços públicos de saúde
Caaporã;201038;Prefeitura Municipal de Caaporã;052025;2025;17115111;Cota-Parte do Fundo de Participação dos Municípios - Cota Mensal - Principal;Lançamento de Receita;1.615.227,13;500;Recursos não vinculados de Impostos;"Não ";Não Aplicável
Caaporã;201038;Prefeitura Municipal de Caaporã;052025;2025;17115111;Cota-Parte do Fundo de Participação dos Municípios - Cota Mensal - Principal;Dedução do Fundeb;-693.826,05;500;Recursos não vinculados de Impostos;1001;Identificação das despesas com manutenção e desenvolvimento do ensino
Caaporã;201038;Prefeitura Municipal de Caaporã;052025;2025;17115111;Cota-Parte do Fundo de Participação dos Municípios - Cota Mensal - Principal;Lançamento de Receita;1.058.084,79;500;Recursos não vinculados de Impostos;1001;Identificação das despesas com manutenção e desenvolvimento do ensino
Caaporã;201038;Prefeitura Municipal de Caaporã;042025;2025;17115111;Cota-Parte do Fundo de Participação dos Municípios - Cota Mensal - Principal;Lançamento de Receita;623.857,36;500;Recursos não vinculados de Impostos;1002;Identificação das despesas com ações e serviços públicos de saúde
Caaporã;201038;Prefeitura Municipal de Caaporã;042025;2025;17115111;Cota-Parte do Fundo de Participação dos Municípios - Cota Mensal - Principal;Lançamento de Receita;829.452,91;500;Recursos não vinculados de Impostos;1001;Identificação das despesas com manutenção e desenvolvimento do ensino
Caaporã;201038;Prefeitura Municipal de Caaporã;042025;2025;17115111;Cota-Parte do Fundo de Participação dos Municípios - Cota Mensal - Principal;Lançamento de Receita;1.266.207,44;500;Recursos não vinculados de Impostos;"Não ";Não Aplicável
Caaporã;201038;Prefeitura Municipal de Caaporã;042025;2025;17115111;Cota-Parte do Fundo de Participação dos Municípios - Cota Mensal - Principal;Dedução do Fundeb;-543.903,49;500;Recursos não vinculados de Impostos;1001;Identificação das despesas com manutenção e desenvolvimento do ensino
Caaporã;201038;Prefeitura Municipal de Caaporã;032025;2025;17115111;Cota-Parte do Fundo de Participação dos Municípios - Cota Mensal - Principal;Dedução do Fundeb;-535.248,2;500;Recursos não vinculados de Impostos;1001;Identificação das despesas com manutenção e desenvolvimento do ensino
Caaporã;201038;Prefeitura Municipal de Caaporã;032025;2025;17115111;Cota-Parte do Fundo de Participação dos Municípios - Cota Mensal - Principal;Lançamento de Receita;1.246.057,91;500;Recursos não vinculados de Impostos;"Não ";Não Aplicável
Caaporã;201038;Prefeitura Municipal de Caaporã;032025;2025;17115111;Cota-Parte do Fundo de Participação dos Municípios - Cota Mensal - Principal;Lançamento de Receita;613.929,73;500;Recursos não vinculados de Impostos;1002;Identificação das despesas com ações e serviços públicos de saúde
Caaporã;201038;Prefeitura Municipal de Caaporã;032025;2025;17115111;Cota-Parte do Fundo de Participação dos Municípios - Cota Mensal - Principal;Lançamento de Receita;816.253,56;500;Recursos não vinculados de Impostos;1001;Identificação das despesas com manutenção e desenvolvimento do ensino
Caaporã;201038;Prefeitura Municipal de Caaporã;022025;2025;17115111;Cota-Parte do Fundo de Participação dos Municípios - Cota Mensal - Principal;Lançamento de Receita;932.250,32;500;Recursos não vinculados de Impostos;1002;Identificação das despesas com ações e serviços públicos de saúde
Caaporã;201038;Prefeitura Municipal de Caaporã;022025;2025;17115111;Cota-Parte do Fundo de Participação dos Municípios - Cota Mensal - Principal;Dedução do Fundeb;-812.772,69;500;Recursos não vinculados de Impostos;1001;Identificação das despesas com manutenção e desenvolvimento do ensino
Caaporã;201038;Prefeitura Municipal de Caaporã;022025;2025;17115111;Cota-Parte do Fundo de Participação dos Municípios - Cota Mensal - Principal;Lançamento de Receita;1.892.134,94;500;Recursos não vinculados de Impostos;"Não ";Não Aplicável
Caaporã;201038;Prefeitura Municipal de Caaporã;022025;2025;17115111;Cota-Parte do Fundo de Participação dos Municípios - Cota Mensal - Principal;Lançamento de Receita;1.239.478,42;500;Recursos não vinculados de Impostos;1001;Identificação das despesas com manutenção e desenvolvimento do ensino
Caaporã;201038;Prefeitura Municipal de Caaporã;012025;2025;17115111;Cota-Parte do Fundo de Participação dos Municípios - Cota Mensal - Principal;Lançamento de Receita;1.410.057,93;500;Recursos não vinculados de Impostos;"Não ";Não Aplicável
Caaporã;201038;Prefeitura Municipal de Caaporã;012025;2025;17115111;Cota-Parte do Fundo de Participação dos Municípios - Cota Mensal - Principal;Dedução do Fundeb;-605.694,96;500;Recursos não vinculados de Impostos;1001;Identificação das despesas com manutenção e desenvolvimento do ensino
Caaporã;201038;Prefeitura Municipal de Caaporã;012025;2025;17115111;Cota-Parte do Fundo de Participação dos Municípios - Cota Mensal - Principal;Lançamento de Receita;923.684,85;500;Recursos não vinculados de Impostos;1001;Identificação das despesas com manutenção e desenvolvimento do ensino
Caaporã;201038;Prefeitura Municipal de Caaporã;012025;2025;17115111;Cota-Parte do Fundo de Participação dos Municípios - Cota Mensal - Principal;Lançamento de Receita;694.732,17;500;Recursos não vinculados de Impostos;1002;Identificação das despesas com ações e serviços públicos de saúde
Caaporã;201038;Prefeitura Municipal de Caaporã;122025;2025;13210101;Remuneração de Depósitos Bancários - Principal;Lançamento de Receita;121.043,11;500;Recursos não vinculados de Impostos;"Não ";Não Aplicável
Caaporã;201038;Prefeitura Municipal de Caaporã;122025;2025;13210101;Remuneração de Depósitos Bancários - Principal;Lançamento de Receita;52.312,4;540;Transferências do FUNDEB - Impostos e Transferências de Impostos;"Não ";Não Aplicável
Caaporã;201038;Prefeitura Municipal de Caaporã;122025;2025;13210101;Remuneração de Depósitos Bancários - Principal;Lançamento de Receita;113.659,73;600;Transferências Fundo a Fundo de Recursos do SUS provenientes do Governo Federal - Bloco de Manutenção das Ações e Serviços Públicos de Saúde;"Não ";Não Aplicável
Caaporã;201038;Prefeitura Municipal de Caaporã;122025;2025;13210101;Remuneração de Depósitos Bancários - Principal;Lançamento de Receita;2.983,32;710;Transferência Especial dos Estados;"Não ";Não Aplicável
Caaporã;201038;Prefeitura Municipal de Caaporã;112025;2025;13210101;Remuneração de Depósitos Bancários - Principal;Lançamento de Receita;45.264,85;540;Transferências do FUNDEB - Impostos e Transferências de Impostos;"Não ";Não Aplicável
Caaporã;201038;Prefeitura Municipal de Caaporã;112025;2025;13210101;Remuneração de Depósitos Bancários - Principal;Lançamento de Receita;55.854,19;600;Transferências Fundo a Fundo de Recursos do SUS provenientes do Governo Federal - Bloco de Manutenção das Ações e Serviços Públicos de Saúde;"Não ";Não Aplicável
Caaporã;201038;Prefeitura Municipal de Caaporã;112025;2025;13210101;Remuneração de Depósitos Bancários - Principal;Lançamento de Receita;264,24;660;Transferência de Recursos do Fundo Nacional de Assistência Social - FNAS;"Não ";Não Aplicável
Caaporã;201038;Prefeitura Municipal de Caaporã;112025;2025;13210101;Remuneração de Depósitos Bancários - Principal;Lançamento de Receita;52.586,02;500;Recursos não vinculados de Impostos;"Não ";Não Aplicável
Caaporã;201038;Prefeitura Municipal de Caaporã;102025;2025;13210101;Remuneração de Depósitos Bancários - Principal;Lançamento de Receita;24.135,73;700;Outras Transferências de Convênios ou Repasses da União;"Não ";Não Aplicável
Caaporã;201038;Prefeitura Municipal de Caaporã;102025;2025;13210101;Remuneração de Depósitos Bancários - Principal;Lançamento de Receita;326,61;660;Transferência de Recursos do Fundo Nacional de Assistência Social - FNAS;"Não ";Não Aplicável
Caaporã;201038;Prefeitura Municipal de Caaporã;102025;2025;13210101;Remuneração de Depósitos Bancários - Principal;Lançamento de Receita;55.671,93;500;Recursos não vinculados de Impostos;"Não ";Não Aplicável
Caaporã;201038;Prefeitura Municipal de Caaporã;102025;2025;13210101;Remuneração de Depósitos Bancários - Principal;Lançamento de Receita;3.069,08;710;Transferência Especial dos Estados;"Não ";Não Aplicável
Caaporã;201038;Prefeitura Municipal de Caaporã;102025;2025;13210101;Remuneração de Depósitos Bancários - Principal;Lançamento de Receita;36.260,25;600;Transferências Fundo a Fundo de Recursos do SUS provenientes do Governo Federal - Bloco de Manutenção das Ações e Serviços Públicos de Saúde;"Não ";Não Aplicável
Caaporã;201038;Prefeitura Municipal de Caaporã;102025;2025;13210101;Remuneração de Depósitos Bancários - Principal;Lançamento de Receita;45.895,78;540;Transferências do FUNDEB - Impostos e Transferências de Impostos;"Não ";Não Aplicável
Caaporã;201038;Prefeitura Municipal de Caaporã;092025;2025;13210101;Remuneração de Depósitos Bancários - Principal;Lançamento de Receita;42.206,69;540;Transferências do FUNDEB - Impostos e Transferências de Impostos;"Não ";Não Aplicável
Caaporã;201038;Prefeitura Municipal de Caaporã;092025;2025;13210101;Remuneração de Depósitos Bancários - Principal;Lançamento de Receita;2.140,43;660;Transferência de Recursos do Fundo Nacional de Assistência Social - FNAS;"Não ";Não Aplicável
Caaporã;201038;Prefeitura Municipal de Caaporã;092025;2025;13210101;Remuneração de Depósitos Bancários - Principal;Lançamento de Receita;6.797,92;710;Transferência Especial dos Estados;"Não ";Não Aplicável
Caaporã;201038;Prefeitura Municipal de Caaporã;092025;2025;13210101;Remuneração de Depósitos Bancários - Principal;Lançamento de Receita;143.680,75;500;Recursos não vinculados de Impostos;"Não ";Não Aplicável
Caaporã;201038;Prefeitura Municipal de Caaporã;092025;2025;13210101;Remuneração de Depósitos Bancários - Principal;Lançamento de Receita;82.276,23;600;Transferências Fundo a Fundo de Recursos do SUS provenientes do Governo Federal - Bloco de Manutenção das Ações e Serviços Públicos de Saúde;"Não ";Não Aplicável
Caaporã;201038;Prefeitura Municipal de Caaporã;082025;2025;13210101;Remuneração de Depósitos Bancários - Principal;Lançamento de Receita;41.740,36;540;Transferências do FUNDEB - Impostos e Transferências de Impostos;"Não ";Não Aplicável
Caaporã;201038;Prefeitura Municipal de Caaporã;082025;2025;13210101;Remuneração de Depósitos Bancários - Principal;Lançamento de Receita;42.445,95;600;Transferências Fundo a Fundo de Recursos do SUS provenientes do Governo Federal - Bloco de Manutenção das Ações e Serviços Públicos de Saúde;"Não ";Não Aplicável
Caaporã;201038;Prefeitura Municipal de Caaporã;082025;2025;13210101;Remuneração de Depósitos Bancários - Principal;Lançamento de Receita;401,48;660;Transferência de Recursos do Fundo Nacional de Assistência Social - FNAS;"Não ";Não Aplicável
Caaporã;201038;Prefeitura Municipal de Caaporã;082025;2025;13210101;Remuneração de Depósitos Bancários - Principal;Lançamento de Receita;28.372,38;500;Recursos não vinculados de Impostos;"Não ";Não Aplicável
Caaporã;201038;Prefeitura Municipal de Caaporã;082025;2025;13210101;Remuneração de Depósitos Bancários - Principal;Lançamento de Receita;2.753,53;710;Transferência Especial dos Estados;"Não ";Não Aplicável
Caaporã;201038;Prefeitura Municipal de Caaporã;072025;2025;13210101;Remuneração de Depósitos Bancários - Principal;Lançamento de Receita;42.835,7;540;Transferências do FUNDEB - Impostos e Transferências de Impostos;"Não ";Não Aplicável
Caaporã;201038;Prefeitura Municipal de Caaporã;072025;2025;13210101;Remuneração de Depósitos Bancários - Principal;Lançamento de Receita;36.121,78;500;Recursos não vinculados de Impostos;"Não ";Não Aplicável
Caaporã;201038;Prefeitura Municipal de Caaporã;072025;2025;13210101;Remuneração de Depósitos Bancários - Principal;Lançamento de Receita;7,58;600;Transferências Fundo a Fundo de Recursos do SUS provenientes do Governo Federal - Bloco de Manutenção das Ações e Serviços Públicos de Saúde;"Não ";Não Aplicável
Caaporã;201038;Prefeitura Municipal de Caaporã;062025;2025;13210101;Remuneração de Depósitos Bancários - Principal;Lançamento de Receita;9.172,21;661;Transferência de Recursos dos Fundos Estaduais de Assistência Social;"Não ";Não Aplicável
Caaporã;201038;Prefeitura Municipal de Caaporã;062025;2025;13210101;Remuneração de Depósitos Bancários - Principal;Lançamento de Receita;23.742,93;540;Transferências do FUNDEB - Impostos e Transferências de Impostos;"Não ";Não Aplicável
Caaporã;201038;Prefeitura Municipal de Caaporã;062025;2025;13210101;Remuneração de Depósitos Bancários - Principal;Lançamento de Receita;526,43;500;Recursos não vinculados de Impostos;1001;Identificação das despesas com manutenção e desenvolvimento do ensino
Caaporã;201038;Prefeitura Municipal de Caaporã;062025;2025;13210101;Remuneração de Depósitos Bancários - Principal;Lançamento de Receita;370,45;500;Recursos não vinculados de Impostos;1002;Identificação das despesas com ações e serviços públicos de saúde
Caaporã;201038;Prefeitura Municipal de Caaporã;062025;2025;13210101;Remuneração de Depósitos Bancários - Principal;Lançamento de Receita;31.336,12;600;Transferências Fundo a Fundo de Recursos do SUS provenientes do Governo Federal - Bloco de Manutenção das Ações e Serviços Públicos de Saúde;"Não ";Não Aplicável
Caaporã;201038;Prefeitura Municipal de Caaporã;062025;2025;13210101;Remuneração de Depósitos Bancários - Principal;Lançamento de Receita;376,59;660;Transferência de Recursos do Fundo Nacional de Assistência Social - FNAS;"Não ";Não Aplicável
Caaporã;201038;Prefeitura Municipal de Caaporã;062025;2025;13210101;Remuneração de Depósitos Bancários - Principal;Lançamento de Receita;70.908,03;500;Recursos não vinculados de Impostos;"Não ";Não Aplicável
Caaporã;201038;Prefeitura Municipal de Caaporã;062025;2025;13210101;Remuneração de Depósitos Bancários - Principal;Lançamento de Receita;2.766,87;700;Outras Transferências de Convênios ou Repasses da União;"Não ";Não Aplicável
Caaporã;201038;Prefeitura Municipal de Caaporã;052025;2025;13210101;Remuneração de Depósitos Bancários - Principal;Lançamento de Receita;29.611,03;540;Transferências do FUNDEB - Impostos e Transferências de Impostos;"Não ";Não Aplicável
Caaporã;201038;Prefeitura Municipal de Caaporã;052025;2025;13210101;Remuneração de Depósitos Bancários - Principal;Lançamento de Receita;28.430,41;500;Recursos não vinculados de Impostos;"Não ";Não Aplicável
Caaporã;201038;Prefeitura Municipal de Caaporã;042025;2025;13210101;Remuneração de Depósitos Bancários - Principal;Lançamento de Receita;30.722,8;540;Transferências do FUNDEB - Impostos e Transferências de Impostos;"Não ";Não Aplicável
Caaporã;201038;Prefeitura Municipal de Caaporã;042025;2025;13210101;Remuneração de Depósitos Bancários - Principal;Lançamento de Receita;20.765,64;500;Recursos não vinculados de Impostos;"Não ";Não Aplicável
Caaporã;201038;Prefeitura Municipal de Caaporã;032025;2025;13210101;Remuneração de Depósitos Bancários - Principal;Lançamento de Receita;90.594,16;500;Recursos não vinculados de Impostos;"Não ";Não Aplicável
Caaporã;201038;Prefeitura Municipal de Caaporã;022025;2025;13210101;Remuneração de Depósitos Bancários - Principal;Lançamento de Receita;137.156,15;500;Recursos não vinculados de Impostos;"Não ";Não Aplicável
Caaporã;201038;Prefeitura Municipal de Caaporã;122025;2025;12415001;Contribuição para o Custeio do Serviço de Iluminação Pública - Principal;Lançamento de Receita;106.597,13;751;Recursos da Contribuição para o Custeio do Serviço de Iluminação Pública - COSIP;"Não ";Não Aplicável
Caaporã;201038;Prefeitura Municipal de Caaporã;112025;2025;12415001;Contribuição para o Custeio do Serviço de Iluminação Pública - Principal;Lançamento de Receita;96.661,69;751;Recursos da Contribuição para o Custeio do Serviço de Iluminação Pública - COSIP;"Não ";Não Aplicável
Caaporã;201038;Prefeitura Municipal de Caaporã;102025;2025;12415001;Contribuição para o Custeio do Serviço de Iluminação Pública - Principal;Lançamento de Receita;66.791,8;751;Recursos da Contribuição para o Custeio do Serviço de Iluminação Pública - COSIP;"Não ";Não Aplicável
Caaporã;201038;Prefeitura Municipal de Caaporã;092025;2025;12415001;Contribuição para o Custeio do Serviço de Iluminação Pública - Principal;Lançamento de Receita;159.553,13;751;Recursos da Contribuição para o Custeio do Serviço de Iluminação Pública - COSIP;"Não ";Não Aplicável
Caaporã;201038;Prefeitura Municipal de Caaporã;082025;2025;12415001;Contribuição para o Custeio do Serviço de Iluminação Pública - Principal;Lançamento de Receita;50.482,66;751;Recursos da Contribuição para o Custeio do Serviço de Iluminação Pública - COSIP;"Não ";Não Aplicável
Caaporã;201038;Prefeitura Municipal de Caaporã;072025;2025;12415001;Contribuição para o Custeio do Serviço de Iluminação Pública - Principal;Lançamento de Receita;82.253,85;751;Recursos da Contribuição para o Custeio do Serviço de Iluminação Pública - COSIP;"Não ";Não Aplicável
Caaporã;201038;Prefeitura Municipal de Caaporã;062025;2025;12415001;Contribuição para o Custeio do Serviço de Iluminação Pública - Principal;Lançamento de Receita;80.561,26;751;Recursos da Contribuição para o Custeio do Serviço de Iluminação Pública - COSIP;"Não ";Não Aplicável
Caaporã;201038;Prefeitura Municipal de Caaporã;052025;2025;12415001;Contribuição para o Custeio do Serviço de Iluminação Pública - Principal;Lançamento de Receita;92.805,63;751;Recursos da Contribuição para o Custeio do Serviço de Iluminação Pública - COSIP;"Não ";Não Aplicável
Caaporã;201038;Prefeitura Municipal de Caaporã;032025;2025;12415001;Contribuição para o Custeio do Serviço de Iluminação Pública - Principal;Lançamento de Receita;81.942,89;751;Recursos da Contribuição para o Custeio do Serviço de Iluminação Pública - COSIP;"Não ";Não Aplicável
Caaporã;201038;Prefeitura Municipal de Caaporã;022025;2025;12415001;Contribuição para o Custeio do Serviço de Iluminação Pública - Principal;Lançamento de Receita;76.634,53;751;Recursos da Contribuição para o Custeio do Serviço de Iluminação Pública - COSIP;"Não ";Não Aplicável
Caaporã;201038;Prefeitura Municipal de Caaporã;012025;2025;12415001;Contribuição para o Custeio do Serviço de Iluminação Pública - Principal;Lançamento de Receita;93.194,58;751;Recursos da Contribuição para o Custeio do Serviço de Iluminação Pública - COSIP;"Não ";Não Aplicável
Caaporã;201038;Prefeitura Municipal de Caaporã;122025;2025;12219911;Outras Contribuições Econômicas – Não Arrecadadas e Não Projetadas pela RFB - Principal;Lançamento de Receita;87.054,72;500;Recursos não vinculados de Impostos;"Não ";Não Aplicável
Caaporã;201038;Prefeitura Municipal de Caaporã;112025;2025;12219911;Outras Contribuições Econômicas – Não Arrecadadas e Não Projetadas pela RFB - Principal;Lançamento de Receita;56.494,94;500;Recursos não vinculados de Impostos;"Não ";Não Aplicável
Caaporã;201038;Prefeitura Municipal de Caaporã;102025;2025;12219911;Outras Contribuições Econômicas – Não Arrecadadas e Não Projetadas pela RFB - Principal;Lançamento de Receita;47.160,86;500;Recursos não vinculados de Impostos;"Não ";Não Aplicável
Caaporã;201038;Prefeitura Municipal de Caaporã;092025;2025;12219911;Outras Contribuições Econômicas – Não Arrecadadas e Não Projetadas pela RFB - Principal;Lançamento de Receita;70.244,25;500;Recursos não vinculados de Impostos;"Não ";Não Aplicável
Caaporã;201038;Prefeitura Municipal de Caaporã;082025;2025;12219911;Outras Contribuições Econômicas – Não Arrecadadas e Não Projetadas pela RFB - Principal;Lançamento de Receita;57.219;500;Recursos não vinculados de Impostos;"Não ";Não Aplicável
Caaporã;201038;Prefeitura Municipal de Caaporã;072025;2025;12219911;Outras Contribuições Econômicas – Não Arrecadadas e Não Projetadas pela RFB - Principal;Lançamento de Receita;80.923,06;500;Recursos não vinculados de Impostos;"Não ";Não Aplicável
Caaporã;201038;Prefeitura Municipal de Caaporã;062025;2025;12219911;Outras Contribuições Econômicas – Não Arrecadadas e Não Projetadas pela RFB - Principal;Lançamento de Receita;50.978,33;500;Recursos não vinculados de Impostos;"Não ";Não Aplicável
Caaporã;201038;Prefeitura Municipal de Caaporã;052025;2025;12219911;Outras Contribuições Econômicas – Não Arrecadadas e Não Projetadas pela RFB - Principal;Lançamento de Receita;42.166,36;500;Recursos não vinculados de Impostos;"Não ";Não Aplicável
Caaporã;201038;Prefeitura Municipal de Caaporã;042025;2025;12219911;Outras Contribuições Econômicas – Não Arrecadadas e Não Projetadas pela RFB - Principal;Lançamento de Receita;73.094,3;500;Recursos não vinculados de Impostos;"Não ";Não Aplicável
Caaporã;201038;Prefeitura Municipal de Caaporã;032025;2025;12219911;Outras Contribuições Econômicas – Não Arrecadadas e Não Projetadas pela RFB - Principal;Lançamento de Receita;44.034,57;500;Recursos não vinculados de Impostos;"Não ";Não Aplicável
Caaporã;201038;Prefeitura Municipal de Caaporã;022025;2025;12219911;Outras Contribuições Econômicas – Não Arrecadadas e Não Projetadas pela RFB - Principal;Lançamento de Receita;28.045,55;500;Recursos não vinculados de Impostos;"Não ";Não Aplicável
Caaporã;201038;Prefeitura Municipal de Caaporã;012025;2025;12219911;Outras Contribuições Econômicas – Não Arrecadadas e Não Projetadas pela RFB - Principal;Lançamento de Receita;1.685,34;500;Recursos não vinculados de Impostos;"Não ";Não Aplicável
Caaporã;201038;Prefeitura Municipal de Caaporã;122025;2025;11220101;Taxas pela Prestação de Serviços em Geral - Principal;Lançamento de Receita;350,07;500;Recursos não vinculados de Impostos;1002;Identificação das despesas com ações e serviços públicos de saúde
Caaporã;201038;Prefeitura Municipal de Caaporã;122025;2025;11220101;Taxas pela Prestação de Serviços em Geral - Principal;Lançamento de Receita;1.024,5;500;Recursos não vinculados de Impostos;"Não ";Não Aplicável
Caaporã;201038;Prefeitura Municipal de Caaporã;122025;2025;11220101;Taxas pela Prestação de Serviços em Geral - Principal;Lançamento de Receita;497,53;500;Recursos não vinculados de Impostos;1001;Identificação das despesas com manutenção e desenvolvimento do ensino
Caaporã;201038;Prefeitura Municipal de Caaporã;112025;2025;11220101;Taxas pela Prestação de Serviços em Geral - Principal;Lançamento de Receita;1.749,87;500;Recursos não vinculados de Impostos;"Não ";Não Aplicável
Caaporã;201038;Prefeitura Municipal de Caaporã;112025;2025;11220101;Taxas pela Prestação de Serviços em Geral - Principal;Lançamento de Receita;874,97;500;Recursos não vinculados de Impostos;1001;Identificação das despesas com manutenção e desenvolvimento do ensino
Caaporã;201038;Prefeitura Municipal de Caaporã;112025;2025;11220101;Taxas pela Prestação de Serviços em Geral - Principal;Lançamento de Receita;615,65;500;Recursos não vinculados de Impostos;1002;Identificação das despesas com ações e serviços públicos de saúde
Caaporã;201038;Prefeitura Municipal de Caaporã;102025;2025;11220101;Taxas pela Prestação de Serviços em Geral - Principal;Lançamento de Receita;1.843,3;500;Recursos não vinculados de Impostos;1001;Identificação das despesas com manutenção e desenvolvimento do ensino
Caaporã;201038;Prefeitura Municipal de Caaporã;102025;2025;11220101;Taxas pela Prestação de Serviços em Geral - Principal;Lançamento de Receita;3.729,19;500;Recursos não vinculados de Impostos;"Não ";Não Aplicável
Caaporã;201038;Prefeitura Municipal de Caaporã;102025;2025;11220101;Taxas pela Prestação de Serviços em Geral - Principal;Lançamento de Receita;1.297,14;500;Recursos não vinculados de Impostos;1002;Identificação das despesas com ações e serviços públicos de saúde
Caaporã;201038;Prefeitura Municipal de Caaporã;092025;2025;11220101;Taxas pela Prestação de Serviços em Geral - Principal;Lançamento de Receita;1.617,55;500;Recursos não vinculados de Impostos;"Não ";Não Aplicável
Caaporã;201038;Prefeitura Municipal de Caaporã;092025;2025;11220101;Taxas pela Prestação de Serviços em Geral - Principal;Lançamento de Receita;808,79;500;Recursos não vinculados de Impostos;1001;Identificação das despesas com manutenção e desenvolvimento do ensino
Caaporã;201038;Prefeitura Municipal de Caaporã;092025;2025;11220101;Taxas pela Prestação de Serviços em Geral - Principal;Lançamento de Receita;569,15;500;Recursos não vinculados de Impostos;1002;Identificação das despesas com ações e serviços públicos de saúde
Caaporã;201038;Prefeitura Municipal de Caaporã;082025;2025;11220101;Taxas pela Prestação de Serviços em Geral - Principal;Lançamento de Receita;1.320,28;500;Recursos não vinculados de Impostos;1002;Identificação das despesas com ações e serviços públicos de saúde
Caaporã;201038;Prefeitura Municipal de Caaporã;082025;2025;11220101;Taxas pela Prestação de Serviços em Geral - Principal;Lançamento de Receita;1.876,22;500;Recursos não vinculados de Impostos;1001;Identificação das despesas com manutenção e desenvolvimento do ensino
Caaporã;201038;Prefeitura Municipal de Caaporã;082025;2025;11220101;Taxas pela Prestação de Serviços em Geral - Principal;Lançamento de Receita;3.752,42;500;Recursos não vinculados de Impostos;"Não ";Não Aplicável
Caaporã;201038;Prefeitura Municipal de Caaporã;072025;2025;11220101;Taxas pela Prestação de Serviços em Geral - Principal;Lançamento de Receita;2.365,66;500;Recursos não vinculados de Impostos;1002;Identificação das despesas com ações e serviços públicos de saúde
Caaporã;201038;Prefeitura Municipal de Caaporã;072025;2025;11220101;Taxas pela Prestação de Serviços em Geral - Principal;Lançamento de Receita;6.575,16;500;Recursos não vinculados de Impostos;"Não ";Não Aplicável
Caaporã;201038;Prefeitura Municipal de Caaporã;072025;2025;11220101;Taxas pela Prestação de Serviços em Geral - Principal;Lançamento de Receita;3.342,28;500;Recursos não vinculados de Impostos;1001;Identificação das despesas com manutenção e desenvolvimento do ensino
Caaporã;201038;Prefeitura Municipal de Caaporã;062025;2025;11220101;Taxas pela Prestação de Serviços em Geral - Principal;Lançamento de Receita;1.344,94;500;Recursos não vinculados de Impostos;1002;Identificação das despesas com ações e serviços públicos de saúde
Caaporã;201038;Prefeitura Municipal de Caaporã;062025;2025;11220101;Taxas pela Prestação de Serviços em Geral - Principal;Lançamento de Receita;1.906,53;500;Recursos não vinculados de Impostos;1001;Identificação das despesas com manutenção e desenvolvimento do ensino
Caaporã;201038;Prefeitura Municipal de Caaporã;062025;2025;11220101;Taxas pela Prestação de Serviços em Geral - Principal;Lançamento de Receita;3.768,12;500;Recursos não vinculados de Impostos;"Não ";Não Aplicável
Caaporã;201038;Prefeitura Municipal de Caaporã;052025;2025;11220101;Taxas pela Prestação de Serviços em Geral - Principal;Lançamento de Receita;976,05;500;Recursos não vinculados de Impostos;"Não ";Não Aplicável
Caaporã;201038;Prefeitura Municipal de Caaporã;052025;2025;11220101;Taxas pela Prestação de Serviços em Geral - Principal;Lançamento de Receita;343,37;500;Recursos não vinculados de Impostos;1002;Identificação das despesas com ações e serviços públicos de saúde
Caaporã;201038;Prefeitura Municipal de Caaporã;052025;2025;11220101;Taxas pela Prestação de Serviços em Geral - Principal;Lançamento de Receita;488,08;500;Recursos não vinculados de Impostos;1001;Identificação das despesas com manutenção e desenvolvimento do ensino
Caaporã;201038;Prefeitura Municipal de Caaporã;042025;2025;11220101;Taxas pela Prestação de Serviços em Geral - Principal;Lançamento de Receita;149,79;500;Recursos não vinculados de Impostos;1002;Identificação das despesas com ações e serviços públicos de saúde
Caaporã;201038;Prefeitura Municipal de Caaporã;042025;2025;11220101;Taxas pela Prestação de Serviços em Geral - Principal;Lançamento de Receita;425,78;500;Recursos não vinculados de Impostos;"Não ";Não Aplicável
Caaporã;201038;Prefeitura Municipal de Caaporã;042025;2025;11220101;Taxas pela Prestação de Serviços em Geral - Principal;Lançamento de Receita;212,89;500;Recursos não vinculados de Impostos;1001;Identificação das despesas com manutenção e desenvolvimento do ensino
Caaporã;201038;Prefeitura Municipal de Caaporã;032025;2025;11220101;Taxas pela Prestação de Serviços em Geral - Principal;Lançamento de Receita;324,3;500;Recursos não vinculados de Impostos;1001;Identificação das despesas com manutenção e desenvolvimento do ensino
Caaporã;201038;Prefeitura Municipal de Caaporã;032025;2025;11220101;Taxas pela Prestação de Serviços em Geral - Principal;Lançamento de Receita;648,55;500;Recursos não vinculados de Impostos;"Não ";Não Aplicável
Caaporã;201038;Prefeitura Municipal de Caaporã;032025;2025;11220101;Taxas pela Prestação de Serviços em Geral - Principal;Lançamento de Receita;228,17;500;Recursos não vinculados de Impostos;1002;Identificação das despesas com ações e serviços públicos de saúde
Caaporã;201038;Prefeitura Municipal de Caaporã;022025;2025;11220101;Taxas pela Prestação de Serviços em Geral - Principal;Lançamento de Receita;891,61;500;Recursos não vinculados de Impostos;"Não ";Não Aplicável
Caaporã;201038;Prefeitura Municipal de Caaporã;022025;2025;11220101;Taxas pela Prestação de Serviços em Geral - Principal;Lançamento de Receita;445,81;500;Recursos não vinculados de Impostos;1001;Identificação das despesas com manutenção e desenvolvimento do ensino
Caaporã;201038;Prefeitura Municipal de Caaporã;022025;2025;11220101;Taxas pela Prestação de Serviços em Geral - Principal;Lançamento de Receita;313,66;500;Recursos não vinculados de Impostos;1002;Identificação das despesas com ações e serviços públicos de saúde
Caaporã;201038;Prefeitura Municipal de Caaporã;122025;2025;11210101;Taxas de Inspeção, Controle e Fiscalização - Principal;Lançamento de Receita;1.863,01;500;Recursos não vinculados de Impostos;"Não ";Não Aplicável
Caaporã;201038;Prefeitura Municipal de Caaporã;122025;2025;11210101;Taxas de Inspeção, Controle e Fiscalização - Principal;Lançamento de Receita;789,56;500;Recursos não vinculados de Impostos;1001;Identificação das despesas com manutenção e desenvolvimento do ensino
Caaporã;201038;Prefeitura Municipal de Caaporã;122025;2025;11210101;Taxas de Inspeção, Controle e Fiscalização - Principal;Lançamento de Receita;482,04;500;Recursos não vinculados de Impostos;1002;Identificação das despesas com ações e serviços públicos de saúde
Caaporã;201038;Prefeitura Municipal de Caaporã;112025;2025;11210101;Taxas de Inspeção, Controle e Fiscalização - Principal;Lançamento de Receita;1.435,06;500;Recursos não vinculados de Impostos;1001;Identificação das despesas com manutenção e desenvolvimento do ensino
Caaporã;201038;Prefeitura Municipal de Caaporã;112025;2025;11210101;Taxas de Inspeção, Controle e Fiscalização - Principal;Lançamento de Receita;3.352,27;500;Recursos não vinculados de Impostos;"Não ";Não Aplicável
Caaporã;201038;Prefeitura Municipal de Caaporã;112025;2025;11210101;Taxas de Inspeção, Controle e Fiscalização - Principal;Lançamento de Receita;884,86;500;Recursos não vinculados de Impostos;1002;Identificação das despesas com ações e serviços públicos de saúde
Caaporã;201038;Prefeitura Municipal de Caaporã;102025;2025;11210101;Taxas de Inspeção, Controle e Fiscalização - Principal;Lançamento de Receita;1.473,07;500;Recursos não vinculados de Impostos;1001;Identificação das despesas com manutenção e desenvolvimento do ensino
Caaporã;201038;Prefeitura Municipal de Caaporã;102025;2025;11210101;Taxas de Inspeção, Controle e Fiscalização - Principal;Lançamento de Receita;3.430,37;500;Recursos não vinculados de Impostos;"Não ";Não Aplicável
Caaporã;201038;Prefeitura Municipal de Caaporã;102025;2025;11210101;Taxas de Inspeção, Controle e Fiscalização - Principal;Lançamento de Receita;911,11;500;Recursos não vinculados de Impostos;1002;Identificação das despesas com ações e serviços públicos de saúde
Caaporã;201038;Prefeitura Municipal de Caaporã;092025;2025;11210101;Taxas de Inspeção, Controle e Fiscalização - Principal;Lançamento de Receita;2.153,1;500;Recursos não vinculados de Impostos;"Não ";Não Aplicável
Caaporã;201038;Prefeitura Municipal de Caaporã;092025;2025;11210101;Taxas de Inspeção, Controle e Fiscalização - Principal;Lançamento de Receita;926,88;500;Recursos não vinculados de Impostos;1001;Identificação das despesas com manutenção e desenvolvimento do ensino
Caaporã;201038;Prefeitura Municipal de Caaporã;092025;2025;11210101;Taxas de Inspeção, Controle e Fiscalização - Principal;Lançamento de Receita;574,66;500;Recursos não vinculados de Impostos;1002;Identificação das despesas com ações e serviços públicos de saúde
Caaporã;201038;Prefeitura Municipal de Caaporã;082025;2025;11210101;Taxas de Inspeção, Controle e Fiscalização - Principal;Lançamento de Receita;2.474,42;500;Recursos não vinculados de Impostos;1001;Identificação das despesas com manutenção e desenvolvimento do ensino
Caaporã;201038;Prefeitura Municipal de Caaporã;082025;2025;11210101;Taxas de Inspeção, Controle e Fiscalização - Principal;Lançamento de Receita;1.505,52;500;Recursos não vinculados de Impostos;1002;Identificação das despesas com ações e serviços públicos de saúde
Caaporã;201038;Prefeitura Municipal de Caaporã;082025;2025;11210101;Taxas de Inspeção, Controle e Fiscalização - Principal;Lançamento de Receita;5.858,21;500;Recursos não vinculados de Impostos;"Não ";Não Aplicável
Caaporã;201038;Prefeitura Municipal de Caaporã;072025;2025;11210101;Taxas de Inspeção, Controle e Fiscalização - Principal;Lançamento de Receita;1.312,94;500;Recursos não vinculados de Impostos;1001;Identificação das despesas com manutenção e desenvolvimento do ensino
Caaporã;201038;Prefeitura Municipal de Caaporã;072025;2025;11210101;Taxas de Inspeção, Controle e Fiscalização - Principal;Lançamento de Receita;2.648,63;500;Recursos não vinculados de Impostos;"Não ";Não Aplicável
Caaporã;201038;Prefeitura Municipal de Caaporã;072025;2025;11210101;Taxas de Inspeção, Controle e Fiscalização - Principal;Lançamento de Receita;890,53;500;Recursos não vinculados de Impostos;1002;Identificação das despesas com ações e serviços públicos de saúde
Caaporã;201038;Prefeitura Municipal de Caaporã;062025;2025;11210101;Taxas de Inspeção, Controle e Fiscalização - Principal;Lançamento de Receita;1.204;500;Recursos não vinculados de Impostos;"Não ";Não Aplicável
Caaporã;201038;Prefeitura Municipal de Caaporã;062025;2025;11210101;Taxas de Inspeção, Controle e Fiscalização - Principal;Lançamento de Receita;388,54;500;Recursos não vinculados de Impostos;1002;Identificação das despesas com ações e serviços públicos de saúde
Caaporã;201038;Prefeitura Municipal de Caaporã;062025;2025;11210101;Taxas de Inspeção, Controle e Fiscalização - Principal;Lançamento de Receita;573,25;500;Recursos não vinculados de Impostos;1001;Identificação das despesas com manutenção e desenvolvimento do ensino
Caaporã;201038;Prefeitura Municipal de Caaporã;052025;2025;11210101;Taxas de Inspeção, Controle e Fiscalização - Principal;Lançamento de Receita;1.906,33;500;Recursos não vinculados de Impostos;1001;Identificação das despesas com manutenção e desenvolvimento do ensino
Caaporã;201038;Prefeitura Municipal de Caaporã;052025;2025;11210101;Taxas de Inspeção, Controle e Fiscalização - Principal;Lançamento de Receita;1.159,8;500;Recursos não vinculados de Impostos;1002;Identificação das despesas com ações e serviços públicos de saúde
Caaporã;201038;Prefeitura Municipal de Caaporã;052025;2025;11210101;Taxas de Inspeção, Controle e Fiscalização - Principal;Lançamento de Receita;4.513,64;500;Recursos não vinculados de Impostos;"Não ";Não Aplicável
Caaporã;201038;Prefeitura Municipal de Caaporã;042025;2025;11210101;Taxas de Inspeção, Controle e Fiscalização - Principal;Lançamento de Receita;4.228,81;500;Recursos não vinculados de Impostos;1001;Identificação das despesas com manutenção e desenvolvimento do ensino
Caaporã;201038;Prefeitura Municipal de Caaporã;042025;2025;11210101;Taxas de Inspeção, Controle e Fiscalização - Principal;Lançamento de Receita;10.144,49;500;Recursos não vinculados de Impostos;"Não ";Não Aplicável
Caaporã;201038;Prefeitura Municipal de Caaporã;042025;2025;11210101;Taxas de Inspeção, Controle e Fiscalização - Principal;Lançamento de Receita;2.538,54;500;Recursos não vinculados de Impostos;1002;Identificação das despesas com ações e serviços públicos de saúde
Caaporã;201038;Prefeitura Municipal de Caaporã;032025;2025;11210101;Taxas de Inspeção, Controle e Fiscalização - Principal;Lançamento de Receita;4.439,33;500;Recursos não vinculados de Impostos;1002;Identificação das despesas com ações e serviços públicos de saúde
Caaporã;201038;Prefeitura Municipal de Caaporã;032025;2025;11210101;Taxas de Inspeção, Controle e Fiscalização - Principal;Lançamento de Receita;6.625,94;500;Recursos não vinculados de Impostos;1001;Identificação das despesas com manutenção e desenvolvimento do ensino
Caaporã;201038;Prefeitura Municipal de Caaporã;032025;2025;11210101;Taxas de Inspeção, Controle e Fiscalização - Principal;Lançamento de Receita;14.113,48;500;Recursos não vinculados de Impostos;"Não ";Não Aplicável
Caaporã;201038;Prefeitura Municipal de Caaporã;022025;2025;11210101;Taxas de Inspeção, Controle e Fiscalização - Principal;Lançamento de Receita;15.119,77;500;Recursos não vinculados de Impostos;1001;Identificação das despesas com manutenção e desenvolvimento do ensino
Caaporã;201038;Prefeitura Municipal de Caaporã;022025;2025;11210101;Taxas de Inspeção, Controle e Fiscalização - Principal;Lançamento de Receita;33.399,6;500;Recursos não vinculados de Impostos;"Não ";Não Aplicável
Caaporã;201038;Prefeitura Municipal de Caaporã;022025;2025;11210101;Taxas de Inspeção, Controle e Fiscalização - Principal;Lançamento de Receita;9.820,56;500;Recursos não vinculados de Impostos;1002;Identificação das despesas com ações e serviços públicos de saúde
Caaporã;201038;Prefeitura Municipal de Caaporã;122025;2025;11145111;Imposto sobre Serviços de Qualquer Natureza - ISSQN - Principal;Lançamento de Receita;75.540,5;500;Recursos não vinculados de Impostos;1001;Identificação das despesas com manutenção e desenvolvimento do ensino
Caaporã;201038;Prefeitura Municipal de Caaporã;122025;2025;11145111;Imposto sobre Serviços de Qualquer Natureza - ISSQN - Principal;Lançamento de Receita;130.242,22;500;Recursos não vinculados de Impostos;"Não ";Não Aplicável
Caaporã;201038;Prefeitura Municipal de Caaporã;122025;2025;11145111;Imposto sobre Serviços de Qualquer Natureza - ISSQN - Principal;Lançamento de Receita;54.701,7;500;Recursos não vinculados de Impostos;1002;Identificação das despesas com ações e serviços públicos de saúde
Caaporã;201038;Prefeitura Municipal de Caaporã;112025;2025;11145111;Imposto sobre Serviços de Qualquer Natureza - ISSQN - Principal;Lançamento de Receita;103.588,34;500;Recursos não vinculados de Impostos;1001;Identificação das despesas com manutenção e desenvolvimento do ensino
Caaporã;201038;Prefeitura Municipal de Caaporã;112025;2025;11145111;Imposto sobre Serviços de Qualquer Natureza - ISSQN - Principal;Lançamento de Receita;178.600,67;500;Recursos não vinculados de Impostos;"Não ";Não Aplicável
Caaporã;201038;Prefeitura Municipal de Caaporã;112025;2025;11145111;Imposto sobre Serviços de Qualquer Natureza - ISSQN - Principal;Lançamento de Receita;75.012,33;500;Recursos não vinculados de Impostos;1002;Identificação das despesas com ações e serviços públicos de saúde
Caaporã;201038;Prefeitura Municipal de Caaporã;102025;2025;11145111;Imposto sobre Serviços de Qualquer Natureza - ISSQN - Principal;Lançamento de Receita;312.807,26;500;Recursos não vinculados de Impostos;"Não ";Não Aplicável
Caaporã;201038;Prefeitura Municipal de Caaporã;102025;2025;11145111;Imposto sobre Serviços de Qualquer Natureza - ISSQN - Principal;Lançamento de Receita;181.428,19;500;Recursos não vinculados de Impostos;1001;Identificação das despesas com manutenção e desenvolvimento do ensino
Caaporã;201038;Prefeitura Municipal de Caaporã;102025;2025;11145111;Imposto sobre Serviços de Qualquer Natureza - ISSQN - Principal;Lançamento de Receita;131.379,08;500;Recursos não vinculados de Impostos;1002;Identificação das despesas com ações e serviços públicos de saúde
Caaporã;201038;Prefeitura Municipal de Caaporã;092025;2025;11145111;Imposto sobre Serviços de Qualquer Natureza - ISSQN - Principal;Lançamento de Receita;64.068,5;500;Recursos não vinculados de Impostos;1002;Identificação das despesas com ações e serviços públicos de saúde
Caaporã;201038;Prefeitura Municipal de Caaporã;092025;2025;11145111;Imposto sobre Serviços de Qualquer Natureza - ISSQN - Principal;Lançamento de Receita;152.544,08;500;Recursos não vinculados de Impostos;"Não ";Não Aplicável
Caaporã;201038;Prefeitura Municipal de Caaporã;092025;2025;11145111;Imposto sobre Serviços de Qualquer Natureza - ISSQN - Principal;Lançamento de Receita;88.475,57;500;Recursos não vinculados de Impostos;1001;Identificação das despesas com manutenção e desenvolvimento do ensino
Caaporã;201038;Prefeitura Municipal de Caaporã;082025;2025;11145111;Imposto sobre Serviços de Qualquer Natureza - ISSQN - Principal;Lançamento de Receita;71.001,79;500;Recursos não vinculados de Impostos;1001;Identificação das despesas com manutenção e desenvolvimento do ensino
Caaporã;201038;Prefeitura Municipal de Caaporã;082025;2025;11145111;Imposto sobre Serviços de Qualquer Natureza - ISSQN - Principal;Lançamento de Receita;51.415,1;500;Recursos não vinculados de Impostos;1002;Identificação das despesas com ações e serviços públicos de saúde
Caaporã;201038;Prefeitura Municipal de Caaporã;082025;2025;11145111;Imposto sobre Serviços de Qualquer Natureza - ISSQN - Principal;Lançamento de Receita;122.416,94;500;Recursos não vinculados de Impostos;"Não ";Não Aplicável
Caaporã;201038;Prefeitura Municipal de Caaporã;072025;2025;11145111;Imposto sobre Serviços de Qualquer Natureza - ISSQN - Principal;Lançamento de Receita;58.895,63;500;Recursos não vinculados de Impostos;1002;Identificação das despesas com ações e serviços públicos de saúde
Caaporã;201038;Prefeitura Municipal de Caaporã;072025;2025;11145111;Imposto sobre Serviços de Qualquer Natureza - ISSQN - Principal;Lançamento de Receita;81.358,25;500;Recursos não vinculados de Impostos;1001;Identificação das despesas com manutenção e desenvolvimento do ensino
Caaporã;201038;Prefeitura Municipal de Caaporã;072025;2025;11145111;Imposto sobre Serviços de Qualquer Natureza - ISSQN - Principal;Lançamento de Receita;140.528,78;500;Recursos não vinculados de Impostos;"Não ";Não Aplicável
Caaporã;201038;Prefeitura Municipal de Caaporã;062025;2025;11145111;Imposto sobre Serviços de Qualquer Natureza - ISSQN - Principal;Lançamento de Receita;39.223,49;500;Recursos não vinculados de Impostos;1002;Identificação das despesas com ações e serviços públicos de saúde
Caaporã;201038;Prefeitura Municipal de Caaporã;062025;2025;11145111;Imposto sobre Serviços de Qualquer Natureza - ISSQN - Principal;Lançamento de Receita;54.350,98;500;Recursos não vinculados de Impostos;1001;Identificação das despesas com manutenção e desenvolvimento do ensino
Caaporã;201038;Prefeitura Municipal de Caaporã;062025;2025;11145111;Imposto sobre Serviços de Qualquer Natureza - ISSQN - Principal;Lançamento de Receita;95.519,69;500;Recursos não vinculados de Impostos;"Não ";Não Aplicável
Caaporã;201038;Prefeitura Municipal de Caaporã;052025;2025;11145111;Imposto sobre Serviços de Qualquer Natureza - ISSQN - Principal;Lançamento de Receita;142.692,72;500;Recursos não vinculados de Impostos;1001;Identificação das despesas com manutenção e desenvolvimento do ensino
Caaporã;201038;Prefeitura Municipal de Caaporã;052025;2025;11145111;Imposto sobre Serviços de Qualquer Natureza - ISSQN - Principal;Lançamento de Receita;246.021,94;500;Recursos não vinculados de Impostos;"Não ";Não Aplicável
Caaporã;201038;Prefeitura Municipal de Caaporã;052025;2025;11145111;Imposto sobre Serviços de Qualquer Natureza - ISSQN - Principal;Lançamento de Receita;103.329,16;500;Recursos não vinculados de Impostos;1002;Identificação das despesas com ações e serviços públicos de saúde
Caaporã;201038;Prefeitura Municipal de Caaporã;042025;2025;11145111;Imposto sobre Serviços de Qualquer Natureza - ISSQN - Principal;Lançamento de Receita;58.939,04;500;Recursos não vinculados de Impostos;1001;Identificação das despesas com manutenção e desenvolvimento do ensino
Caaporã;201038;Prefeitura Municipal de Caaporã;042025;2025;11145111;Imposto sobre Serviços de Qualquer Natureza - ISSQN - Principal;Lançamento de Receita;42.679,97;500;Recursos não vinculados de Impostos;1002;Identificação das despesas com ações e serviços públicos de saúde
Caaporã;201038;Prefeitura Municipal de Caaporã;042025;2025;11145111;Imposto sobre Serviços de Qualquer Natureza - ISSQN - Principal;Lançamento de Receita;101.619,03;500;Recursos não vinculados de Impostos;"Não ";Não Aplicável
Caaporã;201038;Prefeitura Municipal de Caaporã;032025;2025;11145111;Imposto sobre Serviços de Qualquer Natureza - ISSQN - Principal;Lançamento de Receita;117.564,66;500;Recursos não vinculados de Impostos;"Não ";Não Aplicável
Caaporã;201038;Prefeitura Municipal de Caaporã;032025;2025;11145111;Imposto sobre Serviços de Qualquer Natureza - ISSQN - Principal;Lançamento de Receita;68.187,49;500;Recursos não vinculados de Impostos;1001;Identificação das despesas com manutenção e desenvolvimento do ensino
Caaporã;201038;Prefeitura Municipal de Caaporã;032025;2025;11145111;Imposto sobre Serviços de Qualquer Natureza - ISSQN - Principal;Lançamento de Receita;49.377,15;500;Recursos não vinculados de Impostos;1002;Identificação das despesas com ações e serviços públicos de saúde
Caaporã;201038;Prefeitura Municipal de Caaporã;022025;2025;11145111;Imposto sobre Serviços de Qualquer Natureza - ISSQN - Principal;Lançamento de Receita;59.565,05;500;Recursos não vinculados de Impostos;"Não ";Não Aplicável
Caaporã;201038;Prefeitura Municipal de Caaporã;022025;2025;11145111;Imposto sobre Serviços de Qualquer Natureza - ISSQN - Principal;Lançamento de Receita;34.547,66;500;Recursos não vinculados de Impostos;1001;Identificação das despesas com manutenção e desenvolvimento do ensino
Caaporã;201038;Prefeitura Municipal de Caaporã;022025;2025;11145111;Imposto sobre Serviços de Qualquer Natureza - ISSQN - Principal;Lançamento de Receita;25.017,59;500;Recursos não vinculados de Impostos;1002;Identificação das despesas com ações e serviços públicos de saúde
Caaporã;201038;Prefeitura Municipal de Caaporã;012025;2025;11145111;Imposto sobre Serviços de Qualquer Natureza - ISSQN - Principal;Lançamento de Receita;212.472,41;500;Recursos não vinculados de Impostos;"Não ";Não Aplicável
Caaporã;201038;Prefeitura Municipal de Caaporã;012025;2025;11145111;Imposto sobre Serviços de Qualquer Natureza - ISSQN - Principal;Lançamento de Receita;89.238,47;500;Recursos não vinculados de Impostos;1002;Identificação das despesas com ações e serviços públicos de saúde
Caaporã;201038;Prefeitura Municipal de Caaporã;012025;2025;11145111;Imposto sobre Serviços de Qualquer Natureza - ISSQN - Principal;Lançamento de Receita;123.233,98;500;Recursos não vinculados de Impostos;1001;Identificação das despesas com manutenção e desenvolvimento do ensino
Caaporã;201038;Prefeitura Municipal de Caaporã;122025;2025;11130341;Imposto sobre a Renda - Retido na Fonte - Outros Rendimentos - Principal;Lançamento de Receita;65.829,65;500;Recursos não vinculados de Impostos;1002;Identificação das despesas com ações e serviços públicos de saúde
Caaporã;201038;Prefeitura Municipal de Caaporã;122025;2025;11130341;Imposto sobre a Renda - Retido na Fonte - Outros Rendimentos - Principal;Lançamento de Receita;90.907,87;500;Recursos não vinculados de Impostos;1001;Identificação das despesas com manutenção e desenvolvimento do ensino
Caaporã;201038;Prefeitura Municipal de Caaporã;122025;2025;11130341;Imposto sobre a Renda - Retido na Fonte - Outros Rendimentos - Principal;Lançamento de Receita;156.737,47;500;Recursos não vinculados de Impostos;"Não ";Não Aplicável
Caaporã;201038;Prefeitura Municipal de Caaporã;112025;2025;11130341;Imposto sobre a Renda - Retido na Fonte - Outros Rendimentos - Principal;Lançamento de Receita;137.359,24;500;Recursos não vinculados de Impostos;"Não ";Não Aplicável
Caaporã;201038;Prefeitura Municipal de Caaporã;112025;2025;11130341;Imposto sobre a Renda - Retido na Fonte - Outros Rendimentos - Principal;Lançamento de Receita;79.668,32;500;Recursos não vinculados de Impostos;1001;Identificação das despesas com manutenção e desenvolvimento do ensino
Caaporã;201038;Prefeitura Municipal de Caaporã;112025;2025;11130341;Imposto sobre a Renda - Retido na Fonte - Outros Rendimentos - Principal;Lançamento de Receita;57.690,82;500;Recursos não vinculados de Impostos;1002;Identificação das despesas com ações e serviços públicos de saúde
Caaporã;201038;Prefeitura Municipal de Caaporã;102025;2025;11130341;Imposto sobre a Renda - Retido na Fonte - Outros Rendimentos - Principal;Lançamento de Receita;41.550,8;500;Recursos não vinculados de Impostos;1002;Identificação das despesas com ações e serviços públicos de saúde
Caaporã;201038;Prefeitura Municipal de Caaporã;102025;2025;11130341;Imposto sobre a Renda - Retido na Fonte - Outros Rendimentos - Principal;Lançamento de Receita;57.379,77;500;Recursos não vinculados de Impostos;1001;Identificação das despesas com manutenção e desenvolvimento do ensino
Caaporã;201038;Prefeitura Municipal de Caaporã;102025;2025;11130341;Imposto sobre a Renda - Retido na Fonte - Outros Rendimentos - Principal;Lançamento de Receita;98.930,58;500;Recursos não vinculados de Impostos;"Não ";Não Aplicável
Caaporã;201038;Prefeitura Municipal de Caaporã;092025;2025;11130341;Imposto sobre a Renda - Retido na Fonte - Outros Rendimentos - Principal;Lançamento de Receita;44.533,3;500;Recursos não vinculados de Impostos;1002;Identificação das despesas com ações e serviços públicos de saúde
Caaporã;201038;Prefeitura Municipal de Caaporã;092025;2025;11130341;Imposto sobre a Renda - Retido na Fonte - Outros Rendimentos - Principal;Lançamento de Receita;61.498,24;500;Recursos não vinculados de Impostos;1001;Identificação das despesas com manutenção e desenvolvimento do ensino
Caaporã;201038;Prefeitura Municipal de Caaporã;092025;2025;11130341;Imposto sobre a Renda - Retido na Fonte - Outros Rendimentos - Principal;Lançamento de Receita;106.031,45;500;Recursos não vinculados de Impostos;"Não ";Não Aplicável
Caaporã;201038;Prefeitura Municipal de Caaporã;082025;2025;11130341;Imposto sobre a Renda - Retido na Fonte - Outros Rendimentos - Principal;Lançamento de Receita;94.907,23;500;Recursos não vinculados de Impostos;1001;Identificação das despesas com manutenção e desenvolvimento do ensino
Caaporã;201038;Prefeitura Municipal de Caaporã;082025;2025;11130341;Imposto sobre a Renda - Retido na Fonte - Outros Rendimentos - Principal;Lançamento de Receita;68.726,01;500;Recursos não vinculados de Impostos;1002;Identificação das despesas com ações e serviços públicos de saúde
Caaporã;201038;Prefeitura Municipal de Caaporã;082025;2025;11130341;Imposto sobre a Renda - Retido na Fonte - Outros Rendimentos - Principal;Lançamento de Receita;163.633,1;500;Recursos não vinculados de Impostos;"Não ";Não Aplicável
Caaporã;201038;Prefeitura Municipal de Caaporã;072025;2025;11130341;Imposto sobre a Renda - Retido na Fonte - Outros Rendimentos - Principal;Lançamento de Receita;35.312,48;500;Recursos não vinculados de Impostos;1001;Identificação das despesas com manutenção e desenvolvimento do ensino
Caaporã;201038;Prefeitura Municipal de Caaporã;072025;2025;11130341;Imposto sobre a Renda - Retido na Fonte - Outros Rendimentos - Principal;Lançamento de Receita;60.883,52;500;Recursos não vinculados de Impostos;"Não ";Não Aplicável
Caaporã;201038;Prefeitura Municipal de Caaporã;072025;2025;11130341;Imposto sobre a Renda - Retido na Fonte - Outros Rendimentos - Principal;Lançamento de Receita;25.571,35;500;Recursos não vinculados de Impostos;1002;Identificação das despesas com ações e serviços públicos de saúde
Caaporã;201038;Prefeitura Municipal de Caaporã;062025;2025;11130341;Imposto sobre a Renda - Retido na Fonte - Outros Rendimentos - Principal;Lançamento de Receita;61.755,2;500;Recursos não vinculados de Impostos;1001;Identificação das despesas com manutenção e desenvolvimento do ensino
Caaporã;201038;Prefeitura Municipal de Caaporã;062025;2025;11130341;Imposto sobre a Renda - Retido na Fonte - Outros Rendimentos - Principal;Lançamento de Receita;44.719,38;500;Recursos não vinculados de Impostos;1002;Identificação das despesas com ações e serviços públicos de saúde
Caaporã;201038;Prefeitura Municipal de Caaporã;062025;2025;11130341;Imposto sobre a Renda - Retido na Fonte - Outros Rendimentos - Principal;Lançamento de Receita;106.474,54;500;Recursos não vinculados de Impostos;"Não ";Não Aplicável
Caaporã;201038;Prefeitura Municipal de Caaporã;052025;2025;11130341;Imposto sobre a Renda - Retido na Fonte - Outros Rendimentos - Principal;Lançamento de Receita;42.327,45;500;Recursos não vinculados de Impostos;1002;Identificação das despesas com ações e serviços públicos de saúde
Caaporã;201038;Prefeitura Municipal de Caaporã;052025;2025;11130341;Imposto sobre a Renda - Retido na Fonte - Outros Rendimentos - Principal;Lançamento de Receita;58.452,24;500;Recursos não vinculados de Impostos;1001;Identificação das despesas com manutenção e desenvolvimento do ensino
Caaporã;201038;Prefeitura Municipal de Caaporã;052025;2025;11130341;Imposto sobre a Renda - Retido na Fonte - Outros Rendimentos - Principal;Lançamento de Receita;100.779,71;500;Recursos não vinculados de Impostos;"Não ";Não Aplicável
Caaporã;201038;Prefeitura Municipal de Caaporã;042025;2025;11130341;Imposto sobre a Renda - Retido na Fonte - Outros Rendimentos - Principal;Lançamento de Receita;62.699,84;500;Recursos não vinculados de Impostos;1001;Identificação das despesas com manutenção e desenvolvimento do ensino
Caaporã;201038;Prefeitura Municipal de Caaporã;042025;2025;11130341;Imposto sobre a Renda - Retido na Fonte - Outros Rendimentos - Principal;Lançamento de Receita;45.403,38;500;Recursos não vinculados de Impostos;1002;Identificação das despesas com ações e serviços públicos de saúde
Caaporã;201038;Prefeitura Municipal de Caaporã;042025;2025;11130341;Imposto sobre a Renda - Retido na Fonte - Outros Rendimentos - Principal;Lançamento de Receita;108.103,16;500;Recursos não vinculados de Impostos;"Não ";Não Aplicável
Caaporã;201038;Prefeitura Municipal de Caaporã;032025;2025;11130341;Imposto sobre a Renda - Retido na Fonte - Outros Rendimentos - Principal;Lançamento de Receita;106.417,32;500;Recursos não vinculados de Impostos;"Não ";Não Aplicável
Caaporã;201038;Prefeitura Municipal de Caaporã;032025;2025;11130341;Imposto sobre a Renda - Retido na Fonte - Outros Rendimentos - Principal;Lançamento de Receita;61.722,08;500;Recursos não vinculados de Impostos;1001;Identificação das despesas com manutenção e desenvolvimento do ensino
Caaporã;201038;Prefeitura Municipal de Caaporã;032025;2025;11130341;Imposto sobre a Renda - Retido na Fonte - Outros Rendimentos - Principal;Lançamento de Receita;44.695,24;500;Recursos não vinculados de Impostos;1002;Identificação das despesas com ações e serviços públicos de saúde
Caaporã;201038;Prefeitura Municipal de Caaporã;022025;2025;11130341;Imposto sobre a Renda - Retido na Fonte - Outros Rendimentos - Principal;Lançamento de Receita;40.775,46;500;Recursos não vinculados de Impostos;1002;Identificação das despesas com ações e serviços públicos de saúde
Caaporã;201038;Prefeitura Municipal de Caaporã;022025;2025;11130341;Imposto sobre a Renda - Retido na Fonte - Outros Rendimentos - Principal;Lançamento de Receita;56.308,87;500;Recursos não vinculados de Impostos;1001;Identificação das despesas com manutenção e desenvolvimento do ensino
Caaporã;201038;Prefeitura Municipal de Caaporã;022025;2025;11130341;Imposto sobre a Renda - Retido na Fonte - Outros Rendimentos - Principal;Lançamento de Receita;97.084,32;500;Recursos não vinculados de Impostos;"Não ";Não Aplicável
Caaporã;201038;Prefeitura Municipal de Caaporã;012025;2025;11130341;Imposto sobre a Renda - Retido na Fonte - Outros Rendimentos - Principal;Lançamento de Receita;33.923,72;500;Recursos não vinculados de Impostos;1002;Identificação das despesas com ações e serviços públicos de saúde
Caaporã;201038;Prefeitura Municipal de Caaporã;012025;2025;11130341;Imposto sobre a Renda - Retido na Fonte - Outros Rendimentos - Principal;Lançamento de Receita;80.770,9;500;Recursos não vinculados de Impostos;"Não ";Não Aplicável
Caaporã;201038;Prefeitura Municipal de Caaporã;012025;2025;11130341;Imposto sobre a Renda - Retido na Fonte - Outros Rendimentos - Principal;Lançamento de Receita;46.847,11;500;Recursos não vinculados de Impostos;1001;Identificação das despesas com manutenção e desenvolvimento do ensino
Caaporã;201038;Prefeitura Municipal de Caaporã;122025;2025;11130311;Imposto sobre a Renda - Retido na Fonte - Trabalho - Principal;Lançamento de Receita;13.278,98;500;Recursos não vinculados de Impostos;1001;Identificação das despesas com manutenção e desenvolvimento do ensino
Caaporã;201038;Prefeitura Municipal de Caaporã;122025;2025;11130311;Imposto sobre a Renda - Retido na Fonte - Trabalho - Principal;Lançamento de Receita;9.344,48;500;Recursos não vinculados de Impostos;1002;Identificação das despesas com ações e serviços públicos de saúde
Caaporã;201038;Prefeitura Municipal de Caaporã;122025;2025;11130311;Imposto sobre a Renda - Retido na Fonte - Trabalho - Principal;Lançamento de Receita;26.557,98;500;Recursos não vinculados de Impostos;"Não ";Não Aplicável
Caaporã;201038;Prefeitura Municipal de Caaporã;112025;2025;11130311;Imposto sobre a Renda - Retido na Fonte - Trabalho - Principal;Lançamento de Receita;22.437,99;500;Recursos não vinculados de Impostos;1001;Identificação das despesas com manutenção e desenvolvimento do ensino
Caaporã;201038;Prefeitura Municipal de Caaporã;112025;2025;11130311;Imposto sobre a Renda - Retido na Fonte - Trabalho - Principal;Lançamento de Receita;15.789,69;500;Recursos não vinculados de Impostos;1002;Identificação das despesas com ações e serviços públicos de saúde
Caaporã;201038;Prefeitura Municipal de Caaporã;112025;2025;11130311;Imposto sobre a Renda - Retido na Fonte - Trabalho - Principal;Lançamento de Receita;44.875,98;500;Recursos não vinculados de Impostos;"Não ";Não Aplicável
Caaporã;201038;Prefeitura Municipal de Caaporã;102025;2025;11130311;Imposto sobre a Renda - Retido na Fonte - Trabalho - Principal;Lançamento de Receita;42.029,79;500;Recursos não vinculados de Impostos;1002;Identificação das despesas com ações e serviços públicos de saúde
Caaporã;201038;Prefeitura Municipal de Caaporã;102025;2025;11130311;Imposto sobre a Renda - Retido na Fonte - Trabalho - Principal;Lançamento de Receita;119.453,12;500;Recursos não vinculados de Impostos;"Não ";Não Aplicável
Caaporã;201038;Prefeitura Municipal de Caaporã;102025;2025;11130311;Imposto sobre a Renda - Retido na Fonte - Trabalho - Principal;Lançamento de Receita;59.726,56;500;Recursos não vinculados de Impostos;1001;Identificação das despesas com manutenção e desenvolvimento do ensino
Caaporã;201038;Prefeitura Municipal de Caaporã;092025;2025;11130311;Imposto sobre a Renda - Retido na Fonte - Trabalho - Principal;Lançamento de Receita;3.220,84;500;Recursos não vinculados de Impostos;1002;Identificação das despesas com ações e serviços públicos de saúde
Caaporã;201038;Prefeitura Municipal de Caaporã;092025;2025;11130311;Imposto sobre a Renda - Retido na Fonte - Trabalho - Principal;Lançamento de Receita;4.577;500;Recursos não vinculados de Impostos;1001;Identificação das despesas com manutenção e desenvolvimento do ensino
Caaporã;201038;Prefeitura Municipal de Caaporã;092025;2025;11130311;Imposto sobre a Renda - Retido na Fonte - Trabalho - Principal;Lançamento de Receita;9.153,99;500;Recursos não vinculados de Impostos;"Não ";Não Aplicável
Caaporã;201038;Prefeitura Municipal de Caaporã;082025;2025;11130311;Imposto sobre a Renda - Retido na Fonte - Trabalho - Principal;Lançamento de Receita;4.230,38;500;Recursos não vinculados de Impostos;1001;Identificação das despesas com manutenção e desenvolvimento do ensino
Caaporã;201038;Prefeitura Municipal de Caaporã;082025;2025;11130311;Imposto sobre a Renda - Retido na Fonte - Trabalho - Principal;Lançamento de Receita;8.460,76;500;Recursos não vinculados de Impostos;"Não ";Não Aplicável
Caaporã;201038;Prefeitura Municipal de Caaporã;082025;2025;11130311;Imposto sobre a Renda - Retido na Fonte - Trabalho - Principal;Lançamento de Receita;2.976,93;500;Recursos não vinculados de Impostos;1002;Identificação das despesas com ações e serviços públicos de saúde
Caaporã;201038;Prefeitura Municipal de Caaporã;072025;2025;11130311;Imposto sobre a Renda - Retido na Fonte - Trabalho - Principal;Lançamento de Receita;43.279,17;500;Recursos não vinculados de Impostos;1001;Identificação das despesas com manutenção e desenvolvimento do ensino
Caaporã;201038;Prefeitura Municipal de Caaporã;072025;2025;11130311;Imposto sobre a Renda - Retido na Fonte - Trabalho - Principal;Lançamento de Receita;86.558,33;500;Recursos não vinculados de Impostos;"Não ";Não Aplicável
Caaporã;201038;Prefeitura Municipal de Caaporã;072025;2025;11130311;Imposto sobre a Renda - Retido na Fonte - Trabalho - Principal;Lançamento de Receita;30.455,68;500;Recursos não vinculados de Impostos;1002;Identificação das despesas com ações e serviços públicos de saúde
Caaporã;201038;Prefeitura Municipal de Caaporã;062025;2025;11130311;Imposto sobre a Renda - Retido na Fonte - Trabalho - Principal;Lançamento de Receita;8.468,13;500;Recursos não vinculados de Impostos;"Não ";Não Aplicável
Caaporã;201038;Prefeitura Municipal de Caaporã;062025;2025;11130311;Imposto sobre a Renda - Retido na Fonte - Trabalho - Principal;Lançamento de Receita;2.979,53;500;Recursos não vinculados de Impostos;1002;Identificação das despesas com ações e serviços públicos de saúde
Caaporã;201038;Prefeitura Municipal de Caaporã;062025;2025;11130311;Imposto sobre a Renda - Retido na Fonte - Trabalho - Principal;Lançamento de Receita;4.234,07;500;Recursos não vinculados de Impostos;1001;Identificação das despesas com manutenção e desenvolvimento do ensino
Caaporã;201038;Prefeitura Municipal de Caaporã;052025;2025;11130311;Imposto sobre a Renda - Retido na Fonte - Trabalho - Principal;Lançamento de Receita;43.700,73;500;Recursos não vinculados de Impostos;1001;Identificação das despesas com manutenção e desenvolvimento do ensino
Caaporã;201038;Prefeitura Municipal de Caaporã;052025;2025;11130311;Imposto sobre a Renda - Retido na Fonte - Trabalho - Principal;Lançamento de Receita;87.401,45;500;Recursos não vinculados de Impostos;"Não ";Não Aplicável
Caaporã;201038;Prefeitura Municipal de Caaporã;052025;2025;11130311;Imposto sobre a Renda - Retido na Fonte - Trabalho - Principal;Lançamento de Receita;30.752,36;500;Recursos não vinculados de Impostos;1002;Identificação das despesas com ações e serviços públicos de saúde
Caaporã;201038;Prefeitura Municipal de Caaporã;042025;2025;11130311;Imposto sobre a Renda - Retido na Fonte - Trabalho - Principal;Lançamento de Receita;28.118,44;500;Recursos não vinculados de Impostos;1002;Identificação das despesas com ações e serviços públicos de saúde
Caaporã;201038;Prefeitura Municipal de Caaporã;042025;2025;11130311;Imposto sobre a Renda - Retido na Fonte - Trabalho - Principal;Lançamento de Receita;39.957,79;500;Recursos não vinculados de Impostos;1001;Identificação das despesas com manutenção e desenvolvimento do ensino
Caaporã;201038;Prefeitura Municipal de Caaporã;042025;2025;11130311;Imposto sobre a Renda - Retido na Fonte - Trabalho - Principal;Lançamento de Receita;79.915,57;500;Recursos não vinculados de Impostos;"Não ";Não Aplicável
Caaporã;201038;Prefeitura Municipal de Caaporã;032025;2025;11130311;Imposto sobre a Renda - Retido na Fonte - Trabalho - Principal;Lançamento de Receita;4.477,21;500;Recursos não vinculados de Impostos;1001;Identificação das despesas com manutenção e desenvolvimento do ensino
Caaporã;201038;Prefeitura Municipal de Caaporã;032025;2025;11130311;Imposto sobre a Renda - Retido na Fonte - Trabalho - Principal;Lançamento de Receita;8.954,42;500;Recursos não vinculados de Impostos;"Não ";Não Aplicável
Caaporã;201038;Prefeitura Municipal de Caaporã;032025;2025;11130311;Imposto sobre a Renda - Retido na Fonte - Trabalho - Principal;Lançamento de Receita;3.150,63;500;Recursos não vinculados de Impostos;1002;Identificação das despesas com ações e serviços públicos de saúde
Caaporã;201038;Prefeitura Municipal de Caaporã;022025;2025;11130311;Imposto sobre a Renda - Retido na Fonte - Trabalho - Principal;Lançamento de Receita;8.700,22;500;Recursos não vinculados de Impostos;1001;Identificação das despesas com manutenção e desenvolvimento do ensino
Caaporã;201038;Prefeitura Municipal de Caaporã;022025;2025;11130311;Imposto sobre a Renda - Retido na Fonte - Trabalho - Principal;Lançamento de Receita;17.400,45;500;Recursos não vinculados de Impostos;"Não ";Não Aplicável
Caaporã;201038;Prefeitura Municipal de Caaporã;022025;2025;11130311;Imposto sobre a Renda - Retido na Fonte - Trabalho - Principal;Lançamento de Receita;6.122,38;500;Recursos não vinculados de Impostos;1002;Identificação das despesas com ações e serviços públicos de saúde
Caaporã;201038;Prefeitura Municipal de Caaporã;122025;2025;11125301;"Impostos sobre Transmissão ""Inter Vivos"" de Bens Imóveis e de Direitos Reais sobre Imóveis - Principal";Lançamento de Receita;114;500;Recursos não vinculados de Impostos;1002;Identificação das despesas com ações e serviços públicos de saúde
Caaporã;201038;Prefeitura Municipal de Caaporã;122025;2025;11125301;"Impostos sobre Transmissão ""Inter Vivos"" de Bens Imóveis e de Direitos Reais sobre Imóveis - Principal";Lançamento de Receita;162;500;Recursos não vinculados de Impostos;1001;Identificação das despesas com manutenção e desenvolvimento do ensino
Caaporã;201038;Prefeitura Municipal de Caaporã;122025;2025;11125301;"Impostos sobre Transmissão ""Inter Vivos"" de Bens Imóveis e de Direitos Reais sobre Imóveis - Principal";Lançamento de Receita;324;500;Recursos não vinculados de Impostos;"Não ";Não Aplicável
Caaporã;201038;Prefeitura Municipal de Caaporã;112025;2025;11125301;"Impostos sobre Transmissão ""Inter Vivos"" de Bens Imóveis e de Direitos Reais sobre Imóveis - Principal";Lançamento de Receita;324;500;Recursos não vinculados de Impostos;1001;Identificação das despesas com manutenção e desenvolvimento do ensino
Caaporã;201038;Prefeitura Municipal de Caaporã;112025;2025;11125301;"Impostos sobre Transmissão ""Inter Vivos"" de Bens Imóveis e de Direitos Reais sobre Imóveis - Principal";Lançamento de Receita;228;500;Recursos não vinculados de Impostos;1002;Identificação das despesas com ações e serviços públicos de saúde
Caaporã;201038;Prefeitura Municipal de Caaporã;112025;2025;11125301;"Impostos sobre Transmissão ""Inter Vivos"" de Bens Imóveis e de Direitos Reais sobre Imóveis - Principal";Lançamento de Receita;648;500;Recursos não vinculados de Impostos;"Não ";Não Aplicável
Caaporã;201038;Prefeitura Municipal de Caaporã;102025;2025;11125301;"Impostos sobre Transmissão ""Inter Vivos"" de Bens Imóveis e de Direitos Reais sobre Imóveis - Principal";Lançamento de Receita;8.802,94;500;Recursos não vinculados de Impostos;"Não ";Não Aplicável
Caaporã;201038;Prefeitura Municipal de Caaporã;102025;2025;11125301;"Impostos sobre Transmissão ""Inter Vivos"" de Bens Imóveis e de Direitos Reais sobre Imóveis - Principal";Lançamento de Receita;3.097,32;500;Recursos não vinculados de Impostos;1002;Identificação das despesas com ações e serviços públicos de saúde
Caaporã;201038;Prefeitura Municipal de Caaporã;102025;2025;11125301;"Impostos sobre Transmissão ""Inter Vivos"" de Bens Imóveis e de Direitos Reais sobre Imóveis - Principal";Lançamento de Receita;4.401,47;500;Recursos não vinculados de Impostos;1001;Identificação das despesas com manutenção e desenvolvimento do ensino
Caaporã;201038;Prefeitura Municipal de Caaporã;092025;2025;11125301;"Impostos sobre Transmissão ""Inter Vivos"" de Bens Imóveis e de Direitos Reais sobre Imóveis - Principal";Lançamento de Receita;4.416,25;500;Recursos não vinculados de Impostos;"Não ";Não Aplicável
Caaporã;201038;Prefeitura Municipal de Caaporã;092025;2025;11125301;"Impostos sobre Transmissão ""Inter Vivos"" de Bens Imóveis e de Direitos Reais sobre Imóveis - Principal";Lançamento de Receita;1.553,85;500;Recursos não vinculados de Impostos;1002;Identificação das despesas com ações e serviços públicos de saúde
Caaporã;201038;Prefeitura Municipal de Caaporã;092025;2025;11125301;"Impostos sobre Transmissão ""Inter Vivos"" de Bens Imóveis e de Direitos Reais sobre Imóveis - Principal";Lançamento de Receita;2.208,13;500;Recursos não vinculados de Impostos;1001;Identificação das despesas com manutenção e desenvolvimento do ensino
Caaporã;201038;Prefeitura Municipal de Caaporã;082025;2025;11125301;"Impostos sobre Transmissão ""Inter Vivos"" de Bens Imóveis e de Direitos Reais sobre Imóveis - Principal";Lançamento de Receita;5.832;500;Recursos não vinculados de Impostos;1001;Identificação das despesas com manutenção e desenvolvimento do ensino
Caaporã;201038;Prefeitura Municipal de Caaporã;082025;2025;11125301;"Impostos sobre Transmissão ""Inter Vivos"" de Bens Imóveis e de Direitos Reais sobre Imóveis - Principal";Lançamento de Receita;4.104;500;Recursos não vinculados de Impostos;1002;Identificação das despesas com ações e serviços públicos de saúde
Caaporã;201038;Prefeitura Municipal de Caaporã;082025;2025;11125301;"Impostos sobre Transmissão ""Inter Vivos"" de Bens Imóveis e de Direitos Reais sobre Imóveis - Principal";Lançamento de Receita;11.664;500;Recursos não vinculados de Impostos;"Não ";Não Aplicável
Caaporã;201038;Prefeitura Municipal de Caaporã;072025;2025;11125301;"Impostos sobre Transmissão ""Inter Vivos"" de Bens Imóveis e de Direitos Reais sobre Imóveis - Principal";Lançamento de Receita;7.371;500;Recursos não vinculados de Impostos;"Não ";Não Aplicável
Caaporã;201038;Prefeitura Municipal de Caaporã;072025;2025;11125301;"Impostos sobre Transmissão ""Inter Vivos"" de Bens Imóveis e de Direitos Reais sobre Imóveis - Principal";Lançamento de Receita;3.685,5;500;Recursos não vinculados de Impostos;1001;Identificação das despesas com manutenção e desenvolvimento do ensino
Caaporã;201038;Prefeitura Municipal de Caaporã;072025;2025;11125301;"Impostos sobre Transmissão ""Inter Vivos"" de Bens Imóveis e de Direitos Reais sobre Imóveis - Principal";Lançamento de Receita;2.593,5;500;Recursos não vinculados de Impostos;1002;Identificação das despesas com ações e serviços públicos de saúde
Caaporã;201038;Prefeitura Municipal de Caaporã;052025;2025;11125301;"Impostos sobre Transmissão ""Inter Vivos"" de Bens Imóveis e de Direitos Reais sobre Imóveis - Principal";Lançamento de Receita;3.674,34;500;Recursos não vinculados de Impostos;"Não ";Não Aplicável
Caaporã;201038;Prefeitura Municipal de Caaporã;052025;2025;11125301;"Impostos sobre Transmissão ""Inter Vivos"" de Bens Imóveis e de Direitos Reais sobre Imóveis - Principal";Lançamento de Receita;1.837,17;500;Recursos não vinculados de Impostos;1001;Identificação das despesas com manutenção e desenvolvimento do ensino
Caaporã;201038;Prefeitura Municipal de Caaporã;052025;2025;11125301;"Impostos sobre Transmissão ""Inter Vivos"" de Bens Imóveis e de Direitos Reais sobre Imóveis - Principal";Lançamento de Receita;1.292,83;500;Recursos não vinculados de Impostos;1002;Identificação das despesas com ações e serviços públicos de saúde
Caaporã;201038;Prefeitura Municipal de Caaporã;042025;2025;11125301;"Impostos sobre Transmissão ""Inter Vivos"" de Bens Imóveis e de Direitos Reais sobre Imóveis - Principal";Lançamento de Receita;1.280,9;500;Recursos não vinculados de Impostos;1001;Identificação das despesas com manutenção e desenvolvimento do ensino
Caaporã;201038;Prefeitura Municipal de Caaporã;042025;2025;11125301;"Impostos sobre Transmissão ""Inter Vivos"" de Bens Imóveis e de Direitos Reais sobre Imóveis - Principal";Lançamento de Receita;901,38;500;Recursos não vinculados de Impostos;1002;Identificação das despesas com ações e serviços públicos de saúde
Caaporã;201038;Prefeitura Municipal de Caaporã;042025;2025;11125301;"Impostos sobre Transmissão ""Inter Vivos"" de Bens Imóveis e de Direitos Reais sobre Imóveis - Principal";Lançamento de Receita;2.561,81;500;Recursos não vinculados de Impostos;"Não ";Não Aplicável
Caaporã;201038;Prefeitura Municipal de Caaporã;032025;2025;11125301;"Impostos sobre Transmissão ""Inter Vivos"" de Bens Imóveis e de Direitos Reais sobre Imóveis - Principal";Lançamento de Receita;456;500;Recursos não vinculados de Impostos;1002;Identificação das despesas com ações e serviços públicos de saúde
Caaporã;201038;Prefeitura Municipal de Caaporã;032025;2025;11125301;"Impostos sobre Transmissão ""Inter Vivos"" de Bens Imóveis e de Direitos Reais sobre Imóveis - Principal";Lançamento de Receita;648;500;Recursos não vinculados de Impostos;1001;Identificação das despesas com manutenção e desenvolvimento do ensino
Caaporã;201038;Prefeitura Municipal de Caaporã;032025;2025;11125301;"Impostos sobre Transmissão ""Inter Vivos"" de Bens Imóveis e de Direitos Reais sobre Imóveis - Principal";Lançamento de Receita;1.296;500;Recursos não vinculados de Impostos;"Não ";Não Aplicável
Caaporã;201038;Prefeitura Municipal de Caaporã;022025;2025;11125301;"Impostos sobre Transmissão ""Inter Vivos"" de Bens Imóveis e de Direitos Reais sobre Imóveis - Principal";Lançamento de Receita;4.590,96;500;Recursos não vinculados de Impostos;"Não ";Não Aplicável
Caaporã;201038;Prefeitura Municipal de Caaporã;022025;2025;11125301;"Impostos sobre Transmissão ""Inter Vivos"" de Bens Imóveis e de Direitos Reais sobre Imóveis - Principal";Lançamento de Receita;1.615,33;500;Recursos não vinculados de Impostos;1002;Identificação das despesas com ações e serviços públicos de saúde
Caaporã;201038;Prefeitura Municipal de Caaporã;022025;2025;11125301;"Impostos sobre Transmissão ""Inter Vivos"" de Bens Imóveis e de Direitos Reais sobre Imóveis - Principal";Lançamento de Receita;2.295,48;500;Recursos não vinculados de Impostos;1001;Identificação das despesas com manutenção e desenvolvimento do ensino
Caaporã;201038;Prefeitura Municipal de Caaporã;122025;2025;11125001;Imposto sobre a Propriedade Predial e Territorial Urbana - Principal;Lançamento de Receita;1.228,94;500;Recursos não vinculados de Impostos;1001;Identificação das despesas com manutenção e desenvolvimento do ensino
Caaporã;201038;Prefeitura Municipal de Caaporã;122025;2025;11125001;Imposto sobre a Propriedade Predial e Territorial Urbana - Principal;Lançamento de Receita;2.457,87;500;Recursos não vinculados de Impostos;"Não ";Não Aplicável
Caaporã;201038;Prefeitura Municipal de Caaporã;122025;2025;11125001;Imposto sobre a Propriedade Predial e Territorial Urbana - Principal;Lançamento de Receita;864,78;500;Recursos não vinculados de Impostos;1002;Identificação das despesas com ações e serviços públicos de saúde
Caaporã;201038;Prefeitura Municipal de Caaporã;112025;2025;11125001;Imposto sobre a Propriedade Predial e Territorial Urbana - Principal;Lançamento de Receita;3.307,48;500;Recursos não vinculados de Impostos;1002;Identificação das despesas com ações e serviços públicos de saúde
Caaporã;201038;Prefeitura Municipal de Caaporã;112025;2025;11125001;Imposto sobre a Propriedade Predial e Territorial Urbana - Principal;Lançamento de Receita;9.400,24;500;Recursos não vinculados de Impostos;"Não ";Não Aplicável
Caaporã;201038;Prefeitura Municipal de Caaporã;112025;2025;11125001;Imposto sobre a Propriedade Predial e Territorial Urbana - Principal;Lançamento de Receita;4.700,1;500;Recursos não vinculados de Impostos;1001;Identificação das despesas com manutenção e desenvolvimento do ensino
Caaporã;201038;Prefeitura Municipal de Caaporã;102025;2025;11125001;Imposto sobre a Propriedade Predial e Territorial Urbana - Principal;Lançamento de Receita;4.685,65;500;Recursos não vinculados de Impostos;"Não ";Não Aplicável
Caaporã;201038;Prefeitura Municipal de Caaporã;102025;2025;11125001;Imposto sobre a Propriedade Predial e Territorial Urbana - Principal;Lançamento de Receita;2.342,83;500;Recursos não vinculados de Impostos;1001;Identificação das despesas com manutenção e desenvolvimento do ensino
Caaporã;201038;Prefeitura Municipal de Caaporã;102025;2025;11125001;Imposto sobre a Propriedade Predial e Territorial Urbana - Principal;Lançamento de Receita;1.648,67;500;Recursos não vinculados de Impostos;1002;Identificação das despesas com ações e serviços públicos de saúde
Caaporã;201038;Prefeitura Municipal de Caaporã;092025;2025;11125001;Imposto sobre a Propriedade Predial e Territorial Urbana - Principal;Lançamento de Receita;1.558,5;500;Recursos não vinculados de Impostos;1002;Identificação das despesas com ações e serviços públicos de saúde
Caaporã;201038;Prefeitura Municipal de Caaporã;092025;2025;11125001;Imposto sobre a Propriedade Predial e Territorial Urbana - Principal;Lançamento de Receita;4.429,45;500;Recursos não vinculados de Impostos;"Não ";Não Aplicável
Caaporã;201038;Prefeitura Municipal de Caaporã;092025;2025;11125001;Imposto sobre a Propriedade Predial e Territorial Urbana - Principal;Lançamento de Receita;2.214,73;500;Recursos não vinculados de Impostos;1001;Identificação das despesas com manutenção e desenvolvimento do ensino
Caaporã;201038;Prefeitura Municipal de Caaporã;082025;2025;11125001;Imposto sobre a Propriedade Predial e Territorial Urbana - Principal;Lançamento de Receita;17.583,1;500;Recursos não vinculados de Impostos;"Não ";Não Aplicável
Caaporã;201038;Prefeitura Municipal de Caaporã;082025;2025;11125001;Imposto sobre a Propriedade Predial e Territorial Urbana - Principal;Lançamento de Receita;8.791,52;500;Recursos não vinculados de Impostos;1001;Identificação das despesas com manutenção e desenvolvimento do ensino
Caaporã;201038;Prefeitura Municipal de Caaporã;082025;2025;11125001;Imposto sobre a Propriedade Predial e Territorial Urbana - Principal;Lançamento de Receita;6.186,62;500;Recursos não vinculados de Impostos;1002;Identificação das despesas com ações e serviços públicos de saúde
Caaporã;201038;Prefeitura Municipal de Caaporã;072025;2025;11125001;Imposto sobre a Propriedade Predial e Territorial Urbana - Principal;Lançamento de Receita;8.219,71;500;Recursos não vinculados de Impostos;1001;Identificação das despesas com manutenção e desenvolvimento do ensino
Caaporã;201038;Prefeitura Municipal de Caaporã;072025;2025;11125001;Imposto sobre a Propriedade Predial e Territorial Urbana - Principal;Lançamento de Receita;5.820;500;Recursos não vinculados de Impostos;1002;Identificação das despesas com ações e serviços públicos de saúde
Caaporã;201038;Prefeitura Municipal de Caaporã;072025;2025;11125001;Imposto sobre a Propriedade Predial e Territorial Urbana - Principal;Lançamento de Receita;15.956,39;500;Recursos não vinculados de Impostos;"Não ";Não Aplicável
Caaporã;201038;Prefeitura Municipal de Caaporã;062025;2025;11125001;Imposto sobre a Propriedade Predial e Territorial Urbana - Principal;Lançamento de Receita;3.207,96;500;Recursos não vinculados de Impostos;1002;Identificação das despesas com ações e serviços públicos de saúde
Caaporã;201038;Prefeitura Municipal de Caaporã;062025;2025;11125001;Imposto sobre a Propriedade Predial e Territorial Urbana - Principal;Lançamento de Receita;9.042,58;500;Recursos não vinculados de Impostos;"Não ";Não Aplicável
Caaporã;201038;Prefeitura Municipal de Caaporã;062025;2025;11125001;Imposto sobre a Propriedade Predial e Territorial Urbana - Principal;Lançamento de Receita;4.552,2;500;Recursos não vinculados de Impostos;1001;Identificação das despesas com manutenção e desenvolvimento do ensino
Caaporã;201038;Prefeitura Municipal de Caaporã;052025;2025;11125001;Imposto sobre a Propriedade Predial e Territorial Urbana - Principal;Lançamento de Receita;4.013,85;500;Recursos não vinculados de Impostos;"Não ";Não Aplicável
Caaporã;201038;Prefeitura Municipal de Caaporã;052025;2025;11125001;Imposto sobre a Propriedade Predial e Territorial Urbana - Principal;Lançamento de Receita;2.006,92;500;Recursos não vinculados de Impostos;1001;Identificação das despesas com manutenção e desenvolvimento do ensino
Caaporã;201038;Prefeitura Municipal de Caaporã;052025;2025;11125001;Imposto sobre a Propriedade Predial e Territorial Urbana - Principal;Lançamento de Receita;1.412,27;500;Recursos não vinculados de Impostos;1002;Identificação das despesas com ações e serviços públicos de saúde
Caaporã;201038;Prefeitura Municipal de Caaporã;042025;2025;11125001;Imposto sobre a Propriedade Predial e Territorial Urbana - Principal;Lançamento de Receita;2.528,81;500;Recursos não vinculados de Impostos;1001;Identificação das despesas com manutenção e desenvolvimento do ensino
Caaporã;201038;Prefeitura Municipal de Caaporã;042025;2025;11125001;Imposto sobre a Propriedade Predial e Territorial Urbana - Principal;Lançamento de Receita;5.057,63;500;Recursos não vinculados de Impostos;"Não ";Não Aplicável
Caaporã;201038;Prefeitura Municipal de Caaporã;042025;2025;11125001;Imposto sobre a Propriedade Predial e Territorial Urbana - Principal;Lançamento de Receita;1.779,54;500;Recursos não vinculados de Impostos;1002;Identificação das despesas com ações e serviços públicos de saúde
Caaporã;201038;Prefeitura Municipal de Caaporã;032025;2025;11125001;Imposto sobre a Propriedade Predial e Territorial Urbana - Principal;Lançamento de Receita;2.297,66;500;Recursos não vinculados de Impostos;"Não ";Não Aplicável
Caaporã;201038;Prefeitura Municipal de Caaporã;032025;2025;11125001;Imposto sobre a Propriedade Predial e Territorial Urbana - Principal;Lançamento de Receita;1.148,84;500;Recursos não vinculados de Impostos;1001;Identificação das despesas com manutenção e desenvolvimento do ensino
Caaporã;201038;Prefeitura Municipal de Caaporã;032025;2025;11125001;Imposto sobre a Propriedade Predial e Territorial Urbana - Principal;Lançamento de Receita;808,45;500;Recursos não vinculados de Impostos;1002;Identificação das despesas com ações e serviços públicos de saúde
Caaporã;201038;Prefeitura Municipal de Caaporã;022025;2025;11125001;Imposto sobre a Propriedade Predial e Territorial Urbana - Principal;Lançamento de Receita;592,3;500;Recursos não vinculados de Impostos;1002;Identificação das despesas com ações e serviços públicos de saúde
Caaporã;201038;Prefeitura Municipal de Caaporã;022025;2025;11125001;Imposto sobre a Propriedade Predial e Territorial Urbana - Principal;Lançamento de Receita;841,68;500;Recursos não vinculados de Impostos;1001;Identificação das despesas com manutenção e desenvolvimento do ensino
Caaporã;201038;Prefeitura Municipal de Caaporã;022025;2025;11125001;Imposto sobre a Propriedade Predial e Territorial Urbana - Principal;Lançamento de Receita;1.683,38;500;Recursos não vinculados de Impostos;"Não ";Não Aplicável
Caaporã;301038;Instituto de Prev. Social dos Servidores de Caaporã;122025;2025;72155111;Contribuição Patronal - Servidor Civil Ativo - Parcelamentos - Principal;Lançamento de Receita;641,87;800;Recursos vinculados ao RPPS - Fundo em Capitalização (Plano Previdenciário);1111;Benefícios previdenciários - Poder Executivo – Fundo em Capitalização (Plano Previdenciário)
Caaporã;301038;Instituto de Prev. Social dos Servidores de Caaporã;122025;2025;72155111;Contribuição Patronal - Servidor Civil Ativo - Parcelamentos - Principal;Lançamento de Receita;66,36;802;Recursos vinculados ao RPPS - Taxa de Administração;"Não ";Não Aplicável
Caaporã;301038;Instituto de Prev. Social dos Servidores de Caaporã;112025;2025;72155111;Contribuição Patronal - Servidor Civil Ativo - Parcelamentos - Principal;Lançamento de Receita;66,36;802;Recursos vinculados ao RPPS - Taxa de Administração;"Não ";Não Aplicável
Caaporã;301038;Instituto de Prev. Social dos Servidores de Caaporã;112025;2025;72155111;Contribuição Patronal - Servidor Civil Ativo - Parcelamentos - Principal;Lançamento de Receita;641,87;800;Recursos vinculados ao RPPS - Fundo em Capitalização (Plano Previdenciário);1111;Benefícios previdenciários - Poder Executivo – Fundo em Capitalização (Plano Previdenciário)
Caaporã;301038;Instituto de Prev. Social dos Servidores de Caaporã;102025;2025;72155111;Contribuição Patronal - Servidor Civil Ativo - Parcelamentos - Principal;Lançamento de Receita;-11.710,26;802;Recursos vinculados ao RPPS - Taxa de Administração;"Não ";Não Aplicável
Caaporã;301038;Instituto de Prev. Social dos Servidores de Caaporã;102025;2025;72155111;Contribuição Patronal - Servidor Civil Ativo - Parcelamentos - Principal;Lançamento de Receita;-113.265,87;800;Recursos vinculados ao RPPS - Fundo em Capitalização (Plano Previdenciário);1111;Benefícios previdenciários - Poder Executivo – Fundo em Capitalização (Plano Previdenciário)
Caaporã;301038;Instituto de Prev. Social dos Servidores de Caaporã;092025;2025;72155111;Contribuição Patronal - Servidor Civil Ativo - Parcelamentos - Principal;Lançamento de Receita;708.075,39;800;Recursos vinculados ao RPPS - Fundo em Capitalização (Plano Previdenciário);1111;Benefícios previdenciários - Poder Executivo – Fundo em Capitalização (Plano Previdenciário)
Caaporã;301038;Instituto de Prev. Social dos Servidores de Caaporã;092025;2025;72155111;Contribuição Patronal - Servidor Civil Ativo - Parcelamentos - Principal;Lançamento de Receita;73.206,07;802;Recursos vinculados ao RPPS - Taxa de Administração;"Não ";Não Aplicável
Caaporã;301038;Instituto de Prev. Social dos Servidores de Caaporã;082025;2025;72155111;Contribuição Patronal - Servidor Civil Ativo - Parcelamentos - Principal;Lançamento de Receita;293.326,76;800;Recursos vinculados ao RPPS - Fundo em Capitalização (Plano Previdenciário);1111;Benefícios previdenciários - Poder Executivo – Fundo em Capitalização (Plano Previdenciário)
Caaporã;301038;Instituto de Prev. Social dos Servidores de Caaporã;082025;2025;72155111;Contribuição Patronal - Servidor Civil Ativo - Parcelamentos - Principal;Lançamento de Receita;30.326,29;802;Recursos vinculados ao RPPS - Taxa de Administração;"Não ";Não Aplicável
Caaporã;301038;Instituto de Prev. Social dos Servidores de Caaporã;072025;2025;72155111;Contribuição Patronal - Servidor Civil Ativo - Parcelamentos - Principal;Lançamento de Receita;547.664,67;800;Recursos vinculados ao RPPS - Fundo em Capitalização (Plano Previdenciário);1111;Benefícios previdenciários - Poder Executivo – Fundo em Capitalização (Plano Previdenciário)
Caaporã;301038;Instituto de Prev. Social dos Servidores de Caaporã;072025;2025;72155111;Contribuição Patronal - Servidor Civil Ativo - Parcelamentos - Principal;Lançamento de Receita;56.621,62;802;Recursos vinculados ao RPPS - Taxa de Administração;"Não ";Não Aplicável
Caaporã;301038;Instituto de Prev. Social dos Servidores de Caaporã;062025;2025;72155111;Contribuição Patronal - Servidor Civil Ativo - Parcelamentos - Principal;Lançamento de Receita;76.328,73;800;Recursos vinculados ao RPPS - Fundo em Capitalização (Plano Previdenciário);1111;Benefícios previdenciários - Poder Executivo – Fundo em Capitalização (Plano Previdenciário)
Caaporã;301038;Instituto de Prev. Social dos Servidores de Caaporã;062025;2025;72155111;Contribuição Patronal - Servidor Civil Ativo - Parcelamentos - Principal;Lançamento de Receita;7.891,42;802;Recursos vinculados ao RPPS - Taxa de Administração;"Não ";Não Aplicável
Caaporã;301038;Instituto de Prev. Social dos Servidores de Caaporã;052025;2025;72155111;Contribuição Patronal - Servidor Civil Ativo - Parcelamentos - Principal;Lançamento de Receita;577.615,1;800;Recursos vinculados ao RPPS - Fundo em Capitalização (Plano Previdenciário);1111;Benefícios previdenciários - Poder Executivo – Fundo em Capitalização (Plano Previdenciário)
Caaporã;301038;Instituto de Prev. Social dos Servidores de Caaporã;052025;2025;72155111;Contribuição Patronal - Servidor Civil Ativo - Parcelamentos - Principal;Lançamento de Receita;59.718,1;802;Recursos vinculados ao RPPS - Taxa de Administração;"Não ";Não Aplicável
Caaporã;301038;Instituto de Prev. Social dos Servidores de Caaporã;042025;2025;72155111;Contribuição Patronal - Servidor Civil Ativo - Parcelamentos - Principal;Lançamento de Receita;58.657,19;802;Recursos vinculados ao RPPS - Taxa de Administração;"Não ";Não Aplicável
Caaporã;301038;Instituto de Prev. Social dos Servidores de Caaporã;042025;2025;72155111;Contribuição Patronal - Servidor Civil Ativo - Parcelamentos - Principal;Lançamento de Receita;567.353,29;800;Recursos vinculados ao RPPS - Fundo em Capitalização (Plano Previdenciário);1111;Benefícios previdenciários - Poder Executivo – Fundo em Capitalização (Plano Previdenciário)
Caaporã;301038;Instituto de Prev. Social dos Servidores de Caaporã;032025;2025;72155111;Contribuição Patronal - Servidor Civil Ativo - Parcelamentos - Principal;Lançamento de Receita;452.293,91;800;Recursos vinculados ao RPPS - Fundo em Capitalização (Plano Previdenciário);1111;Benefícios previdenciários - Poder Executivo – Fundo em Capitalização (Plano Previdenciário)
Caaporã;301038;Instituto de Prev. Social dos Servidores de Caaporã;032025;2025;72155111;Contribuição Patronal - Servidor Civil Ativo - Parcelamentos - Principal;Lançamento de Receita;46.761,49;802;Recursos vinculados ao RPPS - Taxa de Administração;"Não ";Não Aplicável
Caaporã;301038;Instituto de Prev. Social dos Servidores de Caaporã;022025;2025;72155111;Contribuição Patronal - Servidor Civil Ativo - Parcelamentos - Principal;Lançamento de Receita;458.450,79;800;Recursos vinculados ao RPPS - Fundo em Capitalização (Plano Previdenciário);1111;Benefícios previdenciários - Poder Executivo – Fundo em Capitalização (Plano Previdenciário)
Caaporã;301038;Instituto de Prev. Social dos Servidores de Caaporã;022025;2025;72155111;Contribuição Patronal - Servidor Civil Ativo - Parcelamentos - Principal;Lançamento de Receita;47.398,02;802;Recursos vinculados ao RPPS - Taxa de Administração;"Não ";Não Aplicável
Caaporã;301038;Instituto de Prev. Social dos Servidores de Caaporã;012025;2025;72155111;Contribuição Patronal - Servidor Civil Ativo - Parcelamentos - Principal;Lançamento de Receita;52.344,45;802;Recursos vinculados ao RPPS - Taxa de Administração;"Não ";Não Aplicável
Caaporã;301038;Instituto de Prev. Social dos Servidores de Caaporã;012025;2025;72155111;Contribuição Patronal - Servidor Civil Ativo - Parcelamentos - Principal;Lançamento de Receita;506.294,25;800;Recursos vinculados ao RPPS - Fundo em Capitalização (Plano Previdenciário);1111;Benefícios previdenciários - Poder Executivo – Fundo em Capitalização (Plano Previdenciário)
Caaporã;301038;Instituto de Prev. Social dos Servidores de Caaporã;122025;2025;72150211;Contribuição Patronal - Servidor Civil Ativo - Principal;Lançamento de Receita;1.234.259,78;800;Recursos vinculados ao RPPS - Fundo em Capitalização (Plano Previdenciário);1111;Benefícios previdenciários - Poder Executivo – Fundo em Capitalização (Plano Previdenciário)
Caaporã;301038;Instituto de Prev. Social dos Servidores de Caaporã;122025;2025;72150211;Contribuição Patronal - Servidor Civil Ativo - Principal;Lançamento de Receita;127.606,92;802;Recursos vinculados ao RPPS - Taxa de Administração;"Não ";Não Aplicável
Caaporã;301038;Instituto de Prev. Social dos Servidores de Caaporã;112025;2025;72150211;Contribuição Patronal - Servidor Civil Ativo - Principal;Lançamento de Receita;78.775,74;802;Recursos vinculados ao RPPS - Taxa de Administração;"Não ";Não Aplicável
Caaporã;301038;Instituto de Prev. Social dos Servidores de Caaporã;112025;2025;72150211;Contribuição Patronal - Servidor Civil Ativo - Principal;Lançamento de Receita;761.947,32;800;Recursos vinculados ao RPPS - Fundo em Capitalização (Plano Previdenciário);1111;Benefícios previdenciários - Poder Executivo – Fundo em Capitalização (Plano Previdenciário)
Caaporã;301038;Instituto de Prev. Social dos Servidores de Caaporã;102025;2025;72150211;Contribuição Patronal - Servidor Civil Ativo - Principal;Lançamento de Receita;18.082,65;802;Recursos vinculados ao RPPS - Taxa de Administração;"Não ";Não Aplicável
Caaporã;301038;Instituto de Prev. Social dos Servidores de Caaporã;102025;2025;72150211;Contribuição Patronal - Servidor Civil Ativo - Principal;Lançamento de Receita;174.901,97;800;Recursos vinculados ao RPPS - Fundo em Capitalização (Plano Previdenciário);1111;Benefícios previdenciários - Poder Executivo – Fundo em Capitalização (Plano Previdenciário)
Caaporã;301038;Instituto de Prev. Social dos Servidores de Caaporã;092025;2025;72150211;Contribuição Patronal - Servidor Civil Ativo - Principal;Lançamento de Receita;47.220,62;802;Recursos vinculados ao RPPS - Taxa de Administração;"Não ";Não Aplicável
Caaporã;301038;Instituto de Prev. Social dos Servidores de Caaporã;092025;2025;72150211;Contribuição Patronal - Servidor Civil Ativo - Principal;Lançamento de Receita;456.734,82;800;Recursos vinculados ao RPPS - Fundo em Capitalização (Plano Previdenciário);1111;Benefícios previdenciários - Poder Executivo – Fundo em Capitalização (Plano Previdenciário)
Caaporã;301038;Instituto de Prev. Social dos Servidores de Caaporã;082025;2025;72150211;Contribuição Patronal - Servidor Civil Ativo - Principal;Lançamento de Receita;468.491,86;800;Recursos vinculados ao RPPS - Fundo em Capitalização (Plano Previdenciário);1111;Benefícios previdenciários - Poder Executivo – Fundo em Capitalização (Plano Previdenciário)
Caaporã;301038;Instituto de Prev. Social dos Servidores de Caaporã;082025;2025;72150211;Contribuição Patronal - Servidor Civil Ativo - Principal;Lançamento de Receita;48.436,18;802;Recursos vinculados ao RPPS - Taxa de Administração;"Não ";Não Aplicável
Caaporã;301038;Instituto de Prev. Social dos Servidores de Caaporã;072025;2025;72150211;Contribuição Patronal - Servidor Civil Ativo - Principal;Lançamento de Receita;507.579,19;800;Recursos vinculados ao RPPS - Fundo em Capitalização (Plano Previdenciário);1111;Benefícios previdenciários - Poder Executivo – Fundo em Capitalização (Plano Previdenciário)
Caaporã;301038;Instituto de Prev. Social dos Servidores de Caaporã;072025;2025;72150211;Contribuição Patronal - Servidor Civil Ativo - Principal;Lançamento de Receita;52.477,29;802;Recursos vinculados ao RPPS - Taxa de Administração;"Não ";Não Aplicável
Caaporã;301038;Instituto de Prev. Social dos Servidores de Caaporã;062025;2025;72150211;Contribuição Patronal - Servidor Civil Ativo - Principal;Lançamento de Receita;470.142,54;800;Recursos vinculados ao RPPS - Fundo em Capitalização (Plano Previdenciário);1111;Benefícios previdenciários - Poder Executivo – Fundo em Capitalização (Plano Previdenciário)
Caaporã;301038;Instituto de Prev. Social dos Servidores de Caaporã;062025;2025;72150211;Contribuição Patronal - Servidor Civil Ativo - Principal;Lançamento de Receita;48.606,81;802;Recursos vinculados ao RPPS - Taxa de Administração;"Não ";Não Aplicável
Caaporã;301038;Instituto de Prev. Social dos Servidores de Caaporã;052025;2025;72150211;Contribuição Patronal - Servidor Civil Ativo - Principal;Lançamento de Receita;48.585,46;802;Recursos vinculados ao RPPS - Taxa de Administração;"Não ";Não Aplicável
Caaporã;301038;Instituto de Prev. Social dos Servidores de Caaporã;052025;2025;72150211;Contribuição Patronal - Servidor Civil Ativo - Principal;Lançamento de Receita;469.936,12;800;Recursos vinculados ao RPPS - Fundo em Capitalização (Plano Previdenciário);1111;Benefícios previdenciários - Poder Executivo – Fundo em Capitalização (Plano Previdenciário)
Caaporã;301038;Instituto de Prev. Social dos Servidores de Caaporã;042025;2025;72150211;Contribuição Patronal - Servidor Civil Ativo - Principal;Lançamento de Receita;47.609,17;802;Recursos vinculados ao RPPS - Taxa de Administração;"Não ";Não Aplicável
Caaporã;301038;Instituto de Prev. Social dos Servidores de Caaporã;042025;2025;72150211;Contribuição Patronal - Servidor Civil Ativo - Principal;Lançamento de Receita;460.492,8;800;Recursos vinculados ao RPPS - Fundo em Capitalização (Plano Previdenciário);1111;Benefícios previdenciários - Poder Executivo – Fundo em Capitalização (Plano Previdenciário)
Caaporã;301038;Instituto de Prev. Social dos Servidores de Caaporã;032025;2025;72150211;Contribuição Patronal - Servidor Civil Ativo - Principal;Lançamento de Receita;48.136,55;802;Recursos vinculados ao RPPS - Taxa de Administração;"Não ";Não Aplicável
Caaporã;301038;Instituto de Prev. Social dos Servidores de Caaporã;032025;2025;72150211;Contribuição Patronal - Servidor Civil Ativo - Principal;Lançamento de Receita;465.593,95;800;Recursos vinculados ao RPPS - Fundo em Capitalização (Plano Previdenciário);1111;Benefícios previdenciários - Poder Executivo – Fundo em Capitalização (Plano Previdenciário)
Caaporã;301038;Instituto de Prev. Social dos Servidores de Caaporã;022025;2025;72150211;Contribuição Patronal - Servidor Civil Ativo - Principal;Lançamento de Receita;47.773,76;802;Recursos vinculados ao RPPS - Taxa de Administração;"Não ";Não Aplicável
Caaporã;301038;Instituto de Prev. Social dos Servidores de Caaporã;022025;2025;72150211;Contribuição Patronal - Servidor Civil Ativo - Principal;Lançamento de Receita;462.084,95;800;Recursos vinculados ao RPPS - Fundo em Capitalização (Plano Previdenciário);1111;Benefícios previdenciários - Poder Executivo – Fundo em Capitalização (Plano Previdenciário)
Caaporã;301038;Instituto de Prev. Social dos Servidores de Caaporã;012025;2025;72150211;Contribuição Patronal - Servidor Civil Ativo - Principal;Lançamento de Receita;46.890,74;802;Recursos vinculados ao RPPS - Taxa de Administração;"Não ";Não Aplicável
Caaporã;301038;Instituto de Prev. Social dos Servidores de Caaporã;012025;2025;72150211;Contribuição Patronal - Servidor Civil Ativo - Principal;Lançamento de Receita;453.544,08;800;Recursos vinculados ao RPPS - Fundo em Capitalização (Plano Previdenciário);1111;Benefícios previdenciários - Poder Executivo – Fundo em Capitalização (Plano Previdenciário)
Caaporã;301038;Instituto de Prev. Social dos Servidores de Caaporã;122025;2025;19990301;Compensações Financeiras entre os Regimes de Previdência - Principal;Lançamento de Receita;22.881,12;802;Recursos vinculados ao RPPS - Taxa de Administração;"Não ";Não Aplicável
Caaporã;301038;Instituto de Prev. Social dos Servidores de Caaporã;122025;2025;19990301;Compensações Financeiras entre os Regimes de Previdência - Principal;Lançamento de Receita;221.314,44;800;Recursos vinculados ao RPPS - Fundo em Capitalização (Plano Previdenciário);1111;Benefícios previdenciários - Poder Executivo – Fundo em Capitalização (Plano Previdenciário)
Caaporã;301038;Instituto de Prev. Social dos Servidores de Caaporã;112025;2025;19990301;Compensações Financeiras entre os Regimes de Previdência - Principal;Lançamento de Receita;18.789,78;802;Recursos vinculados ao RPPS - Taxa de Administração;"Não ";Não Aplicável
Caaporã;301038;Instituto de Prev. Social dos Servidores de Caaporã;112025;2025;19990301;Compensações Financeiras entre os Regimes de Previdência - Principal;Lançamento de Receita;181.741,5;800;Recursos vinculados ao RPPS - Fundo em Capitalização (Plano Previdenciário);1111;Benefícios previdenciários - Poder Executivo – Fundo em Capitalização (Plano Previdenciário)
Caaporã;301038;Instituto de Prev. Social dos Servidores de Caaporã;102025;2025;19990301;Compensações Financeiras entre os Regimes de Previdência - Principal;Lançamento de Receita;9.594,64;802;Recursos vinculados ao RPPS - Taxa de Administração;"Não ";Não Aplicável
Caaporã;301038;Instituto de Prev. Social dos Servidores de Caaporã;102025;2025;19990301;Compensações Financeiras entre os Regimes de Previdência - Principal;Lançamento de Receita;92.802,78;800;Recursos vinculados ao RPPS - Fundo em Capitalização (Plano Previdenciário);1111;Benefícios previdenciários - Poder Executivo – Fundo em Capitalização (Plano Previdenciário)
Caaporã;301038;Instituto de Prev. Social dos Servidores de Caaporã;052025;2025;19990301;Compensações Financeiras entre os Regimes de Previdência - Principal;Lançamento de Receita;9.648,26;802;Recursos vinculados ao RPPS - Taxa de Administração;"Não ";Não Aplicável
Caaporã;301038;Instituto de Prev. Social dos Servidores de Caaporã;052025;2025;19990301;Compensações Financeiras entre os Regimes de Previdência - Principal;Lançamento de Receita;93.321,4;800;Recursos vinculados ao RPPS - Fundo em Capitalização (Plano Previdenciário);1111;Benefícios previdenciários - Poder Executivo – Fundo em Capitalização (Plano Previdenciário)
Caaporã;301038;Instituto de Prev. Social dos Servidores de Caaporã;042025;2025;19990301;Compensações Financeiras entre os Regimes de Previdência - Principal;Lançamento de Receita;117.624,68;800;Recursos vinculados ao RPPS - Fundo em Capitalização (Plano Previdenciário);1111;Benefícios previdenciários - Poder Executivo – Fundo em Capitalização (Plano Previdenciário)
Caaporã;301038;Instituto de Prev. Social dos Servidores de Caaporã;042025;2025;19990301;Compensações Financeiras entre os Regimes de Previdência - Principal;Lançamento de Receita;12.160,91;802;Recursos vinculados ao RPPS - Taxa de Administração;"Não ";Não Aplicável
Caaporã;301038;Instituto de Prev. Social dos Servidores de Caaporã;032025;2025;19990301;Compensações Financeiras entre os Regimes de Previdência - Principal;Lançamento de Receita;9.530,2;802;Recursos vinculados ao RPPS - Taxa de Administração;"Não ";Não Aplicável
Caaporã;301038;Instituto de Prev. Social dos Servidores de Caaporã;032025;2025;19990301;Compensações Financeiras entre os Regimes de Previdência - Principal;Lançamento de Receita;92.179,53;800;Recursos vinculados ao RPPS - Fundo em Capitalização (Plano Previdenciário);1111;Benefícios previdenciários - Poder Executivo – Fundo em Capitalização (Plano Previdenciário)
Caaporã;301038;Instituto de Prev. Social dos Servidores de Caaporã;022025;2025;19990301;Compensações Financeiras entre os Regimes de Previdência - Principal;Lançamento de Receita;9.096,4;802;Recursos vinculados ao RPPS - Taxa de Administração;"Não ";Não Aplicável
Caaporã;301038;Instituto de Prev. Social dos Servidores de Caaporã;022025;2025;19990301;Compensações Financeiras entre os Regimes de Previdência - Principal;Lançamento de Receita;87.983,61;800;Recursos vinculados ao RPPS - Fundo em Capitalização (Plano Previdenciário);1111;Benefícios previdenciários - Poder Executivo – Fundo em Capitalização (Plano Previdenciário)
Caaporã;301038;Instituto de Prev. Social dos Servidores de Caaporã;122025;2025;19229901;Outras Restituições - Principal;Lançamento de Receita;722,63;802;Recursos vinculados ao RPPS - Taxa de Administração;"Não ";Não Aplicável
Caaporã;301038;Instituto de Prev. Social dos Servidores de Caaporã;122025;2025;19229901;Outras Restituições - Principal;Lançamento de Receita;6.989,39;800;Recursos vinculados ao RPPS - Fundo em Capitalização (Plano Previdenciário);1111;Benefícios previdenciários - Poder Executivo – Fundo em Capitalização (Plano Previdenciário)
Caaporã;301038;Instituto de Prev. Social dos Servidores de Caaporã;092025;2025;19229901;Outras Restituições - Principal;Lançamento de Receita;17.309,16;800;Recursos vinculados ao RPPS - Fundo em Capitalização (Plano Previdenciário);1111;Benefícios previdenciários - Poder Executivo – Fundo em Capitalização (Plano Previdenciário)
Caaporã;301038;Instituto de Prev. Social dos Servidores de Caaporã;092025;2025;19229901;Outras Restituições - Principal;Lançamento de Receita;1.789,55;802;Recursos vinculados ao RPPS - Taxa de Administração;"Não ";Não Aplicável
Caaporã;301038;Instituto de Prev. Social dos Servidores de Caaporã;122025;2025;13210401;Remuneração dos Recursos do Regime Próprio de Previdência Social - RPPS - Principal;Lançamento de Receita;3.350,26;800;Recursos vinculados ao RPPS - Fundo em Capitalização (Plano Previdenciário);1111;Benefícios previdenciários - Poder Executivo – Fundo em Capitalização (Plano Previdenciário)
Caaporã;301038;Instituto de Prev. Social dos Servidores de Caaporã;122025;2025;13210401;Remuneração dos Recursos do Regime Próprio de Previdência Social - RPPS - Principal;Lançamento de Receita;346,38;802;Recursos vinculados ao RPPS - Taxa de Administração;"Não ";Não Aplicável
Caaporã;301038;Instituto de Prev. Social dos Servidores de Caaporã;112025;2025;13210401;Remuneração dos Recursos do Regime Próprio de Previdência Social - RPPS - Principal;Lançamento de Receita;2.751,9;800;Recursos vinculados ao RPPS - Fundo em Capitalização (Plano Previdenciário);1111;Benefícios previdenciários - Poder Executivo – Fundo em Capitalização (Plano Previdenciário)
Caaporã;301038;Instituto de Prev. Social dos Servidores de Caaporã;112025;2025;13210401;Remuneração dos Recursos do Regime Próprio de Previdência Social - RPPS - Principal;Lançamento de Receita;284,52;802;Recursos vinculados ao RPPS - Taxa de Administração;"Não ";Não Aplicável
Caaporã;301038;Instituto de Prev. Social dos Servidores de Caaporã;102025;2025;13210401;Remuneração dos Recursos do Regime Próprio de Previdência Social - RPPS - Principal;Lançamento de Receita;378,91;802;Recursos vinculados ao RPPS - Taxa de Administração;"Não ";Não Aplicável
Caaporã;301038;Instituto de Prev. Social dos Servidores de Caaporã;102025;2025;13210401;Remuneração dos Recursos do Regime Próprio de Previdência Social - RPPS - Principal;Lançamento de Receita;3.664,93;800;Recursos vinculados ao RPPS - Fundo em Capitalização (Plano Previdenciário);1111;Benefícios previdenciários - Poder Executivo – Fundo em Capitalização (Plano Previdenciário)
Caaporã;301038;Instituto de Prev. Social dos Servidores de Caaporã;092025;2025;13210401;Remuneração dos Recursos do Regime Próprio de Previdência Social - RPPS - Principal;Lançamento de Receita;387,32;802;Recursos vinculados ao RPPS - Taxa de Administração;"Não ";Não Aplicável
Caaporã;301038;Instituto de Prev. Social dos Servidores de Caaporã;092025;2025;13210401;Remuneração dos Recursos do Regime Próprio de Previdência Social - RPPS - Principal;Lançamento de Receita;3.746,33;800;Recursos vinculados ao RPPS - Fundo em Capitalização (Plano Previdenciário);1111;Benefícios previdenciários - Poder Executivo – Fundo em Capitalização (Plano Previdenciário)
Caaporã;301038;Instituto de Prev. Social dos Servidores de Caaporã;082025;2025;13210401;Remuneração dos Recursos do Regime Próprio de Previdência Social - RPPS - Principal;Lançamento de Receita;3.549,38;800;Recursos vinculados ao RPPS - Fundo em Capitalização (Plano Previdenciário);1111;Benefícios previdenciários - Poder Executivo – Fundo em Capitalização (Plano Previdenciário)
Caaporã;301038;Instituto de Prev. Social dos Servidores de Caaporã;082025;2025;13210401;Remuneração dos Recursos do Regime Próprio de Previdência Social - RPPS - Principal;Lançamento de Receita;366,95;802;Recursos vinculados ao RPPS - Taxa de Administração;"Não ";Não Aplicável
Caaporã;301038;Instituto de Prev. Social dos Servidores de Caaporã;062025;2025;13210401;Remuneração dos Recursos do Regime Próprio de Previdência Social - RPPS - Principal;Lançamento de Receita;481,48;802;Recursos vinculados ao RPPS - Taxa de Administração;"Não ";Não Aplicável
Caaporã;301038;Instituto de Prev. Social dos Servidores de Caaporã;062025;2025;13210401;Remuneração dos Recursos do Regime Próprio de Previdência Social - RPPS - Principal;Lançamento de Receita;4.657,02;800;Recursos vinculados ao RPPS - Fundo em Capitalização (Plano Previdenciário);1111;Benefícios previdenciários - Poder Executivo – Fundo em Capitalização (Plano Previdenciário)
Caaporã;301038;Instituto de Prev. Social dos Servidores de Caaporã;052025;2025;13210401;Remuneração dos Recursos do Regime Próprio de Previdência Social - RPPS - Principal;Lançamento de Receita;5.050,47;800;Recursos vinculados ao RPPS - Fundo em Capitalização (Plano Previdenciário);1111;Benefícios previdenciários - Poder Executivo – Fundo em Capitalização (Plano Previdenciário)
Caaporã;301038;Instituto de Prev. Social dos Servidores de Caaporã;052025;2025;13210401;Remuneração dos Recursos do Regime Próprio de Previdência Social - RPPS - Principal;Lançamento de Receita;522,15;802;Recursos vinculados ao RPPS - Taxa de Administração;"Não ";Não Aplicável
Caaporã;301038;Instituto de Prev. Social dos Servidores de Caaporã;042025;2025;13210401;Remuneração dos Recursos do Regime Próprio de Previdência Social - RPPS - Principal;Lançamento de Receita;420,83;802;Recursos vinculados ao RPPS - Taxa de Administração;"Não ";Não Aplicável
Caaporã;301038;Instituto de Prev. Social dos Servidores de Caaporã;042025;2025;13210401;Remuneração dos Recursos do Regime Próprio de Previdência Social - RPPS - Principal;Lançamento de Receita;4.070,36;800;Recursos vinculados ao RPPS - Fundo em Capitalização (Plano Previdenciário);1111;Benefícios previdenciários - Poder Executivo – Fundo em Capitalização (Plano Previdenciário)
Caaporã;301038;Instituto de Prev. Social dos Servidores de Caaporã;032025;2025;13210401;Remuneração dos Recursos do Regime Próprio de Previdência Social - RPPS - Principal;Lançamento de Receita;3.047,89;800;Recursos vinculados ao RPPS - Fundo em Capitalização (Plano Previdenciário);1111;Benefícios previdenciários - Poder Executivo – Fundo em Capitalização (Plano Previdenciário)
Caaporã;301038;Instituto de Prev. Social dos Servidores de Caaporã;032025;2025;13210401;Remuneração dos Recursos do Regime Próprio de Previdência Social - RPPS - Principal;Lançamento de Receita;315,12;802;Recursos vinculados ao RPPS - Taxa de Administração;"Não ";Não Aplicável
Caaporã;301038;Instituto de Prev. Social dos Servidores de Caaporã;022025;2025;13210401;Remuneração dos Recursos do Regime Próprio de Previdência Social - RPPS - Principal;Lançamento de Receita;260,27;802;Recursos vinculados ao RPPS - Taxa de Administração;"Não ";Não Aplicável
Caaporã;301038;Instituto de Prev. Social dos Servidores de Caaporã;022025;2025;13210401;Remuneração dos Recursos do Regime Próprio de Previdência Social - RPPS - Principal;Lançamento de Receita;2.517,39;800;Recursos vinculados ao RPPS - Fundo em Capitalização (Plano Previdenciário);1111;Benefícios previdenciários - Poder Executivo – Fundo em Capitalização (Plano Previdenciário)
Caaporã;301038;Instituto de Prev. Social dos Servidores de Caaporã;012025;2025;13210401;Remuneração dos Recursos do Regime Próprio de Previdência Social - RPPS - Principal;Lançamento de Receita;370,8;800;Recursos vinculados ao RPPS - Fundo em Capitalização (Plano Previdenciário);1111;Benefícios previdenciários - Poder Executivo – Fundo em Capitalização (Plano Previdenciário)
Caaporã;301038;Instituto de Prev. Social dos Servidores de Caaporã;012025;2025;13210401;Remuneração dos Recursos do Regime Próprio de Previdência Social - RPPS - Principal;Lançamento de Receita;38,34;802;Recursos vinculados ao RPPS - Taxa de Administração;"Não ";Não Aplicável
Caaporã;301038;Instituto de Prev. Social dos Servidores de Caaporã;122025;2025;12150111;Contribuição do Servidor Civil Ativo - Principal;Lançamento de Receita;397.215,24;800;Recursos vinculados ao RPPS - Fundo em Capitalização (Plano Previdenciário);1111;Benefícios previdenciários - Poder Executivo – Fundo em Capitalização (Plano Previdenciário)
Caaporã;301038;Instituto de Prev. Social dos Servidores de Caaporã;122025;2025;12150111;Contribuição do Servidor Civil Ativo - Principal;Lançamento de Receita;41.067,06;802;Recursos vinculados ao RPPS - Taxa de Administração;"Não ";Não Aplicável
Caaporã;301038;Instituto de Prev. Social dos Servidores de Caaporã;112025;2025;12150111;Contribuição do Servidor Civil Ativo - Principal;Lançamento de Receita;240.255,91;800;Recursos vinculados ao RPPS - Fundo em Capitalização (Plano Previdenciário);1111;Benefícios previdenciários - Poder Executivo – Fundo em Capitalização (Plano Previdenciário)
Caaporã;301038;Instituto de Prev. Social dos Servidores de Caaporã;112025;2025;12150111;Contribuição do Servidor Civil Ativo - Principal;Lançamento de Receita;24.839,44;802;Recursos vinculados ao RPPS - Taxa de Administração;"Não ";Não Aplicável
Caaporã;301038;Instituto de Prev. Social dos Servidores de Caaporã;102025;2025;12150111;Contribuição do Servidor Civil Ativo - Principal;Lançamento de Receita;342.817,79;800;Recursos vinculados ao RPPS - Fundo em Capitalização (Plano Previdenciário);1111;Benefícios previdenciários - Poder Executivo – Fundo em Capitalização (Plano Previdenciário)
Caaporã;301038;Instituto de Prev. Social dos Servidores de Caaporã;102025;2025;12150111;Contribuição do Servidor Civil Ativo - Principal;Lançamento de Receita;35.443,04;802;Recursos vinculados ao RPPS - Taxa de Administração;"Não ";Não Aplicável
Caaporã;301038;Instituto de Prev. Social dos Servidores de Caaporã;092025;2025;12150111;Contribuição do Servidor Civil Ativo - Principal;Lançamento de Receita;292.591,52;800;Recursos vinculados ao RPPS - Fundo em Capitalização (Plano Previdenciário);1111;Benefícios previdenciários - Poder Executivo – Fundo em Capitalização (Plano Previdenciário)
Caaporã;301038;Instituto de Prev. Social dos Servidores de Caaporã;092025;2025;12150111;Contribuição do Servidor Civil Ativo - Principal;Lançamento de Receita;30.250,28;802;Recursos vinculados ao RPPS - Taxa de Administração;"Não ";Não Aplicável
Caaporã;301038;Instituto de Prev. Social dos Servidores de Caaporã;082025;2025;12150111;Contribuição do Servidor Civil Ativo - Principal;Lançamento de Receita;30.822,97;802;Recursos vinculados ao RPPS - Taxa de Administração;"Não ";Não Aplicável
Caaporã;301038;Instituto de Prev. Social dos Servidores de Caaporã;082025;2025;12150111;Contribuição do Servidor Civil Ativo - Principal;Lançamento de Receita;298.130,73;800;Recursos vinculados ao RPPS - Fundo em Capitalização (Plano Previdenciário);1111;Benefícios previdenciários - Poder Executivo – Fundo em Capitalização (Plano Previdenciário)
Caaporã;301038;Instituto de Prev. Social dos Servidores de Caaporã;072025;2025;12150111;Contribuição do Servidor Civil Ativo - Principal;Lançamento de Receita;33.778,81;802;Recursos vinculados ao RPPS - Taxa de Administração;"Não ";Não Aplicável
Caaporã;301038;Instituto de Prev. Social dos Servidores de Caaporã;072025;2025;12150111;Contribuição do Servidor Civil Ativo - Principal;Lançamento de Receita;326.720,62;800;Recursos vinculados ao RPPS - Fundo em Capitalização (Plano Previdenciário);1111;Benefícios previdenciários - Poder Executivo – Fundo em Capitalização (Plano Previdenciário)
Caaporã;301038;Instituto de Prev. Social dos Servidores de Caaporã;062025;2025;12150111;Contribuição do Servidor Civil Ativo - Principal;Lançamento de Receita;305.020,72;800;Recursos vinculados ao RPPS - Fundo em Capitalização (Plano Previdenciário);1111;Benefícios previdenciários - Poder Executivo – Fundo em Capitalização (Plano Previdenciário)
Caaporã;301038;Instituto de Prev. Social dos Servidores de Caaporã;062025;2025;12150111;Contribuição do Servidor Civil Ativo - Principal;Lançamento de Receita;31.535,29;802;Recursos vinculados ao RPPS - Taxa de Administração;"Não ";Não Aplicável
Caaporã;301038;Instituto de Prev. Social dos Servidores de Caaporã;052025;2025;12150111;Contribuição do Servidor Civil Ativo - Principal;Lançamento de Receita;30.782,24;802;Recursos vinculados ao RPPS - Taxa de Administração;"Não ";Não Aplicável
Caaporã;301038;Instituto de Prev. Social dos Servidores de Caaporã;052025;2025;12150111;Contribuição do Servidor Civil Ativo - Principal;Lançamento de Receita;297.736,84;800;Recursos vinculados ao RPPS - Fundo em Capitalização (Plano Previdenciário);1111;Benefícios previdenciários - Poder Executivo – Fundo em Capitalização (Plano Previdenciário)
Caaporã;301038;Instituto de Prev. Social dos Servidores de Caaporã;042025;2025;12150111;Contribuição do Servidor Civil Ativo - Principal;Lançamento de Receita;30.296,69;802;Recursos vinculados ao RPPS - Taxa de Administração;"Não ";Não Aplicável
Caaporã;301038;Instituto de Prev. Social dos Servidores de Caaporã;042025;2025;12150111;Contribuição do Servidor Civil Ativo - Principal;Lançamento de Receita;293.040,41;800;Recursos vinculados ao RPPS - Fundo em Capitalização (Plano Previdenciário);1111;Benefícios previdenciários - Poder Executivo – Fundo em Capitalização (Plano Previdenciário)
Caaporã;301038;Instituto de Prev. Social dos Servidores de Caaporã;032025;2025;12150111;Contribuição do Servidor Civil Ativo - Principal;Lançamento de Receita;296.286,57;800;Recursos vinculados ao RPPS - Fundo em Capitalização (Plano Previdenciário);1111;Benefícios previdenciários - Poder Executivo – Fundo em Capitalização (Plano Previdenciário)
Caaporã;301038;Instituto de Prev. Social dos Servidores de Caaporã;032025;2025;12150111;Contribuição do Servidor Civil Ativo - Principal;Lançamento de Receita;30.632,3;802;Recursos vinculados ao RPPS - Taxa de Administração;"Não ";Não Aplicável
Caaporã;301038;Instituto de Prev. Social dos Servidores de Caaporã;022025;2025;12150111;Contribuição do Servidor Civil Ativo - Principal;Lançamento de Receita;295.016,52;800;Recursos vinculados ao RPPS - Fundo em Capitalização (Plano Previdenciário);1111;Benefícios previdenciários - Poder Executivo – Fundo em Capitalização (Plano Previdenciário)
Caaporã;301038;Instituto de Prev. Social dos Servidores de Caaporã;022025;2025;12150111;Contribuição do Servidor Civil Ativo - Principal;Lançamento de Receita;30.500,98;802;Recursos vinculados ao RPPS - Taxa de Administração;"Não ";Não Aplicável
Caaporã;301038;Instituto de Prev. Social dos Servidores de Caaporã;012025;2025;12150111;Contribuição do Servidor Civil Ativo - Principal;Lançamento de Receita;288.618,59;800;Recursos vinculados ao RPPS - Fundo em Capitalização (Plano Previdenciário);1111;Benefícios previdenciários - Poder Executivo – Fundo em Capitalização (Plano Previdenciário)
Caaporã;301038;Instituto de Prev. Social dos Servidores de Caaporã;012025;2025;12150111;Contribuição do Servidor Civil Ativo - Principal;Lançamento de Receita;29.839,52;802;Recursos vinculados ao RPPS - Taxa de Administração;"Não ";Não Aplicável
Caaporã;302038;Serviço Autonômo de Água e Esgoto de Cupissura - Caaporã;122025;2025;16110101;Serviços Administrativos e Comerciais Gerais Prestados por Entidades e Órgãos Públicos em Geral - Principal;Lançamento de Receita;76.537,62;500;Recursos não vinculados de Impostos;"Não ";Não Aplicável
Caaporã;302038;Serviço Autonômo de Água e Esgoto de Cupissura - Caaporã;112025;2025;16110101;Serviços Administrativos e Comerciais Gerais Prestados por Entidades e Órgãos Públicos em Geral - Principal;Lançamento de Receita;59.921,5;500;Recursos não vinculados de Impostos;"Não ";Não Aplicável
Caaporã;302038;Serviço Autonômo de Água e Esgoto de Cupissura - Caaporã;102025;2025;16110101;Serviços Administrativos e Comerciais Gerais Prestados por Entidades e Órgãos Públicos em Geral - Principal;Lançamento de Receita;57.851,24;500;Recursos não vinculados de Impostos;"Não ";Não Aplicável
Caaporã;302038;Serviço Autonômo de Água e Esgoto de Cupissura - Caaporã;092025;2025;16110101;Serviços Administrativos e Comerciais Gerais Prestados por Entidades e Órgãos Públicos em Geral - Principal;Lançamento de Receita;81.021,19;500;Recursos não vinculados de Impostos;"Não ";Não Aplicável
Caaporã;302038;Serviço Autonômo de Água e Esgoto de Cupissura - Caaporã;082025;2025;16110101;Serviços Administrativos e Comerciais Gerais Prestados por Entidades e Órgãos Públicos em Geral - Principal;Lançamento de Receita;48.349,1;500;Recursos não vinculados de Impostos;"Não ";Não Aplicável
Caaporã;302038;Serviço Autonômo de Água e Esgoto de Cupissura - Caaporã;072025;2025;16110101;Serviços Administrativos e Comerciais Gerais Prestados por Entidades e Órgãos Públicos em Geral - Principal;Lançamento de Receita;67.862,12;500;Recursos não vinculados de Impostos;"Não ";Não Aplicável
Caaporã;302038;Serviço Autonômo de Água e Esgoto de Cupissura - Caaporã;062025;2025;16110101;Serviços Administrativos e Comerciais Gerais Prestados por Entidades e Órgãos Públicos em Geral - Principal;Lançamento de Receita;55.705,19;500;Recursos não vinculados de Impostos;"Não ";Não Aplicável
Caaporã;302038;Serviço Autonômo de Água e Esgoto de Cupissura - Caaporã;052025;2025;16110101;Serviços Administrativos e Comerciais Gerais Prestados por Entidades e Órgãos Públicos em Geral - Principal;Lançamento de Receita;59.126,5;500;Recursos não vinculados de Impostos;"Não ";Não Aplicável
Caaporã;302038;Serviço Autonômo de Água e Esgoto de Cupissura - Caaporã;042025;2025;16110101;Serviços Administrativos e Comerciais Gerais Prestados por Entidades e Órgãos Públicos em Geral - Principal;Lançamento de Receita;51.163,43;500;Recursos não vinculados de Impostos;"Não ";Não Aplicável
Caaporã;302038;Serviço Autonômo de Água e Esgoto de Cupissura - Caaporã;032025;2025;16110101;Serviços Administrativos e Comerciais Gerais Prestados por Entidades e Órgãos Públicos em Geral - Principal;Lançamento de Receita;50.563,67;500;Recursos não vinculados de Impostos;"Não ";Não Aplicável
Caaporã;302038;Serviço Autonômo de Água e Esgoto de Cupissura - Caaporã;022025;2025;16110101;Serviços Administrativos e Comerciais Gerais Prestados por Entidades e Órgãos Públicos em Geral - Principal;Lançamento de Receita;48.156,24;500;Recursos não vinculados de Impostos;"Não ";Não Aplicável
Caaporã;302038;Serviço Autonômo de Água e Esgoto de Cupissura - Caaporã;012025;2025;16110101;Serviços Administrativos e Comerciais Gerais Prestados por Entidades e Órgãos Públicos em Geral - Principal;Lançamento de Receita;52.128,17;500;Recursos não vinculados de Impostos;"Não ";Não Aplicável
Caaporã;302038;Serviço Autonômo de Água e Esgoto de Cupissura - Caaporã;122025;2025;13210101;Remuneração de Depósitos Bancários - Principal;Lançamento de Receita;2.151,78;500;Recursos não vinculados de Impostos;"Não ";Não Aplicável
Caaporã;302038;Serviço Autonômo de Água e Esgoto de Cupissura - Caaporã;112025;2025;13210101;Remuneração de Depósitos Bancários - Principal;Lançamento de Receita;1.868;500;Recursos não vinculados de Impostos;"Não ";Não Aplicável
Caaporã;302038;Serviço Autonômo de Água e Esgoto de Cupissura - Caaporã;102025;2025;13210101;Remuneração de Depósitos Bancários - Principal;Lançamento de Receita;2.225,08;500;Recursos não vinculados de Impostos;"Não ";Não Aplicável
Caaporã;302038;Serviço Autonômo de Água e Esgoto de Cupissura - Caaporã;092025;2025;13210101;Remuneração de Depósitos Bancários - Principal;Lançamento de Receita;2.129,73;500;Recursos não vinculados de Impostos;"Não ";Não Aplicável
Caaporã;302038;Serviço Autonômo de Água e Esgoto de Cupissura - Caaporã;082025;2025;13210101;Remuneração de Depósitos Bancários - Principal;Lançamento de Receita;1.888,45;500;Recursos não vinculados de Impostos;"Não ";Não Aplicável
Caaporã;302038;Serviço Autonômo de Água e Esgoto de Cupissura - Caaporã;072025;2025;13210101;Remuneração de Depósitos Bancários - Principal;Lançamento de Receita;2.025,14;500;Recursos não vinculados de Impostos;"Não ";Não Aplicável
Caaporã;302038;Serviço Autonômo de Água e Esgoto de Cupissura - Caaporã;062025;2025;13210101;Remuneração de Depósitos Bancários - Principal;Lançamento de Receita;1.699,35;500;Recursos não vinculados de Impostos;"Não ";Não Aplicável
Caaporã;302038;Serviço Autonômo de Água e Esgoto de Cupissura - Caaporã;052025;2025;13210101;Remuneração de Depósitos Bancários - Principal;Lançamento de Receita;1.863,73;500;Recursos não vinculados de Impostos;"Não ";Não Aplicável
Caaporã;302038;Serviço Autonômo de Água e Esgoto de Cupissura - Caaporã;042025;2025;13210101;Remuneração de Depósitos Bancários - Principal;Lançamento de Receita;1.670,42;500;Recursos não vinculados de Impostos;"Não ";Não Aplicável
Caaporã;302038;Serviço Autonômo de Água e Esgoto de Cupissura - Caaporã;032025;2025;13210101;Remuneração de Depósitos Bancários - Principal;Lançamento de Receita;1.457,9;500;Recursos não vinculados de Impostos;"Não ";Não Aplicável
Caaporã;302038;Serviço Autonômo de Água e Esgoto de Cupissura - Caaporã;022025;2025;13210101;Remuneração de Depósitos Bancários - Principal;Lançamento de Receita;1.429,53;500;Recursos não vinculados de Impostos;"Não ";Não Aplicável
Caaporã;302038;Serviço Autonômo de Água e Esgoto de Cupissura - Caaporã;012025;2025;13210101;Remuneração de Depósitos Bancários - Principal;Lançamento de Receita;1.355,72;500;Recursos não vinculados de Impostos;"Não ";Não Aplicável
