municipio;codigo_unidade_gestora;descricao_unidade_gestora;mes_ano;ano;codigo_receita;descricao_receita;tipo_atualizacao_receita;valor;codigo_fonte_recurso;descricao_fonte_recurso;co;descricao_co
Cabedelo;201040;Prefeitura Municipal de Cabedelo;092025;2025;24149901;Outras Transferências de Convênios da União e de Suas Entidades - Principal;Lançamento de Receita;1.531.226;700;Outras Transferências de Convênios ou Repasses da União;"Não ";Não Aplicável
Cabedelo;201040;Prefeitura Municipal de Cabedelo;062025;2025;24149901;Outras Transferências de Convênios da União e de Suas Entidades - Principal;Lançamento de Receita;765.613;700;Outras Transferências de Convênios ou Repasses da União;"Não ";Não Aplicável
Cabedelo;201040;Prefeitura Municipal de Cabedelo;012025;2025;24149901;Outras Transferências de Convênios da União e de Suas Entidades - Principal;Lançamento de Receita;5.292.366;700;Outras Transferências de Convênios ou Repasses da União;"Não ";Não Aplicável
Cabedelo;201040;Prefeitura Municipal de Cabedelo;072025;2025;24145101;Transferências de Convênios da União destinadas a Programas de Educação - Principal;Lançamento de Receita;22.638,69;570;Transferências do Governo Federal referentes a Convênios e outros Repasses vinculados à Educação;"Não ";Não Aplicável
Cabedelo;201040;Prefeitura Municipal de Cabedelo;072025;2025;24145101;Transferências de Convênios da União destinadas a Programas de Educação - Principal;Lançamento de Receita;1.041.379,56;575;Outras Transferências de Convênios e Instrumentos Congêneres vinculados à Educação;"Não ";Não Aplicável
Cabedelo;201040;Prefeitura Municipal de Cabedelo;072025;2025;24145101;Transferências de Convênios da União destinadas a Programas de Educação - Principal;Lançamento de Receita;67.916,06;571;Transferências do Estado referentes a Convênios e outros Repasses vinculados à Educação;"Não ";Não Aplicável
Cabedelo;201040;Prefeitura Municipal de Cabedelo;062025;2025;24145101;Transferências de Convênios da União destinadas a Programas de Educação - Principal;Lançamento de Receita;9.236,04;570;Transferências do Governo Federal referentes a Convênios e outros Repasses vinculados à Educação;"Não ";Não Aplicável
Cabedelo;201040;Prefeitura Municipal de Cabedelo;062025;2025;24145101;Transferências de Convênios da União destinadas a Programas de Educação - Principal;Lançamento de Receita;424.857,83;575;Outras Transferências de Convênios e Instrumentos Congêneres vinculados à Educação;"Não ";Não Aplicável
Cabedelo;201040;Prefeitura Municipal de Cabedelo;062025;2025;24145101;Transferências de Convênios da União destinadas a Programas de Educação - Principal;Lançamento de Receita;27.708,12;571;Transferências do Estado referentes a Convênios e outros Repasses vinculados à Educação;"Não ";Não Aplicável
Cabedelo;201040;Prefeitura Municipal de Cabedelo;112025;2025;21199901;Outras Operações de Crédito - Mercado Interno - Principal;Lançamento de Receita;2.125.000;754;"Recursos de Operações de Crédito ";"Não ";Não Aplicável
Cabedelo;201040;Prefeitura Municipal de Cabedelo;082025;2025;21199901;Outras Operações de Crédito - Mercado Interno - Principal;Lançamento de Receita;2.125.000;754;"Recursos de Operações de Crédito ";"Não ";Não Aplicável
Cabedelo;201040;Prefeitura Municipal de Cabedelo;032025;2025;21199901;Outras Operações de Crédito - Mercado Interno - Principal;Lançamento de Receita;2.125.000;754;"Recursos de Operações de Crédito ";"Não ";Não Aplicável
Cabedelo;201040;Prefeitura Municipal de Cabedelo;122025;2025;19999921;Outras Receitas Não Arrecadadas e Não Projetadas pela RFB - Primárias   - Principal;Lançamento de Receita;414.035,6;500;Recursos não vinculados de Impostos;"Não ";Não Aplicável
Cabedelo;201040;Prefeitura Municipal de Cabedelo;112025;2025;19999921;Outras Receitas Não Arrecadadas e Não Projetadas pela RFB - Primárias   - Principal;Lançamento de Receita;395.000,72;500;Recursos não vinculados de Impostos;"Não ";Não Aplicável
Cabedelo;201040;Prefeitura Municipal de Cabedelo;102025;2025;19999921;Outras Receitas Não Arrecadadas e Não Projetadas pela RFB - Primárias   - Principal;Lançamento de Receita;634.894,14;500;Recursos não vinculados de Impostos;"Não ";Não Aplicável
Cabedelo;201040;Prefeitura Municipal de Cabedelo;092025;2025;19999921;Outras Receitas Não Arrecadadas e Não Projetadas pela RFB - Primárias   - Principal;Lançamento de Receita;2.172.087,96;500;Recursos não vinculados de Impostos;"Não ";Não Aplicável
Cabedelo;201040;Prefeitura Municipal de Cabedelo;082025;2025;19999921;Outras Receitas Não Arrecadadas e Não Projetadas pela RFB - Primárias   - Principal;Lançamento de Receita;314.324,27;500;Recursos não vinculados de Impostos;"Não ";Não Aplicável
Cabedelo;201040;Prefeitura Municipal de Cabedelo;072025;2025;19999921;Outras Receitas Não Arrecadadas e Não Projetadas pela RFB - Primárias   - Principal;Lançamento de Receita;348.045,72;500;Recursos não vinculados de Impostos;"Não ";Não Aplicável
Cabedelo;201040;Prefeitura Municipal de Cabedelo;062025;2025;19999921;Outras Receitas Não Arrecadadas e Não Projetadas pela RFB - Primárias   - Principal;Lançamento de Receita;130.326,75;500;Recursos não vinculados de Impostos;"Não ";Não Aplicável
Cabedelo;201040;Prefeitura Municipal de Cabedelo;052025;2025;19999921;Outras Receitas Não Arrecadadas e Não Projetadas pela RFB - Primárias   - Principal;Lançamento de Receita;236.287,11;500;Recursos não vinculados de Impostos;"Não ";Não Aplicável
Cabedelo;201040;Prefeitura Municipal de Cabedelo;052025;2025;19999921;Outras Receitas Não Arrecadadas e Não Projetadas pela RFB - Primárias   - Principal;Lançamento de Receita;1.444,04;500;Recursos não vinculados de Impostos;1002;Identificação das despesas com ações e serviços públicos de saúde
Cabedelo;201040;Prefeitura Municipal de Cabedelo;052025;2025;19999921;Outras Receitas Não Arrecadadas e Não Projetadas pela RFB - Primárias   - Principal;Lançamento de Receita;1.569,6;500;Recursos não vinculados de Impostos;1001;Identificação das despesas com manutenção e desenvolvimento do ensino
Cabedelo;201040;Prefeitura Municipal de Cabedelo;042025;2025;19999921;Outras Receitas Não Arrecadadas e Não Projetadas pela RFB - Primárias   - Principal;Lançamento de Receita;243.371,17;500;Recursos não vinculados de Impostos;"Não ";Não Aplicável
Cabedelo;201040;Prefeitura Municipal de Cabedelo;032025;2025;19999921;Outras Receitas Não Arrecadadas e Não Projetadas pela RFB - Primárias   - Principal;Lançamento de Receita;306.126,56;500;Recursos não vinculados de Impostos;"Não ";Não Aplicável
Cabedelo;201040;Prefeitura Municipal de Cabedelo;022025;2025;19999921;Outras Receitas Não Arrecadadas e Não Projetadas pela RFB - Primárias   - Principal;Lançamento de Receita;286.305,67;500;Recursos não vinculados de Impostos;"Não ";Não Aplicável
Cabedelo;201040;Prefeitura Municipal de Cabedelo;012025;2025;19999921;Outras Receitas Não Arrecadadas e Não Projetadas pela RFB - Primárias   - Principal;Lançamento de Receita;222.835,24;500;Recursos não vinculados de Impostos;"Não ";Não Aplicável
Cabedelo;201040;Prefeitura Municipal de Cabedelo;122025;2025;19999911;Outras Receitas Administradas pela RFB - Principal;Lançamento de Receita;424.438,91;500;Recursos não vinculados de Impostos;"Não ";Não Aplicável
Cabedelo;201040;Prefeitura Municipal de Cabedelo;112025;2025;19999911;Outras Receitas Administradas pela RFB - Principal;Lançamento de Receita;4.397.977,67;500;Recursos não vinculados de Impostos;"Não ";Não Aplicável
Cabedelo;201040;Prefeitura Municipal de Cabedelo;102025;2025;19999911;Outras Receitas Administradas pela RFB - Principal;Lançamento de Receita;503.420,9;500;Recursos não vinculados de Impostos;"Não ";Não Aplicável
Cabedelo;201040;Prefeitura Municipal de Cabedelo;092025;2025;19999911;Outras Receitas Administradas pela RFB - Principal;Lançamento de Receita;784.127,69;500;Recursos não vinculados de Impostos;"Não ";Não Aplicável
Cabedelo;201040;Prefeitura Municipal de Cabedelo;082025;2025;19999911;Outras Receitas Administradas pela RFB - Principal;Lançamento de Receita;259.678,74;500;Recursos não vinculados de Impostos;"Não ";Não Aplicável
Cabedelo;201040;Prefeitura Municipal de Cabedelo;072025;2025;19999911;Outras Receitas Administradas pela RFB - Principal;Lançamento de Receita;333.938,24;500;Recursos não vinculados de Impostos;"Não ";Não Aplicável
Cabedelo;201040;Prefeitura Municipal de Cabedelo;062025;2025;19999911;Outras Receitas Administradas pela RFB - Principal;Lançamento de Receita;459,68;500;Recursos não vinculados de Impostos;1002;Identificação das despesas com ações e serviços públicos de saúde
Cabedelo;201040;Prefeitura Municipal de Cabedelo;062025;2025;19999911;Outras Receitas Administradas pela RFB - Principal;Lançamento de Receita;515.404,73;500;Recursos não vinculados de Impostos;"Não ";Não Aplicável
Cabedelo;201040;Prefeitura Municipal de Cabedelo;062025;2025;19999911;Outras Receitas Administradas pela RFB - Principal;Lançamento de Receita;499,66;500;Recursos não vinculados de Impostos;1001;Identificação das despesas com manutenção e desenvolvimento do ensino
Cabedelo;201040;Prefeitura Municipal de Cabedelo;052025;2025;19999911;Outras Receitas Administradas pela RFB - Principal;Lançamento de Receita;281.005,06;500;Recursos não vinculados de Impostos;"Não ";Não Aplicável
Cabedelo;201040;Prefeitura Municipal de Cabedelo;042025;2025;19999911;Outras Receitas Administradas pela RFB - Principal;Lançamento de Receita;156.831,52;500;Recursos não vinculados de Impostos;"Não ";Não Aplicável
Cabedelo;201040;Prefeitura Municipal de Cabedelo;032025;2025;19999911;Outras Receitas Administradas pela RFB - Principal;Lançamento de Receita;161.399,47;500;Recursos não vinculados de Impostos;"Não ";Não Aplicável
Cabedelo;201040;Prefeitura Municipal de Cabedelo;022025;2025;19999911;Outras Receitas Administradas pela RFB - Principal;Lançamento de Receita;152.444,99;500;Recursos não vinculados de Impostos;"Não ";Não Aplicável
Cabedelo;201040;Prefeitura Municipal de Cabedelo;012025;2025;19999911;Outras Receitas Administradas pela RFB - Principal;Lançamento de Receita;147.978,57;500;Recursos não vinculados de Impostos;"Não ";Não Aplicável
Cabedelo;201040;Prefeitura Municipal de Cabedelo;122025;2025;19229901;Outras Restituições - Principal;Lançamento de Receita;458.188,24;500;Recursos não vinculados de Impostos;"Não ";Não Aplicável
Cabedelo;201040;Prefeitura Municipal de Cabedelo;112025;2025;19229901;Outras Restituições - Principal;Lançamento de Receita;209.705,51;500;Recursos não vinculados de Impostos;"Não ";Não Aplicável
Cabedelo;201040;Prefeitura Municipal de Cabedelo;102025;2025;19229901;Outras Restituições - Principal;Lançamento de Receita;62.293,77;500;Recursos não vinculados de Impostos;"Não ";Não Aplicável
Cabedelo;201040;Prefeitura Municipal de Cabedelo;092025;2025;19229901;Outras Restituições - Principal;Lançamento de Receita;15.188,82;500;Recursos não vinculados de Impostos;"Não ";Não Aplicável
Cabedelo;201040;Prefeitura Municipal de Cabedelo;082025;2025;19229901;Outras Restituições - Principal;Lançamento de Receita;43.511,12;500;Recursos não vinculados de Impostos;"Não ";Não Aplicável
Cabedelo;201040;Prefeitura Municipal de Cabedelo;072025;2025;19229901;Outras Restituições - Principal;Lançamento de Receita;39.524,97;500;Recursos não vinculados de Impostos;"Não ";Não Aplicável
Cabedelo;201040;Prefeitura Municipal de Cabedelo;072025;2025;19229901;Outras Restituições - Principal;Lançamento de Receita;2.946,04;500;Recursos não vinculados de Impostos;1001;Identificação das despesas com manutenção e desenvolvimento do ensino
Cabedelo;201040;Prefeitura Municipal de Cabedelo;072025;2025;19229901;Outras Restituições - Principal;Lançamento de Receita;2.710,35;500;Recursos não vinculados de Impostos;1002;Identificação das despesas com ações e serviços públicos de saúde
Cabedelo;201040;Prefeitura Municipal de Cabedelo;062025;2025;19229901;Outras Restituições - Principal;Lançamento de Receita;165.286,63;500;Recursos não vinculados de Impostos;"Não ";Não Aplicável
Cabedelo;201040;Prefeitura Municipal de Cabedelo;052025;2025;19229901;Outras Restituições - Principal;Lançamento de Receita;12.517,48;500;Recursos não vinculados de Impostos;"Não ";Não Aplicável
Cabedelo;201040;Prefeitura Municipal de Cabedelo;042025;2025;19229901;Outras Restituições - Principal;Lançamento de Receita;27.106,09;500;Recursos não vinculados de Impostos;"Não ";Não Aplicável
Cabedelo;201040;Prefeitura Municipal de Cabedelo;032025;2025;19229901;Outras Restituições - Principal;Lançamento de Receita;136.629,56;500;Recursos não vinculados de Impostos;"Não ";Não Aplicável
Cabedelo;201040;Prefeitura Municipal de Cabedelo;022025;2025;19229901;Outras Restituições - Principal;Lançamento de Receita;32.747,39;500;Recursos não vinculados de Impostos;"Não ";Não Aplicável
Cabedelo;201040;Prefeitura Municipal de Cabedelo;012025;2025;19229901;Outras Restituições - Principal;Lançamento de Receita;52.235,61;500;Recursos não vinculados de Impostos;"Não ";Não Aplicável
Cabedelo;201040;Prefeitura Municipal de Cabedelo;122025;2025;19110101;Multas Previstas em Legislação Específica - Principal;Lançamento de Receita;971.559,47;500;Recursos não vinculados de Impostos;"Não ";Não Aplicável
Cabedelo;201040;Prefeitura Municipal de Cabedelo;112025;2025;19110101;Multas Previstas em Legislação Específica - Principal;Lançamento de Receita;552.041,43;500;Recursos não vinculados de Impostos;"Não ";Não Aplicável
Cabedelo;201040;Prefeitura Municipal de Cabedelo;102025;2025;19110101;Multas Previstas em Legislação Específica - Principal;Lançamento de Receita;551.753,75;500;Recursos não vinculados de Impostos;"Não ";Não Aplicável
Cabedelo;201040;Prefeitura Municipal de Cabedelo;092025;2025;19110101;Multas Previstas em Legislação Específica - Principal;Lançamento de Receita;521.824,76;500;Recursos não vinculados de Impostos;"Não ";Não Aplicável
Cabedelo;201040;Prefeitura Municipal de Cabedelo;082025;2025;19110101;Multas Previstas em Legislação Específica - Principal;Lançamento de Receita;893.999,8;500;Recursos não vinculados de Impostos;"Não ";Não Aplicável
Cabedelo;201040;Prefeitura Municipal de Cabedelo;072025;2025;19110101;Multas Previstas em Legislação Específica - Principal;Lançamento de Receita;488.998,36;500;Recursos não vinculados de Impostos;"Não ";Não Aplicável
Cabedelo;201040;Prefeitura Municipal de Cabedelo;062025;2025;19110101;Multas Previstas em Legislação Específica - Principal;Lançamento de Receita;383,81;500;Recursos não vinculados de Impostos;1001;Identificação das despesas com manutenção e desenvolvimento do ensino
Cabedelo;201040;Prefeitura Municipal de Cabedelo;062025;2025;19110101;Multas Previstas em Legislação Específica - Principal;Lançamento de Receita;464.366,11;500;Recursos não vinculados de Impostos;"Não ";Não Aplicável
Cabedelo;201040;Prefeitura Municipal de Cabedelo;062025;2025;19110101;Multas Previstas em Legislação Específica - Principal;Lançamento de Receita;353,1;500;Recursos não vinculados de Impostos;1002;Identificação das despesas com ações e serviços públicos de saúde
Cabedelo;201040;Prefeitura Municipal de Cabedelo;052025;2025;19110101;Multas Previstas em Legislação Específica - Principal;Lançamento de Receita;529.895,61;500;Recursos não vinculados de Impostos;"Não ";Não Aplicável
Cabedelo;201040;Prefeitura Municipal de Cabedelo;042025;2025;19110101;Multas Previstas em Legislação Específica - Principal;Lançamento de Receita;599.625,07;500;Recursos não vinculados de Impostos;"Não ";Não Aplicável
Cabedelo;201040;Prefeitura Municipal de Cabedelo;032025;2025;19110101;Multas Previstas em Legislação Específica - Principal;Lançamento de Receita;490.924,61;500;Recursos não vinculados de Impostos;"Não ";Não Aplicável
Cabedelo;201040;Prefeitura Municipal de Cabedelo;022025;2025;19110101;Multas Previstas em Legislação Específica - Principal;Lançamento de Receita;439.104,15;500;Recursos não vinculados de Impostos;"Não ";Não Aplicável
Cabedelo;201040;Prefeitura Municipal de Cabedelo;012025;2025;19110101;Multas Previstas em Legislação Específica - Principal;Lançamento de Receita;581.161,59;500;Recursos não vinculados de Impostos;"Não ";Não Aplicável
Cabedelo;201040;Prefeitura Municipal de Cabedelo;122025;2025;17515001;Transferências de Recursos do Fundo de Manutenção e Desenvolvimento da Educação Básica e de Valorização dos Profissionais da Educação – FUNDEB - Principal;Lançamento de Receita;6.202.997,56;540;Transferências do FUNDEB - Impostos e Transferências de Impostos;1070;Identificação do percentual aplicado no pagamento da remuneração dos profissionais da educação básica em efetivo exercício
Cabedelo;201040;Prefeitura Municipal de Cabedelo;112025;2025;17515001;Transferências de Recursos do Fundo de Manutenção e Desenvolvimento da Educação Básica e de Valorização dos Profissionais da Educação – FUNDEB - Principal;Lançamento de Receita;3.537.430,16;540;Transferências do FUNDEB - Impostos e Transferências de Impostos;1070;Identificação do percentual aplicado no pagamento da remuneração dos profissionais da educação básica em efetivo exercício
Cabedelo;201040;Prefeitura Municipal de Cabedelo;102025;2025;17515001;Transferências de Recursos do Fundo de Manutenção e Desenvolvimento da Educação Básica e de Valorização dos Profissionais da Educação – FUNDEB - Principal;Lançamento de Receita;3.071.469,01;540;Transferências do FUNDEB - Impostos e Transferências de Impostos;1070;Identificação do percentual aplicado no pagamento da remuneração dos profissionais da educação básica em efetivo exercício
Cabedelo;201040;Prefeitura Municipal de Cabedelo;092025;2025;17515001;Transferências de Recursos do Fundo de Manutenção e Desenvolvimento da Educação Básica e de Valorização dos Profissionais da Educação – FUNDEB - Principal;Lançamento de Receita;3.872.434,1;540;Transferências do FUNDEB - Impostos e Transferências de Impostos;1070;Identificação do percentual aplicado no pagamento da remuneração dos profissionais da educação básica em efetivo exercício
Cabedelo;201040;Prefeitura Municipal de Cabedelo;082025;2025;17515001;Transferências de Recursos do Fundo de Manutenção e Desenvolvimento da Educação Básica e de Valorização dos Profissionais da Educação – FUNDEB - Principal;Lançamento de Receita;5.146.381,44;540;Transferências do FUNDEB - Impostos e Transferências de Impostos;1070;Identificação do percentual aplicado no pagamento da remuneração dos profissionais da educação básica em efetivo exercício
Cabedelo;201040;Prefeitura Municipal de Cabedelo;072025;2025;17515001;Transferências de Recursos do Fundo de Manutenção e Desenvolvimento da Educação Básica e de Valorização dos Profissionais da Educação – FUNDEB - Principal;Lançamento de Receita;3.441.416,37;540;Transferências do FUNDEB - Impostos e Transferências de Impostos;1070;Identificação do percentual aplicado no pagamento da remuneração dos profissionais da educação básica em efetivo exercício
Cabedelo;201040;Prefeitura Municipal de Cabedelo;072025;2025;17515001;Transferências de Recursos do Fundo de Manutenção e Desenvolvimento da Educação Básica e de Valorização dos Profissionais da Educação – FUNDEB - Principal;Lançamento de Receita;212.405,09;500;Recursos não vinculados de Impostos;"Não ";Não Aplicável
Cabedelo;201040;Prefeitura Municipal de Cabedelo;072025;2025;17515001;Transferências de Recursos do Fundo de Manutenção e Desenvolvimento da Educação Básica e de Valorização dos Profissionais da Educação – FUNDEB - Principal;Lançamento de Receita;46.042,08;500;Recursos não vinculados de Impostos;1001;Identificação das despesas com manutenção e desenvolvimento do ensino
Cabedelo;201040;Prefeitura Municipal de Cabedelo;072025;2025;17515001;Transferências de Recursos do Fundo de Manutenção e Desenvolvimento da Educação Básica e de Valorização dos Profissionais da Educação – FUNDEB - Principal;Lançamento de Receita;42.358,72;500;Recursos não vinculados de Impostos;1002;Identificação das despesas com ações e serviços públicos de saúde
Cabedelo;201040;Prefeitura Municipal de Cabedelo;062025;2025;17515001;Transferências de Recursos do Fundo de Manutenção e Desenvolvimento da Educação Básica e de Valorização dos Profissionais da Educação – FUNDEB - Principal;Lançamento de Receita;3.759.997,64;540;Transferências do FUNDEB - Impostos e Transferências de Impostos;1070;Identificação do percentual aplicado no pagamento da remuneração dos profissionais da educação básica em efetivo exercício
Cabedelo;201040;Prefeitura Municipal de Cabedelo;062025;2025;17515001;Transferências de Recursos do Fundo de Manutenção e Desenvolvimento da Educação Básica e de Valorização dos Profissionais da Educação – FUNDEB - Principal;Lançamento de Receita;934.541,99;500;Recursos não vinculados de Impostos;"Não ";Não Aplicável
Cabedelo;201040;Prefeitura Municipal de Cabedelo;052025;2025;17515001;Transferências de Recursos do Fundo de Manutenção e Desenvolvimento da Educação Básica e de Valorização dos Profissionais da Educação – FUNDEB - Principal;Lançamento de Receita;4.680.755,36;540;Transferências do FUNDEB - Impostos e Transferências de Impostos;1070;Identificação do percentual aplicado no pagamento da remuneração dos profissionais da educação básica em efetivo exercício
Cabedelo;201040;Prefeitura Municipal de Cabedelo;042025;2025;17515001;Transferências de Recursos do Fundo de Manutenção e Desenvolvimento da Educação Básica e de Valorização dos Profissionais da Educação – FUNDEB - Principal;Lançamento de Receita;4.071.254,45;540;Transferências do FUNDEB - Impostos e Transferências de Impostos;1070;Identificação do percentual aplicado no pagamento da remuneração dos profissionais da educação básica em efetivo exercício
Cabedelo;201040;Prefeitura Municipal de Cabedelo;032025;2025;17515001;Transferências de Recursos do Fundo de Manutenção e Desenvolvimento da Educação Básica e de Valorização dos Profissionais da Educação – FUNDEB - Principal;Lançamento de Receita;3.975.964,46;540;Transferências do FUNDEB - Impostos e Transferências de Impostos;1070;Identificação do percentual aplicado no pagamento da remuneração dos profissionais da educação básica em efetivo exercício
Cabedelo;201040;Prefeitura Municipal de Cabedelo;022025;2025;17515001;Transferências de Recursos do Fundo de Manutenção e Desenvolvimento da Educação Básica e de Valorização dos Profissionais da Educação – FUNDEB - Principal;Lançamento de Receita;5.070.627,67;540;Transferências do FUNDEB - Impostos e Transferências de Impostos;1070;Identificação do percentual aplicado no pagamento da remuneração dos profissionais da educação básica em efetivo exercício
Cabedelo;201040;Prefeitura Municipal de Cabedelo;012025;2025;17515001;Transferências de Recursos do Fundo de Manutenção e Desenvolvimento da Educação Básica e de Valorização dos Profissionais da Educação – FUNDEB - Principal;Lançamento de Receita;4.415.961,36;540;Transferências do FUNDEB - Impostos e Transferências de Impostos;1070;Identificação do percentual aplicado no pagamento da remuneração dos profissionais da educação básica em efetivo exercício
Cabedelo;201040;Prefeitura Municipal de Cabedelo;012025;2025;17329901;Outras Transferências de Convênios dos Municípios e de Suas Entidades - Principal;Lançamento de Receita;10.192,5;500;Recursos não vinculados de Impostos;"Não ";Não Aplicável
Cabedelo;201040;Prefeitura Municipal de Cabedelo;072025;2025;17295101;Transferências de Estados destinadas à Assistência Social - Principal;Lançamento de Receita;151.623,2;661;Transferência de Recursos dos Fundos Estaduais de Assistência Social;"Não ";Não Aplicável
Cabedelo;201040;Prefeitura Municipal de Cabedelo;052025;2025;17295101;Transferências de Estados destinadas à Assistência Social - Principal;Lançamento de Receita;5.760,37;661;Transferência de Recursos dos Fundos Estaduais de Assistência Social;"Não ";Não Aplicável
Cabedelo;201040;Prefeitura Municipal de Cabedelo;092025;2025;17249901;Outras Transferências de Convênios dos Estados e DF e de Suas Entidades - Principal;Lançamento de Receita;20.001,43;701;Outras Transferências de Convênios ou Repasses dos Estados;"Não ";Não Aplicável
Cabedelo;201040;Prefeitura Municipal de Cabedelo;092025;2025;17249901;Outras Transferências de Convênios dos Estados e DF e de Suas Entidades - Principal;Lançamento de Receita;85.269,27;700;Outras Transferências de Convênios ou Repasses da União;"Não ";Não Aplicável
Cabedelo;201040;Prefeitura Municipal de Cabedelo;072025;2025;17249901;Outras Transferências de Convênios dos Estados e DF e de Suas Entidades - Principal;Lançamento de Receita;159.665,81;700;Outras Transferências de Convênios ou Repasses da União;"Não ";Não Aplicável
Cabedelo;201040;Prefeitura Municipal de Cabedelo;072025;2025;17249901;Outras Transferências de Convênios dos Estados e DF e de Suas Entidades - Principal;Lançamento de Receita;37.452,48;701;Outras Transferências de Convênios ou Repasses dos Estados;"Não ";Não Aplicável
Cabedelo;201040;Prefeitura Municipal de Cabedelo;062025;2025;17249901;Outras Transferências de Convênios dos Estados e DF e de Suas Entidades - Principal;Lançamento de Receita;356.400;700;Outras Transferências de Convênios ou Repasses da União;"Não ";Não Aplicável
Cabedelo;201040;Prefeitura Municipal de Cabedelo;062025;2025;17249901;Outras Transferências de Convênios dos Estados e DF e de Suas Entidades - Principal;Lançamento de Receita;83.600;701;Outras Transferências de Convênios ou Repasses dos Estados;"Não ";Não Aplicável
Cabedelo;201040;Prefeitura Municipal de Cabedelo;122025;2025;17215201;Cota-Parte do IPI - Municípios - Principal;Lançamento de Receita;804,66;500;Recursos não vinculados de Impostos;1001;Identificação das despesas com manutenção e desenvolvimento do ensino
Cabedelo;201040;Prefeitura Municipal de Cabedelo;122025;2025;17215201;Cota-Parte do IPI - Municípios - Principal;Lançamento de Receita;740,28;500;Recursos não vinculados de Impostos;1002;Identificação das despesas com ações e serviços públicos de saúde
Cabedelo;201040;Prefeitura Municipal de Cabedelo;122025;2025;17215201;Cota-Parte do IPI - Municípios - Principal;Lançamento de Receita;1.673,69;500;Recursos não vinculados de Impostos;"Não ";Não Aplicável
Cabedelo;201040;Prefeitura Municipal de Cabedelo;112025;2025;17215201;Cota-Parte do IPI - Municípios - Principal;Lançamento de Receita;700,88;500;Recursos não vinculados de Impostos;1001;Identificação das despesas com manutenção e desenvolvimento do ensino
Cabedelo;201040;Prefeitura Municipal de Cabedelo;112025;2025;17215201;Cota-Parte do IPI - Municípios - Principal;Lançamento de Receita;644,81;500;Recursos não vinculados de Impostos;1002;Identificação das despesas com ações e serviços públicos de saúde
Cabedelo;201040;Prefeitura Municipal de Cabedelo;112025;2025;17215201;Cota-Parte do IPI - Municípios - Principal;Lançamento de Receita;1.457,83;500;Recursos não vinculados de Impostos;"Não ";Não Aplicável
Cabedelo;201040;Prefeitura Municipal de Cabedelo;102025;2025;17215201;Cota-Parte do IPI - Municípios - Principal;Lançamento de Receita;700,31;500;Recursos não vinculados de Impostos;1002;Identificação das despesas com ações e serviços públicos de saúde
Cabedelo;201040;Prefeitura Municipal de Cabedelo;102025;2025;17215201;Cota-Parte do IPI - Municípios - Principal;Lançamento de Receita;1.583,31;500;Recursos não vinculados de Impostos;"Não ";Não Aplicável
Cabedelo;201040;Prefeitura Municipal de Cabedelo;102025;2025;17215201;Cota-Parte do IPI - Municípios - Principal;Lançamento de Receita;761,2;500;Recursos não vinculados de Impostos;1001;Identificação das despesas com manutenção e desenvolvimento do ensino
Cabedelo;201040;Prefeitura Municipal de Cabedelo;092025;2025;17215201;Cota-Parte do IPI - Municípios - Principal;Lançamento de Receita;702,86;500;Recursos não vinculados de Impostos;1002;Identificação das despesas com ações e serviços públicos de saúde
Cabedelo;201040;Prefeitura Municipal de Cabedelo;092025;2025;17215201;Cota-Parte do IPI - Municípios - Principal;Lançamento de Receita;763,97;500;Recursos não vinculados de Impostos;1001;Identificação das despesas com manutenção e desenvolvimento do ensino
Cabedelo;201040;Prefeitura Municipal de Cabedelo;092025;2025;17215201;Cota-Parte do IPI - Municípios - Principal;Lançamento de Receita;1.589,06;500;Recursos não vinculados de Impostos;"Não ";Não Aplicável
Cabedelo;201040;Prefeitura Municipal de Cabedelo;082025;2025;17215201;Cota-Parte do IPI - Municípios - Principal;Lançamento de Receita;1.304,91;500;Recursos não vinculados de Impostos;"Não ";Não Aplicável
Cabedelo;201040;Prefeitura Municipal de Cabedelo;082025;2025;17215201;Cota-Parte do IPI - Municípios - Principal;Lançamento de Receita;577,17;500;Recursos não vinculados de Impostos;1002;Identificação das despesas com ações e serviços públicos de saúde
Cabedelo;201040;Prefeitura Municipal de Cabedelo;082025;2025;17215201;Cota-Parte do IPI - Municípios - Principal;Lançamento de Receita;627,36;500;Recursos não vinculados de Impostos;1001;Identificação das despesas com manutenção e desenvolvimento do ensino
Cabedelo;201040;Prefeitura Municipal de Cabedelo;072025;2025;17215201;Cota-Parte do IPI - Municípios - Principal;Lançamento de Receita;1.476,92;500;Recursos não vinculados de Impostos;"Não ";Não Aplicável
Cabedelo;201040;Prefeitura Municipal de Cabedelo;072025;2025;17215201;Cota-Parte do IPI - Municípios - Principal;Lançamento de Receita;653,24;500;Recursos não vinculados de Impostos;1002;Identificação das despesas com ações e serviços públicos de saúde
Cabedelo;201040;Prefeitura Municipal de Cabedelo;072025;2025;17215201;Cota-Parte do IPI - Municípios - Principal;Lançamento de Receita;710,05;500;Recursos não vinculados de Impostos;1001;Identificação das despesas com manutenção e desenvolvimento do ensino
Cabedelo;201040;Prefeitura Municipal de Cabedelo;062025;2025;17215201;Cota-Parte do IPI - Municípios - Principal;Lançamento de Receita;1.599,7;500;Recursos não vinculados de Impostos;"Não ";Não Aplicável
Cabedelo;201040;Prefeitura Municipal de Cabedelo;062025;2025;17215201;Cota-Parte do IPI - Municípios - Principal;Lançamento de Receita;707,57;500;Recursos não vinculados de Impostos;1002;Identificação das despesas com ações e serviços públicos de saúde
Cabedelo;201040;Prefeitura Municipal de Cabedelo;062025;2025;17215201;Cota-Parte do IPI - Municípios - Principal;Lançamento de Receita;769,09;500;Recursos não vinculados de Impostos;1001;Identificação das despesas com manutenção e desenvolvimento do ensino
Cabedelo;201040;Prefeitura Municipal de Cabedelo;052025;2025;17215201;Cota-Parte do IPI - Municípios - Principal;Lançamento de Receita;1.242,08;500;Recursos não vinculados de Impostos;"Não ";Não Aplicável
Cabedelo;201040;Prefeitura Municipal de Cabedelo;052025;2025;17215201;Cota-Parte do IPI - Municípios - Principal;Lançamento de Receita;597,16;500;Recursos não vinculados de Impostos;1001;Identificação das despesas com manutenção e desenvolvimento do ensino
Cabedelo;201040;Prefeitura Municipal de Cabedelo;052025;2025;17215201;Cota-Parte do IPI - Municípios - Principal;Lançamento de Receita;549,38;500;Recursos não vinculados de Impostos;1002;Identificação das despesas com ações e serviços públicos de saúde
Cabedelo;201040;Prefeitura Municipal de Cabedelo;042025;2025;17215201;Cota-Parte do IPI - Municípios - Principal;Lançamento de Receita;684,97;500;Recursos não vinculados de Impostos;1002;Identificação das despesas com ações e serviços públicos de saúde
Cabedelo;201040;Prefeitura Municipal de Cabedelo;042025;2025;17215201;Cota-Parte do IPI - Municípios - Principal;Lançamento de Receita;744,53;500;Recursos não vinculados de Impostos;1001;Identificação das despesas com manutenção e desenvolvimento do ensino
Cabedelo;201040;Prefeitura Municipal de Cabedelo;042025;2025;17215201;Cota-Parte do IPI - Municípios - Principal;Lançamento de Receita;1.548,63;500;Recursos não vinculados de Impostos;"Não ";Não Aplicável
Cabedelo;201040;Prefeitura Municipal de Cabedelo;032025;2025;17215201;Cota-Parte do IPI - Municípios - Principal;Lançamento de Receita;1.468,48;500;Recursos não vinculados de Impostos;"Não ";Não Aplicável
Cabedelo;201040;Prefeitura Municipal de Cabedelo;032025;2025;17215201;Cota-Parte do IPI - Municípios - Principal;Lançamento de Receita;649,52;500;Recursos não vinculados de Impostos;1002;Identificação das despesas com ações e serviços públicos de saúde
Cabedelo;201040;Prefeitura Municipal de Cabedelo;032025;2025;17215201;Cota-Parte do IPI - Municípios - Principal;Lançamento de Receita;706;500;Recursos não vinculados de Impostos;1001;Identificação das despesas com manutenção e desenvolvimento do ensino
Cabedelo;201040;Prefeitura Municipal de Cabedelo;022025;2025;17215201;Cota-Parte do IPI - Municípios - Principal;Lançamento de Receita;1.273,03;500;Recursos não vinculados de Impostos;"Não ";Não Aplicável
Cabedelo;201040;Prefeitura Municipal de Cabedelo;022025;2025;17215201;Cota-Parte do IPI - Municípios - Principal;Lançamento de Receita;563,07;500;Recursos não vinculados de Impostos;1002;Identificação das despesas com ações e serviços públicos de saúde
Cabedelo;201040;Prefeitura Municipal de Cabedelo;022025;2025;17215201;Cota-Parte do IPI - Municípios - Principal;Lançamento de Receita;612,04;500;Recursos não vinculados de Impostos;1001;Identificação das despesas com manutenção e desenvolvimento do ensino
Cabedelo;201040;Prefeitura Municipal de Cabedelo;012025;2025;17215201;Cota-Parte do IPI - Municípios - Principal;Lançamento de Receita;527,59;500;Recursos não vinculados de Impostos;1001;Identificação das despesas com manutenção e desenvolvimento do ensino
Cabedelo;201040;Prefeitura Municipal de Cabedelo;012025;2025;17215201;Cota-Parte do IPI - Municípios - Principal;Lançamento de Receita;485,39;500;Recursos não vinculados de Impostos;1002;Identificação das despesas com ações e serviços públicos de saúde
Cabedelo;201040;Prefeitura Municipal de Cabedelo;012025;2025;17215201;Cota-Parte do IPI - Municípios - Principal;Lançamento de Receita;1.097,4;500;Recursos não vinculados de Impostos;"Não ";Não Aplicável
Cabedelo;201040;Prefeitura Municipal de Cabedelo;122025;2025;17215101;Cota-Parte do IPVA - Principal;Lançamento de Receita;170.761,12;500;Recursos não vinculados de Impostos;1002;Identificação das despesas com ações e serviços públicos de saúde
Cabedelo;201040;Prefeitura Municipal de Cabedelo;122025;2025;17215101;Cota-Parte do IPVA - Principal;Lançamento de Receita;170.761,17;500;Recursos não vinculados de Impostos;1001;Identificação das despesas com manutenção e desenvolvimento do ensino
Cabedelo;201040;Prefeitura Municipal de Cabedelo;122025;2025;17215101;Cota-Parte do IPVA - Principal;Lançamento de Receita;341.522,31;500;Recursos não vinculados de Impostos;"Não ";Não Aplicável
Cabedelo;201040;Prefeitura Municipal de Cabedelo;112025;2025;17215101;Cota-Parte do IPVA - Principal;Lançamento de Receita;234.417,01;500;Recursos não vinculados de Impostos;1002;Identificação das despesas com ações e serviços públicos de saúde
Cabedelo;201040;Prefeitura Municipal de Cabedelo;112025;2025;17215101;Cota-Parte do IPVA - Principal;Lançamento de Receita;468.834,04;500;Recursos não vinculados de Impostos;"Não ";Não Aplicável
Cabedelo;201040;Prefeitura Municipal de Cabedelo;112025;2025;17215101;Cota-Parte do IPVA - Principal;Lançamento de Receita;234.417,02;500;Recursos não vinculados de Impostos;1001;Identificação das despesas com manutenção e desenvolvimento do ensino
Cabedelo;201040;Prefeitura Municipal de Cabedelo;102025;2025;17215101;Cota-Parte do IPVA - Principal;Lançamento de Receita;228.054,78;500;Recursos não vinculados de Impostos;1001;Identificação das despesas com manutenção e desenvolvimento do ensino
Cabedelo;201040;Prefeitura Municipal de Cabedelo;102025;2025;17215101;Cota-Parte do IPVA - Principal;Lançamento de Receita;228.054,76;500;Recursos não vinculados de Impostos;1002;Identificação das despesas com ações e serviços públicos de saúde
Cabedelo;201040;Prefeitura Municipal de Cabedelo;102025;2025;17215101;Cota-Parte do IPVA - Principal;Lançamento de Receita;456.109,55;500;Recursos não vinculados de Impostos;"Não ";Não Aplicável
Cabedelo;201040;Prefeitura Municipal de Cabedelo;092025;2025;17215101;Cota-Parte do IPVA - Principal;Lançamento de Receita;185.131,08;500;Recursos não vinculados de Impostos;1002;Identificação das despesas com ações e serviços públicos de saúde
Cabedelo;201040;Prefeitura Municipal de Cabedelo;092025;2025;17215101;Cota-Parte do IPVA - Principal;Lançamento de Receita;185.131,05;500;Recursos não vinculados de Impostos;1001;Identificação das despesas com manutenção e desenvolvimento do ensino
Cabedelo;201040;Prefeitura Municipal de Cabedelo;092025;2025;17215101;Cota-Parte do IPVA - Principal;Lançamento de Receita;370.262,1;500;Recursos não vinculados de Impostos;"Não ";Não Aplicável
Cabedelo;201040;Prefeitura Municipal de Cabedelo;082025;2025;17215101;Cota-Parte do IPVA - Principal;Lançamento de Receita;205.051,74;500;Recursos não vinculados de Impostos;1001;Identificação das despesas com manutenção e desenvolvimento do ensino
Cabedelo;201040;Prefeitura Municipal de Cabedelo;082025;2025;17215101;Cota-Parte do IPVA - Principal;Lançamento de Receita;205.051,77;500;Recursos não vinculados de Impostos;1002;Identificação das despesas com ações e serviços públicos de saúde
Cabedelo;201040;Prefeitura Municipal de Cabedelo;082025;2025;17215101;Cota-Parte do IPVA - Principal;Lançamento de Receita;410.103,5;500;Recursos não vinculados de Impostos;"Não ";Não Aplicável
Cabedelo;201040;Prefeitura Municipal de Cabedelo;072025;2025;17215101;Cota-Parte do IPVA - Principal;Lançamento de Receita;201.375,39;500;Recursos não vinculados de Impostos;1002;Identificação das despesas com ações e serviços públicos de saúde
Cabedelo;201040;Prefeitura Municipal de Cabedelo;072025;2025;17215101;Cota-Parte do IPVA - Principal;Lançamento de Receita;694.688,43;500;Recursos não vinculados de Impostos;"Não ";Não Aplicável
Cabedelo;201040;Prefeitura Municipal de Cabedelo;072025;2025;17215101;Cota-Parte do IPVA - Principal;Lançamento de Receita;201.375,36;500;Recursos não vinculados de Impostos;1001;Identificação das despesas com manutenção e desenvolvimento do ensino
Cabedelo;201040;Prefeitura Municipal de Cabedelo;062025;2025;17215101;Cota-Parte do IPVA - Principal;Lançamento de Receita;481.806,68;500;Recursos não vinculados de Impostos;"Não ";Não Aplicável
Cabedelo;201040;Prefeitura Municipal de Cabedelo;062025;2025;17215101;Cota-Parte do IPVA - Principal;Lançamento de Receita;240.903,34;500;Recursos não vinculados de Impostos;1002;Identificação das despesas com ações e serviços públicos de saúde
Cabedelo;201040;Prefeitura Municipal de Cabedelo;062025;2025;17215101;Cota-Parte do IPVA - Principal;Lançamento de Receita;240.903,33;500;Recursos não vinculados de Impostos;1001;Identificação das despesas com manutenção e desenvolvimento do ensino
Cabedelo;201040;Prefeitura Municipal de Cabedelo;052025;2025;17215101;Cota-Parte do IPVA - Principal;Lançamento de Receita;603.819,14;500;Recursos não vinculados de Impostos;"Não ";Não Aplicável
Cabedelo;201040;Prefeitura Municipal de Cabedelo;052025;2025;17215101;Cota-Parte do IPVA - Principal;Lançamento de Receita;301.909,57;500;Recursos não vinculados de Impostos;1001;Identificação das despesas com manutenção e desenvolvimento do ensino
Cabedelo;201040;Prefeitura Municipal de Cabedelo;052025;2025;17215101;Cota-Parte do IPVA - Principal;Lançamento de Receita;301.909,54;500;Recursos não vinculados de Impostos;1002;Identificação das despesas com ações e serviços públicos de saúde
Cabedelo;201040;Prefeitura Municipal de Cabedelo;042025;2025;17215101;Cota-Parte do IPVA - Principal;Lançamento de Receita;278.180,11;500;Recursos não vinculados de Impostos;1002;Identificação das despesas com ações e serviços públicos de saúde
Cabedelo;201040;Prefeitura Municipal de Cabedelo;042025;2025;17215101;Cota-Parte do IPVA - Principal;Lançamento de Receita;278.180,09;500;Recursos não vinculados de Impostos;1001;Identificação das despesas com manutenção e desenvolvimento do ensino
Cabedelo;201040;Prefeitura Municipal de Cabedelo;042025;2025;17215101;Cota-Parte do IPVA - Principal;Lançamento de Receita;556.360,19;500;Recursos não vinculados de Impostos;"Não ";Não Aplicável
Cabedelo;201040;Prefeitura Municipal de Cabedelo;032025;2025;17215101;Cota-Parte do IPVA - Principal;Lançamento de Receita;565.846,83;500;Recursos não vinculados de Impostos;"Não ";Não Aplicável
Cabedelo;201040;Prefeitura Municipal de Cabedelo;032025;2025;17215101;Cota-Parte do IPVA - Principal;Lançamento de Receita;282.923,4;500;Recursos não vinculados de Impostos;1002;Identificação das despesas com ações e serviços públicos de saúde
Cabedelo;201040;Prefeitura Municipal de Cabedelo;032025;2025;17215101;Cota-Parte do IPVA - Principal;Lançamento de Receita;282.923,43;500;Recursos não vinculados de Impostos;1001;Identificação das despesas com manutenção e desenvolvimento do ensino
Cabedelo;201040;Prefeitura Municipal de Cabedelo;022025;2025;17215101;Cota-Parte do IPVA - Principal;Lançamento de Receita;270.085,93;500;Recursos não vinculados de Impostos;1001;Identificação das despesas com manutenção e desenvolvimento do ensino
Cabedelo;201040;Prefeitura Municipal de Cabedelo;022025;2025;17215101;Cota-Parte do IPVA - Principal;Lançamento de Receita;540.171,84;500;Recursos não vinculados de Impostos;"Não ";Não Aplicável
Cabedelo;201040;Prefeitura Municipal de Cabedelo;022025;2025;17215101;Cota-Parte do IPVA - Principal;Lançamento de Receita;270.085,92;500;Recursos não vinculados de Impostos;1002;Identificação das despesas com ações e serviços públicos de saúde
Cabedelo;201040;Prefeitura Municipal de Cabedelo;012025;2025;17215101;Cota-Parte do IPVA - Principal;Lançamento de Receita;410.966,81;500;Recursos não vinculados de Impostos;1002;Identificação das despesas com ações e serviços públicos de saúde
Cabedelo;201040;Prefeitura Municipal de Cabedelo;012025;2025;17215101;Cota-Parte do IPVA - Principal;Lançamento de Receita;821.933,68;500;Recursos não vinculados de Impostos;"Não ";Não Aplicável
Cabedelo;201040;Prefeitura Municipal de Cabedelo;012025;2025;17215101;Cota-Parte do IPVA - Principal;Lançamento de Receita;410.966,83;500;Recursos não vinculados de Impostos;1001;Identificação das despesas com manutenção e desenvolvimento do ensino
Cabedelo;201040;Prefeitura Municipal de Cabedelo;122025;2025;17215001;Cota-Parte do ICMS - Principal;Lançamento de Receita;3.923.906,98;500;Recursos não vinculados de Impostos;1001;Identificação das despesas com manutenção e desenvolvimento do ensino
Cabedelo;201040;Prefeitura Municipal de Cabedelo;122025;2025;17215001;Cota-Parte do ICMS - Principal;Lançamento de Receita;6.539.844,98;500;Recursos não vinculados de Impostos;"Não ";Não Aplicável
Cabedelo;201040;Prefeitura Municipal de Cabedelo;122025;2025;17215001;Cota-Parte do ICMS - Principal;Lançamento de Receita;2.615.937,97;500;Recursos não vinculados de Impostos;1002;Identificação das despesas com ações e serviços públicos de saúde
Cabedelo;201040;Prefeitura Municipal de Cabedelo;122025;2025;17215001;Cota-Parte do ICMS - Principal;Dedução do Fundeb;-2.615.937,96;500;Recursos não vinculados de Impostos;"Não ";Não Aplicável
Cabedelo;201040;Prefeitura Municipal de Cabedelo;112025;2025;17215001;Cota-Parte do ICMS - Principal;Lançamento de Receita;2.631.284,86;500;Recursos não vinculados de Impostos;1001;Identificação das despesas com manutenção e desenvolvimento do ensino
Cabedelo;201040;Prefeitura Municipal de Cabedelo;112025;2025;17215001;Cota-Parte do ICMS - Principal;Lançamento de Receita;4.385.474,76;500;Recursos não vinculados de Impostos;"Não ";Não Aplicável
Cabedelo;201040;Prefeitura Municipal de Cabedelo;112025;2025;17215001;Cota-Parte do ICMS - Principal;Lançamento de Receita;1.754.189,91;500;Recursos não vinculados de Impostos;1002;Identificação das despesas com ações e serviços públicos de saúde
Cabedelo;201040;Prefeitura Municipal de Cabedelo;112025;2025;17215001;Cota-Parte do ICMS - Principal;Dedução do Fundeb;-1.827.795,05;500;Recursos não vinculados de Impostos;"Não ";Não Aplicável
Cabedelo;201040;Prefeitura Municipal de Cabedelo;102025;2025;17215001;Cota-Parte do ICMS - Principal;Lançamento de Receita;2.021.130,03;500;Recursos não vinculados de Impostos;1002;Identificação das despesas com ações e serviços públicos de saúde
Cabedelo;201040;Prefeitura Municipal de Cabedelo;102025;2025;17215001;Cota-Parte do ICMS - Principal;Lançamento de Receita;3.031.695,03;500;Recursos não vinculados de Impostos;1001;Identificação das despesas com manutenção e desenvolvimento do ensino
Cabedelo;201040;Prefeitura Municipal de Cabedelo;102025;2025;17215001;Cota-Parte do ICMS - Principal;Dedução do Fundeb;-2.021.130,01;500;Recursos não vinculados de Impostos;"Não ";Não Aplicável
Cabedelo;201040;Prefeitura Municipal de Cabedelo;102025;2025;17215001;Cota-Parte do ICMS - Principal;Lançamento de Receita;5.052.825,08;500;Recursos não vinculados de Impostos;"Não ";Não Aplicável
Cabedelo;201040;Prefeitura Municipal de Cabedelo;092025;2025;17215001;Cota-Parte do ICMS - Principal;Lançamento de Receita;3.319.239;500;Recursos não vinculados de Impostos;1001;Identificação das despesas com manutenção e desenvolvimento do ensino
Cabedelo;201040;Prefeitura Municipal de Cabedelo;092025;2025;17215001;Cota-Parte do ICMS - Principal;Dedução do Fundeb;-2.212.825,98;500;Recursos não vinculados de Impostos;"Não ";Não Aplicável
Cabedelo;201040;Prefeitura Municipal de Cabedelo;092025;2025;17215001;Cota-Parte do ICMS - Principal;Lançamento de Receita;5.532.064,97;500;Recursos não vinculados de Impostos;"Não ";Não Aplicável
Cabedelo;201040;Prefeitura Municipal de Cabedelo;092025;2025;17215001;Cota-Parte do ICMS - Principal;Lançamento de Receita;2.212.825,98;500;Recursos não vinculados de Impostos;1002;Identificação das despesas com ações e serviços públicos de saúde
Cabedelo;201040;Prefeitura Municipal de Cabedelo;082025;2025;17215001;Cota-Parte do ICMS - Principal;Dedução do Fundeb;-2.325.082,14;500;Recursos não vinculados de Impostos;"Não ";Não Aplicável
Cabedelo;201040;Prefeitura Municipal de Cabedelo;082025;2025;17215001;Cota-Parte do ICMS - Principal;Lançamento de Receita;2.325.082,16;500;Recursos não vinculados de Impostos;1002;Identificação das despesas com ações e serviços públicos de saúde
Cabedelo;201040;Prefeitura Municipal de Cabedelo;082025;2025;17215001;Cota-Parte do ICMS - Principal;Lançamento de Receita;5.812.705,41;500;Recursos não vinculados de Impostos;"Não ";Não Aplicável
Cabedelo;201040;Prefeitura Municipal de Cabedelo;082025;2025;17215001;Cota-Parte do ICMS - Principal;Lançamento de Receita;3.487.623,24;500;Recursos não vinculados de Impostos;1001;Identificação das despesas com manutenção e desenvolvimento do ensino
Cabedelo;201040;Prefeitura Municipal de Cabedelo;072025;2025;17215001;Cota-Parte do ICMS - Principal;Dedução do Fundeb;-2.168.867,02;500;Recursos não vinculados de Impostos;"Não ";Não Aplicável
Cabedelo;201040;Prefeitura Municipal de Cabedelo;072025;2025;17215001;Cota-Parte do ICMS - Principal;Lançamento de Receita;3.147.561,91;500;Recursos não vinculados de Impostos;1001;Identificação das despesas com manutenção e desenvolvimento do ensino
Cabedelo;201040;Prefeitura Municipal de Cabedelo;072025;2025;17215001;Cota-Parte do ICMS - Principal;Lançamento de Receita;5.598.398,71;500;Recursos não vinculados de Impostos;"Não ";Não Aplicável
Cabedelo;201040;Prefeitura Municipal de Cabedelo;072025;2025;17215001;Cota-Parte do ICMS - Principal;Lançamento de Receita;2.098.374,6;500;Recursos não vinculados de Impostos;1002;Identificação das despesas com ações e serviços públicos de saúde
Cabedelo;201040;Prefeitura Municipal de Cabedelo;062025;2025;17215001;Cota-Parte do ICMS - Principal;Lançamento de Receita;1.937.119,38;500;Recursos não vinculados de Impostos;1002;Identificação das despesas com ações e serviços públicos de saúde
Cabedelo;201040;Prefeitura Municipal de Cabedelo;062025;2025;17215001;Cota-Parte do ICMS - Principal;Lançamento de Receita;2.905.679,08;500;Recursos não vinculados de Impostos;1001;Identificação das despesas com manutenção e desenvolvimento do ensino
Cabedelo;201040;Prefeitura Municipal de Cabedelo;062025;2025;17215001;Cota-Parte do ICMS - Principal;Lançamento de Receita;4.842.798,47;500;Recursos não vinculados de Impostos;"Não ";Não Aplicável
Cabedelo;201040;Prefeitura Municipal de Cabedelo;062025;2025;17215001;Cota-Parte do ICMS - Principal;Dedução do Fundeb;-1.937.119,37;500;Recursos não vinculados de Impostos;"Não ";Não Aplicável
Cabedelo;201040;Prefeitura Municipal de Cabedelo;052025;2025;17215001;Cota-Parte do ICMS - Principal;Lançamento de Receita;4.775.736,63;500;Recursos não vinculados de Impostos;"Não ";Não Aplicável
Cabedelo;201040;Prefeitura Municipal de Cabedelo;052025;2025;17215001;Cota-Parte do ICMS - Principal;Lançamento de Receita;2.865.441,97;500;Recursos não vinculados de Impostos;1001;Identificação das despesas com manutenção e desenvolvimento do ensino
Cabedelo;201040;Prefeitura Municipal de Cabedelo;052025;2025;17215001;Cota-Parte do ICMS - Principal;Lançamento de Receita;1.910.294,64;500;Recursos não vinculados de Impostos;1002;Identificação das despesas com ações e serviços públicos de saúde
Cabedelo;201040;Prefeitura Municipal de Cabedelo;052025;2025;17215001;Cota-Parte do ICMS - Principal;Dedução do Fundeb;-1.910.294,64;500;Recursos não vinculados de Impostos;"Não ";Não Aplicável
Cabedelo;201040;Prefeitura Municipal de Cabedelo;042025;2025;17215001;Cota-Parte do ICMS - Principal;Lançamento de Receita;4.976.569,57;500;Recursos não vinculados de Impostos;"Não ";Não Aplicável
Cabedelo;201040;Prefeitura Municipal de Cabedelo;042025;2025;17215001;Cota-Parte do ICMS - Principal;Lançamento de Receita;1.990.627,82;500;Recursos não vinculados de Impostos;1002;Identificação das despesas com ações e serviços públicos de saúde
Cabedelo;201040;Prefeitura Municipal de Cabedelo;042025;2025;17215001;Cota-Parte do ICMS - Principal;Dedução do Fundeb;-1.990.627,8;500;Recursos não vinculados de Impostos;"Não ";Não Aplicável
Cabedelo;201040;Prefeitura Municipal de Cabedelo;042025;2025;17215001;Cota-Parte do ICMS - Principal;Lançamento de Receita;2.985.941,75;500;Recursos não vinculados de Impostos;1001;Identificação das despesas com manutenção e desenvolvimento do ensino
Cabedelo;201040;Prefeitura Municipal de Cabedelo;032025;2025;17215001;Cota-Parte do ICMS - Principal;Dedução do Fundeb;-1.955.314,42;500;Recursos não vinculados de Impostos;"Não ";Não Aplicável
Cabedelo;201040;Prefeitura Municipal de Cabedelo;032025;2025;17215001;Cota-Parte do ICMS - Principal;Lançamento de Receita;4.888.286,12;500;Recursos não vinculados de Impostos;"Não ";Não Aplicável
Cabedelo;201040;Prefeitura Municipal de Cabedelo;032025;2025;17215001;Cota-Parte do ICMS - Principal;Lançamento de Receita;1.955.314,45;500;Recursos não vinculados de Impostos;1002;Identificação das despesas com ações e serviços públicos de saúde
Cabedelo;201040;Prefeitura Municipal de Cabedelo;032025;2025;17215001;Cota-Parte do ICMS - Principal;Lançamento de Receita;2.932.971,66;500;Recursos não vinculados de Impostos;1001;Identificação das despesas com manutenção e desenvolvimento do ensino
Cabedelo;201040;Prefeitura Municipal de Cabedelo;022025;2025;17215001;Cota-Parte do ICMS - Principal;Dedução do Fundeb;-1.836.030,07;500;Recursos não vinculados de Impostos;"Não ";Não Aplicável
Cabedelo;201040;Prefeitura Municipal de Cabedelo;022025;2025;17215001;Cota-Parte do ICMS - Principal;Lançamento de Receita;1.863.500,25;500;Recursos não vinculados de Impostos;1002;Identificação das despesas com ações e serviços públicos de saúde
Cabedelo;201040;Prefeitura Municipal de Cabedelo;022025;2025;17215001;Cota-Parte do ICMS - Principal;Lançamento de Receita;4.658.750,61;500;Recursos não vinculados de Impostos;"Não ";Não Aplicável
Cabedelo;201040;Prefeitura Municipal de Cabedelo;022025;2025;17215001;Cota-Parte do ICMS - Principal;Lançamento de Receita;2.795.250,36;500;Recursos não vinculados de Impostos;1001;Identificação das despesas com manutenção e desenvolvimento do ensino
Cabedelo;201040;Prefeitura Municipal de Cabedelo;012025;2025;17215001;Cota-Parte do ICMS - Principal;Lançamento de Receita;3.209.539,05;500;Recursos não vinculados de Impostos;1001;Identificação das despesas com manutenção e desenvolvimento do ensino
Cabedelo;201040;Prefeitura Municipal de Cabedelo;012025;2025;17215001;Cota-Parte do ICMS - Principal;Lançamento de Receita;5.349.231,75;500;Recursos não vinculados de Impostos;"Não ";Não Aplicável
Cabedelo;201040;Prefeitura Municipal de Cabedelo;012025;2025;17215001;Cota-Parte do ICMS - Principal;Lançamento de Receita;2.139.692,68;500;Recursos não vinculados de Impostos;1002;Identificação das despesas com ações e serviços públicos de saúde
Cabedelo;201040;Prefeitura Municipal de Cabedelo;012025;2025;17215001;Cota-Parte do ICMS - Principal;Dedução do Fundeb;-2.139.692,67;500;Recursos não vinculados de Impostos;"Não ";Não Aplicável
Cabedelo;201040;Prefeitura Municipal de Cabedelo;122025;2025;17199901;Outras Transferências de Recursos da União e de suas Entidades - Principal;Lançamento de Receita;820.994,7;701;Outras Transferências de Convênios ou Repasses dos Estados;"Não ";Não Aplicável
Cabedelo;201040;Prefeitura Municipal de Cabedelo;122025;2025;17199901;Outras Transferências de Recursos da União e de suas Entidades - Principal;Lançamento de Receita;144.881,42;700;Outras Transferências de Convênios ou Repasses da União;"Não ";Não Aplicável
Cabedelo;201040;Prefeitura Municipal de Cabedelo;112025;2025;17199901;Outras Transferências de Recursos da União e de suas Entidades - Principal;Lançamento de Receita;4.978,55;701;Outras Transferências de Convênios ou Repasses dos Estados;"Não ";Não Aplicável
Cabedelo;201040;Prefeitura Municipal de Cabedelo;112025;2025;17199901;Outras Transferências de Recursos da União e de suas Entidades - Principal;Lançamento de Receita;878,57;700;Outras Transferências de Convênios ou Repasses da União;"Não ";Não Aplicável
Cabedelo;201040;Prefeitura Municipal de Cabedelo;102025;2025;17199901;Outras Transferências de Recursos da União e de suas Entidades - Principal;Lançamento de Receita;878,57;700;Outras Transferências de Convênios ou Repasses da União;"Não ";Não Aplicável
Cabedelo;201040;Prefeitura Municipal de Cabedelo;102025;2025;17199901;Outras Transferências de Recursos da União e de suas Entidades - Principal;Lançamento de Receita;4.978,55;701;Outras Transferências de Convênios ou Repasses dos Estados;"Não ";Não Aplicável
Cabedelo;201040;Prefeitura Municipal de Cabedelo;092025;2025;17199901;Outras Transferências de Recursos da União e de suas Entidades - Principal;Lançamento de Receita;4.978,55;701;Outras Transferências de Convênios ou Repasses dos Estados;"Não ";Não Aplicável
Cabedelo;201040;Prefeitura Municipal de Cabedelo;092025;2025;17199901;Outras Transferências de Recursos da União e de suas Entidades - Principal;Lançamento de Receita;878,57;700;Outras Transferências de Convênios ou Repasses da União;"Não ";Não Aplicável
Cabedelo;201040;Prefeitura Municipal de Cabedelo;082025;2025;17199901;Outras Transferências de Recursos da União e de suas Entidades - Principal;Lançamento de Receita;4.978,55;701;Outras Transferências de Convênios ou Repasses dos Estados;"Não ";Não Aplicável
Cabedelo;201040;Prefeitura Municipal de Cabedelo;082025;2025;17199901;Outras Transferências de Recursos da União e de suas Entidades - Principal;Lançamento de Receita;878,57;700;Outras Transferências de Convênios ou Repasses da União;"Não ";Não Aplicável
Cabedelo;201040;Prefeitura Municipal de Cabedelo;072025;2025;17199901;Outras Transferências de Recursos da União e de suas Entidades - Principal;Lançamento de Receita;878,57;700;Outras Transferências de Convênios ou Repasses da União;"Não ";Não Aplicável
Cabedelo;201040;Prefeitura Municipal de Cabedelo;072025;2025;17199901;Outras Transferências de Recursos da União e de suas Entidades - Principal;Lançamento de Receita;4.978,55;701;Outras Transferências de Convênios ou Repasses dos Estados;"Não ";Não Aplicável
Cabedelo;201040;Prefeitura Municipal de Cabedelo;062025;2025;17199901;Outras Transferências de Recursos da União e de suas Entidades - Principal;Lançamento de Receita;5.857,12;500;Recursos não vinculados de Impostos;"Não ";Não Aplicável
Cabedelo;201040;Prefeitura Municipal de Cabedelo;052025;2025;17199901;Outras Transferências de Recursos da União e de suas Entidades - Principal;Lançamento de Receita;51,97;500;Recursos não vinculados de Impostos;"Não ";Não Aplicável
Cabedelo;201040;Prefeitura Municipal de Cabedelo;052025;2025;17199901;Outras Transferências de Recursos da União e de suas Entidades - Principal;Lançamento de Receita;4.978,55;701;Outras Transferências de Convênios ou Repasses dos Estados;"Não ";Não Aplicável
Cabedelo;201040;Prefeitura Municipal de Cabedelo;052025;2025;17199901;Outras Transferências de Recursos da União e de suas Entidades - Principal;Lançamento de Receita;878,57;700;Outras Transferências de Convênios ou Repasses da União;"Não ";Não Aplicável
Cabedelo;201040;Prefeitura Municipal de Cabedelo;042025;2025;17199901;Outras Transferências de Recursos da União e de suas Entidades - Principal;Lançamento de Receita;4.978,55;701;Outras Transferências de Convênios ou Repasses dos Estados;"Não ";Não Aplicável
Cabedelo;201040;Prefeitura Municipal de Cabedelo;042025;2025;17199901;Outras Transferências de Recursos da União e de suas Entidades - Principal;Lançamento de Receita;878,57;700;Outras Transferências de Convênios ou Repasses da União;"Não ";Não Aplicável
Cabedelo;201040;Prefeitura Municipal de Cabedelo;032025;2025;17199901;Outras Transferências de Recursos da União e de suas Entidades - Principal;Lançamento de Receita;655.941,36;701;Outras Transferências de Convênios ou Repasses dos Estados;"Não ";Não Aplicável
Cabedelo;201040;Prefeitura Municipal de Cabedelo;032025;2025;17199901;Outras Transferências de Recursos da União e de suas Entidades - Principal;Lançamento de Receita;115.754,36;700;Outras Transferências de Convênios ou Repasses da União;"Não ";Não Aplicável
Cabedelo;201040;Prefeitura Municipal de Cabedelo;022025;2025;17199901;Outras Transferências de Recursos da União e de suas Entidades - Principal;Lançamento de Receita;878,57;700;Outras Transferências de Convênios ou Repasses da União;"Não ";Não Aplicável
Cabedelo;201040;Prefeitura Municipal de Cabedelo;022025;2025;17199901;Outras Transferências de Recursos da União e de suas Entidades - Principal;Lançamento de Receita;4.978,55;701;Outras Transferências de Convênios ou Repasses dos Estados;"Não ";Não Aplicável
Cabedelo;201040;Prefeitura Municipal de Cabedelo;012025;2025;17199901;Outras Transferências de Recursos da União e de suas Entidades - Principal;Lançamento de Receita;4.978,55;701;Outras Transferências de Convênios ou Repasses dos Estados;"Não ";Não Aplicável
Cabedelo;201040;Prefeitura Municipal de Cabedelo;012025;2025;17199901;Outras Transferências de Recursos da União e de suas Entidades - Principal;Lançamento de Receita;878,57;700;Outras Transferências de Convênios ou Repasses da União;"Não ";Não Aplicável
Cabedelo;201040;Prefeitura Municipal de Cabedelo;122025;2025;17195701;Transferência Especial da União - Principal;Lançamento de Receita;100.000;706;"Transferência Especial da União ";3110;Identificação das Transferências da União decorrentes de emendas parlamentares individuais
Cabedelo;201040;Prefeitura Municipal de Cabedelo;102025;2025;17195701;Transferência Especial da União - Principal;Lançamento de Receita;3.564.000;706;"Transferência Especial da União ";3110;Identificação das Transferências da União decorrentes de emendas parlamentares individuais
Cabedelo;201040;Prefeitura Municipal de Cabedelo;042025;2025;17179901;Outras Transferências de Convênios da União e de Suas Entidades - Principal;Lançamento de Receita;174.810;700;Outras Transferências de Convênios ou Repasses da União;"Não ";Não Aplicável
Cabedelo;201040;Prefeitura Municipal de Cabedelo;122025;2025;17165001;Transferências de Recursos do Fundo Nacional de Assistência Social – FNAS - Principal;Lançamento de Receita;284.399,53;660;Transferência de Recursos do Fundo Nacional de Assistência Social - FNAS;"Não ";Não Aplicável
Cabedelo;201040;Prefeitura Municipal de Cabedelo;112025;2025;17165001;Transferências de Recursos do Fundo Nacional de Assistência Social – FNAS - Principal;Lançamento de Receita;84.857,6;660;Transferência de Recursos do Fundo Nacional de Assistência Social - FNAS;"Não ";Não Aplicável
Cabedelo;201040;Prefeitura Municipal de Cabedelo;102025;2025;17165001;Transferências de Recursos do Fundo Nacional de Assistência Social – FNAS - Principal;Lançamento de Receita;77.923,72;660;Transferência de Recursos do Fundo Nacional de Assistência Social - FNAS;"Não ";Não Aplicável
Cabedelo;201040;Prefeitura Municipal de Cabedelo;092025;2025;17165001;Transferências de Recursos do Fundo Nacional de Assistência Social – FNAS - Principal;Lançamento de Receita;116.502,17;660;Transferência de Recursos do Fundo Nacional de Assistência Social - FNAS;"Não ";Não Aplicável
Cabedelo;201040;Prefeitura Municipal de Cabedelo;082025;2025;17165001;Transferências de Recursos do Fundo Nacional de Assistência Social – FNAS - Principal;Lançamento de Receita;73.811,77;660;Transferência de Recursos do Fundo Nacional de Assistência Social - FNAS;"Não ";Não Aplicável
Cabedelo;201040;Prefeitura Municipal de Cabedelo;072025;2025;17165001;Transferências de Recursos do Fundo Nacional de Assistência Social – FNAS - Principal;Lançamento de Receita;55.983,09;500;Recursos não vinculados de Impostos;"Não ";Não Aplicável
Cabedelo;201040;Prefeitura Municipal de Cabedelo;072025;2025;17165001;Transferências de Recursos do Fundo Nacional de Assistência Social – FNAS - Principal;Lançamento de Receita;2.403,96;500;Recursos não vinculados de Impostos;1002;Identificação das despesas com ações e serviços públicos de saúde
Cabedelo;201040;Prefeitura Municipal de Cabedelo;072025;2025;17165001;Transferências de Recursos do Fundo Nacional de Assistência Social – FNAS - Principal;Lançamento de Receita;115.708,14;660;Transferência de Recursos do Fundo Nacional de Assistência Social - FNAS;"Não ";Não Aplicável
Cabedelo;201040;Prefeitura Municipal de Cabedelo;072025;2025;17165001;Transferências de Recursos do Fundo Nacional de Assistência Social – FNAS - Principal;Lançamento de Receita;2.613;500;Recursos não vinculados de Impostos;1001;Identificação das despesas com manutenção e desenvolvimento do ensino
Cabedelo;201040;Prefeitura Municipal de Cabedelo;062025;2025;17165001;Transferências de Recursos do Fundo Nacional de Assistência Social – FNAS - Principal;Lançamento de Receita;11.514,28;660;Transferência de Recursos do Fundo Nacional de Assistência Social - FNAS;"Não ";Não Aplicável
Cabedelo;201040;Prefeitura Municipal de Cabedelo;052025;2025;17165001;Transferências de Recursos do Fundo Nacional de Assistência Social – FNAS - Principal;Lançamento de Receita;74.968,46;660;Transferência de Recursos do Fundo Nacional de Assistência Social - FNAS;"Não ";Não Aplicável
Cabedelo;201040;Prefeitura Municipal de Cabedelo;042025;2025;17165001;Transferências de Recursos do Fundo Nacional de Assistência Social – FNAS - Principal;Lançamento de Receita;90.494,34;660;Transferência de Recursos do Fundo Nacional de Assistência Social - FNAS;"Não ";Não Aplicável
Cabedelo;201040;Prefeitura Municipal de Cabedelo;032025;2025;17165001;Transferências de Recursos do Fundo Nacional de Assistência Social – FNAS - Principal;Lançamento de Receita;66.059,29;660;Transferência de Recursos do Fundo Nacional de Assistência Social - FNAS;"Não ";Não Aplicável
Cabedelo;201040;Prefeitura Municipal de Cabedelo;022025;2025;17165001;Transferências de Recursos do Fundo Nacional de Assistência Social – FNAS - Principal;Lançamento de Receita;67.435,6;660;Transferência de Recursos do Fundo Nacional de Assistência Social - FNAS;"Não ";Não Aplicável
Cabedelo;201040;Prefeitura Municipal de Cabedelo;012025;2025;17165001;Transferências de Recursos do Fundo Nacional de Assistência Social – FNAS - Principal;Lançamento de Receita;33.048,55;660;Transferência de Recursos do Fundo Nacional de Assistência Social - FNAS;"Não ";Não Aplicável
Cabedelo;201040;Prefeitura Municipal de Cabedelo;122025;2025;17155301;Transferências de Recursos do Fundeb destinados à criação de matrículas em ETI - Principal;Lançamento de Receita;794.335,88;546;Transferências do FUNDEB - complementação da União - Educação Tempo Integral;"Não ";Não Aplicável
Cabedelo;201040;Prefeitura Municipal de Cabedelo;122025;2025;17155201;Transferências de Recursos de Complementação da União ao Fundeb – VAAR - Principal;Lançamento de Receita;295.593,44;543;Transferências do FUNDEB - Complementação da União - VAAR;"Não ";Não Aplicável
Cabedelo;201040;Prefeitura Municipal de Cabedelo;122025;2025;17155201;Transferências de Recursos de Complementação da União ao Fundeb – VAAR - Principal;Lançamento de Receita;6.032,52;543;Transferências do FUNDEB - Complementação da União - VAAR;1070;Identificação do percentual aplicado no pagamento da remuneração dos profissionais da educação básica em efetivo exercício
Cabedelo;201040;Prefeitura Municipal de Cabedelo;102025;2025;17155201;Transferências de Recursos de Complementação da União ao Fundeb – VAAR - Principal;Lançamento de Receita;12.894,6;543;Transferências do FUNDEB - Complementação da União - VAAR;1070;Identificação do percentual aplicado no pagamento da remuneração dos profissionais da educação básica em efetivo exercício
Cabedelo;201040;Prefeitura Municipal de Cabedelo;102025;2025;17155201;Transferências de Recursos de Complementação da União ao Fundeb – VAAR - Principal;Lançamento de Receita;631.835,17;543;Transferências do FUNDEB - Complementação da União - VAAR;"Não ";Não Aplicável
Cabedelo;201040;Prefeitura Municipal de Cabedelo;092025;2025;17155201;Transferências de Recursos de Complementação da União ao Fundeb – VAAR - Principal;Lançamento de Receita;270.467,84;543;Transferências do FUNDEB - Complementação da União - VAAR;"Não ";Não Aplicável
Cabedelo;201040;Prefeitura Municipal de Cabedelo;092025;2025;17155201;Transferências de Recursos de Complementação da União ao Fundeb – VAAR - Principal;Lançamento de Receita;5.519,75;543;Transferências do FUNDEB - Complementação da União - VAAR;1070;Identificação do percentual aplicado no pagamento da remuneração dos profissionais da educação básica em efetivo exercício
Cabedelo;201040;Prefeitura Municipal de Cabedelo;072025;2025;17155201;Transferências de Recursos de Complementação da União ao Fundeb – VAAR - Principal;Lançamento de Receita;7.137,05;543;Transferências do FUNDEB - Complementação da União - VAAR;1070;Identificação do percentual aplicado no pagamento da remuneração dos profissionais da educação básica em efetivo exercício
Cabedelo;201040;Prefeitura Municipal de Cabedelo;072025;2025;17155201;Transferências de Recursos de Complementação da União ao Fundeb – VAAR - Principal;Lançamento de Receita;349.715,51;543;Transferências do FUNDEB - Complementação da União - VAAR;"Não ";Não Aplicável
Cabedelo;201040;Prefeitura Municipal de Cabedelo;062025;2025;17155201;Transferências de Recursos de Complementação da União ao Fundeb – VAAR - Principal;Lançamento de Receita;356.852,56;500;Recursos não vinculados de Impostos;"Não ";Não Aplicável
Cabedelo;201040;Prefeitura Municipal de Cabedelo;052025;2025;17155201;Transferências de Recursos de Complementação da União ao Fundeb – VAAR - Principal;Lançamento de Receita;6.679,82;543;Transferências do FUNDEB - Complementação da União - VAAR;1070;Identificação do percentual aplicado no pagamento da remuneração dos profissionais da educação básica em efetivo exercício
Cabedelo;201040;Prefeitura Municipal de Cabedelo;052025;2025;17155201;Transferências de Recursos de Complementação da União ao Fundeb – VAAR - Principal;Lançamento de Receita;327.311;543;Transferências do FUNDEB - Complementação da União - VAAR;"Não ";Não Aplicável
Cabedelo;201040;Prefeitura Municipal de Cabedelo;042025;2025;17155201;Transferências de Recursos de Complementação da União ao Fundeb – VAAR - Principal;Lançamento de Receita;6.361,23;543;Transferências do FUNDEB - Complementação da União - VAAR;1070;Identificação do percentual aplicado no pagamento da remuneração dos profissionais da educação básica em efetivo exercício
Cabedelo;201040;Prefeitura Municipal de Cabedelo;042025;2025;17155201;Transferências de Recursos de Complementação da União ao Fundeb – VAAR - Principal;Lançamento de Receita;311.700,37;543;Transferências do FUNDEB - Complementação da União - VAAR;"Não ";Não Aplicável
Cabedelo;201040;Prefeitura Municipal de Cabedelo;032025;2025;17155201;Transferências de Recursos de Complementação da União ao Fundeb – VAAR - Principal;Lançamento de Receita;5.268,84;543;Transferências do FUNDEB - Complementação da União - VAAR;1070;Identificação do percentual aplicado no pagamento da remuneração dos profissionais da educação básica em efetivo exercício
Cabedelo;201040;Prefeitura Municipal de Cabedelo;032025;2025;17155201;Transferências de Recursos de Complementação da União ao Fundeb – VAAR - Principal;Lançamento de Receita;258.173,16;543;Transferências do FUNDEB - Complementação da União - VAAR;"Não ";Não Aplicável
Cabedelo;201040;Prefeitura Municipal de Cabedelo;022025;2025;17155201;Transferências de Recursos de Complementação da União ao Fundeb – VAAR - Principal;Lançamento de Receita;236.658,73;543;Transferências do FUNDEB - Complementação da União - VAAR;"Não ";Não Aplicável
Cabedelo;201040;Prefeitura Municipal de Cabedelo;022025;2025;17155201;Transferências de Recursos de Complementação da União ao Fundeb – VAAR - Principal;Lançamento de Receita;4.829,77;543;Transferências do FUNDEB - Complementação da União - VAAR;1070;Identificação do percentual aplicado no pagamento da remuneração dos profissionais da educação básica em efetivo exercício
Cabedelo;201040;Prefeitura Municipal de Cabedelo;012025;2025;17155201;Transferências de Recursos de Complementação da União ao Fundeb – VAAR - Principal;Lançamento de Receita;533.010,2;543;Transferências do FUNDEB - Complementação da União - VAAR;"Não ";Não Aplicável
Cabedelo;201040;Prefeitura Municipal de Cabedelo;012025;2025;17155201;Transferências de Recursos de Complementação da União ao Fundeb – VAAR - Principal;Lançamento de Receita;10.877,76;543;Transferências do FUNDEB - Complementação da União - VAAR;1070;Identificação do percentual aplicado no pagamento da remuneração dos profissionais da educação básica em efetivo exercício
Cabedelo;201040;Prefeitura Municipal de Cabedelo;122025;2025;17155101;Transferências de Recursos de Complementação da União ao Fundeb – VAAF - Principal;Lançamento de Receita;321.344,99;541;Transferências do FUNDEB - Complementação da União - VAAF;1070;Identificação do percentual aplicado no pagamento da remuneração dos profissionais da educação básica em efetivo exercício
Cabedelo;201040;Prefeitura Municipal de Cabedelo;122025;2025;17155101;Transferências de Recursos de Complementação da União ao Fundeb – VAAF - Principal;Lançamento de Receita;173.031,92;541;Transferências do FUNDEB - Complementação da União - VAAF;"Não ";Não Aplicável
Cabedelo;201040;Prefeitura Municipal de Cabedelo;102025;2025;17155101;Transferências de Recursos de Complementação da União ao Fundeb – VAAF - Principal;Lançamento de Receita;398.761,35;541;Transferências do FUNDEB - Complementação da União - VAAF;1070;Identificação do percentual aplicado no pagamento da remuneração dos profissionais da educação básica em efetivo exercício
Cabedelo;201040;Prefeitura Municipal de Cabedelo;102025;2025;17155101;Transferências de Recursos de Complementação da União ao Fundeb – VAAF - Principal;Lançamento de Receita;214.717,64;541;Transferências do FUNDEB - Complementação da União - VAAF;"Não ";Não Aplicável
Cabedelo;201040;Prefeitura Municipal de Cabedelo;092025;2025;17155101;Transferências de Recursos de Complementação da União ao Fundeb – VAAF - Principal;Lançamento de Receita;167.186,82;541;Transferências do FUNDEB - Complementação da União - VAAF;1070;Identificação do percentual aplicado no pagamento da remuneração dos profissionais da educação básica em efetivo exercício
Cabedelo;201040;Prefeitura Municipal de Cabedelo;092025;2025;17155101;Transferências de Recursos de Complementação da União ao Fundeb – VAAF - Principal;Lançamento de Receita;90.023,67;541;Transferências do FUNDEB - Complementação da União - VAAF;"Não ";Não Aplicável
Cabedelo;201040;Prefeitura Municipal de Cabedelo;072025;2025;17155101;Transferências de Recursos de Complementação da União ao Fundeb – VAAF - Principal;Lançamento de Receita;125.024,04;541;Transferências do FUNDEB - Complementação da União - VAAF;"Não ";Não Aplicável
Cabedelo;201040;Prefeitura Municipal de Cabedelo;072025;2025;17155101;Transferências de Recursos de Complementação da União ao Fundeb – VAAF - Principal;Lançamento de Receita;232.187,51;541;Transferências do FUNDEB - Complementação da União - VAAF;1070;Identificação do percentual aplicado no pagamento da remuneração dos profissionais da educação básica em efetivo exercício
Cabedelo;201040;Prefeitura Municipal de Cabedelo;062025;2025;17155101;Transferências de Recursos de Complementação da União ao Fundeb – VAAF - Principal;Lançamento de Receita;357.211,55;500;Recursos não vinculados de Impostos;"Não ";Não Aplicável
Cabedelo;201040;Prefeitura Municipal de Cabedelo;052025;2025;17155101;Transferências de Recursos de Complementação da União ao Fundeb – VAAF - Principal;Lançamento de Receita;117.014,38;541;Transferências do FUNDEB - Complementação da União - VAAF;"Não ";Não Aplicável
Cabedelo;201040;Prefeitura Municipal de Cabedelo;052025;2025;17155101;Transferências de Recursos de Complementação da União ao Fundeb – VAAF - Principal;Lançamento de Receita;217.312,43;541;Transferências do FUNDEB - Complementação da União - VAAF;1070;Identificação do percentual aplicado no pagamento da remuneração dos profissionais da educação básica em efetivo exercício
Cabedelo;201040;Prefeitura Municipal de Cabedelo;042025;2025;17155101;Transferências de Recursos de Complementação da União ao Fundeb – VAAF - Principal;Lançamento de Receita;270.418,24;541;Transferências do FUNDEB - Complementação da União - VAAF;1070;Identificação do percentual aplicado no pagamento da remuneração dos profissionais da educação básica em efetivo exercício
Cabedelo;201040;Prefeitura Municipal de Cabedelo;042025;2025;17155101;Transferências de Recursos de Complementação da União ao Fundeb – VAAF - Principal;Lançamento de Receita;145.609,82;541;Transferências do FUNDEB - Complementação da União - VAAF;"Não ";Não Aplicável
Cabedelo;201040;Prefeitura Municipal de Cabedelo;032025;2025;17155101;Transferências de Recursos de Complementação da União ao Fundeb – VAAF - Principal;Lançamento de Receita;97.421,2;541;Transferências do FUNDEB - Complementação da União - VAAF;"Não ";Não Aplicável
Cabedelo;201040;Prefeitura Municipal de Cabedelo;032025;2025;17155101;Transferências de Recursos de Complementação da União ao Fundeb – VAAF - Principal;Lançamento de Receita;180.925,09;541;Transferências do FUNDEB - Complementação da União - VAAF;1070;Identificação do percentual aplicado no pagamento da remuneração dos profissionais da educação básica em efetivo exercício
Cabedelo;201040;Prefeitura Municipal de Cabedelo;022025;2025;17155101;Transferências de Recursos de Complementação da União ao Fundeb – VAAF - Principal;Lançamento de Receita;165.848;541;Transferências do FUNDEB - Complementação da União - VAAF;1070;Identificação do percentual aplicado no pagamento da remuneração dos profissionais da educação básica em efetivo exercício
Cabedelo;201040;Prefeitura Municipal de Cabedelo;022025;2025;17155101;Transferências de Recursos de Complementação da União ao Fundeb – VAAF - Principal;Lançamento de Receita;89.302,77;541;Transferências do FUNDEB - Complementação da União - VAAF;"Não ";Não Aplicável
Cabedelo;201040;Prefeitura Municipal de Cabedelo;012025;2025;17155101;Transferências de Recursos de Complementação da União ao Fundeb – VAAF - Principal;Lançamento de Receita;398.053,29;541;Transferências do FUNDEB - Complementação da União - VAAF;"Não ";Não Aplicável
Cabedelo;201040;Prefeitura Municipal de Cabedelo;012025;2025;17155101;Transferências de Recursos de Complementação da União ao Fundeb – VAAF - Principal;Lançamento de Receita;739.241,82;541;Transferências do FUNDEB - Complementação da União - VAAF;1070;Identificação do percentual aplicado no pagamento da remuneração dos profissionais da educação básica em efetivo exercício
Cabedelo;201040;Prefeitura Municipal de Cabedelo;122025;2025;17149901;Outras Transferências Diretas do Fundo Nacional do Desenvolvimento da Educação - FNDE - Principal;Lançamento de Receita;115.451,71;569;Outras Transferências de Recursos do FNDE;"Não ";Não Aplicável
Cabedelo;201040;Prefeitura Municipal de Cabedelo;112025;2025;17149901;Outras Transferências Diretas do Fundo Nacional do Desenvolvimento da Educação - FNDE - Principal;Lançamento de Receita;351.974,15;569;Outras Transferências de Recursos do FNDE;"Não ";Não Aplicável
Cabedelo;201040;Prefeitura Municipal de Cabedelo;102025;2025;17149901;Outras Transferências Diretas do Fundo Nacional do Desenvolvimento da Educação - FNDE - Principal;Lançamento de Receita;768.456,52;569;Outras Transferências de Recursos do FNDE;"Não ";Não Aplicável
Cabedelo;201040;Prefeitura Municipal de Cabedelo;092025;2025;17149901;Outras Transferências Diretas do Fundo Nacional do Desenvolvimento da Educação - FNDE - Principal;Lançamento de Receita;336.811,91;569;Outras Transferências de Recursos do FNDE;"Não ";Não Aplicável
Cabedelo;201040;Prefeitura Municipal de Cabedelo;082025;2025;17149901;Outras Transferências Diretas do Fundo Nacional do Desenvolvimento da Educação - FNDE - Principal;Lançamento de Receita;338.983,38;569;Outras Transferências de Recursos do FNDE;"Não ";Não Aplicável
Cabedelo;201040;Prefeitura Municipal de Cabedelo;072025;2025;17149901;Outras Transferências Diretas do Fundo Nacional do Desenvolvimento da Educação - FNDE - Principal;Lançamento de Receita;743.250,33;569;Outras Transferências de Recursos do FNDE;"Não ";Não Aplicável
Cabedelo;201040;Prefeitura Municipal de Cabedelo;052025;2025;17149901;Outras Transferências Diretas do Fundo Nacional do Desenvolvimento da Educação - FNDE - Principal;Lançamento de Receita;697.258,33;569;Outras Transferências de Recursos do FNDE;"Não ";Não Aplicável
Cabedelo;201040;Prefeitura Municipal de Cabedelo;032025;2025;17149901;Outras Transferências Diretas do Fundo Nacional do Desenvolvimento da Educação - FNDE - Principal;Lançamento de Receita;1.321.759,02;569;Outras Transferências de Recursos do FNDE;"Não ";Não Aplicável
Cabedelo;201040;Prefeitura Municipal de Cabedelo;012025;2025;17149901;Outras Transferências Diretas do Fundo Nacional do Desenvolvimento da Educação - FNDE - Principal;Lançamento de Receita;18.536,32;569;Outras Transferências de Recursos do FNDE;"Não ";Não Aplicável
Cabedelo;201040;Prefeitura Municipal de Cabedelo;122025;2025;17145201;Transferências referentes ao Programa Nacional de Alimentação Escolar – PNAE - Principal;Lançamento de Receita;-112.339,19;569;Outras Transferências de Recursos do FNDE;"Não ";Não Aplicável
Cabedelo;201040;Prefeitura Municipal de Cabedelo;102025;2025;17145201;Transferências referentes ao Programa Nacional de Alimentação Escolar – PNAE - Principal;Lançamento de Receita;164.193,69;569;Outras Transferências de Recursos do FNDE;"Não ";Não Aplicável
Cabedelo;201040;Prefeitura Municipal de Cabedelo;092025;2025;17145201;Transferências referentes ao Programa Nacional de Alimentação Escolar – PNAE - Principal;Lançamento de Receita;226.807,5;569;Outras Transferências de Recursos do FNDE;"Não ";Não Aplicável
Cabedelo;201040;Prefeitura Municipal de Cabedelo;052025;2025;17145201;Transferências referentes ao Programa Nacional de Alimentação Escolar – PNAE - Principal;Lançamento de Receita;139.331;569;Outras Transferências de Recursos do FNDE;"Não ";Não Aplicável
Cabedelo;201040;Prefeitura Municipal de Cabedelo;042025;2025;17145201;Transferências referentes ao Programa Nacional de Alimentação Escolar – PNAE - Principal;Lançamento de Receita;139.331;569;Outras Transferências de Recursos do FNDE;"Não ";Não Aplicável
Cabedelo;201040;Prefeitura Municipal de Cabedelo;032025;2025;17145201;Transferências referentes ao Programa Nacional de Alimentação Escolar – PNAE - Principal;Lançamento de Receita;123.285,68;569;Outras Transferências de Recursos do FNDE;"Não ";Não Aplicável
Cabedelo;201040;Prefeitura Municipal de Cabedelo;022025;2025;17145201;Transferências referentes ao Programa Nacional de Alimentação Escolar – PNAE - Principal;Lançamento de Receita;55.068,25;569;Outras Transferências de Recursos do FNDE;"Não ";Não Aplicável
Cabedelo;201040;Prefeitura Municipal de Cabedelo;122025;2025;17125241;Cota-Parte do Fundo Especial do Petróleo – FEP - Principal;Lançamento de Receita;114.139,02;500;Recursos não vinculados de Impostos;"Não ";Não Aplicável
Cabedelo;201040;Prefeitura Municipal de Cabedelo;112025;2025;17125241;Cota-Parte do Fundo Especial do Petróleo – FEP - Principal;Lançamento de Receita;111.065,29;500;Recursos não vinculados de Impostos;"Não ";Não Aplicável
Cabedelo;201040;Prefeitura Municipal de Cabedelo;102025;2025;17125241;Cota-Parte do Fundo Especial do Petróleo – FEP - Principal;Lançamento de Receita;116.286,24;500;Recursos não vinculados de Impostos;"Não ";Não Aplicável
Cabedelo;201040;Prefeitura Municipal de Cabedelo;092025;2025;17125241;Cota-Parte do Fundo Especial do Petróleo – FEP - Principal;Lançamento de Receita;125.182;500;Recursos não vinculados de Impostos;"Não ";Não Aplicável
Cabedelo;201040;Prefeitura Municipal de Cabedelo;082025;2025;17125241;Cota-Parte do Fundo Especial do Petróleo – FEP - Principal;Lançamento de Receita;116.558,45;500;Recursos não vinculados de Impostos;"Não ";Não Aplicável
Cabedelo;201040;Prefeitura Municipal de Cabedelo;072025;2025;17125241;Cota-Parte do Fundo Especial do Petróleo – FEP - Principal;Lançamento de Receita;109.439,83;500;Recursos não vinculados de Impostos;"Não ";Não Aplicável
Cabedelo;201040;Prefeitura Municipal de Cabedelo;062025;2025;17125241;Cota-Parte do Fundo Especial do Petróleo – FEP - Principal;Lançamento de Receita;12.139,35;500;Recursos não vinculados de Impostos;1001;Identificação das despesas com manutenção e desenvolvimento do ensino
Cabedelo;201040;Prefeitura Municipal de Cabedelo;062025;2025;17125241;Cota-Parte do Fundo Especial do Petróleo – FEP - Principal;Lançamento de Receita;88.251,86;500;Recursos não vinculados de Impostos;"Não ";Não Aplicável
Cabedelo;201040;Prefeitura Municipal de Cabedelo;062025;2025;17125241;Cota-Parte do Fundo Especial do Petróleo – FEP - Principal;Lançamento de Receita;11.168,21;500;Recursos não vinculados de Impostos;1002;Identificação das despesas com ações e serviços públicos de saúde
Cabedelo;201040;Prefeitura Municipal de Cabedelo;052025;2025;17125241;Cota-Parte do Fundo Especial do Petróleo – FEP - Principal;Lançamento de Receita;123.513,8;500;Recursos não vinculados de Impostos;"Não ";Não Aplicável
Cabedelo;201040;Prefeitura Municipal de Cabedelo;042025;2025;17125241;Cota-Parte do Fundo Especial do Petróleo – FEP - Principal;Lançamento de Receita;111.223,46;500;Recursos não vinculados de Impostos;"Não ";Não Aplicável
Cabedelo;201040;Prefeitura Municipal de Cabedelo;032025;2025;17125241;Cota-Parte do Fundo Especial do Petróleo – FEP - Principal;Lançamento de Receita;132.944,34;500;Recursos não vinculados de Impostos;"Não ";Não Aplicável
Cabedelo;201040;Prefeitura Municipal de Cabedelo;022025;2025;17125241;Cota-Parte do Fundo Especial do Petróleo – FEP - Principal;Lançamento de Receita;124.290,15;500;Recursos não vinculados de Impostos;"Não ";Não Aplicável
Cabedelo;201040;Prefeitura Municipal de Cabedelo;012025;2025;17125241;Cota-Parte do Fundo Especial do Petróleo – FEP - Principal;Lançamento de Receita;112.387,99;500;Recursos não vinculados de Impostos;"Não ";Não Aplicável
Cabedelo;201040;Prefeitura Municipal de Cabedelo;122025;2025;17125101;Cota-parte da Compensação Financeira pela Exploração de Recursos Minerais - CFEM - Principal;Lançamento de Receita;39.727,53;500;Recursos não vinculados de Impostos;"Não ";Não Aplicável
Cabedelo;201040;Prefeitura Municipal de Cabedelo;112025;2025;17125101;Cota-parte da Compensação Financeira pela Exploração de Recursos Minerais - CFEM - Principal;Lançamento de Receita;12.088,89;500;Recursos não vinculados de Impostos;"Não ";Não Aplicável
Cabedelo;201040;Prefeitura Municipal de Cabedelo;052025;2025;17125101;Cota-parte da Compensação Financeira pela Exploração de Recursos Minerais - CFEM - Principal;Lançamento de Receita;481,19;500;Recursos não vinculados de Impostos;"Não ";Não Aplicável
Cabedelo;201040;Prefeitura Municipal de Cabedelo;042025;2025;17125101;Cota-parte da Compensação Financeira pela Exploração de Recursos Minerais - CFEM - Principal;Lançamento de Receita;548,19;500;Recursos não vinculados de Impostos;"Não ";Não Aplicável
Cabedelo;201040;Prefeitura Municipal de Cabedelo;032025;2025;17125101;Cota-parte da Compensação Financeira pela Exploração de Recursos Minerais - CFEM - Principal;Lançamento de Receita;617,16;500;Recursos não vinculados de Impostos;"Não ";Não Aplicável
Cabedelo;201040;Prefeitura Municipal de Cabedelo;022025;2025;17125101;Cota-parte da Compensação Financeira pela Exploração de Recursos Minerais - CFEM - Principal;Lançamento de Receita;6.548,53;500;Recursos não vinculados de Impostos;"Não ";Não Aplicável
Cabedelo;201040;Prefeitura Municipal de Cabedelo;012025;2025;17125101;Cota-parte da Compensação Financeira pela Exploração de Recursos Minerais - CFEM - Principal;Lançamento de Receita;636,7;500;Recursos não vinculados de Impostos;"Não ";Não Aplicável
Cabedelo;201040;Prefeitura Municipal de Cabedelo;102025;2025;17115401;Cota-Parte da Contribuição de Intervenção no Domínio Econômico - Principal;Lançamento de Receita;16.409,56;500;Recursos não vinculados de Impostos;"Não ";Não Aplicável
Cabedelo;201040;Prefeitura Municipal de Cabedelo;072025;2025;17115401;Cota-Parte da Contribuição de Intervenção no Domínio Econômico - Principal;Lançamento de Receita;15.561,23;500;Recursos não vinculados de Impostos;"Não ";Não Aplicável
Cabedelo;201040;Prefeitura Municipal de Cabedelo;042025;2025;17115401;Cota-Parte da Contribuição de Intervenção no Domínio Econômico - Principal;Lançamento de Receita;14.146,77;500;Recursos não vinculados de Impostos;"Não ";Não Aplicável
Cabedelo;201040;Prefeitura Municipal de Cabedelo;012025;2025;17115401;Cota-Parte da Contribuição de Intervenção no Domínio Econômico - Principal;Lançamento de Receita;15.090;500;Recursos não vinculados de Impostos;"Não ";Não Aplicável
Cabedelo;201040;Prefeitura Municipal de Cabedelo;092025;2025;17115201;Cota-Parte do Imposto Sobre a Propriedade Territorial Rural - Principal;Lançamento de Receita;4,74;500;Recursos não vinculados de Impostos;"Não ";Não Aplicável
Cabedelo;201040;Prefeitura Municipal de Cabedelo;092025;2025;17115201;Cota-Parte do Imposto Sobre a Propriedade Territorial Rural - Principal;Lançamento de Receita;2,28;500;Recursos não vinculados de Impostos;1001;Identificação das despesas com manutenção e desenvolvimento do ensino
Cabedelo;201040;Prefeitura Municipal de Cabedelo;092025;2025;17115201;Cota-Parte do Imposto Sobre a Propriedade Territorial Rural - Principal;Lançamento de Receita;2,09;500;Recursos não vinculados de Impostos;1002;Identificação das despesas com ações e serviços públicos de saúde
Cabedelo;201040;Prefeitura Municipal de Cabedelo;032025;2025;17115201;Cota-Parte do Imposto Sobre a Propriedade Territorial Rural - Principal;Lançamento de Receita;226,97;500;Recursos não vinculados de Impostos;1001;Identificação das despesas com manutenção e desenvolvimento do ensino
Cabedelo;201040;Prefeitura Municipal de Cabedelo;032025;2025;17115201;Cota-Parte do Imposto Sobre a Propriedade Territorial Rural - Principal;Lançamento de Receita;208,81;500;Recursos não vinculados de Impostos;1002;Identificação das despesas com ações e serviços públicos de saúde
Cabedelo;201040;Prefeitura Municipal de Cabedelo;032025;2025;17115201;Cota-Parte do Imposto Sobre a Propriedade Territorial Rural - Principal;Lançamento de Receita;472,1;500;Recursos não vinculados de Impostos;"Não ";Não Aplicável
Cabedelo;201040;Prefeitura Municipal de Cabedelo;022025;2025;17115201;Cota-Parte do Imposto Sobre a Propriedade Territorial Rural - Principal;Lançamento de Receita;220,35;500;Recursos não vinculados de Impostos;1002;Identificação das despesas com ações e serviços públicos de saúde
Cabedelo;201040;Prefeitura Municipal de Cabedelo;022025;2025;17115201;Cota-Parte do Imposto Sobre a Propriedade Territorial Rural - Principal;Lançamento de Receita;498,15;500;Recursos não vinculados de Impostos;"Não ";Não Aplicável
Cabedelo;201040;Prefeitura Municipal de Cabedelo;022025;2025;17115201;Cota-Parte do Imposto Sobre a Propriedade Territorial Rural - Principal;Lançamento de Receita;239,49;500;Recursos não vinculados de Impostos;1001;Identificação das despesas com manutenção e desenvolvimento do ensino
Cabedelo;201040;Prefeitura Municipal de Cabedelo;012025;2025;17115201;Cota-Parte do Imposto Sobre a Propriedade Territorial Rural - Principal;Lançamento de Receita;204,33;500;Recursos não vinculados de Impostos;1002;Identificação das despesas com ações e serviços públicos de saúde
Cabedelo;201040;Prefeitura Municipal de Cabedelo;012025;2025;17115201;Cota-Parte do Imposto Sobre a Propriedade Territorial Rural - Principal;Lançamento de Receita;222,09;500;Recursos não vinculados de Impostos;1001;Identificação das despesas com manutenção e desenvolvimento do ensino
Cabedelo;201040;Prefeitura Municipal de Cabedelo;012025;2025;17115201;Cota-Parte do Imposto Sobre a Propriedade Territorial Rural - Principal;Lançamento de Receita;461,95;500;Recursos não vinculados de Impostos;"Não ";Não Aplicável
Cabedelo;201040;Prefeitura Municipal de Cabedelo;122025;2025;17115121;Cota-Parte do Fundo de Participação dos Municípios - Cotas Extraordinárias - Principal;Lançamento de Receita;1.672.460,61;500;Recursos não vinculados de Impostos;"Não ";Não Aplicável
Cabedelo;201040;Prefeitura Municipal de Cabedelo;122025;2025;17115121;Cota-Parte do Fundo de Participação dos Municípios - Cotas Extraordinárias - Principal;Lançamento de Receita;739.742,2;500;Recursos não vinculados de Impostos;1002;Identificação das despesas com ações e serviços públicos de saúde
Cabedelo;201040;Prefeitura Municipal de Cabedelo;122025;2025;17115121;Cota-Parte do Fundo de Participação dos Municípios - Cotas Extraordinárias - Principal;Lançamento de Receita;804.067,6;500;Recursos não vinculados de Impostos;1001;Identificação das despesas com manutenção e desenvolvimento do ensino
Cabedelo;201040;Prefeitura Municipal de Cabedelo;092025;2025;17115121;Cota-Parte do Fundo de Participação dos Municípios - Cotas Extraordinárias - Principal;Lançamento de Receita;612.834,12;500;Recursos não vinculados de Impostos;1002;Identificação das despesas com ações e serviços públicos de saúde
Cabedelo;201040;Prefeitura Municipal de Cabedelo;092025;2025;17115121;Cota-Parte do Fundo de Participação dos Municípios - Cotas Extraordinárias - Principal;Lançamento de Receita;666.124,04;500;Recursos não vinculados de Impostos;1001;Identificação das despesas com manutenção e desenvolvimento do ensino
Cabedelo;201040;Prefeitura Municipal de Cabedelo;092025;2025;17115121;Cota-Parte do Fundo de Participação dos Municípios - Cotas Extraordinárias - Principal;Lançamento de Receita;1.385.538;500;Recursos não vinculados de Impostos;"Não ";Não Aplicável
Cabedelo;201040;Prefeitura Municipal de Cabedelo;072025;2025;17115121;Cota-Parte do Fundo de Participação dos Municípios - Cotas Extraordinárias - Principal;Lançamento de Receita;716.613,64;500;Recursos não vinculados de Impostos;1002;Identificação das despesas com ações e serviços públicos de saúde
Cabedelo;201040;Prefeitura Municipal de Cabedelo;072025;2025;17115121;Cota-Parte do Fundo de Participação dos Municípios - Cotas Extraordinárias - Principal;Lançamento de Receita;778.927,87;500;Recursos não vinculados de Impostos;1001;Identificação das despesas com manutenção e desenvolvimento do ensino
Cabedelo;201040;Prefeitura Municipal de Cabedelo;072025;2025;17115121;Cota-Parte do Fundo de Participação dos Municípios - Cotas Extraordinárias - Principal;Lançamento de Receita;1.620.169,97;500;Recursos não vinculados de Impostos;"Não ";Não Aplicável
Cabedelo;201040;Prefeitura Municipal de Cabedelo;122025;2025;17115111;Cota-Parte do Fundo de Participação dos Municípios - Cota Mensal - Principal;Dedução do Fundeb;-1.507.429,79;500;Recursos não vinculados de Impostos;"Não ";Não Aplicável
Cabedelo;201040;Prefeitura Municipal de Cabedelo;122025;2025;17115111;Cota-Parte do Fundo de Participação dos Municípios - Cota Mensal - Principal;Lançamento de Receita;1.884.287,26;500;Recursos não vinculados de Impostos;1002;Identificação das despesas com ações e serviços públicos de saúde
Cabedelo;201040;Prefeitura Municipal de Cabedelo;122025;2025;17115111;Cota-Parte do Fundo de Participação dos Municípios - Cota Mensal - Principal;Lançamento de Receita;3.768.574,58;500;Recursos não vinculados de Impostos;"Não ";Não Aplicável
Cabedelo;201040;Prefeitura Municipal de Cabedelo;122025;2025;17115111;Cota-Parte do Fundo de Participação dos Municípios - Cota Mensal - Principal;Lançamento de Receita;1.884.287,29;500;Recursos não vinculados de Impostos;1001;Identificação das despesas com manutenção e desenvolvimento do ensino
Cabedelo;201040;Prefeitura Municipal de Cabedelo;112025;2025;17115111;Cota-Parte do Fundo de Participação dos Municípios - Cota Mensal - Principal;Lançamento de Receita;3.338.798,56;500;Recursos não vinculados de Impostos;"Não ";Não Aplicável
Cabedelo;201040;Prefeitura Municipal de Cabedelo;112025;2025;17115111;Cota-Parte do Fundo de Participação dos Municípios - Cota Mensal - Principal;Dedução do Fundeb;-1.335.519,39;500;Recursos não vinculados de Impostos;"Não ";Não Aplicável
Cabedelo;201040;Prefeitura Municipal de Cabedelo;112025;2025;17115111;Cota-Parte do Fundo de Participação dos Municípios - Cota Mensal - Principal;Lançamento de Receita;1.669.399,25;500;Recursos não vinculados de Impostos;1002;Identificação das despesas com ações e serviços públicos de saúde
Cabedelo;201040;Prefeitura Municipal de Cabedelo;112025;2025;17115111;Cota-Parte do Fundo de Participação dos Municípios - Cota Mensal - Principal;Lançamento de Receita;1.669.399,28;500;Recursos não vinculados de Impostos;1001;Identificação das despesas com manutenção e desenvolvimento do ensino
Cabedelo;201040;Prefeitura Municipal de Cabedelo;102025;2025;17115111;Cota-Parte do Fundo de Participação dos Municípios - Cota Mensal - Principal;Lançamento de Receita;2.456.191,38;500;Recursos não vinculados de Impostos;"Não ";Não Aplicável
Cabedelo;201040;Prefeitura Municipal de Cabedelo;102025;2025;17115111;Cota-Parte do Fundo de Participação dos Municípios - Cota Mensal - Principal;Lançamento de Receita;1.228.095,69;500;Recursos não vinculados de Impostos;1001;Identificação das despesas com manutenção e desenvolvimento do ensino
Cabedelo;201040;Prefeitura Municipal de Cabedelo;102025;2025;17115111;Cota-Parte do Fundo de Participação dos Municípios - Cota Mensal - Principal;Lançamento de Receita;1.228.095,7;500;Recursos não vinculados de Impostos;1002;Identificação das despesas com ações e serviços públicos de saúde
Cabedelo;201040;Prefeitura Municipal de Cabedelo;102025;2025;17115111;Cota-Parte do Fundo de Participação dos Municípios - Cota Mensal - Principal;Dedução do Fundeb;-982.476,52;500;Recursos não vinculados de Impostos;"Não ";Não Aplicável
Cabedelo;201040;Prefeitura Municipal de Cabedelo;092025;2025;17115111;Cota-Parte do Fundo de Participação dos Municípios - Cota Mensal - Principal;Lançamento de Receita;1.165.037,44;500;Recursos não vinculados de Impostos;1002;Identificação das despesas com ações e serviços públicos de saúde
Cabedelo;201040;Prefeitura Municipal de Cabedelo;092025;2025;17115111;Cota-Parte do Fundo de Participação dos Municípios - Cota Mensal - Principal;Lançamento de Receita;2.330.074,92;500;Recursos não vinculados de Impostos;"Não ";Não Aplicável
Cabedelo;201040;Prefeitura Municipal de Cabedelo;092025;2025;17115111;Cota-Parte do Fundo de Participação dos Municípios - Cota Mensal - Principal;Dedução do Fundeb;-932.031,77;500;Recursos não vinculados de Impostos;"Não ";Não Aplicável
Cabedelo;201040;Prefeitura Municipal de Cabedelo;092025;2025;17115111;Cota-Parte do Fundo de Participação dos Municípios - Cota Mensal - Principal;Lançamento de Receita;1.165.037,47;500;Recursos não vinculados de Impostos;1001;Identificação das despesas com manutenção e desenvolvimento do ensino
Cabedelo;201040;Prefeitura Municipal de Cabedelo;082025;2025;17115111;Cota-Parte do Fundo de Participação dos Municípios - Cota Mensal - Principal;Lançamento de Receita;1.442.950,98;500;Recursos não vinculados de Impostos;1001;Identificação das despesas com manutenção e desenvolvimento do ensino
Cabedelo;201040;Prefeitura Municipal de Cabedelo;082025;2025;17115111;Cota-Parte do Fundo de Participação dos Municípios - Cota Mensal - Principal;Dedução do Fundeb;-1.154.360,75;500;Recursos não vinculados de Impostos;"Não ";Não Aplicável
Cabedelo;201040;Prefeitura Municipal de Cabedelo;082025;2025;17115111;Cota-Parte do Fundo de Participação dos Municípios - Cota Mensal - Principal;Lançamento de Receita;1.442.951,02;500;Recursos não vinculados de Impostos;1002;Identificação das despesas com ações e serviços públicos de saúde
Cabedelo;201040;Prefeitura Municipal de Cabedelo;082025;2025;17115111;Cota-Parte do Fundo de Participação dos Municípios - Cota Mensal - Principal;Lançamento de Receita;2.885.901,96;500;Recursos não vinculados de Impostos;"Não ";Não Aplicável
Cabedelo;201040;Prefeitura Municipal de Cabedelo;072025;2025;17115111;Cota-Parte do Fundo de Participação dos Municípios - Cota Mensal - Principal;Lançamento de Receita;1.093.683,82;500;Recursos não vinculados de Impostos;1001;Identificação das despesas com manutenção e desenvolvimento do ensino
Cabedelo;201040;Prefeitura Municipal de Cabedelo;072025;2025;17115111;Cota-Parte do Fundo de Participação dos Municípios - Cota Mensal - Principal;Dedução do Fundeb;-874.947,02;500;Recursos não vinculados de Impostos;"Não ";Não Aplicável
Cabedelo;201040;Prefeitura Municipal de Cabedelo;072025;2025;17115111;Cota-Parte do Fundo de Participação dos Municípios - Cota Mensal - Principal;Lançamento de Receita;2.187.367,64;500;Recursos não vinculados de Impostos;"Não ";Não Aplicável
Cabedelo;201040;Prefeitura Municipal de Cabedelo;072025;2025;17115111;Cota-Parte do Fundo de Participação dos Municípios - Cota Mensal - Principal;Lançamento de Receita;1.093.683,81;500;Recursos não vinculados de Impostos;1002;Identificação das despesas com ações e serviços públicos de saúde
Cabedelo;201040;Prefeitura Municipal de Cabedelo;062025;2025;17115111;Cota-Parte do Fundo de Participação dos Municípios - Cota Mensal - Principal;Lançamento de Receita;1.229.343,5;500;Recursos não vinculados de Impostos;1002;Identificação das despesas com ações e serviços públicos de saúde
Cabedelo;201040;Prefeitura Municipal de Cabedelo;062025;2025;17115111;Cota-Parte do Fundo de Participação dos Municípios - Cota Mensal - Principal;Lançamento de Receita;4.667.860,22;500;Recursos não vinculados de Impostos;"Não ";Não Aplicável
Cabedelo;201040;Prefeitura Municipal de Cabedelo;062025;2025;17115111;Cota-Parte do Fundo de Participação dos Municípios - Cota Mensal - Principal;Dedução do Fundeb;-1.425.309,39;500;Recursos não vinculados de Impostos;"Não ";Não Aplicável
Cabedelo;201040;Prefeitura Municipal de Cabedelo;062025;2025;17115111;Cota-Parte do Fundo de Participação dos Municípios - Cota Mensal - Principal;Lançamento de Receita;1.229.343,48;500;Recursos não vinculados de Impostos;1001;Identificação das despesas com manutenção e desenvolvimento do ensino
Cabedelo;201040;Prefeitura Municipal de Cabedelo;052025;2025;17115111;Cota-Parte do Fundo de Participação dos Municípios - Cota Mensal - Principal;Lançamento de Receita;1.734.565,2;500;Recursos não vinculados de Impostos;1001;Identificação das despesas com manutenção e desenvolvimento do ensino
Cabedelo;201040;Prefeitura Municipal de Cabedelo;052025;2025;17115111;Cota-Parte do Fundo de Participação dos Municípios - Cota Mensal - Principal;Lançamento de Receita;1.734.565,25;500;Recursos não vinculados de Impostos;1002;Identificação das despesas com ações e serviços públicos de saúde
Cabedelo;201040;Prefeitura Municipal de Cabedelo;052025;2025;17115111;Cota-Parte do Fundo de Participação dos Municípios - Cota Mensal - Principal;Lançamento de Receita;3.469.130,42;500;Recursos não vinculados de Impostos;"Não ";Não Aplicável
Cabedelo;201040;Prefeitura Municipal de Cabedelo;052025;2025;17115111;Cota-Parte do Fundo de Participação dos Municípios - Cota Mensal - Principal;Dedução do Fundeb;-1.387.652,13;500;Recursos não vinculados de Impostos;"Não ";Não Aplicável
Cabedelo;201040;Prefeitura Municipal de Cabedelo;042025;2025;17115111;Cota-Parte do Fundo de Participação dos Municípios - Cota Mensal - Principal;Lançamento de Receita;1.359.758,88;500;Recursos não vinculados de Impostos;1002;Identificação das despesas com ações e serviços públicos de saúde
Cabedelo;201040;Prefeitura Municipal de Cabedelo;042025;2025;17115111;Cota-Parte do Fundo de Participação dos Municípios - Cota Mensal - Principal;Lançamento de Receita;1.359.758,84;500;Recursos não vinculados de Impostos;1001;Identificação das despesas com manutenção e desenvolvimento do ensino
Cabedelo;201040;Prefeitura Municipal de Cabedelo;042025;2025;17115111;Cota-Parte do Fundo de Participação dos Municípios - Cota Mensal - Principal;Dedução do Fundeb;-1.087.807,05;500;Recursos não vinculados de Impostos;"Não ";Não Aplicável
Cabedelo;201040;Prefeitura Municipal de Cabedelo;042025;2025;17115111;Cota-Parte do Fundo de Participação dos Municípios - Cota Mensal - Principal;Lançamento de Receita;2.719.517,7;500;Recursos não vinculados de Impostos;"Não ";Não Aplicável
Cabedelo;201040;Prefeitura Municipal de Cabedelo;032025;2025;17115111;Cota-Parte do Fundo de Participação dos Municípios - Cota Mensal - Principal;Lançamento de Receita;2.676.241,18;500;Recursos não vinculados de Impostos;"Não ";Não Aplicável
Cabedelo;201040;Prefeitura Municipal de Cabedelo;032025;2025;17115111;Cota-Parte do Fundo de Participação dos Municípios - Cota Mensal - Principal;Dedução do Fundeb;-1.070.678,01;500;Recursos não vinculados de Impostos;"Não ";Não Aplicável
Cabedelo;201040;Prefeitura Municipal de Cabedelo;032025;2025;17115111;Cota-Parte do Fundo de Participação dos Municípios - Cota Mensal - Principal;Lançamento de Receita;1.338.120,59;500;Recursos não vinculados de Impostos;1001;Identificação das despesas com manutenção e desenvolvimento do ensino
Cabedelo;201040;Prefeitura Municipal de Cabedelo;032025;2025;17115111;Cota-Parte do Fundo de Participação dos Municípios - Cota Mensal - Principal;Lançamento de Receita;1.338.120,58;500;Recursos não vinculados de Impostos;1002;Identificação das despesas com ações e serviços públicos de saúde
Cabedelo;201040;Prefeitura Municipal de Cabedelo;022025;2025;17115111;Cota-Parte do Fundo de Participação dos Municípios - Cota Mensal - Principal;Lançamento de Receita;4.063.863,69;500;Recursos não vinculados de Impostos;"Não ";Não Aplicável
Cabedelo;201040;Prefeitura Municipal de Cabedelo;022025;2025;17115111;Cota-Parte do Fundo de Participação dos Municípios - Cota Mensal - Principal;Dedução do Fundeb;-1.653.207,2;500;Recursos não vinculados de Impostos;"Não ";Não Aplicável
Cabedelo;201040;Prefeitura Municipal de Cabedelo;022025;2025;17115111;Cota-Parte do Fundo de Participação dos Municípios - Cota Mensal - Principal;Lançamento de Receita;2.031.931,81;500;Recursos não vinculados de Impostos;1002;Identificação das despesas com ações e serviços públicos de saúde
Cabedelo;201040;Prefeitura Municipal de Cabedelo;022025;2025;17115111;Cota-Parte do Fundo de Participação dos Municípios - Cota Mensal - Principal;Lançamento de Receita;2.031.931,84;500;Recursos não vinculados de Impostos;1001;Identificação das despesas com manutenção e desenvolvimento do ensino
Cabedelo;201040;Prefeitura Municipal de Cabedelo;012025;2025;17115111;Cota-Parte do Fundo de Participação dos Municípios - Cota Mensal - Principal;Lançamento de Receita;1.514.237,47;500;Recursos não vinculados de Impostos;1002;Identificação das despesas com ações e serviços públicos de saúde
Cabedelo;201040;Prefeitura Municipal de Cabedelo;012025;2025;17115111;Cota-Parte do Fundo de Participação dos Municípios - Cota Mensal - Principal;Lançamento de Receita;1.514.237,48;500;Recursos não vinculados de Impostos;1001;Identificação das despesas com manutenção e desenvolvimento do ensino
Cabedelo;201040;Prefeitura Municipal de Cabedelo;012025;2025;17115111;Cota-Parte do Fundo de Participação dos Municípios - Cota Mensal - Principal;Lançamento de Receita;3.028.474,94;500;Recursos não vinculados de Impostos;"Não ";Não Aplicável
Cabedelo;201040;Prefeitura Municipal de Cabedelo;012025;2025;17115111;Cota-Parte do Fundo de Participação dos Municípios - Cota Mensal - Principal;Dedução do Fundeb;-1.211.567,62;500;Recursos não vinculados de Impostos;"Não ";Não Aplicável
Cabedelo;201040;Prefeitura Municipal de Cabedelo;122025;2025;13210101;Remuneração de Depósitos Bancários - Principal;Lançamento de Receita;395.577,61;500;Recursos não vinculados de Impostos;"Não ";Não Aplicável
Cabedelo;201040;Prefeitura Municipal de Cabedelo;112025;2025;13210101;Remuneração de Depósitos Bancários - Principal;Lançamento de Receita;376.658,98;500;Recursos não vinculados de Impostos;"Não ";Não Aplicável
Cabedelo;201040;Prefeitura Municipal de Cabedelo;102025;2025;13210101;Remuneração de Depósitos Bancários - Principal;Lançamento de Receita;451.022,39;500;Recursos não vinculados de Impostos;"Não ";Não Aplicável
Cabedelo;201040;Prefeitura Municipal de Cabedelo;092025;2025;13210101;Remuneração de Depósitos Bancários - Principal;Lançamento de Receita;499.400,32;500;Recursos não vinculados de Impostos;"Não ";Não Aplicável
Cabedelo;201040;Prefeitura Municipal de Cabedelo;082025;2025;13210101;Remuneração de Depósitos Bancários - Principal;Lançamento de Receita;492.469,21;500;Recursos não vinculados de Impostos;"Não ";Não Aplicável
Cabedelo;201040;Prefeitura Municipal de Cabedelo;072025;2025;13210101;Remuneração de Depósitos Bancários - Principal;Lançamento de Receita;841.360,5;500;Recursos não vinculados de Impostos;"Não ";Não Aplicável
Cabedelo;201040;Prefeitura Municipal de Cabedelo;062025;2025;13210101;Remuneração de Depósitos Bancários - Principal;Lançamento de Receita;457.673,64;500;Recursos não vinculados de Impostos;"Não ";Não Aplicável
Cabedelo;201040;Prefeitura Municipal de Cabedelo;062025;2025;13210101;Remuneração de Depósitos Bancários - Principal;Lançamento de Receita;12.412,05;500;Recursos não vinculados de Impostos;1002;Identificação das despesas com ações e serviços públicos de saúde
Cabedelo;201040;Prefeitura Municipal de Cabedelo;062025;2025;13210101;Remuneração de Depósitos Bancários - Principal;Lançamento de Receita;13.491,34;500;Recursos não vinculados de Impostos;1001;Identificação das despesas com manutenção e desenvolvimento do ensino
Cabedelo;201040;Prefeitura Municipal de Cabedelo;052025;2025;13210101;Remuneração de Depósitos Bancários - Principal;Lançamento de Receita;494.851,81;500;Recursos não vinculados de Impostos;"Não ";Não Aplicável
Cabedelo;201040;Prefeitura Municipal de Cabedelo;042025;2025;13210101;Remuneração de Depósitos Bancários - Principal;Lançamento de Receita;528.425,07;500;Recursos não vinculados de Impostos;"Não ";Não Aplicável
Cabedelo;201040;Prefeitura Municipal de Cabedelo;032025;2025;13210101;Remuneração de Depósitos Bancários - Principal;Lançamento de Receita;410.367,69;500;Recursos não vinculados de Impostos;"Não ";Não Aplicável
Cabedelo;201040;Prefeitura Municipal de Cabedelo;022025;2025;13210101;Remuneração de Depósitos Bancários - Principal;Lançamento de Receita;394.898,87;500;Recursos não vinculados de Impostos;"Não ";Não Aplicável
Cabedelo;201040;Prefeitura Municipal de Cabedelo;012025;2025;13210101;Remuneração de Depósitos Bancários - Principal;Lançamento de Receita;439.236,82;500;Recursos não vinculados de Impostos;"Não ";Não Aplicável
Cabedelo;201040;Prefeitura Municipal de Cabedelo;122025;2025;12415001;Contribuição para o Custeio do Serviço de Iluminação Pública - Principal;Lançamento de Receita;1.148.902,45;500;Recursos não vinculados de Impostos;"Não ";Não Aplicável
Cabedelo;201040;Prefeitura Municipal de Cabedelo;112025;2025;12415001;Contribuição para o Custeio do Serviço de Iluminação Pública - Principal;Lançamento de Receita;550.835,95;751;Recursos da Contribuição para o Custeio do Serviço de Iluminação Pública - COSIP;"Não ";Não Aplicável
Cabedelo;201040;Prefeitura Municipal de Cabedelo;112025;2025;12415001;Contribuição para o Custeio do Serviço de Iluminação Pública - Principal;Lançamento de Receita;601.852,09;500;Recursos não vinculados de Impostos;"Não ";Não Aplicável
Cabedelo;201040;Prefeitura Municipal de Cabedelo;102025;2025;12415001;Contribuição para o Custeio do Serviço de Iluminação Pública - Principal;Lançamento de Receita;578.120,52;500;Recursos não vinculados de Impostos;"Não ";Não Aplicável
Cabedelo;201040;Prefeitura Municipal de Cabedelo;102025;2025;12415001;Contribuição para o Custeio do Serviço de Iluminação Pública - Principal;Lançamento de Receita;444.187,32;751;Recursos da Contribuição para o Custeio do Serviço de Iluminação Pública - COSIP;"Não ";Não Aplicável
Cabedelo;201040;Prefeitura Municipal de Cabedelo;092025;2025;12415001;Contribuição para o Custeio do Serviço de Iluminação Pública - Principal;Lançamento de Receita;945.647,74;500;Recursos não vinculados de Impostos;"Não ";Não Aplicável
Cabedelo;201040;Prefeitura Municipal de Cabedelo;082025;2025;12415001;Contribuição para o Custeio do Serviço de Iluminação Pública - Principal;Lançamento de Receita;1.062.772,42;500;Recursos não vinculados de Impostos;"Não ";Não Aplicável
Cabedelo;201040;Prefeitura Municipal de Cabedelo;072025;2025;12415001;Contribuição para o Custeio do Serviço de Iluminação Pública - Principal;Lançamento de Receita;1.046.660,89;500;Recursos não vinculados de Impostos;"Não ";Não Aplicável
Cabedelo;201040;Prefeitura Municipal de Cabedelo;062025;2025;12415001;Contribuição para o Custeio do Serviço de Iluminação Pública - Principal;Lançamento de Receita;1.054.618,74;500;Recursos não vinculados de Impostos;"Não ";Não Aplicável
Cabedelo;201040;Prefeitura Municipal de Cabedelo;052025;2025;12415001;Contribuição para o Custeio do Serviço de Iluminação Pública - Principal;Lançamento de Receita;1.003.650,72;500;Recursos não vinculados de Impostos;"Não ";Não Aplicável
Cabedelo;201040;Prefeitura Municipal de Cabedelo;052025;2025;12415001;Contribuição para o Custeio do Serviço de Iluminação Pública - Principal;Lançamento de Receita;520.067,75;751;Recursos da Contribuição para o Custeio do Serviço de Iluminação Pública - COSIP;"Não ";Não Aplicável
Cabedelo;201040;Prefeitura Municipal de Cabedelo;042025;2025;12415001;Contribuição para o Custeio do Serviço de Iluminação Pública - Principal;Lançamento de Receita;-1.888.334,23;500;Recursos não vinculados de Impostos;"Não ";Não Aplicável
Cabedelo;201040;Prefeitura Municipal de Cabedelo;042025;2025;12415001;Contribuição para o Custeio do Serviço de Iluminação Pública - Principal;Lançamento de Receita;2.505.617,88;751;Recursos da Contribuição para o Custeio do Serviço de Iluminação Pública - COSIP;"Não ";Não Aplicável
Cabedelo;201040;Prefeitura Municipal de Cabedelo;032025;2025;12415001;Contribuição para o Custeio do Serviço de Iluminação Pública - Principal;Lançamento de Receita;1.611.493,09;500;Recursos não vinculados de Impostos;"Não ";Não Aplicável
Cabedelo;201040;Prefeitura Municipal de Cabedelo;022025;2025;12415001;Contribuição para o Custeio do Serviço de Iluminação Pública - Principal;Lançamento de Receita;677.689,7;500;Recursos não vinculados de Impostos;"Não ";Não Aplicável
Cabedelo;201040;Prefeitura Municipal de Cabedelo;012025;2025;12415001;Contribuição para o Custeio do Serviço de Iluminação Pública - Principal;Lançamento de Receita;1.035.261,09;500;Recursos não vinculados de Impostos;"Não ";Não Aplicável
Cabedelo;201040;Prefeitura Municipal de Cabedelo;122025;2025;11220101;Taxas pela Prestação de Serviços em Geral - Principal;Lançamento de Receita;130.033,94;500;Recursos não vinculados de Impostos;"Não ";Não Aplicável
Cabedelo;201040;Prefeitura Municipal de Cabedelo;112025;2025;11220101;Taxas pela Prestação de Serviços em Geral - Principal;Lançamento de Receita;64.362,46;500;Recursos não vinculados de Impostos;"Não ";Não Aplicável
Cabedelo;201040;Prefeitura Municipal de Cabedelo;102025;2025;11220101;Taxas pela Prestação de Serviços em Geral - Principal;Lançamento de Receita;180.326,49;500;Recursos não vinculados de Impostos;"Não ";Não Aplicável
Cabedelo;201040;Prefeitura Municipal de Cabedelo;092025;2025;11220101;Taxas pela Prestação de Serviços em Geral - Principal;Lançamento de Receita;151.925,25;500;Recursos não vinculados de Impostos;"Não ";Não Aplicável
Cabedelo;201040;Prefeitura Municipal de Cabedelo;082025;2025;11220101;Taxas pela Prestação de Serviços em Geral - Principal;Lançamento de Receita;227.073,34;500;Recursos não vinculados de Impostos;"Não ";Não Aplicável
Cabedelo;201040;Prefeitura Municipal de Cabedelo;072025;2025;11220101;Taxas pela Prestação de Serviços em Geral - Principal;Lançamento de Receita;179.128,46;500;Recursos não vinculados de Impostos;"Não ";Não Aplicável
Cabedelo;201040;Prefeitura Municipal de Cabedelo;062025;2025;11220101;Taxas pela Prestação de Serviços em Geral - Principal;Lançamento de Receita;116.203,73;500;Recursos não vinculados de Impostos;"Não ";Não Aplicável
Cabedelo;201040;Prefeitura Municipal de Cabedelo;052025;2025;11220101;Taxas pela Prestação de Serviços em Geral - Principal;Lançamento de Receita;135.452,07;500;Recursos não vinculados de Impostos;"Não ";Não Aplicável
Cabedelo;201040;Prefeitura Municipal de Cabedelo;052025;2025;11220101;Taxas pela Prestação de Serviços em Geral - Principal;Lançamento de Receita;396,56;500;Recursos não vinculados de Impostos;1002;Identificação das despesas com ações e serviços públicos de saúde
Cabedelo;201040;Prefeitura Municipal de Cabedelo;052025;2025;11220101;Taxas pela Prestação de Serviços em Geral - Principal;Lançamento de Receita;431,04;500;Recursos não vinculados de Impostos;1001;Identificação das despesas com manutenção e desenvolvimento do ensino
Cabedelo;201040;Prefeitura Municipal de Cabedelo;042025;2025;11220101;Taxas pela Prestação de Serviços em Geral - Principal;Lançamento de Receita;1.190.088,44;500;Recursos não vinculados de Impostos;"Não ";Não Aplicável
Cabedelo;201040;Prefeitura Municipal de Cabedelo;032025;2025;11220101;Taxas pela Prestação de Serviços em Geral - Principal;Lançamento de Receita;1.199.032,03;500;Recursos não vinculados de Impostos;"Não ";Não Aplicável
Cabedelo;201040;Prefeitura Municipal de Cabedelo;022025;2025;11220101;Taxas pela Prestação de Serviços em Geral - Principal;Lançamento de Receita;389.561,47;500;Recursos não vinculados de Impostos;"Não ";Não Aplicável
Cabedelo;201040;Prefeitura Municipal de Cabedelo;012025;2025;11220101;Taxas pela Prestação de Serviços em Geral - Principal;Lançamento de Receita;213.695,43;500;Recursos não vinculados de Impostos;"Não ";Não Aplicável
Cabedelo;201040;Prefeitura Municipal de Cabedelo;122025;2025;11210401;Taxa de Controle e Fiscalização Ambiental - Principal;Lançamento de Receita;183.022,84;500;Recursos não vinculados de Impostos;"Não ";Não Aplicável
Cabedelo;201040;Prefeitura Municipal de Cabedelo;112025;2025;11210401;Taxa de Controle e Fiscalização Ambiental - Principal;Lançamento de Receita;153.927,76;500;Recursos não vinculados de Impostos;"Não ";Não Aplicável
Cabedelo;201040;Prefeitura Municipal de Cabedelo;102025;2025;11210401;Taxa de Controle e Fiscalização Ambiental - Principal;Lançamento de Receita;233.950,98;500;Recursos não vinculados de Impostos;"Não ";Não Aplicável
Cabedelo;201040;Prefeitura Municipal de Cabedelo;092025;2025;11210401;Taxa de Controle e Fiscalização Ambiental - Principal;Lançamento de Receita;223.716,13;500;Recursos não vinculados de Impostos;"Não ";Não Aplicável
Cabedelo;201040;Prefeitura Municipal de Cabedelo;082025;2025;11210401;Taxa de Controle e Fiscalização Ambiental - Principal;Lançamento de Receita;143.015,94;500;Recursos não vinculados de Impostos;"Não ";Não Aplicável
Cabedelo;201040;Prefeitura Municipal de Cabedelo;072025;2025;11210401;Taxa de Controle e Fiscalização Ambiental - Principal;Lançamento de Receita;163.142;500;Recursos não vinculados de Impostos;"Não ";Não Aplicável
Cabedelo;201040;Prefeitura Municipal de Cabedelo;062025;2025;11210401;Taxa de Controle e Fiscalização Ambiental - Principal;Lançamento de Receita;1.167,57;500;Recursos não vinculados de Impostos;1002;Identificação das despesas com ações e serviços públicos de saúde
Cabedelo;201040;Prefeitura Municipal de Cabedelo;062025;2025;11210401;Taxa de Controle e Fiscalização Ambiental - Principal;Lançamento de Receita;1.269,09;500;Recursos não vinculados de Impostos;1001;Identificação das despesas com manutenção e desenvolvimento do ensino
Cabedelo;201040;Prefeitura Municipal de Cabedelo;062025;2025;11210401;Taxa de Controle e Fiscalização Ambiental - Principal;Lançamento de Receita;77.428,36;500;Recursos não vinculados de Impostos;"Não ";Não Aplicável
Cabedelo;201040;Prefeitura Municipal de Cabedelo;052025;2025;11210401;Taxa de Controle e Fiscalização Ambiental - Principal;Lançamento de Receita;159.743,92;500;Recursos não vinculados de Impostos;"Não ";Não Aplicável
Cabedelo;201040;Prefeitura Municipal de Cabedelo;042025;2025;11210401;Taxa de Controle e Fiscalização Ambiental - Principal;Lançamento de Receita;109.524,76;500;Recursos não vinculados de Impostos;"Não ";Não Aplicável
Cabedelo;201040;Prefeitura Municipal de Cabedelo;032025;2025;11210401;Taxa de Controle e Fiscalização Ambiental - Principal;Lançamento de Receita;111.093,96;500;Recursos não vinculados de Impostos;"Não ";Não Aplicável
Cabedelo;201040;Prefeitura Municipal de Cabedelo;022025;2025;11210401;Taxa de Controle e Fiscalização Ambiental - Principal;Lançamento de Receita;173.912,27;500;Recursos não vinculados de Impostos;"Não ";Não Aplicável
Cabedelo;201040;Prefeitura Municipal de Cabedelo;012025;2025;11210401;Taxa de Controle e Fiscalização Ambiental - Principal;Lançamento de Receita;146.882,64;500;Recursos não vinculados de Impostos;"Não ";Não Aplicável
Cabedelo;201040;Prefeitura Municipal de Cabedelo;122025;2025;11210101;Taxas de Inspeção, Controle e Fiscalização - Principal;Lançamento de Receita;82.954,63;500;Recursos não vinculados de Impostos;"Não ";Não Aplicável
Cabedelo;201040;Prefeitura Municipal de Cabedelo;112025;2025;11210101;Taxas de Inspeção, Controle e Fiscalização - Principal;Lançamento de Receita;53.994,95;500;Recursos não vinculados de Impostos;"Não ";Não Aplicável
Cabedelo;201040;Prefeitura Municipal de Cabedelo;102025;2025;11210101;Taxas de Inspeção, Controle e Fiscalização - Principal;Lançamento de Receita;56.043,21;500;Recursos não vinculados de Impostos;"Não ";Não Aplicável
Cabedelo;201040;Prefeitura Municipal de Cabedelo;092025;2025;11210101;Taxas de Inspeção, Controle e Fiscalização - Principal;Lançamento de Receita;71.397,96;500;Recursos não vinculados de Impostos;"Não ";Não Aplicável
Cabedelo;201040;Prefeitura Municipal de Cabedelo;082025;2025;11210101;Taxas de Inspeção, Controle e Fiscalização - Principal;Lançamento de Receita;42.071,35;500;Recursos não vinculados de Impostos;"Não ";Não Aplicável
Cabedelo;201040;Prefeitura Municipal de Cabedelo;072025;2025;11210101;Taxas de Inspeção, Controle e Fiscalização - Principal;Lançamento de Receita;97.900,7;500;Recursos não vinculados de Impostos;"Não ";Não Aplicável
Cabedelo;201040;Prefeitura Municipal de Cabedelo;062025;2025;11210101;Taxas de Inspeção, Controle e Fiscalização - Principal;Lançamento de Receita;0,01;500;Recursos não vinculados de Impostos;1001;Identificação das despesas com manutenção e desenvolvimento do ensino
Cabedelo;201040;Prefeitura Municipal de Cabedelo;062025;2025;11210101;Taxas de Inspeção, Controle e Fiscalização - Principal;Lançamento de Receita;44.264,9;500;Recursos não vinculados de Impostos;"Não ";Não Aplicável
Cabedelo;201040;Prefeitura Municipal de Cabedelo;062025;2025;11210101;Taxas de Inspeção, Controle e Fiscalização - Principal;Lançamento de Receita;0,01;500;Recursos não vinculados de Impostos;1002;Identificação das despesas com ações e serviços públicos de saúde
Cabedelo;201040;Prefeitura Municipal de Cabedelo;052025;2025;11210101;Taxas de Inspeção, Controle e Fiscalização - Principal;Lançamento de Receita;547,79;500;Recursos não vinculados de Impostos;1001;Identificação das despesas com manutenção e desenvolvimento do ensino
Cabedelo;201040;Prefeitura Municipal de Cabedelo;052025;2025;11210101;Taxas de Inspeção, Controle e Fiscalização - Principal;Lançamento de Receita;26.943,42;500;Recursos não vinculados de Impostos;"Não ";Não Aplicável
Cabedelo;201040;Prefeitura Municipal de Cabedelo;052025;2025;11210101;Taxas de Inspeção, Controle e Fiscalização - Principal;Lançamento de Receita;503,95;500;Recursos não vinculados de Impostos;1002;Identificação das despesas com ações e serviços públicos de saúde
Cabedelo;201040;Prefeitura Municipal de Cabedelo;042025;2025;11210101;Taxas de Inspeção, Controle e Fiscalização - Principal;Lançamento de Receita;45.941,3;500;Recursos não vinculados de Impostos;"Não ";Não Aplicável
Cabedelo;201040;Prefeitura Municipal de Cabedelo;032025;2025;11210101;Taxas de Inspeção, Controle e Fiscalização - Principal;Lançamento de Receita;47.029,64;500;Recursos não vinculados de Impostos;"Não ";Não Aplicável
Cabedelo;201040;Prefeitura Municipal de Cabedelo;022025;2025;11210101;Taxas de Inspeção, Controle e Fiscalização - Principal;Lançamento de Receita;176.896,96;500;Recursos não vinculados de Impostos;"Não ";Não Aplicável
Cabedelo;201040;Prefeitura Municipal de Cabedelo;012025;2025;11210101;Taxas de Inspeção, Controle e Fiscalização - Principal;Lançamento de Receita;50.859,41;500;Recursos não vinculados de Impostos;"Não ";Não Aplicável
Cabedelo;201040;Prefeitura Municipal de Cabedelo;122025;2025;11145113;Imposto sobre Serviços de Qualquer Natureza - ISSQN - Dívida Ativa;Lançamento de Receita;1.669,59;500;Recursos não vinculados de Impostos;"Não ";Não Aplicável
Cabedelo;201040;Prefeitura Municipal de Cabedelo;122025;2025;11145113;Imposto sobre Serviços de Qualquer Natureza - ISSQN - Dívida Ativa;Lançamento de Receita;417,4;500;Recursos não vinculados de Impostos;1002;Identificação das despesas com ações e serviços públicos de saúde
Cabedelo;201040;Prefeitura Municipal de Cabedelo;122025;2025;11145113;Imposto sobre Serviços de Qualquer Natureza - ISSQN - Dívida Ativa;Lançamento de Receita;695,66;500;Recursos não vinculados de Impostos;1001;Identificação das despesas com manutenção e desenvolvimento do ensino
Cabedelo;201040;Prefeitura Municipal de Cabedelo;112025;2025;11145113;Imposto sobre Serviços de Qualquer Natureza - ISSQN - Dívida Ativa;Lançamento de Receita;1.045,73;500;Recursos não vinculados de Impostos;1001;Identificação das despesas com manutenção e desenvolvimento do ensino
Cabedelo;201040;Prefeitura Municipal de Cabedelo;112025;2025;11145113;Imposto sobre Serviços de Qualquer Natureza - ISSQN - Dívida Ativa;Lançamento de Receita;627,41;500;Recursos não vinculados de Impostos;1002;Identificação das despesas com ações e serviços públicos de saúde
Cabedelo;201040;Prefeitura Municipal de Cabedelo;112025;2025;11145113;Imposto sobre Serviços de Qualquer Natureza - ISSQN - Dívida Ativa;Lançamento de Receita;2.509,72;500;Recursos não vinculados de Impostos;"Não ";Não Aplicável
Cabedelo;201040;Prefeitura Municipal de Cabedelo;102025;2025;11145113;Imposto sobre Serviços de Qualquer Natureza - ISSQN - Dívida Ativa;Lançamento de Receita;9.206,59;500;Recursos não vinculados de Impostos;"Não ";Não Aplicável
Cabedelo;201040;Prefeitura Municipal de Cabedelo;102025;2025;11145113;Imposto sobre Serviços de Qualquer Natureza - ISSQN - Dívida Ativa;Lançamento de Receita;2.301,65;500;Recursos não vinculados de Impostos;1002;Identificação das despesas com ações e serviços públicos de saúde
Cabedelo;201040;Prefeitura Municipal de Cabedelo;102025;2025;11145113;Imposto sobre Serviços de Qualquer Natureza - ISSQN - Dívida Ativa;Lançamento de Receita;3.836,07;500;Recursos não vinculados de Impostos;1001;Identificação das despesas com manutenção e desenvolvimento do ensino
Cabedelo;201040;Prefeitura Municipal de Cabedelo;092025;2025;11145113;Imposto sobre Serviços de Qualquer Natureza - ISSQN - Dívida Ativa;Lançamento de Receita;968,07;500;Recursos não vinculados de Impostos;1002;Identificação das despesas com ações e serviços públicos de saúde
Cabedelo;201040;Prefeitura Municipal de Cabedelo;092025;2025;11145113;Imposto sobre Serviços de Qualquer Natureza - ISSQN - Dívida Ativa;Lançamento de Receita;1.613,43;500;Recursos não vinculados de Impostos;1001;Identificação das despesas com manutenção e desenvolvimento do ensino
Cabedelo;201040;Prefeitura Municipal de Cabedelo;092025;2025;11145113;Imposto sobre Serviços de Qualquer Natureza - ISSQN - Dívida Ativa;Lançamento de Receita;3.872,24;500;Recursos não vinculados de Impostos;"Não ";Não Aplicável
Cabedelo;201040;Prefeitura Municipal de Cabedelo;082025;2025;11145113;Imposto sobre Serviços de Qualquer Natureza - ISSQN - Dívida Ativa;Lançamento de Receita;3.515,79;500;Recursos não vinculados de Impostos;"Não ";Não Aplicável
Cabedelo;201040;Prefeitura Municipal de Cabedelo;082025;2025;11145113;Imposto sobre Serviços de Qualquer Natureza - ISSQN - Dívida Ativa;Lançamento de Receita;1.464,91;500;Recursos não vinculados de Impostos;1001;Identificação das despesas com manutenção e desenvolvimento do ensino
Cabedelo;201040;Prefeitura Municipal de Cabedelo;082025;2025;11145113;Imposto sobre Serviços de Qualquer Natureza - ISSQN - Dívida Ativa;Lançamento de Receita;878,95;500;Recursos não vinculados de Impostos;1002;Identificação das despesas com ações e serviços públicos de saúde
Cabedelo;201040;Prefeitura Municipal de Cabedelo;072025;2025;11145113;Imposto sobre Serviços de Qualquer Natureza - ISSQN - Dívida Ativa;Lançamento de Receita;3.183,13;500;Recursos não vinculados de Impostos;1001;Identificação das despesas com manutenção e desenvolvimento do ensino
Cabedelo;201040;Prefeitura Municipal de Cabedelo;072025;2025;11145113;Imposto sobre Serviços de Qualquer Natureza - ISSQN - Dívida Ativa;Lançamento de Receita;1.909,89;500;Recursos não vinculados de Impostos;1002;Identificação das despesas com ações e serviços públicos de saúde
Cabedelo;201040;Prefeitura Municipal de Cabedelo;072025;2025;11145113;Imposto sobre Serviços de Qualquer Natureza - ISSQN - Dívida Ativa;Lançamento de Receita;7.639,53;500;Recursos não vinculados de Impostos;"Não ";Não Aplicável
Cabedelo;201040;Prefeitura Municipal de Cabedelo;062025;2025;11145113;Imposto sobre Serviços de Qualquer Natureza - ISSQN - Dívida Ativa;Lançamento de Receita;666,6;500;Recursos não vinculados de Impostos;"Não ";Não Aplicável
Cabedelo;201040;Prefeitura Municipal de Cabedelo;062025;2025;11145113;Imposto sobre Serviços de Qualquer Natureza - ISSQN - Dívida Ativa;Lançamento de Receita;166,65;500;Recursos não vinculados de Impostos;1002;Identificação das despesas com ações e serviços públicos de saúde
Cabedelo;201040;Prefeitura Municipal de Cabedelo;062025;2025;11145113;Imposto sobre Serviços de Qualquer Natureza - ISSQN - Dívida Ativa;Lançamento de Receita;277,75;500;Recursos não vinculados de Impostos;1001;Identificação das despesas com manutenção e desenvolvimento do ensino
Cabedelo;201040;Prefeitura Municipal de Cabedelo;052025;2025;11145113;Imposto sobre Serviços de Qualquer Natureza - ISSQN - Dívida Ativa;Lançamento de Receita;626,37;500;Recursos não vinculados de Impostos;1001;Identificação das despesas com manutenção e desenvolvimento do ensino
Cabedelo;201040;Prefeitura Municipal de Cabedelo;052025;2025;11145113;Imposto sobre Serviços de Qualquer Natureza - ISSQN - Dívida Ativa;Lançamento de Receita;1.503,3;500;Recursos não vinculados de Impostos;"Não ";Não Aplicável
Cabedelo;201040;Prefeitura Municipal de Cabedelo;052025;2025;11145113;Imposto sobre Serviços de Qualquer Natureza - ISSQN - Dívida Ativa;Lançamento de Receita;375,83;500;Recursos não vinculados de Impostos;1002;Identificação das despesas com ações e serviços públicos de saúde
Cabedelo;201040;Prefeitura Municipal de Cabedelo;032025;2025;11145113;Imposto sobre Serviços de Qualquer Natureza - ISSQN - Dívida Ativa;Lançamento de Receita;1.413,42;500;Recursos não vinculados de Impostos;"Não ";Não Aplicável
Cabedelo;201040;Prefeitura Municipal de Cabedelo;032025;2025;11145113;Imposto sobre Serviços de Qualquer Natureza - ISSQN - Dívida Ativa;Lançamento de Receita;588,92;500;Recursos não vinculados de Impostos;1001;Identificação das despesas com manutenção e desenvolvimento do ensino
Cabedelo;201040;Prefeitura Municipal de Cabedelo;032025;2025;11145113;Imposto sobre Serviços de Qualquer Natureza - ISSQN - Dívida Ativa;Lançamento de Receita;353,36;500;Recursos não vinculados de Impostos;1002;Identificação das despesas com ações e serviços públicos de saúde
Cabedelo;201040;Prefeitura Municipal de Cabedelo;012025;2025;11145113;Imposto sobre Serviços de Qualquer Natureza - ISSQN - Dívida Ativa;Lançamento de Receita;468,55;500;Recursos não vinculados de Impostos;1002;Identificação das despesas com ações e serviços públicos de saúde
Cabedelo;201040;Prefeitura Municipal de Cabedelo;012025;2025;11145113;Imposto sobre Serviços de Qualquer Natureza - ISSQN - Dívida Ativa;Lançamento de Receita;1.874,15;500;Recursos não vinculados de Impostos;"Não ";Não Aplicável
Cabedelo;201040;Prefeitura Municipal de Cabedelo;012025;2025;11145113;Imposto sobre Serviços de Qualquer Natureza - ISSQN - Dívida Ativa;Lançamento de Receita;780,89;500;Recursos não vinculados de Impostos;1001;Identificação das despesas com manutenção e desenvolvimento do ensino
Cabedelo;201040;Prefeitura Municipal de Cabedelo;122025;2025;11145111;Imposto sobre Serviços de Qualquer Natureza - ISSQN - Principal;Lançamento de Receita;1.152.631,78;500;Recursos não vinculados de Impostos;1001;Identificação das despesas com manutenção e desenvolvimento do ensino
Cabedelo;201040;Prefeitura Municipal de Cabedelo;122025;2025;11145111;Imposto sobre Serviços de Qualquer Natureza - ISSQN - Principal;Lançamento de Receita;1.060.421,03;500;Recursos não vinculados de Impostos;1002;Identificação das despesas com ações e serviços públicos de saúde
Cabedelo;201040;Prefeitura Municipal de Cabedelo;122025;2025;11145111;Imposto sobre Serviços de Qualquer Natureza - ISSQN - Principal;Lançamento de Receita;2.397.474,03;500;Recursos não vinculados de Impostos;"Não ";Não Aplicável
Cabedelo;201040;Prefeitura Municipal de Cabedelo;112025;2025;11145111;Imposto sobre Serviços de Qualquer Natureza - ISSQN - Principal;Lançamento de Receita;1.195.014,11;500;Recursos não vinculados de Impostos;1002;Identificação das despesas com ações e serviços públicos de saúde
Cabedelo;201040;Prefeitura Municipal de Cabedelo;112025;2025;11145111;Imposto sobre Serviços de Qualquer Natureza - ISSQN - Principal;Lançamento de Receita;2.701.771,62;500;Recursos não vinculados de Impostos;"Não ";Não Aplicável
Cabedelo;201040;Prefeitura Municipal de Cabedelo;112025;2025;11145111;Imposto sobre Serviços de Qualquer Natureza - ISSQN - Principal;Lançamento de Receita;1.298.928,8;500;Recursos não vinculados de Impostos;1001;Identificação das despesas com manutenção e desenvolvimento do ensino
Cabedelo;201040;Prefeitura Municipal de Cabedelo;102025;2025;11145111;Imposto sobre Serviços de Qualquer Natureza - ISSQN - Principal;Lançamento de Receita;3.180.445,21;500;Recursos não vinculados de Impostos;"Não ";Não Aplicável
Cabedelo;201040;Prefeitura Municipal de Cabedelo;102025;2025;11145111;Imposto sobre Serviços de Qualquer Natureza - ISSQN - Principal;Lançamento de Receita;1.406.735,21;500;Recursos não vinculados de Impostos;1002;Identificação das despesas com ações e serviços públicos de saúde
Cabedelo;201040;Prefeitura Municipal de Cabedelo;102025;2025;11145111;Imposto sobre Serviços de Qualquer Natureza - ISSQN - Principal;Lançamento de Receita;1.529.060,3;500;Recursos não vinculados de Impostos;1001;Identificação das despesas com manutenção e desenvolvimento do ensino
Cabedelo;201040;Prefeitura Municipal de Cabedelo;092025;2025;11145111;Imposto sobre Serviços de Qualquer Natureza - ISSQN - Principal;Lançamento de Receita;1.248.880,1;500;Recursos não vinculados de Impostos;1002;Identificação das despesas com ações e serviços públicos de saúde
Cabedelo;201040;Prefeitura Municipal de Cabedelo;092025;2025;11145111;Imposto sobre Serviços de Qualquer Natureza - ISSQN - Principal;Lançamento de Receita;2.823.555,5;500;Recursos não vinculados de Impostos;"Não ";Não Aplicável
Cabedelo;201040;Prefeitura Municipal de Cabedelo;092025;2025;11145111;Imposto sobre Serviços de Qualquer Natureza - ISSQN - Principal;Lançamento de Receita;1.357.478,6;500;Recursos não vinculados de Impostos;1001;Identificação das despesas com manutenção e desenvolvimento do ensino
Cabedelo;201040;Prefeitura Municipal de Cabedelo;082025;2025;11145111;Imposto sobre Serviços de Qualquer Natureza - ISSQN - Principal;Lançamento de Receita;1.188.830,95;500;Recursos não vinculados de Impostos;1001;Identificação das despesas com manutenção e desenvolvimento do ensino
Cabedelo;201040;Prefeitura Municipal de Cabedelo;082025;2025;11145111;Imposto sobre Serviços de Qualquer Natureza - ISSQN - Principal;Lançamento de Receita;2.472.768,35;500;Recursos não vinculados de Impostos;"Não ";Não Aplicável
Cabedelo;201040;Prefeitura Municipal de Cabedelo;082025;2025;11145111;Imposto sobre Serviços de Qualquer Natureza - ISSQN - Principal;Lançamento de Receita;1.093.724,37;500;Recursos não vinculados de Impostos;1002;Identificação das despesas com ações e serviços públicos de saúde
Cabedelo;201040;Prefeitura Municipal de Cabedelo;072025;2025;11145111;Imposto sobre Serviços de Qualquer Natureza - ISSQN - Principal;Lançamento de Receita;2.804.892,59;500;Recursos não vinculados de Impostos;"Não ";Não Aplicável
Cabedelo;201040;Prefeitura Municipal de Cabedelo;072025;2025;11145111;Imposto sobre Serviços de Qualquer Natureza - ISSQN - Principal;Lançamento de Receita;1.347.481,74;500;Recursos não vinculados de Impostos;1001;Identificação das despesas com manutenção e desenvolvimento do ensino
Cabedelo;201040;Prefeitura Municipal de Cabedelo;072025;2025;11145111;Imposto sobre Serviços de Qualquer Natureza - ISSQN - Principal;Lançamento de Receita;1.239.849,91;500;Recursos não vinculados de Impostos;1002;Identificação das despesas com ações e serviços públicos de saúde
Cabedelo;201040;Prefeitura Municipal de Cabedelo;062025;2025;11145111;Imposto sobre Serviços de Qualquer Natureza - ISSQN - Principal;Lançamento de Receita;1.240.789,5;500;Recursos não vinculados de Impostos;1001;Identificação das despesas com manutenção e desenvolvimento do ensino
Cabedelo;201040;Prefeitura Municipal de Cabedelo;062025;2025;11145111;Imposto sobre Serviços de Qualquer Natureza - ISSQN - Principal;Lançamento de Receita;2.580.842,23;500;Recursos não vinculados de Impostos;"Não ";Não Aplicável
Cabedelo;201040;Prefeitura Municipal de Cabedelo;062025;2025;11145111;Imposto sobre Serviços de Qualquer Natureza - ISSQN - Principal;Lançamento de Receita;1.141.526,4;500;Recursos não vinculados de Impostos;1002;Identificação das despesas com ações e serviços públicos de saúde
Cabedelo;201040;Prefeitura Municipal de Cabedelo;052025;2025;11145111;Imposto sobre Serviços de Qualquer Natureza - ISSQN - Principal;Lançamento de Receita;1.020.351,98;500;Recursos não vinculados de Impostos;1002;Identificação das despesas com ações e serviços públicos de saúde
Cabedelo;201040;Prefeitura Municipal de Cabedelo;052025;2025;11145111;Imposto sobre Serviços de Qualquer Natureza - ISSQN - Principal;Lançamento de Receita;2.306.882,71;500;Recursos não vinculados de Impostos;"Não ";Não Aplicável
Cabedelo;201040;Prefeitura Municipal de Cabedelo;052025;2025;11145111;Imposto sobre Serviços de Qualquer Natureza - ISSQN - Principal;Lançamento de Receita;1.109.078,2;500;Recursos não vinculados de Impostos;1001;Identificação das despesas com manutenção e desenvolvimento do ensino
Cabedelo;201040;Prefeitura Municipal de Cabedelo;042025;2025;11145111;Imposto sobre Serviços de Qualquer Natureza - ISSQN - Principal;Lançamento de Receita;2.503.845,72;500;Recursos não vinculados de Impostos;"Não ";Não Aplicável
Cabedelo;201040;Prefeitura Municipal de Cabedelo;042025;2025;11145111;Imposto sobre Serviços de Qualquer Natureza - ISSQN - Principal;Lançamento de Receita;1.203.771,97;500;Recursos não vinculados de Impostos;1001;Identificação das despesas com manutenção e desenvolvimento do ensino
Cabedelo;201040;Prefeitura Municipal de Cabedelo;042025;2025;11145111;Imposto sobre Serviços de Qualquer Natureza - ISSQN - Principal;Lançamento de Receita;1.107.469,94;500;Recursos não vinculados de Impostos;1002;Identificação das despesas com ações e serviços públicos de saúde
Cabedelo;201040;Prefeitura Municipal de Cabedelo;032025;2025;11145111;Imposto sobre Serviços de Qualquer Natureza - ISSQN - Principal;Lançamento de Receita;846.477,46;500;Recursos não vinculados de Impostos;1002;Identificação das despesas com ações e serviços públicos de saúde
Cabedelo;201040;Prefeitura Municipal de Cabedelo;032025;2025;11145111;Imposto sobre Serviços de Qualquer Natureza - ISSQN - Principal;Lançamento de Receita;1.913.775,7;500;Recursos não vinculados de Impostos;"Não ";Não Aplicável
Cabedelo;201040;Prefeitura Municipal de Cabedelo;032025;2025;11145111;Imposto sobre Serviços de Qualquer Natureza - ISSQN - Principal;Lançamento de Receita;920.084,61;500;Recursos não vinculados de Impostos;1001;Identificação das despesas com manutenção e desenvolvimento do ensino
Cabedelo;201040;Prefeitura Municipal de Cabedelo;022025;2025;11145111;Imposto sobre Serviços de Qualquer Natureza - ISSQN - Principal;Lançamento de Receita;2.896.108,55;500;Recursos não vinculados de Impostos;"Não ";Não Aplicável
Cabedelo;201040;Prefeitura Municipal de Cabedelo;022025;2025;11145111;Imposto sobre Serviços de Qualquer Natureza - ISSQN - Principal;Lançamento de Receita;1.392.359,9;500;Recursos não vinculados de Impostos;1001;Identificação das despesas com manutenção e desenvolvimento do ensino
Cabedelo;201040;Prefeitura Municipal de Cabedelo;022025;2025;11145111;Imposto sobre Serviços de Qualquer Natureza - ISSQN - Principal;Lançamento de Receita;1.280.970,92;500;Recursos não vinculados de Impostos;1002;Identificação das despesas com ações e serviços públicos de saúde
Cabedelo;201040;Prefeitura Municipal de Cabedelo;012025;2025;11145111;Imposto sobre Serviços de Qualquer Natureza - ISSQN - Principal;Lançamento de Receita;1.201.264,57;500;Recursos não vinculados de Impostos;1002;Identificação das despesas com ações e serviços públicos de saúde
Cabedelo;201040;Prefeitura Municipal de Cabedelo;012025;2025;11145111;Imposto sobre Serviços de Qualquer Natureza - ISSQN - Principal;Lançamento de Receita;2.751.322,93;500;Recursos não vinculados de Impostos;"Não ";Não Aplicável
Cabedelo;201040;Prefeitura Municipal de Cabedelo;012025;2025;11145111;Imposto sobre Serviços de Qualquer Natureza - ISSQN - Principal;Lançamento de Receita;1.305.722,57;500;Recursos não vinculados de Impostos;1001;Identificação das despesas com manutenção e desenvolvimento do ensino
Cabedelo;201040;Prefeitura Municipal de Cabedelo;122025;2025;11130341;Imposto sobre a Renda - Retido na Fonte - Outros Rendimentos - Principal;Lançamento de Receita;253.812,48;500;Recursos não vinculados de Impostos;"Não ";Não Aplicável
Cabedelo;201040;Prefeitura Municipal de Cabedelo;122025;2025;11130341;Imposto sobre a Renda - Retido na Fonte - Outros Rendimentos - Principal;Lançamento de Receita;112.263,21;500;Recursos não vinculados de Impostos;1002;Identificação das despesas com ações e serviços públicos de saúde
Cabedelo;201040;Prefeitura Municipal de Cabedelo;122025;2025;11130341;Imposto sobre a Renda - Retido na Fonte - Outros Rendimentos - Principal;Lançamento de Receita;122.025,23;500;Recursos não vinculados de Impostos;1001;Identificação das despesas com manutenção e desenvolvimento do ensino
Cabedelo;201040;Prefeitura Municipal de Cabedelo;112025;2025;11130341;Imposto sobre a Renda - Retido na Fonte - Outros Rendimentos - Principal;Lançamento de Receita;509,24;500;Recursos não vinculados de Impostos;1002;Identificação das despesas com ações e serviços públicos de saúde
Cabedelo;201040;Prefeitura Municipal de Cabedelo;112025;2025;11130341;Imposto sobre a Renda - Retido na Fonte - Outros Rendimentos - Principal;Lançamento de Receita;1.151,33;500;Recursos não vinculados de Impostos;"Não ";Não Aplicável
Cabedelo;201040;Prefeitura Municipal de Cabedelo;112025;2025;11130341;Imposto sobre a Renda - Retido na Fonte - Outros Rendimentos - Principal;Lançamento de Receita;553,52;500;Recursos não vinculados de Impostos;1001;Identificação das despesas com manutenção e desenvolvimento do ensino
Cabedelo;201040;Prefeitura Municipal de Cabedelo;102025;2025;11130341;Imposto sobre a Renda - Retido na Fonte - Outros Rendimentos - Principal;Lançamento de Receita;124.845,16;500;Recursos não vinculados de Impostos;"Não ";Não Aplicável
Cabedelo;201040;Prefeitura Municipal de Cabedelo;102025;2025;11130341;Imposto sobre a Renda - Retido na Fonte - Outros Rendimentos - Principal;Lançamento de Receita;55.219,97;500;Recursos não vinculados de Impostos;1002;Identificação das despesas com ações e serviços públicos de saúde
Cabedelo;201040;Prefeitura Municipal de Cabedelo;102025;2025;11130341;Imposto sobre a Renda - Retido na Fonte - Outros Rendimentos - Principal;Lançamento de Receita;60.021,71;500;Recursos não vinculados de Impostos;1001;Identificação das despesas com manutenção e desenvolvimento do ensino
Cabedelo;201040;Prefeitura Municipal de Cabedelo;092025;2025;11130341;Imposto sobre a Renda - Retido na Fonte - Outros Rendimentos - Principal;Lançamento de Receita;1.640,21;500;Recursos não vinculados de Impostos;1001;Identificação das despesas com manutenção e desenvolvimento do ensino
Cabedelo;201040;Prefeitura Municipal de Cabedelo;092025;2025;11130341;Imposto sobre a Renda - Retido na Fonte - Outros Rendimentos - Principal;Lançamento de Receita;3.411,64;500;Recursos não vinculados de Impostos;"Não ";Não Aplicável
Cabedelo;201040;Prefeitura Municipal de Cabedelo;092025;2025;11130341;Imposto sobre a Renda - Retido na Fonte - Outros Rendimentos - Principal;Lançamento de Receita;1.509;500;Recursos não vinculados de Impostos;1002;Identificação das despesas com ações e serviços públicos de saúde
Cabedelo;201040;Prefeitura Municipal de Cabedelo;082025;2025;11130341;Imposto sobre a Renda - Retido na Fonte - Outros Rendimentos - Principal;Lançamento de Receita;772,54;500;Recursos não vinculados de Impostos;1001;Identificação das despesas com manutenção e desenvolvimento do ensino
Cabedelo;201040;Prefeitura Municipal de Cabedelo;082025;2025;11130341;Imposto sobre a Renda - Retido na Fonte - Outros Rendimentos - Principal;Lançamento de Receita;710,73;500;Recursos não vinculados de Impostos;1002;Identificação das despesas com ações e serviços públicos de saúde
Cabedelo;201040;Prefeitura Municipal de Cabedelo;082025;2025;11130341;Imposto sobre a Renda - Retido na Fonte - Outros Rendimentos - Principal;Lançamento de Receita;1.606,88;500;Recursos não vinculados de Impostos;"Não ";Não Aplicável
Cabedelo;201040;Prefeitura Municipal de Cabedelo;062025;2025;11130341;Imposto sobre a Renda - Retido na Fonte - Outros Rendimentos - Principal;Lançamento de Receita;513,11;500;Recursos não vinculados de Impostos;1002;Identificação das despesas com ações e serviços públicos de saúde
Cabedelo;201040;Prefeitura Municipal de Cabedelo;062025;2025;11130341;Imposto sobre a Renda - Retido na Fonte - Outros Rendimentos - Principal;Lançamento de Receita;1.160,07;500;Recursos não vinculados de Impostos;"Não ";Não Aplicável
Cabedelo;201040;Prefeitura Municipal de Cabedelo;062025;2025;11130341;Imposto sobre a Renda - Retido na Fonte - Outros Rendimentos - Principal;Lançamento de Receita;557,72;500;Recursos não vinculados de Impostos;1001;Identificação das despesas com manutenção e desenvolvimento do ensino
Cabedelo;201040;Prefeitura Municipal de Cabedelo;042025;2025;11130341;Imposto sobre a Renda - Retido na Fonte - Outros Rendimentos - Principal;Lançamento de Receita;89.343,68;500;Recursos não vinculados de Impostos;1001;Identificação das despesas com manutenção e desenvolvimento do ensino
Cabedelo;201040;Prefeitura Municipal de Cabedelo;042025;2025;11130341;Imposto sobre a Renda - Retido na Fonte - Outros Rendimentos - Principal;Lançamento de Receita;185.834,85;500;Recursos não vinculados de Impostos;"Não ";Não Aplicável
Cabedelo;201040;Prefeitura Municipal de Cabedelo;042025;2025;11130341;Imposto sobre a Renda - Retido na Fonte - Outros Rendimentos - Principal;Lançamento de Receita;82.196,19;500;Recursos não vinculados de Impostos;1002;Identificação das despesas com ações e serviços públicos de saúde
Cabedelo;201040;Prefeitura Municipal de Cabedelo;032025;2025;11130341;Imposto sobre a Renda - Retido na Fonte - Outros Rendimentos - Principal;Lançamento de Receita;1.276,78;500;Recursos não vinculados de Impostos;1001;Identificação das despesas com manutenção e desenvolvimento do ensino
Cabedelo;201040;Prefeitura Municipal de Cabedelo;032025;2025;11130341;Imposto sobre a Renda - Retido na Fonte - Outros Rendimentos - Principal;Lançamento de Receita;2.655,69;500;Recursos não vinculados de Impostos;"Não ";Não Aplicável
Cabedelo;201040;Prefeitura Municipal de Cabedelo;032025;2025;11130341;Imposto sobre a Renda - Retido na Fonte - Outros Rendimentos - Principal;Lançamento de Receita;1.174,63;500;Recursos não vinculados de Impostos;1002;Identificação das despesas com ações e serviços públicos de saúde
Cabedelo;201040;Prefeitura Municipal de Cabedelo;012025;2025;11130341;Imposto sobre a Renda - Retido na Fonte - Outros Rendimentos - Principal;Lançamento de Receita;2.465,2;500;Recursos não vinculados de Impostos;1001;Identificação das despesas com manutenção e desenvolvimento do ensino
Cabedelo;201040;Prefeitura Municipal de Cabedelo;012025;2025;11130341;Imposto sobre a Renda - Retido na Fonte - Outros Rendimentos - Principal;Lançamento de Receita;2.267,98;500;Recursos não vinculados de Impostos;1002;Identificação das despesas com ações e serviços públicos de saúde
Cabedelo;201040;Prefeitura Municipal de Cabedelo;012025;2025;11130341;Imposto sobre a Renda - Retido na Fonte - Outros Rendimentos - Principal;Lançamento de Receita;5.127,61;500;Recursos não vinculados de Impostos;"Não ";Não Aplicável
Cabedelo;201040;Prefeitura Municipal de Cabedelo;122025;2025;11130311;Imposto sobre a Renda - Retido na Fonte - Trabalho - Principal;Lançamento de Receita;712.664,19;500;Recursos não vinculados de Impostos;1002;Identificação das despesas com ações e serviços públicos de saúde
Cabedelo;201040;Prefeitura Municipal de Cabedelo;122025;2025;11130311;Imposto sobre a Renda - Retido na Fonte - Trabalho - Principal;Lançamento de Receita;774.635,13;500;Recursos não vinculados de Impostos;1001;Identificação das despesas com manutenção e desenvolvimento do ensino
Cabedelo;201040;Prefeitura Municipal de Cabedelo;122025;2025;11130311;Imposto sobre a Renda - Retido na Fonte - Trabalho - Principal;Lançamento de Receita;1.611.241,14;500;Recursos não vinculados de Impostos;"Não ";Não Aplicável
Cabedelo;201040;Prefeitura Municipal de Cabedelo;112025;2025;11130311;Imposto sobre a Renda - Retido na Fonte - Trabalho - Principal;Lançamento de Receita;463.902,44;500;Recursos não vinculados de Impostos;1002;Identificação das despesas com ações e serviços públicos de saúde
Cabedelo;201040;Prefeitura Municipal de Cabedelo;112025;2025;11130311;Imposto sobre a Renda - Retido na Fonte - Trabalho - Principal;Lançamento de Receita;504.241,77;500;Recursos não vinculados de Impostos;1001;Identificação das despesas com manutenção e desenvolvimento do ensino
Cabedelo;201040;Prefeitura Municipal de Cabedelo;112025;2025;11130311;Imposto sobre a Renda - Retido na Fonte - Trabalho - Principal;Lançamento de Receita;1.048.822,77;500;Recursos não vinculados de Impostos;"Não ";Não Aplicável
Cabedelo;201040;Prefeitura Municipal de Cabedelo;102025;2025;11130311;Imposto sobre a Renda - Retido na Fonte - Trabalho - Principal;Lançamento de Receita;656.217,62;500;Recursos não vinculados de Impostos;1001;Identificação das despesas com manutenção e desenvolvimento do ensino
Cabedelo;201040;Prefeitura Municipal de Cabedelo;102025;2025;11130311;Imposto sobre a Renda - Retido na Fonte - Trabalho - Principal;Lançamento de Receita;603.720,05;500;Recursos não vinculados de Impostos;1002;Identificação das despesas com ações e serviços públicos de saúde
Cabedelo;201040;Prefeitura Municipal de Cabedelo;102025;2025;11130311;Imposto sobre a Renda - Retido na Fonte - Trabalho - Principal;Lançamento de Receita;1.364.932,45;500;Recursos não vinculados de Impostos;"Não ";Não Aplicável
Cabedelo;201040;Prefeitura Municipal de Cabedelo;092025;2025;11130311;Imposto sobre a Renda - Retido na Fonte - Trabalho - Principal;Lançamento de Receita;582.192,75;500;Recursos não vinculados de Impostos;1002;Identificação das despesas com ações e serviços públicos de saúde
Cabedelo;201040;Prefeitura Municipal de Cabedelo;092025;2025;11130311;Imposto sobre a Renda - Retido na Fonte - Trabalho - Principal;Lançamento de Receita;632.818,26;500;Recursos não vinculados de Impostos;1001;Identificação das despesas com manutenção e desenvolvimento do ensino
Cabedelo;201040;Prefeitura Municipal de Cabedelo;092025;2025;11130311;Imposto sobre a Renda - Retido na Fonte - Trabalho - Principal;Lançamento de Receita;1.316.262,02;500;Recursos não vinculados de Impostos;"Não ";Não Aplicável
Cabedelo;201040;Prefeitura Municipal de Cabedelo;082025;2025;11130311;Imposto sobre a Renda - Retido na Fonte - Trabalho - Principal;Lançamento de Receita;604.198,31;500;Recursos não vinculados de Impostos;1002;Identificação das despesas com ações e serviços públicos de saúde
Cabedelo;201040;Prefeitura Municipal de Cabedelo;082025;2025;11130311;Imposto sobre a Renda - Retido na Fonte - Trabalho - Principal;Lançamento de Receita;1.366.013,52;500;Recursos não vinculados de Impostos;"Não ";Não Aplicável
Cabedelo;201040;Prefeitura Municipal de Cabedelo;082025;2025;11130311;Imposto sobre a Renda - Retido na Fonte - Trabalho - Principal;Lançamento de Receita;656.737,22;500;Recursos não vinculados de Impostos;1001;Identificação das despesas com manutenção e desenvolvimento do ensino
Cabedelo;201040;Prefeitura Municipal de Cabedelo;072025;2025;11130311;Imposto sobre a Renda - Retido na Fonte - Trabalho - Principal;Lançamento de Receita;659.433,57;500;Recursos não vinculados de Impostos;1002;Identificação das despesas com ações e serviços públicos de saúde
Cabedelo;201040;Prefeitura Municipal de Cabedelo;072025;2025;11130311;Imposto sobre a Renda - Retido na Fonte - Trabalho - Principal;Lançamento de Receita;716.775,84;500;Recursos não vinculados de Impostos;1001;Identificação das despesas com manutenção e desenvolvimento do ensino
Cabedelo;201040;Prefeitura Municipal de Cabedelo;072025;2025;11130311;Imposto sobre a Renda - Retido na Fonte - Trabalho - Principal;Lançamento de Receita;1.502.768,86;500;Recursos não vinculados de Impostos;"Não ";Não Aplicável
Cabedelo;201040;Prefeitura Municipal de Cabedelo;062025;2025;11130311;Imposto sobre a Renda - Retido na Fonte - Trabalho - Principal;Lançamento de Receita;409.133,72;500;Recursos não vinculados de Impostos;1002;Identificação das despesas com ações e serviços públicos de saúde
Cabedelo;201040;Prefeitura Municipal de Cabedelo;062025;2025;11130311;Imposto sobre a Renda - Retido na Fonte - Trabalho - Principal;Lançamento de Receita;924.997,78;500;Recursos não vinculados de Impostos;"Não ";Não Aplicável
Cabedelo;201040;Prefeitura Municipal de Cabedelo;062025;2025;11130311;Imposto sobre a Renda - Retido na Fonte - Trabalho - Principal;Lançamento de Receita;444.710,41;500;Recursos não vinculados de Impostos;1001;Identificação das despesas com manutenção e desenvolvimento do ensino
Cabedelo;201040;Prefeitura Municipal de Cabedelo;052025;2025;11130311;Imposto sobre a Renda - Retido na Fonte - Trabalho - Principal;Lançamento de Receita;487.374,32;500;Recursos não vinculados de Impostos;1002;Identificação das despesas com ações e serviços públicos de saúde
Cabedelo;201040;Prefeitura Municipal de Cabedelo;052025;2025;11130311;Imposto sobre a Renda - Retido na Fonte - Trabalho - Principal;Lançamento de Receita;1.101.890,03;500;Recursos não vinculados de Impostos;"Não ";Não Aplicável
Cabedelo;201040;Prefeitura Municipal de Cabedelo;052025;2025;11130311;Imposto sobre a Renda - Retido na Fonte - Trabalho - Principal;Lançamento de Receita;529.754,78;500;Recursos não vinculados de Impostos;1001;Identificação das despesas com manutenção e desenvolvimento do ensino
Cabedelo;201040;Prefeitura Municipal de Cabedelo;042025;2025;11130311;Imposto sobre a Renda - Retido na Fonte - Trabalho - Principal;Lançamento de Receita;1.144.938,82;500;Recursos não vinculados de Impostos;"Não ";Não Aplicável
Cabedelo;201040;Prefeitura Municipal de Cabedelo;042025;2025;11130311;Imposto sobre a Renda - Retido na Fonte - Trabalho - Principal;Lançamento de Receita;550.451,21;500;Recursos não vinculados de Impostos;1001;Identificação das despesas com manutenção e desenvolvimento do ensino
Cabedelo;201040;Prefeitura Municipal de Cabedelo;042025;2025;11130311;Imposto sobre a Renda - Retido na Fonte - Trabalho - Principal;Lançamento de Receita;506.414,94;500;Recursos não vinculados de Impostos;1002;Identificação das despesas com ações e serviços públicos de saúde
Cabedelo;201040;Prefeitura Municipal de Cabedelo;032025;2025;11130311;Imposto sobre a Renda - Retido na Fonte - Trabalho - Principal;Lançamento de Receita;1.127.277,38;500;Recursos não vinculados de Impostos;"Não ";Não Aplicável
Cabedelo;201040;Prefeitura Municipal de Cabedelo;032025;2025;11130311;Imposto sobre a Renda - Retido na Fonte - Trabalho - Principal;Lançamento de Receita;498.603,28;500;Recursos não vinculados de Impostos;1002;Identificação das despesas com ações e serviços públicos de saúde
Cabedelo;201040;Prefeitura Municipal de Cabedelo;032025;2025;11130311;Imposto sobre a Renda - Retido na Fonte - Trabalho - Principal;Lançamento de Receita;541.960,25;500;Recursos não vinculados de Impostos;1001;Identificação das despesas com manutenção e desenvolvimento do ensino
Cabedelo;201040;Prefeitura Municipal de Cabedelo;022025;2025;11130311;Imposto sobre a Renda - Retido na Fonte - Trabalho - Principal;Lançamento de Receita;472.488,55;500;Recursos não vinculados de Impostos;1002;Identificação das despesas com ações e serviços públicos de saúde
Cabedelo;201040;Prefeitura Municipal de Cabedelo;022025;2025;11130311;Imposto sobre a Renda - Retido na Fonte - Trabalho - Principal;Lançamento de Receita;1.068.235,2;500;Recursos não vinculados de Impostos;"Não ";Não Aplicável
Cabedelo;201040;Prefeitura Municipal de Cabedelo;022025;2025;11130311;Imposto sobre a Renda - Retido na Fonte - Trabalho - Principal;Lançamento de Receita;513.574,57;500;Recursos não vinculados de Impostos;1001;Identificação das despesas com manutenção e desenvolvimento do ensino
Cabedelo;201040;Prefeitura Municipal de Cabedelo;012025;2025;11130311;Imposto sobre a Renda - Retido na Fonte - Trabalho - Principal;Lançamento de Receita;653.259,19;500;Recursos não vinculados de Impostos;1002;Identificação das despesas com ações e serviços públicos de saúde
Cabedelo;201040;Prefeitura Municipal de Cabedelo;012025;2025;11130311;Imposto sobre a Renda - Retido na Fonte - Trabalho - Principal;Lançamento de Receita;1.476.934,02;500;Recursos não vinculados de Impostos;"Não ";Não Aplicável
Cabedelo;201040;Prefeitura Municipal de Cabedelo;012025;2025;11130311;Imposto sobre a Renda - Retido na Fonte - Trabalho - Principal;Lançamento de Receita;710.064,36;500;Recursos não vinculados de Impostos;1001;Identificação das despesas com manutenção e desenvolvimento do ensino
Cabedelo;201040;Prefeitura Municipal de Cabedelo;122025;2025;11125301;"Impostos sobre Transmissão ""Inter Vivos"" de Bens Imóveis e de Direitos Reais sobre Imóveis - Principal";Lançamento de Receita;1.135.273,03;500;Recursos não vinculados de Impostos;1001;Identificação das despesas com manutenção e desenvolvimento do ensino
Cabedelo;201040;Prefeitura Municipal de Cabedelo;122025;2025;11125301;"Impostos sobre Transmissão ""Inter Vivos"" de Bens Imóveis e de Direitos Reais sobre Imóveis - Principal";Lançamento de Receita;1.044.451,22;500;Recursos não vinculados de Impostos;1002;Identificação das despesas com ações e serviços públicos de saúde
Cabedelo;201040;Prefeitura Municipal de Cabedelo;122025;2025;11125301;"Impostos sobre Transmissão ""Inter Vivos"" de Bens Imóveis e de Direitos Reais sobre Imóveis - Principal";Lançamento de Receita;2.361.367,87;500;Recursos não vinculados de Impostos;"Não ";Não Aplicável
Cabedelo;201040;Prefeitura Municipal de Cabedelo;112025;2025;11125301;"Impostos sobre Transmissão ""Inter Vivos"" de Bens Imóveis e de Direitos Reais sobre Imóveis - Principal";Lançamento de Receita;2.405.841,95;500;Recursos não vinculados de Impostos;"Não ";Não Aplicável
Cabedelo;201040;Prefeitura Municipal de Cabedelo;112025;2025;11125301;"Impostos sobre Transmissão ""Inter Vivos"" de Bens Imóveis e de Direitos Reais sobre Imóveis - Principal";Lançamento de Receita;1.064.122,42;500;Recursos não vinculados de Impostos;1002;Identificação das despesas com ações e serviços públicos de saúde
Cabedelo;201040;Prefeitura Municipal de Cabedelo;112025;2025;11125301;"Impostos sobre Transmissão ""Inter Vivos"" de Bens Imóveis e de Direitos Reais sobre Imóveis - Principal";Lançamento de Receita;1.156.654,8;500;Recursos não vinculados de Impostos;1001;Identificação das despesas com manutenção e desenvolvimento do ensino
Cabedelo;201040;Prefeitura Municipal de Cabedelo;102025;2025;11125301;"Impostos sobre Transmissão ""Inter Vivos"" de Bens Imóveis e de Direitos Reais sobre Imóveis - Principal";Lançamento de Receita;1.943.111,59;500;Recursos não vinculados de Impostos;"Não ";Não Aplicável
Cabedelo;201040;Prefeitura Municipal de Cabedelo;102025;2025;11125301;"Impostos sobre Transmissão ""Inter Vivos"" de Bens Imóveis e de Direitos Reais sobre Imóveis - Principal";Lançamento de Receita;859.453,2;500;Recursos não vinculados de Impostos;1002;Identificação das despesas com ações e serviços públicos de saúde
Cabedelo;201040;Prefeitura Municipal de Cabedelo;102025;2025;11125301;"Impostos sobre Transmissão ""Inter Vivos"" de Bens Imóveis e de Direitos Reais sobre Imóveis - Principal";Lançamento de Receita;934.188,31;500;Recursos não vinculados de Impostos;1001;Identificação das despesas com manutenção e desenvolvimento do ensino
Cabedelo;201040;Prefeitura Municipal de Cabedelo;092025;2025;11125301;"Impostos sobre Transmissão ""Inter Vivos"" de Bens Imóveis e de Direitos Reais sobre Imóveis - Principal";Lançamento de Receita;564.453,03;500;Recursos não vinculados de Impostos;1002;Identificação das despesas com ações e serviços públicos de saúde
Cabedelo;201040;Prefeitura Municipal de Cabedelo;092025;2025;11125301;"Impostos sobre Transmissão ""Inter Vivos"" de Bens Imóveis e de Direitos Reais sobre Imóveis - Principal";Lançamento de Receita;613.535,94;500;Recursos não vinculados de Impostos;1001;Identificação das despesas com manutenção e desenvolvimento do ensino
Cabedelo;201040;Prefeitura Municipal de Cabedelo;092025;2025;11125301;"Impostos sobre Transmissão ""Inter Vivos"" de Bens Imóveis e de Direitos Reais sobre Imóveis - Principal";Lançamento de Receita;1.276.154,66;500;Recursos não vinculados de Impostos;"Não ";Não Aplicável
Cabedelo;201040;Prefeitura Municipal de Cabedelo;082025;2025;11125301;"Impostos sobre Transmissão ""Inter Vivos"" de Bens Imóveis e de Direitos Reais sobre Imóveis - Principal";Lançamento de Receita;670.434,52;500;Recursos não vinculados de Impostos;1001;Identificação das despesas com manutenção e desenvolvimento do ensino
Cabedelo;201040;Prefeitura Municipal de Cabedelo;082025;2025;11125301;"Impostos sobre Transmissão ""Inter Vivos"" de Bens Imóveis e de Direitos Reais sobre Imóveis - Principal";Lançamento de Receita;616.799,74;500;Recursos não vinculados de Impostos;1002;Identificação das despesas com ações e serviços públicos de saúde
Cabedelo;201040;Prefeitura Municipal de Cabedelo;082025;2025;11125301;"Impostos sobre Transmissão ""Inter Vivos"" de Bens Imóveis e de Direitos Reais sobre Imóveis - Principal";Lançamento de Receita;1.394.503,8;500;Recursos não vinculados de Impostos;"Não ";Não Aplicável
Cabedelo;201040;Prefeitura Municipal de Cabedelo;072025;2025;11125301;"Impostos sobre Transmissão ""Inter Vivos"" de Bens Imóveis e de Direitos Reais sobre Imóveis - Principal";Lançamento de Receita;1.274.044,76;500;Recursos não vinculados de Impostos;"Não ";Não Aplicável
Cabedelo;201040;Prefeitura Municipal de Cabedelo;072025;2025;11125301;"Impostos sobre Transmissão ""Inter Vivos"" de Bens Imóveis e de Direitos Reais sobre Imóveis - Principal";Lançamento de Receita;551.471,32;500;Recursos não vinculados de Impostos;1002;Identificação das despesas com ações e serviços públicos de saúde
Cabedelo;201040;Prefeitura Municipal de Cabedelo;072025;2025;11125301;"Impostos sobre Transmissão ""Inter Vivos"" de Bens Imóveis e de Direitos Reais sobre Imóveis - Principal";Lançamento de Receita;599.425,38;500;Recursos não vinculados de Impostos;1001;Identificação das despesas com manutenção e desenvolvimento do ensino
Cabedelo;201040;Prefeitura Municipal de Cabedelo;062025;2025;11125301;"Impostos sobre Transmissão ""Inter Vivos"" de Bens Imóveis e de Direitos Reais sobre Imóveis - Principal";Lançamento de Receita;346.343,64;500;Recursos não vinculados de Impostos;1002;Identificação das despesas com ações e serviços públicos de saúde
Cabedelo;201040;Prefeitura Municipal de Cabedelo;062025;2025;11125301;"Impostos sobre Transmissão ""Inter Vivos"" de Bens Imóveis e de Direitos Reais sobre Imóveis - Principal";Lançamento de Receita;862.205,17;500;Recursos não vinculados de Impostos;"Não ";Não Aplicável
Cabedelo;201040;Prefeitura Municipal de Cabedelo;062025;2025;11125301;"Impostos sobre Transmissão ""Inter Vivos"" de Bens Imóveis e de Direitos Reais sobre Imóveis - Principal";Lançamento de Receita;376.460,44;500;Recursos não vinculados de Impostos;1001;Identificação das despesas com manutenção e desenvolvimento do ensino
Cabedelo;201040;Prefeitura Municipal de Cabedelo;052025;2025;11125301;"Impostos sobre Transmissão ""Inter Vivos"" de Bens Imóveis e de Direitos Reais sobre Imóveis - Principal";Lançamento de Receita;515.698,47;500;Recursos não vinculados de Impostos;1002;Identificação das despesas com ações e serviços públicos de saúde
Cabedelo;201040;Prefeitura Municipal de Cabedelo;052025;2025;11125301;"Impostos sobre Transmissão ""Inter Vivos"" de Bens Imóveis e de Direitos Reais sobre Imóveis - Principal";Lançamento de Receita;560.541,82;500;Recursos não vinculados de Impostos;1001;Identificação das despesas com manutenção e desenvolvimento do ensino
Cabedelo;201040;Prefeitura Municipal de Cabedelo;052025;2025;11125301;"Impostos sobre Transmissão ""Inter Vivos"" de Bens Imóveis e de Direitos Reais sobre Imóveis - Principal";Lançamento de Receita;1.165.926,98;500;Recursos não vinculados de Impostos;"Não ";Não Aplicável
Cabedelo;201040;Prefeitura Municipal de Cabedelo;042025;2025;11125301;"Impostos sobre Transmissão ""Inter Vivos"" de Bens Imóveis e de Direitos Reais sobre Imóveis - Principal";Lançamento de Receita;1.520.921,63;500;Recursos não vinculados de Impostos;"Não ";Não Aplicável
Cabedelo;201040;Prefeitura Municipal de Cabedelo;042025;2025;11125301;"Impostos sobre Transmissão ""Inter Vivos"" de Bens Imóveis e de Direitos Reais sobre Imóveis - Principal";Lançamento de Receita;731.212,33;500;Recursos não vinculados de Impostos;1001;Identificação das despesas com manutenção e desenvolvimento do ensino
Cabedelo;201040;Prefeitura Municipal de Cabedelo;042025;2025;11125301;"Impostos sobre Transmissão ""Inter Vivos"" de Bens Imóveis e de Direitos Reais sobre Imóveis - Principal";Lançamento de Receita;672.715,37;500;Recursos não vinculados de Impostos;1002;Identificação das despesas com ações e serviços públicos de saúde
Cabedelo;201040;Prefeitura Municipal de Cabedelo;032025;2025;11125301;"Impostos sobre Transmissão ""Inter Vivos"" de Bens Imóveis e de Direitos Reais sobre Imóveis - Principal";Lançamento de Receita;592.579,01;500;Recursos não vinculados de Impostos;1002;Identificação das despesas com ações e serviços públicos de saúde
Cabedelo;201040;Prefeitura Municipal de Cabedelo;032025;2025;11125301;"Impostos sobre Transmissão ""Inter Vivos"" de Bens Imóveis e de Direitos Reais sobre Imóveis - Principal";Lançamento de Receita;644.107,6;500;Recursos não vinculados de Impostos;1001;Identificação das despesas com manutenção e desenvolvimento do ensino
Cabedelo;201040;Prefeitura Municipal de Cabedelo;032025;2025;11125301;"Impostos sobre Transmissão ""Inter Vivos"" de Bens Imóveis e de Direitos Reais sobre Imóveis - Principal";Lançamento de Receita;1.339.743,81;500;Recursos não vinculados de Impostos;"Não ";Não Aplicável
Cabedelo;201040;Prefeitura Municipal de Cabedelo;022025;2025;11125301;"Impostos sobre Transmissão ""Inter Vivos"" de Bens Imóveis e de Direitos Reais sobre Imóveis - Principal";Lançamento de Receita;2.109.257,82;500;Recursos não vinculados de Impostos;"Não ";Não Aplicável
Cabedelo;201040;Prefeitura Municipal de Cabedelo;022025;2025;11125301;"Impostos sobre Transmissão ""Inter Vivos"" de Bens Imóveis e de Direitos Reais sobre Imóveis - Principal";Lançamento de Receita;932.941,03;500;Recursos não vinculados de Impostos;1002;Identificação das despesas com ações e serviços públicos de saúde
Cabedelo;201040;Prefeitura Municipal de Cabedelo;022025;2025;11125301;"Impostos sobre Transmissão ""Inter Vivos"" de Bens Imóveis e de Direitos Reais sobre Imóveis - Principal";Lançamento de Receita;1.014.066,26;500;Recursos não vinculados de Impostos;1001;Identificação das despesas com manutenção e desenvolvimento do ensino
Cabedelo;201040;Prefeitura Municipal de Cabedelo;012025;2025;11125301;"Impostos sobre Transmissão ""Inter Vivos"" de Bens Imóveis e de Direitos Reais sobre Imóveis - Principal";Lançamento de Receita;1.323.136,37;500;Recursos não vinculados de Impostos;"Não ";Não Aplicável
Cabedelo;201040;Prefeitura Municipal de Cabedelo;012025;2025;11125301;"Impostos sobre Transmissão ""Inter Vivos"" de Bens Imóveis e de Direitos Reais sobre Imóveis - Principal";Lançamento de Receita;636.123,27;500;Recursos não vinculados de Impostos;1001;Identificação das despesas com manutenção e desenvolvimento do ensino
Cabedelo;201040;Prefeitura Municipal de Cabedelo;012025;2025;11125301;"Impostos sobre Transmissão ""Inter Vivos"" de Bens Imóveis e de Direitos Reais sobre Imóveis - Principal";Lançamento de Receita;585.233,38;500;Recursos não vinculados de Impostos;1002;Identificação das despesas com ações e serviços públicos de saúde
Cabedelo;201040;Prefeitura Municipal de Cabedelo;122025;2025;11125003;Imposto sobre a Propriedade Predial e Territorial Urbana - Dívida Ativa;Lançamento de Receita;97.915,2;500;Recursos não vinculados de Impostos;1002;Identificação das despesas com ações e serviços públicos de saúde
Cabedelo;201040;Prefeitura Municipal de Cabedelo;122025;2025;11125003;Imposto sobre a Propriedade Predial e Territorial Urbana - Dívida Ativa;Lançamento de Receita;106.429,6;500;Recursos não vinculados de Impostos;1001;Identificação das despesas com manutenção e desenvolvimento do ensino
Cabedelo;201040;Prefeitura Municipal de Cabedelo;122025;2025;11125003;Imposto sobre a Propriedade Predial e Territorial Urbana - Dívida Ativa;Lançamento de Receita;221.373,56;500;Recursos não vinculados de Impostos;"Não ";Não Aplicável
Cabedelo;201040;Prefeitura Municipal de Cabedelo;112025;2025;11125003;Imposto sobre a Propriedade Predial e Territorial Urbana - Dívida Ativa;Lançamento de Receita;90.811,4;500;Recursos não vinculados de Impostos;1001;Identificação das despesas com manutenção e desenvolvimento do ensino
Cabedelo;201040;Prefeitura Municipal de Cabedelo;112025;2025;11125003;Imposto sobre a Propriedade Predial e Territorial Urbana - Dívida Ativa;Lançamento de Receita;83.546,5;500;Recursos não vinculados de Impostos;1002;Identificação das despesas com ações e serviços públicos de saúde
Cabedelo;201040;Prefeitura Municipal de Cabedelo;112025;2025;11125003;Imposto sobre a Propriedade Predial e Territorial Urbana - Dívida Ativa;Lançamento de Receita;188.887,68;500;Recursos não vinculados de Impostos;"Não ";Não Aplicável
Cabedelo;201040;Prefeitura Municipal de Cabedelo;102025;2025;11125003;Imposto sobre a Propriedade Predial e Territorial Urbana - Dívida Ativa;Lançamento de Receita;263.629,74;500;Recursos não vinculados de Impostos;"Não ";Não Aplicável
Cabedelo;201040;Prefeitura Municipal de Cabedelo;102025;2025;11125003;Imposto sobre a Propriedade Predial e Territorial Urbana - Dívida Ativa;Lançamento de Receita;116.605,47;500;Recursos não vinculados de Impostos;1002;Identificação das despesas com ações e serviços públicos de saúde
Cabedelo;201040;Prefeitura Municipal de Cabedelo;102025;2025;11125003;Imposto sobre a Propriedade Predial e Territorial Urbana - Dívida Ativa;Lançamento de Receita;126.745,07;500;Recursos não vinculados de Impostos;1001;Identificação das despesas com manutenção e desenvolvimento do ensino
Cabedelo;201040;Prefeitura Municipal de Cabedelo;092025;2025;11125003;Imposto sobre a Propriedade Predial e Territorial Urbana - Dívida Ativa;Lançamento de Receita;235.394,01;500;Recursos não vinculados de Impostos;"Não ";Não Aplicável
Cabedelo;201040;Prefeitura Municipal de Cabedelo;092025;2025;11125003;Imposto sobre a Propriedade Predial e Territorial Urbana - Dívida Ativa;Lançamento de Receita;113.170,21;500;Recursos não vinculados de Impostos;1001;Identificação das despesas com manutenção e desenvolvimento do ensino
Cabedelo;201040;Prefeitura Municipal de Cabedelo;092025;2025;11125003;Imposto sobre a Propriedade Predial e Territorial Urbana - Dívida Ativa;Lançamento de Receita;104.116,53;500;Recursos não vinculados de Impostos;1002;Identificação das despesas com ações e serviços públicos de saúde
Cabedelo;201040;Prefeitura Municipal de Cabedelo;082025;2025;11125003;Imposto sobre a Propriedade Predial e Territorial Urbana - Dívida Ativa;Lançamento de Receita;118.028,9;500;Recursos não vinculados de Impostos;1001;Identificação das despesas com manutenção e desenvolvimento do ensino
Cabedelo;201040;Prefeitura Municipal de Cabedelo;082025;2025;11125003;Imposto sobre a Propriedade Predial e Territorial Urbana - Dívida Ativa;Lançamento de Receita;108.586,56;500;Recursos não vinculados de Impostos;1002;Identificação das despesas com ações e serviços públicos de saúde
Cabedelo;201040;Prefeitura Municipal de Cabedelo;082025;2025;11125003;Imposto sobre a Propriedade Predial e Territorial Urbana - Dívida Ativa;Lançamento de Receita;245.500,03;500;Recursos não vinculados de Impostos;"Não ";Não Aplicável
Cabedelo;201040;Prefeitura Municipal de Cabedelo;072025;2025;11125003;Imposto sobre a Propriedade Predial e Territorial Urbana - Dívida Ativa;Lançamento de Receita;142.372,69;500;Recursos não vinculados de Impostos;1002;Identificação das despesas com ações e serviços públicos de saúde
Cabedelo;201040;Prefeitura Municipal de Cabedelo;072025;2025;11125003;Imposto sobre a Propriedade Predial e Territorial Urbana - Dívida Ativa;Lançamento de Receita;321.886,05;500;Recursos não vinculados de Impostos;"Não ";Não Aplicável
Cabedelo;201040;Prefeitura Municipal de Cabedelo;072025;2025;11125003;Imposto sobre a Propriedade Predial e Territorial Urbana - Dívida Ativa;Lançamento de Receita;154.752,91;500;Recursos não vinculados de Impostos;1001;Identificação das despesas com manutenção e desenvolvimento do ensino
Cabedelo;201040;Prefeitura Municipal de Cabedelo;062025;2025;11125003;Imposto sobre a Propriedade Predial e Territorial Urbana - Dívida Ativa;Lançamento de Receita;103.797,22;500;Recursos não vinculados de Impostos;1002;Identificação das despesas com ações e serviços públicos de saúde
Cabedelo;201040;Prefeitura Municipal de Cabedelo;062025;2025;11125003;Imposto sobre a Propriedade Predial e Territorial Urbana - Dívida Ativa;Lançamento de Receita;309.260,01;500;Recursos não vinculados de Impostos;"Não ";Não Aplicável
Cabedelo;201040;Prefeitura Municipal de Cabedelo;062025;2025;11125003;Imposto sobre a Propriedade Predial e Territorial Urbana - Dívida Ativa;Lançamento de Receita;112.823,02;500;Recursos não vinculados de Impostos;1001;Identificação das despesas com manutenção e desenvolvimento do ensino
Cabedelo;201040;Prefeitura Municipal de Cabedelo;052025;2025;11125003;Imposto sobre a Propriedade Predial e Territorial Urbana - Dívida Ativa;Lançamento de Receita;140.412,07;500;Recursos não vinculados de Impostos;1002;Identificação das despesas com ações e serviços públicos de saúde
Cabedelo;201040;Prefeitura Municipal de Cabedelo;052025;2025;11125003;Imposto sobre a Propriedade Predial e Territorial Urbana - Dívida Ativa;Lançamento de Receita;317.453,34;500;Recursos não vinculados de Impostos;"Não ";Não Aplicável
Cabedelo;201040;Prefeitura Municipal de Cabedelo;052025;2025;11125003;Imposto sobre a Propriedade Predial e Territorial Urbana - Dívida Ativa;Lançamento de Receita;152.621,79;500;Recursos não vinculados de Impostos;1001;Identificação das despesas com manutenção e desenvolvimento do ensino
Cabedelo;201040;Prefeitura Municipal de Cabedelo;042025;2025;11125003;Imposto sobre a Propriedade Predial e Territorial Urbana - Dívida Ativa;Lançamento de Receita;352.355,25;500;Recursos não vinculados de Impostos;"Não ";Não Aplicável
Cabedelo;201040;Prefeitura Municipal de Cabedelo;042025;2025;11125003;Imposto sobre a Propriedade Predial e Territorial Urbana - Dívida Ativa;Lançamento de Receita;155.849,43;500;Recursos não vinculados de Impostos;1002;Identificação das despesas com ações e serviços públicos de saúde
Cabedelo;201040;Prefeitura Municipal de Cabedelo;042025;2025;11125003;Imposto sobre a Propriedade Predial e Territorial Urbana - Dívida Ativa;Lançamento de Receita;169.401,57;500;Recursos não vinculados de Impostos;1001;Identificação das despesas com manutenção e desenvolvimento do ensino
Cabedelo;201040;Prefeitura Municipal de Cabedelo;032025;2025;11125003;Imposto sobre a Propriedade Predial e Territorial Urbana - Dívida Ativa;Lançamento de Receita;282.348,9;500;Recursos não vinculados de Impostos;"Não ";Não Aplicável
Cabedelo;201040;Prefeitura Municipal de Cabedelo;032025;2025;11125003;Imposto sobre a Propriedade Predial e Territorial Urbana - Dívida Ativa;Lançamento de Receita;135.744,62;500;Recursos não vinculados de Impostos;1001;Identificação das despesas com manutenção e desenvolvimento do ensino
Cabedelo;201040;Prefeitura Municipal de Cabedelo;032025;2025;11125003;Imposto sobre a Propriedade Predial e Territorial Urbana - Dívida Ativa;Lançamento de Receita;124.885,1;500;Recursos não vinculados de Impostos;1002;Identificação das despesas com ações e serviços públicos de saúde
Cabedelo;201040;Prefeitura Municipal de Cabedelo;022025;2025;11125003;Imposto sobre a Propriedade Predial e Territorial Urbana - Dívida Ativa;Lançamento de Receita;118.469,73;500;Recursos não vinculados de Impostos;1001;Identificação das despesas com manutenção e desenvolvimento do ensino
Cabedelo;201040;Prefeitura Municipal de Cabedelo;022025;2025;11125003;Imposto sobre a Propriedade Predial e Territorial Urbana - Dívida Ativa;Lançamento de Receita;246.416,96;500;Recursos não vinculados de Impostos;"Não ";Não Aplicável
Cabedelo;201040;Prefeitura Municipal de Cabedelo;022025;2025;11125003;Imposto sobre a Propriedade Predial e Territorial Urbana - Dívida Ativa;Lançamento de Receita;108.992,1;500;Recursos não vinculados de Impostos;1002;Identificação das despesas com ações e serviços públicos de saúde
Cabedelo;201040;Prefeitura Municipal de Cabedelo;012025;2025;11125003;Imposto sobre a Propriedade Predial e Territorial Urbana - Dívida Ativa;Lançamento de Receita;190.714,79;500;Recursos não vinculados de Impostos;"Não ";Não Aplicável
Cabedelo;201040;Prefeitura Municipal de Cabedelo;012025;2025;11125003;Imposto sobre a Propriedade Predial e Territorial Urbana - Dívida Ativa;Lançamento de Receita;84.354,66;500;Recursos não vinculados de Impostos;1002;Identificação das despesas com ações e serviços públicos de saúde
Cabedelo;201040;Prefeitura Municipal de Cabedelo;012025;2025;11125003;Imposto sobre a Propriedade Predial e Territorial Urbana - Dívida Ativa;Lançamento de Receita;91.689,79;500;Recursos não vinculados de Impostos;1001;Identificação das despesas com manutenção e desenvolvimento do ensino
Cabedelo;201040;Prefeitura Municipal de Cabedelo;122025;2025;11125001;Imposto sobre a Propriedade Predial e Territorial Urbana - Principal;Lançamento de Receita;25.301,93;500;Recursos não vinculados de Impostos;1001;Identificação das despesas com manutenção e desenvolvimento do ensino
Cabedelo;201040;Prefeitura Municipal de Cabedelo;122025;2025;11125001;Imposto sobre a Propriedade Predial e Territorial Urbana - Principal;Lançamento de Receita;52.627,98;500;Recursos não vinculados de Impostos;"Não ";Não Aplicável
Cabedelo;201040;Prefeitura Municipal de Cabedelo;122025;2025;11125001;Imposto sobre a Propriedade Predial e Territorial Urbana - Principal;Lançamento de Receita;23.277,78;500;Recursos não vinculados de Impostos;1002;Identificação das despesas com ações e serviços públicos de saúde
Cabedelo;201040;Prefeitura Municipal de Cabedelo;112025;2025;11125001;Imposto sobre a Propriedade Predial e Territorial Urbana - Principal;Lançamento de Receita;47.187,72;500;Recursos não vinculados de Impostos;"Não ";Não Aplicável
Cabedelo;201040;Prefeitura Municipal de Cabedelo;112025;2025;11125001;Imposto sobre a Propriedade Predial e Territorial Urbana - Principal;Lançamento de Receita;20.871,54;500;Recursos não vinculados de Impostos;1002;Identificação das despesas com ações e serviços públicos de saúde
Cabedelo;201040;Prefeitura Municipal de Cabedelo;112025;2025;11125001;Imposto sobre a Propriedade Predial e Territorial Urbana - Principal;Lançamento de Receita;22.686,4;500;Recursos não vinculados de Impostos;1001;Identificação das despesas com manutenção e desenvolvimento do ensino
Cabedelo;201040;Prefeitura Municipal de Cabedelo;102025;2025;11125001;Imposto sobre a Propriedade Predial e Territorial Urbana - Principal;Lançamento de Receita;77.358,23;500;Recursos não vinculados de Impostos;"Não ";Não Aplicável
Cabedelo;201040;Prefeitura Municipal de Cabedelo;102025;2025;11125001;Imposto sobre a Propriedade Predial e Territorial Urbana - Principal;Lançamento de Receita;34.216,2;500;Recursos não vinculados de Impostos;1002;Identificação das despesas com ações e serviços públicos de saúde
Cabedelo;201040;Prefeitura Municipal de Cabedelo;102025;2025;11125001;Imposto sobre a Propriedade Predial e Territorial Urbana - Principal;Lançamento de Receita;37.191,46;500;Recursos não vinculados de Impostos;1001;Identificação das despesas com manutenção e desenvolvimento do ensino
Cabedelo;201040;Prefeitura Municipal de Cabedelo;092025;2025;11125001;Imposto sobre a Propriedade Predial e Territorial Urbana - Principal;Lançamento de Receita;47.844,79;500;Recursos não vinculados de Impostos;1002;Identificação das despesas com ações e serviços públicos de saúde
Cabedelo;201040;Prefeitura Municipal de Cabedelo;092025;2025;11125001;Imposto sobre a Propriedade Predial e Territorial Urbana - Principal;Lançamento de Receita;108.170,85;500;Recursos não vinculados de Impostos;"Não ";Não Aplicável
Cabedelo;201040;Prefeitura Municipal de Cabedelo;092025;2025;11125001;Imposto sobre a Propriedade Predial e Territorial Urbana - Principal;Lançamento de Receita;52.005,22;500;Recursos não vinculados de Impostos;1001;Identificação das despesas com manutenção e desenvolvimento do ensino
Cabedelo;201040;Prefeitura Municipal de Cabedelo;082025;2025;11125001;Imposto sobre a Propriedade Predial e Territorial Urbana - Principal;Lançamento de Receita;81.716,09;500;Recursos não vinculados de Impostos;1001;Identificação das despesas com manutenção e desenvolvimento do ensino
Cabedelo;201040;Prefeitura Municipal de Cabedelo;082025;2025;11125001;Imposto sobre a Propriedade Predial e Territorial Urbana - Principal;Lançamento de Receita;75.178,84;500;Recursos não vinculados de Impostos;1002;Identificação das despesas com ações e serviços públicos de saúde
Cabedelo;201040;Prefeitura Municipal de Cabedelo;082025;2025;11125001;Imposto sobre a Propriedade Predial e Territorial Urbana - Principal;Lançamento de Receita;169.969,48;500;Recursos não vinculados de Impostos;"Não ";Não Aplicável
Cabedelo;201040;Prefeitura Municipal de Cabedelo;072025;2025;11125001;Imposto sobre a Propriedade Predial e Territorial Urbana - Principal;Lançamento de Receita;96.453,47;500;Recursos não vinculados de Impostos;1002;Identificação das despesas com ações e serviços públicos de saúde
Cabedelo;201040;Prefeitura Municipal de Cabedelo;072025;2025;11125001;Imposto sobre a Propriedade Predial e Territorial Urbana - Principal;Lançamento de Receita;104.840,74;500;Recursos não vinculados de Impostos;1001;Identificação das despesas com manutenção e desenvolvimento do ensino
Cabedelo;201040;Prefeitura Municipal de Cabedelo;072025;2025;11125001;Imposto sobre a Propriedade Predial e Territorial Urbana - Principal;Lançamento de Receita;218.117,88;500;Recursos não vinculados de Impostos;"Não ";Não Aplicável
Cabedelo;201040;Prefeitura Municipal de Cabedelo;062025;2025;11125001;Imposto sobre a Propriedade Predial e Territorial Urbana - Principal;Lançamento de Receita;250.093,31;500;Recursos não vinculados de Impostos;"Não ";Não Aplicável
Cabedelo;201040;Prefeitura Municipal de Cabedelo;062025;2025;11125001;Imposto sobre a Propriedade Predial e Territorial Urbana - Principal;Lançamento de Receita;83.936,35;500;Recursos não vinculados de Impostos;1002;Identificação das despesas com ações e serviços públicos de saúde
Cabedelo;201040;Prefeitura Municipal de Cabedelo;062025;2025;11125001;Imposto sobre a Propriedade Predial e Territorial Urbana - Principal;Lançamento de Receita;91.235,14;500;Recursos não vinculados de Impostos;1001;Identificação das despesas com manutenção e desenvolvimento do ensino
Cabedelo;201040;Prefeitura Municipal de Cabedelo;052025;2025;11125001;Imposto sobre a Propriedade Predial e Territorial Urbana - Principal;Lançamento de Receita;122.453,29;500;Recursos não vinculados de Impostos;1001;Identificação das despesas com manutenção e desenvolvimento do ensino
Cabedelo;201040;Prefeitura Municipal de Cabedelo;052025;2025;11125001;Imposto sobre a Propriedade Predial e Territorial Urbana - Principal;Lançamento de Receita;112.656,99;500;Recursos não vinculados de Impostos;1002;Identificação das despesas com ações e serviços públicos de saúde
Cabedelo;201040;Prefeitura Municipal de Cabedelo;052025;2025;11125001;Imposto sobre a Propriedade Predial e Territorial Urbana - Principal;Lançamento de Receita;254.702,86;500;Recursos não vinculados de Impostos;"Não ";Não Aplicável
Cabedelo;201040;Prefeitura Municipal de Cabedelo;042025;2025;11125001;Imposto sobre a Propriedade Predial e Territorial Urbana - Principal;Lançamento de Receita;1.012.418,84;500;Recursos não vinculados de Impostos;1002;Identificação das despesas com ações e serviços públicos de saúde
Cabedelo;201040;Prefeitura Municipal de Cabedelo;042025;2025;11125001;Imposto sobre a Propriedade Predial e Territorial Urbana - Principal;Lançamento de Receita;2.288.946,97;500;Recursos não vinculados de Impostos;"Não ";Não Aplicável
Cabedelo;201040;Prefeitura Municipal de Cabedelo;042025;2025;11125001;Imposto sobre a Propriedade Predial e Territorial Urbana - Principal;Lançamento de Receita;1.100.455,23;500;Recursos não vinculados de Impostos;1001;Identificação das despesas com manutenção e desenvolvimento do ensino
Cabedelo;201040;Prefeitura Municipal de Cabedelo;032025;2025;11125001;Imposto sobre a Propriedade Predial e Territorial Urbana - Principal;Lançamento de Receita;880.569,23;500;Recursos não vinculados de Impostos;1002;Identificação das despesas com ações e serviços públicos de saúde
Cabedelo;201040;Prefeitura Municipal de Cabedelo;032025;2025;11125001;Imposto sobre a Propriedade Predial e Territorial Urbana - Principal;Lançamento de Receita;957.140,5;500;Recursos não vinculados de Impostos;1001;Identificação das despesas com manutenção e desenvolvimento do ensino
Cabedelo;201040;Prefeitura Municipal de Cabedelo;032025;2025;11125001;Imposto sobre a Propriedade Predial e Territorial Urbana - Principal;Lançamento de Receita;1.990.852,22;500;Recursos não vinculados de Impostos;"Não ";Não Aplicável
Cabedelo;201040;Prefeitura Municipal de Cabedelo;022025;2025;11125001;Imposto sobre a Propriedade Predial e Territorial Urbana - Principal;Lançamento de Receita;266.563,33;500;Recursos não vinculados de Impostos;1001;Identificação das despesas com manutenção e desenvolvimento do ensino
Cabedelo;201040;Prefeitura Municipal de Cabedelo;022025;2025;11125001;Imposto sobre a Propriedade Predial e Territorial Urbana - Principal;Lançamento de Receita;554.451,69;500;Recursos não vinculados de Impostos;"Não ";Não Aplicável
Cabedelo;201040;Prefeitura Municipal de Cabedelo;022025;2025;11125001;Imposto sobre a Propriedade Predial e Territorial Urbana - Principal;Lançamento de Receita;245.238,3;500;Recursos não vinculados de Impostos;1002;Identificação das despesas com ações e serviços públicos de saúde
Cabedelo;201040;Prefeitura Municipal de Cabedelo;012025;2025;11125001;Imposto sobre a Propriedade Predial e Territorial Urbana - Principal;Lançamento de Receita;225.542,3;500;Recursos não vinculados de Impostos;"Não ";Não Aplicável
Cabedelo;201040;Prefeitura Municipal de Cabedelo;012025;2025;11125001;Imposto sobre a Propriedade Predial e Territorial Urbana - Principal;Lançamento de Receita;108.433,78;500;Recursos não vinculados de Impostos;1001;Identificação das despesas com manutenção e desenvolvimento do ensino
Cabedelo;201040;Prefeitura Municipal de Cabedelo;012025;2025;11125001;Imposto sobre a Propriedade Predial e Territorial Urbana - Principal;Lançamento de Receita;99.759,07;500;Recursos não vinculados de Impostos;1002;Identificação das despesas com ações e serviços públicos de saúde
Cabedelo;301040;Instituto de Prev. dos Serv. Mun. de Cabedelo;122025;2025;72150302;Contribuição do Servidor Civil - Parcelamentos - Multas e Juros de Mora;Lançamento de Receita;120.071,22;801;Recursos vinculados ao RPPS - Fundo em Repartição (Plano Financeiro);2111;Benefícios previdenciários - Poder Executivo - Fundo em Repartição (Plano Financeiro)
Cabedelo;301040;Instituto de Prev. dos Serv. Mun. de Cabedelo;112025;2025;72150302;Contribuição do Servidor Civil - Parcelamentos - Multas e Juros de Mora;Lançamento de Receita;118.960,75;801;Recursos vinculados ao RPPS - Fundo em Repartição (Plano Financeiro);2111;Benefícios previdenciários - Poder Executivo - Fundo em Repartição (Plano Financeiro)
Cabedelo;301040;Instituto de Prev. dos Serv. Mun. de Cabedelo;102025;2025;72150302;Contribuição do Servidor Civil - Parcelamentos - Multas e Juros de Mora;Lançamento de Receita;118.063,03;801;Recursos vinculados ao RPPS - Fundo em Repartição (Plano Financeiro);2111;Benefícios previdenciários - Poder Executivo - Fundo em Repartição (Plano Financeiro)
Cabedelo;301040;Instituto de Prev. dos Serv. Mun. de Cabedelo;092025;2025;72150302;Contribuição do Servidor Civil - Parcelamentos - Multas e Juros de Mora;Lançamento de Receita;116.329,01;801;Recursos vinculados ao RPPS - Fundo em Repartição (Plano Financeiro);2111;Benefícios previdenciários - Poder Executivo - Fundo em Repartição (Plano Financeiro)
Cabedelo;301040;Instituto de Prev. dos Serv. Mun. de Cabedelo;082025;2025;72150302;Contribuição do Servidor Civil - Parcelamentos - Multas e Juros de Mora;Lançamento de Receita;115.853,87;801;Recursos vinculados ao RPPS - Fundo em Repartição (Plano Financeiro);2111;Benefícios previdenciários - Poder Executivo - Fundo em Repartição (Plano Financeiro)
Cabedelo;301040;Instituto de Prev. dos Serv. Mun. de Cabedelo;072025;2025;72150302;Contribuição do Servidor Civil - Parcelamentos - Multas e Juros de Mora;Lançamento de Receita;114.600,77;801;Recursos vinculados ao RPPS - Fundo em Repartição (Plano Financeiro);2111;Benefícios previdenciários - Poder Executivo - Fundo em Repartição (Plano Financeiro)
Cabedelo;301040;Instituto de Prev. dos Serv. Mun. de Cabedelo;062025;2025;72150302;Contribuição do Servidor Civil - Parcelamentos - Multas e Juros de Mora;Lançamento de Receita;113.392,81;801;Recursos vinculados ao RPPS - Fundo em Repartição (Plano Financeiro);2111;Benefícios previdenciários - Poder Executivo - Fundo em Repartição (Plano Financeiro)
Cabedelo;301040;Instituto de Prev. dos Serv. Mun. de Cabedelo;052025;2025;72150302;Contribuição do Servidor Civil - Parcelamentos - Multas e Juros de Mora;Lançamento de Receita;112.146,91;801;Recursos vinculados ao RPPS - Fundo em Repartição (Plano Financeiro);2111;Benefícios previdenciários - Poder Executivo - Fundo em Repartição (Plano Financeiro)
Cabedelo;301040;Instituto de Prev. dos Serv. Mun. de Cabedelo;042025;2025;72150302;Contribuição do Servidor Civil - Parcelamentos - Multas e Juros de Mora;Lançamento de Receita;110.547,92;801;Recursos vinculados ao RPPS - Fundo em Repartição (Plano Financeiro);2111;Benefícios previdenciários - Poder Executivo - Fundo em Repartição (Plano Financeiro)
Cabedelo;301040;Instituto de Prev. dos Serv. Mun. de Cabedelo;032025;2025;72150302;Contribuição do Servidor Civil - Parcelamentos - Multas e Juros de Mora;Lançamento de Receita;108.708,93;801;Recursos vinculados ao RPPS - Fundo em Repartição (Plano Financeiro);2111;Benefícios previdenciários - Poder Executivo - Fundo em Repartição (Plano Financeiro)
Cabedelo;301040;Instituto de Prev. dos Serv. Mun. de Cabedelo;022025;2025;72150302;Contribuição do Servidor Civil - Parcelamentos - Multas e Juros de Mora;Lançamento de Receita;105.392,3;801;Recursos vinculados ao RPPS - Fundo em Repartição (Plano Financeiro);2111;Benefícios previdenciários - Poder Executivo - Fundo em Repartição (Plano Financeiro)
Cabedelo;301040;Instituto de Prev. dos Serv. Mun. de Cabedelo;012025;2025;72150302;Contribuição do Servidor Civil - Parcelamentos - Multas e Juros de Mora;Lançamento de Receita;105.078,84;801;Recursos vinculados ao RPPS - Fundo em Repartição (Plano Financeiro);2111;Benefícios previdenciários - Poder Executivo - Fundo em Repartição (Plano Financeiro)
Cabedelo;301040;Instituto de Prev. dos Serv. Mun. de Cabedelo;122025;2025;72150301;Contribuição do Servidor Civil - Parcelamentos - Principal;Lançamento de Receita;94.310,53;801;Recursos vinculados ao RPPS - Fundo em Repartição (Plano Financeiro);2111;Benefícios previdenciários - Poder Executivo - Fundo em Repartição (Plano Financeiro)
Cabedelo;301040;Instituto de Prev. dos Serv. Mun. de Cabedelo;112025;2025;72150301;Contribuição do Servidor Civil - Parcelamentos - Principal;Lançamento de Receita;94.310,53;801;Recursos vinculados ao RPPS - Fundo em Repartição (Plano Financeiro);2111;Benefícios previdenciários - Poder Executivo - Fundo em Repartição (Plano Financeiro)
Cabedelo;301040;Instituto de Prev. dos Serv. Mun. de Cabedelo;102025;2025;72150301;Contribuição do Servidor Civil - Parcelamentos - Principal;Lançamento de Receita;94.310,53;801;Recursos vinculados ao RPPS - Fundo em Repartição (Plano Financeiro);2111;Benefícios previdenciários - Poder Executivo - Fundo em Repartição (Plano Financeiro)
Cabedelo;301040;Instituto de Prev. dos Serv. Mun. de Cabedelo;092025;2025;72150301;Contribuição do Servidor Civil - Parcelamentos - Principal;Lançamento de Receita;94.310,53;801;Recursos vinculados ao RPPS - Fundo em Repartição (Plano Financeiro);2111;Benefícios previdenciários - Poder Executivo - Fundo em Repartição (Plano Financeiro)
Cabedelo;301040;Instituto de Prev. dos Serv. Mun. de Cabedelo;082025;2025;72150301;Contribuição do Servidor Civil - Parcelamentos - Principal;Lançamento de Receita;94.310,53;801;Recursos vinculados ao RPPS - Fundo em Repartição (Plano Financeiro);2111;Benefícios previdenciários - Poder Executivo - Fundo em Repartição (Plano Financeiro)
Cabedelo;301040;Instituto de Prev. dos Serv. Mun. de Cabedelo;072025;2025;72150301;Contribuição do Servidor Civil - Parcelamentos - Principal;Lançamento de Receita;94.310,53;801;Recursos vinculados ao RPPS - Fundo em Repartição (Plano Financeiro);2111;Benefícios previdenciários - Poder Executivo - Fundo em Repartição (Plano Financeiro)
Cabedelo;301040;Instituto de Prev. dos Serv. Mun. de Cabedelo;062025;2025;72150301;Contribuição do Servidor Civil - Parcelamentos - Principal;Lançamento de Receita;94.310,53;801;Recursos vinculados ao RPPS - Fundo em Repartição (Plano Financeiro);2111;Benefícios previdenciários - Poder Executivo - Fundo em Repartição (Plano Financeiro)
Cabedelo;301040;Instituto de Prev. dos Serv. Mun. de Cabedelo;052025;2025;72150301;Contribuição do Servidor Civil - Parcelamentos - Principal;Lançamento de Receita;94.310,53;801;Recursos vinculados ao RPPS - Fundo em Repartição (Plano Financeiro);2111;Benefícios previdenciários - Poder Executivo - Fundo em Repartição (Plano Financeiro)
Cabedelo;301040;Instituto de Prev. dos Serv. Mun. de Cabedelo;042025;2025;72150301;Contribuição do Servidor Civil - Parcelamentos - Principal;Lançamento de Receita;94.310,53;801;Recursos vinculados ao RPPS - Fundo em Repartição (Plano Financeiro);2111;Benefícios previdenciários - Poder Executivo - Fundo em Repartição (Plano Financeiro)
Cabedelo;301040;Instituto de Prev. dos Serv. Mun. de Cabedelo;032025;2025;72150301;Contribuição do Servidor Civil - Parcelamentos - Principal;Lançamento de Receita;94.310,53;801;Recursos vinculados ao RPPS - Fundo em Repartição (Plano Financeiro);2111;Benefícios previdenciários - Poder Executivo - Fundo em Repartição (Plano Financeiro)
Cabedelo;301040;Instituto de Prev. dos Serv. Mun. de Cabedelo;022025;2025;72150301;Contribuição do Servidor Civil - Parcelamentos - Principal;Lançamento de Receita;94.310,53;801;Recursos vinculados ao RPPS - Fundo em Repartição (Plano Financeiro);2111;Benefícios previdenciários - Poder Executivo - Fundo em Repartição (Plano Financeiro)
Cabedelo;301040;Instituto de Prev. dos Serv. Mun. de Cabedelo;012025;2025;72150301;Contribuição do Servidor Civil - Parcelamentos - Principal;Lançamento de Receita;94.310,53;801;Recursos vinculados ao RPPS - Fundo em Repartição (Plano Financeiro);2111;Benefícios previdenciários - Poder Executivo - Fundo em Repartição (Plano Financeiro)
Cabedelo;301040;Instituto de Prev. dos Serv. Mun. de Cabedelo;122025;2025;72150216;Contribuição Patronal - Servidor Civil Ativo - Juros de Mora;Lançamento de Receita;35.166,39;801;Recursos vinculados ao RPPS - Fundo em Repartição (Plano Financeiro);2111;Benefícios previdenciários - Poder Executivo - Fundo em Repartição (Plano Financeiro)
Cabedelo;301040;Instituto de Prev. dos Serv. Mun. de Cabedelo;092025;2025;72150216;Contribuição Patronal - Servidor Civil Ativo - Juros de Mora;Lançamento de Receita;179.754,44;801;Recursos vinculados ao RPPS - Fundo em Repartição (Plano Financeiro);2111;Benefícios previdenciários - Poder Executivo - Fundo em Repartição (Plano Financeiro)
Cabedelo;301040;Instituto de Prev. dos Serv. Mun. de Cabedelo;122025;2025;72150211;Contribuição Patronal - Servidor Civil Ativo - Principal;Lançamento de Receita;266.721,47;500;Recursos não vinculados de Impostos;"Não ";Não Aplicável
Cabedelo;301040;Instituto de Prev. dos Serv. Mun. de Cabedelo;122025;2025;72150211;Contribuição Patronal - Servidor Civil Ativo - Principal;Lançamento de Receita;771.457,45;801;Recursos vinculados ao RPPS - Fundo em Repartição (Plano Financeiro);2111;Benefícios previdenciários - Poder Executivo - Fundo em Repartição (Plano Financeiro)
Cabedelo;301040;Instituto de Prev. dos Serv. Mun. de Cabedelo;112025;2025;72150211;Contribuição Patronal - Servidor Civil Ativo - Principal;Lançamento de Receita;539.327,47;500;Recursos não vinculados de Impostos;"Não ";Não Aplicável
Cabedelo;301040;Instituto de Prev. dos Serv. Mun. de Cabedelo;112025;2025;72150211;Contribuição Patronal - Servidor Civil Ativo - Principal;Lançamento de Receita;1.660.785,69;801;Recursos vinculados ao RPPS - Fundo em Repartição (Plano Financeiro);2111;Benefícios previdenciários - Poder Executivo - Fundo em Repartição (Plano Financeiro)
Cabedelo;301040;Instituto de Prev. dos Serv. Mun. de Cabedelo;102025;2025;72150211;Contribuição Patronal - Servidor Civil Ativo - Principal;Lançamento de Receita;608.334,46;801;Recursos vinculados ao RPPS - Fundo em Repartição (Plano Financeiro);2111;Benefícios previdenciários - Poder Executivo - Fundo em Repartição (Plano Financeiro)
Cabedelo;301040;Instituto de Prev. dos Serv. Mun. de Cabedelo;092025;2025;72150211;Contribuição Patronal - Servidor Civil Ativo - Principal;Lançamento de Receita;2.622.629,38;801;Recursos vinculados ao RPPS - Fundo em Repartição (Plano Financeiro);2111;Benefícios previdenciários - Poder Executivo - Fundo em Repartição (Plano Financeiro)
Cabedelo;301040;Instituto de Prev. dos Serv. Mun. de Cabedelo;092025;2025;72150211;Contribuição Patronal - Servidor Civil Ativo - Principal;Lançamento de Receita;1.080.902,75;500;Recursos não vinculados de Impostos;"Não ";Não Aplicável
Cabedelo;301040;Instituto de Prev. dos Serv. Mun. de Cabedelo;082025;2025;72150211;Contribuição Patronal - Servidor Civil Ativo - Principal;Lançamento de Receita;1.952.784,76;801;Recursos vinculados ao RPPS - Fundo em Repartição (Plano Financeiro);2111;Benefícios previdenciários - Poder Executivo - Fundo em Repartição (Plano Financeiro)
Cabedelo;301040;Instituto de Prev. dos Serv. Mun. de Cabedelo;072025;2025;72150211;Contribuição Patronal - Servidor Civil Ativo - Principal;Lançamento de Receita;330.951,26;801;Recursos vinculados ao RPPS - Fundo em Repartição (Plano Financeiro);2111;Benefícios previdenciários - Poder Executivo - Fundo em Repartição (Plano Financeiro)
Cabedelo;301040;Instituto de Prev. dos Serv. Mun. de Cabedelo;062025;2025;72150211;Contribuição Patronal - Servidor Civil Ativo - Principal;Lançamento de Receita;28.473,34;801;Recursos vinculados ao RPPS - Fundo em Repartição (Plano Financeiro);2111;Benefícios previdenciários - Poder Executivo - Fundo em Repartição (Plano Financeiro)
Cabedelo;301040;Instituto de Prev. dos Serv. Mun. de Cabedelo;052025;2025;72150211;Contribuição Patronal - Servidor Civil Ativo - Principal;Lançamento de Receita;270.887,48;500;Recursos não vinculados de Impostos;"Não ";Não Aplicável
Cabedelo;301040;Instituto de Prev. dos Serv. Mun. de Cabedelo;052025;2025;72150211;Contribuição Patronal - Servidor Civil Ativo - Principal;Lançamento de Receita;1.137.404,1;801;Recursos vinculados ao RPPS - Fundo em Repartição (Plano Financeiro);2111;Benefícios previdenciários - Poder Executivo - Fundo em Repartição (Plano Financeiro)
Cabedelo;301040;Instituto de Prev. dos Serv. Mun. de Cabedelo;042025;2025;72150211;Contribuição Patronal - Servidor Civil Ativo - Principal;Lançamento de Receita;272.830,58;500;Recursos não vinculados de Impostos;"Não ";Não Aplicável
Cabedelo;301040;Instituto de Prev. dos Serv. Mun. de Cabedelo;042025;2025;72150211;Contribuição Patronal - Servidor Civil Ativo - Principal;Lançamento de Receita;1.136.342,94;801;Recursos vinculados ao RPPS - Fundo em Repartição (Plano Financeiro);2111;Benefícios previdenciários - Poder Executivo - Fundo em Repartição (Plano Financeiro)
Cabedelo;301040;Instituto de Prev. dos Serv. Mun. de Cabedelo;032025;2025;72150211;Contribuição Patronal - Servidor Civil Ativo - Principal;Lançamento de Receita;1.112.160,68;801;Recursos vinculados ao RPPS - Fundo em Repartição (Plano Financeiro);2111;Benefícios previdenciários - Poder Executivo - Fundo em Repartição (Plano Financeiro)
Cabedelo;301040;Instituto de Prev. dos Serv. Mun. de Cabedelo;032025;2025;72150211;Contribuição Patronal - Servidor Civil Ativo - Principal;Lançamento de Receita;256.434,03;500;Recursos não vinculados de Impostos;"Não ";Não Aplicável
Cabedelo;301040;Instituto de Prev. dos Serv. Mun. de Cabedelo;022025;2025;72150211;Contribuição Patronal - Servidor Civil Ativo - Principal;Lançamento de Receita;1.104.432,88;801;Recursos vinculados ao RPPS - Fundo em Repartição (Plano Financeiro);2111;Benefícios previdenciários - Poder Executivo - Fundo em Repartição (Plano Financeiro)
Cabedelo;301040;Instituto de Prev. dos Serv. Mun. de Cabedelo;022025;2025;72150211;Contribuição Patronal - Servidor Civil Ativo - Principal;Lançamento de Receita;243.926,26;500;Recursos não vinculados de Impostos;"Não ";Não Aplicável
Cabedelo;301040;Instituto de Prev. dos Serv. Mun. de Cabedelo;012025;2025;72150211;Contribuição Patronal - Servidor Civil Ativo - Principal;Lançamento de Receita;2.163.072,89;801;Recursos vinculados ao RPPS - Fundo em Repartição (Plano Financeiro);2111;Benefícios previdenciários - Poder Executivo - Fundo em Repartição (Plano Financeiro)
Cabedelo;301040;Instituto de Prev. dos Serv. Mun. de Cabedelo;012025;2025;72150211;Contribuição Patronal - Servidor Civil Ativo - Principal;Lançamento de Receita;471.735,79;500;Recursos não vinculados de Impostos;"Não ";Não Aplicável
Cabedelo;301040;Instituto de Prev. dos Serv. Mun. de Cabedelo;122025;2025;72150112;Contribuição do Servidor Civil Ativo - Multas e Juros de Mora;Lançamento de Receita;5.717,77;801;Recursos vinculados ao RPPS - Fundo em Repartição (Plano Financeiro);2111;Benefícios previdenciários - Poder Executivo - Fundo em Repartição (Plano Financeiro)
Cabedelo;301040;Instituto de Prev. dos Serv. Mun. de Cabedelo;092025;2025;72150112;Contribuição do Servidor Civil Ativo - Multas e Juros de Mora;Lançamento de Receita;49.135,27;801;Recursos vinculados ao RPPS - Fundo em Repartição (Plano Financeiro);2111;Benefícios previdenciários - Poder Executivo - Fundo em Repartição (Plano Financeiro)
Cabedelo;301040;Instituto de Prev. dos Serv. Mun. de Cabedelo;012025;2025;72150112;Contribuição do Servidor Civil Ativo - Multas e Juros de Mora;Lançamento de Receita;2.200,33;801;Recursos vinculados ao RPPS - Fundo em Repartição (Plano Financeiro);2111;Benefícios previdenciários - Poder Executivo - Fundo em Repartição (Plano Financeiro)
Cabedelo;301040;Instituto de Prev. dos Serv. Mun. de Cabedelo;122025;2025;19999921;Outras Receitas Não Arrecadadas e Não Projetadas pela RFB - Primárias   - Principal;Lançamento de Receita;267.444,84;802;Recursos vinculados ao RPPS - Taxa de Administração;"Não ";Não Aplicável
Cabedelo;301040;Instituto de Prev. dos Serv. Mun. de Cabedelo;112025;2025;19999921;Outras Receitas Não Arrecadadas e Não Projetadas pela RFB - Primárias   - Principal;Lançamento de Receita;380.352,05;802;Recursos vinculados ao RPPS - Taxa de Administração;"Não ";Não Aplicável
Cabedelo;301040;Instituto de Prev. dos Serv. Mun. de Cabedelo;102025;2025;19999921;Outras Receitas Não Arrecadadas e Não Projetadas pela RFB - Primárias   - Principal;Lançamento de Receita;339.883,84;802;Recursos vinculados ao RPPS - Taxa de Administração;"Não ";Não Aplicável
Cabedelo;301040;Instituto de Prev. dos Serv. Mun. de Cabedelo;092025;2025;19999921;Outras Receitas Não Arrecadadas e Não Projetadas pela RFB - Primárias   - Principal;Lançamento de Receita;1.003.772,19;802;Recursos vinculados ao RPPS - Taxa de Administração;"Não ";Não Aplicável
Cabedelo;301040;Instituto de Prev. dos Serv. Mun. de Cabedelo;082025;2025;19999921;Outras Receitas Não Arrecadadas e Não Projetadas pela RFB - Primárias   - Principal;Lançamento de Receita;499.374,64;802;Recursos vinculados ao RPPS - Taxa de Administração;"Não ";Não Aplicável
Cabedelo;301040;Instituto de Prev. dos Serv. Mun. de Cabedelo;072025;2025;19999921;Outras Receitas Não Arrecadadas e Não Projetadas pela RFB - Primárias   - Principal;Lançamento de Receita;85.007,8;802;Recursos vinculados ao RPPS - Taxa de Administração;"Não ";Não Aplicável
Cabedelo;301040;Instituto de Prev. dos Serv. Mun. de Cabedelo;062025;2025;19999921;Outras Receitas Não Arrecadadas e Não Projetadas pela RFB - Primárias   - Principal;Lançamento de Receita;1.166,48;802;Recursos vinculados ao RPPS - Taxa de Administração;"Não ";Não Aplicável
Cabedelo;301040;Instituto de Prev. dos Serv. Mun. de Cabedelo;062025;2025;19999921;Outras Receitas Não Arrecadadas e Não Projetadas pela RFB - Primárias   - Principal;Lançamento de Receita;5.956,64;801;Recursos vinculados ao RPPS - Fundo em Repartição (Plano Financeiro);2111;Benefícios previdenciários - Poder Executivo - Fundo em Repartição (Plano Financeiro)
Cabedelo;301040;Instituto de Prev. dos Serv. Mun. de Cabedelo;052025;2025;19999921;Outras Receitas Não Arrecadadas e Não Projetadas pela RFB - Primárias   - Principal;Lançamento de Receita;361.933,54;802;Recursos vinculados ao RPPS - Taxa de Administração;"Não ";Não Aplicável
Cabedelo;301040;Instituto de Prev. dos Serv. Mun. de Cabedelo;042025;2025;19999921;Outras Receitas Não Arrecadadas e Não Projetadas pela RFB - Primárias   - Principal;Lançamento de Receita;362.160,26;802;Recursos vinculados ao RPPS - Taxa de Administração;"Não ";Não Aplicável
Cabedelo;301040;Instituto de Prev. dos Serv. Mun. de Cabedelo;032025;2025;19999921;Outras Receitas Não Arrecadadas e Não Projetadas pela RFB - Primárias   - Principal;Lançamento de Receita;351.725,75;802;Recursos vinculados ao RPPS - Taxa de Administração;"Não ";Não Aplicável
Cabedelo;301040;Instituto de Prev. dos Serv. Mun. de Cabedelo;022025;2025;19999921;Outras Receitas Não Arrecadadas e Não Projetadas pela RFB - Primárias   - Principal;Lançamento de Receita;346.522,3;802;Recursos vinculados ao RPPS - Taxa de Administração;"Não ";Não Aplicável
Cabedelo;301040;Instituto de Prev. dos Serv. Mun. de Cabedelo;012025;2025;19999921;Outras Receitas Não Arrecadadas e Não Projetadas pela RFB - Primárias   - Principal;Lançamento de Receita;263.523,75;801;Recursos vinculados ao RPPS - Fundo em Repartição (Plano Financeiro);2111;Benefícios previdenciários - Poder Executivo - Fundo em Repartição (Plano Financeiro)
Cabedelo;301040;Instituto de Prev. dos Serv. Mun. de Cabedelo;012025;2025;19999921;Outras Receitas Não Arrecadadas e Não Projetadas pela RFB - Primárias   - Principal;Lançamento de Receita;384.396,46;802;Recursos vinculados ao RPPS - Taxa de Administração;"Não ";Não Aplicável
Cabedelo;301040;Instituto de Prev. dos Serv. Mun. de Cabedelo;122025;2025;19999912;Outras Receitas Administradas pela RFB - Multas e Juros de Mora;Lançamento de Receita;2.975,07;500;Recursos não vinculados de Impostos;"Não ";Não Aplicável
Cabedelo;301040;Instituto de Prev. dos Serv. Mun. de Cabedelo;112025;2025;19999912;Outras Receitas Administradas pela RFB - Multas e Juros de Mora;Lançamento de Receita;924,93;500;Recursos não vinculados de Impostos;"Não ";Não Aplicável
Cabedelo;301040;Instituto de Prev. dos Serv. Mun. de Cabedelo;102025;2025;19999912;Outras Receitas Administradas pela RFB - Multas e Juros de Mora;Lançamento de Receita;1.411,15;500;Recursos não vinculados de Impostos;"Não ";Não Aplicável
Cabedelo;301040;Instituto de Prev. dos Serv. Mun. de Cabedelo;092025;2025;19999912;Outras Receitas Administradas pela RFB - Multas e Juros de Mora;Lançamento de Receita;822,89;500;Recursos não vinculados de Impostos;"Não ";Não Aplicável
Cabedelo;301040;Instituto de Prev. dos Serv. Mun. de Cabedelo;082025;2025;19999912;Outras Receitas Administradas pela RFB - Multas e Juros de Mora;Lançamento de Receita;822,89;500;Recursos não vinculados de Impostos;"Não ";Não Aplicável
Cabedelo;301040;Instituto de Prev. dos Serv. Mun. de Cabedelo;072025;2025;19999912;Outras Receitas Administradas pela RFB - Multas e Juros de Mora;Lançamento de Receita;822,89;500;Recursos não vinculados de Impostos;"Não ";Não Aplicável
Cabedelo;301040;Instituto de Prev. dos Serv. Mun. de Cabedelo;062025;2025;19999912;Outras Receitas Administradas pela RFB - Multas e Juros de Mora;Lançamento de Receita;822,89;500;Recursos não vinculados de Impostos;"Não ";Não Aplicável
Cabedelo;301040;Instituto de Prev. dos Serv. Mun. de Cabedelo;052025;2025;19999912;Outras Receitas Administradas pela RFB - Multas e Juros de Mora;Lançamento de Receita;14.472,68;500;Recursos não vinculados de Impostos;"Não ";Não Aplicável
Cabedelo;301040;Instituto de Prev. dos Serv. Mun. de Cabedelo;042025;2025;19999912;Outras Receitas Administradas pela RFB - Multas e Juros de Mora;Lançamento de Receita;1.476,53;500;Recursos não vinculados de Impostos;"Não ";Não Aplicável
Cabedelo;301040;Instituto de Prev. dos Serv. Mun. de Cabedelo;032025;2025;19999912;Outras Receitas Administradas pela RFB - Multas e Juros de Mora;Lançamento de Receita;765,79;500;Recursos não vinculados de Impostos;"Não ";Não Aplicável
Cabedelo;301040;Instituto de Prev. dos Serv. Mun. de Cabedelo;022025;2025;19999912;Outras Receitas Administradas pela RFB - Multas e Juros de Mora;Lançamento de Receita;1.452,11;500;Recursos não vinculados de Impostos;"Não ";Não Aplicável
Cabedelo;301040;Instituto de Prev. dos Serv. Mun. de Cabedelo;012025;2025;19999912;Outras Receitas Administradas pela RFB - Multas e Juros de Mora;Lançamento de Receita;1.004,99;500;Recursos não vinculados de Impostos;"Não ";Não Aplicável
Cabedelo;301040;Instituto de Prev. dos Serv. Mun. de Cabedelo;122025;2025;19990301;Compensações Financeiras entre os Regimes de Previdência - Principal;Lançamento de Receita;231.321,01;801;Recursos vinculados ao RPPS - Fundo em Repartição (Plano Financeiro);2111;Benefícios previdenciários - Poder Executivo - Fundo em Repartição (Plano Financeiro)
Cabedelo;301040;Instituto de Prev. dos Serv. Mun. de Cabedelo;112025;2025;19990301;Compensações Financeiras entre os Regimes de Previdência - Principal;Lançamento de Receita;113.575,6;801;Recursos vinculados ao RPPS - Fundo em Repartição (Plano Financeiro);2111;Benefícios previdenciários - Poder Executivo - Fundo em Repartição (Plano Financeiro)
Cabedelo;301040;Instituto de Prev. dos Serv. Mun. de Cabedelo;102025;2025;19990301;Compensações Financeiras entre os Regimes de Previdência - Principal;Lançamento de Receita;115.399,22;801;Recursos vinculados ao RPPS - Fundo em Repartição (Plano Financeiro);2111;Benefícios previdenciários - Poder Executivo - Fundo em Repartição (Plano Financeiro)
Cabedelo;301040;Instituto de Prev. dos Serv. Mun. de Cabedelo;092025;2025;19990301;Compensações Financeiras entre os Regimes de Previdência - Principal;Lançamento de Receita;116.192,44;801;Recursos vinculados ao RPPS - Fundo em Repartição (Plano Financeiro);2111;Benefícios previdenciários - Poder Executivo - Fundo em Repartição (Plano Financeiro)
Cabedelo;301040;Instituto de Prev. dos Serv. Mun. de Cabedelo;082025;2025;19990301;Compensações Financeiras entre os Regimes de Previdência - Principal;Lançamento de Receita;116.471,94;801;Recursos vinculados ao RPPS - Fundo em Repartição (Plano Financeiro);2111;Benefícios previdenciários - Poder Executivo - Fundo em Repartição (Plano Financeiro)
Cabedelo;301040;Instituto de Prev. dos Serv. Mun. de Cabedelo;072025;2025;19990301;Compensações Financeiras entre os Regimes de Previdência - Principal;Lançamento de Receita;117.967,78;801;Recursos vinculados ao RPPS - Fundo em Repartição (Plano Financeiro);2111;Benefícios previdenciários - Poder Executivo - Fundo em Repartição (Plano Financeiro)
Cabedelo;301040;Instituto de Prev. dos Serv. Mun. de Cabedelo;062025;2025;19990301;Compensações Financeiras entre os Regimes de Previdência - Principal;Lançamento de Receita;125.808,09;801;Recursos vinculados ao RPPS - Fundo em Repartição (Plano Financeiro);2111;Benefícios previdenciários - Poder Executivo - Fundo em Repartição (Plano Financeiro)
Cabedelo;301040;Instituto de Prev. dos Serv. Mun. de Cabedelo;052025;2025;19990301;Compensações Financeiras entre os Regimes de Previdência - Principal;Lançamento de Receita;126.499,99;801;Recursos vinculados ao RPPS - Fundo em Repartição (Plano Financeiro);2111;Benefícios previdenciários - Poder Executivo - Fundo em Repartição (Plano Financeiro)
Cabedelo;301040;Instituto de Prev. dos Serv. Mun. de Cabedelo;042025;2025;19990301;Compensações Financeiras entre os Regimes de Previdência - Principal;Lançamento de Receita;126.260,51;801;Recursos vinculados ao RPPS - Fundo em Repartição (Plano Financeiro);2111;Benefícios previdenciários - Poder Executivo - Fundo em Repartição (Plano Financeiro)
Cabedelo;301040;Instituto de Prev. dos Serv. Mun. de Cabedelo;032025;2025;19990301;Compensações Financeiras entre os Regimes de Previdência - Principal;Lançamento de Receita;115.235,96;801;Recursos vinculados ao RPPS - Fundo em Repartição (Plano Financeiro);2111;Benefícios previdenciários - Poder Executivo - Fundo em Repartição (Plano Financeiro)
Cabedelo;301040;Instituto de Prev. dos Serv. Mun. de Cabedelo;022025;2025;19990301;Compensações Financeiras entre os Regimes de Previdência - Principal;Lançamento de Receita;190.418,33;801;Recursos vinculados ao RPPS - Fundo em Repartição (Plano Financeiro);2111;Benefícios previdenciários - Poder Executivo - Fundo em Repartição (Plano Financeiro)
Cabedelo;301040;Instituto de Prev. dos Serv. Mun. de Cabedelo;012025;2025;19990301;Compensações Financeiras entre os Regimes de Previdência - Principal;Lançamento de Receita;105.707,62;801;Recursos vinculados ao RPPS - Fundo em Repartição (Plano Financeiro);2111;Benefícios previdenciários - Poder Executivo - Fundo em Repartição (Plano Financeiro)
Cabedelo;301040;Instituto de Prev. dos Serv. Mun. de Cabedelo;122025;2025;19990101;Aportes Periódicos para Amortização de Déficit Atuarial do Regimes Próprios de Previdência e Sistema de Proteção Social - Principal;Lançamento de Receita;2.431.540,32;801;Recursos vinculados ao RPPS - Fundo em Repartição (Plano Financeiro);2111;Benefícios previdenciários - Poder Executivo - Fundo em Repartição (Plano Financeiro)
Cabedelo;301040;Instituto de Prev. dos Serv. Mun. de Cabedelo;102025;2025;19990101;Aportes Periódicos para Amortização de Déficit Atuarial do Regimes Próprios de Previdência e Sistema de Proteção Social - Principal;Lançamento de Receita;43.727,07;801;Recursos vinculados ao RPPS - Fundo em Repartição (Plano Financeiro);2111;Benefícios previdenciários - Poder Executivo - Fundo em Repartição (Plano Financeiro)
Cabedelo;301040;Instituto de Prev. dos Serv. Mun. de Cabedelo;092025;2025;19990101;Aportes Periódicos para Amortização de Déficit Atuarial do Regimes Próprios de Previdência e Sistema de Proteção Social - Principal;Lançamento de Receita;43.518,18;801;Recursos vinculados ao RPPS - Fundo em Repartição (Plano Financeiro);2111;Benefícios previdenciários - Poder Executivo - Fundo em Repartição (Plano Financeiro)
Cabedelo;301040;Instituto de Prev. dos Serv. Mun. de Cabedelo;082025;2025;19990101;Aportes Periódicos para Amortização de Déficit Atuarial do Regimes Próprios de Previdência e Sistema de Proteção Social - Principal;Lançamento de Receita;43.566,1;801;Recursos vinculados ao RPPS - Fundo em Repartição (Plano Financeiro);2111;Benefícios previdenciários - Poder Executivo - Fundo em Repartição (Plano Financeiro)
Cabedelo;301040;Instituto de Prev. dos Serv. Mun. de Cabedelo;072025;2025;19990101;Aportes Periódicos para Amortização de Déficit Atuarial do Regimes Próprios de Previdência e Sistema de Proteção Social - Principal;Lançamento de Receita;43.453,12;801;Recursos vinculados ao RPPS - Fundo em Repartição (Plano Financeiro);2111;Benefícios previdenciários - Poder Executivo - Fundo em Repartição (Plano Financeiro)
Cabedelo;301040;Instituto de Prev. dos Serv. Mun. de Cabedelo;062025;2025;19990101;Aportes Periódicos para Amortização de Déficit Atuarial do Regimes Próprios de Previdência e Sistema de Proteção Social - Principal;Lançamento de Receita;43.349,08;801;Recursos vinculados ao RPPS - Fundo em Repartição (Plano Financeiro);2111;Benefícios previdenciários - Poder Executivo - Fundo em Repartição (Plano Financeiro)
Cabedelo;301040;Instituto de Prev. dos Serv. Mun. de Cabedelo;052025;2025;19990101;Aportes Periódicos para Amortização de Déficit Atuarial do Regimes Próprios de Previdência e Sistema de Proteção Social - Principal;Lançamento de Receita;2.354.813,44;801;Recursos vinculados ao RPPS - Fundo em Repartição (Plano Financeiro);2111;Benefícios previdenciários - Poder Executivo - Fundo em Repartição (Plano Financeiro)
Cabedelo;301040;Instituto de Prev. dos Serv. Mun. de Cabedelo;042025;2025;19990101;Aportes Periódicos para Amortização de Déficit Atuarial do Regimes Próprios de Previdência e Sistema de Proteção Social - Principal;Lançamento de Receita;2.341.755,59;801;Recursos vinculados ao RPPS - Fundo em Repartição (Plano Financeiro);2111;Benefícios previdenciários - Poder Executivo - Fundo em Repartição (Plano Financeiro)
Cabedelo;301040;Instituto de Prev. dos Serv. Mun. de Cabedelo;032025;2025;19990101;Aportes Periódicos para Amortização de Déficit Atuarial do Regimes Próprios de Previdência e Sistema de Proteção Social - Principal;Lançamento de Receita;2.311.792,2;801;Recursos vinculados ao RPPS - Fundo em Repartição (Plano Financeiro);2111;Benefícios previdenciários - Poder Executivo - Fundo em Repartição (Plano Financeiro)
Cabedelo;301040;Instituto de Prev. dos Serv. Mun. de Cabedelo;022025;2025;19990101;Aportes Periódicos para Amortização de Déficit Atuarial do Regimes Próprios de Previdência e Sistema de Proteção Social - Principal;Lançamento de Receita;2.307.614,05;801;Recursos vinculados ao RPPS - Fundo em Repartição (Plano Financeiro);2111;Benefícios previdenciários - Poder Executivo - Fundo em Repartição (Plano Financeiro)
Cabedelo;301040;Instituto de Prev. dos Serv. Mun. de Cabedelo;012025;2025;19990101;Aportes Periódicos para Amortização de Déficit Atuarial do Regimes Próprios de Previdência e Sistema de Proteção Social - Principal;Lançamento de Receita;2.087.446,14;801;Recursos vinculados ao RPPS - Fundo em Repartição (Plano Financeiro);2111;Benefícios previdenciários - Poder Executivo - Fundo em Repartição (Plano Financeiro)
Cabedelo;301040;Instituto de Prev. dos Serv. Mun. de Cabedelo;062025;2025;19229901;Outras Restituições - Principal;Lançamento de Receita;204,72;500;Recursos não vinculados de Impostos;"Não ";Não Aplicável
Cabedelo;301040;Instituto de Prev. dos Serv. Mun. de Cabedelo;052025;2025;19229901;Outras Restituições - Principal;Lançamento de Receita;204,72;500;Recursos não vinculados de Impostos;"Não ";Não Aplicável
Cabedelo;301040;Instituto de Prev. dos Serv. Mun. de Cabedelo;042025;2025;19229901;Outras Restituições - Principal;Lançamento de Receita;204,72;500;Recursos não vinculados de Impostos;"Não ";Não Aplicável
Cabedelo;301040;Instituto de Prev. dos Serv. Mun. de Cabedelo;032025;2025;19229901;Outras Restituições - Principal;Lançamento de Receita;204,72;500;Recursos não vinculados de Impostos;"Não ";Não Aplicável
Cabedelo;301040;Instituto de Prev. dos Serv. Mun. de Cabedelo;022025;2025;19229901;Outras Restituições - Principal;Lançamento de Receita;204,72;500;Recursos não vinculados de Impostos;"Não ";Não Aplicável
Cabedelo;301040;Instituto de Prev. dos Serv. Mun. de Cabedelo;012025;2025;19229901;Outras Restituições - Principal;Lançamento de Receita;204,72;500;Recursos não vinculados de Impostos;"Não ";Não Aplicável
Cabedelo;301040;Instituto de Prev. dos Serv. Mun. de Cabedelo;122025;2025;13210401;Remuneração dos Recursos do Regime Próprio de Previdência Social - RPPS - Principal;Dedução Investimento;-852.618,05;801;Recursos vinculados ao RPPS - Fundo em Repartição (Plano Financeiro);2111;Benefícios previdenciários - Poder Executivo - Fundo em Repartição (Plano Financeiro)
Cabedelo;301040;Instituto de Prev. dos Serv. Mun. de Cabedelo;122025;2025;13210401;Remuneração dos Recursos do Regime Próprio de Previdência Social - RPPS - Principal;Lançamento de Receita;3.758.565,18;802;Recursos vinculados ao RPPS - Taxa de Administração;"Não ";Não Aplicável
Cabedelo;301040;Instituto de Prev. dos Serv. Mun. de Cabedelo;112025;2025;13210401;Remuneração dos Recursos do Regime Próprio de Previdência Social - RPPS - Principal;Lançamento de Receita;9.175.909,17;802;Recursos vinculados ao RPPS - Taxa de Administração;"Não ";Não Aplicável
Cabedelo;301040;Instituto de Prev. dos Serv. Mun. de Cabedelo;112025;2025;13210401;Remuneração dos Recursos do Regime Próprio de Previdência Social - RPPS - Principal;Dedução Investimento;-357.954,16;801;Recursos vinculados ao RPPS - Fundo em Repartição (Plano Financeiro);2111;Benefícios previdenciários - Poder Executivo - Fundo em Repartição (Plano Financeiro)
Cabedelo;301040;Instituto de Prev. dos Serv. Mun. de Cabedelo;102025;2025;13210401;Remuneração dos Recursos do Regime Próprio de Previdência Social - RPPS - Principal;Lançamento de Receita;5.404.490,38;802;Recursos vinculados ao RPPS - Taxa de Administração;"Não ";Não Aplicável
Cabedelo;301040;Instituto de Prev. dos Serv. Mun. de Cabedelo;092025;2025;13210401;Remuneração dos Recursos do Regime Próprio de Previdência Social - RPPS - Principal;Lançamento de Receita;5.934.828,04;802;Recursos vinculados ao RPPS - Taxa de Administração;"Não ";Não Aplicável
Cabedelo;301040;Instituto de Prev. dos Serv. Mun. de Cabedelo;092025;2025;13210401;Remuneração dos Recursos do Regime Próprio de Previdência Social - RPPS - Principal;Dedução Investimento;-34.135,42;801;Recursos vinculados ao RPPS - Fundo em Repartição (Plano Financeiro);2111;Benefícios previdenciários - Poder Executivo - Fundo em Repartição (Plano Financeiro)
Cabedelo;301040;Instituto de Prev. dos Serv. Mun. de Cabedelo;082025;2025;13210401;Remuneração dos Recursos do Regime Próprio de Previdência Social - RPPS - Principal;Lançamento de Receita;8.661.808,31;802;Recursos vinculados ao RPPS - Taxa de Administração;"Não ";Não Aplicável
Cabedelo;301040;Instituto de Prev. dos Serv. Mun. de Cabedelo;082025;2025;13210401;Remuneração dos Recursos do Regime Próprio de Previdência Social - RPPS - Principal;Dedução Investimento;-111.504,06;801;Recursos vinculados ao RPPS - Fundo em Repartição (Plano Financeiro);2111;Benefícios previdenciários - Poder Executivo - Fundo em Repartição (Plano Financeiro)
Cabedelo;301040;Instituto de Prev. dos Serv. Mun. de Cabedelo;072025;2025;13210401;Remuneração dos Recursos do Regime Próprio de Previdência Social - RPPS - Principal;Dedução Investimento;-4.147.538,85;801;Recursos vinculados ao RPPS - Fundo em Repartição (Plano Financeiro);2111;Benefícios previdenciários - Poder Executivo - Fundo em Repartição (Plano Financeiro)
Cabedelo;301040;Instituto de Prev. dos Serv. Mun. de Cabedelo;072025;2025;13210401;Remuneração dos Recursos do Regime Próprio de Previdência Social - RPPS - Principal;Lançamento de Receita;2.963.538,16;802;Recursos vinculados ao RPPS - Taxa de Administração;"Não ";Não Aplicável
Cabedelo;301040;Instituto de Prev. dos Serv. Mun. de Cabedelo;062025;2025;13210401;Remuneração dos Recursos do Regime Próprio de Previdência Social - RPPS - Principal;Dedução Investimento;-61.764,47;801;Recursos vinculados ao RPPS - Fundo em Repartição (Plano Financeiro);2111;Benefícios previdenciários - Poder Executivo - Fundo em Repartição (Plano Financeiro)
Cabedelo;301040;Instituto de Prev. dos Serv. Mun. de Cabedelo;062025;2025;13210401;Remuneração dos Recursos do Regime Próprio de Previdência Social - RPPS - Principal;Lançamento de Receita;4.086.699,14;802;Recursos vinculados ao RPPS - Taxa de Administração;"Não ";Não Aplicável
Cabedelo;301040;Instituto de Prev. dos Serv. Mun. de Cabedelo;052025;2025;13210401;Remuneração dos Recursos do Regime Próprio de Previdência Social - RPPS - Principal;Lançamento de Receita;5.664.017,44;802;Recursos vinculados ao RPPS - Taxa de Administração;"Não ";Não Aplicável
Cabedelo;301040;Instituto de Prev. dos Serv. Mun. de Cabedelo;042025;2025;13210401;Remuneração dos Recursos do Regime Próprio de Previdência Social - RPPS - Principal;Lançamento de Receita;8.629.688,75;802;Recursos vinculados ao RPPS - Taxa de Administração;"Não ";Não Aplicável
Cabedelo;301040;Instituto de Prev. dos Serv. Mun. de Cabedelo;032025;2025;13210401;Remuneração dos Recursos do Regime Próprio de Previdência Social - RPPS - Principal;Lançamento de Receita;5.406.091,36;802;Recursos vinculados ao RPPS - Taxa de Administração;"Não ";Não Aplicável
Cabedelo;301040;Instituto de Prev. dos Serv. Mun. de Cabedelo;032025;2025;13210401;Remuneração dos Recursos do Regime Próprio de Previdência Social - RPPS - Principal;Dedução Investimento;-809.245,84;801;Recursos vinculados ao RPPS - Fundo em Repartição (Plano Financeiro);2111;Benefícios previdenciários - Poder Executivo - Fundo em Repartição (Plano Financeiro)
Cabedelo;301040;Instituto de Prev. dos Serv. Mun. de Cabedelo;022025;2025;13210401;Remuneração dos Recursos do Regime Próprio de Previdência Social - RPPS - Principal;Lançamento de Receita;2.414.471,94;802;Recursos vinculados ao RPPS - Taxa de Administração;"Não ";Não Aplicável
Cabedelo;301040;Instituto de Prev. dos Serv. Mun. de Cabedelo;022025;2025;13210401;Remuneração dos Recursos do Regime Próprio de Previdência Social - RPPS - Principal;Dedução Investimento;-2.518.891,84;801;Recursos vinculados ao RPPS - Fundo em Repartição (Plano Financeiro);2111;Benefícios previdenciários - Poder Executivo - Fundo em Repartição (Plano Financeiro)
Cabedelo;301040;Instituto de Prev. dos Serv. Mun. de Cabedelo;012025;2025;13210401;Remuneração dos Recursos do Regime Próprio de Previdência Social - RPPS - Principal;Dedução Investimento;-109.268,59;801;Recursos vinculados ao RPPS - Fundo em Repartição (Plano Financeiro);2111;Benefícios previdenciários - Poder Executivo - Fundo em Repartição (Plano Financeiro)
Cabedelo;301040;Instituto de Prev. dos Serv. Mun. de Cabedelo;012025;2025;13210401;Remuneração dos Recursos do Regime Próprio de Previdência Social - RPPS - Principal;Lançamento de Receita;6.829.594,9;802;Recursos vinculados ao RPPS - Taxa de Administração;"Não ";Não Aplicável
Cabedelo;301040;Instituto de Prev. dos Serv. Mun. de Cabedelo;122025;2025;12150131;Contribuição do Servidor Civil - Pensionistas - Principal;Lançamento de Receita;3.585,81;801;Recursos vinculados ao RPPS - Fundo em Repartição (Plano Financeiro);2111;Benefícios previdenciários - Poder Executivo - Fundo em Repartição (Plano Financeiro)
Cabedelo;301040;Instituto de Prev. dos Serv. Mun. de Cabedelo;112025;2025;12150131;Contribuição do Servidor Civil - Pensionistas - Principal;Lançamento de Receita;3.585,81;801;Recursos vinculados ao RPPS - Fundo em Repartição (Plano Financeiro);2111;Benefícios previdenciários - Poder Executivo - Fundo em Repartição (Plano Financeiro)
Cabedelo;301040;Instituto de Prev. dos Serv. Mun. de Cabedelo;102025;2025;12150131;Contribuição do Servidor Civil - Pensionistas - Principal;Lançamento de Receita;3.585,81;801;Recursos vinculados ao RPPS - Fundo em Repartição (Plano Financeiro);2111;Benefícios previdenciários - Poder Executivo - Fundo em Repartição (Plano Financeiro)
Cabedelo;301040;Instituto de Prev. dos Serv. Mun. de Cabedelo;092025;2025;12150131;Contribuição do Servidor Civil - Pensionistas - Principal;Lançamento de Receita;3.585,81;801;Recursos vinculados ao RPPS - Fundo em Repartição (Plano Financeiro);2111;Benefícios previdenciários - Poder Executivo - Fundo em Repartição (Plano Financeiro)
Cabedelo;301040;Instituto de Prev. dos Serv. Mun. de Cabedelo;082025;2025;12150131;Contribuição do Servidor Civil - Pensionistas - Principal;Lançamento de Receita;3.585,81;801;Recursos vinculados ao RPPS - Fundo em Repartição (Plano Financeiro);2111;Benefícios previdenciários - Poder Executivo - Fundo em Repartição (Plano Financeiro)
Cabedelo;301040;Instituto de Prev. dos Serv. Mun. de Cabedelo;072025;2025;12150131;Contribuição do Servidor Civil - Pensionistas - Principal;Lançamento de Receita;3.585,81;801;Recursos vinculados ao RPPS - Fundo em Repartição (Plano Financeiro);2111;Benefícios previdenciários - Poder Executivo - Fundo em Repartição (Plano Financeiro)
Cabedelo;301040;Instituto de Prev. dos Serv. Mun. de Cabedelo;062025;2025;12150131;Contribuição do Servidor Civil - Pensionistas - Principal;Lançamento de Receita;3.585,81;801;Recursos vinculados ao RPPS - Fundo em Repartição (Plano Financeiro);2111;Benefícios previdenciários - Poder Executivo - Fundo em Repartição (Plano Financeiro)
Cabedelo;301040;Instituto de Prev. dos Serv. Mun. de Cabedelo;052025;2025;12150131;Contribuição do Servidor Civil - Pensionistas - Principal;Lançamento de Receita;3.585,81;801;Recursos vinculados ao RPPS - Fundo em Repartição (Plano Financeiro);2111;Benefícios previdenciários - Poder Executivo - Fundo em Repartição (Plano Financeiro)
Cabedelo;301040;Instituto de Prev. dos Serv. Mun. de Cabedelo;042025;2025;12150131;Contribuição do Servidor Civil - Pensionistas - Principal;Lançamento de Receita;3.585,81;801;Recursos vinculados ao RPPS - Fundo em Repartição (Plano Financeiro);2111;Benefícios previdenciários - Poder Executivo - Fundo em Repartição (Plano Financeiro)
Cabedelo;301040;Instituto de Prev. dos Serv. Mun. de Cabedelo;032025;2025;12150131;Contribuição do Servidor Civil - Pensionistas - Principal;Lançamento de Receita;3.585,01;801;Recursos vinculados ao RPPS - Fundo em Repartição (Plano Financeiro);2111;Benefícios previdenciários - Poder Executivo - Fundo em Repartição (Plano Financeiro)
Cabedelo;301040;Instituto de Prev. dos Serv. Mun. de Cabedelo;022025;2025;12150131;Contribuição do Servidor Civil - Pensionistas - Principal;Lançamento de Receita;3.585,81;801;Recursos vinculados ao RPPS - Fundo em Repartição (Plano Financeiro);2111;Benefícios previdenciários - Poder Executivo - Fundo em Repartição (Plano Financeiro)
Cabedelo;301040;Instituto de Prev. dos Serv. Mun. de Cabedelo;122025;2025;12150121;Contribuição do Servidor Civil Inativo - Principal;Lançamento de Receita;65.417,29;801;Recursos vinculados ao RPPS - Fundo em Repartição (Plano Financeiro);2111;Benefícios previdenciários - Poder Executivo - Fundo em Repartição (Plano Financeiro)
Cabedelo;301040;Instituto de Prev. dos Serv. Mun. de Cabedelo;112025;2025;12150121;Contribuição do Servidor Civil Inativo - Principal;Lançamento de Receita;65.417,29;801;Recursos vinculados ao RPPS - Fundo em Repartição (Plano Financeiro);2111;Benefícios previdenciários - Poder Executivo - Fundo em Repartição (Plano Financeiro)
Cabedelo;301040;Instituto de Prev. dos Serv. Mun. de Cabedelo;102025;2025;12150121;Contribuição do Servidor Civil Inativo - Principal;Lançamento de Receita;65.068,84;801;Recursos vinculados ao RPPS - Fundo em Repartição (Plano Financeiro);2111;Benefícios previdenciários - Poder Executivo - Fundo em Repartição (Plano Financeiro)
Cabedelo;301040;Instituto de Prev. dos Serv. Mun. de Cabedelo;092025;2025;12150121;Contribuição do Servidor Civil Inativo - Principal;Lançamento de Receita;65.068,84;801;Recursos vinculados ao RPPS - Fundo em Repartição (Plano Financeiro);2111;Benefícios previdenciários - Poder Executivo - Fundo em Repartição (Plano Financeiro)
Cabedelo;301040;Instituto de Prev. dos Serv. Mun. de Cabedelo;082025;2025;12150121;Contribuição do Servidor Civil Inativo - Principal;Lançamento de Receita;64.583,1;801;Recursos vinculados ao RPPS - Fundo em Repartição (Plano Financeiro);2111;Benefícios previdenciários - Poder Executivo - Fundo em Repartição (Plano Financeiro)
Cabedelo;301040;Instituto de Prev. dos Serv. Mun. de Cabedelo;072025;2025;12150121;Contribuição do Servidor Civil Inativo - Principal;Lançamento de Receita;64.583,1;801;Recursos vinculados ao RPPS - Fundo em Repartição (Plano Financeiro);2111;Benefícios previdenciários - Poder Executivo - Fundo em Repartição (Plano Financeiro)
Cabedelo;301040;Instituto de Prev. dos Serv. Mun. de Cabedelo;062025;2025;12150121;Contribuição do Servidor Civil Inativo - Principal;Lançamento de Receita;64.583,1;801;Recursos vinculados ao RPPS - Fundo em Repartição (Plano Financeiro);2111;Benefícios previdenciários - Poder Executivo - Fundo em Repartição (Plano Financeiro)
Cabedelo;301040;Instituto de Prev. dos Serv. Mun. de Cabedelo;052025;2025;12150121;Contribuição do Servidor Civil Inativo - Principal;Lançamento de Receita;64.614,14;801;Recursos vinculados ao RPPS - Fundo em Repartição (Plano Financeiro);2111;Benefícios previdenciários - Poder Executivo - Fundo em Repartição (Plano Financeiro)
Cabedelo;301040;Instituto de Prev. dos Serv. Mun. de Cabedelo;042025;2025;12150121;Contribuição do Servidor Civil Inativo - Principal;Lançamento de Receita;64.247,9;801;Recursos vinculados ao RPPS - Fundo em Repartição (Plano Financeiro);2111;Benefícios previdenciários - Poder Executivo - Fundo em Repartição (Plano Financeiro)
Cabedelo;301040;Instituto de Prev. dos Serv. Mun. de Cabedelo;032025;2025;12150121;Contribuição do Servidor Civil Inativo - Principal;Lançamento de Receita;72.214,7;801;Recursos vinculados ao RPPS - Fundo em Repartição (Plano Financeiro);2111;Benefícios previdenciários - Poder Executivo - Fundo em Repartição (Plano Financeiro)
Cabedelo;301040;Instituto de Prev. dos Serv. Mun. de Cabedelo;022025;2025;12150121;Contribuição do Servidor Civil Inativo - Principal;Lançamento de Receita;49.305,95;801;Recursos vinculados ao RPPS - Fundo em Repartição (Plano Financeiro);2111;Benefícios previdenciários - Poder Executivo - Fundo em Repartição (Plano Financeiro)
Cabedelo;301040;Instituto de Prev. dos Serv. Mun. de Cabedelo;122025;2025;12150111;Contribuição do Servidor Civil Ativo - Principal;Lançamento de Receita;1.027.633,13;801;Recursos vinculados ao RPPS - Fundo em Repartição (Plano Financeiro);2111;Benefícios previdenciários - Poder Executivo - Fundo em Repartição (Plano Financeiro)
Cabedelo;301040;Instituto de Prev. dos Serv. Mun. de Cabedelo;112025;2025;12150111;Contribuição do Servidor Civil Ativo - Principal;Lançamento de Receita;1.770.620,52;801;Recursos vinculados ao RPPS - Fundo em Repartição (Plano Financeiro);2111;Benefícios previdenciários - Poder Executivo - Fundo em Repartição (Plano Financeiro)
Cabedelo;301040;Instituto de Prev. dos Serv. Mun. de Cabedelo;102025;2025;12150111;Contribuição do Servidor Civil Ativo - Principal;Lançamento de Receita;662.826,48;801;Recursos vinculados ao RPPS - Fundo em Repartição (Plano Financeiro);2111;Benefícios previdenciários - Poder Executivo - Fundo em Repartição (Plano Financeiro)
Cabedelo;301040;Instituto de Prev. dos Serv. Mun. de Cabedelo;092025;2025;12150111;Contribuição do Servidor Civil Ativo - Principal;Lançamento de Receita;2.126.627,4;801;Recursos vinculados ao RPPS - Fundo em Repartição (Plano Financeiro);2111;Benefícios previdenciários - Poder Executivo - Fundo em Repartição (Plano Financeiro)
Cabedelo;301040;Instituto de Prev. dos Serv. Mun. de Cabedelo;082025;2025;12150111;Contribuição do Servidor Civil Ativo - Principal;Lançamento de Receita;1.401.096,53;801;Recursos vinculados ao RPPS - Fundo em Repartição (Plano Financeiro);2111;Benefícios previdenciários - Poder Executivo - Fundo em Repartição (Plano Financeiro)
Cabedelo;301040;Instituto de Prev. dos Serv. Mun. de Cabedelo;072025;2025;12150111;Contribuição do Servidor Civil Ativo - Principal;Lançamento de Receita;1.670.234,07;801;Recursos vinculados ao RPPS - Fundo em Repartição (Plano Financeiro);2111;Benefícios previdenciários - Poder Executivo - Fundo em Repartição (Plano Financeiro)
Cabedelo;301040;Instituto de Prev. dos Serv. Mun. de Cabedelo;062025;2025;12150111;Contribuição do Servidor Civil Ativo - Principal;Lançamento de Receita;1.130.181,87;801;Recursos vinculados ao RPPS - Fundo em Repartição (Plano Financeiro);2111;Benefícios previdenciários - Poder Executivo - Fundo em Repartição (Plano Financeiro)
Cabedelo;301040;Instituto de Prev. dos Serv. Mun. de Cabedelo;052025;2025;12150111;Contribuição do Servidor Civil Ativo - Principal;Lançamento de Receita;1.127.044,55;801;Recursos vinculados ao RPPS - Fundo em Repartição (Plano Financeiro);2111;Benefícios previdenciários - Poder Executivo - Fundo em Repartição (Plano Financeiro)
Cabedelo;301040;Instituto de Prev. dos Serv. Mun. de Cabedelo;052025;2025;12150111;Contribuição do Servidor Civil Ativo - Principal;Lançamento de Receita;270.190,85;802;Recursos vinculados ao RPPS - Taxa de Administração;"Não ";Não Aplicável
Cabedelo;301040;Instituto de Prev. dos Serv. Mun. de Cabedelo;042025;2025;12150111;Contribuição do Servidor Civil Ativo - Principal;Lançamento de Receita;1.401.870,51;801;Recursos vinculados ao RPPS - Fundo em Repartição (Plano Financeiro);2111;Benefícios previdenciários - Poder Executivo - Fundo em Repartição (Plano Financeiro)
Cabedelo;301040;Instituto de Prev. dos Serv. Mun. de Cabedelo;032025;2025;12150111;Contribuição do Servidor Civil Ativo - Principal;Lançamento de Receita;1.448.947,65;801;Recursos vinculados ao RPPS - Fundo em Repartição (Plano Financeiro);2111;Benefícios previdenciários - Poder Executivo - Fundo em Repartição (Plano Financeiro)
Cabedelo;301040;Instituto de Prev. dos Serv. Mun. de Cabedelo;022025;2025;12150111;Contribuição do Servidor Civil Ativo - Principal;Lançamento de Receita;23.421,67;802;Recursos vinculados ao RPPS - Taxa de Administração;"Não ";Não Aplicável
Cabedelo;301040;Instituto de Prev. dos Serv. Mun. de Cabedelo;022025;2025;12150111;Contribuição do Servidor Civil Ativo - Principal;Lançamento de Receita;1.322.340,04;801;Recursos vinculados ao RPPS - Fundo em Repartição (Plano Financeiro);2111;Benefícios previdenciários - Poder Executivo - Fundo em Repartição (Plano Financeiro)
Cabedelo;301040;Instituto de Prev. dos Serv. Mun. de Cabedelo;012025;2025;12150111;Contribuição do Servidor Civil Ativo - Principal;Lançamento de Receita;2.529.861,12;801;Recursos vinculados ao RPPS - Fundo em Repartição (Plano Financeiro);2111;Benefícios previdenciários - Poder Executivo - Fundo em Repartição (Plano Financeiro)
Cabedelo;601040;Fundo Municipal de Saúde de Cabedelo;122025;2025;19999921;Outras Receitas Não Arrecadadas e Não Projetadas pela RFB - Primárias   - Principal;Lançamento de Receita;657,02;500;Recursos não vinculados de Impostos;"Não ";Não Aplicável
Cabedelo;601040;Fundo Municipal de Saúde de Cabedelo;102025;2025;19999921;Outras Receitas Não Arrecadadas e Não Projetadas pela RFB - Primárias   - Principal;Lançamento de Receita;2.629,12;500;Recursos não vinculados de Impostos;"Não ";Não Aplicável
Cabedelo;601040;Fundo Municipal de Saúde de Cabedelo;092025;2025;19999921;Outras Receitas Não Arrecadadas e Não Projetadas pela RFB - Primárias   - Principal;Lançamento de Receita;2.944,24;500;Recursos não vinculados de Impostos;"Não ";Não Aplicável
Cabedelo;601040;Fundo Municipal de Saúde de Cabedelo;082025;2025;19999921;Outras Receitas Não Arrecadadas e Não Projetadas pela RFB - Primárias   - Principal;Lançamento de Receita;6.436,9;500;Recursos não vinculados de Impostos;"Não ";Não Aplicável
Cabedelo;601040;Fundo Municipal de Saúde de Cabedelo;072025;2025;19999921;Outras Receitas Não Arrecadadas e Não Projetadas pela RFB - Primárias   - Principal;Lançamento de Receita;1.086;500;Recursos não vinculados de Impostos;"Não ";Não Aplicável
Cabedelo;601040;Fundo Municipal de Saúde de Cabedelo;062025;2025;19999921;Outras Receitas Não Arrecadadas e Não Projetadas pela RFB - Primárias   - Principal;Lançamento de Receita;5.015,04;500;Recursos não vinculados de Impostos;"Não ";Não Aplicável
Cabedelo;601040;Fundo Municipal de Saúde de Cabedelo;052025;2025;19999921;Outras Receitas Não Arrecadadas e Não Projetadas pela RFB - Primárias   - Principal;Lançamento de Receita;4.989,4;500;Recursos não vinculados de Impostos;"Não ";Não Aplicável
Cabedelo;601040;Fundo Municipal de Saúde de Cabedelo;042025;2025;19999921;Outras Receitas Não Arrecadadas e Não Projetadas pela RFB - Primárias   - Principal;Lançamento de Receita;13.882,12;500;Recursos não vinculados de Impostos;"Não ";Não Aplicável
Cabedelo;601040;Fundo Municipal de Saúde de Cabedelo;032025;2025;19999921;Outras Receitas Não Arrecadadas e Não Projetadas pela RFB - Primárias   - Principal;Lançamento de Receita;370,5;500;Recursos não vinculados de Impostos;"Não ";Não Aplicável
Cabedelo;601040;Fundo Municipal de Saúde de Cabedelo;012025;2025;19999921;Outras Receitas Não Arrecadadas e Não Projetadas pela RFB - Primárias   - Principal;Lançamento de Receita;148,2;500;Recursos não vinculados de Impostos;"Não ";Não Aplicável
Cabedelo;601040;Fundo Municipal de Saúde de Cabedelo;122025;2025;19229901;Outras Restituições - Principal;Lançamento de Receita;389.637,27;500;Recursos não vinculados de Impostos;1002;Identificação das despesas com ações e serviços públicos de saúde
Cabedelo;601040;Fundo Municipal de Saúde de Cabedelo;112025;2025;19229901;Outras Restituições - Principal;Lançamento de Receita;0;500;Recursos não vinculados de Impostos;1002;Identificação das despesas com ações e serviços públicos de saúde
Cabedelo;601040;Fundo Municipal de Saúde de Cabedelo;102025;2025;19229901;Outras Restituições - Principal;Lançamento de Receita;0;500;Recursos não vinculados de Impostos;1002;Identificação das despesas com ações e serviços públicos de saúde
Cabedelo;601040;Fundo Municipal de Saúde de Cabedelo;082025;2025;19229901;Outras Restituições - Principal;Lançamento de Receita;2.641,08;500;Recursos não vinculados de Impostos;1002;Identificação das despesas com ações e serviços públicos de saúde
Cabedelo;601040;Fundo Municipal de Saúde de Cabedelo;072025;2025;19229901;Outras Restituições - Principal;Lançamento de Receita;-16.685,18;500;Recursos não vinculados de Impostos;1002;Identificação das despesas com ações e serviços públicos de saúde
Cabedelo;601040;Fundo Municipal de Saúde de Cabedelo;062025;2025;19229901;Outras Restituições - Principal;Lançamento de Receita;16.685,18;500;Recursos não vinculados de Impostos;1002;Identificação das despesas com ações e serviços públicos de saúde
Cabedelo;601040;Fundo Municipal de Saúde de Cabedelo;022025;2025;19229901;Outras Restituições - Principal;Lançamento de Receita;700;500;Recursos não vinculados de Impostos;1002;Identificação das despesas com ações e serviços públicos de saúde
Cabedelo;601040;Fundo Municipal de Saúde de Cabedelo;112025;2025;17235001;Transferências de Recursos do Sistema Único de Saúde – SUS - Principal;Lançamento de Receita;16.685,18;621;"Transferências Fundo a Fundo de Recursos do SUS provenientes do Governo Estadual ";"Não ";Não Aplicável
Cabedelo;601040;Fundo Municipal de Saúde de Cabedelo;102025;2025;17235001;Transferências de Recursos do Sistema Único de Saúde – SUS - Principal;Lançamento de Receita;33.370,36;621;"Transferências Fundo a Fundo de Recursos do SUS provenientes do Governo Estadual ";"Não ";Não Aplicável
Cabedelo;601040;Fundo Municipal de Saúde de Cabedelo;082025;2025;17235001;Transferências de Recursos do Sistema Único de Saúde – SUS - Principal;Lançamento de Receita;16.685,18;621;"Transferências Fundo a Fundo de Recursos do SUS provenientes do Governo Estadual ";"Não ";Não Aplicável
Cabedelo;601040;Fundo Municipal de Saúde de Cabedelo;072025;2025;17235001;Transferências de Recursos do Sistema Único de Saúde – SUS - Principal;Lançamento de Receita;33.370,36;621;"Transferências Fundo a Fundo de Recursos do SUS provenientes do Governo Estadual ";"Não ";Não Aplicável
Cabedelo;601040;Fundo Municipal de Saúde de Cabedelo;052025;2025;17235001;Transferências de Recursos do Sistema Único de Saúde – SUS - Principal;Lançamento de Receita;16.685,18;621;"Transferências Fundo a Fundo de Recursos do SUS provenientes do Governo Estadual ";"Não ";Não Aplicável
Cabedelo;601040;Fundo Municipal de Saúde de Cabedelo;042025;2025;17235001;Transferências de Recursos do Sistema Único de Saúde – SUS - Principal;Lançamento de Receita;16.685,18;621;"Transferências Fundo a Fundo de Recursos do SUS provenientes do Governo Estadual ";"Não ";Não Aplicável
Cabedelo;601040;Fundo Municipal de Saúde de Cabedelo;032025;2025;17235001;Transferências de Recursos do Sistema Único de Saúde – SUS - Principal;Lançamento de Receita;16.685,18;621;"Transferências Fundo a Fundo de Recursos do SUS provenientes do Governo Estadual ";"Não ";Não Aplicável
Cabedelo;601040;Fundo Municipal de Saúde de Cabedelo;022025;2025;17235001;Transferências de Recursos do Sistema Único de Saúde – SUS - Principal;Lançamento de Receita;16.685,18;621;"Transferências Fundo a Fundo de Recursos do SUS provenientes do Governo Estadual ";"Não ";Não Aplicável
Cabedelo;601040;Fundo Municipal de Saúde de Cabedelo;012025;2025;17235001;Transferências de Recursos do Sistema Único de Saúde – SUS - Principal;Lançamento de Receita;16.685,18;621;"Transferências Fundo a Fundo de Recursos do SUS provenientes do Governo Estadual ";"Não ";Não Aplicável
Cabedelo;601040;Fundo Municipal de Saúde de Cabedelo;122025;2025;17135051;Transferências de Recursos do Bloco de Manutenção das Ações e Serviços Públicos de Saúde – Gestão do SUS - Principal;Lançamento de Receita;1.240.571,68;605;Assistência financeira da União destinada à complementação ao pagamento dos pisos salariais para profissionais da enfermagem;"Não ";Não Aplicável
Cabedelo;601040;Fundo Municipal de Saúde de Cabedelo;112025;2025;17135051;Transferências de Recursos do Bloco de Manutenção das Ações e Serviços Públicos de Saúde – Gestão do SUS - Principal;Lançamento de Receita;405.587,47;605;Assistência financeira da União destinada à complementação ao pagamento dos pisos salariais para profissionais da enfermagem;"Não ";Não Aplicável
Cabedelo;601040;Fundo Municipal de Saúde de Cabedelo;102025;2025;17135051;Transferências de Recursos do Bloco de Manutenção das Ações e Serviços Públicos de Saúde – Gestão do SUS - Principal;Lançamento de Receita;419.676,26;605;Assistência financeira da União destinada à complementação ao pagamento dos pisos salariais para profissionais da enfermagem;"Não ";Não Aplicável
Cabedelo;601040;Fundo Municipal de Saúde de Cabedelo;082025;2025;17135051;Transferências de Recursos do Bloco de Manutenção das Ações e Serviços Públicos de Saúde – Gestão do SUS - Principal;Lançamento de Receita;409.881,26;605;Assistência financeira da União destinada à complementação ao pagamento dos pisos salariais para profissionais da enfermagem;"Não ";Não Aplicável
Cabedelo;601040;Fundo Municipal de Saúde de Cabedelo;072025;2025;17135051;Transferências de Recursos do Bloco de Manutenção das Ações e Serviços Públicos de Saúde – Gestão do SUS - Principal;Lançamento de Receita;918.067,73;605;Assistência financeira da União destinada à complementação ao pagamento dos pisos salariais para profissionais da enfermagem;"Não ";Não Aplicável
Cabedelo;601040;Fundo Municipal de Saúde de Cabedelo;062025;2025;17135051;Transferências de Recursos do Bloco de Manutenção das Ações e Serviços Públicos de Saúde – Gestão do SUS - Principal;Lançamento de Receita;424.261,2;605;Assistência financeira da União destinada à complementação ao pagamento dos pisos salariais para profissionais da enfermagem;"Não ";Não Aplicável
Cabedelo;601040;Fundo Municipal de Saúde de Cabedelo;052025;2025;17135051;Transferências de Recursos do Bloco de Manutenção das Ações e Serviços Públicos de Saúde – Gestão do SUS - Principal;Lançamento de Receita;436.061,25;605;Assistência financeira da União destinada à complementação ao pagamento dos pisos salariais para profissionais da enfermagem;"Não ";Não Aplicável
Cabedelo;601040;Fundo Municipal de Saúde de Cabedelo;042025;2025;17135051;Transferências de Recursos do Bloco de Manutenção das Ações e Serviços Públicos de Saúde – Gestão do SUS - Principal;Lançamento de Receita;434.867,14;605;Assistência financeira da União destinada à complementação ao pagamento dos pisos salariais para profissionais da enfermagem;"Não ";Não Aplicável
Cabedelo;601040;Fundo Municipal de Saúde de Cabedelo;032025;2025;17135051;Transferências de Recursos do Bloco de Manutenção das Ações e Serviços Públicos de Saúde – Gestão do SUS - Principal;Lançamento de Receita;401.879,49;605;Assistência financeira da União destinada à complementação ao pagamento dos pisos salariais para profissionais da enfermagem;"Não ";Não Aplicável
Cabedelo;601040;Fundo Municipal de Saúde de Cabedelo;022025;2025;17135051;Transferências de Recursos do Bloco de Manutenção das Ações e Serviços Públicos de Saúde – Gestão do SUS - Principal;Lançamento de Receita;422.027,7;605;Assistência financeira da União destinada à complementação ao pagamento dos pisos salariais para profissionais da enfermagem;"Não ";Não Aplicável
Cabedelo;601040;Fundo Municipal de Saúde de Cabedelo;012025;2025;17135051;Transferências de Recursos do Bloco de Manutenção das Ações e Serviços Públicos de Saúde – Gestão do SUS - Principal;Lançamento de Receita;422.027,7;605;Assistência financeira da União destinada à complementação ao pagamento dos pisos salariais para profissionais da enfermagem;"Não ";Não Aplicável
Cabedelo;601040;Fundo Municipal de Saúde de Cabedelo;122025;2025;17135041;Transferências de Recursos do Bloco de Manutenção das Ações e Serviços Públicos de Saúde – Assistência Farmacêutica - Principal;Lançamento de Receita;46.009;600;Transferências Fundo a Fundo de Recursos do SUS provenientes do Governo Federal - Bloco de Manutenção das Ações e Serviços Públicos de Saúde;"Não ";Não Aplicável
Cabedelo;601040;Fundo Municipal de Saúde de Cabedelo;112025;2025;17135041;Transferências de Recursos do Bloco de Manutenção das Ações e Serviços Públicos de Saúde – Assistência Farmacêutica - Principal;Lançamento de Receita;46.009;600;Transferências Fundo a Fundo de Recursos do SUS provenientes do Governo Federal - Bloco de Manutenção das Ações e Serviços Públicos de Saúde;"Não ";Não Aplicável
Cabedelo;601040;Fundo Municipal de Saúde de Cabedelo;102025;2025;17135041;Transferências de Recursos do Bloco de Manutenção das Ações e Serviços Públicos de Saúde – Assistência Farmacêutica - Principal;Lançamento de Receita;46.009;600;Transferências Fundo a Fundo de Recursos do SUS provenientes do Governo Federal - Bloco de Manutenção das Ações e Serviços Públicos de Saúde;"Não ";Não Aplicável
Cabedelo;601040;Fundo Municipal de Saúde de Cabedelo;092025;2025;17135041;Transferências de Recursos do Bloco de Manutenção das Ações e Serviços Públicos de Saúde – Assistência Farmacêutica - Principal;Lançamento de Receita;46.009;600;Transferências Fundo a Fundo de Recursos do SUS provenientes do Governo Federal - Bloco de Manutenção das Ações e Serviços Públicos de Saúde;"Não ";Não Aplicável
Cabedelo;601040;Fundo Municipal de Saúde de Cabedelo;082025;2025;17135041;Transferências de Recursos do Bloco de Manutenção das Ações e Serviços Públicos de Saúde – Assistência Farmacêutica - Principal;Lançamento de Receita;79.268,62;600;Transferências Fundo a Fundo de Recursos do SUS provenientes do Governo Federal - Bloco de Manutenção das Ações e Serviços Públicos de Saúde;"Não ";Não Aplicável
Cabedelo;601040;Fundo Municipal de Saúde de Cabedelo;072025;2025;17135041;Transferências de Recursos do Bloco de Manutenção das Ações e Serviços Públicos de Saúde – Assistência Farmacêutica - Principal;Lançamento de Receita;46.009;600;Transferências Fundo a Fundo de Recursos do SUS provenientes do Governo Federal - Bloco de Manutenção das Ações e Serviços Públicos de Saúde;"Não ";Não Aplicável
Cabedelo;601040;Fundo Municipal de Saúde de Cabedelo;062025;2025;17135041;Transferências de Recursos do Bloco de Manutenção das Ações e Serviços Públicos de Saúde – Assistência Farmacêutica - Principal;Lançamento de Receita;40.465,73;600;Transferências Fundo a Fundo de Recursos do SUS provenientes do Governo Federal - Bloco de Manutenção das Ações e Serviços Públicos de Saúde;"Não ";Não Aplicável
Cabedelo;601040;Fundo Municipal de Saúde de Cabedelo;052025;2025;17135041;Transferências de Recursos do Bloco de Manutenção das Ações e Serviços Públicos de Saúde – Assistência Farmacêutica - Principal;Lançamento de Receita;40.465,73;600;Transferências Fundo a Fundo de Recursos do SUS provenientes do Governo Federal - Bloco de Manutenção das Ações e Serviços Públicos de Saúde;"Não ";Não Aplicável
Cabedelo;601040;Fundo Municipal de Saúde de Cabedelo;042025;2025;17135041;Transferências de Recursos do Bloco de Manutenção das Ações e Serviços Públicos de Saúde – Assistência Farmacêutica - Principal;Lançamento de Receita;40.465,73;600;Transferências Fundo a Fundo de Recursos do SUS provenientes do Governo Federal - Bloco de Manutenção das Ações e Serviços Públicos de Saúde;"Não ";Não Aplicável
Cabedelo;601040;Fundo Municipal de Saúde de Cabedelo;032025;2025;17135041;Transferências de Recursos do Bloco de Manutenção das Ações e Serviços Públicos de Saúde – Assistência Farmacêutica - Principal;Lançamento de Receita;40.465,73;600;Transferências Fundo a Fundo de Recursos do SUS provenientes do Governo Federal - Bloco de Manutenção das Ações e Serviços Públicos de Saúde;"Não ";Não Aplicável
Cabedelo;601040;Fundo Municipal de Saúde de Cabedelo;022025;2025;17135041;Transferências de Recursos do Bloco de Manutenção das Ações e Serviços Públicos de Saúde – Assistência Farmacêutica - Principal;Lançamento de Receita;40.465,73;600;Transferências Fundo a Fundo de Recursos do SUS provenientes do Governo Federal - Bloco de Manutenção das Ações e Serviços Públicos de Saúde;"Não ";Não Aplicável
Cabedelo;601040;Fundo Municipal de Saúde de Cabedelo;012025;2025;17135041;Transferências de Recursos do Bloco de Manutenção das Ações e Serviços Públicos de Saúde – Assistência Farmacêutica - Principal;Lançamento de Receita;40.465,73;600;Transferências Fundo a Fundo de Recursos do SUS provenientes do Governo Federal - Bloco de Manutenção das Ações e Serviços Públicos de Saúde;"Não ";Não Aplicável
Cabedelo;601040;Fundo Municipal de Saúde de Cabedelo;122025;2025;17135031;Transferências de Recursos do Bloco de Manutenção das Ações e Serviços Públicos de Saúde – Vigilância em Saúde - Principal;Lançamento de Receita;250.537,2;600;Transferências Fundo a Fundo de Recursos do SUS provenientes do Governo Federal - Bloco de Manutenção das Ações e Serviços Públicos de Saúde;"Não ";Não Aplicável
Cabedelo;601040;Fundo Municipal de Saúde de Cabedelo;112025;2025;17135031;Transferências de Recursos do Bloco de Manutenção das Ações e Serviços Públicos de Saúde – Vigilância em Saúde - Principal;Lançamento de Receita;109.443,06;600;Transferências Fundo a Fundo de Recursos do SUS provenientes do Governo Federal - Bloco de Manutenção das Ações e Serviços Públicos de Saúde;"Não ";Não Aplicável
Cabedelo;601040;Fundo Municipal de Saúde de Cabedelo;102025;2025;17135031;Transferências de Recursos do Bloco de Manutenção das Ações e Serviços Públicos de Saúde – Vigilância em Saúde - Principal;Lançamento de Receita;105.939,06;600;Transferências Fundo a Fundo de Recursos do SUS provenientes do Governo Federal - Bloco de Manutenção das Ações e Serviços Públicos de Saúde;"Não ";Não Aplicável
Cabedelo;601040;Fundo Municipal de Saúde de Cabedelo;092025;2025;17135031;Transferências de Recursos do Bloco de Manutenção das Ações e Serviços Públicos de Saúde – Vigilância em Saúde - Principal;Lançamento de Receita;109.443,06;600;Transferências Fundo a Fundo de Recursos do SUS provenientes do Governo Federal - Bloco de Manutenção das Ações e Serviços Públicos de Saúde;"Não ";Não Aplicável
Cabedelo;601040;Fundo Municipal de Saúde de Cabedelo;082025;2025;17135031;Transferências de Recursos do Bloco de Manutenção das Ações e Serviços Públicos de Saúde – Vigilância em Saúde - Principal;Lançamento de Receita;112.947,06;600;Transferências Fundo a Fundo de Recursos do SUS provenientes do Governo Federal - Bloco de Manutenção das Ações e Serviços Públicos de Saúde;"Não ";Não Aplicável
Cabedelo;601040;Fundo Municipal de Saúde de Cabedelo;072025;2025;17135031;Transferências de Recursos do Bloco de Manutenção das Ações e Serviços Públicos de Saúde – Vigilância em Saúde - Principal;Lançamento de Receita;128.387,36;600;Transferências Fundo a Fundo de Recursos do SUS provenientes do Governo Federal - Bloco de Manutenção das Ações e Serviços Públicos de Saúde;"Não ";Não Aplicável
Cabedelo;601040;Fundo Municipal de Saúde de Cabedelo;062025;2025;17135031;Transferências de Recursos do Bloco de Manutenção das Ações e Serviços Públicos de Saúde – Vigilância em Saúde - Principal;Lançamento de Receita;104.514,76;600;Transferências Fundo a Fundo de Recursos do SUS provenientes do Governo Federal - Bloco de Manutenção das Ações e Serviços Públicos de Saúde;"Não ";Não Aplicável
Cabedelo;601040;Fundo Municipal de Saúde de Cabedelo;052025;2025;17135031;Transferências de Recursos do Bloco de Manutenção das Ações e Serviços Públicos de Saúde – Vigilância em Saúde - Principal;Lançamento de Receita;105.939,06;600;Transferências Fundo a Fundo de Recursos do SUS provenientes do Governo Federal - Bloco de Manutenção das Ações e Serviços Públicos de Saúde;"Não ";Não Aplicável
Cabedelo;601040;Fundo Municipal de Saúde de Cabedelo;042025;2025;17135031;Transferências de Recursos do Bloco de Manutenção das Ações e Serviços Públicos de Saúde – Vigilância em Saúde - Principal;Lançamento de Receita;137.920,24;600;Transferências Fundo a Fundo de Recursos do SUS provenientes do Governo Federal - Bloco de Manutenção das Ações e Serviços Públicos de Saúde;"Não ";Não Aplicável
Cabedelo;601040;Fundo Municipal de Saúde de Cabedelo;032025;2025;17135031;Transferências de Recursos do Bloco de Manutenção das Ações e Serviços Públicos de Saúde – Vigilância em Saúde - Principal;Lançamento de Receita;105.939,06;600;Transferências Fundo a Fundo de Recursos do SUS provenientes do Governo Federal - Bloco de Manutenção das Ações e Serviços Públicos de Saúde;"Não ";Não Aplicável
Cabedelo;601040;Fundo Municipal de Saúde de Cabedelo;022025;2025;17135031;Transferências de Recursos do Bloco de Manutenção das Ações e Serviços Públicos de Saúde – Vigilância em Saúde - Principal;Lançamento de Receita;105.939,06;600;Transferências Fundo a Fundo de Recursos do SUS provenientes do Governo Federal - Bloco de Manutenção das Ações e Serviços Públicos de Saúde;"Não ";Não Aplicável
Cabedelo;601040;Fundo Municipal de Saúde de Cabedelo;012025;2025;17135031;Transferências de Recursos do Bloco de Manutenção das Ações e Serviços Públicos de Saúde – Vigilância em Saúde - Principal;Lançamento de Receita;102.282,3;600;Transferências Fundo a Fundo de Recursos do SUS provenientes do Governo Federal - Bloco de Manutenção das Ações e Serviços Públicos de Saúde;"Não ";Não Aplicável
Cabedelo;601040;Fundo Municipal de Saúde de Cabedelo;122025;2025;17135021;Transferências de Recursos do Bloco de Manutenção das Ações e Serviços Públicos de Saúde – Atenção Especializada - Principal;Lançamento de Receita;484.643,3;600;Transferências Fundo a Fundo de Recursos do SUS provenientes do Governo Federal - Bloco de Manutenção das Ações e Serviços Públicos de Saúde;"Não ";Não Aplicável
Cabedelo;601040;Fundo Municipal de Saúde de Cabedelo;112025;2025;17135021;Transferências de Recursos do Bloco de Manutenção das Ações e Serviços Públicos de Saúde – Atenção Especializada - Principal;Lançamento de Receita;489.681,96;600;Transferências Fundo a Fundo de Recursos do SUS provenientes do Governo Federal - Bloco de Manutenção das Ações e Serviços Públicos de Saúde;"Não ";Não Aplicável
Cabedelo;601040;Fundo Municipal de Saúde de Cabedelo;102025;2025;17135021;Transferências de Recursos do Bloco de Manutenção das Ações e Serviços Públicos de Saúde – Atenção Especializada - Principal;Lançamento de Receita;4.489.681,96;600;Transferências Fundo a Fundo de Recursos do SUS provenientes do Governo Federal - Bloco de Manutenção das Ações e Serviços Públicos de Saúde;"Não ";Não Aplicável
Cabedelo;601040;Fundo Municipal de Saúde de Cabedelo;092025;2025;17135021;Transferências de Recursos do Bloco de Manutenção das Ações e Serviços Públicos de Saúde – Atenção Especializada - Principal;Lançamento de Receita;489.681,96;600;Transferências Fundo a Fundo de Recursos do SUS provenientes do Governo Federal - Bloco de Manutenção das Ações e Serviços Públicos de Saúde;"Não ";Não Aplicável
Cabedelo;601040;Fundo Municipal de Saúde de Cabedelo;082025;2025;17135021;Transferências de Recursos do Bloco de Manutenção das Ações e Serviços Públicos de Saúde – Atenção Especializada - Principal;Lançamento de Receita;489.681,96;600;Transferências Fundo a Fundo de Recursos do SUS provenientes do Governo Federal - Bloco de Manutenção das Ações e Serviços Públicos de Saúde;"Não ";Não Aplicável
Cabedelo;601040;Fundo Municipal de Saúde de Cabedelo;072025;2025;17135021;Transferências de Recursos do Bloco de Manutenção das Ações e Serviços Públicos de Saúde – Atenção Especializada - Principal;Lançamento de Receita;2.489.681,96;600;Transferências Fundo a Fundo de Recursos do SUS provenientes do Governo Federal - Bloco de Manutenção das Ações e Serviços Públicos de Saúde;"Não ";Não Aplicável
Cabedelo;601040;Fundo Municipal de Saúde de Cabedelo;062025;2025;17135021;Transferências de Recursos do Bloco de Manutenção das Ações e Serviços Públicos de Saúde – Atenção Especializada - Principal;Lançamento de Receita;1.489.681,96;600;Transferências Fundo a Fundo de Recursos do SUS provenientes do Governo Federal - Bloco de Manutenção das Ações e Serviços Públicos de Saúde;"Não ";Não Aplicável
Cabedelo;601040;Fundo Municipal de Saúde de Cabedelo;052025;2025;17135021;Transferências de Recursos do Bloco de Manutenção das Ações e Serviços Públicos de Saúde – Atenção Especializada - Principal;Lançamento de Receita;489.681,96;600;Transferências Fundo a Fundo de Recursos do SUS provenientes do Governo Federal - Bloco de Manutenção das Ações e Serviços Públicos de Saúde;"Não ";Não Aplicável
Cabedelo;601040;Fundo Municipal de Saúde de Cabedelo;042025;2025;17135021;Transferências de Recursos do Bloco de Manutenção das Ações e Serviços Públicos de Saúde – Atenção Especializada - Principal;Lançamento de Receita;489.681,96;600;Transferências Fundo a Fundo de Recursos do SUS provenientes do Governo Federal - Bloco de Manutenção das Ações e Serviços Públicos de Saúde;"Não ";Não Aplicável
Cabedelo;601040;Fundo Municipal de Saúde de Cabedelo;032025;2025;17135021;Transferências de Recursos do Bloco de Manutenção das Ações e Serviços Públicos de Saúde – Atenção Especializada - Principal;Lançamento de Receita;489.681,96;600;Transferências Fundo a Fundo de Recursos do SUS provenientes do Governo Federal - Bloco de Manutenção das Ações e Serviços Públicos de Saúde;"Não ";Não Aplicável
Cabedelo;601040;Fundo Municipal de Saúde de Cabedelo;022025;2025;17135021;Transferências de Recursos do Bloco de Manutenção das Ações e Serviços Públicos de Saúde – Atenção Especializada - Principal;Lançamento de Receita;489.681,96;600;Transferências Fundo a Fundo de Recursos do SUS provenientes do Governo Federal - Bloco de Manutenção das Ações e Serviços Públicos de Saúde;"Não ";Não Aplicável
Cabedelo;601040;Fundo Municipal de Saúde de Cabedelo;012025;2025;17135021;Transferências de Recursos do Bloco de Manutenção das Ações e Serviços Públicos de Saúde – Atenção Especializada - Principal;Lançamento de Receita;536.782,2;600;Transferências Fundo a Fundo de Recursos do SUS provenientes do Governo Federal - Bloco de Manutenção das Ações e Serviços Públicos de Saúde;"Não ";Não Aplicável
Cabedelo;601040;Fundo Municipal de Saúde de Cabedelo;122025;2025;17135011;Transferências de Recursos do Bloco de Manutenção das Ações e Serviços Públicos de Saúde – Atenção Primária - Principal;Lançamento de Receita;1.620.859,42;600;Transferências Fundo a Fundo de Recursos do SUS provenientes do Governo Federal - Bloco de Manutenção das Ações e Serviços Públicos de Saúde;"Não ";Não Aplicável
Cabedelo;601040;Fundo Municipal de Saúde de Cabedelo;112025;2025;17135011;Transferências de Recursos do Bloco de Manutenção das Ações e Serviços Públicos de Saúde – Atenção Primária - Principal;Lançamento de Receita;1.218.403,08;600;Transferências Fundo a Fundo de Recursos do SUS provenientes do Governo Federal - Bloco de Manutenção das Ações e Serviços Públicos de Saúde;"Não ";Não Aplicável
Cabedelo;601040;Fundo Municipal de Saúde de Cabedelo;102025;2025;17135011;Transferências de Recursos do Bloco de Manutenção das Ações e Serviços Públicos de Saúde – Atenção Primária - Principal;Lançamento de Receita;1.261.084,57;600;Transferências Fundo a Fundo de Recursos do SUS provenientes do Governo Federal - Bloco de Manutenção das Ações e Serviços Públicos de Saúde;"Não ";Não Aplicável
Cabedelo;601040;Fundo Municipal de Saúde de Cabedelo;092025;2025;17135011;Transferências de Recursos do Bloco de Manutenção das Ações e Serviços Públicos de Saúde – Atenção Primária - Principal;Lançamento de Receita;3.469.521,28;600;Transferências Fundo a Fundo de Recursos do SUS provenientes do Governo Federal - Bloco de Manutenção das Ações e Serviços Públicos de Saúde;"Não ";Não Aplicável
Cabedelo;601040;Fundo Municipal de Saúde de Cabedelo;082025;2025;17135011;Transferências de Recursos do Bloco de Manutenção das Ações e Serviços Públicos de Saúde – Atenção Primária - Principal;Lançamento de Receita;1.235.861,83;600;Transferências Fundo a Fundo de Recursos do SUS provenientes do Governo Federal - Bloco de Manutenção das Ações e Serviços Públicos de Saúde;"Não ";Não Aplicável
Cabedelo;601040;Fundo Municipal de Saúde de Cabedelo;072025;2025;17135011;Transferências de Recursos do Bloco de Manutenção das Ações e Serviços Públicos de Saúde – Atenção Primária - Principal;Lançamento de Receita;1.308.501,56;600;Transferências Fundo a Fundo de Recursos do SUS provenientes do Governo Federal - Bloco de Manutenção das Ações e Serviços Públicos de Saúde;"Não ";Não Aplicável
Cabedelo;601040;Fundo Municipal de Saúde de Cabedelo;062025;2025;17135011;Transferências de Recursos do Bloco de Manutenção das Ações e Serviços Públicos de Saúde – Atenção Primária - Principal;Lançamento de Receita;1.247.563,33;600;Transferências Fundo a Fundo de Recursos do SUS provenientes do Governo Federal - Bloco de Manutenção das Ações e Serviços Públicos de Saúde;"Não ";Não Aplicável
Cabedelo;601040;Fundo Municipal de Saúde de Cabedelo;052025;2025;17135011;Transferências de Recursos do Bloco de Manutenção das Ações e Serviços Públicos de Saúde – Atenção Primária - Principal;Lançamento de Receita;1.286.046,43;600;Transferências Fundo a Fundo de Recursos do SUS provenientes do Governo Federal - Bloco de Manutenção das Ações e Serviços Públicos de Saúde;"Não ";Não Aplicável
Cabedelo;601040;Fundo Municipal de Saúde de Cabedelo;042025;2025;17135011;Transferências de Recursos do Bloco de Manutenção das Ações e Serviços Públicos de Saúde – Atenção Primária - Principal;Lançamento de Receita;1.290.675,38;600;Transferências Fundo a Fundo de Recursos do SUS provenientes do Governo Federal - Bloco de Manutenção das Ações e Serviços Públicos de Saúde;"Não ";Não Aplicável
Cabedelo;601040;Fundo Municipal de Saúde de Cabedelo;032025;2025;17135011;Transferências de Recursos do Bloco de Manutenção das Ações e Serviços Públicos de Saúde – Atenção Primária - Principal;Lançamento de Receita;1.176.192,28;600;Transferências Fundo a Fundo de Recursos do SUS provenientes do Governo Federal - Bloco de Manutenção das Ações e Serviços Públicos de Saúde;"Não ";Não Aplicável
Cabedelo;601040;Fundo Municipal de Saúde de Cabedelo;022025;2025;17135011;Transferências de Recursos do Bloco de Manutenção das Ações e Serviços Públicos de Saúde – Atenção Primária - Principal;Lançamento de Receita;1.272.369,56;600;Transferências Fundo a Fundo de Recursos do SUS provenientes do Governo Federal - Bloco de Manutenção das Ações e Serviços Públicos de Saúde;"Não ";Não Aplicável
Cabedelo;601040;Fundo Municipal de Saúde de Cabedelo;012025;2025;17135011;Transferências de Recursos do Bloco de Manutenção das Ações e Serviços Públicos de Saúde – Atenção Primária - Principal;Lançamento de Receita;1.323.261,52;600;Transferências Fundo a Fundo de Recursos do SUS provenientes do Governo Federal - Bloco de Manutenção das Ações e Serviços Públicos de Saúde;"Não ";Não Aplicável
Cabedelo;601040;Fundo Municipal de Saúde de Cabedelo;122025;2025;13210101;Remuneração de Depósitos Bancários - Principal;Lançamento de Receita;153.508,07;500;Recursos não vinculados de Impostos;"Não ";Não Aplicável
Cabedelo;601040;Fundo Municipal de Saúde de Cabedelo;112025;2025;13210101;Remuneração de Depósitos Bancários - Principal;Lançamento de Receita;122.546,78;500;Recursos não vinculados de Impostos;"Não ";Não Aplicável
Cabedelo;601040;Fundo Municipal de Saúde de Cabedelo;102025;2025;13210101;Remuneração de Depósitos Bancários - Principal;Lançamento de Receita;121.629,38;500;Recursos não vinculados de Impostos;"Não ";Não Aplicável
Cabedelo;601040;Fundo Municipal de Saúde de Cabedelo;092025;2025;13210101;Remuneração de Depósitos Bancários - Principal;Lançamento de Receita;99.415,71;500;Recursos não vinculados de Impostos;"Não ";Não Aplicável
Cabedelo;601040;Fundo Municipal de Saúde de Cabedelo;082025;2025;13210101;Remuneração de Depósitos Bancários - Principal;Lançamento de Receita;91.908,84;500;Recursos não vinculados de Impostos;"Não ";Não Aplicável
Cabedelo;601040;Fundo Municipal de Saúde de Cabedelo;072025;2025;13210101;Remuneração de Depósitos Bancários - Principal;Lançamento de Receita;93.086,36;500;Recursos não vinculados de Impostos;"Não ";Não Aplicável
Cabedelo;601040;Fundo Municipal de Saúde de Cabedelo;062025;2025;13210101;Remuneração de Depósitos Bancários - Principal;Lançamento de Receita;63.993,38;500;Recursos não vinculados de Impostos;"Não ";Não Aplicável
Cabedelo;601040;Fundo Municipal de Saúde de Cabedelo;052025;2025;13210101;Remuneração de Depósitos Bancários - Principal;Lançamento de Receita;73.903,17;500;Recursos não vinculados de Impostos;"Não ";Não Aplicável
Cabedelo;601040;Fundo Municipal de Saúde de Cabedelo;042025;2025;13210101;Remuneração de Depósitos Bancários - Principal;Lançamento de Receita;67.607,54;500;Recursos não vinculados de Impostos;"Não ";Não Aplicável
Cabedelo;601040;Fundo Municipal de Saúde de Cabedelo;032025;2025;13210101;Remuneração de Depósitos Bancários - Principal;Lançamento de Receita;68.612,3;500;Recursos não vinculados de Impostos;"Não ";Não Aplicável
Cabedelo;601040;Fundo Municipal de Saúde de Cabedelo;022025;2025;13210101;Remuneração de Depósitos Bancários - Principal;Lançamento de Receita;65.475,94;500;Recursos não vinculados de Impostos;"Não ";Não Aplicável
Cabedelo;601040;Fundo Municipal de Saúde de Cabedelo;012025;2025;13210101;Remuneração de Depósitos Bancários - Principal;Lançamento de Receita;66.507,96;500;Recursos não vinculados de Impostos;"Não ";Não Aplicável
Cabedelo;602040;Fundo de Gestão Desev. e Modernização Geral do Municipio de Cabedelo;122025;2025;19999912;Outras Receitas Administradas pela RFB - Multas e Juros de Mora;Lançamento de Receita;98.239;500;Recursos não vinculados de Impostos;"Não ";Não Aplicável
Cabedelo;602040;Fundo de Gestão Desev. e Modernização Geral do Municipio de Cabedelo;112025;2025;19999912;Outras Receitas Administradas pela RFB - Multas e Juros de Mora;Lançamento de Receita;132.309,69;500;Recursos não vinculados de Impostos;"Não ";Não Aplicável
Cabedelo;602040;Fundo de Gestão Desev. e Modernização Geral do Municipio de Cabedelo;102025;2025;19999912;Outras Receitas Administradas pela RFB - Multas e Juros de Mora;Lançamento de Receita;106.076,6;500;Recursos não vinculados de Impostos;"Não ";Não Aplicável
Cabedelo;602040;Fundo de Gestão Desev. e Modernização Geral do Municipio de Cabedelo;092025;2025;19999912;Outras Receitas Administradas pela RFB - Multas e Juros de Mora;Lançamento de Receita;255.066,26;500;Recursos não vinculados de Impostos;"Não ";Não Aplicável
Cabedelo;602040;Fundo de Gestão Desev. e Modernização Geral do Municipio de Cabedelo;082025;2025;19999912;Outras Receitas Administradas pela RFB - Multas e Juros de Mora;Lançamento de Receita;173.066,17;500;Recursos não vinculados de Impostos;"Não ";Não Aplicável
Cabedelo;602040;Fundo de Gestão Desev. e Modernização Geral do Municipio de Cabedelo;072025;2025;19999912;Outras Receitas Administradas pela RFB - Multas e Juros de Mora;Lançamento de Receita;89.851,47;500;Recursos não vinculados de Impostos;"Não ";Não Aplicável
Cabedelo;602040;Fundo de Gestão Desev. e Modernização Geral do Municipio de Cabedelo;062025;2025;19999912;Outras Receitas Administradas pela RFB - Multas e Juros de Mora;Lançamento de Receita;113.258,29;500;Recursos não vinculados de Impostos;"Não ";Não Aplicável
Cabedelo;602040;Fundo de Gestão Desev. e Modernização Geral do Municipio de Cabedelo;052025;2025;19999912;Outras Receitas Administradas pela RFB - Multas e Juros de Mora;Lançamento de Receita;20.982,31;500;Recursos não vinculados de Impostos;"Não ";Não Aplicável
Cabedelo;602040;Fundo de Gestão Desev. e Modernização Geral do Municipio de Cabedelo;042025;2025;19999912;Outras Receitas Administradas pela RFB - Multas e Juros de Mora;Lançamento de Receita;103.653,05;500;Recursos não vinculados de Impostos;"Não ";Não Aplicável
Cabedelo;602040;Fundo de Gestão Desev. e Modernização Geral do Municipio de Cabedelo;032025;2025;19999912;Outras Receitas Administradas pela RFB - Multas e Juros de Mora;Lançamento de Receita;78.813,73;500;Recursos não vinculados de Impostos;"Não ";Não Aplicável
Cabedelo;602040;Fundo de Gestão Desev. e Modernização Geral do Municipio de Cabedelo;022025;2025;19999912;Outras Receitas Administradas pela RFB - Multas e Juros de Mora;Lançamento de Receita;65.421,13;500;Recursos não vinculados de Impostos;"Não ";Não Aplicável
Cabedelo;602040;Fundo de Gestão Desev. e Modernização Geral do Municipio de Cabedelo;012025;2025;19999912;Outras Receitas Administradas pela RFB - Multas e Juros de Mora;Lançamento de Receita;55.711,95;500;Recursos não vinculados de Impostos;"Não ";Não Aplicável
Cabedelo;602040;Fundo de Gestão Desev. e Modernização Geral do Municipio de Cabedelo;122025;2025;13210101;Remuneração de Depósitos Bancários - Principal;Lançamento de Receita;6.797,89;500;Recursos não vinculados de Impostos;"Não ";Não Aplicável
Cabedelo;602040;Fundo de Gestão Desev. e Modernização Geral do Municipio de Cabedelo;112025;2025;13210101;Remuneração de Depósitos Bancários - Principal;Lançamento de Receita;6.147,05;500;Recursos não vinculados de Impostos;"Não ";Não Aplicável
Cabedelo;602040;Fundo de Gestão Desev. e Modernização Geral do Municipio de Cabedelo;102025;2025;13210101;Remuneração de Depósitos Bancários - Principal;Lançamento de Receita;8.376,36;500;Recursos não vinculados de Impostos;"Não ";Não Aplicável
Cabedelo;602040;Fundo de Gestão Desev. e Modernização Geral do Municipio de Cabedelo;092025;2025;13210101;Remuneração de Depósitos Bancários - Principal;Lançamento de Receita;7.233,58;500;Recursos não vinculados de Impostos;"Não ";Não Aplicável
Cabedelo;602040;Fundo de Gestão Desev. e Modernização Geral do Municipio de Cabedelo;082025;2025;13210101;Remuneração de Depósitos Bancários - Principal;Lançamento de Receita;6.361,45;500;Recursos não vinculados de Impostos;"Não ";Não Aplicável
Cabedelo;602040;Fundo de Gestão Desev. e Modernização Geral do Municipio de Cabedelo;072025;2025;13210101;Remuneração de Depósitos Bancários - Principal;Lançamento de Receita;6.701,73;500;Recursos não vinculados de Impostos;"Não ";Não Aplicável
Cabedelo;602040;Fundo de Gestão Desev. e Modernização Geral do Municipio de Cabedelo;062025;2025;13210101;Remuneração de Depósitos Bancários - Principal;Lançamento de Receita;5.500,72;500;Recursos não vinculados de Impostos;"Não ";Não Aplicável
Cabedelo;602040;Fundo de Gestão Desev. e Modernização Geral do Municipio de Cabedelo;052025;2025;13210101;Remuneração de Depósitos Bancários - Principal;Lançamento de Receita;5.476,37;500;Recursos não vinculados de Impostos;"Não ";Não Aplicável
Cabedelo;602040;Fundo de Gestão Desev. e Modernização Geral do Municipio de Cabedelo;042025;2025;13210101;Remuneração de Depósitos Bancários - Principal;Lançamento de Receita;4.773,01;500;Recursos não vinculados de Impostos;"Não ";Não Aplicável
Cabedelo;602040;Fundo de Gestão Desev. e Modernização Geral do Municipio de Cabedelo;032025;2025;13210101;Remuneração de Depósitos Bancários - Principal;Lançamento de Receita;4.956,8;500;Recursos não vinculados de Impostos;"Não ";Não Aplicável
Cabedelo;602040;Fundo de Gestão Desev. e Modernização Geral do Municipio de Cabedelo;022025;2025;13210101;Remuneração de Depósitos Bancários - Principal;Lançamento de Receita;4.945,85;500;Recursos não vinculados de Impostos;"Não ";Não Aplicável
Cabedelo;602040;Fundo de Gestão Desev. e Modernização Geral do Municipio de Cabedelo;012025;2025;13210101;Remuneração de Depósitos Bancários - Principal;Lançamento de Receita;3.861,6;500;Recursos não vinculados de Impostos;"Não ";Não Aplicável
Cabedelo;603040;Fundo Municipal de Apoio aos Pequenos Negócios de Cabedelo - Fmapn;042025;2025;19999931;Outras Receitas Não Arrecadadas e Não Projetadas pela RFB - Financeiras - Principal;Lançamento de Receita;59.754,2;500;Recursos não vinculados de Impostos;"Não ";Não Aplicável
Cabedelo;603040;Fundo Municipal de Apoio aos Pequenos Negócios de Cabedelo - Fmapn;122025;2025;19999912;Outras Receitas Administradas pela RFB - Multas e Juros de Mora;Lançamento de Receita;56.111,55;500;Recursos não vinculados de Impostos;"Não ";Não Aplicável
Cabedelo;603040;Fundo Municipal de Apoio aos Pequenos Negócios de Cabedelo - Fmapn;112025;2025;19999912;Outras Receitas Administradas pela RFB - Multas e Juros de Mora;Lançamento de Receita;45.833,69;500;Recursos não vinculados de Impostos;"Não ";Não Aplicável
Cabedelo;603040;Fundo Municipal de Apoio aos Pequenos Negócios de Cabedelo - Fmapn;102025;2025;19999912;Outras Receitas Administradas pela RFB - Multas e Juros de Mora;Lançamento de Receita;61.837,25;500;Recursos não vinculados de Impostos;"Não ";Não Aplicável
Cabedelo;603040;Fundo Municipal de Apoio aos Pequenos Negócios de Cabedelo - Fmapn;092025;2025;19999912;Outras Receitas Administradas pela RFB - Multas e Juros de Mora;Lançamento de Receita;64.988,49;500;Recursos não vinculados de Impostos;"Não ";Não Aplicável
Cabedelo;603040;Fundo Municipal de Apoio aos Pequenos Negócios de Cabedelo - Fmapn;082025;2025;19999912;Outras Receitas Administradas pela RFB - Multas e Juros de Mora;Lançamento de Receita;58.183,24;500;Recursos não vinculados de Impostos;"Não ";Não Aplicável
Cabedelo;603040;Fundo Municipal de Apoio aos Pequenos Negócios de Cabedelo - Fmapn;072025;2025;19999912;Outras Receitas Administradas pela RFB - Multas e Juros de Mora;Lançamento de Receita;59.581,06;500;Recursos não vinculados de Impostos;"Não ";Não Aplicável
Cabedelo;603040;Fundo Municipal de Apoio aos Pequenos Negócios de Cabedelo - Fmapn;062025;2025;19999912;Outras Receitas Administradas pela RFB - Multas e Juros de Mora;Lançamento de Receita;66.349,14;500;Recursos não vinculados de Impostos;"Não ";Não Aplicável
Cabedelo;603040;Fundo Municipal de Apoio aos Pequenos Negócios de Cabedelo - Fmapn;052025;2025;19999912;Outras Receitas Administradas pela RFB - Multas e Juros de Mora;Lançamento de Receita;59.935,3;500;Recursos não vinculados de Impostos;"Não ";Não Aplicável
Cabedelo;603040;Fundo Municipal de Apoio aos Pequenos Negócios de Cabedelo - Fmapn;042025;2025;19999912;Outras Receitas Administradas pela RFB - Multas e Juros de Mora;Lançamento de Receita;65.425,63;500;Recursos não vinculados de Impostos;"Não ";Não Aplicável
Cabedelo;603040;Fundo Municipal de Apoio aos Pequenos Negócios de Cabedelo - Fmapn;032025;2025;19999912;Outras Receitas Administradas pela RFB - Multas e Juros de Mora;Lançamento de Receita;83.911,04;500;Recursos não vinculados de Impostos;"Não ";Não Aplicável
Cabedelo;603040;Fundo Municipal de Apoio aos Pequenos Negócios de Cabedelo - Fmapn;022025;2025;19999912;Outras Receitas Administradas pela RFB - Multas e Juros de Mora;Lançamento de Receita;58.659,57;500;Recursos não vinculados de Impostos;"Não ";Não Aplicável
Cabedelo;603040;Fundo Municipal de Apoio aos Pequenos Negócios de Cabedelo - Fmapn;012025;2025;19999912;Outras Receitas Administradas pela RFB - Multas e Juros de Mora;Lançamento de Receita;63.190,03;500;Recursos não vinculados de Impostos;"Não ";Não Aplicável
Cabedelo;603040;Fundo Municipal de Apoio aos Pequenos Negócios de Cabedelo - Fmapn;122025;2025;19999911;Outras Receitas Administradas pela RFB - Principal;Lançamento de Receita;480;500;Recursos não vinculados de Impostos;"Não ";Não Aplicável
Cabedelo;603040;Fundo Municipal de Apoio aos Pequenos Negócios de Cabedelo - Fmapn;112025;2025;19999911;Outras Receitas Administradas pela RFB - Principal;Lançamento de Receita;1.458;500;Recursos não vinculados de Impostos;"Não ";Não Aplicável
Cabedelo;603040;Fundo Municipal de Apoio aos Pequenos Negócios de Cabedelo - Fmapn;092025;2025;19999911;Outras Receitas Administradas pela RFB - Principal;Lançamento de Receita;1.011,78;500;Recursos não vinculados de Impostos;"Não ";Não Aplicável
Cabedelo;603040;Fundo Municipal de Apoio aos Pequenos Negócios de Cabedelo - Fmapn;082025;2025;19999911;Outras Receitas Administradas pela RFB - Principal;Lançamento de Receita;138;500;Recursos não vinculados de Impostos;"Não ";Não Aplicável
Cabedelo;603040;Fundo Municipal de Apoio aos Pequenos Negócios de Cabedelo - Fmapn;062025;2025;19999911;Outras Receitas Administradas pela RFB - Principal;Lançamento de Receita;920;500;Recursos não vinculados de Impostos;"Não ";Não Aplicável
Cabedelo;603040;Fundo Municipal de Apoio aos Pequenos Negócios de Cabedelo - Fmapn;062025;2025;19999911;Outras Receitas Administradas pela RFB - Principal;Dedução do Fundeb;-2.041,08;500;Recursos não vinculados de Impostos;"Não ";Não Aplicável
Cabedelo;603040;Fundo Municipal de Apoio aos Pequenos Negócios de Cabedelo - Fmapn;052025;2025;19999911;Outras Receitas Administradas pela RFB - Principal;Lançamento de Receita;1.212,4;500;Recursos não vinculados de Impostos;"Não ";Não Aplicável
Cabedelo;603040;Fundo Municipal de Apoio aos Pequenos Negócios de Cabedelo - Fmapn;042025;2025;19999911;Outras Receitas Administradas pela RFB - Principal;Lançamento de Receita;2.589,2;500;Recursos não vinculados de Impostos;"Não ";Não Aplicável
Cabedelo;603040;Fundo Municipal de Apoio aos Pequenos Negócios de Cabedelo - Fmapn;032025;2025;19999911;Outras Receitas Administradas pela RFB - Principal;Lançamento de Receita;654;500;Recursos não vinculados de Impostos;"Não ";Não Aplicável
Cabedelo;603040;Fundo Municipal de Apoio aos Pequenos Negócios de Cabedelo - Fmapn;122025;2025;19219901;Outras Indenizações - Principal;Lançamento de Receita;73,51;500;Recursos não vinculados de Impostos;"Não ";Não Aplicável
Cabedelo;603040;Fundo Municipal de Apoio aos Pequenos Negócios de Cabedelo - Fmapn;122025;2025;13210101;Remuneração de Depósitos Bancários - Principal;Lançamento de Receita;59.032,38;500;Recursos não vinculados de Impostos;"Não ";Não Aplicável
Cabedelo;603040;Fundo Municipal de Apoio aos Pequenos Negócios de Cabedelo - Fmapn;112025;2025;13210101;Remuneração de Depósitos Bancários - Principal;Lançamento de Receita;50.549,91;500;Recursos não vinculados de Impostos;"Não ";Não Aplicável
Cabedelo;603040;Fundo Municipal de Apoio aos Pequenos Negócios de Cabedelo - Fmapn;102025;2025;13210101;Remuneração de Depósitos Bancários - Principal;Lançamento de Receita;61.045,58;500;Recursos não vinculados de Impostos;"Não ";Não Aplicável
Cabedelo;603040;Fundo Municipal de Apoio aos Pequenos Negócios de Cabedelo - Fmapn;092025;2025;13210101;Remuneração de Depósitos Bancários - Principal;Lançamento de Receita;57.444,82;500;Recursos não vinculados de Impostos;"Não ";Não Aplicável
Cabedelo;603040;Fundo Municipal de Apoio aos Pequenos Negócios de Cabedelo - Fmapn;082025;2025;13210101;Remuneração de Depósitos Bancários - Principal;Lançamento de Receita;54.382,3;500;Recursos não vinculados de Impostos;"Não ";Não Aplicável
Cabedelo;603040;Fundo Municipal de Apoio aos Pequenos Negócios de Cabedelo - Fmapn;072025;2025;13210101;Remuneração de Depósitos Bancários - Principal;Lançamento de Receita;59.231,31;500;Recursos não vinculados de Impostos;"Não ";Não Aplicável
Cabedelo;603040;Fundo Municipal de Apoio aos Pequenos Negócios de Cabedelo - Fmapn;062025;2025;13210101;Remuneração de Depósitos Bancários - Principal;Lançamento de Receita;49.766,36;500;Recursos não vinculados de Impostos;"Não ";Não Aplicável
Cabedelo;603040;Fundo Municipal de Apoio aos Pequenos Negócios de Cabedelo - Fmapn;052025;2025;13210101;Remuneração de Depósitos Bancários - Principal;Lançamento de Receita;51.835,53;500;Recursos não vinculados de Impostos;"Não ";Não Aplicável
Cabedelo;603040;Fundo Municipal de Apoio aos Pequenos Negócios de Cabedelo - Fmapn;042025;2025;13210101;Remuneração de Depósitos Bancários - Principal;Lançamento de Receita;46.640,31;500;Recursos não vinculados de Impostos;"Não ";Não Aplicável
Cabedelo;603040;Fundo Municipal de Apoio aos Pequenos Negócios de Cabedelo - Fmapn;032025;2025;13210101;Remuneração de Depósitos Bancários - Principal;Lançamento de Receita;42.779,04;500;Recursos não vinculados de Impostos;"Não ";Não Aplicável
Cabedelo;603040;Fundo Municipal de Apoio aos Pequenos Negócios de Cabedelo - Fmapn;022025;2025;13210101;Remuneração de Depósitos Bancários - Principal;Lançamento de Receita;43.866,03;500;Recursos não vinculados de Impostos;"Não ";Não Aplicável
Cabedelo;603040;Fundo Municipal de Apoio aos Pequenos Negócios de Cabedelo - Fmapn;012025;2025;13210101;Remuneração de Depósitos Bancários - Principal;Lançamento de Receita;47.398,59;500;Recursos não vinculados de Impostos;"Não ";Não Aplicável
