municipio;codigo_unidade_gestora;descricao_unidade_gestora;mes_ano;ano;codigo_receita;descricao_receita;tipo_atualizacao_receita;valor;codigo_fonte_recurso;descricao_fonte_recurso;co;descricao_co
Cabedelo;201040;Prefeitura Municipal de Cabedelo;042026;2026;24145101;Transferências de Convênios da União destinadas a Programas de Educação - Principal;Lançamento de Receita;400.099,77;570;Transferências do Governo Federal referentes a Convênios e outros Repasses vinculados à Educação;"Não ";Não Aplicável
Cabedelo;201040;Prefeitura Municipal de Cabedelo;032026;2026;24145101;Transferências de Convênios da União destinadas a Programas de Educação - Principal;Lançamento de Receita;111.752,27;570;Transferências do Governo Federal referentes a Convênios e outros Repasses vinculados à Educação;"Não ";Não Aplicável
Cabedelo;201040;Prefeitura Municipal de Cabedelo;022026;2026;24145101;Transferências de Convênios da União destinadas a Programas de Educação - Principal;Lançamento de Receita;177.393,62;570;Transferências do Governo Federal referentes a Convênios e outros Repasses vinculados à Educação;"Não ";Não Aplicável
Cabedelo;201040;Prefeitura Municipal de Cabedelo;052026;2026;19999931;Outras Receitas Não Arrecadadas e Não Projetadas pela RFB - Financeiras - Principal;Lançamento de Receita;18.430,59;500;Recursos não vinculados de Impostos;"Não ";Não Aplicável
Cabedelo;201040;Prefeitura Municipal de Cabedelo;042026;2026;19999931;Outras Receitas Não Arrecadadas e Não Projetadas pela RFB - Financeiras - Principal;Lançamento de Receita;198.415,61;500;Recursos não vinculados de Impostos;"Não ";Não Aplicável
Cabedelo;201040;Prefeitura Municipal de Cabedelo;032026;2026;19999931;Outras Receitas Não Arrecadadas e Não Projetadas pela RFB - Financeiras - Principal;Lançamento de Receita;165.390,42;500;Recursos não vinculados de Impostos;"Não ";Não Aplicável
Cabedelo;201040;Prefeitura Municipal de Cabedelo;022026;2026;19999931;Outras Receitas Não Arrecadadas e Não Projetadas pela RFB - Financeiras - Principal;Lançamento de Receita;161.185,8;500;Recursos não vinculados de Impostos;"Não ";Não Aplicável
Cabedelo;201040;Prefeitura Municipal de Cabedelo;012026;2026;19999931;Outras Receitas Não Arrecadadas e Não Projetadas pela RFB - Financeiras - Principal;Lançamento de Receita;169.915,92;500;Recursos não vinculados de Impostos;"Não ";Não Aplicável
Cabedelo;201040;Prefeitura Municipal de Cabedelo;052026;2026;19999921;Outras Receitas Não Arrecadadas e Não Projetadas pela RFB - Primárias   - Principal;Lançamento de Receita;294.291,85;500;Recursos não vinculados de Impostos;"Não ";Não Aplicável
Cabedelo;201040;Prefeitura Municipal de Cabedelo;042026;2026;19999921;Outras Receitas Não Arrecadadas e Não Projetadas pela RFB - Primárias   - Principal;Lançamento de Receita;691.819,95;500;Recursos não vinculados de Impostos;"Não ";Não Aplicável
Cabedelo;201040;Prefeitura Municipal de Cabedelo;032026;2026;19999921;Outras Receitas Não Arrecadadas e Não Projetadas pela RFB - Primárias   - Principal;Lançamento de Receita;527.157,5;500;Recursos não vinculados de Impostos;"Não ";Não Aplicável
Cabedelo;201040;Prefeitura Municipal de Cabedelo;022026;2026;19999921;Outras Receitas Não Arrecadadas e Não Projetadas pela RFB - Primárias   - Principal;Lançamento de Receita;399.156,52;500;Recursos não vinculados de Impostos;"Não ";Não Aplicável
Cabedelo;201040;Prefeitura Municipal de Cabedelo;012026;2026;19999921;Outras Receitas Não Arrecadadas e Não Projetadas pela RFB - Primárias   - Principal;Lançamento de Receita;453.360,18;500;Recursos não vinculados de Impostos;"Não ";Não Aplicável
Cabedelo;201040;Prefeitura Municipal de Cabedelo;052026;2026;19229901;Outras Restituições - Principal;Lançamento de Receita;1.037,67;802;Recursos vinculados ao RPPS - Taxa de Administração;"Não ";Não Aplicável
Cabedelo;201040;Prefeitura Municipal de Cabedelo;052026;2026;19229901;Outras Restituições - Principal;Lançamento de Receita;72.556,06;500;Recursos não vinculados de Impostos;"Não ";Não Aplicável
Cabedelo;201040;Prefeitura Municipal de Cabedelo;042026;2026;19229901;Outras Restituições - Principal;Lançamento de Receita;3.909,82;500;Recursos não vinculados de Impostos;"Não ";Não Aplicável
Cabedelo;201040;Prefeitura Municipal de Cabedelo;042026;2026;19229901;Outras Restituições - Principal;Lançamento de Receita;55,91;802;Recursos vinculados ao RPPS - Taxa de Administração;"Não ";Não Aplicável
Cabedelo;201040;Prefeitura Municipal de Cabedelo;032026;2026;19229901;Outras Restituições - Principal;Lançamento de Receita;141.107,36;500;Recursos não vinculados de Impostos;"Não ";Não Aplicável
Cabedelo;201040;Prefeitura Municipal de Cabedelo;032026;2026;19229901;Outras Restituições - Principal;Lançamento de Receita;2.018,07;802;Recursos vinculados ao RPPS - Taxa de Administração;"Não ";Não Aplicável
Cabedelo;201040;Prefeitura Municipal de Cabedelo;022026;2026;19229901;Outras Restituições - Principal;Lançamento de Receita;808.512,76;500;Recursos não vinculados de Impostos;"Não ";Não Aplicável
Cabedelo;201040;Prefeitura Municipal de Cabedelo;022026;2026;19229901;Outras Restituições - Principal;Lançamento de Receita;11.563,09;802;Recursos vinculados ao RPPS - Taxa de Administração;"Não ";Não Aplicável
Cabedelo;201040;Prefeitura Municipal de Cabedelo;052026;2026;19110101;Multas Previstas em Legislação Específica - Principal;Lançamento de Receita;8.651,03;759;Recursos vinculados a fundos;"Não ";Não Aplicável
Cabedelo;201040;Prefeitura Municipal de Cabedelo;052026;2026;19110101;Multas Previstas em Legislação Específica - Principal;Lançamento de Receita;10.829,27;500;Recursos não vinculados de Impostos;"Não ";Não Aplicável
Cabedelo;201040;Prefeitura Municipal de Cabedelo;042026;2026;19110101;Multas Previstas em Legislação Específica - Principal;Lançamento de Receita;10.247,51;759;Recursos vinculados a fundos;"Não ";Não Aplicável
Cabedelo;201040;Prefeitura Municipal de Cabedelo;042026;2026;19110101;Multas Previstas em Legislação Específica - Principal;Lançamento de Receita;12.542,05;500;Recursos não vinculados de Impostos;"Não ";Não Aplicável
Cabedelo;201040;Prefeitura Municipal de Cabedelo;032026;2026;19110101;Multas Previstas em Legislação Específica - Principal;Lançamento de Receita;126.175,01;500;Recursos não vinculados de Impostos;"Não ";Não Aplicável
Cabedelo;201040;Prefeitura Municipal de Cabedelo;032026;2026;19110101;Multas Previstas em Legislação Específica - Principal;Lançamento de Receita;84.952,53;759;Recursos vinculados a fundos;"Não ";Não Aplicável
Cabedelo;201040;Prefeitura Municipal de Cabedelo;022026;2026;19110101;Multas Previstas em Legislação Específica - Principal;Lançamento de Receita;11.081,89;759;Recursos vinculados a fundos;"Não ";Não Aplicável
Cabedelo;201040;Prefeitura Municipal de Cabedelo;022026;2026;19110101;Multas Previstas em Legislação Específica - Principal;Lançamento de Receita;24.312,94;500;Recursos não vinculados de Impostos;"Não ";Não Aplicável
Cabedelo;201040;Prefeitura Municipal de Cabedelo;012026;2026;19110101;Multas Previstas em Legislação Específica - Principal;Lançamento de Receita;87.636,84;759;Recursos vinculados a fundos;"Não ";Não Aplicável
Cabedelo;201040;Prefeitura Municipal de Cabedelo;012026;2026;19110101;Multas Previstas em Legislação Específica - Principal;Lançamento de Receita;92.731,47;500;Recursos não vinculados de Impostos;"Não ";Não Aplicável
Cabedelo;201040;Prefeitura Municipal de Cabedelo;052026;2026;17515001;Transferências de Recursos do Fundo de Manutenção e Desenvolvimento da Educação Básica e de Valorização dos Profissionais da Educação – FUNDEB - Principal;Lançamento de Receita;62.695,5;540;Transferências do FUNDEB - Impostos e Transferências de Impostos;"Não ";Não Aplicável
Cabedelo;201040;Prefeitura Municipal de Cabedelo;052026;2026;17515001;Transferências de Recursos do Fundo de Manutenção e Desenvolvimento da Educação Básica e de Valorização dos Profissionais da Educação – FUNDEB - Principal;Lançamento de Receita;3.202.695,22;540;Transferências do FUNDEB - Impostos e Transferências de Impostos;1070;Identificação do percentual aplicado no pagamento da remuneração dos profissionais da educação básica em efetivo exercício
Cabedelo;201040;Prefeitura Municipal de Cabedelo;042026;2026;17515001;Transferências de Recursos do Fundo de Manutenção e Desenvolvimento da Educação Básica e de Valorização dos Profissionais da Educação – FUNDEB - Principal;Lançamento de Receita;4.437.331,08;540;Transferências do FUNDEB - Impostos e Transferências de Impostos;1070;Identificação do percentual aplicado no pagamento da remuneração dos profissionais da educação básica em efetivo exercício
Cabedelo;201040;Prefeitura Municipal de Cabedelo;042026;2026;17515001;Transferências de Recursos do Fundo de Manutenção e Desenvolvimento da Educação Básica e de Valorização dos Profissionais da Educação – FUNDEB - Principal;Lançamento de Receita;86.864,55;540;Transferências do FUNDEB - Impostos e Transferências de Impostos;"Não ";Não Aplicável
Cabedelo;201040;Prefeitura Municipal de Cabedelo;032026;2026;17515001;Transferências de Recursos do Fundo de Manutenção e Desenvolvimento da Educação Básica e de Valorização dos Profissionais da Educação – FUNDEB - Principal;Lançamento de Receita;4.165.771,92;540;Transferências do FUNDEB - Impostos e Transferências de Impostos;1070;Identificação do percentual aplicado no pagamento da remuneração dos profissionais da educação básica em efetivo exercício
Cabedelo;201040;Prefeitura Municipal de Cabedelo;032026;2026;17515001;Transferências de Recursos do Fundo de Manutenção e Desenvolvimento da Educação Básica e de Valorização dos Profissionais da Educação – FUNDEB - Principal;Lançamento de Receita;81.548,54;540;Transferências do FUNDEB - Impostos e Transferências de Impostos;"Não ";Não Aplicável
Cabedelo;201040;Prefeitura Municipal de Cabedelo;022026;2026;17515001;Transferências de Recursos do Fundo de Manutenção e Desenvolvimento da Educação Básica e de Valorização dos Profissionais da Educação – FUNDEB - Principal;Lançamento de Receita;102.182,47;540;Transferências do FUNDEB - Impostos e Transferências de Impostos;"Não ";Não Aplicável
Cabedelo;201040;Prefeitura Municipal de Cabedelo;022026;2026;17515001;Transferências de Recursos do Fundo de Manutenção e Desenvolvimento da Educação Básica e de Valorização dos Profissionais da Educação – FUNDEB - Principal;Lançamento de Receita;5.219.820,36;540;Transferências do FUNDEB - Impostos e Transferências de Impostos;1070;Identificação do percentual aplicado no pagamento da remuneração dos profissionais da educação básica em efetivo exercício
Cabedelo;201040;Prefeitura Municipal de Cabedelo;012026;2026;17515001;Transferências de Recursos do Fundo de Manutenção e Desenvolvimento da Educação Básica e de Valorização dos Profissionais da Educação – FUNDEB - Principal;Lançamento de Receita;92.763,35;540;Transferências do FUNDEB - Impostos e Transferências de Impostos;"Não ";Não Aplicável
Cabedelo;201040;Prefeitura Municipal de Cabedelo;012026;2026;17515001;Transferências de Recursos do Fundo de Manutenção e Desenvolvimento da Educação Básica e de Valorização dos Profissionais da Educação – FUNDEB - Principal;Lançamento de Receita;4.738.661,51;540;Transferências do FUNDEB - Impostos e Transferências de Impostos;1070;Identificação do percentual aplicado no pagamento da remuneração dos profissionais da educação básica em efetivo exercício
Cabedelo;201040;Prefeitura Municipal de Cabedelo;022026;2026;17249901;Outras Transferências de Convênios dos Estados e DF e de Suas Entidades - Principal;Lançamento de Receita;150.000;701;Outras Transferências de Convênios ou Repasses dos Estados;"Não ";Não Aplicável
Cabedelo;201040;Prefeitura Municipal de Cabedelo;052026;2026;17215201;Cota-Parte do IPI - Municípios - Principal;Lançamento de Receita;928,7;500;Recursos não vinculados de Impostos;"Não ";Não Aplicável
Cabedelo;201040;Prefeitura Municipal de Cabedelo;052026;2026;17215201;Cota-Parte do IPI - Municípios - Principal;Lançamento de Receita;232,18;500;Recursos não vinculados de Impostos;1002;Identificação das despesas com ações e serviços públicos de saúde
Cabedelo;201040;Prefeitura Municipal de Cabedelo;052026;2026;17215201;Cota-Parte do IPI - Municípios - Principal;Lançamento de Receita;386,96;500;Recursos não vinculados de Impostos;1001;Identificação das despesas com manutenção e desenvolvimento do ensino
Cabedelo;201040;Prefeitura Municipal de Cabedelo;042026;2026;17215201;Cota-Parte do IPI - Municípios - Principal;Lançamento de Receita;531,17;500;Recursos não vinculados de Impostos;1001;Identificação das despesas com manutenção e desenvolvimento do ensino
Cabedelo;201040;Prefeitura Municipal de Cabedelo;042026;2026;17215201;Cota-Parte do IPI - Municípios - Principal;Lançamento de Receita;318,71;500;Recursos não vinculados de Impostos;1002;Identificação das despesas com ações e serviços públicos de saúde
Cabedelo;201040;Prefeitura Municipal de Cabedelo;042026;2026;17215201;Cota-Parte do IPI - Municípios - Principal;Lançamento de Receita;1.274,83;500;Recursos não vinculados de Impostos;"Não ";Não Aplicável
Cabedelo;201040;Prefeitura Municipal de Cabedelo;032026;2026;17215201;Cota-Parte do IPI - Municípios - Principal;Lançamento de Receita;493,79;500;Recursos não vinculados de Impostos;1001;Identificação das despesas com manutenção e desenvolvimento do ensino
Cabedelo;201040;Prefeitura Municipal de Cabedelo;032026;2026;17215201;Cota-Parte do IPI - Municípios - Principal;Lançamento de Receita;296,27;500;Recursos não vinculados de Impostos;1002;Identificação das despesas com ações e serviços públicos de saúde
Cabedelo;201040;Prefeitura Municipal de Cabedelo;032026;2026;17215201;Cota-Parte do IPI - Municípios - Principal;Lançamento de Receita;1.185,1;500;Recursos não vinculados de Impostos;"Não ";Não Aplicável
Cabedelo;201040;Prefeitura Municipal de Cabedelo;022026;2026;17215201;Cota-Parte do IPI - Municípios - Principal;Lançamento de Receita;330,85;500;Recursos não vinculados de Impostos;1002;Identificação das despesas com ações e serviços públicos de saúde
Cabedelo;201040;Prefeitura Municipal de Cabedelo;022026;2026;17215201;Cota-Parte do IPI - Municípios - Principal;Lançamento de Receita;1.323,4;500;Recursos não vinculados de Impostos;"Não ";Não Aplicável
Cabedelo;201040;Prefeitura Municipal de Cabedelo;022026;2026;17215201;Cota-Parte do IPI - Municípios - Principal;Lançamento de Receita;551,43;500;Recursos não vinculados de Impostos;1001;Identificação das despesas com manutenção e desenvolvimento do ensino
Cabedelo;201040;Prefeitura Municipal de Cabedelo;012026;2026;17215201;Cota-Parte do IPI - Municípios - Principal;Lançamento de Receita;622,52;500;Recursos não vinculados de Impostos;1001;Identificação das despesas com manutenção e desenvolvimento do ensino
Cabedelo;201040;Prefeitura Municipal de Cabedelo;012026;2026;17215201;Cota-Parte do IPI - Municípios - Principal;Lançamento de Receita;373,5;500;Recursos não vinculados de Impostos;1002;Identificação das despesas com ações e serviços públicos de saúde
Cabedelo;201040;Prefeitura Municipal de Cabedelo;012026;2026;17215201;Cota-Parte do IPI - Municípios - Principal;Lançamento de Receita;1.494,05;500;Recursos não vinculados de Impostos;"Não ";Não Aplicável
Cabedelo;201040;Prefeitura Municipal de Cabedelo;052026;2026;17215101;Cota-Parte do IPVA - Principal;Lançamento de Receita;211.527,76;500;Recursos não vinculados de Impostos;1002;Identificação das despesas com ações e serviços públicos de saúde
Cabedelo;201040;Prefeitura Municipal de Cabedelo;052026;2026;17215101;Cota-Parte do IPVA - Principal;Lançamento de Receita;528.819,42;500;Recursos não vinculados de Impostos;"Não ";Não Aplicável
Cabedelo;201040;Prefeitura Municipal de Cabedelo;052026;2026;17215101;Cota-Parte do IPVA - Principal;Lançamento de Receita;317.291,66;500;Recursos não vinculados de Impostos;1001;Identificação das despesas com manutenção e desenvolvimento do ensino
Cabedelo;201040;Prefeitura Municipal de Cabedelo;042026;2026;17215101;Cota-Parte do IPVA - Principal;Lançamento de Receita;409.804,62;500;Recursos não vinculados de Impostos;1001;Identificação das despesas com manutenção e desenvolvimento do ensino
Cabedelo;201040;Prefeitura Municipal de Cabedelo;042026;2026;17215101;Cota-Parte do IPVA - Principal;Lançamento de Receita;273.203,09;500;Recursos não vinculados de Impostos;1002;Identificação das despesas com ações e serviços públicos de saúde
Cabedelo;201040;Prefeitura Municipal de Cabedelo;042026;2026;17215101;Cota-Parte do IPVA - Principal;Lançamento de Receita;683.007,68;500;Recursos não vinculados de Impostos;"Não ";Não Aplicável
Cabedelo;201040;Prefeitura Municipal de Cabedelo;032026;2026;17215101;Cota-Parte do IPVA - Principal;Lançamento de Receita;382.659,06;500;Recursos não vinculados de Impostos;1001;Identificação das despesas com manutenção e desenvolvimento do ensino
Cabedelo;201040;Prefeitura Municipal de Cabedelo;032026;2026;17215101;Cota-Parte do IPVA - Principal;Lançamento de Receita;637.765,1;500;Recursos não vinculados de Impostos;"Não ";Não Aplicável
Cabedelo;201040;Prefeitura Municipal de Cabedelo;032026;2026;17215101;Cota-Parte do IPVA - Principal;Lançamento de Receita;255.106,04;500;Recursos não vinculados de Impostos;1002;Identificação das despesas com ações e serviços públicos de saúde
Cabedelo;201040;Prefeitura Municipal de Cabedelo;022026;2026;17215101;Cota-Parte do IPVA - Principal;Lançamento de Receita;414.525,2;500;Recursos não vinculados de Impostos;1001;Identificação das despesas com manutenção e desenvolvimento do ensino
Cabedelo;201040;Prefeitura Municipal de Cabedelo;022026;2026;17215101;Cota-Parte do IPVA - Principal;Lançamento de Receita;276.350,14;500;Recursos não vinculados de Impostos;1002;Identificação das despesas com ações e serviços públicos de saúde
Cabedelo;201040;Prefeitura Municipal de Cabedelo;022026;2026;17215101;Cota-Parte do IPVA - Principal;Lançamento de Receita;690.875,39;500;Recursos não vinculados de Impostos;"Não ";Não Aplicável
Cabedelo;201040;Prefeitura Municipal de Cabedelo;012026;2026;17215101;Cota-Parte do IPVA - Principal;Lançamento de Receita;390.489,6;500;Recursos não vinculados de Impostos;1001;Identificação das despesas com manutenção e desenvolvimento do ensino
Cabedelo;201040;Prefeitura Municipal de Cabedelo;012026;2026;17215101;Cota-Parte do IPVA - Principal;Lançamento de Receita;650.815,95;500;Recursos não vinculados de Impostos;"Não ";Não Aplicável
Cabedelo;201040;Prefeitura Municipal de Cabedelo;012026;2026;17215101;Cota-Parte do IPVA - Principal;Lançamento de Receita;260.326,37;500;Recursos não vinculados de Impostos;1002;Identificação das despesas com ações e serviços públicos de saúde
Cabedelo;201040;Prefeitura Municipal de Cabedelo;052026;2026;17215001;Cota-Parte do ICMS - Principal;Lançamento de Receita;2.944.514,04;500;Recursos não vinculados de Impostos;"Não ";Não Aplicável
Cabedelo;201040;Prefeitura Municipal de Cabedelo;052026;2026;17215001;Cota-Parte do ICMS - Principal;Lançamento de Receita;1.030.579,91;500;Recursos não vinculados de Impostos;1001;Identificação das despesas com manutenção e desenvolvimento do ensino
Cabedelo;201040;Prefeitura Municipal de Cabedelo;052026;2026;17215001;Cota-Parte do ICMS - Principal;Dedução do Fundeb;-1.177.805,6;500;Recursos não vinculados de Impostos;"Não ";Não Aplicável
Cabedelo;201040;Prefeitura Municipal de Cabedelo;052026;2026;17215001;Cota-Parte do ICMS - Principal;Lançamento de Receita;1.913.934,13;500;Recursos não vinculados de Impostos;1002;Identificação das despesas com ações e serviços públicos de saúde
Cabedelo;201040;Prefeitura Municipal de Cabedelo;042026;2026;17215001;Cota-Parte do ICMS - Principal;Lançamento de Receita;5.215.588,58;500;Recursos não vinculados de Impostos;"Não ";Não Aplicável
Cabedelo;201040;Prefeitura Municipal de Cabedelo;042026;2026;17215001;Cota-Parte do ICMS - Principal;Lançamento de Receita;1.825.456;500;Recursos não vinculados de Impostos;1001;Identificação das despesas com manutenção e desenvolvimento do ensino
Cabedelo;201040;Prefeitura Municipal de Cabedelo;042026;2026;17215001;Cota-Parte do ICMS - Principal;Dedução do Fundeb;-2.086.235,41;500;Recursos não vinculados de Impostos;"Não ";Não Aplicável
Cabedelo;201040;Prefeitura Municipal de Cabedelo;042026;2026;17215001;Cota-Parte do ICMS - Principal;Lançamento de Receita;3.390.132,6;500;Recursos não vinculados de Impostos;1002;Identificação das despesas com ações e serviços públicos de saúde
Cabedelo;201040;Prefeitura Municipal de Cabedelo;032026;2026;17215001;Cota-Parte do ICMS - Principal;Lançamento de Receita;5.405.029,34;500;Recursos não vinculados de Impostos;"Não ";Não Aplicável
Cabedelo;201040;Prefeitura Municipal de Cabedelo;032026;2026;17215001;Cota-Parte do ICMS - Principal;Dedução do Fundeb;-2.162.011,72;500;Recursos não vinculados de Impostos;"Não ";Não Aplicável
Cabedelo;201040;Prefeitura Municipal de Cabedelo;032026;2026;17215001;Cota-Parte do ICMS - Principal;Lançamento de Receita;3.513.269,07;500;Recursos não vinculados de Impostos;1002;Identificação das despesas com ações e serviços públicos de saúde
Cabedelo;201040;Prefeitura Municipal de Cabedelo;032026;2026;17215001;Cota-Parte do ICMS - Principal;Lançamento de Receita;1.891.760,26;500;Recursos não vinculados de Impostos;1001;Identificação das despesas com manutenção e desenvolvimento do ensino
Cabedelo;201040;Prefeitura Municipal de Cabedelo;022026;2026;17215001;Cota-Parte do ICMS - Principal;Lançamento de Receita;4.521.765,28;500;Recursos não vinculados de Impostos;"Não ";Não Aplicável
Cabedelo;201040;Prefeitura Municipal de Cabedelo;022026;2026;17215001;Cota-Parte do ICMS - Principal;Lançamento de Receita;2.939.147,41;500;Recursos não vinculados de Impostos;1002;Identificação das despesas com ações e serviços públicos de saúde
Cabedelo;201040;Prefeitura Municipal de Cabedelo;022026;2026;17215001;Cota-Parte do ICMS - Principal;Lançamento de Receita;1.582.617,84;500;Recursos não vinculados de Impostos;1001;Identificação das despesas com manutenção e desenvolvimento do ensino
Cabedelo;201040;Prefeitura Municipal de Cabedelo;022026;2026;17215001;Cota-Parte do ICMS - Principal;Dedução do Fundeb;-1.808.706,09;500;Recursos não vinculados de Impostos;"Não ";Não Aplicável
Cabedelo;201040;Prefeitura Municipal de Cabedelo;012026;2026;17215001;Cota-Parte do ICMS - Principal;Lançamento de Receita;1.845.837,73;500;Recursos não vinculados de Impostos;1001;Identificação das despesas com manutenção e desenvolvimento do ensino
Cabedelo;201040;Prefeitura Municipal de Cabedelo;012026;2026;17215001;Cota-Parte do ICMS - Principal;Lançamento de Receita;3.427.984,35;500;Recursos não vinculados de Impostos;1002;Identificação das despesas com ações e serviços públicos de saúde
Cabedelo;201040;Prefeitura Municipal de Cabedelo;012026;2026;17215001;Cota-Parte do ICMS - Principal;Lançamento de Receita;5.273.822,09;500;Recursos não vinculados de Impostos;"Não ";Não Aplicável
Cabedelo;201040;Prefeitura Municipal de Cabedelo;012026;2026;17215001;Cota-Parte do ICMS - Principal;Dedução do Fundeb;-2.109.528,81;500;Recursos não vinculados de Impostos;"Não ";Não Aplicável
Cabedelo;201040;Prefeitura Municipal de Cabedelo;042026;2026;17199901;Outras Transferências de Recursos da União e de suas Entidades - Principal;Lançamento de Receita;849.164,44;700;Outras Transferências de Convênios ou Repasses da União;"Não ";Não Aplicável
Cabedelo;201040;Prefeitura Municipal de Cabedelo;042026;2026;17199901;Outras Transferências de Recursos da União e de suas Entidades - Principal;Lançamento de Receita;2.952,06;715;Transferências Destinadas ao Setor Cultural - LC nº 195/2022 - Art. 5º - Audiovisual;"Não ";Não Aplicável
Cabedelo;201040;Prefeitura Municipal de Cabedelo;042026;2026;17199901;Outras Transferências de Recursos da União e de suas Entidades - Principal;Lançamento de Receita;2.952,06;719;Transferências da Política Nacional Aldir Blanc de Fomento à Cultura - Lei 14.399/2022;"Não ";Não Aplicável
Cabedelo;201040;Prefeitura Municipal de Cabedelo;032026;2026;17199901;Outras Transferências de Recursos da União e de suas Entidades - Principal;Lançamento de Receita;2.952,06;719;Transferências da Política Nacional Aldir Blanc de Fomento à Cultura - Lei 14.399/2022;"Não ";Não Aplicável
Cabedelo;201040;Prefeitura Municipal de Cabedelo;032026;2026;17199901;Outras Transferências de Recursos da União e de suas Entidades - Principal;Lançamento de Receita;2.952,06;715;Transferências Destinadas ao Setor Cultural - LC nº 195/2022 - Art. 5º - Audiovisual;"Não ";Não Aplicável
Cabedelo;201040;Prefeitura Municipal de Cabedelo;022026;2026;17199901;Outras Transferências de Recursos da União e de suas Entidades - Principal;Lançamento de Receita;497.587,31;700;Outras Transferências de Convênios ou Repasses da União;"Não ";Não Aplicável
Cabedelo;201040;Prefeitura Municipal de Cabedelo;022026;2026;17199901;Outras Transferências de Recursos da União e de suas Entidades - Principal;Lançamento de Receita;2.952,06;719;Transferências da Política Nacional Aldir Blanc de Fomento à Cultura - Lei 14.399/2022;"Não ";Não Aplicável
Cabedelo;201040;Prefeitura Municipal de Cabedelo;022026;2026;17199901;Outras Transferências de Recursos da União e de suas Entidades - Principal;Lançamento de Receita;2.952,06;715;Transferências Destinadas ao Setor Cultural - LC nº 195/2022 - Art. 5º - Audiovisual;"Não ";Não Aplicável
Cabedelo;201040;Prefeitura Municipal de Cabedelo;012026;2026;17199901;Outras Transferências de Recursos da União e de suas Entidades - Principal;Lançamento de Receita;2.952,06;715;Transferências Destinadas ao Setor Cultural - LC nº 195/2022 - Art. 5º - Audiovisual;"Não ";Não Aplicável
Cabedelo;201040;Prefeitura Municipal de Cabedelo;012026;2026;17199901;Outras Transferências de Recursos da União e de suas Entidades - Principal;Lançamento de Receita;2.952,06;719;Transferências da Política Nacional Aldir Blanc de Fomento à Cultura - Lei 14.399/2022;"Não ";Não Aplicável
Cabedelo;201040;Prefeitura Municipal de Cabedelo;042026;2026;17165001;Transferências de Recursos do Fundo Nacional de Assistência Social – FNAS - Principal;Lançamento de Receita;76.872,62;660;Transferência de Recursos do Fundo Nacional de Assistência Social - FNAS;"Não ";Não Aplicável
Cabedelo;201040;Prefeitura Municipal de Cabedelo;032026;2026;17165001;Transferências de Recursos do Fundo Nacional de Assistência Social – FNAS - Principal;Lançamento de Receita;232.848,18;660;Transferência de Recursos do Fundo Nacional de Assistência Social - FNAS;"Não ";Não Aplicável
Cabedelo;201040;Prefeitura Municipal de Cabedelo;012026;2026;17165001;Transferências de Recursos do Fundo Nacional de Assistência Social – FNAS - Principal;Lançamento de Receita;17.875,69;660;Transferência de Recursos do Fundo Nacional de Assistência Social - FNAS;"Não ";Não Aplicável
Cabedelo;201040;Prefeitura Municipal de Cabedelo;012026;2026;17155301;Transferências de Recursos do Fundeb destinados à criação de matrículas em ETI- Principal;Lançamento de Receita;140.176,92;546;Transferências do FUNDEB - complementação da União - Educação Tempo Integral;"Não ";Não Aplicável
Cabedelo;201040;Prefeitura Municipal de Cabedelo;042026;2026;17155201;Transferências de Recursos de Complementação da União ao Fundeb – VAAR - Principal;Lançamento de Receita;107.494,37;543;Transferências do FUNDEB - Complementação da União - VAAR;"Não ";Não Aplicável
Cabedelo;201040;Prefeitura Municipal de Cabedelo;042026;2026;17155201;Transferências de Recursos de Complementação da União ao Fundeb – VAAR - Principal;Lançamento de Receita;250.820,21;543;Transferências do FUNDEB - Complementação da União - VAAR;1070;Identificação do percentual aplicado no pagamento da remuneração dos profissionais da educação básica em efetivo exercício
Cabedelo;201040;Prefeitura Municipal de Cabedelo;032026;2026;17155201;Transferências de Recursos de Complementação da União ao Fundeb – VAAR - Principal;Lançamento de Receita;225.792,34;543;Transferências do FUNDEB - Complementação da União - VAAR;1070;Identificação do percentual aplicado no pagamento da remuneração dos profissionais da educação básica em efetivo exercício
Cabedelo;201040;Prefeitura Municipal de Cabedelo;032026;2026;17155201;Transferências de Recursos de Complementação da União ao Fundeb – VAAR - Principal;Lançamento de Receita;96.768,15;543;Transferências do FUNDEB - Complementação da União - VAAR;"Não ";Não Aplicável
Cabedelo;201040;Prefeitura Municipal de Cabedelo;022026;2026;17155201;Transferências de Recursos de Complementação da União ao Fundeb – VAAR - Principal;Lançamento de Receita;206.976,31;543;Transferências do FUNDEB - Complementação da União - VAAR;1070;Identificação do percentual aplicado no pagamento da remuneração dos profissionais da educação básica em efetivo exercício
Cabedelo;201040;Prefeitura Municipal de Cabedelo;022026;2026;17155201;Transferências de Recursos de Complementação da União ao Fundeb – VAAR - Principal;Lançamento de Receita;88.704,14;543;Transferências do FUNDEB - Complementação da União - VAAR;"Não ";Não Aplicável
Cabedelo;201040;Prefeitura Municipal de Cabedelo;012026;2026;17155201;Transferências de Recursos de Complementação da União ao Fundeb – VAAR - Principal;Lançamento de Receita;250.139,14;543;Transferências do FUNDEB - Complementação da União - VAAR;"Não ";Não Aplicável
Cabedelo;201040;Prefeitura Municipal de Cabedelo;012026;2026;17155201;Transferências de Recursos de Complementação da União ao Fundeb – VAAR - Principal;Lançamento de Receita;583.657,98;543;Transferências do FUNDEB - Complementação da União - VAAR;1070;Identificação do percentual aplicado no pagamento da remuneração dos profissionais da educação básica em efetivo exercício
Cabedelo;201040;Prefeitura Municipal de Cabedelo;042026;2026;17155101;Transferências de Recursos de Complementação da União ao Fundeb – VAAF - Principal;Lançamento de Receita;140.874,81;541;Transferências do FUNDEB - Complementação da União - VAAF;"Não ";Não Aplicável
Cabedelo;201040;Prefeitura Municipal de Cabedelo;042026;2026;17155101;Transferências de Recursos de Complementação da União ao Fundeb – VAAF - Principal;Lançamento de Receita;328.707,9;541;Transferências do FUNDEB - Complementação da União - VAAF;1070;Identificação do percentual aplicado no pagamento da remuneração dos profissionais da educação básica em efetivo exercício
Cabedelo;201040;Prefeitura Municipal de Cabedelo;032026;2026;17155101;Transferências de Recursos de Complementação da União ao Fundeb – VAAF - Principal;Lançamento de Receita;150.980,93;541;Transferências do FUNDEB - Complementação da União - VAAF;1070;Identificação do percentual aplicado no pagamento da remuneração dos profissionais da educação básica em efetivo exercício
Cabedelo;201040;Prefeitura Municipal de Cabedelo;032026;2026;17155101;Transferências de Recursos de Complementação da União ao Fundeb – VAAF - Principal;Lançamento de Receita;64.706,12;541;Transferências do FUNDEB - Complementação da União - VAAF;"Não ";Não Aplicável
Cabedelo;201040;Prefeitura Municipal de Cabedelo;022026;2026;17155101;Transferências de Recursos de Complementação da União ao Fundeb – VAAF - Principal;Lançamento de Receita;59.313,94;541;Transferências do FUNDEB - Complementação da União - VAAF;"Não ";Não Aplicável
Cabedelo;201040;Prefeitura Municipal de Cabedelo;022026;2026;17155101;Transferências de Recursos de Complementação da União ao Fundeb – VAAF - Principal;Lançamento de Receita;138.399,19;541;Transferências do FUNDEB - Complementação da União - VAAF;1070;Identificação do percentual aplicado no pagamento da remuneração dos profissionais da educação básica em efetivo exercício
Cabedelo;201040;Prefeitura Municipal de Cabedelo;012026;2026;17155101;Transferências de Recursos de Complementação da União ao Fundeb – VAAF - Principal;Lançamento de Receita;334.782,26;541;Transferências do FUNDEB - Complementação da União - VAAF;1070;Identificação do percentual aplicado no pagamento da remuneração dos profissionais da educação básica em efetivo exercício
Cabedelo;201040;Prefeitura Municipal de Cabedelo;012026;2026;17155101;Transferências de Recursos de Complementação da União ao Fundeb – VAAF - Principal;Lançamento de Receita;143.478,11;541;Transferências do FUNDEB - Complementação da União - VAAF;"Não ";Não Aplicável
Cabedelo;201040;Prefeitura Municipal de Cabedelo;052026;2026;17149901;Outras Transferências Diretas do Fundo Nacional do Desenvolvimento da Educação - FNDE - Principal;Lançamento de Receita;391.766,36;569;Outras Transferências de Recursos do FNDE;"Não ";Não Aplicável
Cabedelo;201040;Prefeitura Municipal de Cabedelo;042026;2026;17149901;Outras Transferências Diretas do Fundo Nacional do Desenvolvimento da Educação - FNDE - Principal;Lançamento de Receita;400.403,56;569;Outras Transferências de Recursos do FNDE;"Não ";Não Aplicável
Cabedelo;201040;Prefeitura Municipal de Cabedelo;032026;2026;17149901;Outras Transferências Diretas do Fundo Nacional do Desenvolvimento da Educação - FNDE - Principal;Lançamento de Receita;400.976,21;569;Outras Transferências de Recursos do FNDE;"Não ";Não Aplicável
Cabedelo;201040;Prefeitura Municipal de Cabedelo;022026;2026;17149901;Outras Transferências Diretas do Fundo Nacional do Desenvolvimento da Educação - FNDE - Principal;Lançamento de Receita;388.995,8;569;Outras Transferências de Recursos do FNDE;"Não ";Não Aplicável
Cabedelo;201040;Prefeitura Municipal de Cabedelo;012026;2026;17149901;Outras Transferências Diretas do Fundo Nacional do Desenvolvimento da Educação - FNDE - Principal;Lançamento de Receita;647.479,23;569;Outras Transferências de Recursos do FNDE;"Não ";Não Aplicável
Cabedelo;201040;Prefeitura Municipal de Cabedelo;052026;2026;17145201;Transferências referentes ao Programa Nacional de Alimentação Escolar – PNAE - Principal;Lançamento de Receita;162.077,25;569;Outras Transferências de Recursos do FNDE;"Não ";Não Aplicável
Cabedelo;201040;Prefeitura Municipal de Cabedelo;042026;2026;17145201;Transferências referentes ao Programa Nacional de Alimentação Escolar – PNAE - Principal;Lançamento de Receita;162.077,25;569;Outras Transferências de Recursos do FNDE;"Não ";Não Aplicável
Cabedelo;201040;Prefeitura Municipal de Cabedelo;032026;2026;17145201;Transferências referentes ao Programa Nacional de Alimentação Escolar – PNAE - Principal;Lançamento de Receita;162.077,25;569;Outras Transferências de Recursos do FNDE;"Não ";Não Aplicável
Cabedelo;201040;Prefeitura Municipal de Cabedelo;022026;2026;17145201;Transferências referentes ao Programa Nacional de Alimentação Escolar – PNAE - Principal;Lançamento de Receita;162.077,25;569;Outras Transferências de Recursos do FNDE;"Não ";Não Aplicável
Cabedelo;201040;Prefeitura Municipal de Cabedelo;042026;2026;17125241;Cota-Parte do Fundo Especial do Petróleo – FEP - Principal;Lançamento de Receita;66.542,83;500;Recursos não vinculados de Impostos;"Não ";Não Aplicável
Cabedelo;201040;Prefeitura Municipal de Cabedelo;042026;2026;17125241;Cota-Parte do Fundo Especial do Petróleo – FEP - Principal;Lançamento de Receita;16.635,7;500;Recursos não vinculados de Impostos;1002;Identificação das despesas com ações e serviços públicos de saúde
Cabedelo;201040;Prefeitura Municipal de Cabedelo;042026;2026;17125241;Cota-Parte do Fundo Especial do Petróleo – FEP - Principal;Lançamento de Receita;27.726,18;500;Recursos não vinculados de Impostos;1001;Identificação das despesas com manutenção e desenvolvimento do ensino
Cabedelo;201040;Prefeitura Municipal de Cabedelo;032026;2026;17125241;Cota-Parte do Fundo Especial do Petróleo – FEP - Principal;Lançamento de Receita;17.643,62;500;Recursos não vinculados de Impostos;1002;Identificação das despesas com ações e serviços públicos de saúde
Cabedelo;201040;Prefeitura Municipal de Cabedelo;032026;2026;17125241;Cota-Parte do Fundo Especial do Petróleo – FEP - Principal;Lançamento de Receita;70.574,43;500;Recursos não vinculados de Impostos;"Não ";Não Aplicável
Cabedelo;201040;Prefeitura Municipal de Cabedelo;032026;2026;17125241;Cota-Parte do Fundo Especial do Petróleo – FEP - Principal;Lançamento de Receita;29.406,01;500;Recursos não vinculados de Impostos;1001;Identificação das despesas com manutenção e desenvolvimento do ensino
Cabedelo;201040;Prefeitura Municipal de Cabedelo;022026;2026;17125241;Cota-Parte do Fundo Especial do Petróleo – FEP - Principal;Lançamento de Receita;27.793,96;500;Recursos não vinculados de Impostos;1001;Identificação das despesas com manutenção e desenvolvimento do ensino
Cabedelo;201040;Prefeitura Municipal de Cabedelo;022026;2026;17125241;Cota-Parte do Fundo Especial do Petróleo – FEP - Principal;Lançamento de Receita;16.676,38;500;Recursos não vinculados de Impostos;1002;Identificação das despesas com ações e serviços públicos de saúde
Cabedelo;201040;Prefeitura Municipal de Cabedelo;022026;2026;17125241;Cota-Parte do Fundo Especial do Petróleo – FEP - Principal;Lançamento de Receita;66.705,51;500;Recursos não vinculados de Impostos;"Não ";Não Aplicável
Cabedelo;201040;Prefeitura Municipal de Cabedelo;012026;2026;17125241;Cota-Parte do Fundo Especial do Petróleo – FEP - Principal;Lançamento de Receita;24.774,17;500;Recursos não vinculados de Impostos;1001;Identificação das despesas com manutenção e desenvolvimento do ensino
Cabedelo;201040;Prefeitura Municipal de Cabedelo;012026;2026;17125241;Cota-Parte do Fundo Especial do Petróleo – FEP - Principal;Lançamento de Receita;59.458,01;500;Recursos não vinculados de Impostos;"Não ";Não Aplicável
Cabedelo;201040;Prefeitura Municipal de Cabedelo;012026;2026;17125241;Cota-Parte do Fundo Especial do Petróleo – FEP - Principal;Lançamento de Receita;14.864,5;500;Recursos não vinculados de Impostos;1002;Identificação das despesas com ações e serviços públicos de saúde
Cabedelo;201040;Prefeitura Municipal de Cabedelo;052026;2026;17125101;Cota-parte da Compensação Financeira pela Exploração de Recursos Minerais - CFEM - Principal;Lançamento de Receita;117,33;500;Recursos não vinculados de Impostos;1002;Identificação das despesas com ações e serviços públicos de saúde
Cabedelo;201040;Prefeitura Municipal de Cabedelo;052026;2026;17125101;Cota-parte da Compensação Financeira pela Exploração de Recursos Minerais - CFEM - Principal;Lançamento de Receita;469,33;500;Recursos não vinculados de Impostos;"Não ";Não Aplicável
Cabedelo;201040;Prefeitura Municipal de Cabedelo;052026;2026;17125101;Cota-parte da Compensação Financeira pela Exploração de Recursos Minerais - CFEM - Principal;Lançamento de Receita;195,56;500;Recursos não vinculados de Impostos;1001;Identificação das despesas com manutenção e desenvolvimento do ensino
Cabedelo;201040;Prefeitura Municipal de Cabedelo;032026;2026;17125101;Cota-parte da Compensação Financeira pela Exploração de Recursos Minerais - CFEM - Principal;Lançamento de Receita;103,35;500;Recursos não vinculados de Impostos;1002;Identificação das despesas com ações e serviços públicos de saúde
Cabedelo;201040;Prefeitura Municipal de Cabedelo;032026;2026;17125101;Cota-parte da Compensação Financeira pela Exploração de Recursos Minerais - CFEM - Principal;Lançamento de Receita;172,25;500;Recursos não vinculados de Impostos;1001;Identificação das despesas com manutenção e desenvolvimento do ensino
Cabedelo;201040;Prefeitura Municipal de Cabedelo;032026;2026;17125101;Cota-parte da Compensação Financeira pela Exploração de Recursos Minerais - CFEM - Principal;Lançamento de Receita;413,41;500;Recursos não vinculados de Impostos;"Não ";Não Aplicável
Cabedelo;201040;Prefeitura Municipal de Cabedelo;022026;2026;17125101;Cota-parte da Compensação Financeira pela Exploração de Recursos Minerais - CFEM - Principal;Lançamento de Receita;206,89;500;Recursos não vinculados de Impostos;1001;Identificação das despesas com manutenção e desenvolvimento do ensino
Cabedelo;201040;Prefeitura Municipal de Cabedelo;022026;2026;17125101;Cota-parte da Compensação Financeira pela Exploração de Recursos Minerais - CFEM - Principal;Lançamento de Receita;496,54;500;Recursos não vinculados de Impostos;"Não ";Não Aplicável
Cabedelo;201040;Prefeitura Municipal de Cabedelo;022026;2026;17125101;Cota-parte da Compensação Financeira pela Exploração de Recursos Minerais - CFEM - Principal;Lançamento de Receita;124,13;500;Recursos não vinculados de Impostos;1002;Identificação das despesas com ações e serviços públicos de saúde
Cabedelo;201040;Prefeitura Municipal de Cabedelo;012026;2026;17125101;Cota-parte da Compensação Financeira pela Exploração de Recursos Minerais - CFEM - Principal;Lançamento de Receita;220,19;500;Recursos não vinculados de Impostos;1002;Identificação das despesas com ações e serviços públicos de saúde
Cabedelo;201040;Prefeitura Municipal de Cabedelo;012026;2026;17125101;Cota-parte da Compensação Financeira pela Exploração de Recursos Minerais - CFEM - Principal;Lançamento de Receita;366,99;500;Recursos não vinculados de Impostos;1001;Identificação das despesas com manutenção e desenvolvimento do ensino
Cabedelo;201040;Prefeitura Municipal de Cabedelo;012026;2026;17125101;Cota-parte da Compensação Financeira pela Exploração de Recursos Minerais - CFEM - Principal;Lançamento de Receita;880,78;500;Recursos não vinculados de Impostos;"Não ";Não Aplicável
Cabedelo;201040;Prefeitura Municipal de Cabedelo;042026;2026;17115401;Cota-Parte da Contribuição de Intervenção no Domínio Econômico - Principal;Lançamento de Receita;2.182,13;500;Recursos não vinculados de Impostos;1002;Identificação das despesas com ações e serviços públicos de saúde
Cabedelo;201040;Prefeitura Municipal de Cabedelo;042026;2026;17115401;Cota-Parte da Contribuição de Intervenção no Domínio Econômico - Principal;Lançamento de Receita;3.636,87;500;Recursos não vinculados de Impostos;1001;Identificação das despesas com manutenção e desenvolvimento do ensino
Cabedelo;201040;Prefeitura Municipal de Cabedelo;042026;2026;17115401;Cota-Parte da Contribuição de Intervenção no Domínio Econômico - Principal;Lançamento de Receita;8.728,49;500;Recursos não vinculados de Impostos;"Não ";Não Aplicável
Cabedelo;201040;Prefeitura Municipal de Cabedelo;012026;2026;17115401;Cota-Parte da Contribuição de Intervenção no Domínio Econômico - Principal;Lançamento de Receita;4.501,84;500;Recursos não vinculados de Impostos;1001;Identificação das despesas com manutenção e desenvolvimento do ensino
Cabedelo;201040;Prefeitura Municipal de Cabedelo;012026;2026;17115401;Cota-Parte da Contribuição de Intervenção no Domínio Econômico - Principal;Lançamento de Receita;10.804,42;500;Recursos não vinculados de Impostos;"Não ";Não Aplicável
Cabedelo;201040;Prefeitura Municipal de Cabedelo;012026;2026;17115401;Cota-Parte da Contribuição de Intervenção no Domínio Econômico - Principal;Lançamento de Receita;2.701,11;500;Recursos não vinculados de Impostos;1002;Identificação das despesas com ações e serviços públicos de saúde
Cabedelo;201040;Prefeitura Municipal de Cabedelo;052026;2026;17115111;Cota-Parte do Fundo de Participação dos Municípios - Cota Mensal - Principal;Lançamento de Receita;3.943.337,2;500;Recursos não vinculados de Impostos;"Não ";Não Aplicável
Cabedelo;201040;Prefeitura Municipal de Cabedelo;052026;2026;17115111;Cota-Parte do Fundo de Participação dos Municípios - Cota Mensal - Principal;Dedução do Fundeb;-973.903,94;500;Recursos não vinculados de Impostos;"Não ";Não Aplicável
Cabedelo;201040;Prefeitura Municipal de Cabedelo;052026;2026;17115111;Cota-Parte do Fundo de Participação dos Municípios - Cota Mensal - Principal;Lançamento de Receita;926.182,68;500;Recursos não vinculados de Impostos;1002;Identificação das despesas com ações e serviços públicos de saúde
Cabedelo;201040;Prefeitura Municipal de Cabedelo;042026;2026;17115111;Cota-Parte do Fundo de Participação dos Municípios - Cota Mensal - Principal;Lançamento de Receita;4.957.360,85;500;Recursos não vinculados de Impostos;"Não ";Não Aplicável
Cabedelo;201040;Prefeitura Municipal de Cabedelo;042026;2026;17115111;Cota-Parte do Fundo de Participação dos Municípios - Cota Mensal - Principal;Lançamento de Receita;1.164.349,26;500;Recursos não vinculados de Impostos;1002;Identificação das despesas com ações e serviços públicos de saúde
Cabedelo;201040;Prefeitura Municipal de Cabedelo;042026;2026;17115111;Cota-Parte do Fundo de Participação dos Municípios - Cota Mensal - Principal;Dedução do Fundeb;-1.224.341,99;500;Recursos não vinculados de Impostos;"Não ";Não Aplicável
Cabedelo;201040;Prefeitura Municipal de Cabedelo;032026;2026;17115111;Cota-Parte do Fundo de Participação dos Municípios - Cota Mensal - Principal;Lançamento de Receita;988.913,23;500;Recursos não vinculados de Impostos;1002;Identificação das despesas com ações e serviços públicos de saúde
Cabedelo;201040;Prefeitura Municipal de Cabedelo;032026;2026;17115111;Cota-Parte do Fundo de Participação dos Municípios - Cota Mensal - Principal;Lançamento de Receita;4.210.420,24;500;Recursos não vinculados de Impostos;"Não ";Não Aplicável
Cabedelo;201040;Prefeitura Municipal de Cabedelo;032026;2026;17115111;Cota-Parte do Fundo de Participação dos Municípios - Cota Mensal - Principal;Dedução do Fundeb;-1.039.866,67;500;Recursos não vinculados de Impostos;"Não ";Não Aplicável
Cabedelo;201040;Prefeitura Municipal de Cabedelo;022026;2026;17115111;Cota-Parte do Fundo de Participação dos Municípios - Cota Mensal - Principal;Dedução do Fundeb;-1.717.196,94;500;Recursos não vinculados de Impostos;"Não ";Não Aplicável
Cabedelo;201040;Prefeitura Municipal de Cabedelo;022026;2026;17115111;Cota-Parte do Fundo de Participação dos Municípios - Cota Mensal - Principal;Lançamento de Receita;6.952.930,51;500;Recursos não vinculados de Impostos;"Não ";Não Aplicável
Cabedelo;201040;Prefeitura Municipal de Cabedelo;022026;2026;17115111;Cota-Parte do Fundo de Participação dos Municípios - Cota Mensal - Principal;Lançamento de Receita;1.633.054,31;500;Recursos não vinculados de Impostos;1002;Identificação das despesas com ações e serviços públicos de saúde
Cabedelo;201040;Prefeitura Municipal de Cabedelo;012026;2026;17115111;Cota-Parte do Fundo de Participação dos Municípios - Cota Mensal - Principal;Lançamento de Receita;1.298.858,55;500;Recursos não vinculados de Impostos;1002;Identificação das despesas com ações e serviços públicos de saúde
Cabedelo;201040;Prefeitura Municipal de Cabedelo;012026;2026;17115111;Cota-Parte do Fundo de Participação dos Municípios - Cota Mensal - Principal;Dedução do Fundeb;-1.365.781,83;500;Recursos não vinculados de Impostos;"Não ";Não Aplicável
Cabedelo;201040;Prefeitura Municipal de Cabedelo;012026;2026;17115111;Cota-Parte do Fundo de Participação dos Municípios - Cota Mensal - Principal;Lançamento de Receita;5.530.050,78;500;Recursos não vinculados de Impostos;"Não ";Não Aplicável
Cabedelo;201040;Prefeitura Municipal de Cabedelo;052026;2026;13399901;Outras Delegações de Serviços Públicos - Principal;Lançamento de Receita;0,02;500;Recursos não vinculados de Impostos;"Não ";Não Aplicável
Cabedelo;201040;Prefeitura Municipal de Cabedelo;042026;2026;13399901;Outras Delegações de Serviços Públicos - Principal;Lançamento de Receita;43.187,04;500;Recursos não vinculados de Impostos;"Não ";Não Aplicável
Cabedelo;201040;Prefeitura Municipal de Cabedelo;032026;2026;13399901;Outras Delegações de Serviços Públicos - Principal;Lançamento de Receita;62.592,73;500;Recursos não vinculados de Impostos;"Não ";Não Aplicável
Cabedelo;201040;Prefeitura Municipal de Cabedelo;022026;2026;13399901;Outras Delegações de Serviços Públicos - Principal;Lançamento de Receita;456.130,06;500;Recursos não vinculados de Impostos;"Não ";Não Aplicável
Cabedelo;201040;Prefeitura Municipal de Cabedelo;052026;2026;13210101;Remuneração de Depósitos Bancários - Principal;Lançamento de Receita;8.635,15;500;Recursos não vinculados de Impostos;"Não ";Não Aplicável
Cabedelo;201040;Prefeitura Municipal de Cabedelo;042026;2026;13210101;Remuneração de Depósitos Bancários - Principal;Lançamento de Receita;332.134,7;500;Recursos não vinculados de Impostos;"Não ";Não Aplicável
Cabedelo;201040;Prefeitura Municipal de Cabedelo;032026;2026;13210101;Remuneração de Depósitos Bancários - Principal;Lançamento de Receita;383.370,47;500;Recursos não vinculados de Impostos;"Não ";Não Aplicável
Cabedelo;201040;Prefeitura Municipal de Cabedelo;022026;2026;13210101;Remuneração de Depósitos Bancários - Principal;Lançamento de Receita;317.013,17;500;Recursos não vinculados de Impostos;"Não ";Não Aplicável
Cabedelo;201040;Prefeitura Municipal de Cabedelo;012026;2026;13210101;Remuneração de Depósitos Bancários - Principal;Lançamento de Receita;345.025,37;500;Recursos não vinculados de Impostos;"Não ";Não Aplicável
Cabedelo;201040;Prefeitura Municipal de Cabedelo;052026;2026;12415001;Contribuição para o Custeio do Serviço de Iluminação Pública - Principal;Lançamento de Receita;710.151,8;500;Recursos não vinculados de Impostos;"Não ";Não Aplicável
Cabedelo;201040;Prefeitura Municipal de Cabedelo;042026;2026;12415001;Contribuição para o Custeio do Serviço de Iluminação Pública - Principal;Lançamento de Receita;1.331.870,9;500;Recursos não vinculados de Impostos;"Não ";Não Aplicável
Cabedelo;201040;Prefeitura Municipal de Cabedelo;032026;2026;12415001;Contribuição para o Custeio do Serviço de Iluminação Pública - Principal;Lançamento de Receita;1.352.702,74;500;Recursos não vinculados de Impostos;"Não ";Não Aplicável
Cabedelo;201040;Prefeitura Municipal de Cabedelo;022026;2026;12415001;Contribuição para o Custeio do Serviço de Iluminação Pública - Principal;Lançamento de Receita;1.352.001,48;500;Recursos não vinculados de Impostos;"Não ";Não Aplicável
Cabedelo;201040;Prefeitura Municipal de Cabedelo;012026;2026;12415001;Contribuição para o Custeio do Serviço de Iluminação Pública - Principal;Lançamento de Receita;1.285.344,73;500;Recursos não vinculados de Impostos;"Não ";Não Aplicável
Cabedelo;201040;Prefeitura Municipal de Cabedelo;052026;2026;11220101;Taxas pela Prestação de Serviços em Geral - Principal;Lançamento de Receita;355.149,1;500;Recursos não vinculados de Impostos;"Não ";Não Aplicável
Cabedelo;201040;Prefeitura Municipal de Cabedelo;042026;2026;11220101;Taxas pela Prestação de Serviços em Geral - Principal;Lançamento de Receita;51.728,83;500;Recursos não vinculados de Impostos;"Não ";Não Aplicável
Cabedelo;201040;Prefeitura Municipal de Cabedelo;032026;2026;11220101;Taxas pela Prestação de Serviços em Geral - Principal;Lançamento de Receita;74.942,64;500;Recursos não vinculados de Impostos;"Não ";Não Aplicável
Cabedelo;201040;Prefeitura Municipal de Cabedelo;022026;2026;11220101;Taxas pela Prestação de Serviços em Geral - Principal;Lançamento de Receita;124.176,39;500;Recursos não vinculados de Impostos;"Não ";Não Aplicável
Cabedelo;201040;Prefeitura Municipal de Cabedelo;012026;2026;11220101;Taxas pela Prestação de Serviços em Geral - Principal;Lançamento de Receita;42.084,67;500;Recursos não vinculados de Impostos;"Não ";Não Aplicável
Cabedelo;201040;Prefeitura Municipal de Cabedelo;052026;2026;11210402;Taxa de Controle e Fiscalização Ambiental - Multas e Juros de Mora;Lançamento de Receita;96.740,45;759;Recursos vinculados a fundos;"Não ";Não Aplicável
Cabedelo;201040;Prefeitura Municipal de Cabedelo;042026;2026;11210402;Taxa de Controle e Fiscalização Ambiental - Multas e Juros de Mora;Lançamento de Receita;126.193,66;759;Recursos vinculados a fundos;"Não ";Não Aplicável
Cabedelo;201040;Prefeitura Municipal de Cabedelo;032026;2026;11210402;Taxa de Controle e Fiscalização Ambiental - Multas e Juros de Mora;Lançamento de Receita;124.479,03;759;Recursos vinculados a fundos;"Não ";Não Aplicável
Cabedelo;201040;Prefeitura Municipal de Cabedelo;022026;2026;11210402;Taxa de Controle e Fiscalização Ambiental - Multas e Juros de Mora;Lançamento de Receita;105.037,05;759;Recursos vinculados a fundos;"Não ";Não Aplicável
Cabedelo;201040;Prefeitura Municipal de Cabedelo;012026;2026;11210402;Taxa de Controle e Fiscalização Ambiental - Multas e Juros de Mora;Lançamento de Receita;143.239,26;759;Recursos vinculados a fundos;"Não ";Não Aplicável
Cabedelo;201040;Prefeitura Municipal de Cabedelo;052026;2026;11210401;Taxa de Controle e Fiscalização Ambiental - Principal;Lançamento de Receita;36.685,21;759;Recursos vinculados a fundos;"Não ";Não Aplicável
Cabedelo;201040;Prefeitura Municipal de Cabedelo;052026;2026;11210101;Taxas de Inspeção, Controle e Fiscalização - Principal;Lançamento de Receita;57.025,83;500;Recursos não vinculados de Impostos;"Não ";Não Aplicável
Cabedelo;201040;Prefeitura Municipal de Cabedelo;042026;2026;11210101;Taxas de Inspeção, Controle e Fiscalização - Principal;Lançamento de Receita;54.489,35;500;Recursos não vinculados de Impostos;"Não ";Não Aplicável
Cabedelo;201040;Prefeitura Municipal de Cabedelo;032026;2026;11210101;Taxas de Inspeção, Controle e Fiscalização - Principal;Lançamento de Receita;80.875,83;500;Recursos não vinculados de Impostos;"Não ";Não Aplicável
Cabedelo;201040;Prefeitura Municipal de Cabedelo;022026;2026;11210101;Taxas de Inspeção, Controle e Fiscalização - Principal;Lançamento de Receita;41.125,61;500;Recursos não vinculados de Impostos;"Não ";Não Aplicável
Cabedelo;201040;Prefeitura Municipal de Cabedelo;012026;2026;11210101;Taxas de Inspeção, Controle e Fiscalização - Principal;Lançamento de Receita;53.089,05;500;Recursos não vinculados de Impostos;"Não ";Não Aplicável
Cabedelo;201040;Prefeitura Municipal de Cabedelo;042026;2026;11145113;Imposto sobre Serviços de Qualquer Natureza - ISSQN - Dívida Ativa;Lançamento de Receita;3.445,99;500;Recursos não vinculados de Impostos;1001;Identificação das despesas com manutenção e desenvolvimento do ensino
Cabedelo;201040;Prefeitura Municipal de Cabedelo;042026;2026;11145113;Imposto sobre Serviços de Qualquer Natureza - ISSQN - Dívida Ativa;Lançamento de Receita;8.270,4;500;Recursos não vinculados de Impostos;"Não ";Não Aplicável
Cabedelo;201040;Prefeitura Municipal de Cabedelo;042026;2026;11145113;Imposto sobre Serviços de Qualquer Natureza - ISSQN - Dívida Ativa;Lançamento de Receita;2.067,61;500;Recursos não vinculados de Impostos;1002;Identificação das despesas com ações e serviços públicos de saúde
Cabedelo;201040;Prefeitura Municipal de Cabedelo;032026;2026;11145113;Imposto sobre Serviços de Qualquer Natureza - ISSQN - Dívida Ativa;Lançamento de Receita;-19.635,68;500;Recursos não vinculados de Impostos;"Não ";Não Aplicável
Cabedelo;201040;Prefeitura Municipal de Cabedelo;032026;2026;11145113;Imposto sobre Serviços de Qualquer Natureza - ISSQN - Dívida Ativa;Lançamento de Receita;-4.908,92;500;Recursos não vinculados de Impostos;1002;Identificação das despesas com ações e serviços públicos de saúde
Cabedelo;201040;Prefeitura Municipal de Cabedelo;032026;2026;11145113;Imposto sobre Serviços de Qualquer Natureza - ISSQN - Dívida Ativa;Lançamento de Receita;-8.181,54;500;Recursos não vinculados de Impostos;1001;Identificação das despesas com manutenção e desenvolvimento do ensino
Cabedelo;201040;Prefeitura Municipal de Cabedelo;022026;2026;11145113;Imposto sobre Serviços de Qualquer Natureza - ISSQN - Dívida Ativa;Lançamento de Receita;7.940,99;500;Recursos não vinculados de Impostos;1002;Identificação das despesas com ações e serviços públicos de saúde
Cabedelo;201040;Prefeitura Municipal de Cabedelo;022026;2026;11145113;Imposto sobre Serviços de Qualquer Natureza - ISSQN - Dívida Ativa;Lançamento de Receita;31.763,9;500;Recursos não vinculados de Impostos;"Não ";Não Aplicável
Cabedelo;201040;Prefeitura Municipal de Cabedelo;022026;2026;11145113;Imposto sobre Serviços de Qualquer Natureza - ISSQN - Dívida Ativa;Lançamento de Receita;13.234,95;500;Recursos não vinculados de Impostos;1001;Identificação das despesas com manutenção e desenvolvimento do ensino
Cabedelo;201040;Prefeitura Municipal de Cabedelo;012026;2026;11145113;Imposto sobre Serviços de Qualquer Natureza - ISSQN - Dívida Ativa;Lançamento de Receita;866,68;500;Recursos não vinculados de Impostos;"Não ";Não Aplicável
Cabedelo;201040;Prefeitura Municipal de Cabedelo;012026;2026;11145113;Imposto sobre Serviços de Qualquer Natureza - ISSQN - Dívida Ativa;Lançamento de Receita;216,66;500;Recursos não vinculados de Impostos;1002;Identificação das despesas com ações e serviços públicos de saúde
Cabedelo;201040;Prefeitura Municipal de Cabedelo;012026;2026;11145113;Imposto sobre Serviços de Qualquer Natureza - ISSQN - Dívida Ativa;Lançamento de Receita;361,12;500;Recursos não vinculados de Impostos;1001;Identificação das despesas com manutenção e desenvolvimento do ensino
Cabedelo;201040;Prefeitura Municipal de Cabedelo;052026;2026;11145111;Imposto sobre Serviços de Qualquer Natureza - ISSQN - Principal;Lançamento de Receita;968.787,36;500;Recursos não vinculados de Impostos;1001;Identificação das despesas com manutenção e desenvolvimento do ensino
Cabedelo;201040;Prefeitura Municipal de Cabedelo;052026;2026;11145111;Imposto sobre Serviços de Qualquer Natureza - ISSQN - Principal;Lançamento de Receita;968.787,06;500;Recursos não vinculados de Impostos;1002;Identificação das despesas com ações e serviços públicos de saúde
Cabedelo;201040;Prefeitura Municipal de Cabedelo;052026;2026;11145111;Imposto sobre Serviços de Qualquer Natureza - ISSQN - Principal;Lançamento de Receita;2.906.362,11;500;Recursos não vinculados de Impostos;"Não ";Não Aplicável
Cabedelo;201040;Prefeitura Municipal de Cabedelo;042026;2026;11145111;Imposto sobre Serviços de Qualquer Natureza - ISSQN - Principal;Lançamento de Receita;3.131.265,52;500;Recursos não vinculados de Impostos;"Não ";Não Aplicável
Cabedelo;201040;Prefeitura Municipal de Cabedelo;042026;2026;11145111;Imposto sobre Serviços de Qualquer Natureza - ISSQN - Principal;Lançamento de Receita;1.043.755,19;500;Recursos não vinculados de Impostos;1001;Identificação das despesas com manutenção e desenvolvimento do ensino
Cabedelo;201040;Prefeitura Municipal de Cabedelo;042026;2026;11145111;Imposto sobre Serviços de Qualquer Natureza - ISSQN - Principal;Lançamento de Receita;1.043.755,14;500;Recursos não vinculados de Impostos;1002;Identificação das despesas com ações e serviços públicos de saúde
Cabedelo;201040;Prefeitura Municipal de Cabedelo;032026;2026;11145111;Imposto sobre Serviços de Qualquer Natureza - ISSQN - Principal;Lançamento de Receita;957.265,19;500;Recursos não vinculados de Impostos;1002;Identificação das despesas com ações e serviços públicos de saúde
Cabedelo;201040;Prefeitura Municipal de Cabedelo;032026;2026;11145111;Imposto sobre Serviços de Qualquer Natureza - ISSQN - Principal;Lançamento de Receita;957.265,25;500;Recursos não vinculados de Impostos;1001;Identificação das despesas com manutenção e desenvolvimento do ensino
Cabedelo;201040;Prefeitura Municipal de Cabedelo;032026;2026;11145111;Imposto sobre Serviços de Qualquer Natureza - ISSQN - Principal;Lançamento de Receita;2.871.795,97;500;Recursos não vinculados de Impostos;"Não ";Não Aplicável
Cabedelo;201040;Prefeitura Municipal de Cabedelo;022026;2026;11145111;Imposto sobre Serviços de Qualquer Natureza - ISSQN - Principal;Lançamento de Receita;2.689.031,45;500;Recursos não vinculados de Impostos;"Não ";Não Aplicável
Cabedelo;201040;Prefeitura Municipal de Cabedelo;022026;2026;11145111;Imposto sobre Serviços de Qualquer Natureza - ISSQN - Principal;Lançamento de Receita;896.343,85;500;Recursos não vinculados de Impostos;1001;Identificação das despesas com manutenção e desenvolvimento do ensino
Cabedelo;201040;Prefeitura Municipal de Cabedelo;022026;2026;11145111;Imposto sobre Serviços de Qualquer Natureza - ISSQN - Principal;Lançamento de Receita;896.343,77;500;Recursos não vinculados de Impostos;1002;Identificação das despesas com ações e serviços públicos de saúde
Cabedelo;201040;Prefeitura Municipal de Cabedelo;012026;2026;11145111;Imposto sobre Serviços de Qualquer Natureza - ISSQN - Principal;Lançamento de Receita;3.152.703,96;500;Recursos não vinculados de Impostos;"Não ";Não Aplicável
Cabedelo;201040;Prefeitura Municipal de Cabedelo;012026;2026;11145111;Imposto sobre Serviços de Qualquer Natureza - ISSQN - Principal;Lançamento de Receita;1.050.901,11;500;Recursos não vinculados de Impostos;1002;Identificação das despesas com ações e serviços públicos de saúde
Cabedelo;201040;Prefeitura Municipal de Cabedelo;012026;2026;11145111;Imposto sobre Serviços de Qualquer Natureza - ISSQN - Principal;Lançamento de Receita;1.050.901,34;500;Recursos não vinculados de Impostos;1001;Identificação das despesas com manutenção e desenvolvimento do ensino
Cabedelo;201040;Prefeitura Municipal de Cabedelo;052026;2026;11130341;Imposto sobre a Renda - Retido na Fonte - Outros Rendimentos - Principal;Lançamento de Receita;256.663,5;500;Recursos não vinculados de Impostos;1001;Identificação das despesas com manutenção e desenvolvimento do ensino
Cabedelo;201040;Prefeitura Municipal de Cabedelo;052026;2026;11130341;Imposto sobre a Renda - Retido na Fonte - Outros Rendimentos - Principal;Lançamento de Receita;769.990,33;500;Recursos não vinculados de Impostos;"Não ";Não Aplicável
Cabedelo;201040;Prefeitura Municipal de Cabedelo;052026;2026;11130341;Imposto sobre a Renda - Retido na Fonte - Outros Rendimentos - Principal;Lançamento de Receita;256.663,5;500;Recursos não vinculados de Impostos;1002;Identificação das despesas com ações e serviços públicos de saúde
Cabedelo;201040;Prefeitura Municipal de Cabedelo;042026;2026;11130341;Imposto sobre a Renda - Retido na Fonte - Outros Rendimentos - Principal;Lançamento de Receita;435.015,33;500;Recursos não vinculados de Impostos;1001;Identificação das despesas com manutenção e desenvolvimento do ensino
Cabedelo;201040;Prefeitura Municipal de Cabedelo;042026;2026;11130341;Imposto sobre a Renda - Retido na Fonte - Outros Rendimentos - Principal;Lançamento de Receita;435.015,34;500;Recursos não vinculados de Impostos;1002;Identificação das despesas com ações e serviços públicos de saúde
Cabedelo;201040;Prefeitura Municipal de Cabedelo;042026;2026;11130341;Imposto sobre a Renda - Retido na Fonte - Outros Rendimentos - Principal;Lançamento de Receita;1.305.045,9;500;Recursos não vinculados de Impostos;"Não ";Não Aplicável
Cabedelo;201040;Prefeitura Municipal de Cabedelo;032026;2026;11130341;Imposto sobre a Renda - Retido na Fonte - Outros Rendimentos - Principal;Lançamento de Receita;1.312.103,37;500;Recursos não vinculados de Impostos;"Não ";Não Aplicável
Cabedelo;201040;Prefeitura Municipal de Cabedelo;032026;2026;11130341;Imposto sobre a Renda - Retido na Fonte - Outros Rendimentos - Principal;Lançamento de Receita;437.367,88;500;Recursos não vinculados de Impostos;1001;Identificação das despesas com manutenção e desenvolvimento do ensino
Cabedelo;201040;Prefeitura Municipal de Cabedelo;032026;2026;11130341;Imposto sobre a Renda - Retido na Fonte - Outros Rendimentos - Principal;Lançamento de Receita;437.367,84;500;Recursos não vinculados de Impostos;1002;Identificação das despesas com ações e serviços públicos de saúde
Cabedelo;201040;Prefeitura Municipal de Cabedelo;022026;2026;11130341;Imposto sobre a Renda - Retido na Fonte - Outros Rendimentos - Principal;Lançamento de Receita;266.301,63;500;Recursos não vinculados de Impostos;1002;Identificação das despesas com ações e serviços públicos de saúde
Cabedelo;201040;Prefeitura Municipal de Cabedelo;022026;2026;11130341;Imposto sobre a Renda - Retido na Fonte - Outros Rendimentos - Principal;Lançamento de Receita;266.301,73;500;Recursos não vinculados de Impostos;1001;Identificação das despesas com manutenção e desenvolvimento do ensino
Cabedelo;201040;Prefeitura Municipal de Cabedelo;022026;2026;11130341;Imposto sobre a Renda - Retido na Fonte - Outros Rendimentos - Principal;Lançamento de Receita;798.905,14;500;Recursos não vinculados de Impostos;"Não ";Não Aplicável
Cabedelo;201040;Prefeitura Municipal de Cabedelo;012026;2026;11130341;Imposto sobre a Renda - Retido na Fonte - Outros Rendimentos - Principal;Lançamento de Receita;408.526,47;500;Recursos não vinculados de Impostos;1002;Identificação das despesas com ações e serviços públicos de saúde
Cabedelo;201040;Prefeitura Municipal de Cabedelo;012026;2026;11130341;Imposto sobre a Renda - Retido na Fonte - Outros Rendimentos - Principal;Lançamento de Receita;408.526,46;500;Recursos não vinculados de Impostos;1001;Identificação das despesas com manutenção e desenvolvimento do ensino
Cabedelo;201040;Prefeitura Municipal de Cabedelo;012026;2026;11130341;Imposto sobre a Renda - Retido na Fonte - Outros Rendimentos - Principal;Lançamento de Receita;1.225.579,36;500;Recursos não vinculados de Impostos;"Não ";Não Aplicável
Cabedelo;201040;Prefeitura Municipal de Cabedelo;052026;2026;11130101;Imposto sobre a Renda de Pessoa Física - IRPF - Principal;Lançamento de Receita;76.439,03;500;Recursos não vinculados de Impostos;"Não ";Não Aplicável
Cabedelo;201040;Prefeitura Municipal de Cabedelo;052026;2026;11130101;Imposto sobre a Renda de Pessoa Física - IRPF - Principal;Lançamento de Receita;25.479,68;500;Recursos não vinculados de Impostos;1002;Identificação das despesas com ações e serviços públicos de saúde
Cabedelo;201040;Prefeitura Municipal de Cabedelo;052026;2026;11130101;Imposto sobre a Renda de Pessoa Física - IRPF - Principal;Lançamento de Receita;25.479,66;500;Recursos não vinculados de Impostos;1001;Identificação das despesas com manutenção e desenvolvimento do ensino
Cabedelo;201040;Prefeitura Municipal de Cabedelo;032026;2026;11130101;Imposto sobre a Renda de Pessoa Física - IRPF - Principal;Lançamento de Receita;24.909,32;500;Recursos não vinculados de Impostos;1001;Identificação das despesas com manutenção e desenvolvimento do ensino
Cabedelo;201040;Prefeitura Municipal de Cabedelo;032026;2026;11130101;Imposto sobre a Renda de Pessoa Física - IRPF - Principal;Lançamento de Receita;74.727,96;500;Recursos não vinculados de Impostos;"Não ";Não Aplicável
Cabedelo;201040;Prefeitura Municipal de Cabedelo;032026;2026;11130101;Imposto sobre a Renda de Pessoa Física - IRPF - Principal;Lançamento de Receita;24.909,32;500;Recursos não vinculados de Impostos;1002;Identificação das despesas com ações e serviços públicos de saúde
Cabedelo;201040;Prefeitura Municipal de Cabedelo;022026;2026;11130101;Imposto sobre a Renda de Pessoa Física - IRPF - Principal;Lançamento de Receita;562.535,39;500;Recursos não vinculados de Impostos;"Não ";Não Aplicável
Cabedelo;201040;Prefeitura Municipal de Cabedelo;022026;2026;11130101;Imposto sobre a Renda de Pessoa Física - IRPF - Principal;Lançamento de Receita;187.511,8;500;Recursos não vinculados de Impostos;1001;Identificação das despesas com manutenção e desenvolvimento do ensino
Cabedelo;201040;Prefeitura Municipal de Cabedelo;022026;2026;11130101;Imposto sobre a Renda de Pessoa Física - IRPF - Principal;Lançamento de Receita;187.511,79;500;Recursos não vinculados de Impostos;1002;Identificação das despesas com ações e serviços públicos de saúde
Cabedelo;201040;Prefeitura Municipal de Cabedelo;012026;2026;11130101;Imposto sobre a Renda de Pessoa Física - IRPF - Principal;Lançamento de Receita;119.720,24;500;Recursos não vinculados de Impostos;1002;Identificação das despesas com ações e serviços públicos de saúde
Cabedelo;201040;Prefeitura Municipal de Cabedelo;012026;2026;11130101;Imposto sobre a Renda de Pessoa Física - IRPF - Principal;Lançamento de Receita;359.160,78;500;Recursos não vinculados de Impostos;"Não ";Não Aplicável
Cabedelo;201040;Prefeitura Municipal de Cabedelo;012026;2026;11130101;Imposto sobre a Renda de Pessoa Física - IRPF - Principal;Lançamento de Receita;119.720,26;500;Recursos não vinculados de Impostos;1001;Identificação das despesas com manutenção e desenvolvimento do ensino
Cabedelo;201040;Prefeitura Municipal de Cabedelo;052026;2026;11125301;"Impostos sobre Transmissão ""Inter Vivos"" de Bens Imóveis e de Direitos Reais sobre Imóveis - Principal";Lançamento de Receita;590.268,8;500;Recursos não vinculados de Impostos;1002;Identificação das despesas com ações e serviços públicos de saúde
Cabedelo;201040;Prefeitura Municipal de Cabedelo;052026;2026;11125301;"Impostos sobre Transmissão ""Inter Vivos"" de Bens Imóveis e de Direitos Reais sobre Imóveis - Principal";Lançamento de Receita;590.268,8;500;Recursos não vinculados de Impostos;1001;Identificação das despesas com manutenção e desenvolvimento do ensino
Cabedelo;201040;Prefeitura Municipal de Cabedelo;052026;2026;11125301;"Impostos sobre Transmissão ""Inter Vivos"" de Bens Imóveis e de Direitos Reais sobre Imóveis - Principal";Lançamento de Receita;1.770.806,41;500;Recursos não vinculados de Impostos;"Não ";Não Aplicável
Cabedelo;201040;Prefeitura Municipal de Cabedelo;042026;2026;11125301;"Impostos sobre Transmissão ""Inter Vivos"" de Bens Imóveis e de Direitos Reais sobre Imóveis - Principal";Lançamento de Receita;611.622,19;500;Recursos não vinculados de Impostos;1001;Identificação das despesas com manutenção e desenvolvimento do ensino
Cabedelo;201040;Prefeitura Municipal de Cabedelo;042026;2026;11125301;"Impostos sobre Transmissão ""Inter Vivos"" de Bens Imóveis e de Direitos Reais sobre Imóveis - Principal";Lançamento de Receita;611.622,2;500;Recursos não vinculados de Impostos;1002;Identificação das despesas com ações e serviços públicos de saúde
Cabedelo;201040;Prefeitura Municipal de Cabedelo;042026;2026;11125301;"Impostos sobre Transmissão ""Inter Vivos"" de Bens Imóveis e de Direitos Reais sobre Imóveis - Principal";Lançamento de Receita;1.834.866,6;500;Recursos não vinculados de Impostos;"Não ";Não Aplicável
Cabedelo;201040;Prefeitura Municipal de Cabedelo;032026;2026;11125301;"Impostos sobre Transmissão ""Inter Vivos"" de Bens Imóveis e de Direitos Reais sobre Imóveis - Principal";Lançamento de Receita;2.077.071,22;500;Recursos não vinculados de Impostos;"Não ";Não Aplicável
Cabedelo;201040;Prefeitura Municipal de Cabedelo;032026;2026;11125301;"Impostos sobre Transmissão ""Inter Vivos"" de Bens Imóveis e de Direitos Reais sobre Imóveis - Principal";Lançamento de Receita;692.357,08;500;Recursos não vinculados de Impostos;1001;Identificação das despesas com manutenção e desenvolvimento do ensino
Cabedelo;201040;Prefeitura Municipal de Cabedelo;032026;2026;11125301;"Impostos sobre Transmissão ""Inter Vivos"" de Bens Imóveis e de Direitos Reais sobre Imóveis - Principal";Lançamento de Receita;692.357,05;500;Recursos não vinculados de Impostos;1002;Identificação das despesas com ações e serviços públicos de saúde
Cabedelo;201040;Prefeitura Municipal de Cabedelo;022026;2026;11125301;"Impostos sobre Transmissão ""Inter Vivos"" de Bens Imóveis e de Direitos Reais sobre Imóveis - Principal";Lançamento de Receita;545.342,16;500;Recursos não vinculados de Impostos;1001;Identificação das despesas com manutenção e desenvolvimento do ensino
Cabedelo;201040;Prefeitura Municipal de Cabedelo;022026;2026;11125301;"Impostos sobre Transmissão ""Inter Vivos"" de Bens Imóveis e de Direitos Reais sobre Imóveis - Principal";Lançamento de Receita;545.342,17;500;Recursos não vinculados de Impostos;1002;Identificação das despesas com ações e serviços públicos de saúde
Cabedelo;201040;Prefeitura Municipal de Cabedelo;022026;2026;11125301;"Impostos sobre Transmissão ""Inter Vivos"" de Bens Imóveis e de Direitos Reais sobre Imóveis - Principal";Lançamento de Receita;1.636.026,48;500;Recursos não vinculados de Impostos;"Não ";Não Aplicável
Cabedelo;201040;Prefeitura Municipal de Cabedelo;012026;2026;11125301;"Impostos sobre Transmissão ""Inter Vivos"" de Bens Imóveis e de Direitos Reais sobre Imóveis - Principal";Lançamento de Receita;2.248.562,54;500;Recursos não vinculados de Impostos;"Não ";Não Aplicável
Cabedelo;201040;Prefeitura Municipal de Cabedelo;012026;2026;11125301;"Impostos sobre Transmissão ""Inter Vivos"" de Bens Imóveis e de Direitos Reais sobre Imóveis - Principal";Lançamento de Receita;749.520,85;500;Recursos não vinculados de Impostos;1002;Identificação das despesas com ações e serviços públicos de saúde
Cabedelo;201040;Prefeitura Municipal de Cabedelo;012026;2026;11125301;"Impostos sobre Transmissão ""Inter Vivos"" de Bens Imóveis e de Direitos Reais sobre Imóveis - Principal";Lançamento de Receita;749.520,83;500;Recursos não vinculados de Impostos;1001;Identificação das despesas com manutenção e desenvolvimento do ensino
Cabedelo;201040;Prefeitura Municipal de Cabedelo;052026;2026;11125004;Imposto sobre a Propriedade Predial e Territorial Urbana - Dívida Ativa - Multas e Juros de Mora da Dívida Ativa;Lançamento de Receita;17.429,54;500;Recursos não vinculados de Impostos;1002;Identificação das despesas com ações e serviços públicos de saúde
Cabedelo;201040;Prefeitura Municipal de Cabedelo;052026;2026;11125004;Imposto sobre a Propriedade Predial e Territorial Urbana - Dívida Ativa - Multas e Juros de Mora da Dívida Ativa;Lançamento de Receita;69.718,32;500;Recursos não vinculados de Impostos;"Não ";Não Aplicável
Cabedelo;201040;Prefeitura Municipal de Cabedelo;052026;2026;11125004;Imposto sobre a Propriedade Predial e Territorial Urbana - Dívida Ativa - Multas e Juros de Mora da Dívida Ativa;Lançamento de Receita;29.049,28;500;Recursos não vinculados de Impostos;1001;Identificação das despesas com manutenção e desenvolvimento do ensino
Cabedelo;201040;Prefeitura Municipal de Cabedelo;042026;2026;11125004;Imposto sobre a Propriedade Predial e Territorial Urbana - Dívida Ativa - Multas e Juros de Mora da Dívida Ativa;Lançamento de Receita;136.642,79;500;Recursos não vinculados de Impostos;"Não ";Não Aplicável
Cabedelo;201040;Prefeitura Municipal de Cabedelo;042026;2026;11125004;Imposto sobre a Propriedade Predial e Territorial Urbana - Dívida Ativa - Multas e Juros de Mora da Dívida Ativa;Lançamento de Receita;56.934,48;500;Recursos não vinculados de Impostos;1001;Identificação das despesas com manutenção e desenvolvimento do ensino
Cabedelo;201040;Prefeitura Municipal de Cabedelo;042026;2026;11125004;Imposto sobre a Propriedade Predial e Territorial Urbana - Dívida Ativa - Multas e Juros de Mora da Dívida Ativa;Lançamento de Receita;34.160,72;500;Recursos não vinculados de Impostos;1002;Identificação das despesas com ações e serviços públicos de saúde
Cabedelo;201040;Prefeitura Municipal de Cabedelo;032026;2026;11125004;Imposto sobre a Propriedade Predial e Territorial Urbana - Dívida Ativa - Multas e Juros de Mora da Dívida Ativa;Lançamento de Receita;164.978,75;500;Recursos não vinculados de Impostos;"Não ";Não Aplicável
Cabedelo;201040;Prefeitura Municipal de Cabedelo;032026;2026;11125004;Imposto sobre a Propriedade Predial e Territorial Urbana - Dívida Ativa - Multas e Juros de Mora da Dívida Ativa;Lançamento de Receita;68.741,17;500;Recursos não vinculados de Impostos;1001;Identificação das despesas com manutenção e desenvolvimento do ensino
Cabedelo;201040;Prefeitura Municipal de Cabedelo;032026;2026;11125004;Imposto sobre a Propriedade Predial e Territorial Urbana - Dívida Ativa - Multas e Juros de Mora da Dívida Ativa;Lançamento de Receita;41.244,66;500;Recursos não vinculados de Impostos;1002;Identificação das despesas com ações e serviços públicos de saúde
Cabedelo;201040;Prefeitura Municipal de Cabedelo;022026;2026;11125004;Imposto sobre a Propriedade Predial e Territorial Urbana - Dívida Ativa - Multas e Juros de Mora da Dívida Ativa;Lançamento de Receita;117.097,06;500;Recursos não vinculados de Impostos;"Não ";Não Aplicável
Cabedelo;201040;Prefeitura Municipal de Cabedelo;022026;2026;11125004;Imposto sobre a Propriedade Predial e Territorial Urbana - Dívida Ativa - Multas e Juros de Mora da Dívida Ativa;Lançamento de Receita;48.790,45;500;Recursos não vinculados de Impostos;1001;Identificação das despesas com manutenção e desenvolvimento do ensino
Cabedelo;201040;Prefeitura Municipal de Cabedelo;022026;2026;11125004;Imposto sobre a Propriedade Predial e Territorial Urbana - Dívida Ativa - Multas e Juros de Mora da Dívida Ativa;Lançamento de Receita;29.274,26;500;Recursos não vinculados de Impostos;1002;Identificação das despesas com ações e serviços públicos de saúde
Cabedelo;201040;Prefeitura Municipal de Cabedelo;012026;2026;11125004;Imposto sobre a Propriedade Predial e Territorial Urbana - Dívida Ativa - Multas e Juros de Mora da Dívida Ativa;Lançamento de Receita;35.920,8;500;Recursos não vinculados de Impostos;1002;Identificação das despesas com ações e serviços públicos de saúde
Cabedelo;201040;Prefeitura Municipal de Cabedelo;012026;2026;11125004;Imposto sobre a Propriedade Predial e Territorial Urbana - Dívida Ativa - Multas e Juros de Mora da Dívida Ativa;Lançamento de Receita;59.868,11;500;Recursos não vinculados de Impostos;1001;Identificação das despesas com manutenção e desenvolvimento do ensino
Cabedelo;201040;Prefeitura Municipal de Cabedelo;012026;2026;11125004;Imposto sobre a Propriedade Predial e Territorial Urbana - Dívida Ativa - Multas e Juros de Mora da Dívida Ativa;Lançamento de Receita;143.683,45;500;Recursos não vinculados de Impostos;"Não ";Não Aplicável
Cabedelo;201040;Prefeitura Municipal de Cabedelo;052026;2026;11125003;Imposto sobre a Propriedade Predial e Territorial Urbana - Dívida Ativa;Lançamento de Receita;548.417,91;500;Recursos não vinculados de Impostos;"Não ";Não Aplicável
Cabedelo;201040;Prefeitura Municipal de Cabedelo;052026;2026;11125003;Imposto sobre a Propriedade Predial e Territorial Urbana - Dívida Ativa;Lançamento de Receita;182.805,99;500;Recursos não vinculados de Impostos;1002;Identificação das despesas com ações e serviços públicos de saúde
Cabedelo;201040;Prefeitura Municipal de Cabedelo;052026;2026;11125003;Imposto sobre a Propriedade Predial e Territorial Urbana - Dívida Ativa;Lançamento de Receita;182.806,01;500;Recursos não vinculados de Impostos;1001;Identificação das despesas com manutenção e desenvolvimento do ensino
Cabedelo;201040;Prefeitura Municipal de Cabedelo;042026;2026;11125003;Imposto sobre a Propriedade Predial e Territorial Urbana - Dívida Ativa;Lançamento de Receita;413.252,52;500;Recursos não vinculados de Impostos;"Não ";Não Aplicável
Cabedelo;201040;Prefeitura Municipal de Cabedelo;042026;2026;11125003;Imposto sobre a Propriedade Predial e Territorial Urbana - Dívida Ativa;Lançamento de Receita;137.750,88;500;Recursos não vinculados de Impostos;1001;Identificação das despesas com manutenção e desenvolvimento do ensino
Cabedelo;201040;Prefeitura Municipal de Cabedelo;042026;2026;11125003;Imposto sobre a Propriedade Predial e Territorial Urbana - Dívida Ativa;Lançamento de Receita;137.750,81;500;Recursos não vinculados de Impostos;1002;Identificação das despesas com ações e serviços públicos de saúde
Cabedelo;201040;Prefeitura Municipal de Cabedelo;032026;2026;11125003;Imposto sobre a Propriedade Predial e Territorial Urbana - Dívida Ativa;Lançamento de Receita;174.074,24;500;Recursos não vinculados de Impostos;1001;Identificação das despesas com manutenção e desenvolvimento do ensino
Cabedelo;201040;Prefeitura Municipal de Cabedelo;032026;2026;11125003;Imposto sobre a Propriedade Predial e Territorial Urbana - Dívida Ativa;Lançamento de Receita;174.074,21;500;Recursos não vinculados de Impostos;1002;Identificação das despesas com ações e serviços públicos de saúde
Cabedelo;201040;Prefeitura Municipal de Cabedelo;032026;2026;11125003;Imposto sobre a Propriedade Predial e Territorial Urbana - Dívida Ativa;Lançamento de Receita;522.222,66;500;Recursos não vinculados de Impostos;"Não ";Não Aplicável
Cabedelo;201040;Prefeitura Municipal de Cabedelo;022026;2026;11125003;Imposto sobre a Propriedade Predial e Territorial Urbana - Dívida Ativa;Lançamento de Receita;121.200,57;500;Recursos não vinculados de Impostos;1002;Identificação das despesas com ações e serviços públicos de saúde
Cabedelo;201040;Prefeitura Municipal de Cabedelo;022026;2026;11125003;Imposto sobre a Propriedade Predial e Territorial Urbana - Dívida Ativa;Lançamento de Receita;363.601,75;500;Recursos não vinculados de Impostos;"Não ";Não Aplicável
Cabedelo;201040;Prefeitura Municipal de Cabedelo;022026;2026;11125003;Imposto sobre a Propriedade Predial e Territorial Urbana - Dívida Ativa;Lançamento de Receita;121.200,57;500;Recursos não vinculados de Impostos;1001;Identificação das despesas com manutenção e desenvolvimento do ensino
Cabedelo;201040;Prefeitura Municipal de Cabedelo;012026;2026;11125003;Imposto sobre a Propriedade Predial e Territorial Urbana - Dívida Ativa;Lançamento de Receita;134.068,91;500;Recursos não vinculados de Impostos;1002;Identificação das despesas com ações e serviços públicos de saúde
Cabedelo;201040;Prefeitura Municipal de Cabedelo;012026;2026;11125003;Imposto sobre a Propriedade Predial e Territorial Urbana - Dívida Ativa;Lançamento de Receita;402.206,73;500;Recursos não vinculados de Impostos;"Não ";Não Aplicável
Cabedelo;201040;Prefeitura Municipal de Cabedelo;012026;2026;11125003;Imposto sobre a Propriedade Predial e Territorial Urbana - Dívida Ativa;Lançamento de Receita;134.068,93;500;Recursos não vinculados de Impostos;1001;Identificação das despesas com manutenção e desenvolvimento do ensino
Cabedelo;201040;Prefeitura Municipal de Cabedelo;052026;2026;11125001;Imposto sobre a Propriedade Predial e Territorial Urbana - Principal;Lançamento de Receita;223.429,07;500;Recursos não vinculados de Impostos;1001;Identificação das despesas com manutenção e desenvolvimento do ensino
Cabedelo;201040;Prefeitura Municipal de Cabedelo;052026;2026;11125001;Imposto sobre a Propriedade Predial e Territorial Urbana - Principal;Lançamento de Receita;536.229,8;500;Recursos não vinculados de Impostos;"Não ";Não Aplicável
Cabedelo;201040;Prefeitura Municipal de Cabedelo;052026;2026;11125001;Imposto sobre a Propriedade Predial e Territorial Urbana - Principal;Lançamento de Receita;134.057,51;500;Recursos não vinculados de Impostos;1002;Identificação das despesas com ações e serviços públicos de saúde
Cabedelo;201040;Prefeitura Municipal de Cabedelo;012026;2026;11125001;Imposto sobre a Propriedade Predial e Territorial Urbana - Principal;Lançamento de Receita;4.776,43;500;Recursos não vinculados de Impostos;1001;Identificação das despesas com manutenção e desenvolvimento do ensino
Cabedelo;201040;Prefeitura Municipal de Cabedelo;012026;2026;11125001;Imposto sobre a Propriedade Predial e Territorial Urbana - Principal;Lançamento de Receita;11.463,45;500;Recursos não vinculados de Impostos;"Não ";Não Aplicável
Cabedelo;201040;Prefeitura Municipal de Cabedelo;012026;2026;11125001;Imposto sobre a Propriedade Predial e Territorial Urbana - Principal;Lançamento de Receita;2.865,87;500;Recursos não vinculados de Impostos;1002;Identificação das despesas com ações e serviços públicos de saúde
Cabedelo;301040;Instituto de Prev. dos Serv. Mun. de Cabedelo;042026;2026;72150302;Contribuição do Servidor Civil - Parcelamentos - Multas e Juros de Mora;Lançamento de Receita;130.482,11;800;Recursos vinculados ao RPPS - Fundo em Capitalização (Plano Previdenciário);1111;Benefícios previdenciários - Poder Executivo – Fundo em Capitalização (Plano Previdenciário)
Cabedelo;301040;Instituto de Prev. dos Serv. Mun. de Cabedelo;032026;2026;72150302;Contribuição do Servidor Civil - Parcelamentos - Multas e Juros de Mora;Lançamento de Receita;127.752,69;800;Recursos vinculados ao RPPS - Fundo em Capitalização (Plano Previdenciário);1111;Benefícios previdenciários - Poder Executivo – Fundo em Capitalização (Plano Previdenciário)
Cabedelo;301040;Instituto de Prev. dos Serv. Mun. de Cabedelo;022026;2026;72150302;Contribuição do Servidor Civil - Parcelamentos - Multas e Juros de Mora;Lançamento de Receita;143.229;800;Recursos vinculados ao RPPS - Fundo em Capitalização (Plano Previdenciário);1111;Benefícios previdenciários - Poder Executivo – Fundo em Capitalização (Plano Previdenciário)
Cabedelo;301040;Instituto de Prev. dos Serv. Mun. de Cabedelo;012026;2026;72150302;Contribuição do Servidor Civil - Parcelamentos - Multas e Juros de Mora;Lançamento de Receita;141.799,99;800;Recursos vinculados ao RPPS - Fundo em Capitalização (Plano Previdenciário);1111;Benefícios previdenciários - Poder Executivo – Fundo em Capitalização (Plano Previdenciário)
Cabedelo;301040;Instituto de Prev. dos Serv. Mun. de Cabedelo;052026;2026;72150301;Contribuição do Servidor Civil - Parcelamentos - Principal;Lançamento de Receita;38.660,27;800;Recursos vinculados ao RPPS - Fundo em Capitalização (Plano Previdenciário);1111;Benefícios previdenciários - Poder Executivo – Fundo em Capitalização (Plano Previdenciário)
Cabedelo;301040;Instituto de Prev. dos Serv. Mun. de Cabedelo;042026;2026;72150301;Contribuição do Servidor Civil - Parcelamentos - Principal;Lançamento de Receita;95.997,3;800;Recursos vinculados ao RPPS - Fundo em Capitalização (Plano Previdenciário);1111;Benefícios previdenciários - Poder Executivo – Fundo em Capitalização (Plano Previdenciário)
Cabedelo;301040;Instituto de Prev. dos Serv. Mun. de Cabedelo;032026;2026;72150301;Contribuição do Servidor Civil - Parcelamentos - Principal;Lançamento de Receita;82.793,06;800;Recursos vinculados ao RPPS - Fundo em Capitalização (Plano Previdenciário);1111;Benefícios previdenciários - Poder Executivo – Fundo em Capitalização (Plano Previdenciário)
Cabedelo;301040;Instituto de Prev. dos Serv. Mun. de Cabedelo;022026;2026;72150301;Contribuição do Servidor Civil - Parcelamentos - Principal;Lançamento de Receita;74.006,1;800;Recursos vinculados ao RPPS - Fundo em Capitalização (Plano Previdenciário);1111;Benefícios previdenciários - Poder Executivo – Fundo em Capitalização (Plano Previdenciário)
Cabedelo;301040;Instituto de Prev. dos Serv. Mun. de Cabedelo;012026;2026;72150301;Contribuição do Servidor Civil - Parcelamentos - Principal;Lançamento de Receita;74.006,1;800;Recursos vinculados ao RPPS - Fundo em Capitalização (Plano Previdenciário);1111;Benefícios previdenciários - Poder Executivo – Fundo em Capitalização (Plano Previdenciário)
Cabedelo;301040;Instituto de Prev. dos Serv. Mun. de Cabedelo;052026;2026;72150211;Contribuição Patronal - Servidor Civil Ativo - Principal;Lançamento de Receita;1.433.031,4;800;Recursos vinculados ao RPPS - Fundo em Capitalização (Plano Previdenciário);1111;Benefícios previdenciários - Poder Executivo – Fundo em Capitalização (Plano Previdenciário)
Cabedelo;301040;Instituto de Prev. dos Serv. Mun. de Cabedelo;042026;2026;72150211;Contribuição Patronal - Servidor Civil Ativo - Principal;Lançamento de Receita;1.433.957,72;800;Recursos vinculados ao RPPS - Fundo em Capitalização (Plano Previdenciário);1111;Benefícios previdenciários - Poder Executivo – Fundo em Capitalização (Plano Previdenciário)
Cabedelo;301040;Instituto de Prev. dos Serv. Mun. de Cabedelo;032026;2026;72150211;Contribuição Patronal - Servidor Civil Ativo - Principal;Lançamento de Receita;812.611,45;800;Recursos vinculados ao RPPS - Fundo em Capitalização (Plano Previdenciário);1111;Benefícios previdenciários - Poder Executivo – Fundo em Capitalização (Plano Previdenciário)
Cabedelo;301040;Instituto de Prev. dos Serv. Mun. de Cabedelo;022026;2026;72150211;Contribuição Patronal - Servidor Civil Ativo - Principal;Lançamento de Receita;2.068.880,99;800;Recursos vinculados ao RPPS - Fundo em Capitalização (Plano Previdenciário);1111;Benefícios previdenciários - Poder Executivo – Fundo em Capitalização (Plano Previdenciário)
Cabedelo;301040;Instituto de Prev. dos Serv. Mun. de Cabedelo;012026;2026;72150211;Contribuição Patronal - Servidor Civil Ativo - Principal;Lançamento de Receita;2.863.371,67;800;Recursos vinculados ao RPPS - Fundo em Capitalização (Plano Previdenciário);1111;Benefícios previdenciários - Poder Executivo – Fundo em Capitalização (Plano Previdenciário)
Cabedelo;301040;Instituto de Prev. dos Serv. Mun. de Cabedelo;042026;2026;72150112;Contribuição do Servidor Civil Ativo - Multas e Juros de Mora;Lançamento de Receita;6,42;800;Recursos vinculados ao RPPS - Fundo em Capitalização (Plano Previdenciário);1111;Benefícios previdenciários - Poder Executivo – Fundo em Capitalização (Plano Previdenciário)
Cabedelo;301040;Instituto de Prev. dos Serv. Mun. de Cabedelo;032026;2026;72150112;Contribuição do Servidor Civil Ativo - Multas e Juros de Mora;Lançamento de Receita;8.934,83;800;Recursos vinculados ao RPPS - Fundo em Capitalização (Plano Previdenciário);1111;Benefícios previdenciários - Poder Executivo – Fundo em Capitalização (Plano Previdenciário)
Cabedelo;301040;Instituto de Prev. dos Serv. Mun. de Cabedelo;022026;2026;72150112;Contribuição do Servidor Civil Ativo - Multas e Juros de Mora;Lançamento de Receita;1.113,85;800;Recursos vinculados ao RPPS - Fundo em Capitalização (Plano Previdenciário);1111;Benefícios previdenciários - Poder Executivo – Fundo em Capitalização (Plano Previdenciário)
Cabedelo;301040;Instituto de Prev. dos Serv. Mun. de Cabedelo;012026;2026;72150112;Contribuição do Servidor Civil Ativo - Multas e Juros de Mora;Lançamento de Receita;4.004,43;800;Recursos vinculados ao RPPS - Fundo em Capitalização (Plano Previdenciário);1111;Benefícios previdenciários - Poder Executivo – Fundo em Capitalização (Plano Previdenciário)
Cabedelo;301040;Instituto de Prev. dos Serv. Mun. de Cabedelo;052026;2026;19999921;Outras Receitas Não Arrecadadas e Não Projetadas pela RFB - Primárias   - Principal;Lançamento de Receita;49.115,81;500;Recursos não vinculados de Impostos;"Não ";Não Aplicável
Cabedelo;301040;Instituto de Prev. dos Serv. Mun. de Cabedelo;052026;2026;19999921;Outras Receitas Não Arrecadadas e Não Projetadas pela RFB - Primárias   - Principal;Lançamento de Receita;307.000,67;802;Recursos vinculados ao RPPS - Taxa de Administração;"Não ";Não Aplicável
Cabedelo;301040;Instituto de Prev. dos Serv. Mun. de Cabedelo;042026;2026;19999921;Outras Receitas Não Arrecadadas e Não Projetadas pela RFB - Primárias   - Principal;Lançamento de Receita;306.884,72;802;Recursos vinculados ao RPPS - Taxa de Administração;"Não ";Não Aplicável
Cabedelo;301040;Instituto de Prev. dos Serv. Mun. de Cabedelo;042026;2026;19999921;Outras Receitas Não Arrecadadas e Não Projetadas pela RFB - Primárias   - Principal;Lançamento de Receita;828.501,16;500;Recursos não vinculados de Impostos;"Não ";Não Aplicável
Cabedelo;301040;Instituto de Prev. dos Serv. Mun. de Cabedelo;032026;2026;19999921;Outras Receitas Não Arrecadadas e Não Projetadas pela RFB - Primárias   - Principal;Lançamento de Receita;314.201,31;802;Recursos vinculados ao RPPS - Taxa de Administração;"Não ";Não Aplicável
Cabedelo;301040;Instituto de Prev. dos Serv. Mun. de Cabedelo;032026;2026;19999921;Outras Receitas Não Arrecadadas e Não Projetadas pela RFB - Primárias   - Principal;Lançamento de Receita;850.201,61;500;Recursos não vinculados de Impostos;"Não ";Não Aplicável
Cabedelo;301040;Instituto de Prev. dos Serv. Mun. de Cabedelo;022026;2026;19999921;Outras Receitas Não Arrecadadas e Não Projetadas pela RFB - Primárias   - Principal;Lançamento de Receita;826.709,44;500;Recursos não vinculados de Impostos;"Não ";Não Aplicável
Cabedelo;301040;Instituto de Prev. dos Serv. Mun. de Cabedelo;022026;2026;19999921;Outras Receitas Não Arrecadadas e Não Projetadas pela RFB - Primárias   - Principal;Lançamento de Receita;302.101,32;802;Recursos vinculados ao RPPS - Taxa de Administração;"Não ";Não Aplicável
Cabedelo;301040;Instituto de Prev. dos Serv. Mun. de Cabedelo;012026;2026;19999921;Outras Receitas Não Arrecadadas e Não Projetadas pela RFB - Primárias   - Principal;Lançamento de Receita;676.682,49;802;Recursos vinculados ao RPPS - Taxa de Administração;"Não ";Não Aplicável
Cabedelo;301040;Instituto de Prev. dos Serv. Mun. de Cabedelo;012026;2026;19999921;Outras Receitas Não Arrecadadas e Não Projetadas pela RFB - Primárias   - Principal;Lançamento de Receita;23.723,97;500;Recursos não vinculados de Impostos;"Não ";Não Aplicável
Cabedelo;301040;Instituto de Prev. dos Serv. Mun. de Cabedelo;052026;2026;19999912;Outras Receitas Administradas pela RFB - Multas e Juros de Mora;Lançamento de Receita;135.901,73;802;Recursos vinculados ao RPPS - Taxa de Administração;"Não ";Não Aplicável
Cabedelo;301040;Instituto de Prev. dos Serv. Mun. de Cabedelo;042026;2026;19999912;Outras Receitas Administradas pela RFB - Multas e Juros de Mora;Lançamento de Receita;5.164,56;802;Recursos vinculados ao RPPS - Taxa de Administração;"Não ";Não Aplicável
Cabedelo;301040;Instituto de Prev. dos Serv. Mun. de Cabedelo;032026;2026;19999912;Outras Receitas Administradas pela RFB - Multas e Juros de Mora;Lançamento de Receita;51.705,76;802;Recursos vinculados ao RPPS - Taxa de Administração;"Não ";Não Aplicável
Cabedelo;301040;Instituto de Prev. dos Serv. Mun. de Cabedelo;022026;2026;19999912;Outras Receitas Administradas pela RFB - Multas e Juros de Mora;Lançamento de Receita;822,89;802;Recursos vinculados ao RPPS - Taxa de Administração;"Não ";Não Aplicável
Cabedelo;301040;Instituto de Prev. dos Serv. Mun. de Cabedelo;052026;2026;19990301;Compensações Financeiras entre os Regimes de Previdência - Principal;Lançamento de Receita;129.231,95;800;Recursos vinculados ao RPPS - Fundo em Capitalização (Plano Previdenciário);1111;Benefícios previdenciários - Poder Executivo – Fundo em Capitalização (Plano Previdenciário)
Cabedelo;301040;Instituto de Prev. dos Serv. Mun. de Cabedelo;042026;2026;19990301;Compensações Financeiras entre os Regimes de Previdência - Principal;Lançamento de Receita;112.078,58;800;Recursos vinculados ao RPPS - Fundo em Capitalização (Plano Previdenciário);1111;Benefícios previdenciários - Poder Executivo – Fundo em Capitalização (Plano Previdenciário)
Cabedelo;301040;Instituto de Prev. dos Serv. Mun. de Cabedelo;032026;2026;19990301;Compensações Financeiras entre os Regimes de Previdência - Principal;Lançamento de Receita;218.529,11;800;Recursos vinculados ao RPPS - Fundo em Capitalização (Plano Previdenciário);1111;Benefícios previdenciários - Poder Executivo – Fundo em Capitalização (Plano Previdenciário)
Cabedelo;301040;Instituto de Prev. dos Serv. Mun. de Cabedelo;022026;2026;19990301;Compensações Financeiras entre os Regimes de Previdência - Principal;Lançamento de Receita;119.060,88;800;Recursos vinculados ao RPPS - Fundo em Capitalização (Plano Previdenciário);1111;Benefícios previdenciários - Poder Executivo – Fundo em Capitalização (Plano Previdenciário)
Cabedelo;301040;Instituto de Prev. dos Serv. Mun. de Cabedelo;012026;2026;19990301;Compensações Financeiras entre os Regimes de Previdência - Principal;Lançamento de Receita;594.645,81;800;Recursos vinculados ao RPPS - Fundo em Capitalização (Plano Previdenciário);1111;Benefícios previdenciários - Poder Executivo – Fundo em Capitalização (Plano Previdenciário)
Cabedelo;301040;Instituto de Prev. dos Serv. Mun. de Cabedelo;042026;2026;13210401;Remuneração dos Recursos do Regime Próprio de Previdência Social - RPPS - Principal;Lançamento de Receita;5.671.301,17;800;Recursos vinculados ao RPPS - Fundo em Capitalização (Plano Previdenciário);1111;Benefícios previdenciários - Poder Executivo – Fundo em Capitalização (Plano Previdenciário)
Cabedelo;301040;Instituto de Prev. dos Serv. Mun. de Cabedelo;042026;2026;13210401;Remuneração dos Recursos do Regime Próprio de Previdência Social - RPPS - Principal;Dedução Investimento;-1.072.597,39;800;Recursos vinculados ao RPPS - Fundo em Capitalização (Plano Previdenciário);1111;Benefícios previdenciários - Poder Executivo – Fundo em Capitalização (Plano Previdenciário)
Cabedelo;301040;Instituto de Prev. dos Serv. Mun. de Cabedelo;032026;2026;13210401;Remuneração dos Recursos do Regime Próprio de Previdência Social - RPPS - Principal;Lançamento de Receita;3.019.415,11;800;Recursos vinculados ao RPPS - Fundo em Capitalização (Plano Previdenciário);1111;Benefícios previdenciários - Poder Executivo – Fundo em Capitalização (Plano Previdenciário)
Cabedelo;301040;Instituto de Prev. dos Serv. Mun. de Cabedelo;032026;2026;13210401;Remuneração dos Recursos do Regime Próprio de Previdência Social - RPPS - Principal;Dedução Investimento;-2.853.300,36;800;Recursos vinculados ao RPPS - Fundo em Capitalização (Plano Previdenciário);1111;Benefícios previdenciários - Poder Executivo – Fundo em Capitalização (Plano Previdenciário)
Cabedelo;301040;Instituto de Prev. dos Serv. Mun. de Cabedelo;022026;2026;13210401;Remuneração dos Recursos do Regime Próprio de Previdência Social - RPPS - Principal;Lançamento de Receita;7.076.404,74;800;Recursos vinculados ao RPPS - Fundo em Capitalização (Plano Previdenciário);1111;Benefícios previdenciários - Poder Executivo – Fundo em Capitalização (Plano Previdenciário)
Cabedelo;301040;Instituto de Prev. dos Serv. Mun. de Cabedelo;022026;2026;13210401;Remuneração dos Recursos do Regime Próprio de Previdência Social - RPPS - Principal;Dedução Investimento;-467.129,3;800;Recursos vinculados ao RPPS - Fundo em Capitalização (Plano Previdenciário);1111;Benefícios previdenciários - Poder Executivo – Fundo em Capitalização (Plano Previdenciário)
Cabedelo;301040;Instituto de Prev. dos Serv. Mun. de Cabedelo;012026;2026;13210401;Remuneração dos Recursos do Regime Próprio de Previdência Social - RPPS - Principal;Lançamento de Receita;13.308.302,24;800;Recursos vinculados ao RPPS - Fundo em Capitalização (Plano Previdenciário);1111;Benefícios previdenciários - Poder Executivo – Fundo em Capitalização (Plano Previdenciário)
Cabedelo;301040;Instituto de Prev. dos Serv. Mun. de Cabedelo;012026;2026;13210401;Remuneração dos Recursos do Regime Próprio de Previdência Social - RPPS - Principal;Dedução Investimento;-496.722,12;800;Recursos vinculados ao RPPS - Fundo em Capitalização (Plano Previdenciário);1111;Benefícios previdenciários - Poder Executivo – Fundo em Capitalização (Plano Previdenciário)
Cabedelo;301040;Instituto de Prev. dos Serv. Mun. de Cabedelo;052026;2026;12150131;Contribuição do Servidor Civil - Pensionistas - Principal;Lançamento de Receita;4.144,36;800;Recursos vinculados ao RPPS - Fundo em Capitalização (Plano Previdenciário);1111;Benefícios previdenciários - Poder Executivo – Fundo em Capitalização (Plano Previdenciário)
Cabedelo;301040;Instituto de Prev. dos Serv. Mun. de Cabedelo;042026;2026;12150131;Contribuição do Servidor Civil - Pensionistas - Principal;Lançamento de Receita;3.725,67;800;Recursos vinculados ao RPPS - Fundo em Capitalização (Plano Previdenciário);1111;Benefícios previdenciários - Poder Executivo – Fundo em Capitalização (Plano Previdenciário)
Cabedelo;301040;Instituto de Prev. dos Serv. Mun. de Cabedelo;032026;2026;12150131;Contribuição do Servidor Civil - Pensionistas - Principal;Lançamento de Receita;3.725,67;800;Recursos vinculados ao RPPS - Fundo em Capitalização (Plano Previdenciário);1111;Benefícios previdenciários - Poder Executivo – Fundo em Capitalização (Plano Previdenciário)
Cabedelo;301040;Instituto de Prev. dos Serv. Mun. de Cabedelo;022026;2026;12150131;Contribuição do Servidor Civil - Pensionistas - Principal;Lançamento de Receita;3.725,67;800;Recursos vinculados ao RPPS - Fundo em Capitalização (Plano Previdenciário);1111;Benefícios previdenciários - Poder Executivo – Fundo em Capitalização (Plano Previdenciário)
Cabedelo;301040;Instituto de Prev. dos Serv. Mun. de Cabedelo;012026;2026;12150131;Contribuição do Servidor Civil - Pensionistas - Principal;Lançamento de Receita;7.171,62;800;Recursos vinculados ao RPPS - Fundo em Capitalização (Plano Previdenciário);1111;Benefícios previdenciários - Poder Executivo – Fundo em Capitalização (Plano Previdenciário)
Cabedelo;301040;Instituto de Prev. dos Serv. Mun. de Cabedelo;052026;2026;12150121;Contribuição do Servidor Civil Inativo - Principal;Lançamento de Receita;78.694,42;800;Recursos vinculados ao RPPS - Fundo em Capitalização (Plano Previdenciário);1111;Benefícios previdenciários - Poder Executivo – Fundo em Capitalização (Plano Previdenciário)
Cabedelo;301040;Instituto de Prev. dos Serv. Mun. de Cabedelo;042026;2026;12150121;Contribuição do Servidor Civil Inativo - Principal;Lançamento de Receita;87.849,3;800;Recursos vinculados ao RPPS - Fundo em Capitalização (Plano Previdenciário);1111;Benefícios previdenciários - Poder Executivo – Fundo em Capitalização (Plano Previdenciário)
Cabedelo;301040;Instituto de Prev. dos Serv. Mun. de Cabedelo;032026;2026;12150121;Contribuição do Servidor Civil Inativo - Principal;Lançamento de Receita;71.971,55;800;Recursos vinculados ao RPPS - Fundo em Capitalização (Plano Previdenciário);1111;Benefícios previdenciários - Poder Executivo – Fundo em Capitalização (Plano Previdenciário)
Cabedelo;301040;Instituto de Prev. dos Serv. Mun. de Cabedelo;022026;2026;12150121;Contribuição do Servidor Civil Inativo - Principal;Lançamento de Receita;61.639,61;800;Recursos vinculados ao RPPS - Fundo em Capitalização (Plano Previdenciário);1111;Benefícios previdenciários - Poder Executivo – Fundo em Capitalização (Plano Previdenciário)
Cabedelo;301040;Instituto de Prev. dos Serv. Mun. de Cabedelo;012026;2026;12150121;Contribuição do Servidor Civil Inativo - Principal;Lançamento de Receita;128.437,22;800;Recursos vinculados ao RPPS - Fundo em Capitalização (Plano Previdenciário);1111;Benefícios previdenciários - Poder Executivo – Fundo em Capitalização (Plano Previdenciário)
Cabedelo;301040;Instituto de Prev. dos Serv. Mun. de Cabedelo;052026;2026;12150111;Contribuição do Servidor Civil Ativo - Principal;Lançamento de Receita;1.420.614,53;800;Recursos vinculados ao RPPS - Fundo em Capitalização (Plano Previdenciário);1111;Benefícios previdenciários - Poder Executivo – Fundo em Capitalização (Plano Previdenciário)
Cabedelo;301040;Instituto de Prev. dos Serv. Mun. de Cabedelo;042026;2026;12150111;Contribuição do Servidor Civil Ativo - Principal;Lançamento de Receita;1.422.164,23;800;Recursos vinculados ao RPPS - Fundo em Capitalização (Plano Previdenciário);1111;Benefícios previdenciários - Poder Executivo – Fundo em Capitalização (Plano Previdenciário)
Cabedelo;301040;Instituto de Prev. dos Serv. Mun. de Cabedelo;032026;2026;12150111;Contribuição do Servidor Civil Ativo - Principal;Lançamento de Receita;2.112.340,01;800;Recursos vinculados ao RPPS - Fundo em Capitalização (Plano Previdenciário);1111;Benefícios previdenciários - Poder Executivo – Fundo em Capitalização (Plano Previdenciário)
Cabedelo;301040;Instituto de Prev. dos Serv. Mun. de Cabedelo;022026;2026;12150111;Contribuição do Servidor Civil Ativo - Principal;Lançamento de Receita;743.909,73;800;Recursos vinculados ao RPPS - Fundo em Capitalização (Plano Previdenciário);1111;Benefícios previdenciários - Poder Executivo – Fundo em Capitalização (Plano Previdenciário)
Cabedelo;301040;Instituto de Prev. dos Serv. Mun. de Cabedelo;012026;2026;12150111;Contribuição do Servidor Civil Ativo - Principal;Lançamento de Receita;2.701.862,62;800;Recursos vinculados ao RPPS - Fundo em Capitalização (Plano Previdenciário);1111;Benefícios previdenciários - Poder Executivo – Fundo em Capitalização (Plano Previdenciário)
Cabedelo;601040;Fundo Municipal de Saúde de Cabedelo;052026;2026;19229901;Outras Restituições - Principal;Lançamento de Receita;10.367,5;500;Recursos não vinculados de Impostos;1002;Identificação das despesas com ações e serviços públicos de saúde
Cabedelo;601040;Fundo Municipal de Saúde de Cabedelo;042026;2026;19229901;Outras Restituições - Principal;Lançamento de Receita;0;500;Recursos não vinculados de Impostos;1002;Identificação das despesas com ações e serviços públicos de saúde
Cabedelo;601040;Fundo Municipal de Saúde de Cabedelo;022026;2026;19229901;Outras Restituições - Principal;Lançamento de Receita;0;500;Recursos não vinculados de Impostos;1002;Identificação das despesas com ações e serviços públicos de saúde
Cabedelo;601040;Fundo Municipal de Saúde de Cabedelo;012026;2026;19229901;Outras Restituições - Principal;Lançamento de Receita;0;500;Recursos não vinculados de Impostos;1002;Identificação das despesas com ações e serviços públicos de saúde
Cabedelo;601040;Fundo Municipal de Saúde de Cabedelo;052026;2026;17235001;Transferências de Recursos do Sistema Único de Saúde – SUS - Principal;Lançamento de Receita;33.370,36;621;"Transferências Fundo a Fundo de Recursos do SUS provenientes do Governo Estadual ";"Não ";Não Aplicável
Cabedelo;601040;Fundo Municipal de Saúde de Cabedelo;042026;2026;17235001;Transferências de Recursos do Sistema Único de Saúde – SUS - Principal;Lançamento de Receita;16.685,18;621;"Transferências Fundo a Fundo de Recursos do SUS provenientes do Governo Estadual ";"Não ";Não Aplicável
Cabedelo;601040;Fundo Municipal de Saúde de Cabedelo;022026;2026;17235001;Transferências de Recursos do Sistema Único de Saúde – SUS - Principal;Lançamento de Receita;16.685,18;621;"Transferências Fundo a Fundo de Recursos do SUS provenientes do Governo Estadual ";"Não ";Não Aplicável
Cabedelo;601040;Fundo Municipal de Saúde de Cabedelo;012026;2026;17235001;Transferências de Recursos do Sistema Único de Saúde – SUS - Principal;Lançamento de Receita;16.685,18;621;"Transferências Fundo a Fundo de Recursos do SUS provenientes do Governo Estadual ";"Não ";Não Aplicável
Cabedelo;601040;Fundo Municipal de Saúde de Cabedelo;012026;2026;17139901;Outras Transferências de Recursos do Sistema Único de Saúde - SUS - Principal;Lançamento de Receita;239,04;600;Transferências Fundo a Fundo de Recursos do SUS provenientes do Governo Federal - Bloco de Manutenção das Ações e Serviços Públicos de Saúde;"Não ";Não Aplicável
Cabedelo;601040;Fundo Municipal de Saúde de Cabedelo;022026;2026;17135121;Transferências de Recursos do Bloco de Estruturação da Rede de Serviços Públicos de Saúde - Atenção Especializada - Principal;Lançamento de Receita;999.844;601;Transferências Fundo a Fundo de Recursos do SUS provenientes do Governo Federal - Bloco de Estruturação da Rede de Serviços Públicos de Saúde;3120;Identificação das Transferências da União decorrentes de emendas parlamentares de bancada
Cabedelo;601040;Fundo Municipal de Saúde de Cabedelo;052026;2026;17135051;Transferências de Recursos do Bloco de Manutenção das Ações e Serviços Públicos de Saúde – Gestão do SUS - Principal;Lançamento de Receita;387.486,61;605;Assistência financeira da União destinada à complementação ao pagamento dos pisos salariais para profissionais da enfermagem;"Não ";Não Aplicável
Cabedelo;601040;Fundo Municipal de Saúde de Cabedelo;042026;2026;17135051;Transferências de Recursos do Bloco de Manutenção das Ações e Serviços Públicos de Saúde – Gestão do SUS - Principal;Lançamento de Receita;223.904,21;605;Assistência financeira da União destinada à complementação ao pagamento dos pisos salariais para profissionais da enfermagem;"Não ";Não Aplicável
Cabedelo;601040;Fundo Municipal de Saúde de Cabedelo;032026;2026;17135051;Transferências de Recursos do Bloco de Manutenção das Ações e Serviços Públicos de Saúde – Gestão do SUS - Principal;Lançamento de Receita;390.311,82;605;Assistência financeira da União destinada à complementação ao pagamento dos pisos salariais para profissionais da enfermagem;"Não ";Não Aplicável
Cabedelo;601040;Fundo Municipal de Saúde de Cabedelo;022026;2026;17135051;Transferências de Recursos do Bloco de Manutenção das Ações e Serviços Públicos de Saúde – Gestão do SUS - Principal;Lançamento de Receita;390.840,96;605;Assistência financeira da União destinada à complementação ao pagamento dos pisos salariais para profissionais da enfermagem;"Não ";Não Aplicável
Cabedelo;601040;Fundo Municipal de Saúde de Cabedelo;042026;2026;17135041;Transferências de Recursos do Bloco de Manutenção das Ações e Serviços Públicos de Saúde – Assistência Farmacêutica - Principal;Lançamento de Receita;48.463,1;600;Transferências Fundo a Fundo de Recursos do SUS provenientes do Governo Federal - Bloco de Manutenção das Ações e Serviços Públicos de Saúde;"Não ";Não Aplicável
Cabedelo;601040;Fundo Municipal de Saúde de Cabedelo;032026;2026;17135041;Transferências de Recursos do Bloco de Manutenção das Ações e Serviços Públicos de Saúde – Assistência Farmacêutica - Principal;Lançamento de Receita;48.463,1;600;Transferências Fundo a Fundo de Recursos do SUS provenientes do Governo Federal - Bloco de Manutenção das Ações e Serviços Públicos de Saúde;"Não ";Não Aplicável
Cabedelo;601040;Fundo Municipal de Saúde de Cabedelo;022026;2026;17135041;Transferências de Recursos do Bloco de Manutenção das Ações e Serviços Públicos de Saúde – Assistência Farmacêutica - Principal;Lançamento de Receita;48.463,1;600;Transferências Fundo a Fundo de Recursos do SUS provenientes do Governo Federal - Bloco de Manutenção das Ações e Serviços Públicos de Saúde;"Não ";Não Aplicável
Cabedelo;601040;Fundo Municipal de Saúde de Cabedelo;012026;2026;17135041;Transferências de Recursos do Bloco de Manutenção das Ações e Serviços Públicos de Saúde – Assistência Farmacêutica - Principal;Lançamento de Receita;48.463,1;600;Transferências Fundo a Fundo de Recursos do SUS provenientes do Governo Federal - Bloco de Manutenção das Ações e Serviços Públicos de Saúde;"Não ";Não Aplicável
Cabedelo;601040;Fundo Municipal de Saúde de Cabedelo;052026;2026;17135031;Transferências de Recursos do Bloco de Manutenção das Ações e Serviços Públicos de Saúde – Vigilância em Saúde - Principal;Lançamento de Receita;3.537;600;Transferências Fundo a Fundo de Recursos do SUS provenientes do Governo Federal - Bloco de Manutenção das Ações e Serviços Públicos de Saúde;"Não ";Não Aplicável
Cabedelo;601040;Fundo Municipal de Saúde de Cabedelo;042026;2026;17135031;Transferências de Recursos do Bloco de Manutenção das Ações e Serviços Públicos de Saúde – Vigilância em Saúde - Principal;Lançamento de Receita;17.652;600;Transferências Fundo a Fundo de Recursos do SUS provenientes do Governo Federal - Bloco de Manutenção das Ações e Serviços Públicos de Saúde;"Não ";Não Aplicável
Cabedelo;601040;Fundo Municipal de Saúde de Cabedelo;012026;2026;17135031;Transferências de Recursos do Bloco de Manutenção das Ações e Serviços Públicos de Saúde – Vigilância em Saúde - Principal;Lançamento de Receita;14.946;600;Transferências Fundo a Fundo de Recursos do SUS provenientes do Governo Federal - Bloco de Manutenção das Ações e Serviços Públicos de Saúde;"Não ";Não Aplicável
Cabedelo;601040;Fundo Municipal de Saúde de Cabedelo;052026;2026;17135021;Transferências de Recursos do Bloco de Manutenção das Ações e Serviços Públicos de Saúde – Atenção Especializada - Principal;Lançamento de Receita;5.964.317,53;600;Transferências Fundo a Fundo de Recursos do SUS provenientes do Governo Federal - Bloco de Manutenção das Ações e Serviços Públicos de Saúde;"Não ";Não Aplicável
Cabedelo;601040;Fundo Municipal de Saúde de Cabedelo;042026;2026;17135021;Transferências de Recursos do Bloco de Manutenção das Ações e Serviços Públicos de Saúde – Atenção Especializada - Principal;Lançamento de Receita;464.317,53;600;Transferências Fundo a Fundo de Recursos do SUS provenientes do Governo Federal - Bloco de Manutenção das Ações e Serviços Públicos de Saúde;"Não ";Não Aplicável
Cabedelo;601040;Fundo Municipal de Saúde de Cabedelo;032026;2026;17135021;Transferências de Recursos do Bloco de Manutenção das Ações e Serviços Públicos de Saúde – Atenção Especializada - Principal;Lançamento de Receita;464.317,53;600;Transferências Fundo a Fundo de Recursos do SUS provenientes do Governo Federal - Bloco de Manutenção das Ações e Serviços Públicos de Saúde;"Não ";Não Aplicável
Cabedelo;601040;Fundo Municipal de Saúde de Cabedelo;022026;2026;17135021;Transferências de Recursos do Bloco de Manutenção das Ações e Serviços Públicos de Saúde – Atenção Especializada - Principal;Lançamento de Receita;464.317,53;600;Transferências Fundo a Fundo de Recursos do SUS provenientes do Governo Federal - Bloco de Manutenção das Ações e Serviços Públicos de Saúde;"Não ";Não Aplicável
Cabedelo;601040;Fundo Municipal de Saúde de Cabedelo;012026;2026;17135021;Transferências de Recursos do Bloco de Manutenção das Ações e Serviços Públicos de Saúde – Atenção Especializada - Principal;Lançamento de Receita;464.317,53;600;Transferências Fundo a Fundo de Recursos do SUS provenientes do Governo Federal - Bloco de Manutenção das Ações e Serviços Públicos de Saúde;"Não ";Não Aplicável
Cabedelo;601040;Fundo Municipal de Saúde de Cabedelo;052026;2026;17135011;Transferências de Recursos do Bloco de Manutenção das Ações e Serviços Públicos de Saúde – Atenção Primária - Principal;Lançamento de Receita;852.016,58;600;Transferências Fundo a Fundo de Recursos do SUS provenientes do Governo Federal - Bloco de Manutenção das Ações e Serviços Públicos de Saúde;"Não ";Não Aplicável
Cabedelo;601040;Fundo Municipal de Saúde de Cabedelo;052026;2026;17135011;Transferências de Recursos do Bloco de Manutenção das Ações e Serviços Públicos de Saúde – Atenção Primária - Principal;Lançamento de Receita;470.090;604;Transferências provenientes do Governo Federal destinadas ao vencimento dos agentes comunitários de saúde e dos agentes de combate às endemias;"Não ";Não Aplicável
Cabedelo;601040;Fundo Municipal de Saúde de Cabedelo;042026;2026;17135011;Transferências de Recursos do Bloco de Manutenção das Ações e Serviços Públicos de Saúde – Atenção Primária - Principal;Lançamento de Receita;960.937,64;600;Transferências Fundo a Fundo de Recursos do SUS provenientes do Governo Federal - Bloco de Manutenção das Ações e Serviços Públicos de Saúde;"Não ";Não Aplicável
Cabedelo;601040;Fundo Municipal de Saúde de Cabedelo;042026;2026;17135011;Transferências de Recursos do Bloco de Manutenção das Ações e Serviços Públicos de Saúde – Atenção Primária - Principal;Lançamento de Receita;473.332;604;Transferências provenientes do Governo Federal destinadas ao vencimento dos agentes comunitários de saúde e dos agentes de combate às endemias;"Não ";Não Aplicável
Cabedelo;601040;Fundo Municipal de Saúde de Cabedelo;032026;2026;17135011;Transferências de Recursos do Bloco de Manutenção das Ações e Serviços Públicos de Saúde – Atenção Primária - Principal;Lançamento de Receita;473.332;604;Transferências provenientes do Governo Federal destinadas ao vencimento dos agentes comunitários de saúde e dos agentes de combate às endemias;"Não ";Não Aplicável
Cabedelo;601040;Fundo Municipal de Saúde de Cabedelo;032026;2026;17135011;Transferências de Recursos do Bloco de Manutenção das Ações e Serviços Públicos de Saúde – Atenção Primária - Principal;Lançamento de Receita;2.045.414,56;600;Transferências Fundo a Fundo de Recursos do SUS provenientes do Governo Federal - Bloco de Manutenção das Ações e Serviços Públicos de Saúde;"Não ";Não Aplicável
Cabedelo;601040;Fundo Municipal de Saúde de Cabedelo;022026;2026;17135011;Transferências de Recursos do Bloco de Manutenção das Ações e Serviços Públicos de Saúde – Atenção Primária - Principal;Lançamento de Receita;1.069.010,66;600;Transferências Fundo a Fundo de Recursos do SUS provenientes do Governo Federal - Bloco de Manutenção das Ações e Serviços Públicos de Saúde;"Não ";Não Aplicável
Cabedelo;601040;Fundo Municipal de Saúde de Cabedelo;022026;2026;17135011;Transferências de Recursos do Bloco de Manutenção das Ações e Serviços Públicos de Saúde – Atenção Primária - Principal;Lançamento de Receita;473.332;604;Transferências provenientes do Governo Federal destinadas ao vencimento dos agentes comunitários de saúde e dos agentes de combate às endemias;"Não ";Não Aplicável
Cabedelo;601040;Fundo Municipal de Saúde de Cabedelo;012026;2026;17135011;Transferências de Recursos do Bloco de Manutenção das Ações e Serviços Públicos de Saúde – Atenção Primária - Principal;Lançamento de Receita;81.050;604;Transferências provenientes do Governo Federal destinadas ao vencimento dos agentes comunitários de saúde e dos agentes de combate às endemias;"Não ";Não Aplicável
Cabedelo;601040;Fundo Municipal de Saúde de Cabedelo;012026;2026;17135011;Transferências de Recursos do Bloco de Manutenção das Ações e Serviços Públicos de Saúde – Atenção Primária - Principal;Lançamento de Receita;1.274.393,3;600;Transferências Fundo a Fundo de Recursos do SUS provenientes do Governo Federal - Bloco de Manutenção das Ações e Serviços Públicos de Saúde;"Não ";Não Aplicável
Cabedelo;601040;Fundo Municipal de Saúde de Cabedelo;042026;2026;13210101;Remuneração de Depósitos Bancários - Principal;Lançamento de Receita;141.821,69;500;Recursos não vinculados de Impostos;1002;Identificação das despesas com ações e serviços públicos de saúde
Cabedelo;601040;Fundo Municipal de Saúde de Cabedelo;032026;2026;13210101;Remuneração de Depósitos Bancários - Principal;Lançamento de Receita;165.594,85;500;Recursos não vinculados de Impostos;1002;Identificação das despesas com ações e serviços públicos de saúde
Cabedelo;601040;Fundo Municipal de Saúde de Cabedelo;022026;2026;13210101;Remuneração de Depósitos Bancários - Principal;Lançamento de Receita;130.516,55;500;Recursos não vinculados de Impostos;1002;Identificação das despesas com ações e serviços públicos de saúde
Cabedelo;601040;Fundo Municipal de Saúde de Cabedelo;012026;2026;13210101;Remuneração de Depósitos Bancários - Principal;Lançamento de Receita;146.994,67;500;Recursos não vinculados de Impostos;1002;Identificação das despesas com ações e serviços públicos de saúde
Cabedelo;601040;Fundo Municipal de Saúde de Cabedelo;052026;2026;11215001;Taxa de Fiscalização de Vigilância Sanitária - Principal;Lançamento de Receita;5.134,09;600;Transferências Fundo a Fundo de Recursos do SUS provenientes do Governo Federal - Bloco de Manutenção das Ações e Serviços Públicos de Saúde;"Não ";Não Aplicável
Cabedelo;601040;Fundo Municipal de Saúde de Cabedelo;042026;2026;11215001;Taxa de Fiscalização de Vigilância Sanitária - Principal;Lançamento de Receita;2.915,99;600;Transferências Fundo a Fundo de Recursos do SUS provenientes do Governo Federal - Bloco de Manutenção das Ações e Serviços Públicos de Saúde;"Não ";Não Aplicável
Cabedelo;601040;Fundo Municipal de Saúde de Cabedelo;032026;2026;11215001;Taxa de Fiscalização de Vigilância Sanitária - Principal;Lançamento de Receita;8.115,19;600;Transferências Fundo a Fundo de Recursos do SUS provenientes do Governo Federal - Bloco de Manutenção das Ações e Serviços Públicos de Saúde;"Não ";Não Aplicável
Cabedelo;601040;Fundo Municipal de Saúde de Cabedelo;022026;2026;11215001;Taxa de Fiscalização de Vigilância Sanitária - Principal;Lançamento de Receita;296,4;600;Transferências Fundo a Fundo de Recursos do SUS provenientes do Governo Federal - Bloco de Manutenção das Ações e Serviços Públicos de Saúde;"Não ";Não Aplicável
Cabedelo;601040;Fundo Municipal de Saúde de Cabedelo;012026;2026;11215001;Taxa de Fiscalização de Vigilância Sanitária - Principal;Lançamento de Receita;148;600;Transferências Fundo a Fundo de Recursos do SUS provenientes do Governo Federal - Bloco de Manutenção das Ações e Serviços Públicos de Saúde;"Não ";Não Aplicável
Cabedelo;602040;Fundo de Gestão Desev. e Modernização Geral do Municipio de Cabedelo;052026;2026;19999912;Outras Receitas Administradas pela RFB - Multas e Juros de Mora;Lançamento de Receita;105.348,6;759;Recursos vinculados a fundos;"Não ";Não Aplicável
Cabedelo;602040;Fundo de Gestão Desev. e Modernização Geral do Municipio de Cabedelo;042026;2026;19999912;Outras Receitas Administradas pela RFB - Multas e Juros de Mora;Lançamento de Receita;5.999,46;759;Recursos vinculados a fundos;"Não ";Não Aplicável
Cabedelo;602040;Fundo de Gestão Desev. e Modernização Geral do Municipio de Cabedelo;032026;2026;19999912;Outras Receitas Administradas pela RFB - Multas e Juros de Mora;Lançamento de Receita;2.990,01;759;Recursos vinculados a fundos;"Não ";Não Aplicável
Cabedelo;602040;Fundo de Gestão Desev. e Modernização Geral do Municipio de Cabedelo;022026;2026;19999912;Outras Receitas Administradas pela RFB - Multas e Juros de Mora;Lançamento de Receita;103.461,47;759;Recursos vinculados a fundos;"Não ";Não Aplicável
Cabedelo;602040;Fundo de Gestão Desev. e Modernização Geral do Municipio de Cabedelo;012026;2026;19999912;Outras Receitas Administradas pela RFB - Multas e Juros de Mora;Lançamento de Receita;13.509,79;759;Recursos vinculados a fundos;"Não ";Não Aplicável
Cabedelo;602040;Fundo de Gestão Desev. e Modernização Geral do Municipio de Cabedelo;042026;2026;13210101;Remuneração de Depósitos Bancários - Principal;Lançamento de Receita;4.708,28;759;Recursos vinculados a fundos;"Não ";Não Aplicável
Cabedelo;602040;Fundo de Gestão Desev. e Modernização Geral do Municipio de Cabedelo;032026;2026;13210101;Remuneração de Depósitos Bancários - Principal;Lançamento de Receita;5.999,72;759;Recursos vinculados a fundos;"Não ";Não Aplicável
Cabedelo;602040;Fundo de Gestão Desev. e Modernização Geral do Municipio de Cabedelo;022026;2026;13210101;Remuneração de Depósitos Bancários - Principal;Lançamento de Receita;5.087,57;759;Recursos vinculados a fundos;"Não ";Não Aplicável
Cabedelo;602040;Fundo de Gestão Desev. e Modernização Geral do Municipio de Cabedelo;012026;2026;13210101;Remuneração de Depósitos Bancários - Principal;Lançamento de Receita;6.162,93;759;Recursos vinculados a fundos;"Não ";Não Aplicável
Cabedelo;603040;Fundo Municipal de Apoio aos Pequenos Negócios de Cabedelo - Fmapn;052026;2026;19999912;Outras Receitas Administradas pela RFB - Multas e Juros de Mora;Lançamento de Receita;35.014,92;500;Recursos não vinculados de Impostos;"Não ";Não Aplicável
Cabedelo;603040;Fundo Municipal de Apoio aos Pequenos Negócios de Cabedelo - Fmapn;042026;2026;19999912;Outras Receitas Administradas pela RFB - Multas e Juros de Mora;Lançamento de Receita;50.819,79;500;Recursos não vinculados de Impostos;"Não ";Não Aplicável
Cabedelo;603040;Fundo Municipal de Apoio aos Pequenos Negócios de Cabedelo - Fmapn;032026;2026;19999912;Outras Receitas Administradas pela RFB - Multas e Juros de Mora;Lançamento de Receita;72.788,66;500;Recursos não vinculados de Impostos;"Não ";Não Aplicável
Cabedelo;603040;Fundo Municipal de Apoio aos Pequenos Negócios de Cabedelo - Fmapn;022026;2026;19999912;Outras Receitas Administradas pela RFB - Multas e Juros de Mora;Lançamento de Receita;42.337,66;500;Recursos não vinculados de Impostos;"Não ";Não Aplicável
Cabedelo;603040;Fundo Municipal de Apoio aos Pequenos Negócios de Cabedelo - Fmapn;012026;2026;19999912;Outras Receitas Administradas pela RFB - Multas e Juros de Mora;Lançamento de Receita;68.397,76;500;Recursos não vinculados de Impostos;"Não ";Não Aplicável
Cabedelo;603040;Fundo Municipal de Apoio aos Pequenos Negócios de Cabedelo - Fmapn;032026;2026;19999911;Outras Receitas Administradas pela RFB - Principal;Lançamento de Receita;1.260,92;500;Recursos não vinculados de Impostos;"Não ";Não Aplicável
Cabedelo;603040;Fundo Municipal de Apoio aos Pequenos Negócios de Cabedelo - Fmapn;012026;2026;19999911;Outras Receitas Administradas pela RFB - Principal;Lançamento de Receita;823;500;Recursos não vinculados de Impostos;"Não ";Não Aplicável
Cabedelo;603040;Fundo Municipal de Apoio aos Pequenos Negócios de Cabedelo - Fmapn;042026;2026;19219901;Outras Indenizações - Principal;Lançamento de Receita;2.900,27;500;Recursos não vinculados de Impostos;"Não ";Não Aplicável
Cabedelo;603040;Fundo Municipal de Apoio aos Pequenos Negócios de Cabedelo - Fmapn;012026;2026;19219901;Outras Indenizações - Principal;Lançamento de Receita;759,94;500;Recursos não vinculados de Impostos;"Não ";Não Aplicável
Cabedelo;603040;Fundo Municipal de Apoio aos Pequenos Negócios de Cabedelo - Fmapn;042026;2026;13210101;Remuneração de Depósitos Bancários - Principal;Lançamento de Receita;54.625,89;500;Recursos não vinculados de Impostos;"Não ";Não Aplicável
Cabedelo;603040;Fundo Municipal de Apoio aos Pequenos Negócios de Cabedelo - Fmapn;032026;2026;13210101;Remuneração de Depósitos Bancários - Principal;Lançamento de Receita;62.946,09;500;Recursos não vinculados de Impostos;"Não ";Não Aplicável
Cabedelo;603040;Fundo Municipal de Apoio aos Pequenos Negócios de Cabedelo - Fmapn;022026;2026;13210101;Remuneração de Depósitos Bancários - Principal;Lançamento de Receita;49.825,08;500;Recursos não vinculados de Impostos;"Não ";Não Aplicável
Cabedelo;603040;Fundo Municipal de Apoio aos Pequenos Negócios de Cabedelo - Fmapn;012026;2026;13210101;Remuneração de Depósitos Bancários - Principal;Lançamento de Receita;57.402,1;500;Recursos não vinculados de Impostos;"Não ";Não Aplicável
