municipio;codigo_unidade_gestora;descricao_unidade_gestora;mes_ano;ano;codigo_receita;descricao_receita;tipo_atualizacao_receita;valor;codigo_fonte_recurso;descricao_fonte_recurso;co;descricao_co
João Pessoa;201095;Prefeitura Municipal de João Pessoa;052026;2026;24135001;Transferências de Recursos do Fundo Nacional de Assistência Social – FNAS - Principal;Lançamento de Receita;0;660;Transferência de Recursos do Fundo Nacional de Assistência Social - FNAS;3110;Identificação das Transferências da União decorrentes de emendas parlamentares individuais
João Pessoa;201095;Prefeitura Municipal de João Pessoa;042026;2026;24135001;Transferências de Recursos do Fundo Nacional de Assistência Social – FNAS - Principal;Lançamento de Receita;100.000;660;Transferência de Recursos do Fundo Nacional de Assistência Social - FNAS;3110;Identificação das Transferências da União decorrentes de emendas parlamentares individuais
João Pessoa;201095;Prefeitura Municipal de João Pessoa;032026;2026;24125011;Transferências para o Programa de Apoio ao Transporte Escolar para Educação Básica - CAMINHO DA ESCOLA - Principal;Lançamento de Receita;160.360,1;569;Outras Transferências de Recursos do FNDE;"Não ";Não Aplicável
João Pessoa;201095;Prefeitura Municipal de João Pessoa;042026;2026;23110601;Amortização de Empréstimos Contratuais - Principal;Lançamento de Receita;235.393,68;759;Recursos vinculados a fundos;"Não ";Não Aplicável
João Pessoa;201095;Prefeitura Municipal de João Pessoa;032026;2026;23110601;Amortização de Empréstimos Contratuais - Principal;Lançamento de Receita;239.800,34;759;Recursos vinculados a fundos;"Não ";Não Aplicável
João Pessoa;201095;Prefeitura Municipal de João Pessoa;022026;2026;23110601;Amortização de Empréstimos Contratuais - Principal;Lançamento de Receita;240.872,54;759;Recursos vinculados a fundos;"Não ";Não Aplicável
João Pessoa;201095;Prefeitura Municipal de João Pessoa;012026;2026;23110601;Amortização de Empréstimos Contratuais - Principal;Lançamento de Receita;240.703,44;759;Recursos vinculados a fundos;"Não ";Não Aplicável
João Pessoa;201095;Prefeitura Municipal de João Pessoa;042026;2026;21199901;Outras Operações de Crédito - Mercado Interno - Principal;Lançamento de Receita;1.315.765,75;754;"Recursos de Operações de Crédito ";"Não ";Não Aplicável
João Pessoa;201095;Prefeitura Municipal de João Pessoa;032026;2026;21199901;Outras Operações de Crédito - Mercado Interno - Principal;Lançamento de Receita;51.160.859,6;754;"Recursos de Operações de Crédito ";"Não ";Não Aplicável
João Pessoa;201095;Prefeitura Municipal de João Pessoa;022026;2026;21199901;Outras Operações de Crédito - Mercado Interno - Principal;Lançamento de Receita;818.296,59;754;"Recursos de Operações de Crédito ";"Não ";Não Aplicável
João Pessoa;201095;Prefeitura Municipal de João Pessoa;012026;2026;21199901;Outras Operações de Crédito - Mercado Interno - Principal;Lançamento de Receita;1.088.510,23;754;"Recursos de Operações de Crédito ";"Não ";Não Aplicável
João Pessoa;201095;Prefeitura Municipal de João Pessoa;052026;2026;19999921;Outras Receitas Não Arrecadadas e Não Projetadas pela RFB - Primárias   - Principal;Lançamento de Receita;738.108,2;500;Recursos não vinculados de Impostos;"Não ";Não Aplicável
João Pessoa;201095;Prefeitura Municipal de João Pessoa;052026;2026;19999921;Outras Receitas Não Arrecadadas e Não Projetadas pela RFB - Primárias   - Principal;Lançamento de Receita;36.869,33;759;Recursos vinculados a fundos;"Não ";Não Aplicável
João Pessoa;201095;Prefeitura Municipal de João Pessoa;052026;2026;19999921;Outras Receitas Não Arrecadadas e Não Projetadas pela RFB - Primárias   - Principal;Lançamento de Receita;-271.091,15;501;Outros Recursos não Vinculados;"Não ";Não Aplicável
João Pessoa;201095;Prefeitura Municipal de João Pessoa;042026;2026;19999921;Outras Receitas Não Arrecadadas e Não Projetadas pela RFB - Primárias   - Principal;Lançamento de Receita;21.856,36;759;Recursos vinculados a fundos;"Não ";Não Aplicável
João Pessoa;201095;Prefeitura Municipal de João Pessoa;042026;2026;19999921;Outras Receitas Não Arrecadadas e Não Projetadas pela RFB - Primárias   - Principal;Lançamento de Receita;31,05;660;Transferência de Recursos do Fundo Nacional de Assistência Social - FNAS;3110;Identificação das Transferências da União decorrentes de emendas parlamentares individuais
João Pessoa;201095;Prefeitura Municipal de João Pessoa;042026;2026;19999921;Outras Receitas Não Arrecadadas e Não Projetadas pela RFB - Primárias   - Principal;Lançamento de Receita;1.315.863,4;501;Outros Recursos não Vinculados;"Não ";Não Aplicável
João Pessoa;201095;Prefeitura Municipal de João Pessoa;032026;2026;19999921;Outras Receitas Não Arrecadadas e Não Projetadas pela RFB - Primárias   - Principal;Lançamento de Receita;26.373,39;759;Recursos vinculados a fundos;"Não ";Não Aplicável
João Pessoa;201095;Prefeitura Municipal de João Pessoa;032026;2026;19999921;Outras Receitas Não Arrecadadas e Não Projetadas pela RFB - Primárias   - Principal;Lançamento de Receita;4.416,78;500;Recursos não vinculados de Impostos;1001;Identificação das despesas com manutenção e desenvolvimento do ensino
João Pessoa;201095;Prefeitura Municipal de João Pessoa;032026;2026;19999921;Outras Receitas Não Arrecadadas e Não Projetadas pela RFB - Primárias   - Principal;Lançamento de Receita;1.175.773,53;501;Outros Recursos não Vinculados;"Não ";Não Aplicável
João Pessoa;201095;Prefeitura Municipal de João Pessoa;032026;2026;19999921;Outras Receitas Não Arrecadadas e Não Projetadas pela RFB - Primárias   - Principal;Lançamento de Receita;13.600,25;660;Transferência de Recursos do Fundo Nacional de Assistência Social - FNAS;3110;Identificação das Transferências da União decorrentes de emendas parlamentares individuais
João Pessoa;201095;Prefeitura Municipal de João Pessoa;022026;2026;19999921;Outras Receitas Não Arrecadadas e Não Projetadas pela RFB - Primárias   - Principal;Lançamento de Receita;2.590,91;500;Recursos não vinculados de Impostos;1001;Identificação das despesas com manutenção e desenvolvimento do ensino
João Pessoa;201095;Prefeitura Municipal de João Pessoa;022026;2026;19999921;Outras Receitas Não Arrecadadas e Não Projetadas pela RFB - Primárias   - Principal;Lançamento de Receita;48.033,18;759;Recursos vinculados a fundos;"Não ";Não Aplicável
João Pessoa;201095;Prefeitura Municipal de João Pessoa;022026;2026;19999921;Outras Receitas Não Arrecadadas e Não Projetadas pela RFB - Primárias   - Principal;Lançamento de Receita;283.949,04;501;Outros Recursos não Vinculados;"Não ";Não Aplicável
João Pessoa;201095;Prefeitura Municipal de João Pessoa;012026;2026;19999921;Outras Receitas Não Arrecadadas e Não Projetadas pela RFB - Primárias   - Principal;Lançamento de Receita;1.600,75;759;Recursos vinculados a fundos;"Não ";Não Aplicável
João Pessoa;201095;Prefeitura Municipal de João Pessoa;012026;2026;19999921;Outras Receitas Não Arrecadadas e Não Projetadas pela RFB - Primárias   - Principal;Lançamento de Receita;113.156,97;501;Outros Recursos não Vinculados;"Não ";Não Aplicável
João Pessoa;201095;Prefeitura Municipal de João Pessoa;052026;2026;19991221;Ônus de Sucumbência - Principal;Outras Deduções;-543.702,42;759;Recursos vinculados a fundos;"Não ";Não Aplicável
João Pessoa;201095;Prefeitura Municipal de João Pessoa;042026;2026;19991221;Ônus de Sucumbência - Principal;Lançamento de Receita;697.054,39;759;Recursos vinculados a fundos;"Não ";Não Aplicável
João Pessoa;201095;Prefeitura Municipal de João Pessoa;042026;2026;19991221;Ônus de Sucumbência - Principal;Outras Deduções;-984.851,88;759;Recursos vinculados a fundos;"Não ";Não Aplicável
João Pessoa;201095;Prefeitura Municipal de João Pessoa;032026;2026;19991221;Ônus de Sucumbência - Principal;Outras Deduções;-493.795,76;759;Recursos vinculados a fundos;"Não ";Não Aplicável
João Pessoa;201095;Prefeitura Municipal de João Pessoa;032026;2026;19991221;Ônus de Sucumbência - Principal;Lançamento de Receita;1.262.630,62;759;Recursos vinculados a fundos;"Não ";Não Aplicável
João Pessoa;201095;Prefeitura Municipal de João Pessoa;022026;2026;19991221;Ônus de Sucumbência - Principal;Outras Deduções;-504.261,05;759;Recursos vinculados a fundos;"Não ";Não Aplicável
João Pessoa;201095;Prefeitura Municipal de João Pessoa;022026;2026;19991221;Ônus de Sucumbência - Principal;Lançamento de Receita;633.071,49;759;Recursos vinculados a fundos;"Não ";Não Aplicável
João Pessoa;201095;Prefeitura Municipal de João Pessoa;012026;2026;19991221;Ônus de Sucumbência - Principal;Lançamento de Receita;631.557,12;759;Recursos vinculados a fundos;"Não ";Não Aplicável
João Pessoa;201095;Prefeitura Municipal de João Pessoa;012026;2026;19991221;Ônus de Sucumbência - Principal;Outras Deduções;-1.130.611,68;759;Recursos vinculados a fundos;"Não ";Não Aplicável
João Pessoa;201095;Prefeitura Municipal de João Pessoa;042026;2026;19229901;Outras Restituições - Principal;Lançamento de Receita;14.692,38;501;Outros Recursos não Vinculados;"Não ";Não Aplicável
João Pessoa;201095;Prefeitura Municipal de João Pessoa;012026;2026;19229901;Outras Restituições - Principal;Lançamento de Receita;1.030,47;500;Recursos não vinculados de Impostos;"Não ";Não Aplicável
João Pessoa;201095;Prefeitura Municipal de João Pessoa;052026;2026;19110401;Multas Previstas na Legislação sobre Defesa dos Direitos Difusos - Principal;Lançamento de Receita;201.389,17;759;Recursos vinculados a fundos;"Não ";Não Aplicável
João Pessoa;201095;Prefeitura Municipal de João Pessoa;052026;2026;19110401;Multas Previstas na Legislação sobre Defesa dos Direitos Difusos - Principal;Lançamento de Receita;201.389,19;501;Outros Recursos não Vinculados;"Não ";Não Aplicável
João Pessoa;201095;Prefeitura Municipal de João Pessoa;042026;2026;19110401;Multas Previstas na Legislação sobre Defesa dos Direitos Difusos - Principal;Lançamento de Receita;99.917,54;501;Outros Recursos não Vinculados;"Não ";Não Aplicável
João Pessoa;201095;Prefeitura Municipal de João Pessoa;042026;2026;19110401;Multas Previstas na Legislação sobre Defesa dos Direitos Difusos - Principal;Lançamento de Receita;99.917,51;759;Recursos vinculados a fundos;"Não ";Não Aplicável
João Pessoa;201095;Prefeitura Municipal de João Pessoa;032026;2026;19110401;Multas Previstas na Legislação sobre Defesa dos Direitos Difusos - Principal;Lançamento de Receita;211.696,35;759;Recursos vinculados a fundos;"Não ";Não Aplicável
João Pessoa;201095;Prefeitura Municipal de João Pessoa;032026;2026;19110401;Multas Previstas na Legislação sobre Defesa dos Direitos Difusos - Principal;Lançamento de Receita;211.696,38;501;Outros Recursos não Vinculados;"Não ";Não Aplicável
João Pessoa;201095;Prefeitura Municipal de João Pessoa;022026;2026;19110401;Multas Previstas na Legislação sobre Defesa dos Direitos Difusos - Principal;Lançamento de Receita;309.507,31;501;Outros Recursos não Vinculados;"Não ";Não Aplicável
João Pessoa;201095;Prefeitura Municipal de João Pessoa;022026;2026;19110401;Multas Previstas na Legislação sobre Defesa dos Direitos Difusos - Principal;Lançamento de Receita;309.507,29;759;Recursos vinculados a fundos;"Não ";Não Aplicável
João Pessoa;201095;Prefeitura Municipal de João Pessoa;012026;2026;19110401;Multas Previstas na Legislação sobre Defesa dos Direitos Difusos - Principal;Lançamento de Receita;228.869,08;759;Recursos vinculados a fundos;"Não ";Não Aplicável
João Pessoa;201095;Prefeitura Municipal de João Pessoa;012026;2026;19110401;Multas Previstas na Legislação sobre Defesa dos Direitos Difusos - Principal;Lançamento de Receita;242.704,56;501;Outros Recursos não Vinculados;"Não ";Não Aplicável
João Pessoa;201095;Prefeitura Municipal de João Pessoa;052026;2026;17515001;Transferências de Recursos do Fundo de Manutenção e Desenvolvimento da Educação Básica e de Valorização dos Profissionais da Educação – FUNDEB - Principal;Lançamento de Receita;27.413.992,39;540;Transferências do FUNDEB - Impostos e Transferências de Impostos;1070;Identificação do percentual aplicado no pagamento da remuneração dos profissionais da educação básica em efetivo exercício
João Pessoa;201095;Prefeitura Municipal de João Pessoa;052026;2026;17515001;Transferências de Recursos do Fundo de Manutenção e Desenvolvimento da Educação Básica e de Valorização dos Profissionais da Educação – FUNDEB - Principal;Lançamento de Receita;6.853.498,08;540;Transferências do FUNDEB - Impostos e Transferências de Impostos;"Não ";Não Aplicável
João Pessoa;201095;Prefeitura Municipal de João Pessoa;042026;2026;17515001;Transferências de Recursos do Fundo de Manutenção e Desenvolvimento da Educação Básica e de Valorização dos Profissionais da Educação – FUNDEB - Principal;Lançamento de Receita;9.504.111,73;540;Transferências do FUNDEB - Impostos e Transferências de Impostos;"Não ";Não Aplicável
João Pessoa;201095;Prefeitura Municipal de João Pessoa;042026;2026;17515001;Transferências de Recursos do Fundo de Manutenção e Desenvolvimento da Educação Básica e de Valorização dos Profissionais da Educação – FUNDEB - Principal;Lançamento de Receita;38.016.446,93;540;Transferências do FUNDEB - Impostos e Transferências de Impostos;1070;Identificação do percentual aplicado no pagamento da remuneração dos profissionais da educação básica em efetivo exercício
João Pessoa;201095;Prefeitura Municipal de João Pessoa;032026;2026;17515001;Transferências de Recursos do Fundo de Manutenção e Desenvolvimento da Educação Básica e de Valorização dos Profissionais da Educação – FUNDEB - Principal;Lançamento de Receita;35.689.888,55;540;Transferências do FUNDEB - Impostos e Transferências de Impostos;1070;Identificação do percentual aplicado no pagamento da remuneração dos profissionais da educação básica em efetivo exercício
João Pessoa;201095;Prefeitura Municipal de João Pessoa;032026;2026;17515001;Transferências de Recursos do Fundo de Manutenção e Desenvolvimento da Educação Básica e de Valorização dos Profissionais da Educação – FUNDEB - Principal;Lançamento de Receita;8.922.471,13;540;Transferências do FUNDEB - Impostos e Transferências de Impostos;"Não ";Não Aplicável
João Pessoa;201095;Prefeitura Municipal de João Pessoa;022026;2026;17515001;Transferências de Recursos do Fundo de Manutenção e Desenvolvimento da Educação Básica e de Valorização dos Profissionais da Educação – FUNDEB - Principal;Lançamento de Receita;44.720.355,97;540;Transferências do FUNDEB - Impostos e Transferências de Impostos;1070;Identificação do percentual aplicado no pagamento da remuneração dos profissionais da educação básica em efetivo exercício
João Pessoa;201095;Prefeitura Municipal de João Pessoa;022026;2026;17515001;Transferências de Recursos do Fundo de Manutenção e Desenvolvimento da Educação Básica e de Valorização dos Profissionais da Educação – FUNDEB - Principal;Lançamento de Receita;11.180.088,99;540;Transferências do FUNDEB - Impostos e Transferências de Impostos;"Não ";Não Aplicável
João Pessoa;201095;Prefeitura Municipal de João Pessoa;012026;2026;17515001;Transferências de Recursos do Fundo de Manutenção e Desenvolvimento da Educação Básica e de Valorização dos Profissionais da Educação – FUNDEB - Principal;Lançamento de Receita;40.577.731,58;540;Transferências do FUNDEB - Impostos e Transferências de Impostos;1070;Identificação do percentual aplicado no pagamento da remuneração dos profissionais da educação básica em efetivo exercício
João Pessoa;201095;Prefeitura Municipal de João Pessoa;012026;2026;17515001;Transferências de Recursos do Fundo de Manutenção e Desenvolvimento da Educação Básica e de Valorização dos Profissionais da Educação – FUNDEB - Principal;Lançamento de Receita;10.144.432,9;540;Transferências do FUNDEB - Impostos e Transferências de Impostos;"Não ";Não Aplicável
João Pessoa;201095;Prefeitura Municipal de João Pessoa;052026;2026;17299901;Outras Transferências dos Estados e DF - Principal;Lançamento de Receita;209.699,32;665;Transferências de Convênios e outros Repasses vinculados à Assistência Social;"Não ";Não Aplicável
João Pessoa;201095;Prefeitura Municipal de João Pessoa;042026;2026;17225201;Cota-parte Royalties – Compensação Financeira pela Produção do Petróleo  - Principal;Lançamento de Receita;1.438.581,25;704;Transferência da União Referente a Royalties do Petróleo e Gás Natural;"Não ";Não Aplicável
João Pessoa;201095;Prefeitura Municipal de João Pessoa;032026;2026;17225201;Cota-parte Royalties – Compensação Financeira pela Produção do Petróleo  - Principal;Lançamento de Receita;1.525.740,19;704;Transferência da União Referente a Royalties do Petróleo e Gás Natural;"Não ";Não Aplicável
João Pessoa;201095;Prefeitura Municipal de João Pessoa;022026;2026;17225201;Cota-parte Royalties – Compensação Financeira pela Produção do Petróleo  - Principal;Lançamento de Receita;1.442.098,31;704;Transferência da União Referente a Royalties do Petróleo e Gás Natural;"Não ";Não Aplicável
João Pessoa;201095;Prefeitura Municipal de João Pessoa;012026;2026;17225201;Cota-parte Royalties – Compensação Financeira pela Produção do Petróleo  - Principal;Lançamento de Receita;1.285.415,43;704;Transferência da União Referente a Royalties do Petróleo e Gás Natural;"Não ";Não Aplicável
João Pessoa;201095;Prefeitura Municipal de João Pessoa;052026;2026;17225101;Cota-parte da Compensação Financeira de Recursos Minerais - CFEM - Principal;Lançamento de Receita;6.601,18;708;Transferência da União Referente à Compensação Financeira de Recursos Minerais;"Não ";Não Aplicável
João Pessoa;201095;Prefeitura Municipal de João Pessoa;042026;2026;17225101;Cota-parte da Compensação Financeira de Recursos Minerais - CFEM - Principal;Lançamento de Receita;585,91;708;Transferência da União Referente à Compensação Financeira de Recursos Minerais;"Não ";Não Aplicável
João Pessoa;201095;Prefeitura Municipal de João Pessoa;032026;2026;17225101;Cota-parte da Compensação Financeira de Recursos Minerais - CFEM - Principal;Lançamento de Receita;6.197,68;708;Transferência da União Referente à Compensação Financeira de Recursos Minerais;"Não ";Não Aplicável
João Pessoa;201095;Prefeitura Municipal de João Pessoa;022026;2026;17225101;Cota-parte da Compensação Financeira de Recursos Minerais - CFEM - Principal;Lançamento de Receita;19.449,95;708;Transferência da União Referente à Compensação Financeira de Recursos Minerais;"Não ";Não Aplicável
João Pessoa;201095;Prefeitura Municipal de João Pessoa;012026;2026;17225101;Cota-parte da Compensação Financeira de Recursos Minerais - CFEM - Principal;Lançamento de Receita;45.895,12;708;Transferência da União Referente à Compensação Financeira de Recursos Minerais;"Não ";Não Aplicável
João Pessoa;201095;Prefeitura Municipal de João Pessoa;042026;2026;17215301;Cota-Parte da Contribuição de Intervenção no Domínio Econômico - Principal;Lançamento de Receita;166.016,72;750;Recursos da Contribuição de Intervenção no Domínio Econômico - CIDE;"Não ";Não Aplicável
João Pessoa;201095;Prefeitura Municipal de João Pessoa;012026;2026;17215301;Cota-Parte da Contribuição de Intervenção no Domínio Econômico - Principal;Lançamento de Receita;205.460,89;750;Recursos da Contribuição de Intervenção no Domínio Econômico - CIDE;"Não ";Não Aplicável
João Pessoa;201095;Prefeitura Municipal de João Pessoa;052026;2026;17215201;Cota-Parte do IPI - Municípios - Principal;Lançamento de Receita;9.835,64;500;Recursos não vinculados de Impostos;"Não ";Não Aplicável
João Pessoa;201095;Prefeitura Municipal de João Pessoa;052026;2026;17215201;Cota-Parte do IPI - Municípios - Principal;Dedução do Fundeb;-368,84;500;Recursos não vinculados de Impostos;1002;Identificação das despesas com ações e serviços públicos de saúde
João Pessoa;201095;Prefeitura Municipal de João Pessoa;052026;2026;17215201;Cota-Parte do IPI - Municípios - Principal;Lançamento de Receita;1.844,18;500;Recursos não vinculados de Impostos;1002;Identificação das despesas com ações e serviços públicos de saúde
João Pessoa;201095;Prefeitura Municipal de João Pessoa;052026;2026;17215201;Cota-Parte do IPI - Municípios - Principal;Lançamento de Receita;614,74;500;Recursos não vinculados de Impostos;1001;Identificação das despesas com manutenção e desenvolvimento do ensino
João Pessoa;201095;Prefeitura Municipal de João Pessoa;052026;2026;17215201;Cota-Parte do IPI - Municípios - Principal;Dedução do Fundeb;-1.967,13;500;Recursos não vinculados de Impostos;"Não ";Não Aplicável
João Pessoa;201095;Prefeitura Municipal de João Pessoa;052026;2026;17215201;Cota-Parte do IPI - Municípios - Principal;Dedução do Fundeb;-122,94;500;Recursos não vinculados de Impostos;1001;Identificação das despesas com manutenção e desenvolvimento do ensino
João Pessoa;201095;Prefeitura Municipal de João Pessoa;042026;2026;17215201;Cota-Parte do IPI - Municípios - Principal;Dedução do Fundeb;-132,13;500;Recursos não vinculados de Impostos;1001;Identificação das despesas com manutenção e desenvolvimento do ensino
João Pessoa;201095;Prefeitura Municipal de João Pessoa;042026;2026;17215201;Cota-Parte do IPI - Municípios - Principal;Dedução do Fundeb;-396,37;500;Recursos não vinculados de Impostos;1002;Identificação das despesas com ações e serviços públicos de saúde
João Pessoa;201095;Prefeitura Municipal de João Pessoa;042026;2026;17215201;Cota-Parte do IPI - Municípios - Principal;Dedução do Fundeb;-2.113,98;500;Recursos não vinculados de Impostos;"Não ";Não Aplicável
João Pessoa;201095;Prefeitura Municipal de João Pessoa;042026;2026;17215201;Cota-Parte do IPI - Municípios - Principal;Lançamento de Receita;10.569,89;500;Recursos não vinculados de Impostos;"Não ";Não Aplicável
João Pessoa;201095;Prefeitura Municipal de João Pessoa;042026;2026;17215201;Cota-Parte do IPI - Municípios - Principal;Lançamento de Receita;660,63;500;Recursos não vinculados de Impostos;1001;Identificação das despesas com manutenção e desenvolvimento do ensino
João Pessoa;201095;Prefeitura Municipal de João Pessoa;042026;2026;17215201;Cota-Parte do IPI - Municípios - Principal;Lançamento de Receita;1.981,86;500;Recursos não vinculados de Impostos;1002;Identificação das despesas com ações e serviços públicos de saúde
João Pessoa;201095;Prefeitura Municipal de João Pessoa;032026;2026;17215201;Cota-Parte do IPI - Municípios - Principal;Lançamento de Receita;9.825,99;500;Recursos não vinculados de Impostos;"Não ";Não Aplicável
João Pessoa;201095;Prefeitura Municipal de João Pessoa;032026;2026;17215201;Cota-Parte do IPI - Municípios - Principal;Lançamento de Receita;1.842,37;500;Recursos não vinculados de Impostos;1002;Identificação das despesas com ações e serviços públicos de saúde
João Pessoa;201095;Prefeitura Municipal de João Pessoa;032026;2026;17215201;Cota-Parte do IPI - Municípios - Principal;Dedução do Fundeb;-2.456,5;500;Recursos não vinculados de Impostos;"Não ";Não Aplicável
João Pessoa;201095;Prefeitura Municipal de João Pessoa;032026;2026;17215201;Cota-Parte do IPI - Municípios - Principal;Lançamento de Receita;614,13;500;Recursos não vinculados de Impostos;1001;Identificação das despesas com manutenção e desenvolvimento do ensino
João Pessoa;201095;Prefeitura Municipal de João Pessoa;022026;2026;17215201;Cota-Parte do IPI - Municípios - Principal;Lançamento de Receita;1.743,38;500;Recursos não vinculados de Impostos;1002;Identificação das despesas com ações e serviços públicos de saúde
João Pessoa;201095;Prefeitura Municipal de João Pessoa;022026;2026;17215201;Cota-Parte do IPI - Municípios - Principal;Lançamento de Receita;999,77;500;Recursos não vinculados de Impostos;1001;Identificação das despesas com manutenção e desenvolvimento do ensino
João Pessoa;201095;Prefeitura Municipal de João Pessoa;022026;2026;17215201;Cota-Parte do IPI - Municípios - Principal;Lançamento de Receita;10.972,62;500;Recursos não vinculados de Impostos;"Não ";Não Aplicável
João Pessoa;201095;Prefeitura Municipal de João Pessoa;022026;2026;17215201;Cota-Parte do IPI - Municípios - Principal;Dedução do Fundeb;-2.743,15;500;Recursos não vinculados de Impostos;"Não ";Não Aplicável
João Pessoa;201095;Prefeitura Municipal de João Pessoa;012026;2026;17215201;Cota-Parte do IPI - Municípios - Principal;Dedução do Fundeb;-3.009,64;500;Recursos não vinculados de Impostos;"Não ";Não Aplicável
João Pessoa;201095;Prefeitura Municipal de João Pessoa;012026;2026;17215201;Cota-Parte do IPI - Municípios - Principal;Lançamento de Receita;752,41;500;Recursos não vinculados de Impostos;1001;Identificação das despesas com manutenção e desenvolvimento do ensino
João Pessoa;201095;Prefeitura Municipal de João Pessoa;012026;2026;17215201;Cota-Parte do IPI - Municípios - Principal;Lançamento de Receita;12.038,57;500;Recursos não vinculados de Impostos;"Não ";Não Aplicável
João Pessoa;201095;Prefeitura Municipal de João Pessoa;012026;2026;17215201;Cota-Parte do IPI - Municípios - Principal;Lançamento de Receita;2.257,23;500;Recursos não vinculados de Impostos;1002;Identificação das despesas com ações e serviços públicos de saúde
João Pessoa;201095;Prefeitura Municipal de João Pessoa;052026;2026;17215101;Cota-Parte do IPVA - Principal;Dedução do Fundeb;-146.756,85;500;Recursos não vinculados de Impostos;1001;Identificação das despesas com manutenção e desenvolvimento do ensino
João Pessoa;201095;Prefeitura Municipal de João Pessoa;052026;2026;17215101;Cota-Parte do IPVA - Principal;Lançamento de Receita;733.784,27;500;Recursos não vinculados de Impostos;1001;Identificação das despesas com manutenção e desenvolvimento do ensino
João Pessoa;201095;Prefeitura Municipal de João Pessoa;052026;2026;17215101;Cota-Parte do IPVA - Principal;Lançamento de Receita;11.740.548,4;500;Recursos não vinculados de Impostos;"Não ";Não Aplicável
João Pessoa;201095;Prefeitura Municipal de João Pessoa;052026;2026;17215101;Cota-Parte do IPVA - Principal;Dedução do Fundeb;-440.270,56;500;Recursos não vinculados de Impostos;1002;Identificação das despesas com ações e serviços públicos de saúde
João Pessoa;201095;Prefeitura Municipal de João Pessoa;052026;2026;17215101;Cota-Parte do IPVA - Principal;Lançamento de Receita;2.201.352,85;500;Recursos não vinculados de Impostos;1002;Identificação das despesas com ações e serviços públicos de saúde
João Pessoa;201095;Prefeitura Municipal de João Pessoa;052026;2026;17215101;Cota-Parte do IPVA - Principal;Dedução do Fundeb;-2.348.109,69;500;Recursos não vinculados de Impostos;"Não ";Não Aplicável
João Pessoa;201095;Prefeitura Municipal de João Pessoa;042026;2026;17215101;Cota-Parte do IPVA - Principal;Dedução do Fundeb;-2.937.316,29;500;Recursos não vinculados de Impostos;"Não ";Não Aplicável
João Pessoa;201095;Prefeitura Municipal de João Pessoa;042026;2026;17215101;Cota-Parte do IPVA - Principal;Lançamento de Receita;2.615.227,59;500;Recursos não vinculados de Impostos;1002;Identificação das despesas com ações e serviços públicos de saúde
João Pessoa;201095;Prefeitura Municipal de João Pessoa;042026;2026;17215101;Cota-Parte do IPVA - Principal;Lançamento de Receita;1.056.417,81;500;Recursos não vinculados de Impostos;1001;Identificação das despesas com manutenção e desenvolvimento do ensino
João Pessoa;201095;Prefeitura Municipal de João Pessoa;042026;2026;17215101;Cota-Parte do IPVA - Principal;Dedução do Fundeb;-183.582,3;500;Recursos não vinculados de Impostos;1001;Identificação das despesas com manutenção e desenvolvimento do ensino
João Pessoa;201095;Prefeitura Municipal de João Pessoa;042026;2026;17215101;Cota-Parte do IPVA - Principal;Dedução do Fundeb;-550.746,82;500;Recursos não vinculados de Impostos;1002;Identificação das despesas com ações e serviços públicos de saúde
João Pessoa;201095;Prefeitura Municipal de João Pessoa;042026;2026;17215101;Cota-Parte do IPVA - Principal;Lançamento de Receita;14.686.581,46;500;Recursos não vinculados de Impostos;"Não ";Não Aplicável
João Pessoa;201095;Prefeitura Municipal de João Pessoa;032026;2026;17215101;Cota-Parte do IPVA - Principal;Dedução do Fundeb;-3.839.039,02;500;Recursos não vinculados de Impostos;"Não ";Não Aplicável
João Pessoa;201095;Prefeitura Municipal de João Pessoa;032026;2026;17215101;Cota-Parte do IPVA - Principal;Lançamento de Receita;15.356.156,01;500;Recursos não vinculados de Impostos;"Não ";Não Aplicável
João Pessoa;201095;Prefeitura Municipal de João Pessoa;032026;2026;17215101;Cota-Parte do IPVA - Principal;Lançamento de Receita;959.759,74;500;Recursos não vinculados de Impostos;1001;Identificação das despesas com manutenção e desenvolvimento do ensino
João Pessoa;201095;Prefeitura Municipal de João Pessoa;032026;2026;17215101;Cota-Parte do IPVA - Principal;Lançamento de Receita;2.879.279,26;500;Recursos não vinculados de Impostos;1002;Identificação das despesas com ações e serviços públicos de saúde
João Pessoa;201095;Prefeitura Municipal de João Pessoa;022026;2026;17215101;Cota-Parte do IPVA - Principal;Lançamento de Receita;2.387.010,19;500;Recursos não vinculados de Impostos;1002;Identificação das despesas com ações e serviços públicos de saúde
João Pessoa;201095;Prefeitura Municipal de João Pessoa;022026;2026;17215101;Cota-Parte do IPVA - Principal;Dedução do Fundeb;-3.182.680,28;500;Recursos não vinculados de Impostos;"Não ";Não Aplicável
João Pessoa;201095;Prefeitura Municipal de João Pessoa;022026;2026;17215101;Cota-Parte do IPVA - Principal;Lançamento de Receita;795.670,08;500;Recursos não vinculados de Impostos;1001;Identificação das despesas com manutenção e desenvolvimento do ensino
João Pessoa;201095;Prefeitura Municipal de João Pessoa;022026;2026;17215101;Cota-Parte do IPVA - Principal;Lançamento de Receita;12.730.721,02;500;Recursos não vinculados de Impostos;"Não ";Não Aplicável
João Pessoa;201095;Prefeitura Municipal de João Pessoa;012026;2026;17215101;Cota-Parte do IPVA - Principal;Lançamento de Receita;14.163.669,97;500;Recursos não vinculados de Impostos;"Não ";Não Aplicável
João Pessoa;201095;Prefeitura Municipal de João Pessoa;012026;2026;17215101;Cota-Parte do IPVA - Principal;Lançamento de Receita;944.373,82;500;Recursos não vinculados de Impostos;1001;Identificação das despesas com manutenção e desenvolvimento do ensino
João Pessoa;201095;Prefeitura Municipal de João Pessoa;012026;2026;17215101;Cota-Parte do IPVA - Principal;Lançamento de Receita;2.596.543,7;500;Recursos não vinculados de Impostos;1002;Identificação das despesas com ações e serviços públicos de saúde
João Pessoa;201095;Prefeitura Municipal de João Pessoa;012026;2026;17215101;Cota-Parte do IPVA - Principal;Dedução do Fundeb;-3.540.917,51;500;Recursos não vinculados de Impostos;"Não ";Não Aplicável
João Pessoa;201095;Prefeitura Municipal de João Pessoa;052026;2026;17215001;Cota-Parte do ICMS - Principal;Dedução do Fundeb;-4.687.436,25;500;Recursos não vinculados de Impostos;"Não ";Não Aplicável
João Pessoa;201095;Prefeitura Municipal de João Pessoa;052026;2026;17215001;Cota-Parte do ICMS - Principal;Dedução do Fundeb;-292.964,77;500;Recursos não vinculados de Impostos;1001;Identificação das despesas com manutenção e desenvolvimento do ensino
João Pessoa;201095;Prefeitura Municipal de João Pessoa;052026;2026;17215001;Cota-Parte do ICMS - Principal;Lançamento de Receita;1.464.823,83;500;Recursos não vinculados de Impostos;1001;Identificação das despesas com manutenção e desenvolvimento do ensino
João Pessoa;201095;Prefeitura Municipal de João Pessoa;052026;2026;17215001;Cota-Parte do ICMS - Principal;Lançamento de Receita;23.437.181,26;500;Recursos não vinculados de Impostos;"Não ";Não Aplicável
João Pessoa;201095;Prefeitura Municipal de João Pessoa;052026;2026;17215001;Cota-Parte do ICMS - Principal;Lançamento de Receita;4.394.471,48;500;Recursos não vinculados de Impostos;1002;Identificação das despesas com ações e serviços públicos de saúde
João Pessoa;201095;Prefeitura Municipal de João Pessoa;052026;2026;17215001;Cota-Parte do ICMS - Principal;Dedução do Fundeb;-878.894,29;500;Recursos não vinculados de Impostos;1002;Identificação das despesas com ações e serviços públicos de saúde
João Pessoa;201095;Prefeitura Municipal de João Pessoa;042026;2026;17215001;Cota-Parte do ICMS - Principal;Lançamento de Receita;41.514.047,29;500;Recursos não vinculados de Impostos;"Não ";Não Aplicável
João Pessoa;201095;Prefeitura Municipal de João Pessoa;042026;2026;17215001;Cota-Parte do ICMS - Principal;Dedução do Fundeb;-1.556.776,77;500;Recursos não vinculados de Impostos;1002;Identificação das despesas com ações e serviços públicos de saúde
João Pessoa;201095;Prefeitura Municipal de João Pessoa;042026;2026;17215001;Cota-Parte do ICMS - Principal;Lançamento de Receita;5.383.679,99;500;Recursos não vinculados de Impostos;1002;Identificação das despesas com ações e serviços públicos de saúde
João Pessoa;201095;Prefeitura Municipal de João Pessoa;042026;2026;17215001;Cota-Parte do ICMS - Principal;Lançamento de Receita;4.994.831,83;500;Recursos não vinculados de Impostos;1001;Identificação das despesas com manutenção e desenvolvimento do ensino
João Pessoa;201095;Prefeitura Municipal de João Pessoa;042026;2026;17215001;Cota-Parte do ICMS - Principal;Dedução do Fundeb;-8.302.809,45;500;Recursos não vinculados de Impostos;"Não ";Não Aplicável
João Pessoa;201095;Prefeitura Municipal de João Pessoa;042026;2026;17215001;Cota-Parte do ICMS - Principal;Dedução do Fundeb;-518.925,59;500;Recursos não vinculados de Impostos;1001;Identificação das despesas com manutenção e desenvolvimento do ensino
João Pessoa;201095;Prefeitura Municipal de João Pessoa;032026;2026;17215001;Cota-Parte do ICMS - Principal;Lançamento de Receita;2.688.870,11;500;Recursos não vinculados de Impostos;1001;Identificação das despesas com manutenção e desenvolvimento do ensino
João Pessoa;201095;Prefeitura Municipal de João Pessoa;032026;2026;17215001;Cota-Parte do ICMS - Principal;Dedução do Fundeb;-10.755.480,37;500;Recursos não vinculados de Impostos;"Não ";Não Aplicável
João Pessoa;201095;Prefeitura Municipal de João Pessoa;032026;2026;17215001;Cota-Parte do ICMS - Principal;Lançamento de Receita;8.067.610,28;500;Recursos não vinculados de Impostos;1002;Identificação das despesas com ações e serviços públicos de saúde
João Pessoa;201095;Prefeitura Municipal de João Pessoa;032026;2026;17215001;Cota-Parte do ICMS - Principal;Lançamento de Receita;43.020.921,54;500;Recursos não vinculados de Impostos;"Não ";Não Aplicável
João Pessoa;201095;Prefeitura Municipal de João Pessoa;022026;2026;17215001;Cota-Parte do ICMS - Principal;Lançamento de Receita;2.812.594,82;500;Recursos não vinculados de Impostos;1001;Identificação das despesas com manutenção e desenvolvimento do ensino
João Pessoa;201095;Prefeitura Municipal de João Pessoa;022026;2026;17215001;Cota-Parte do ICMS - Principal;Lançamento de Receita;6.466.839,89;500;Recursos não vinculados de Impostos;1002;Identificação das despesas com ações e serviços públicos de saúde
João Pessoa;201095;Prefeitura Municipal de João Pessoa;022026;2026;17215001;Cota-Parte do ICMS - Principal;Dedução do Fundeb;-8.997.871,18;500;Recursos não vinculados de Impostos;"Não ";Não Aplicável
João Pessoa;201095;Prefeitura Municipal de João Pessoa;022026;2026;17215001;Cota-Parte do ICMS - Principal;Lançamento de Receita;35.709.921,28;500;Recursos não vinculados de Impostos;"Não ";Não Aplicável
João Pessoa;201095;Prefeitura Municipal de João Pessoa;012026;2026;17215001;Cota-Parte do ICMS - Principal;Lançamento de Receita;2.617.912,06;500;Recursos não vinculados de Impostos;1001;Identificação das despesas com manutenção e desenvolvimento do ensino
João Pessoa;201095;Prefeitura Municipal de João Pessoa;012026;2026;17215001;Cota-Parte do ICMS - Principal;Lançamento de Receita;7.853.736,2;500;Recursos não vinculados de Impostos;1002;Identificação das despesas com ações e serviços públicos de saúde
João Pessoa;201095;Prefeitura Municipal de João Pessoa;012026;2026;17215001;Cota-Parte do ICMS - Principal;Lançamento de Receita;41.886.593,05;500;Recursos não vinculados de Impostos;"Não ";Não Aplicável
João Pessoa;201095;Prefeitura Municipal de João Pessoa;012026;2026;17215001;Cota-Parte do ICMS - Principal;Dedução do Fundeb;-10.471.648,26;500;Recursos não vinculados de Impostos;"Não ";Não Aplicável
João Pessoa;201095;Prefeitura Municipal de João Pessoa;042026;2026;17195801;Transferência Obrigatória Decorrente da Lei Complementar nº 176/2020 - Principal;Lançamento de Receita;29.371,54;500;Recursos não vinculados de Impostos;"Não ";Não Aplicável
João Pessoa;201095;Prefeitura Municipal de João Pessoa;032026;2026;17195801;Transferência Obrigatória Decorrente da Lei Complementar nº 176/2020 - Principal;Lançamento de Receita;29.371,54;500;Recursos não vinculados de Impostos;"Não ";Não Aplicável
João Pessoa;201095;Prefeitura Municipal de João Pessoa;022026;2026;17195801;Transferência Obrigatória Decorrente da Lei Complementar nº 176/2020 - Principal;Lançamento de Receita;29.371,54;500;Recursos não vinculados de Impostos;"Não ";Não Aplicável
João Pessoa;201095;Prefeitura Municipal de João Pessoa;012026;2026;17195801;Transferência Obrigatória Decorrente da Lei Complementar nº 176/2020 - Principal;Lançamento de Receita;29.371,54;500;Recursos não vinculados de Impostos;"Não ";Não Aplicável
João Pessoa;201095;Prefeitura Municipal de João Pessoa;052026;2026;17179901;Outras Transferências de Convênios da União e de Suas Entidades - Principal;Lançamento de Receita;1.033.177;700;Outras Transferências de Convênios ou Repasses da União;"Não ";Não Aplicável
João Pessoa;201095;Prefeitura Municipal de João Pessoa;042026;2026;17179901;Outras Transferências de Convênios da União e de Suas Entidades - Principal;Lançamento de Receita;1.139.632,79;700;Outras Transferências de Convênios ou Repasses da União;"Não ";Não Aplicável
João Pessoa;201095;Prefeitura Municipal de João Pessoa;032026;2026;17179901;Outras Transferências de Convênios da União e de Suas Entidades - Principal;Lançamento de Receita;16.517,6;700;Outras Transferências de Convênios ou Repasses da União;"Não ";Não Aplicável
João Pessoa;201095;Prefeitura Municipal de João Pessoa;022026;2026;17179901;Outras Transferências de Convênios da União e de Suas Entidades - Principal;Lançamento de Receita;0;700;Outras Transferências de Convênios ou Repasses da União;"Não ";Não Aplicável
João Pessoa;201095;Prefeitura Municipal de João Pessoa;052026;2026;17165001;Transferências de Recursos do Fundo Nacional de Assistência Social – FNAS - Principal;Lançamento de Receita;0;660;Transferência de Recursos do Fundo Nacional de Assistência Social - FNAS;3110;Identificação das Transferências da União decorrentes de emendas parlamentares individuais
João Pessoa;201095;Prefeitura Municipal de João Pessoa;052026;2026;17165001;Transferências de Recursos do Fundo Nacional de Assistência Social – FNAS - Principal;Lançamento de Receita;450.702,72;660;Transferência de Recursos do Fundo Nacional de Assistência Social - FNAS;"Não ";Não Aplicável
João Pessoa;201095;Prefeitura Municipal de João Pessoa;042026;2026;17165001;Transferências de Recursos do Fundo Nacional de Assistência Social – FNAS - Principal;Lançamento de Receita;-100.000;660;Transferência de Recursos do Fundo Nacional de Assistência Social - FNAS;3110;Identificação das Transferências da União decorrentes de emendas parlamentares individuais
João Pessoa;201095;Prefeitura Municipal de João Pessoa;032026;2026;17165001;Transferências de Recursos do Fundo Nacional de Assistência Social – FNAS - Principal;Lançamento de Receita;2.131.001,48;660;Transferência de Recursos do Fundo Nacional de Assistência Social - FNAS;"Não ";Não Aplicável
João Pessoa;201095;Prefeitura Municipal de João Pessoa;032026;2026;17165001;Transferências de Recursos do Fundo Nacional de Assistência Social – FNAS - Principal;Lançamento de Receita;6.145.985;660;Transferência de Recursos do Fundo Nacional de Assistência Social - FNAS;3110;Identificação das Transferências da União decorrentes de emendas parlamentares individuais
João Pessoa;201095;Prefeitura Municipal de João Pessoa;022026;2026;17165001;Transferências de Recursos do Fundo Nacional de Assistência Social – FNAS - Principal;Lançamento de Receita;548.081,88;660;Transferência de Recursos do Fundo Nacional de Assistência Social - FNAS;"Não ";Não Aplicável
João Pessoa;201095;Prefeitura Municipal de João Pessoa;012026;2026;17165001;Transferências de Recursos do Fundo Nacional de Assistência Social – FNAS - Principal;Lançamento de Receita;275.234,4;660;Transferência de Recursos do Fundo Nacional de Assistência Social - FNAS;"Não ";Não Aplicável
João Pessoa;201095;Prefeitura Municipal de João Pessoa;012026;2026;17155301;Transferências de Recursos do Fundeb destinados à criação de matrículas em ETI- Principal;Lançamento de Receita;1.289.337,97;546;Transferências do FUNDEB - complementação da União - Educação Tempo Integral;"Não ";Não Aplicável
João Pessoa;201095;Prefeitura Municipal de João Pessoa;042026;2026;17155101;Transferências de Recursos de Complementação da União ao Fundeb – VAAF - Principal;Lançamento de Receita;961.745,92;541;Transferências do FUNDEB - Complementação da União - VAAF;"Não ";Não Aplicável
João Pessoa;201095;Prefeitura Municipal de João Pessoa;042026;2026;17155101;Transferências de Recursos de Complementação da União ao Fundeb – VAAF - Principal;Lançamento de Receita;3.846.983,71;541;Transferências do FUNDEB - Complementação da União - VAAF;1070;Identificação do percentual aplicado no pagamento da remuneração dos profissionais da educação básica em efetivo exercício
João Pessoa;201095;Prefeitura Municipal de João Pessoa;032026;2026;17155101;Transferências de Recursos de Complementação da União ao Fundeb – VAAF - Principal;Lançamento de Receita;1.812.400,7;541;Transferências do FUNDEB - Complementação da União - VAAF;1070;Identificação do percentual aplicado no pagamento da remuneração dos profissionais da educação básica em efetivo exercício
João Pessoa;201095;Prefeitura Municipal de João Pessoa;032026;2026;17155101;Transferências de Recursos de Complementação da União ao Fundeb – VAAF - Principal;Lançamento de Receita;453.100,18;541;Transferências do FUNDEB - Complementação da União - VAAF;"Não ";Não Aplicável
João Pessoa;201095;Prefeitura Municipal de João Pessoa;022026;2026;17155101;Transferências de Recursos de Complementação da União ao Fundeb – VAAF - Principal;Lançamento de Receita;1.661.367,31;541;Transferências do FUNDEB - Complementação da União - VAAF;1070;Identificação do percentual aplicado no pagamento da remuneração dos profissionais da educação básica em efetivo exercício
João Pessoa;201095;Prefeitura Municipal de João Pessoa;022026;2026;17155101;Transferências de Recursos de Complementação da União ao Fundeb – VAAF - Principal;Lançamento de Receita;415.341,83;541;Transferências do FUNDEB - Complementação da União - VAAF;"Não ";Não Aplicável
João Pessoa;201095;Prefeitura Municipal de João Pessoa;012026;2026;17155101;Transferências de Recursos de Complementação da União ao Fundeb – VAAF - Principal;Lançamento de Receita;973.416,02;541;Transferências do FUNDEB - Complementação da União - VAAF;"Não ";Não Aplicável
João Pessoa;201095;Prefeitura Municipal de João Pessoa;012026;2026;17155101;Transferências de Recursos de Complementação da União ao Fundeb – VAAF - Principal;Lançamento de Receita;3.893.664,09;541;Transferências do FUNDEB - Complementação da União - VAAF;1070;Identificação do percentual aplicado no pagamento da remuneração dos profissionais da educação básica em efetivo exercício
João Pessoa;201095;Prefeitura Municipal de João Pessoa;042026;2026;17145201;Transferências referentes ao Programa Nacional de Alimentação Escolar – PNAE - Principal;Lançamento de Receita;1.999.587,25;552;Transferências de Recursos do FNDE Referentes ao Programa Nacional de Alimentação Escolar (PNAE);"Não ";Não Aplicável
João Pessoa;201095;Prefeitura Municipal de João Pessoa;032026;2026;17145201;Transferências referentes ao Programa Nacional de Alimentação Escolar – PNAE - Principal;Lançamento de Receita;1.999.587,25;552;Transferências de Recursos do FNDE Referentes ao Programa Nacional de Alimentação Escolar (PNAE);"Não ";Não Aplicável
João Pessoa;201095;Prefeitura Municipal de João Pessoa;022026;2026;17145201;Transferências referentes ao Programa Nacional de Alimentação Escolar – PNAE - Principal;Lançamento de Receita;1.999.587,25;552;Transferências de Recursos do FNDE Referentes ao Programa Nacional de Alimentação Escolar (PNAE);"Não ";Não Aplicável
João Pessoa;201095;Prefeitura Municipal de João Pessoa;042026;2026;17145001;Transferências do Salário-Educação - Principal;Lançamento de Receita;3.977.004,37;550;Transferência do Salário-Educação;"Não ";Não Aplicável
João Pessoa;201095;Prefeitura Municipal de João Pessoa;032026;2026;17145001;Transferências do Salário-Educação - Principal;Lançamento de Receita;3.982.692,14;550;Transferência do Salário-Educação;"Não ";Não Aplicável
João Pessoa;201095;Prefeitura Municipal de João Pessoa;022026;2026;17145001;Transferências do Salário-Educação - Principal;Lançamento de Receita;3.863.696,92;550;Transferência do Salário-Educação;"Não ";Não Aplicável
João Pessoa;201095;Prefeitura Municipal de João Pessoa;012026;2026;17145001;Transferências do Salário-Educação - Principal;Lançamento de Receita;6.351.745,38;550;Transferência do Salário-Educação;"Não ";Não Aplicável
João Pessoa;201095;Prefeitura Municipal de João Pessoa;042026;2026;17115601;Repasse da União para Foros, Laudêmios e Tarifas de Ocupação;Lançamento de Receita;2.297.344,94;501;Outros Recursos não Vinculados;"Não ";Não Aplicável
João Pessoa;201095;Prefeitura Municipal de João Pessoa;052026;2026;17115201;Cota-Parte do Imposto Sobre a Propriedade Territorial Rural - Principal;Lançamento de Receita;134,32;500;Recursos não vinculados de Impostos;1002;Identificação das despesas com ações e serviços públicos de saúde
João Pessoa;201095;Prefeitura Municipal de João Pessoa;052026;2026;17115201;Cota-Parte do Imposto Sobre a Propriedade Territorial Rural - Principal;Lançamento de Receita;716,35;500;Recursos não vinculados de Impostos;"Não ";Não Aplicável
João Pessoa;201095;Prefeitura Municipal de João Pessoa;052026;2026;17115201;Cota-Parte do Imposto Sobre a Propriedade Territorial Rural - Principal;Lançamento de Receita;44,77;500;Recursos não vinculados de Impostos;1001;Identificação das despesas com manutenção e desenvolvimento do ensino
João Pessoa;201095;Prefeitura Municipal de João Pessoa;052026;2026;17115201;Cota-Parte do Imposto Sobre a Propriedade Territorial Rural - Principal;Dedução do Fundeb;-143,27;500;Recursos não vinculados de Impostos;"Não ";Não Aplicável
João Pessoa;201095;Prefeitura Municipal de João Pessoa;052026;2026;17115201;Cota-Parte do Imposto Sobre a Propriedade Territorial Rural - Principal;Dedução do Fundeb;-134,32;500;Recursos não vinculados de Impostos;1002;Identificação das despesas com ações e serviços públicos de saúde
João Pessoa;201095;Prefeitura Municipal de João Pessoa;052026;2026;17115201;Cota-Parte do Imposto Sobre a Propriedade Territorial Rural - Principal;Dedução do Fundeb;-8,95;500;Recursos não vinculados de Impostos;1001;Identificação das despesas com manutenção e desenvolvimento do ensino
João Pessoa;201095;Prefeitura Municipal de João Pessoa;042026;2026;17115201;Cota-Parte do Imposto Sobre a Propriedade Territorial Rural - Principal;Dedução do Fundeb;-1;500;Recursos não vinculados de Impostos;1001;Identificação das despesas com manutenção e desenvolvimento do ensino
João Pessoa;201095;Prefeitura Municipal de João Pessoa;042026;2026;17115201;Cota-Parte do Imposto Sobre a Propriedade Territorial Rural - Principal;Lançamento de Receita;79,69;500;Recursos não vinculados de Impostos;"Não ";Não Aplicável
João Pessoa;201095;Prefeitura Municipal de João Pessoa;042026;2026;17115201;Cota-Parte do Imposto Sobre a Propriedade Territorial Rural - Principal;Lançamento de Receita;4,98;500;Recursos não vinculados de Impostos;1001;Identificação das despesas com manutenção e desenvolvimento do ensino
João Pessoa;201095;Prefeitura Municipal de João Pessoa;042026;2026;17115201;Cota-Parte do Imposto Sobre a Propriedade Territorial Rural - Principal;Dedução do Fundeb;-2,98;500;Recursos não vinculados de Impostos;1002;Identificação das despesas com ações e serviços públicos de saúde
João Pessoa;201095;Prefeitura Municipal de João Pessoa;042026;2026;17115201;Cota-Parte do Imposto Sobre a Propriedade Territorial Rural - Principal;Lançamento de Receita;14,94;500;Recursos não vinculados de Impostos;1002;Identificação das despesas com ações e serviços públicos de saúde
João Pessoa;201095;Prefeitura Municipal de João Pessoa;042026;2026;17115201;Cota-Parte do Imposto Sobre a Propriedade Territorial Rural - Principal;Dedução do Fundeb;-15,94;500;Recursos não vinculados de Impostos;"Não ";Não Aplicável
João Pessoa;201095;Prefeitura Municipal de João Pessoa;032026;2026;17115201;Cota-Parte do Imposto Sobre a Propriedade Territorial Rural - Principal;Dedução do Fundeb;-5.424,29;500;Recursos não vinculados de Impostos;"Não ";Não Aplicável
João Pessoa;201095;Prefeitura Municipal de João Pessoa;032026;2026;17115201;Cota-Parte do Imposto Sobre a Propriedade Territorial Rural - Principal;Lançamento de Receita;1.356,07;500;Recursos não vinculados de Impostos;1001;Identificação das despesas com manutenção e desenvolvimento do ensino
João Pessoa;201095;Prefeitura Municipal de João Pessoa;032026;2026;17115201;Cota-Parte do Imposto Sobre a Propriedade Territorial Rural - Principal;Lançamento de Receita;4.068,23;500;Recursos não vinculados de Impostos;1002;Identificação das despesas com ações e serviços públicos de saúde
João Pessoa;201095;Prefeitura Municipal de João Pessoa;032026;2026;17115201;Cota-Parte do Imposto Sobre a Propriedade Territorial Rural - Principal;Lançamento de Receita;21.697,21;500;Recursos não vinculados de Impostos;"Não ";Não Aplicável
João Pessoa;201095;Prefeitura Municipal de João Pessoa;022026;2026;17115201;Cota-Parte do Imposto Sobre a Propriedade Territorial Rural - Principal;Lançamento de Receita;2,4;500;Recursos não vinculados de Impostos;1001;Identificação das despesas com manutenção e desenvolvimento do ensino
João Pessoa;201095;Prefeitura Municipal de João Pessoa;022026;2026;17115201;Cota-Parte do Imposto Sobre a Propriedade Territorial Rural - Principal;Lançamento de Receita;38,38;500;Recursos não vinculados de Impostos;"Não ";Não Aplicável
João Pessoa;201095;Prefeitura Municipal de João Pessoa;022026;2026;17115201;Cota-Parte do Imposto Sobre a Propriedade Territorial Rural - Principal;Lançamento de Receita;7,2;500;Recursos não vinculados de Impostos;1002;Identificação das despesas com ações e serviços públicos de saúde
João Pessoa;201095;Prefeitura Municipal de João Pessoa;022026;2026;17115201;Cota-Parte do Imposto Sobre a Propriedade Territorial Rural - Principal;Dedução do Fundeb;-9,59;500;Recursos não vinculados de Impostos;"Não ";Não Aplicável
João Pessoa;201095;Prefeitura Municipal de João Pessoa;012026;2026;17115201;Cota-Parte do Imposto Sobre a Propriedade Territorial Rural - Principal;Lançamento de Receita;640,63;500;Recursos não vinculados de Impostos;"Não ";Não Aplicável
João Pessoa;201095;Prefeitura Municipal de João Pessoa;012026;2026;17115201;Cota-Parte do Imposto Sobre a Propriedade Territorial Rural - Principal;Lançamento de Receita;40,04;500;Recursos não vinculados de Impostos;1001;Identificação das despesas com manutenção e desenvolvimento do ensino
João Pessoa;201095;Prefeitura Municipal de João Pessoa;012026;2026;17115201;Cota-Parte do Imposto Sobre a Propriedade Territorial Rural - Principal;Dedução do Fundeb;-160,15;500;Recursos não vinculados de Impostos;"Não ";Não Aplicável
João Pessoa;201095;Prefeitura Municipal de João Pessoa;012026;2026;17115201;Cota-Parte do Imposto Sobre a Propriedade Territorial Rural - Principal;Lançamento de Receita;120,12;500;Recursos não vinculados de Impostos;1002;Identificação das despesas com ações e serviços públicos de saúde
João Pessoa;201095;Prefeitura Municipal de João Pessoa;052026;2026;17115111;Cota-Parte do Fundo de Participação dos Municípios - Cota Mensal - Principal;Lançamento de Receita;49.460.961,82;500;Recursos não vinculados de Impostos;"Não ";Não Aplicável
João Pessoa;201095;Prefeitura Municipal de João Pessoa;052026;2026;17115111;Cota-Parte do Fundo de Participação dos Municípios - Cota Mensal - Principal;Dedução do Fundeb;-618.262,02;500;Recursos não vinculados de Impostos;1001;Identificação das despesas com manutenção e desenvolvimento do ensino
João Pessoa;201095;Prefeitura Municipal de João Pessoa;052026;2026;17115111;Cota-Parte do Fundo de Participação dos Municípios - Cota Mensal - Principal;Dedução do Fundeb;-9.892.192,35;500;Recursos não vinculados de Impostos;"Não ";Não Aplicável
João Pessoa;201095;Prefeitura Municipal de João Pessoa;052026;2026;17115111;Cota-Parte do Fundo de Participação dos Municípios - Cota Mensal - Principal;Lançamento de Receita;3.091.310,11;500;Recursos não vinculados de Impostos;1001;Identificação das despesas com manutenção e desenvolvimento do ensino
João Pessoa;201095;Prefeitura Municipal de João Pessoa;052026;2026;17115111;Cota-Parte do Fundo de Participação dos Municípios - Cota Mensal - Principal;Lançamento de Receita;9.273.930,34;500;Recursos não vinculados de Impostos;1002;Identificação das despesas com ações e serviços públicos de saúde
João Pessoa;201095;Prefeitura Municipal de João Pessoa;052026;2026;17115111;Cota-Parte do Fundo de Participação dos Municípios - Cota Mensal - Principal;Dedução do Fundeb;-1.854.786,07;500;Recursos não vinculados de Impostos;1002;Identificação das despesas com ações e serviços públicos de saúde
João Pessoa;201095;Prefeitura Municipal de João Pessoa;042026;2026;17115111;Cota-Parte do Fundo de Participação dos Municípios - Cota Mensal - Principal;Dedução do Fundeb;-12.435.955,74;500;Recursos não vinculados de Impostos;"Não ";Não Aplicável
João Pessoa;201095;Prefeitura Municipal de João Pessoa;042026;2026;17115111;Cota-Parte do Fundo de Participação dos Municípios - Cota Mensal - Principal;Lançamento de Receita;3.886.236,19;500;Recursos não vinculados de Impostos;1001;Identificação das despesas com manutenção e desenvolvimento do ensino
João Pessoa;201095;Prefeitura Municipal de João Pessoa;042026;2026;17115111;Cota-Parte do Fundo de Participação dos Municípios - Cota Mensal - Principal;Dedução do Fundeb;-777.247,24;500;Recursos não vinculados de Impostos;1001;Identificação das despesas com manutenção e desenvolvimento do ensino
João Pessoa;201095;Prefeitura Municipal de João Pessoa;042026;2026;17115111;Cota-Parte do Fundo de Participação dos Municípios - Cota Mensal - Principal;Lançamento de Receita;62.179.778,74;500;Recursos não vinculados de Impostos;"Não ";Não Aplicável
João Pessoa;201095;Prefeitura Municipal de João Pessoa;042026;2026;17115111;Cota-Parte do Fundo de Participação dos Municípios - Cota Mensal - Principal;Lançamento de Receita;11.658.708,53;500;Recursos não vinculados de Impostos;1002;Identificação das despesas com ações e serviços públicos de saúde
João Pessoa;201095;Prefeitura Municipal de João Pessoa;042026;2026;17115111;Cota-Parte do Fundo de Participação dos Municípios - Cota Mensal - Principal;Dedução do Fundeb;-2.331.741,69;500;Recursos não vinculados de Impostos;1002;Identificação das despesas com ações e serviços públicos de saúde
João Pessoa;201095;Prefeitura Municipal de João Pessoa;032026;2026;17115111;Cota-Parte do Fundo de Participação dos Municípios - Cota Mensal - Principal;Dedução do Fundeb;-13.202.740,73;500;Recursos não vinculados de Impostos;"Não ";Não Aplicável
João Pessoa;201095;Prefeitura Municipal de João Pessoa;032026;2026;17115111;Cota-Parte do Fundo de Participação dos Municípios - Cota Mensal - Principal;Lançamento de Receita;3.300.685,19;500;Recursos não vinculados de Impostos;1001;Identificação das despesas com manutenção e desenvolvimento do ensino
João Pessoa;201095;Prefeitura Municipal de João Pessoa;032026;2026;17115111;Cota-Parte do Fundo de Participação dos Municípios - Cota Mensal - Principal;Lançamento de Receita;52.810.963,02;500;Recursos não vinculados de Impostos;"Não ";Não Aplicável
João Pessoa;201095;Prefeitura Municipal de João Pessoa;032026;2026;17115111;Cota-Parte do Fundo de Participação dos Municípios - Cota Mensal - Principal;Lançamento de Receita;9.902.055,57;500;Recursos não vinculados de Impostos;1002;Identificação das despesas com ações e serviços públicos de saúde
João Pessoa;201095;Prefeitura Municipal de João Pessoa;022026;2026;17115111;Cota-Parte do Fundo de Participação dos Municípios - Cota Mensal - Principal;Lançamento de Receita;16.376.690,61;500;Recursos não vinculados de Impostos;1001;Identificação das despesas com manutenção e desenvolvimento do ensino
João Pessoa;201095;Prefeitura Municipal de João Pessoa;022026;2026;17115111;Cota-Parte do Fundo de Participação dos Municípios - Cota Mensal - Principal;Lançamento de Receita;16.351.884,03;500;Recursos não vinculados de Impostos;1002;Identificação das despesas com ações e serviços públicos de saúde
João Pessoa;201095;Prefeitura Municipal de João Pessoa;022026;2026;17115111;Cota-Parte do Fundo de Participação dos Municípios - Cota Mensal - Principal;Dedução do Fundeb;-21.802.512,16;500;Recursos não vinculados de Impostos;"Não ";Não Aplicável
João Pessoa;201095;Prefeitura Municipal de João Pessoa;022026;2026;17115111;Cota-Parte do Fundo de Participação dos Municípios - Cota Mensal - Principal;Lançamento de Receita;76.283.986,26;500;Recursos não vinculados de Impostos;"Não ";Não Aplicável
João Pessoa;201095;Prefeitura Municipal de João Pessoa;012026;2026;17115111;Cota-Parte do Fundo de Participação dos Municípios - Cota Mensal - Principal;Lançamento de Receita;69.362.982,59;500;Recursos não vinculados de Impostos;"Não ";Não Aplicável
João Pessoa;201095;Prefeitura Municipal de João Pessoa;012026;2026;17115111;Cota-Parte do Fundo de Participação dos Municípios - Cota Mensal - Principal;Lançamento de Receita;4.335.186,42;500;Recursos não vinculados de Impostos;1001;Identificação das despesas com manutenção e desenvolvimento do ensino
João Pessoa;201095;Prefeitura Municipal de João Pessoa;012026;2026;17115111;Cota-Parte do Fundo de Participação dos Municípios - Cota Mensal - Principal;Lançamento de Receita;13.005.559,24;500;Recursos não vinculados de Impostos;1002;Identificação das despesas com ações e serviços públicos de saúde
João Pessoa;201095;Prefeitura Municipal de João Pessoa;012026;2026;17115111;Cota-Parte do Fundo de Participação dos Municípios - Cota Mensal - Principal;Dedução do Fundeb;-17.340.745,62;500;Recursos não vinculados de Impostos;"Não ";Não Aplicável
João Pessoa;201095;Prefeitura Municipal de João Pessoa;052026;2026;16410101;Retorno de Operações, Juros e Encargos Financeiros - Principal;Lançamento de Receita;14.641,11;759;Recursos vinculados a fundos;"Não ";Não Aplicável
João Pessoa;201095;Prefeitura Municipal de João Pessoa;042026;2026;16410101;Retorno de Operações, Juros e Encargos Financeiros - Principal;Lançamento de Receita;14.163,95;759;Recursos vinculados a fundos;"Não ";Não Aplicável
João Pessoa;201095;Prefeitura Municipal de João Pessoa;042026;2026;13399901;Outras Delegações de Serviços Públicos - Principal;Lançamento de Receita;489.471,47;501;Outros Recursos não Vinculados;"Não ";Não Aplicável
João Pessoa;201095;Prefeitura Municipal de João Pessoa;042026;2026;13399901;Outras Delegações de Serviços Públicos - Principal;Lançamento de Receita;489.471,47;759;Recursos vinculados a fundos;"Não ";Não Aplicável
João Pessoa;201095;Prefeitura Municipal de João Pessoa;032026;2026;13399901;Outras Delegações de Serviços Públicos - Principal;Lançamento de Receita;478.787,83;759;Recursos vinculados a fundos;"Não ";Não Aplicável
João Pessoa;201095;Prefeitura Municipal de João Pessoa;032026;2026;13399901;Outras Delegações de Serviços Públicos - Principal;Lançamento de Receita;478.787,83;501;Outros Recursos não Vinculados;"Não ";Não Aplicável
João Pessoa;201095;Prefeitura Municipal de João Pessoa;022026;2026;13399901;Outras Delegações de Serviços Públicos - Principal;Lançamento de Receita;20.985.269,86;759;Recursos vinculados a fundos;"Não ";Não Aplicável
João Pessoa;201095;Prefeitura Municipal de João Pessoa;022026;2026;13399901;Outras Delegações de Serviços Públicos - Principal;Lançamento de Receita;20.000.000;501;Outros Recursos não Vinculados;"Não ";Não Aplicável
João Pessoa;201095;Prefeitura Municipal de João Pessoa;012026;2026;13399901;Outras Delegações de Serviços Públicos - Principal;Lançamento de Receita;497.887,31;501;Outros Recursos não Vinculados;"Não ";Não Aplicável
João Pessoa;201095;Prefeitura Municipal de João Pessoa;012026;2026;13399901;Outras Delegações de Serviços Públicos - Principal;Lançamento de Receita;497.887,31;759;Recursos vinculados a fundos;"Não ";Não Aplicável
João Pessoa;201095;Prefeitura Municipal de João Pessoa;052026;2026;13210101;Remuneração de Depósitos Bancários - Principal;Lançamento de Receita;3,36;660;Transferência de Recursos do Fundo Nacional de Assistência Social - FNAS;"Não ";Não Aplicável
João Pessoa;201095;Prefeitura Municipal de João Pessoa;052026;2026;13210101;Remuneração de Depósitos Bancários - Principal;Lançamento de Receita;47.828,96;500;Recursos não vinculados de Impostos;"Não ";Não Aplicável
João Pessoa;201095;Prefeitura Municipal de João Pessoa;052026;2026;13210101;Remuneração de Depósitos Bancários - Principal;Lançamento de Receita;-47.828,96;754;"Recursos de Operações de Crédito ";"Não ";Não Aplicável
João Pessoa;201095;Prefeitura Municipal de João Pessoa;052026;2026;13210101;Remuneração de Depósitos Bancários - Principal;Lançamento de Receita;0;569;Outras Transferências de Recursos do FNDE;"Não ";Não Aplicável
João Pessoa;201095;Prefeitura Municipal de João Pessoa;042026;2026;13210101;Remuneração de Depósitos Bancários - Principal;Lançamento de Receita;29.537,3;706;"Transferência Especial da União ";3110;Identificação das Transferências da União decorrentes de emendas parlamentares individuais
João Pessoa;201095;Prefeitura Municipal de João Pessoa;042026;2026;13210101;Remuneração de Depósitos Bancários - Principal;Lançamento de Receita;-94.927,36;710;Transferência Especial dos Estados;3210;Identificação das Transferências dos Estados decorrentes de emendas parlamentares individuais
João Pessoa;201095;Prefeitura Municipal de João Pessoa;042026;2026;13210101;Remuneração de Depósitos Bancários - Principal;Lançamento de Receita;38.564,28;703;Outras Transferências de Convênios ou Contratos de Repasse de outras Entidades;"Não ";Não Aplicável
João Pessoa;201095;Prefeitura Municipal de João Pessoa;042026;2026;13210101;Remuneração de Depósitos Bancários - Principal;Lançamento de Receita;867,3;553;"Transferências de Recursos do FNDE Referentes ao Programa Nacional de Apoio ao Transporte Escolar (PNATE) ";"Não ";Não Aplicável
João Pessoa;201095;Prefeitura Municipal de João Pessoa;042026;2026;13210101;Remuneração de Depósitos Bancários - Principal;Lançamento de Receita;29.956,2;552;Transferências de Recursos do FNDE Referentes ao Programa Nacional de Alimentação Escolar (PNAE);"Não ";Não Aplicável
João Pessoa;201095;Prefeitura Municipal de João Pessoa;042026;2026;13210101;Remuneração de Depósitos Bancários - Principal;Lançamento de Receita;818.510,77;751;Recursos da Contribuição para o Custeio do Serviço de Iluminação Pública - COSIP;"Não ";Não Aplicável
João Pessoa;201095;Prefeitura Municipal de João Pessoa;042026;2026;13210101;Remuneração de Depósitos Bancários - Principal;Lançamento de Receita;23.894,53;500;Recursos não vinculados de Impostos;1002;Identificação das despesas com ações e serviços públicos de saúde
João Pessoa;201095;Prefeitura Municipal de João Pessoa;042026;2026;13210101;Remuneração de Depósitos Bancários - Principal;Lançamento de Receita;347.182,55;759;Recursos vinculados a fundos;"Não ";Não Aplicável
João Pessoa;201095;Prefeitura Municipal de João Pessoa;042026;2026;13210101;Remuneração de Depósitos Bancários - Principal;Lançamento de Receita;28.594,01;708;Transferência da União Referente à Compensação Financeira de Recursos Minerais;"Não ";Não Aplicável
João Pessoa;201095;Prefeitura Municipal de João Pessoa;042026;2026;13210101;Remuneração de Depósitos Bancários - Principal;Lançamento de Receita;1.581.816,46;754;"Recursos de Operações de Crédito ";"Não ";Não Aplicável
João Pessoa;201095;Prefeitura Municipal de João Pessoa;042026;2026;13210101;Remuneração de Depósitos Bancários - Principal;Lançamento de Receita;98.275,04;660;Transferência de Recursos do Fundo Nacional de Assistência Social - FNAS;3110;Identificação das Transferências da União decorrentes de emendas parlamentares individuais
João Pessoa;201095;Prefeitura Municipal de João Pessoa;042026;2026;13210101;Remuneração de Depósitos Bancários - Principal;Lançamento de Receita;79,05;665;Transferências de Convênios e outros Repasses vinculados à Assistência Social;"Não ";Não Aplicável
João Pessoa;201095;Prefeitura Municipal de João Pessoa;042026;2026;13210101;Remuneração de Depósitos Bancários - Principal;Lançamento de Receita;4.189,32;750;Recursos da Contribuição de Intervenção no Domínio Econômico - CIDE;"Não ";Não Aplicável
João Pessoa;201095;Prefeitura Municipal de João Pessoa;042026;2026;13210101;Remuneração de Depósitos Bancários - Principal;Lançamento de Receita;939.008,08;501;Outros Recursos não Vinculados;"Não ";Não Aplicável
João Pessoa;201095;Prefeitura Municipal de João Pessoa;042026;2026;13210101;Remuneração de Depósitos Bancários - Principal;Lançamento de Receita;239.921,71;700;Outras Transferências de Convênios ou Repasses da União;3120;Identificação das Transferências da União decorrentes de emendas parlamentares de bancada
João Pessoa;201095;Prefeitura Municipal de João Pessoa;042026;2026;13210101;Remuneração de Depósitos Bancários - Principal;Lançamento de Receita;1.857.748,02;500;Recursos não vinculados de Impostos;"Não ";Não Aplicável
João Pessoa;201095;Prefeitura Municipal de João Pessoa;042026;2026;13210101;Remuneração de Depósitos Bancários - Principal;Lançamento de Receita;43.146,88;755;Recursos de Alienação de Bens/Ativos - Administração Direta;"Não ";Não Aplicável
João Pessoa;201095;Prefeitura Municipal de João Pessoa;042026;2026;13210101;Remuneração de Depósitos Bancários - Principal;Lançamento de Receita;2.150,24;660;Transferência de Recursos do Fundo Nacional de Assistência Social - FNAS;"Não ";Não Aplicável
João Pessoa;201095;Prefeitura Municipal de João Pessoa;042026;2026;13210101;Remuneração de Depósitos Bancários - Principal;Lançamento de Receita;153.235,41;569;Outras Transferências de Recursos do FNDE;"Não ";Não Aplicável
João Pessoa;201095;Prefeitura Municipal de João Pessoa;042026;2026;13210101;Remuneração de Depósitos Bancários - Principal;Lançamento de Receita;1.789.434,64;500;Recursos não vinculados de Impostos;1001;Identificação das despesas com manutenção e desenvolvimento do ensino
João Pessoa;201095;Prefeitura Municipal de João Pessoa;042026;2026;13210101;Remuneração de Depósitos Bancários - Principal;Lançamento de Receita;57.222,36;719;Transferências da Política Nacional Aldir Blanc de Fomento à Cultura - Lei 14.399/2022;"Não ";Não Aplicável
João Pessoa;201095;Prefeitura Municipal de João Pessoa;042026;2026;13210101;Remuneração de Depósitos Bancários - Principal;Lançamento de Receita;2.875.564,53;540;Transferências do FUNDEB - Impostos e Transferências de Impostos;1070;Identificação do percentual aplicado no pagamento da remuneração dos profissionais da educação básica em efetivo exercício
João Pessoa;201095;Prefeitura Municipal de João Pessoa;042026;2026;13210101;Remuneração de Depósitos Bancários - Principal;Lançamento de Receita;2.913,06;701;Outras Transferências de Convênios ou Repasses dos Estados;"Não ";Não Aplicável
João Pessoa;201095;Prefeitura Municipal de João Pessoa;042026;2026;13210101;Remuneração de Depósitos Bancários - Principal;Lançamento de Receita;121.642,79;704;Transferência da União Referente a Royalties do Petróleo e Gás Natural;"Não ";Não Aplicável
João Pessoa;201095;Prefeitura Municipal de João Pessoa;042026;2026;13210101;Remuneração de Depósitos Bancários - Principal;Lançamento de Receita;615.725,37;700;Outras Transferências de Convênios ou Repasses da União;"Não ";Não Aplicável
João Pessoa;201095;Prefeitura Municipal de João Pessoa;042026;2026;13210101;Remuneração de Depósitos Bancários - Principal;Lançamento de Receita;1.189.082,44;550;Transferência do Salário-Educação;"Não ";Não Aplicável
João Pessoa;201095;Prefeitura Municipal de João Pessoa;042026;2026;13210101;Remuneração de Depósitos Bancários - Principal;Lançamento de Receita;7.703,97;571;Transferências do Estado referentes a Convênios e outros Repasses vinculados à Educação;"Não ";Não Aplicável
João Pessoa;201095;Prefeitura Municipal de João Pessoa;042026;2026;13210101;Remuneração de Depósitos Bancários - Principal;Lançamento de Receita;2,86;551;Transferências de Recursos do FNDE Referentes ao Programa Dinheiro Direto na Escola (PDDE);"Não ";Não Aplicável
João Pessoa;201095;Prefeitura Municipal de João Pessoa;042026;2026;13210101;Remuneração de Depósitos Bancários - Principal;Lançamento de Receita;10.430,49;799;Outras vinculações legais;"Não ";Não Aplicável
João Pessoa;201095;Prefeitura Municipal de João Pessoa;032026;2026;13210101;Remuneração de Depósitos Bancários - Principal;Lançamento de Receita;36.400,19;500;Recursos não vinculados de Impostos;1002;Identificação das despesas com ações e serviços públicos de saúde
João Pessoa;201095;Prefeitura Municipal de João Pessoa;032026;2026;13210101;Remuneração de Depósitos Bancários - Principal;Lançamento de Receita;1.240.489,92;501;Outros Recursos não Vinculados;"Não ";Não Aplicável
João Pessoa;201095;Prefeitura Municipal de João Pessoa;032026;2026;13210101;Remuneração de Depósitos Bancários - Principal;Lançamento de Receita;57.354,3;704;Transferência da União Referente a Royalties do Petróleo e Gás Natural;"Não ";Não Aplicável
João Pessoa;201095;Prefeitura Municipal de João Pessoa;032026;2026;13210101;Remuneração de Depósitos Bancários - Principal;Lançamento de Receita;228,72;665;Transferências de Convênios e outros Repasses vinculados à Assistência Social;"Não ";Não Aplicável
João Pessoa;201095;Prefeitura Municipal de João Pessoa;032026;2026;13210101;Remuneração de Depósitos Bancários - Principal;Lançamento de Receita;3.442,97;750;Recursos da Contribuição de Intervenção no Domínio Econômico - CIDE;"Não ";Não Aplicável
João Pessoa;201095;Prefeitura Municipal de João Pessoa;032026;2026;13210101;Remuneração de Depósitos Bancários - Principal;Lançamento de Receita;1,39;551;Transferências de Recursos do FNDE Referentes ao Programa Dinheiro Direto na Escola (PDDE);"Não ";Não Aplicável
João Pessoa;201095;Prefeitura Municipal de João Pessoa;032026;2026;13210101;Remuneração de Depósitos Bancários - Principal;Lançamento de Receita;1.911.689,55;500;Recursos não vinculados de Impostos;1001;Identificação das despesas com manutenção e desenvolvimento do ensino
João Pessoa;201095;Prefeitura Municipal de João Pessoa;032026;2026;13210101;Remuneração de Depósitos Bancários - Principal;Lançamento de Receita;63.270,41;719;Transferências da Política Nacional Aldir Blanc de Fomento à Cultura - Lei 14.399/2022;"Não ";Não Aplicável
João Pessoa;201095;Prefeitura Municipal de João Pessoa;032026;2026;13210101;Remuneração de Depósitos Bancários - Principal;Lançamento de Receita;799.413,35;751;Recursos da Contribuição para o Custeio do Serviço de Iluminação Pública - COSIP;"Não ";Não Aplicável
João Pessoa;201095;Prefeitura Municipal de João Pessoa;032026;2026;13210101;Remuneração de Depósitos Bancários - Principal;Lançamento de Receita;32.602,39;706;"Transferência Especial da União ";3110;Identificação das Transferências da União decorrentes de emendas parlamentares individuais
João Pessoa;201095;Prefeitura Municipal de João Pessoa;032026;2026;13210101;Remuneração de Depósitos Bancários - Principal;Lançamento de Receita;944.739,53;500;Recursos não vinculados de Impostos;"Não ";Não Aplicável
João Pessoa;201095;Prefeitura Municipal de João Pessoa;032026;2026;13210101;Remuneração de Depósitos Bancários - Principal;Lançamento de Receita;166.535,01;569;Outras Transferências de Recursos do FNDE;"Não ";Não Aplicável
João Pessoa;201095;Prefeitura Municipal de João Pessoa;032026;2026;13210101;Remuneração de Depósitos Bancários - Principal;Lançamento de Receita;701,79;553;"Transferências de Recursos do FNDE Referentes ao Programa Nacional de Apoio ao Transporte Escolar (PNATE) ";"Não ";Não Aplicável
João Pessoa;201095;Prefeitura Municipal de João Pessoa;032026;2026;13210101;Remuneração de Depósitos Bancários - Principal;Lançamento de Receita;31.343,16;708;Transferência da União Referente à Compensação Financeira de Recursos Minerais;"Não ";Não Aplicável
João Pessoa;201095;Prefeitura Municipal de João Pessoa;032026;2026;13210101;Remuneração de Depósitos Bancários - Principal;Lançamento de Receita;8.709,47;571;Transferências do Estado referentes a Convênios e outros Repasses vinculados à Educação;"Não ";Não Aplicável
João Pessoa;201095;Prefeitura Municipal de João Pessoa;032026;2026;13210101;Remuneração de Depósitos Bancários - Principal;Lançamento de Receita;432.066,56;759;Recursos vinculados a fundos;"Não ";Não Aplicável
João Pessoa;201095;Prefeitura Municipal de João Pessoa;032026;2026;13210101;Remuneração de Depósitos Bancários - Principal;Lançamento de Receita;18.267,71;660;Transferência de Recursos do Fundo Nacional de Assistência Social - FNAS;"Não ";Não Aplicável
João Pessoa;201095;Prefeitura Municipal de João Pessoa;032026;2026;13210101;Remuneração de Depósitos Bancários - Principal;Lançamento de Receita;16.775,26;552;Transferências de Recursos do FNDE Referentes ao Programa Nacional de Alimentação Escolar (PNAE);"Não ";Não Aplicável
João Pessoa;201095;Prefeitura Municipal de João Pessoa;032026;2026;13210101;Remuneração de Depósitos Bancários - Principal;Lançamento de Receita;10,87;801;Recursos vinculados ao RPPS - Fundo em Repartição (Plano Financeiro);2111;Benefícios previdenciários - Poder Executivo - Fundo em Repartição (Plano Financeiro)
João Pessoa;201095;Prefeitura Municipal de João Pessoa;032026;2026;13210101;Remuneração de Depósitos Bancários - Principal;Lançamento de Receita;1.299.419,44;550;Transferência do Salário-Educação;"Não ";Não Aplicável
João Pessoa;201095;Prefeitura Municipal de João Pessoa;032026;2026;13210101;Remuneração de Depósitos Bancários - Principal;Lançamento de Receita;42.400;703;Outras Transferências de Convênios ou Contratos de Repasse de outras Entidades;"Não ";Não Aplicável
João Pessoa;201095;Prefeitura Municipal de João Pessoa;032026;2026;13210101;Remuneração de Depósitos Bancários - Principal;Lançamento de Receita;3.220,41;701;Outras Transferências de Convênios ou Repasses dos Estados;"Não ";Não Aplicável
João Pessoa;201095;Prefeitura Municipal de João Pessoa;032026;2026;13210101;Remuneração de Depósitos Bancários - Principal;Lançamento de Receita;614.680,03;700;Outras Transferências de Convênios ou Repasses da União;"Não ";Não Aplicável
João Pessoa;201095;Prefeitura Municipal de João Pessoa;032026;2026;13210101;Remuneração de Depósitos Bancários - Principal;Lançamento de Receita;43.483,84;755;Recursos de Alienação de Bens/Ativos - Administração Direta;"Não ";Não Aplicável
João Pessoa;201095;Prefeitura Municipal de João Pessoa;032026;2026;13210101;Remuneração de Depósitos Bancários - Principal;Lançamento de Receita;236.951,29;700;Outras Transferências de Convênios ou Repasses da União;3120;Identificação das Transferências da União decorrentes de emendas parlamentares de bancada
João Pessoa;201095;Prefeitura Municipal de João Pessoa;032026;2026;13210101;Remuneração de Depósitos Bancários - Principal;Lançamento de Receita;3.276.320,15;540;Transferências do FUNDEB - Impostos e Transferências de Impostos;1070;Identificação do percentual aplicado no pagamento da remuneração dos profissionais da educação básica em efetivo exercício
João Pessoa;201095;Prefeitura Municipal de João Pessoa;032026;2026;13210101;Remuneração de Depósitos Bancários - Principal;Lançamento de Receita;177.617,72;710;Transferência Especial dos Estados;3210;Identificação das Transferências dos Estados decorrentes de emendas parlamentares individuais
João Pessoa;201095;Prefeitura Municipal de João Pessoa;032026;2026;13210101;Remuneração de Depósitos Bancários - Principal;Lançamento de Receita;11.596,19;799;Outras vinculações legais;"Não ";Não Aplicável
João Pessoa;201095;Prefeitura Municipal de João Pessoa;032026;2026;13210101;Remuneração de Depósitos Bancários - Principal;Lançamento de Receita;212.964,43;660;Transferência de Recursos do Fundo Nacional de Assistência Social - FNAS;3110;Identificação das Transferências da União decorrentes de emendas parlamentares individuais
João Pessoa;201095;Prefeitura Municipal de João Pessoa;032026;2026;13210101;Remuneração de Depósitos Bancários - Principal;Lançamento de Receita;3.926.021,71;754;"Recursos de Operações de Crédito ";"Não ";Não Aplicável
João Pessoa;201095;Prefeitura Municipal de João Pessoa;022026;2026;13210101;Remuneração de Depósitos Bancários - Principal;Lançamento de Receita;1,49;551;Transferências de Recursos do FNDE Referentes ao Programa Dinheiro Direto na Escola (PDDE);"Não ";Não Aplicável
João Pessoa;201095;Prefeitura Municipal de João Pessoa;022026;2026;13210101;Remuneração de Depósitos Bancários - Principal;Lançamento de Receita;2.629,62;701;Outras Transferências de Convênios ou Repasses dos Estados;"Não ";Não Aplicável
João Pessoa;201095;Prefeitura Municipal de João Pessoa;022026;2026;13210101;Remuneração de Depósitos Bancários - Principal;Lançamento de Receita;2.612.511,1;540;Transferências do FUNDEB - Impostos e Transferências de Impostos;1070;Identificação do percentual aplicado no pagamento da remuneração dos profissionais da educação básica em efetivo exercício
João Pessoa;201095;Prefeitura Municipal de João Pessoa;022026;2026;13210101;Remuneração de Depósitos Bancários - Principal;Lançamento de Receita;1.066.086,08;550;Transferência do Salário-Educação;"Não ";Não Aplicável
João Pessoa;201095;Prefeitura Municipal de João Pessoa;022026;2026;13210101;Remuneração de Depósitos Bancários - Principal;Lançamento de Receita;2.798,04;750;Recursos da Contribuição de Intervenção no Domínio Econômico - CIDE;"Não ";Não Aplicável
João Pessoa;201095;Prefeitura Municipal de João Pessoa;022026;2026;13210101;Remuneração de Depósitos Bancários - Principal;Lançamento de Receita;268.188,82;501;Outros Recursos não Vinculados;"Não ";Não Aplicável
João Pessoa;201095;Prefeitura Municipal de João Pessoa;022026;2026;13210101;Remuneração de Depósitos Bancários - Principal;Lançamento de Receita;30.474,73;704;Transferência da União Referente a Royalties do Petróleo e Gás Natural;"Não ";Não Aplicável
João Pessoa;201095;Prefeitura Municipal de João Pessoa;022026;2026;13210101;Remuneração de Depósitos Bancários - Principal;Lançamento de Receita;580.140,78;751;Recursos da Contribuição para o Custeio do Serviço de Iluminação Pública - COSIP;"Não ";Não Aplicável
João Pessoa;201095;Prefeitura Municipal de João Pessoa;022026;2026;13210101;Remuneração de Depósitos Bancários - Principal;Lançamento de Receita;13.664,01;660;Transferência de Recursos do Fundo Nacional de Assistência Social - FNAS;"Não ";Não Aplicável
João Pessoa;201095;Prefeitura Municipal de João Pessoa;022026;2026;13210101;Remuneração de Depósitos Bancários - Principal;Lançamento de Receita;34.470,86;703;Outras Transferências de Convênios ou Contratos de Repasse de outras Entidades;"Não ";Não Aplicável
João Pessoa;201095;Prefeitura Municipal de João Pessoa;022026;2026;13210101;Remuneração de Depósitos Bancários - Principal;Lançamento de Receita;51.025,75;500;Recursos não vinculados de Impostos;1002;Identificação das despesas com ações e serviços públicos de saúde
João Pessoa;201095;Prefeitura Municipal de João Pessoa;022026;2026;13210101;Remuneração de Depósitos Bancários - Principal;Lançamento de Receita;7.087,1;571;Transferências do Estado referentes a Convênios e outros Repasses vinculados à Educação;"Não ";Não Aplicável
João Pessoa;201095;Prefeitura Municipal de João Pessoa;022026;2026;13210101;Remuneração de Depósitos Bancários - Principal;Lançamento de Receita;219.512,91;759;Recursos vinculados a fundos;"Não ";Não Aplicável
João Pessoa;201095;Prefeitura Municipal de João Pessoa;022026;2026;13210101;Remuneração de Depósitos Bancários - Principal;Lançamento de Receita;9.515,96;799;Outras vinculações legais;"Não ";Não Aplicável
João Pessoa;201095;Prefeitura Municipal de João Pessoa;022026;2026;13210101;Remuneração de Depósitos Bancários - Principal;Lançamento de Receita;737,59;553;"Transferências de Recursos do FNDE Referentes ao Programa Nacional de Apoio ao Transporte Escolar (PNATE) ";"Não ";Não Aplicável
João Pessoa;201095;Prefeitura Municipal de João Pessoa;022026;2026;13210101;Remuneração de Depósitos Bancários - Principal;Lançamento de Receita;231.851,56;700;Outras Transferências de Convênios ou Repasses da União;3120;Identificação das Transferências da União decorrentes de emendas parlamentares de bancada
João Pessoa;201095;Prefeitura Municipal de João Pessoa;022026;2026;13210101;Remuneração de Depósitos Bancários - Principal;Lançamento de Receita;6.897,48;552;Transferências de Recursos do FNDE Referentes ao Programa Nacional de Alimentação Escolar (PNAE);"Não ";Não Aplicável
João Pessoa;201095;Prefeitura Municipal de João Pessoa;022026;2026;13210101;Remuneração de Depósitos Bancários - Principal;Lançamento de Receita;678.917,73;500;Recursos não vinculados de Impostos;"Não ";Não Aplicável
João Pessoa;201095;Prefeitura Municipal de João Pessoa;022026;2026;13210101;Remuneração de Depósitos Bancários - Principal;Lançamento de Receita;51.436,36;719;Transferências da Política Nacional Aldir Blanc de Fomento à Cultura - Lei 14.399/2022;"Não ";Não Aplicável
João Pessoa;201095;Prefeitura Municipal de João Pessoa;022026;2026;13210101;Remuneração de Depósitos Bancários - Principal;Lançamento de Receita;7,02;801;Recursos vinculados ao RPPS - Fundo em Repartição (Plano Financeiro);2111;Benefícios previdenciários - Poder Executivo - Fundo em Repartição (Plano Financeiro)
João Pessoa;201095;Prefeitura Municipal de João Pessoa;022026;2026;13210101;Remuneração de Depósitos Bancários - Principal;Lançamento de Receita;604.262,59;700;Outras Transferências de Convênios ou Repasses da União;"Não ";Não Aplicável
João Pessoa;201095;Prefeitura Municipal de João Pessoa;022026;2026;13210101;Remuneração de Depósitos Bancários - Principal;Lançamento de Receita;2.297,52;665;Transferências de Convênios e outros Repasses vinculados à Assistência Social;"Não ";Não Aplicável
João Pessoa;201095;Prefeitura Municipal de João Pessoa;022026;2026;13210101;Remuneração de Depósitos Bancários - Principal;Lançamento de Receita;284,33;715;Transferências Destinadas ao Setor Cultural - LC nº 195/2022 - Art. 5º - Audiovisual;"Não ";Não Aplicável
João Pessoa;201095;Prefeitura Municipal de João Pessoa;022026;2026;13210101;Remuneração de Depósitos Bancários - Principal;Lançamento de Receita;2.630.319,39;754;"Recursos de Operações de Crédito ";"Não ";Não Aplicável
João Pessoa;201095;Prefeitura Municipal de João Pessoa;022026;2026;13210101;Remuneração de Depósitos Bancários - Principal;Lançamento de Receita;46.359,74;660;Transferência de Recursos do Fundo Nacional de Assistência Social - FNAS;3110;Identificação das Transferências da União decorrentes de emendas parlamentares individuais
João Pessoa;201095;Prefeitura Municipal de João Pessoa;022026;2026;13210101;Remuneração de Depósitos Bancários - Principal;Lançamento de Receita;25.363,14;708;Transferência da União Referente à Compensação Financeira de Recursos Minerais;"Não ";Não Aplicável
João Pessoa;201095;Prefeitura Municipal de João Pessoa;022026;2026;13210101;Remuneração de Depósitos Bancários - Principal;Lançamento de Receita;26.603,44;706;"Transferência Especial da União ";3110;Identificação das Transferências da União decorrentes de emendas parlamentares individuais
João Pessoa;201095;Prefeitura Municipal de João Pessoa;022026;2026;13210101;Remuneração de Depósitos Bancários - Principal;Lançamento de Receita;32.540,4;755;Recursos de Alienação de Bens/Ativos - Administração Direta;"Não ";Não Aplicável
João Pessoa;201095;Prefeitura Municipal de João Pessoa;022026;2026;13210101;Remuneração de Depósitos Bancários - Principal;Lançamento de Receita;1.530.019,04;500;Recursos não vinculados de Impostos;1001;Identificação das despesas com manutenção e desenvolvimento do ensino
João Pessoa;201095;Prefeitura Municipal de João Pessoa;022026;2026;13210101;Remuneração de Depósitos Bancários - Principal;Lançamento de Receita;35.473,79;710;Transferência Especial dos Estados;3210;Identificação das Transferências dos Estados decorrentes de emendas parlamentares individuais
João Pessoa;201095;Prefeitura Municipal de João Pessoa;022026;2026;13210101;Remuneração de Depósitos Bancários - Principal;Lançamento de Receita;147.565,29;569;Outras Transferências de Recursos do FNDE;"Não ";Não Aplicável
João Pessoa;201095;Prefeitura Municipal de João Pessoa;012026;2026;13210101;Remuneração de Depósitos Bancários - Principal;Lançamento de Receita;1.005,05;716;Transferências Destinadas ao Setor cultural - LC nº 195/2022 - Art. 8º - Demais Setores da Cultura;"Não ";Não Aplicável
João Pessoa;201095;Prefeitura Municipal de João Pessoa;012026;2026;13210101;Remuneração de Depósitos Bancários - Principal;Lançamento de Receita;39.651,21;703;Outras Transferências de Convênios ou Contratos de Repasse de outras Entidades;"Não ";Não Aplicável
João Pessoa;201095;Prefeitura Municipal de João Pessoa;012026;2026;13210101;Remuneração de Depósitos Bancários - Principal;Lançamento de Receita;15.766,54;706;"Transferência Especial da União ";3110;Identificação das Transferências da União decorrentes de emendas parlamentares individuais
João Pessoa;201095;Prefeitura Municipal de João Pessoa;012026;2026;13210101;Remuneração de Depósitos Bancários - Principal;Lançamento de Receita;712.201,44;700;Outras Transferências de Convênios ou Repasses da União;"Não ";Não Aplicável
João Pessoa;201095;Prefeitura Municipal de João Pessoa;012026;2026;13210101;Remuneração de Depósitos Bancários - Principal;Lançamento de Receita;7,67;801;Recursos vinculados ao RPPS - Fundo em Repartição (Plano Financeiro);2111;Benefícios previdenciários - Poder Executivo - Fundo em Repartição (Plano Financeiro)
João Pessoa;201095;Prefeitura Municipal de João Pessoa;012026;2026;13210101;Remuneração de Depósitos Bancários - Principal;Lançamento de Receita;165.697,66;569;Outras Transferências de Recursos do FNDE;"Não ";Não Aplicável
João Pessoa;201095;Prefeitura Municipal de João Pessoa;012026;2026;13210101;Remuneração de Depósitos Bancários - Principal;Lançamento de Receita;28.824,66;708;Transferência da União Referente à Compensação Financeira de Recursos Minerais;"Não ";Não Aplicável
João Pessoa;201095;Prefeitura Municipal de João Pessoa;012026;2026;13210101;Remuneração de Depósitos Bancários - Principal;Lançamento de Receita;2.722.079,3;754;"Recursos de Operações de Crédito ";"Não ";Não Aplicável
João Pessoa;201095;Prefeitura Municipal de João Pessoa;012026;2026;13210101;Remuneração de Depósitos Bancários - Principal;Lançamento de Receita;371,69;715;Transferências Destinadas ao Setor Cultural - LC nº 195/2022 - Art. 5º - Audiovisual;"Não ";Não Aplicável
João Pessoa;201095;Prefeitura Municipal de João Pessoa;012026;2026;13210101;Remuneração de Depósitos Bancários - Principal;Lançamento de Receita;6.821,51;552;Transferências de Recursos do FNDE Referentes ao Programa Nacional de Alimentação Escolar (PNAE);"Não ";Não Aplicável
João Pessoa;201095;Prefeitura Municipal de João Pessoa;012026;2026;13210101;Remuneração de Depósitos Bancários - Principal;Lançamento de Receita;2.620,69;750;Recursos da Contribuição de Intervenção no Domínio Econômico - CIDE;"Não ";Não Aplicável
João Pessoa;201095;Prefeitura Municipal de João Pessoa;012026;2026;13210101;Remuneração de Depósitos Bancários - Principal;Lançamento de Receita;244.623,64;501;Outros Recursos não Vinculados;"Não ";Não Aplicável
João Pessoa;201095;Prefeitura Municipal de João Pessoa;012026;2026;13210101;Remuneração de Depósitos Bancários - Principal;Lançamento de Receita;830.000,53;500;Recursos não vinculados de Impostos;"Não ";Não Aplicável
João Pessoa;201095;Prefeitura Municipal de João Pessoa;012026;2026;13210101;Remuneração de Depósitos Bancários - Principal;Lançamento de Receita;177.849,98;700;Outras Transferências de Convênios ou Repasses da União;3120;Identificação das Transferências da União decorrentes de emendas parlamentares de bancada
João Pessoa;201095;Prefeitura Municipal de João Pessoa;012026;2026;13210101;Remuneração de Depósitos Bancários - Principal;Lançamento de Receita;27.805,86;500;Recursos não vinculados de Impostos;1002;Identificação das despesas com ações e serviços públicos de saúde
João Pessoa;201095;Prefeitura Municipal de João Pessoa;012026;2026;13210101;Remuneração de Depósitos Bancários - Principal;Lançamento de Receita;1.830.825,27;500;Recursos não vinculados de Impostos;1001;Identificação das despesas com manutenção e desenvolvimento do ensino
João Pessoa;201095;Prefeitura Municipal de João Pessoa;012026;2026;13210101;Remuneração de Depósitos Bancários - Principal;Lançamento de Receita;9.130,34;571;Transferências do Estado referentes a Convênios e outros Repasses vinculados à Educação;"Não ";Não Aplicável
João Pessoa;201095;Prefeitura Municipal de João Pessoa;012026;2026;13210101;Remuneração de Depósitos Bancários - Principal;Lançamento de Receita;3.036,15;701;Outras Transferências de Convênios ou Repasses dos Estados;"Não ";Não Aplicável
João Pessoa;201095;Prefeitura Municipal de João Pessoa;012026;2026;13210101;Remuneração de Depósitos Bancários - Principal;Lançamento de Receita;55.901,89;660;Transferência de Recursos do Fundo Nacional de Assistência Social - FNAS;3110;Identificação das Transferências da União decorrentes de emendas parlamentares individuais
João Pessoa;201095;Prefeitura Municipal de João Pessoa;012026;2026;13210101;Remuneração de Depósitos Bancários - Principal;Lançamento de Receita;17.035,52;660;Transferência de Recursos do Fundo Nacional de Assistência Social - FNAS;"Não ";Não Aplicável
João Pessoa;201095;Prefeitura Municipal de João Pessoa;012026;2026;13210101;Remuneração de Depósitos Bancários - Principal;Lançamento de Receita;59.365,59;719;Transferências da Política Nacional Aldir Blanc de Fomento à Cultura - Lei 14.399/2022;"Não ";Não Aplicável
João Pessoa;201095;Prefeitura Municipal de João Pessoa;012026;2026;13210101;Remuneração de Depósitos Bancários - Principal;Lançamento de Receita;2.039.982,44;540;Transferências do FUNDEB - Impostos e Transferências de Impostos;1070;Identificação do percentual aplicado no pagamento da remuneração dos profissionais da educação básica em efetivo exercício
João Pessoa;201095;Prefeitura Municipal de João Pessoa;012026;2026;13210101;Remuneração de Depósitos Bancários - Principal;Lançamento de Receita;302.153,88;759;Recursos vinculados a fundos;"Não ";Não Aplicável
João Pessoa;201095;Prefeitura Municipal de João Pessoa;012026;2026;13210101;Remuneração de Depósitos Bancários - Principal;Lançamento de Receita;42.085,86;710;Transferência Especial dos Estados;3210;Identificação das Transferências dos Estados decorrentes de emendas parlamentares individuais
João Pessoa;201095;Prefeitura Municipal de João Pessoa;012026;2026;13210101;Remuneração de Depósitos Bancários - Principal;Lançamento de Receita;1,48;551;Transferências de Recursos do FNDE Referentes ao Programa Dinheiro Direto na Escola (PDDE);"Não ";Não Aplicável
João Pessoa;201095;Prefeitura Municipal de João Pessoa;012026;2026;13210101;Remuneração de Depósitos Bancários - Principal;Lançamento de Receita;712.169,93;751;Recursos da Contribuição para o Custeio do Serviço de Iluminação Pública - COSIP;"Não ";Não Aplicável
João Pessoa;201095;Prefeitura Municipal de João Pessoa;012026;2026;13210101;Remuneração de Depósitos Bancários - Principal;Lançamento de Receita;41.370,65;755;Recursos de Alienação de Bens/Ativos - Administração Direta;"Não ";Não Aplicável
João Pessoa;201095;Prefeitura Municipal de João Pessoa;012026;2026;13210101;Remuneração de Depósitos Bancários - Principal;Lançamento de Receita;242,62;665;Transferências de Convênios e outros Repasses vinculados à Assistência Social;"Não ";Não Aplicável
João Pessoa;201095;Prefeitura Municipal de João Pessoa;012026;2026;13210101;Remuneração de Depósitos Bancários - Principal;Lançamento de Receita;201.914,14;546;Transferências do FUNDEB - complementação da União - Educação Tempo Integral;1070;Identificação do percentual aplicado no pagamento da remuneração dos profissionais da educação básica em efetivo exercício
João Pessoa;201095;Prefeitura Municipal de João Pessoa;012026;2026;13210101;Remuneração de Depósitos Bancários - Principal;Lançamento de Receita;557.093,08;540;Transferências do FUNDEB - Impostos e Transferências de Impostos;"Não ";Não Aplicável
João Pessoa;201095;Prefeitura Municipal de João Pessoa;012026;2026;13210101;Remuneração de Depósitos Bancários - Principal;Lançamento de Receita;51.938,17;704;Transferência da União Referente a Royalties do Petróleo e Gás Natural;"Não ";Não Aplicável
João Pessoa;201095;Prefeitura Municipal de João Pessoa;012026;2026;13210101;Remuneração de Depósitos Bancários - Principal;Lançamento de Receita;1.194.778,02;550;Transferência do Salário-Educação;"Não ";Não Aplicável
João Pessoa;201095;Prefeitura Municipal de João Pessoa;012026;2026;13210101;Remuneração de Depósitos Bancários - Principal;Lançamento de Receita;10.982,82;799;Outras vinculações legais;"Não ";Não Aplicável
João Pessoa;201095;Prefeitura Municipal de João Pessoa;012026;2026;13210101;Remuneração de Depósitos Bancários - Principal;Lançamento de Receita;740,76;553;"Transferências de Recursos do FNDE Referentes ao Programa Nacional de Apoio ao Transporte Escolar (PNATE) ";"Não ";Não Aplicável
João Pessoa;201095;Prefeitura Municipal de João Pessoa;052026;2026;13110111;Aluguéis e Arrendamentos - Principal;Lançamento de Receita;24.374,37;759;Recursos vinculados a fundos;"Não ";Não Aplicável
João Pessoa;201095;Prefeitura Municipal de João Pessoa;052026;2026;13110111;Aluguéis e Arrendamentos - Principal;Lançamento de Receita;73.123,11;501;Outros Recursos não Vinculados;"Não ";Não Aplicável
João Pessoa;201095;Prefeitura Municipal de João Pessoa;042026;2026;13110111;Aluguéis e Arrendamentos - Principal;Lançamento de Receita;21.270,04;759;Recursos vinculados a fundos;"Não ";Não Aplicável
João Pessoa;201095;Prefeitura Municipal de João Pessoa;042026;2026;13110111;Aluguéis e Arrendamentos - Principal;Lançamento de Receita;138.468,29;501;Outros Recursos não Vinculados;"Não ";Não Aplicável
João Pessoa;201095;Prefeitura Municipal de João Pessoa;032026;2026;13110111;Aluguéis e Arrendamentos - Principal;Lançamento de Receita;204.534,12;501;Outros Recursos não Vinculados;"Não ";Não Aplicável
João Pessoa;201095;Prefeitura Municipal de João Pessoa;032026;2026;13110111;Aluguéis e Arrendamentos - Principal;Lançamento de Receita;68.178,04;759;Recursos vinculados a fundos;"Não ";Não Aplicável
João Pessoa;201095;Prefeitura Municipal de João Pessoa;022026;2026;13110111;Aluguéis e Arrendamentos - Principal;Lançamento de Receita;118.785,64;501;Outros Recursos não Vinculados;"Não ";Não Aplicável
João Pessoa;201095;Prefeitura Municipal de João Pessoa;022026;2026;13110111;Aluguéis e Arrendamentos - Principal;Lançamento de Receita;39.595,21;759;Recursos vinculados a fundos;"Não ";Não Aplicável
João Pessoa;201095;Prefeitura Municipal de João Pessoa;012026;2026;13110111;Aluguéis e Arrendamentos - Principal;Lançamento de Receita;143.208,23;501;Outros Recursos não Vinculados;"Não ";Não Aplicável
João Pessoa;201095;Prefeitura Municipal de João Pessoa;012026;2026;13110111;Aluguéis e Arrendamentos - Principal;Lançamento de Receita;47.736,08;759;Recursos vinculados a fundos;"Não ";Não Aplicável
João Pessoa;201095;Prefeitura Municipal de João Pessoa;052026;2026;12415001;Contribuição para o Custeio do Serviço de Iluminação Pública - Principal;Lançamento de Receita;3.132.274,22;501;Outros Recursos não Vinculados;"Não ";Não Aplicável
João Pessoa;201095;Prefeitura Municipal de João Pessoa;052026;2026;12415001;Contribuição para o Custeio do Serviço de Iluminação Pública - Principal;Lançamento de Receita;3.132.274,22;751;Recursos da Contribuição para o Custeio do Serviço de Iluminação Pública - COSIP;"Não ";Não Aplicável
João Pessoa;201095;Prefeitura Municipal de João Pessoa;042026;2026;12415001;Contribuição para o Custeio do Serviço de Iluminação Pública - Principal;Lançamento de Receita;3.222.485,01;751;Recursos da Contribuição para o Custeio do Serviço de Iluminação Pública - COSIP;"Não ";Não Aplicável
João Pessoa;201095;Prefeitura Municipal de João Pessoa;042026;2026;12415001;Contribuição para o Custeio do Serviço de Iluminação Pública - Principal;Lançamento de Receita;3.222.485,02;501;Outros Recursos não Vinculados;"Não ";Não Aplicável
João Pessoa;201095;Prefeitura Municipal de João Pessoa;032026;2026;12415001;Contribuição para o Custeio do Serviço de Iluminação Pública - Principal;Lançamento de Receita;3.049.426,41;751;Recursos da Contribuição para o Custeio do Serviço de Iluminação Pública - COSIP;"Não ";Não Aplicável
João Pessoa;201095;Prefeitura Municipal de João Pessoa;032026;2026;12415001;Contribuição para o Custeio do Serviço de Iluminação Pública - Principal;Lançamento de Receita;3.049.426,41;501;Outros Recursos não Vinculados;"Não ";Não Aplicável
João Pessoa;201095;Prefeitura Municipal de João Pessoa;022026;2026;12415001;Contribuição para o Custeio do Serviço de Iluminação Pública - Principal;Lançamento de Receita;3.303.156,29;751;Recursos da Contribuição para o Custeio do Serviço de Iluminação Pública - COSIP;"Não ";Não Aplicável
João Pessoa;201095;Prefeitura Municipal de João Pessoa;022026;2026;12415001;Contribuição para o Custeio do Serviço de Iluminação Pública - Principal;Lançamento de Receita;3.303.156,29;501;Outros Recursos não Vinculados;"Não ";Não Aplicável
João Pessoa;201095;Prefeitura Municipal de João Pessoa;012026;2026;12415001;Contribuição para o Custeio do Serviço de Iluminação Pública - Principal;Lançamento de Receita;3.304.435,21;501;Outros Recursos não Vinculados;"Não ";Não Aplicável
João Pessoa;201095;Prefeitura Municipal de João Pessoa;012026;2026;12415001;Contribuição para o Custeio do Serviço de Iluminação Pública - Principal;Lançamento de Receita;3.304.435,2;751;Recursos da Contribuição para o Custeio do Serviço de Iluminação Pública - COSIP;"Não ";Não Aplicável
João Pessoa;201095;Prefeitura Municipal de João Pessoa;052026;2026;11225301;Taxa pela Prestação de Serviços de Limpeza Pública e Manejo de Resíduos Sólidos - Principal;Lançamento de Receita;142.775,5;501;Outros Recursos não Vinculados;"Não ";Não Aplicável
João Pessoa;201095;Prefeitura Municipal de João Pessoa;042026;2026;11225301;Taxa pela Prestação de Serviços de Limpeza Pública e Manejo de Resíduos Sólidos - Principal;Lançamento de Receita;6.690.396,1;501;Outros Recursos não Vinculados;"Não ";Não Aplicável
João Pessoa;201095;Prefeitura Municipal de João Pessoa;042026;2026;11220104;Taxas pela Prestação de Serviços em Geral - Dívida Ativa - Multas e Juros de Mora da Dívida Ativa;Lançamento de Receita;0;501;Outros Recursos não Vinculados;"Não ";Não Aplicável
João Pessoa;201095;Prefeitura Municipal de João Pessoa;032026;2026;11220104;Taxas pela Prestação de Serviços em Geral - Dívida Ativa - Multas e Juros de Mora da Dívida Ativa;Lançamento de Receita;158,27;501;Outros Recursos não Vinculados;"Não ";Não Aplicável
João Pessoa;201095;Prefeitura Municipal de João Pessoa;022026;2026;11220104;Taxas pela Prestação de Serviços em Geral - Dívida Ativa - Multas e Juros de Mora da Dívida Ativa;Lançamento de Receita;85,95;501;Outros Recursos não Vinculados;"Não ";Não Aplicável
João Pessoa;201095;Prefeitura Municipal de João Pessoa;042026;2026;11220103;Taxas pela Prestação de Serviços em Geral - Dívida Ativa;Lançamento de Receita;0;501;Outros Recursos não Vinculados;"Não ";Não Aplicável
João Pessoa;201095;Prefeitura Municipal de João Pessoa;032026;2026;11220103;Taxas pela Prestação de Serviços em Geral - Dívida Ativa;Lançamento de Receita;1.287,85;501;Outros Recursos não Vinculados;"Não ";Não Aplicável
João Pessoa;201095;Prefeitura Municipal de João Pessoa;022026;2026;11220103;Taxas pela Prestação de Serviços em Geral - Dívida Ativa;Lançamento de Receita;749,32;501;Outros Recursos não Vinculados;"Não ";Não Aplicável
João Pessoa;201095;Prefeitura Municipal de João Pessoa;042026;2026;11220102;Taxas pela Prestação de Serviços em Geral - Multas e Juros de Mora;Lançamento de Receita;0;501;Outros Recursos não Vinculados;"Não ";Não Aplicável
João Pessoa;201095;Prefeitura Municipal de João Pessoa;032026;2026;11220102;Taxas pela Prestação de Serviços em Geral - Multas e Juros de Mora;Lançamento de Receita;83,54;501;Outros Recursos não Vinculados;"Não ";Não Aplicável
João Pessoa;201095;Prefeitura Municipal de João Pessoa;022026;2026;11220102;Taxas pela Prestação de Serviços em Geral - Multas e Juros de Mora;Lançamento de Receita;50,66;501;Outros Recursos não Vinculados;"Não ";Não Aplicável
João Pessoa;201095;Prefeitura Municipal de João Pessoa;042026;2026;11220101;Taxas pela Prestação de Serviços em Geral - Principal;Lançamento de Receita;168.302,76;501;Outros Recursos não Vinculados;"Não ";Não Aplicável
João Pessoa;201095;Prefeitura Municipal de João Pessoa;032026;2026;11220101;Taxas pela Prestação de Serviços em Geral - Principal;Lançamento de Receita;39.404.329,87;501;Outros Recursos não Vinculados;"Não ";Não Aplicável
João Pessoa;201095;Prefeitura Municipal de João Pessoa;022026;2026;11220101;Taxas pela Prestação de Serviços em Geral - Principal;Lançamento de Receita;93.414,58;501;Outros Recursos não Vinculados;"Não ";Não Aplicável
João Pessoa;201095;Prefeitura Municipal de João Pessoa;042026;2026;11210104;Taxas de Inspeção, Controle e Fiscalização - Dívida Ativa - Multas e Juros de Mora da Dívida Ativa;Lançamento de Receita;0;501;Outros Recursos não Vinculados;"Não ";Não Aplicável
João Pessoa;201095;Prefeitura Municipal de João Pessoa;032026;2026;11210104;Taxas de Inspeção, Controle e Fiscalização - Dívida Ativa - Multas e Juros de Mora da Dívida Ativa;Lançamento de Receita;12.376,63;501;Outros Recursos não Vinculados;"Não ";Não Aplicável
João Pessoa;201095;Prefeitura Municipal de João Pessoa;022026;2026;11210104;Taxas de Inspeção, Controle e Fiscalização - Dívida Ativa - Multas e Juros de Mora da Dívida Ativa;Lançamento de Receita;27.852,75;501;Outros Recursos não Vinculados;"Não ";Não Aplicável
João Pessoa;201095;Prefeitura Municipal de João Pessoa;012026;2026;11210104;Taxas de Inspeção, Controle e Fiscalização - Dívida Ativa - Multas e Juros de Mora da Dívida Ativa;Lançamento de Receita;18,65;500;Recursos não vinculados de Impostos;"Não ";Não Aplicável
João Pessoa;201095;Prefeitura Municipal de João Pessoa;012026;2026;11210104;Taxas de Inspeção, Controle e Fiscalização - Dívida Ativa - Multas e Juros de Mora da Dívida Ativa;Lançamento de Receita;49.047,62;501;Outros Recursos não Vinculados;"Não ";Não Aplicável
João Pessoa;201095;Prefeitura Municipal de João Pessoa;042026;2026;11210103;Taxas de Inspeção, Controle e Fiscalização - Dívida Ativa;Lançamento de Receita;0;501;Outros Recursos não Vinculados;"Não ";Não Aplicável
João Pessoa;201095;Prefeitura Municipal de João Pessoa;032026;2026;11210103;Taxas de Inspeção, Controle e Fiscalização - Dívida Ativa;Lançamento de Receita;81.609,3;501;Outros Recursos não Vinculados;"Não ";Não Aplicável
João Pessoa;201095;Prefeitura Municipal de João Pessoa;022026;2026;11210103;Taxas de Inspeção, Controle e Fiscalização - Dívida Ativa;Lançamento de Receita;205.878,41;501;Outros Recursos não Vinculados;"Não ";Não Aplicável
João Pessoa;201095;Prefeitura Municipal de João Pessoa;012026;2026;11210103;Taxas de Inspeção, Controle e Fiscalização - Dívida Ativa;Lançamento de Receita;389.029,16;501;Outros Recursos não Vinculados;"Não ";Não Aplicável
João Pessoa;201095;Prefeitura Municipal de João Pessoa;012026;2026;11210103;Taxas de Inspeção, Controle e Fiscalização - Dívida Ativa;Lançamento de Receita;155,6;500;Recursos não vinculados de Impostos;"Não ";Não Aplicável
João Pessoa;201095;Prefeitura Municipal de João Pessoa;042026;2026;11210102;Taxas de Inspeção, Controle e Fiscalização - Multas e Juros de Mora;Lançamento de Receita;0;501;Outros Recursos não Vinculados;"Não ";Não Aplicável
João Pessoa;201095;Prefeitura Municipal de João Pessoa;042026;2026;11210102;Taxas de Inspeção, Controle e Fiscalização - Multas e Juros de Mora;Lançamento de Receita;0;500;Recursos não vinculados de Impostos;"Não ";Não Aplicável
João Pessoa;201095;Prefeitura Municipal de João Pessoa;032026;2026;11210102;Taxas de Inspeção, Controle e Fiscalização - Multas e Juros de Mora;Lançamento de Receita;106.733,89;501;Outros Recursos não Vinculados;"Não ";Não Aplicável
João Pessoa;201095;Prefeitura Municipal de João Pessoa;022026;2026;11210102;Taxas de Inspeção, Controle e Fiscalização - Multas e Juros de Mora;Lançamento de Receita;121.610,36;501;Outros Recursos não Vinculados;"Não ";Não Aplicável
João Pessoa;201095;Prefeitura Municipal de João Pessoa;012026;2026;11210102;Taxas de Inspeção, Controle e Fiscalização - Multas e Juros de Mora;Lançamento de Receita;53.728,3;501;Outros Recursos não Vinculados;"Não ";Não Aplicável
João Pessoa;201095;Prefeitura Municipal de João Pessoa;052026;2026;11210101;Taxas de Inspeção, Controle e Fiscalização - Principal;Lançamento de Receita;761.659,08;759;Recursos vinculados a fundos;"Não ";Não Aplicável
João Pessoa;201095;Prefeitura Municipal de João Pessoa;052026;2026;11210101;Taxas de Inspeção, Controle e Fiscalização - Principal;Lançamento de Receita;762.620,73;501;Outros Recursos não Vinculados;"Não ";Não Aplicável
João Pessoa;201095;Prefeitura Municipal de João Pessoa;042026;2026;11210101;Taxas de Inspeção, Controle e Fiscalização - Principal;Lançamento de Receita;1.223.121,53;759;Recursos vinculados a fundos;"Não ";Não Aplicável
João Pessoa;201095;Prefeitura Municipal de João Pessoa;042026;2026;11210101;Taxas de Inspeção, Controle e Fiscalização - Principal;Lançamento de Receita;2.170.214,15;501;Outros Recursos não Vinculados;"Não ";Não Aplicável
João Pessoa;201095;Prefeitura Municipal de João Pessoa;042026;2026;11210101;Taxas de Inspeção, Controle e Fiscalização - Principal;Lançamento de Receita;0;500;Recursos não vinculados de Impostos;"Não ";Não Aplicável
João Pessoa;201095;Prefeitura Municipal de João Pessoa;032026;2026;11210101;Taxas de Inspeção, Controle e Fiscalização - Principal;Lançamento de Receita;2.442.563,65;759;Recursos vinculados a fundos;"Não ";Não Aplicável
João Pessoa;201095;Prefeitura Municipal de João Pessoa;032026;2026;11210101;Taxas de Inspeção, Controle e Fiscalização - Principal;Lançamento de Receita;3.643.304,52;501;Outros Recursos não Vinculados;"Não ";Não Aplicável
João Pessoa;201095;Prefeitura Municipal de João Pessoa;022026;2026;11210101;Taxas de Inspeção, Controle e Fiscalização - Principal;Lançamento de Receita;748.746,5;759;Recursos vinculados a fundos;"Não ";Não Aplicável
João Pessoa;201095;Prefeitura Municipal de João Pessoa;022026;2026;11210101;Taxas de Inspeção, Controle e Fiscalização - Principal;Lançamento de Receita;0;500;Recursos não vinculados de Impostos;"Não ";Não Aplicável
João Pessoa;201095;Prefeitura Municipal de João Pessoa;022026;2026;11210101;Taxas de Inspeção, Controle e Fiscalização - Principal;Lançamento de Receita;1.069.205,65;501;Outros Recursos não Vinculados;"Não ";Não Aplicável
João Pessoa;201095;Prefeitura Municipal de João Pessoa;012026;2026;11210101;Taxas de Inspeção, Controle e Fiscalização - Principal;Lançamento de Receita;1.203.415,57;501;Outros Recursos não Vinculados;"Não ";Não Aplicável
João Pessoa;201095;Prefeitura Municipal de João Pessoa;012026;2026;11210101;Taxas de Inspeção, Controle e Fiscalização - Principal;Lançamento de Receita;6.949,26;500;Recursos não vinculados de Impostos;"Não ";Não Aplicável
João Pessoa;201095;Prefeitura Municipal de João Pessoa;012026;2026;11210101;Taxas de Inspeção, Controle e Fiscalização - Principal;Lançamento de Receita;561.140,17;759;Recursos vinculados a fundos;"Não ";Não Aplicável
João Pessoa;201095;Prefeitura Municipal de João Pessoa;052026;2026;11145113;Imposto sobre Serviços de Qualquer Natureza - ISSQN - Dívida Ativa;Lançamento de Receita;391.498,57;500;Recursos não vinculados de Impostos;"Não ";Não Aplicável
João Pessoa;201095;Prefeitura Municipal de João Pessoa;042026;2026;11145113;Imposto sobre Serviços de Qualquer Natureza - ISSQN - Dívida Ativa;Lançamento de Receita;604.518,67;500;Recursos não vinculados de Impostos;"Não ";Não Aplicável
João Pessoa;201095;Prefeitura Municipal de João Pessoa;032026;2026;11145113;Imposto sobre Serviços de Qualquer Natureza - ISSQN - Dívida Ativa;Lançamento de Receita;406.896,4;500;Recursos não vinculados de Impostos;"Não ";Não Aplicável
João Pessoa;201095;Prefeitura Municipal de João Pessoa;022026;2026;11145113;Imposto sobre Serviços de Qualquer Natureza - ISSQN - Dívida Ativa;Lançamento de Receita;412.679,5;500;Recursos não vinculados de Impostos;"Não ";Não Aplicável
João Pessoa;201095;Prefeitura Municipal de João Pessoa;012026;2026;11145113;Imposto sobre Serviços de Qualquer Natureza - ISSQN - Dívida Ativa;Lançamento de Receita;649.012,33;500;Recursos não vinculados de Impostos;"Não ";Não Aplicável
João Pessoa;201095;Prefeitura Municipal de João Pessoa;012026;2026;11145113;Imposto sobre Serviços de Qualquer Natureza - ISSQN - Dívida Ativa;Lançamento de Receita;20.391,11;500;Recursos não vinculados de Impostos;1002;Identificação das despesas com ações e serviços públicos de saúde
João Pessoa;201095;Prefeitura Municipal de João Pessoa;052026;2026;11145112;Imposto sobre Serviços de Qualquer Natureza - ISSQN - Multas e Juros de Mora;Lançamento de Receita;198.623,44;500;Recursos não vinculados de Impostos;"Não ";Não Aplicável
João Pessoa;201095;Prefeitura Municipal de João Pessoa;042026;2026;11145112;Imposto sobre Serviços de Qualquer Natureza - ISSQN - Multas e Juros de Mora;Lançamento de Receita;213.400,5;500;Recursos não vinculados de Impostos;"Não ";Não Aplicável
João Pessoa;201095;Prefeitura Municipal de João Pessoa;032026;2026;11145112;Imposto sobre Serviços de Qualquer Natureza - ISSQN - Multas e Juros de Mora;Lançamento de Receita;196.845,79;500;Recursos não vinculados de Impostos;"Não ";Não Aplicável
João Pessoa;201095;Prefeitura Municipal de João Pessoa;022026;2026;11145112;Imposto sobre Serviços de Qualquer Natureza - ISSQN - Multas e Juros de Mora;Lançamento de Receita;143.462,06;500;Recursos não vinculados de Impostos;"Não ";Não Aplicável
João Pessoa;201095;Prefeitura Municipal de João Pessoa;012026;2026;11145112;Imposto sobre Serviços de Qualquer Natureza - ISSQN - Multas e Juros de Mora;Lançamento de Receita;129.903,78;500;Recursos não vinculados de Impostos;"Não ";Não Aplicável
João Pessoa;201095;Prefeitura Municipal de João Pessoa;012026;2026;11145112;Imposto sobre Serviços de Qualquer Natureza - ISSQN - Multas e Juros de Mora;Lançamento de Receita;12.575,05;500;Recursos não vinculados de Impostos;1002;Identificação das despesas com ações e serviços públicos de saúde
João Pessoa;201095;Prefeitura Municipal de João Pessoa;052026;2026;11145111;Imposto sobre Serviços de Qualquer Natureza - ISSQN - Principal;Lançamento de Receita;25.659.056,73;500;Recursos não vinculados de Impostos;"Não ";Não Aplicável
João Pessoa;201095;Prefeitura Municipal de João Pessoa;052026;2026;11145111;Imposto sobre Serviços de Qualquer Natureza - ISSQN - Principal;Lançamento de Receita;6.392.668,47;500;Recursos não vinculados de Impostos;1002;Identificação das despesas com ações e serviços públicos de saúde
João Pessoa;201095;Prefeitura Municipal de João Pessoa;052026;2026;11145111;Imposto sobre Serviços de Qualquer Natureza - ISSQN - Principal;Lançamento de Receita;10.516.151,89;500;Recursos não vinculados de Impostos;1001;Identificação das despesas com manutenção e desenvolvimento do ensino
João Pessoa;201095;Prefeitura Municipal de João Pessoa;042026;2026;11145111;Imposto sobre Serviços de Qualquer Natureza - ISSQN - Principal;Lançamento de Receita;7.779.515,32;500;Recursos não vinculados de Impostos;1002;Identificação das despesas com ações e serviços públicos de saúde
João Pessoa;201095;Prefeitura Municipal de João Pessoa;042026;2026;11145111;Imposto sobre Serviços de Qualquer Natureza - ISSQN - Principal;Lançamento de Receita;12.863.538,24;500;Recursos não vinculados de Impostos;1001;Identificação das despesas com manutenção e desenvolvimento do ensino
João Pessoa;201095;Prefeitura Municipal de João Pessoa;042026;2026;11145111;Imposto sobre Serviços de Qualquer Natureza - ISSQN - Principal;Lançamento de Receita;31.218.572,5;500;Recursos não vinculados de Impostos;"Não ";Não Aplicável
João Pessoa;201095;Prefeitura Municipal de João Pessoa;032026;2026;11145111;Imposto sobre Serviços de Qualquer Natureza - ISSQN - Principal;Lançamento de Receita;11.187.645,31;500;Recursos não vinculados de Impostos;1001;Identificação das despesas com manutenção e desenvolvimento do ensino
João Pessoa;201095;Prefeitura Municipal de João Pessoa;032026;2026;11145111;Imposto sobre Serviços de Qualquer Natureza - ISSQN - Principal;Lançamento de Receita;38.086.493,85;500;Recursos não vinculados de Impostos;"Não ";Não Aplicável
João Pessoa;201095;Prefeitura Municipal de João Pessoa;032026;2026;11145111;Imposto sobre Serviços de Qualquer Natureza - ISSQN - Principal;Lançamento de Receita;6.769.754,86;500;Recursos não vinculados de Impostos;1002;Identificação das despesas com ações e serviços públicos de saúde
João Pessoa;201095;Prefeitura Municipal de João Pessoa;022026;2026;11145111;Imposto sobre Serviços de Qualquer Natureza - ISSQN - Principal;Lançamento de Receita;7.009.312,85;500;Recursos não vinculados de Impostos;1002;Identificação das despesas com ações e serviços públicos de saúde
João Pessoa;201095;Prefeitura Municipal de João Pessoa;022026;2026;11145111;Imposto sobre Serviços de Qualquer Natureza - ISSQN - Principal;Lançamento de Receita;33.096.687,19;500;Recursos não vinculados de Impostos;"Não ";Não Aplicável
João Pessoa;201095;Prefeitura Municipal de João Pessoa;022026;2026;11145111;Imposto sobre Serviços de Qualquer Natureza - ISSQN - Principal;Lançamento de Receita;11.567.919,35;500;Recursos não vinculados de Impostos;1001;Identificação das despesas com manutenção e desenvolvimento do ensino
João Pessoa;201095;Prefeitura Municipal de João Pessoa;012026;2026;11145111;Imposto sobre Serviços de Qualquer Natureza - ISSQN - Principal;Lançamento de Receita;34.568.766,31;500;Recursos não vinculados de Impostos;"Não ";Não Aplicável
João Pessoa;201095;Prefeitura Municipal de João Pessoa;012026;2026;11145111;Imposto sobre Serviços de Qualquer Natureza - ISSQN - Principal;Lançamento de Receita;7.694.833,07;500;Recursos não vinculados de Impostos;1002;Identificação das despesas com ações e serviços públicos de saúde
João Pessoa;201095;Prefeitura Municipal de João Pessoa;012026;2026;11145111;Imposto sobre Serviços de Qualquer Natureza - ISSQN - Principal;Lançamento de Receita;12.718.990,86;500;Recursos não vinculados de Impostos;1001;Identificação das despesas com manutenção e desenvolvimento do ensino
João Pessoa;201095;Prefeitura Municipal de João Pessoa;052026;2026;11130311;Imposto sobre a Renda - Retido na Fonte - Trabalho - Principal;Lançamento de Receita;612.538,41;500;Recursos não vinculados de Impostos;1001;Identificação das despesas com manutenção e desenvolvimento do ensino
João Pessoa;201095;Prefeitura Municipal de João Pessoa;052026;2026;11130311;Imposto sobre a Renda - Retido na Fonte - Trabalho - Principal;Lançamento de Receita;14.361.896,82;500;Recursos não vinculados de Impostos;"Não ";Não Aplicável
João Pessoa;201095;Prefeitura Municipal de João Pessoa;052026;2026;11130311;Imposto sobre a Renda - Retido na Fonte - Trabalho - Principal;Lançamento de Receita;367.513,03;500;Recursos não vinculados de Impostos;1002;Identificação das despesas com ações e serviços públicos de saúde
João Pessoa;201095;Prefeitura Municipal de João Pessoa;042026;2026;11130311;Imposto sobre a Renda - Retido na Fonte - Trabalho - Principal;Lançamento de Receita;287.621,23;500;Recursos não vinculados de Impostos;1001;Identificação das despesas com manutenção e desenvolvimento do ensino
João Pessoa;201095;Prefeitura Municipal de João Pessoa;042026;2026;11130311;Imposto sobre a Renda - Retido na Fonte - Trabalho - Principal;Lançamento de Receita;15.519.811,83;500;Recursos não vinculados de Impostos;"Não ";Não Aplicável
João Pessoa;201095;Prefeitura Municipal de João Pessoa;042026;2026;11130311;Imposto sobre a Renda - Retido na Fonte - Trabalho - Principal;Lançamento de Receita;172.572,71;500;Recursos não vinculados de Impostos;1002;Identificação das despesas com ações e serviços públicos de saúde
João Pessoa;201095;Prefeitura Municipal de João Pessoa;032026;2026;11130311;Imposto sobre a Renda - Retido na Fonte - Trabalho - Principal;Lançamento de Receita;635.991,97;500;Recursos não vinculados de Impostos;1001;Identificação das despesas com manutenção e desenvolvimento do ensino
João Pessoa;201095;Prefeitura Municipal de João Pessoa;032026;2026;11130311;Imposto sobre a Renda - Retido na Fonte - Trabalho - Principal;Lançamento de Receita;19.785.306,46;500;Recursos não vinculados de Impostos;"Não ";Não Aplicável
João Pessoa;201095;Prefeitura Municipal de João Pessoa;032026;2026;11130311;Imposto sobre a Renda - Retido na Fonte - Trabalho - Principal;Lançamento de Receita;381.595,14;500;Recursos não vinculados de Impostos;1002;Identificação das despesas com ações e serviços públicos de saúde
João Pessoa;201095;Prefeitura Municipal de João Pessoa;022026;2026;11130311;Imposto sobre a Renda - Retido na Fonte - Trabalho - Principal;Lançamento de Receita;19.979.939,61;500;Recursos não vinculados de Impostos;"Não ";Não Aplicável
João Pessoa;201095;Prefeitura Municipal de João Pessoa;022026;2026;11130311;Imposto sobre a Renda - Retido na Fonte - Trabalho - Principal;Lançamento de Receita;368.678,69;500;Recursos não vinculados de Impostos;1002;Identificação das despesas com ações e serviços públicos de saúde
João Pessoa;201095;Prefeitura Municipal de João Pessoa;022026;2026;11130311;Imposto sobre a Renda - Retido na Fonte - Trabalho - Principal;Lançamento de Receita;614.464,51;500;Recursos não vinculados de Impostos;1001;Identificação das despesas com manutenção e desenvolvimento do ensino
João Pessoa;201095;Prefeitura Municipal de João Pessoa;012026;2026;11130311;Imposto sobre a Renda - Retido na Fonte - Trabalho - Principal;Lançamento de Receita;54.675;500;Recursos não vinculados de Impostos;1002;Identificação das despesas com ações e serviços públicos de saúde
João Pessoa;201095;Prefeitura Municipal de João Pessoa;012026;2026;11130311;Imposto sobre a Renda - Retido na Fonte - Trabalho - Principal;Lançamento de Receita;91.125,03;500;Recursos não vinculados de Impostos;1001;Identificação das despesas com manutenção e desenvolvimento do ensino
João Pessoa;201095;Prefeitura Municipal de João Pessoa;012026;2026;11130311;Imposto sobre a Renda - Retido na Fonte - Trabalho - Principal;Lançamento de Receita;8.498.238,6;500;Recursos não vinculados de Impostos;"Não ";Não Aplicável
João Pessoa;201095;Prefeitura Municipal de João Pessoa;052026;2026;11125302;"Impostos sobre Transmissão ""Inter Vivos"" de Bens Imóveis e de Direitos Reais sobre Imóveis - Multas e Juros de Mora";Lançamento de Receita;38.530,51;500;Recursos não vinculados de Impostos;"Não ";Não Aplicável
João Pessoa;201095;Prefeitura Municipal de João Pessoa;042026;2026;11125302;"Impostos sobre Transmissão ""Inter Vivos"" de Bens Imóveis e de Direitos Reais sobre Imóveis - Multas e Juros de Mora";Lançamento de Receita;41.738,12;500;Recursos não vinculados de Impostos;"Não ";Não Aplicável
João Pessoa;201095;Prefeitura Municipal de João Pessoa;032026;2026;11125302;"Impostos sobre Transmissão ""Inter Vivos"" de Bens Imóveis e de Direitos Reais sobre Imóveis - Multas e Juros de Mora";Lançamento de Receita;99.805,79;500;Recursos não vinculados de Impostos;"Não ";Não Aplicável
João Pessoa;201095;Prefeitura Municipal de João Pessoa;022026;2026;11125302;"Impostos sobre Transmissão ""Inter Vivos"" de Bens Imóveis e de Direitos Reais sobre Imóveis - Multas e Juros de Mora";Lançamento de Receita;62.198,76;500;Recursos não vinculados de Impostos;"Não ";Não Aplicável
João Pessoa;201095;Prefeitura Municipal de João Pessoa;012026;2026;11125302;"Impostos sobre Transmissão ""Inter Vivos"" de Bens Imóveis e de Direitos Reais sobre Imóveis - Multas e Juros de Mora";Lançamento de Receita;20.546,15;500;Recursos não vinculados de Impostos;"Não ";Não Aplicável
João Pessoa;201095;Prefeitura Municipal de João Pessoa;052026;2026;11125301;"Impostos sobre Transmissão ""Inter Vivos"" de Bens Imóveis e de Direitos Reais sobre Imóveis - Principal";Lançamento de Receita;2.457.938,31;500;Recursos não vinculados de Impostos;1002;Identificação das despesas com ações e serviços públicos de saúde
João Pessoa;201095;Prefeitura Municipal de João Pessoa;052026;2026;11125301;"Impostos sobre Transmissão ""Inter Vivos"" de Bens Imóveis e de Direitos Reais sobre Imóveis - Principal";Lançamento de Receita;4.096.563,89;500;Recursos não vinculados de Impostos;1001;Identificação das despesas com manutenção e desenvolvimento do ensino
João Pessoa;201095;Prefeitura Municipal de João Pessoa;052026;2026;11125301;"Impostos sobre Transmissão ""Inter Vivos"" de Bens Imóveis e de Direitos Reais sobre Imóveis - Principal";Lançamento de Receita;10.046.983,95;500;Recursos não vinculados de Impostos;"Não ";Não Aplicável
João Pessoa;201095;Prefeitura Municipal de João Pessoa;042026;2026;11125301;"Impostos sobre Transmissão ""Inter Vivos"" de Bens Imóveis e de Direitos Reais sobre Imóveis - Principal";Lançamento de Receita;16.315.277,45;500;Recursos não vinculados de Impostos;"Não ";Não Aplicável
João Pessoa;201095;Prefeitura Municipal de João Pessoa;042026;2026;11125301;"Impostos sobre Transmissão ""Inter Vivos"" de Bens Imóveis e de Direitos Reais sobre Imóveis - Principal";Lançamento de Receita;6.654.969,71;500;Recursos não vinculados de Impostos;1001;Identificação das despesas com manutenção e desenvolvimento do ensino
João Pessoa;201095;Prefeitura Municipal de João Pessoa;042026;2026;11125301;"Impostos sobre Transmissão ""Inter Vivos"" de Bens Imóveis e de Direitos Reais sobre Imóveis - Principal";Lançamento de Receita;3.992.981,75;500;Recursos não vinculados de Impostos;1002;Identificação das despesas com ações e serviços públicos de saúde
João Pessoa;201095;Prefeitura Municipal de João Pessoa;032026;2026;11125301;"Impostos sobre Transmissão ""Inter Vivos"" de Bens Imóveis e de Direitos Reais sobre Imóveis - Principal";Lançamento de Receita;3.698.308,21;500;Recursos não vinculados de Impostos;1002;Identificação das despesas com ações e serviços públicos de saúde
João Pessoa;201095;Prefeitura Municipal de João Pessoa;032026;2026;11125301;"Impostos sobre Transmissão ""Inter Vivos"" de Bens Imóveis e de Direitos Reais sobre Imóveis - Principal";Lançamento de Receita;15.718.994,04;500;Recursos não vinculados de Impostos;"Não ";Não Aplicável
João Pessoa;201095;Prefeitura Municipal de João Pessoa;032026;2026;11125301;"Impostos sobre Transmissão ""Inter Vivos"" de Bens Imóveis e de Direitos Reais sobre Imóveis - Principal";Lançamento de Receita;6.163.847,1;500;Recursos não vinculados de Impostos;1001;Identificação das despesas com manutenção e desenvolvimento do ensino
João Pessoa;201095;Prefeitura Municipal de João Pessoa;022026;2026;11125301;"Impostos sobre Transmissão ""Inter Vivos"" de Bens Imóveis e de Direitos Reais sobre Imóveis - Principal";Lançamento de Receita;3.843.600,71;500;Recursos não vinculados de Impostos;1001;Identificação das despesas com manutenção e desenvolvimento do ensino
João Pessoa;201095;Prefeitura Municipal de João Pessoa;022026;2026;11125301;"Impostos sobre Transmissão ""Inter Vivos"" de Bens Imóveis e de Direitos Reais sobre Imóveis - Principal";Lançamento de Receita;10.330.497,89;500;Recursos não vinculados de Impostos;"Não ";Não Aplicável
João Pessoa;201095;Prefeitura Municipal de João Pessoa;022026;2026;11125301;"Impostos sobre Transmissão ""Inter Vivos"" de Bens Imóveis e de Direitos Reais sobre Imóveis - Principal";Lançamento de Receita;2.306.160,4;500;Recursos não vinculados de Impostos;1002;Identificação das despesas com ações e serviços públicos de saúde
João Pessoa;201095;Prefeitura Municipal de João Pessoa;012026;2026;11125301;"Impostos sobre Transmissão ""Inter Vivos"" de Bens Imóveis e de Direitos Reais sobre Imóveis - Principal";Lançamento de Receita;2.131.510,34;500;Recursos não vinculados de Impostos;1002;Identificação das despesas com ações e serviços públicos de saúde
João Pessoa;201095;Prefeitura Municipal de João Pessoa;012026;2026;11125301;"Impostos sobre Transmissão ""Inter Vivos"" de Bens Imóveis e de Direitos Reais sobre Imóveis - Principal";Lançamento de Receita;3.899.448,82;500;Recursos não vinculados de Impostos;1001;Identificação das despesas com manutenção e desenvolvimento do ensino
João Pessoa;201095;Prefeitura Municipal de João Pessoa;012026;2026;11125301;"Impostos sobre Transmissão ""Inter Vivos"" de Bens Imóveis e de Direitos Reais sobre Imóveis - Principal";Lançamento de Receita;10.088.377,68;500;Recursos não vinculados de Impostos;"Não ";Não Aplicável
João Pessoa;201095;Prefeitura Municipal de João Pessoa;052026;2026;11125004;Imposto sobre a Propriedade Predial e Territorial Urbana - Dívida Ativa - Multas e Juros de Mora da Dívida Ativa;Lançamento de Receita;644.786,42;500;Recursos não vinculados de Impostos;"Não ";Não Aplicável
João Pessoa;201095;Prefeitura Municipal de João Pessoa;042026;2026;11125004;Imposto sobre a Propriedade Predial e Territorial Urbana - Dívida Ativa - Multas e Juros de Mora da Dívida Ativa;Lançamento de Receita;681.219,8;500;Recursos não vinculados de Impostos;"Não ";Não Aplicável
João Pessoa;201095;Prefeitura Municipal de João Pessoa;032026;2026;11125004;Imposto sobre a Propriedade Predial e Territorial Urbana - Dívida Ativa - Multas e Juros de Mora da Dívida Ativa;Lançamento de Receita;823.385,87;500;Recursos não vinculados de Impostos;"Não ";Não Aplicável
João Pessoa;201095;Prefeitura Municipal de João Pessoa;022026;2026;11125004;Imposto sobre a Propriedade Predial e Territorial Urbana - Dívida Ativa - Multas e Juros de Mora da Dívida Ativa;Lançamento de Receita;645.498,67;500;Recursos não vinculados de Impostos;"Não ";Não Aplicável
João Pessoa;201095;Prefeitura Municipal de João Pessoa;012026;2026;11125004;Imposto sobre a Propriedade Predial e Territorial Urbana - Dívida Ativa - Multas e Juros de Mora da Dívida Ativa;Lançamento de Receita;515.448,42;500;Recursos não vinculados de Impostos;"Não ";Não Aplicável
João Pessoa;201095;Prefeitura Municipal de João Pessoa;052026;2026;11125003;Imposto sobre a Propriedade Predial e Territorial Urbana - Dívida Ativa;Lançamento de Receita;1.284.636,87;500;Recursos não vinculados de Impostos;"Não ";Não Aplicável
João Pessoa;201095;Prefeitura Municipal de João Pessoa;042026;2026;11125003;Imposto sobre a Propriedade Predial e Territorial Urbana - Dívida Ativa;Lançamento de Receita;2.807.453,06;500;Recursos não vinculados de Impostos;"Não ";Não Aplicável
João Pessoa;201095;Prefeitura Municipal de João Pessoa;032026;2026;11125003;Imposto sobre a Propriedade Predial e Territorial Urbana - Dívida Ativa;Lançamento de Receita;3.933.398,49;500;Recursos não vinculados de Impostos;"Não ";Não Aplicável
João Pessoa;201095;Prefeitura Municipal de João Pessoa;022026;2026;11125003;Imposto sobre a Propriedade Predial e Territorial Urbana - Dívida Ativa;Lançamento de Receita;2.714.751,91;500;Recursos não vinculados de Impostos;"Não ";Não Aplicável
João Pessoa;201095;Prefeitura Municipal de João Pessoa;012026;2026;11125003;Imposto sobre a Propriedade Predial e Territorial Urbana - Dívida Ativa;Lançamento de Receita;3.061.872,06;500;Recursos não vinculados de Impostos;"Não ";Não Aplicável
João Pessoa;201095;Prefeitura Municipal de João Pessoa;052026;2026;11125002;Imposto sobre a Propriedade Predial e Territorial Urbana - Multas e Juros de Mora;Lançamento de Receita;69.202,55;500;Recursos não vinculados de Impostos;"Não ";Não Aplicável
João Pessoa;201095;Prefeitura Municipal de João Pessoa;042026;2026;11125002;Imposto sobre a Propriedade Predial e Territorial Urbana - Multas e Juros de Mora;Lançamento de Receita;42.716,64;500;Recursos não vinculados de Impostos;"Não ";Não Aplicável
João Pessoa;201095;Prefeitura Municipal de João Pessoa;032026;2026;11125002;Imposto sobre a Propriedade Predial e Territorial Urbana - Multas e Juros de Mora;Lançamento de Receita;6.466,73;500;Recursos não vinculados de Impostos;"Não ";Não Aplicável
João Pessoa;201095;Prefeitura Municipal de João Pessoa;022026;2026;11125002;Imposto sobre a Propriedade Predial e Territorial Urbana - Multas e Juros de Mora;Lançamento de Receita;7.029,88;500;Recursos não vinculados de Impostos;"Não ";Não Aplicável
João Pessoa;201095;Prefeitura Municipal de João Pessoa;012026;2026;11125002;Imposto sobre a Propriedade Predial e Territorial Urbana - Multas e Juros de Mora;Lançamento de Receita;10.293,13;500;Recursos não vinculados de Impostos;"Não ";Não Aplicável
João Pessoa;201095;Prefeitura Municipal de João Pessoa;052026;2026;11125001;Imposto sobre a Propriedade Predial e Territorial Urbana - Principal;Lançamento de Receita;576.724,2;500;Recursos não vinculados de Impostos;1002;Identificação das despesas com ações e serviços públicos de saúde
João Pessoa;201095;Prefeitura Municipal de João Pessoa;052026;2026;11125001;Imposto sobre a Propriedade Predial e Territorial Urbana - Principal;Lançamento de Receita;2.782.981,49;500;Recursos não vinculados de Impostos;"Não ";Não Aplicável
João Pessoa;201095;Prefeitura Municipal de João Pessoa;052026;2026;11125001;Imposto sobre a Propriedade Predial e Territorial Urbana - Principal;Lançamento de Receita;961.207,08;500;Recursos não vinculados de Impostos;1001;Identificação das despesas com manutenção e desenvolvimento do ensino
João Pessoa;201095;Prefeitura Municipal de João Pessoa;042026;2026;11125001;Imposto sobre a Propriedade Predial e Territorial Urbana - Principal;Lançamento de Receita;7.701.167,3;500;Recursos não vinculados de Impostos;"Não ";Não Aplicável
João Pessoa;201095;Prefeitura Municipal de João Pessoa;042026;2026;11125001;Imposto sobre a Propriedade Predial e Territorial Urbana - Principal;Lançamento de Receita;3.208.043,71;500;Recursos não vinculados de Impostos;1001;Identificação das despesas com manutenção e desenvolvimento do ensino
João Pessoa;201095;Prefeitura Municipal de João Pessoa;042026;2026;11125001;Imposto sobre a Propriedade Predial e Territorial Urbana - Principal;Lançamento de Receita;1.924.826,23;500;Recursos não vinculados de Impostos;1002;Identificação das despesas com ações e serviços públicos de saúde
João Pessoa;201095;Prefeitura Municipal de João Pessoa;032026;2026;11125001;Imposto sobre a Propriedade Predial e Territorial Urbana - Principal;Lançamento de Receita;13.773.543,37;500;Recursos não vinculados de Impostos;1002;Identificação das despesas com ações e serviços públicos de saúde
João Pessoa;201095;Prefeitura Municipal de João Pessoa;032026;2026;11125001;Imposto sobre a Propriedade Predial e Territorial Urbana - Principal;Lançamento de Receita;55.097.819,6;500;Recursos não vinculados de Impostos;"Não ";Não Aplicável
João Pessoa;201095;Prefeitura Municipal de João Pessoa;032026;2026;11125001;Imposto sobre a Propriedade Predial e Territorial Urbana - Principal;Lançamento de Receita;22.955.905,65;500;Recursos não vinculados de Impostos;1001;Identificação das despesas com manutenção e desenvolvimento do ensino
João Pessoa;201095;Prefeitura Municipal de João Pessoa;022026;2026;11125001;Imposto sobre a Propriedade Predial e Territorial Urbana - Principal;Lançamento de Receita;4.311.879,93;500;Recursos não vinculados de Impostos;"Não ";Não Aplicável
João Pessoa;201095;Prefeitura Municipal de João Pessoa;022026;2026;11125001;Imposto sobre a Propriedade Predial e Territorial Urbana - Principal;Lançamento de Receita;1.078.084,8;500;Recursos não vinculados de Impostos;1002;Identificação das despesas com ações e serviços públicos de saúde
João Pessoa;201095;Prefeitura Municipal de João Pessoa;022026;2026;11125001;Imposto sobre a Propriedade Predial e Territorial Urbana - Principal;Lançamento de Receita;1.796.808,06;500;Recursos não vinculados de Impostos;1001;Identificação das despesas com manutenção e desenvolvimento do ensino
João Pessoa;201095;Prefeitura Municipal de João Pessoa;012026;2026;11125001;Imposto sobre a Propriedade Predial e Territorial Urbana - Principal;Lançamento de Receita;52.025,27;500;Recursos não vinculados de Impostos;1002;Identificação das despesas com ações e serviços públicos de saúde
João Pessoa;201095;Prefeitura Municipal de João Pessoa;012026;2026;11125001;Imposto sobre a Propriedade Predial e Territorial Urbana - Principal;Lançamento de Receita;209.012,49;500;Recursos não vinculados de Impostos;"Não ";Não Aplicável
João Pessoa;201095;Prefeitura Municipal de João Pessoa;012026;2026;11125001;Imposto sobre a Propriedade Predial e Territorial Urbana - Principal;Lançamento de Receita;86.708,87;500;Recursos não vinculados de Impostos;1001;Identificação das despesas com manutenção e desenvolvimento do ensino
João Pessoa;301095;Superintendência de Transp. e Trânsito de J. Pessoa;052026;2026;19110101;Multas Previstas em Legislação Específica - Principal;Outras Deduções;-594,22;752;Recursos Vinculados ao Trânsito;"Não ";Não Aplicável
João Pessoa;301095;Superintendência de Transp. e Trânsito de J. Pessoa;052026;2026;19110101;Multas Previstas em Legislação Específica - Principal;Lançamento de Receita;1.204.771,14;752;Recursos Vinculados ao Trânsito;"Não ";Não Aplicável
João Pessoa;301095;Superintendência de Transp. e Trânsito de J. Pessoa;052026;2026;19110101;Multas Previstas em Legislação Específica - Principal;Lançamento de Receita;1.204.771,14;501;Outros Recursos não Vinculados;"Não ";Não Aplicável
João Pessoa;301095;Superintendência de Transp. e Trânsito de J. Pessoa;042026;2026;19110101;Multas Previstas em Legislação Específica - Principal;Lançamento de Receita;2.335.108,47;501;Outros Recursos não Vinculados;"Não ";Não Aplicável
João Pessoa;301095;Superintendência de Transp. e Trânsito de J. Pessoa;042026;2026;19110101;Multas Previstas em Legislação Específica - Principal;Outras Deduções;-555,09;752;Recursos Vinculados ao Trânsito;"Não ";Não Aplicável
João Pessoa;301095;Superintendência de Transp. e Trânsito de J. Pessoa;042026;2026;19110101;Multas Previstas em Legislação Específica - Principal;Lançamento de Receita;2.334.493,97;752;Recursos Vinculados ao Trânsito;"Não ";Não Aplicável
João Pessoa;301095;Superintendência de Transp. e Trânsito de J. Pessoa;032026;2026;19110101;Multas Previstas em Legislação Específica - Principal;Lançamento de Receita;1.530.785,38;752;Recursos Vinculados ao Trânsito;"Não ";Não Aplicável
João Pessoa;301095;Superintendência de Transp. e Trânsito de J. Pessoa;032026;2026;19110101;Multas Previstas em Legislação Específica - Principal;Lançamento de Receita;1.527.912,08;501;Outros Recursos não Vinculados;"Não ";Não Aplicável
João Pessoa;301095;Superintendência de Transp. e Trânsito de J. Pessoa;032026;2026;19110101;Multas Previstas em Legislação Específica - Principal;Outras Deduções;-1.024,77;752;Recursos Vinculados ao Trânsito;"Não ";Não Aplicável
João Pessoa;301095;Superintendência de Transp. e Trânsito de J. Pessoa;022026;2026;19110101;Multas Previstas em Legislação Específica - Principal;Lançamento de Receita;1.433.892,19;501;Outros Recursos não Vinculados;"Não ";Não Aplicável
João Pessoa;301095;Superintendência de Transp. e Trânsito de J. Pessoa;022026;2026;19110101;Multas Previstas em Legislação Específica - Principal;Lançamento de Receita;1.437.142,56;752;Recursos Vinculados ao Trânsito;"Não ";Não Aplicável
João Pessoa;301095;Superintendência de Transp. e Trânsito de J. Pessoa;022026;2026;19110101;Multas Previstas em Legislação Específica - Principal;Outras Deduções;-740,71;752;Recursos Vinculados ao Trânsito;"Não ";Não Aplicável
João Pessoa;301095;Superintendência de Transp. e Trânsito de J. Pessoa;012026;2026;19110101;Multas Previstas em Legislação Específica - Principal;Outras Deduções;-1.149,55;752;Recursos Vinculados ao Trânsito;"Não ";Não Aplicável
João Pessoa;301095;Superintendência de Transp. e Trânsito de J. Pessoa;012026;2026;19110101;Multas Previstas em Legislação Específica - Principal;Lançamento de Receita;1.595.818,25;752;Recursos Vinculados ao Trânsito;"Não ";Não Aplicável
João Pessoa;301095;Superintendência de Transp. e Trânsito de J. Pessoa;012026;2026;19110101;Multas Previstas em Legislação Específica - Principal;Lançamento de Receita;1.438.630,45;501;Outros Recursos não Vinculados;"Não ";Não Aplicável
João Pessoa;301095;Superintendência de Transp. e Trânsito de J. Pessoa;042026;2026;13210101;Remuneração de Depósitos Bancários - Principal;Lançamento de Receita;18.142,29;501;Outros Recursos não Vinculados;"Não ";Não Aplicável
João Pessoa;301095;Superintendência de Transp. e Trânsito de J. Pessoa;042026;2026;13210101;Remuneração de Depósitos Bancários - Principal;Lançamento de Receita;18.250,26;752;Recursos Vinculados ao Trânsito;"Não ";Não Aplicável
João Pessoa;301095;Superintendência de Transp. e Trânsito de J. Pessoa;032026;2026;13210101;Remuneração de Depósitos Bancários - Principal;Lançamento de Receita;19.730,49;752;Recursos Vinculados ao Trânsito;"Não ";Não Aplicável
João Pessoa;301095;Superintendência de Transp. e Trânsito de J. Pessoa;032026;2026;13210101;Remuneração de Depósitos Bancários - Principal;Lançamento de Receita;19.611,33;501;Outros Recursos não Vinculados;"Não ";Não Aplicável
João Pessoa;301095;Superintendência de Transp. e Trânsito de J. Pessoa;022026;2026;13210101;Remuneração de Depósitos Bancários - Principal;Lançamento de Receita;8.644,75;501;Outros Recursos não Vinculados;"Não ";Não Aplicável
João Pessoa;301095;Superintendência de Transp. e Trânsito de J. Pessoa;022026;2026;13210101;Remuneração de Depósitos Bancários - Principal;Lançamento de Receita;13.569,53;752;Recursos Vinculados ao Trânsito;"Não ";Não Aplicável
João Pessoa;301095;Superintendência de Transp. e Trânsito de J. Pessoa;012026;2026;13210101;Remuneração de Depósitos Bancários - Principal;Lançamento de Receita;12.470,5;752;Recursos Vinculados ao Trânsito;"Não ";Não Aplicável
João Pessoa;301095;Superintendência de Transp. e Trânsito de J. Pessoa;012026;2026;13210101;Remuneração de Depósitos Bancários - Principal;Lançamento de Receita;6.659,99;501;Outros Recursos não Vinculados;"Não ";Não Aplicável
João Pessoa;302095;Instituto de Prev. e Assistência do Município de João Pessoa;052026;2026;72155021;Contribuição Patronal - Servidor Civil - Pensionistas - Principal;Lançamento de Receita;28.350,14;801;Recursos vinculados ao RPPS - Fundo em Repartição (Plano Financeiro);2111;Benefícios previdenciários - Poder Executivo - Fundo em Repartição (Plano Financeiro)
João Pessoa;302095;Instituto de Prev. e Assistência do Município de João Pessoa;042026;2026;72155021;Contribuição Patronal - Servidor Civil - Pensionistas - Principal;Lançamento de Receita;56.510,56;801;Recursos vinculados ao RPPS - Fundo em Repartição (Plano Financeiro);2111;Benefícios previdenciários - Poder Executivo - Fundo em Repartição (Plano Financeiro)
João Pessoa;302095;Instituto de Prev. e Assistência do Município de João Pessoa;032026;2026;72155021;Contribuição Patronal - Servidor Civil - Pensionistas - Principal;Lançamento de Receita;30.776,94;801;Recursos vinculados ao RPPS - Fundo em Repartição (Plano Financeiro);2111;Benefícios previdenciários - Poder Executivo - Fundo em Repartição (Plano Financeiro)
João Pessoa;302095;Instituto de Prev. e Assistência do Município de João Pessoa;022026;2026;72155021;Contribuição Patronal - Servidor Civil - Pensionistas - Principal;Lançamento de Receita;28.991,54;801;Recursos vinculados ao RPPS - Fundo em Repartição (Plano Financeiro);2111;Benefícios previdenciários - Poder Executivo - Fundo em Repartição (Plano Financeiro)
João Pessoa;302095;Instituto de Prev. e Assistência do Município de João Pessoa;012026;2026;72155021;Contribuição Patronal - Servidor Civil - Pensionistas - Principal;Lançamento de Receita;29.028,94;801;Recursos vinculados ao RPPS - Fundo em Repartição (Plano Financeiro);2111;Benefícios previdenciários - Poder Executivo - Fundo em Repartição (Plano Financeiro)
João Pessoa;302095;Instituto de Prev. e Assistência do Município de João Pessoa;052026;2026;72155011;Contribuição Patronal - Servidor Civil - Inativo - Principal;Lançamento de Receita;21.585,46;801;Recursos vinculados ao RPPS - Fundo em Repartição (Plano Financeiro);2111;Benefícios previdenciários - Poder Executivo - Fundo em Repartição (Plano Financeiro)
João Pessoa;302095;Instituto de Prev. e Assistência do Município de João Pessoa;042026;2026;72155011;Contribuição Patronal - Servidor Civil - Inativo - Principal;Lançamento de Receita;42.556,38;801;Recursos vinculados ao RPPS - Fundo em Repartição (Plano Financeiro);2111;Benefícios previdenciários - Poder Executivo - Fundo em Repartição (Plano Financeiro)
João Pessoa;302095;Instituto de Prev. e Assistência do Município de João Pessoa;032026;2026;72155011;Contribuição Patronal - Servidor Civil - Inativo - Principal;Lançamento de Receita;21.763,94;801;Recursos vinculados ao RPPS - Fundo em Repartição (Plano Financeiro);2111;Benefícios previdenciários - Poder Executivo - Fundo em Repartição (Plano Financeiro)
João Pessoa;302095;Instituto de Prev. e Assistência do Município de João Pessoa;022026;2026;72155011;Contribuição Patronal - Servidor Civil - Inativo - Principal;Lançamento de Receita;20.970,92;801;Recursos vinculados ao RPPS - Fundo em Repartição (Plano Financeiro);2111;Benefícios previdenciários - Poder Executivo - Fundo em Repartição (Plano Financeiro)
João Pessoa;302095;Instituto de Prev. e Assistência do Município de João Pessoa;012026;2026;72155011;Contribuição Patronal - Servidor Civil - Inativo - Principal;Lançamento de Receita;20.970,92;801;Recursos vinculados ao RPPS - Fundo em Repartição (Plano Financeiro);2111;Benefícios previdenciários - Poder Executivo - Fundo em Repartição (Plano Financeiro)
João Pessoa;302095;Instituto de Prev. e Assistência do Município de João Pessoa;052026;2026;72150211;Contribuição Patronal - Servidor Civil Ativo - Principal;Lançamento de Receita;4.977.201,42;801;Recursos vinculados ao RPPS - Fundo em Repartição (Plano Financeiro);2111;Benefícios previdenciários - Poder Executivo - Fundo em Repartição (Plano Financeiro)
João Pessoa;302095;Instituto de Prev. e Assistência do Município de João Pessoa;052026;2026;72150211;Contribuição Patronal - Servidor Civil Ativo - Principal;Lançamento de Receita;4.501.757,09;800;Recursos vinculados ao RPPS - Fundo em Capitalização (Plano Previdenciário);1111;Benefícios previdenciários - Poder Executivo – Fundo em Capitalização (Plano Previdenciário)
João Pessoa;302095;Instituto de Prev. e Assistência do Município de João Pessoa;042026;2026;72150211;Contribuição Patronal - Servidor Civil Ativo - Principal;Lançamento de Receita;4.616.766,38;800;Recursos vinculados ao RPPS - Fundo em Capitalização (Plano Previdenciário);1111;Benefícios previdenciários - Poder Executivo – Fundo em Capitalização (Plano Previdenciário)
João Pessoa;302095;Instituto de Prev. e Assistência do Município de João Pessoa;042026;2026;72150211;Contribuição Patronal - Servidor Civil Ativo - Principal;Lançamento de Receita;5.271.941,52;801;Recursos vinculados ao RPPS - Fundo em Repartição (Plano Financeiro);2111;Benefícios previdenciários - Poder Executivo - Fundo em Repartição (Plano Financeiro)
João Pessoa;302095;Instituto de Prev. e Assistência do Município de João Pessoa;032026;2026;72150211;Contribuição Patronal - Servidor Civil Ativo - Principal;Lançamento de Receita;4.824.002,48;800;Recursos vinculados ao RPPS - Fundo em Capitalização (Plano Previdenciário);1111;Benefícios previdenciários - Poder Executivo – Fundo em Capitalização (Plano Previdenciário)
João Pessoa;302095;Instituto de Prev. e Assistência do Município de João Pessoa;032026;2026;72150211;Contribuição Patronal - Servidor Civil Ativo - Principal;Lançamento de Receita;5.568.260,07;801;Recursos vinculados ao RPPS - Fundo em Repartição (Plano Financeiro);2111;Benefícios previdenciários - Poder Executivo - Fundo em Repartição (Plano Financeiro)
João Pessoa;302095;Instituto de Prev. e Assistência do Município de João Pessoa;022026;2026;72150211;Contribuição Patronal - Servidor Civil Ativo - Principal;Lançamento de Receita;4.965.037,34;801;Recursos vinculados ao RPPS - Fundo em Repartição (Plano Financeiro);2111;Benefícios previdenciários - Poder Executivo - Fundo em Repartição (Plano Financeiro)
João Pessoa;302095;Instituto de Prev. e Assistência do Município de João Pessoa;022026;2026;72150211;Contribuição Patronal - Servidor Civil Ativo - Principal;Lançamento de Receita;3.915.803,09;800;Recursos vinculados ao RPPS - Fundo em Capitalização (Plano Previdenciário);1111;Benefícios previdenciários - Poder Executivo – Fundo em Capitalização (Plano Previdenciário)
João Pessoa;302095;Instituto de Prev. e Assistência do Município de João Pessoa;012026;2026;72150211;Contribuição Patronal - Servidor Civil Ativo - Principal;Lançamento de Receita;2.088.653,96;801;Recursos vinculados ao RPPS - Fundo em Repartição (Plano Financeiro);2111;Benefícios previdenciários - Poder Executivo - Fundo em Repartição (Plano Financeiro)
João Pessoa;302095;Instituto de Prev. e Assistência do Município de João Pessoa;012026;2026;72150211;Contribuição Patronal - Servidor Civil Ativo - Principal;Lançamento de Receita;1.344.798,64;800;Recursos vinculados ao RPPS - Fundo em Capitalização (Plano Previdenciário);1111;Benefícios previdenciários - Poder Executivo – Fundo em Capitalização (Plano Previdenciário)
João Pessoa;302095;Instituto de Prev. e Assistência do Município de João Pessoa;052026;2026;19999921;Outras Receitas Não Arrecadadas e Não Projetadas pela RFB - Primárias   - Principal;Lançamento de Receita;16.078,5;800;Recursos vinculados ao RPPS - Fundo em Capitalização (Plano Previdenciário);1111;Benefícios previdenciários - Poder Executivo – Fundo em Capitalização (Plano Previdenciário)
João Pessoa;302095;Instituto de Prev. e Assistência do Município de João Pessoa;042026;2026;19999921;Outras Receitas Não Arrecadadas e Não Projetadas pela RFB - Primárias   - Principal;Lançamento de Receita;15.867;800;Recursos vinculados ao RPPS - Fundo em Capitalização (Plano Previdenciário);1111;Benefícios previdenciários - Poder Executivo – Fundo em Capitalização (Plano Previdenciário)
João Pessoa;302095;Instituto de Prev. e Assistência do Município de João Pessoa;022026;2026;19999921;Outras Receitas Não Arrecadadas e Não Projetadas pela RFB - Primárias   - Principal;Lançamento de Receita;31.792,5;800;Recursos vinculados ao RPPS - Fundo em Capitalização (Plano Previdenciário);1111;Benefícios previdenciários - Poder Executivo – Fundo em Capitalização (Plano Previdenciário)
João Pessoa;302095;Instituto de Prev. e Assistência do Município de João Pessoa;012026;2026;19999921;Outras Receitas Não Arrecadadas e Não Projetadas pela RFB - Primárias   - Principal;Lançamento de Receita;15.852;800;Recursos vinculados ao RPPS - Fundo em Capitalização (Plano Previdenciário);1111;Benefícios previdenciários - Poder Executivo – Fundo em Capitalização (Plano Previdenciário)
João Pessoa;302095;Instituto de Prev. e Assistência do Município de João Pessoa;042026;2026;19990302;Compensações Financeiras entre os Regimes de Previdência - Multas e Juros de Mora;Lançamento de Receita;1,12;801;Recursos vinculados ao RPPS - Fundo em Repartição (Plano Financeiro);2111;Benefícios previdenciários - Poder Executivo - Fundo em Repartição (Plano Financeiro)
João Pessoa;302095;Instituto de Prev. e Assistência do Município de João Pessoa;042026;2026;19990302;Compensações Financeiras entre os Regimes de Previdência - Multas e Juros de Mora;Lançamento de Receita;28;800;Recursos vinculados ao RPPS - Fundo em Capitalização (Plano Previdenciário);1111;Benefícios previdenciários - Poder Executivo – Fundo em Capitalização (Plano Previdenciário)
João Pessoa;302095;Instituto de Prev. e Assistência do Município de João Pessoa;032026;2026;19990302;Compensações Financeiras entre os Regimes de Previdência - Multas e Juros de Mora;Lançamento de Receita;4,53;801;Recursos vinculados ao RPPS - Fundo em Repartição (Plano Financeiro);2111;Benefícios previdenciários - Poder Executivo - Fundo em Repartição (Plano Financeiro)
João Pessoa;302095;Instituto de Prev. e Assistência do Município de João Pessoa;022026;2026;19990302;Compensações Financeiras entre os Regimes de Previdência - Multas e Juros de Mora;Lançamento de Receita;217,93;801;Recursos vinculados ao RPPS - Fundo em Repartição (Plano Financeiro);2111;Benefícios previdenciários - Poder Executivo - Fundo em Repartição (Plano Financeiro)
João Pessoa;302095;Instituto de Prev. e Assistência do Município de João Pessoa;012026;2026;19990302;Compensações Financeiras entre os Regimes de Previdência - Multas e Juros de Mora;Lançamento de Receita;8,67;800;Recursos vinculados ao RPPS - Fundo em Capitalização (Plano Previdenciário);1111;Benefícios previdenciários - Poder Executivo – Fundo em Capitalização (Plano Previdenciário)
João Pessoa;302095;Instituto de Prev. e Assistência do Município de João Pessoa;012026;2026;19990302;Compensações Financeiras entre os Regimes de Previdência - Multas e Juros de Mora;Lançamento de Receita;0,35;801;Recursos vinculados ao RPPS - Fundo em Repartição (Plano Financeiro);2111;Benefícios previdenciários - Poder Executivo - Fundo em Repartição (Plano Financeiro)
João Pessoa;302095;Instituto de Prev. e Assistência do Município de João Pessoa;052026;2026;19990301;Compensações Financeiras entre os Regimes de Previdência - Principal;Lançamento de Receita;9.515,72;800;Recursos vinculados ao RPPS - Fundo em Capitalização (Plano Previdenciário);1111;Benefícios previdenciários - Poder Executivo – Fundo em Capitalização (Plano Previdenciário)
João Pessoa;302095;Instituto de Prev. e Assistência do Município de João Pessoa;052026;2026;19990301;Compensações Financeiras entre os Regimes de Previdência - Principal;Lançamento de Receita;1.976.764,84;801;Recursos vinculados ao RPPS - Fundo em Repartição (Plano Financeiro);2111;Benefícios previdenciários - Poder Executivo - Fundo em Repartição (Plano Financeiro)
João Pessoa;302095;Instituto de Prev. e Assistência do Município de João Pessoa;042026;2026;19990301;Compensações Financeiras entre os Regimes de Previdência - Principal;Lançamento de Receita;2.831.536,67;801;Recursos vinculados ao RPPS - Fundo em Repartição (Plano Financeiro);2111;Benefícios previdenciários - Poder Executivo - Fundo em Repartição (Plano Financeiro)
João Pessoa;302095;Instituto de Prev. e Assistência do Município de João Pessoa;042026;2026;19990301;Compensações Financeiras entre os Regimes de Previdência - Principal;Lançamento de Receita;7.748,43;800;Recursos vinculados ao RPPS - Fundo em Capitalização (Plano Previdenciário);1111;Benefícios previdenciários - Poder Executivo – Fundo em Capitalização (Plano Previdenciário)
João Pessoa;302095;Instituto de Prev. e Assistência do Município de João Pessoa;032026;2026;19990301;Compensações Financeiras entre os Regimes de Previdência - Principal;Lançamento de Receita;11.508,86;800;Recursos vinculados ao RPPS - Fundo em Capitalização (Plano Previdenciário);1111;Benefícios previdenciários - Poder Executivo – Fundo em Capitalização (Plano Previdenciário)
João Pessoa;302095;Instituto de Prev. e Assistência do Município de João Pessoa;032026;2026;19990301;Compensações Financeiras entre os Regimes de Previdência - Principal;Lançamento de Receita;3.973.079,1;801;Recursos vinculados ao RPPS - Fundo em Repartição (Plano Financeiro);2111;Benefícios previdenciários - Poder Executivo - Fundo em Repartição (Plano Financeiro)
João Pessoa;302095;Instituto de Prev. e Assistência do Município de João Pessoa;022026;2026;19990301;Compensações Financeiras entre os Regimes de Previdência - Principal;Lançamento de Receita;4.813.004,6;801;Recursos vinculados ao RPPS - Fundo em Repartição (Plano Financeiro);2111;Benefícios previdenciários - Poder Executivo - Fundo em Repartição (Plano Financeiro)
João Pessoa;302095;Instituto de Prev. e Assistência do Município de João Pessoa;022026;2026;19990301;Compensações Financeiras entre os Regimes de Previdência - Principal;Lançamento de Receita;5.563,66;800;Recursos vinculados ao RPPS - Fundo em Capitalização (Plano Previdenciário);1111;Benefícios previdenciários - Poder Executivo – Fundo em Capitalização (Plano Previdenciário)
João Pessoa;302095;Instituto de Prev. e Assistência do Município de João Pessoa;012026;2026;19990301;Compensações Financeiras entre os Regimes de Previdência - Principal;Lançamento de Receita;7.476,79;800;Recursos vinculados ao RPPS - Fundo em Capitalização (Plano Previdenciário);1111;Benefícios previdenciários - Poder Executivo – Fundo em Capitalização (Plano Previdenciário)
João Pessoa;302095;Instituto de Prev. e Assistência do Município de João Pessoa;012026;2026;19990301;Compensações Financeiras entre os Regimes de Previdência - Principal;Lançamento de Receita;10.460.528,05;801;Recursos vinculados ao RPPS - Fundo em Repartição (Plano Financeiro);2111;Benefícios previdenciários - Poder Executivo - Fundo em Repartição (Plano Financeiro)
João Pessoa;302095;Instituto de Prev. e Assistência do Município de João Pessoa;052026;2026;19229901;Outras Restituições - Principal;Lançamento de Receita;104;800;Recursos vinculados ao RPPS - Fundo em Capitalização (Plano Previdenciário);1111;Benefícios previdenciários - Poder Executivo – Fundo em Capitalização (Plano Previdenciário)
João Pessoa;302095;Instituto de Prev. e Assistência do Município de João Pessoa;052026;2026;19229901;Outras Restituições - Principal;Lançamento de Receita;462.706,62;801;Recursos vinculados ao RPPS - Fundo em Repartição (Plano Financeiro);2111;Benefícios previdenciários - Poder Executivo - Fundo em Repartição (Plano Financeiro)
João Pessoa;302095;Instituto de Prev. e Assistência do Município de João Pessoa;042026;2026;19229901;Outras Restituições - Principal;Lançamento de Receita;104;800;Recursos vinculados ao RPPS - Fundo em Capitalização (Plano Previdenciário);1111;Benefícios previdenciários - Poder Executivo – Fundo em Capitalização (Plano Previdenciário)
João Pessoa;302095;Instituto de Prev. e Assistência do Município de João Pessoa;042026;2026;19229901;Outras Restituições - Principal;Lançamento de Receita;461.981,45;801;Recursos vinculados ao RPPS - Fundo em Repartição (Plano Financeiro);2111;Benefícios previdenciários - Poder Executivo - Fundo em Repartição (Plano Financeiro)
João Pessoa;302095;Instituto de Prev. e Assistência do Município de João Pessoa;022026;2026;19229901;Outras Restituições - Principal;Lançamento de Receita;661.833,71;801;Recursos vinculados ao RPPS - Fundo em Repartição (Plano Financeiro);2111;Benefícios previdenciários - Poder Executivo - Fundo em Repartição (Plano Financeiro)
João Pessoa;302095;Instituto de Prev. e Assistência do Município de João Pessoa;022026;2026;19229901;Outras Restituições - Principal;Lançamento de Receita;208;800;Recursos vinculados ao RPPS - Fundo em Capitalização (Plano Previdenciário);1111;Benefícios previdenciários - Poder Executivo – Fundo em Capitalização (Plano Previdenciário)
João Pessoa;302095;Instituto de Prev. e Assistência do Município de João Pessoa;012026;2026;19229901;Outras Restituições - Principal;Lançamento de Receita;198.166,05;801;Recursos vinculados ao RPPS - Fundo em Repartição (Plano Financeiro);2111;Benefícios previdenciários - Poder Executivo - Fundo em Repartição (Plano Financeiro)
João Pessoa;302095;Instituto de Prev. e Assistência do Município de João Pessoa;012026;2026;19229901;Outras Restituições - Principal;Lançamento de Receita;116,96;800;Recursos vinculados ao RPPS - Fundo em Capitalização (Plano Previdenciário);1111;Benefícios previdenciários - Poder Executivo – Fundo em Capitalização (Plano Previdenciário)
João Pessoa;302095;Instituto de Prev. e Assistência do Município de João Pessoa;052026;2026;19220301;Restituição de Benefícios Previdenciários - Principal;Lançamento de Receita;11.510,52;801;Recursos vinculados ao RPPS - Fundo em Repartição (Plano Financeiro);2111;Benefícios previdenciários - Poder Executivo - Fundo em Repartição (Plano Financeiro)
João Pessoa;302095;Instituto de Prev. e Assistência do Município de João Pessoa;052026;2026;13210401;Remuneração dos Recursos do Regime Próprio de Previdência Social - RPPS - Principal;Outras Deduções;-804.649,61;800;Recursos vinculados ao RPPS - Fundo em Capitalização (Plano Previdenciário);1111;Benefícios previdenciários - Poder Executivo – Fundo em Capitalização (Plano Previdenciário)
João Pessoa;302095;Instituto de Prev. e Assistência do Município de João Pessoa;052026;2026;13210401;Remuneração dos Recursos do Regime Próprio de Previdência Social - RPPS - Principal;Lançamento de Receita;8.932.470,95;800;Recursos vinculados ao RPPS - Fundo em Capitalização (Plano Previdenciário);1111;Benefícios previdenciários - Poder Executivo – Fundo em Capitalização (Plano Previdenciário)
João Pessoa;302095;Instituto de Prev. e Assistência do Município de João Pessoa;042026;2026;13210401;Remuneração dos Recursos do Regime Próprio de Previdência Social - RPPS - Principal;Lançamento de Receita;87.268,4;801;Recursos vinculados ao RPPS - Fundo em Repartição (Plano Financeiro);2111;Benefícios previdenciários - Poder Executivo - Fundo em Repartição (Plano Financeiro)
João Pessoa;302095;Instituto de Prev. e Assistência do Município de João Pessoa;042026;2026;13210401;Remuneração dos Recursos do Regime Próprio de Previdência Social - RPPS - Principal;Outras Deduções;-3.321.439,07;800;Recursos vinculados ao RPPS - Fundo em Capitalização (Plano Previdenciário);1111;Benefícios previdenciários - Poder Executivo – Fundo em Capitalização (Plano Previdenciário)
João Pessoa;302095;Instituto de Prev. e Assistência do Município de João Pessoa;042026;2026;13210401;Remuneração dos Recursos do Regime Próprio de Previdência Social - RPPS - Principal;Lançamento de Receita;10.906.741,05;800;Recursos vinculados ao RPPS - Fundo em Capitalização (Plano Previdenciário);1111;Benefícios previdenciários - Poder Executivo – Fundo em Capitalização (Plano Previdenciário)
João Pessoa;302095;Instituto de Prev. e Assistência do Município de João Pessoa;042026;2026;13210401;Remuneração dos Recursos do Regime Próprio de Previdência Social - RPPS - Principal;Lançamento de Receita;4.665,14;500;Recursos não vinculados de Impostos;"Não ";Não Aplicável
João Pessoa;302095;Instituto de Prev. e Assistência do Município de João Pessoa;032026;2026;13210401;Remuneração dos Recursos do Regime Próprio de Previdência Social - RPPS - Principal;Outras Deduções;-270.171,42;800;Recursos vinculados ao RPPS - Fundo em Capitalização (Plano Previdenciário);1111;Benefícios previdenciários - Poder Executivo – Fundo em Capitalização (Plano Previdenciário)
João Pessoa;302095;Instituto de Prev. e Assistência do Município de João Pessoa;032026;2026;13210401;Remuneração dos Recursos do Regime Próprio de Previdência Social - RPPS - Principal;Lançamento de Receita;1.876,53;500;Recursos não vinculados de Impostos;"Não ";Não Aplicável
João Pessoa;302095;Instituto de Prev. e Assistência do Município de João Pessoa;032026;2026;13210401;Remuneração dos Recursos do Regime Próprio de Previdência Social - RPPS - Principal;Lançamento de Receita;11.536.442,67;800;Recursos vinculados ao RPPS - Fundo em Capitalização (Plano Previdenciário);1111;Benefícios previdenciários - Poder Executivo – Fundo em Capitalização (Plano Previdenciário)
João Pessoa;302095;Instituto de Prev. e Assistência do Município de João Pessoa;032026;2026;13210401;Remuneração dos Recursos do Regime Próprio de Previdência Social - RPPS - Principal;Lançamento de Receita;44.036,68;801;Recursos vinculados ao RPPS - Fundo em Repartição (Plano Financeiro);2111;Benefícios previdenciários - Poder Executivo - Fundo em Repartição (Plano Financeiro)
João Pessoa;302095;Instituto de Prev. e Assistência do Município de João Pessoa;022026;2026;13210401;Remuneração dos Recursos do Regime Próprio de Previdência Social - RPPS - Principal;Lançamento de Receita;14.788.782,08;800;Recursos vinculados ao RPPS - Fundo em Capitalização (Plano Previdenciário);1111;Benefícios previdenciários - Poder Executivo – Fundo em Capitalização (Plano Previdenciário)
João Pessoa;302095;Instituto de Prev. e Assistência do Município de João Pessoa;022026;2026;13210401;Remuneração dos Recursos do Regime Próprio de Previdência Social - RPPS - Principal;Outras Deduções;-4.713,29;800;Recursos vinculados ao RPPS - Fundo em Capitalização (Plano Previdenciário);1111;Benefícios previdenciários - Poder Executivo – Fundo em Capitalização (Plano Previdenciário)
João Pessoa;302095;Instituto de Prev. e Assistência do Município de João Pessoa;022026;2026;13210401;Remuneração dos Recursos do Regime Próprio de Previdência Social - RPPS - Principal;Lançamento de Receita;25.600,93;801;Recursos vinculados ao RPPS - Fundo em Repartição (Plano Financeiro);2111;Benefícios previdenciários - Poder Executivo - Fundo em Repartição (Plano Financeiro)
João Pessoa;302095;Instituto de Prev. e Assistência do Município de João Pessoa;012026;2026;13210401;Remuneração dos Recursos do Regime Próprio de Previdência Social - RPPS - Principal;Lançamento de Receita;82.033,3;801;Recursos vinculados ao RPPS - Fundo em Repartição (Plano Financeiro);2111;Benefícios previdenciários - Poder Executivo - Fundo em Repartição (Plano Financeiro)
João Pessoa;302095;Instituto de Prev. e Assistência do Município de João Pessoa;012026;2026;13210401;Remuneração dos Recursos do Regime Próprio de Previdência Social - RPPS - Principal;Lançamento de Receita;3.546.275,02;800;Recursos vinculados ao RPPS - Fundo em Capitalização (Plano Previdenciário);1111;Benefícios previdenciários - Poder Executivo – Fundo em Capitalização (Plano Previdenciário)
João Pessoa;302095;Instituto de Prev. e Assistência do Município de João Pessoa;012026;2026;13210401;Remuneração dos Recursos do Regime Próprio de Previdência Social - RPPS - Principal;Lançamento de Receita;152,78;500;Recursos não vinculados de Impostos;"Não ";Não Aplicável
João Pessoa;302095;Instituto de Prev. e Assistência do Município de João Pessoa;052026;2026;12150211;Contribuição Patronal - Servidor Civil Ativo - Principal;Lançamento de Receita;453,88;801;Recursos vinculados ao RPPS - Fundo em Repartição (Plano Financeiro);2111;Benefícios previdenciários - Poder Executivo - Fundo em Repartição (Plano Financeiro)
João Pessoa;302095;Instituto de Prev. e Assistência do Município de João Pessoa;052026;2026;12150211;Contribuição Patronal - Servidor Civil Ativo - Principal;Lançamento de Receita;1.143,45;800;Recursos vinculados ao RPPS - Fundo em Capitalização (Plano Previdenciário);1111;Benefícios previdenciários - Poder Executivo – Fundo em Capitalização (Plano Previdenciário)
João Pessoa;302095;Instituto de Prev. e Assistência do Município de João Pessoa;042026;2026;12150211;Contribuição Patronal - Servidor Civil Ativo - Principal;Lançamento de Receita;1.841,09;801;Recursos vinculados ao RPPS - Fundo em Repartição (Plano Financeiro);2111;Benefícios previdenciários - Poder Executivo - Fundo em Repartição (Plano Financeiro)
João Pessoa;302095;Instituto de Prev. e Assistência do Município de João Pessoa;042026;2026;12150211;Contribuição Patronal - Servidor Civil Ativo - Principal;Lançamento de Receita;1.143,45;800;Recursos vinculados ao RPPS - Fundo em Capitalização (Plano Previdenciário);1111;Benefícios previdenciários - Poder Executivo – Fundo em Capitalização (Plano Previdenciário)
João Pessoa;302095;Instituto de Prev. e Assistência do Município de João Pessoa;032026;2026;12150211;Contribuição Patronal - Servidor Civil Ativo - Principal;Lançamento de Receita;1.247,4;800;Recursos vinculados ao RPPS - Fundo em Capitalização (Plano Previdenciário);1111;Benefícios previdenciários - Poder Executivo – Fundo em Capitalização (Plano Previdenciário)
João Pessoa;302095;Instituto de Prev. e Assistência do Município de João Pessoa;022026;2026;12150211;Contribuição Patronal - Servidor Civil Ativo - Principal;Lançamento de Receita;1.039,5;800;Recursos vinculados ao RPPS - Fundo em Capitalização (Plano Previdenciário);1111;Benefícios previdenciários - Poder Executivo – Fundo em Capitalização (Plano Previdenciário)
João Pessoa;302095;Instituto de Prev. e Assistência do Município de João Pessoa;022026;2026;12150211;Contribuição Patronal - Servidor Civil Ativo - Principal;Lançamento de Receita;479,45;801;Recursos vinculados ao RPPS - Fundo em Repartição (Plano Financeiro);2111;Benefícios previdenciários - Poder Executivo - Fundo em Repartição (Plano Financeiro)
João Pessoa;302095;Instituto de Prev. e Assistência do Município de João Pessoa;012026;2026;12150211;Contribuição Patronal - Servidor Civil Ativo - Principal;Lançamento de Receita;1.039,5;800;Recursos vinculados ao RPPS - Fundo em Capitalização (Plano Previdenciário);1111;Benefícios previdenciários - Poder Executivo – Fundo em Capitalização (Plano Previdenciário)
João Pessoa;302095;Instituto de Prev. e Assistência do Município de João Pessoa;012026;2026;12150211;Contribuição Patronal - Servidor Civil Ativo - Principal;Lançamento de Receita;453,88;801;Recursos vinculados ao RPPS - Fundo em Repartição (Plano Financeiro);2111;Benefícios previdenciários - Poder Executivo - Fundo em Repartição (Plano Financeiro)
João Pessoa;302095;Instituto de Prev. e Assistência do Município de João Pessoa;052026;2026;12150131;Contribuição do Servidor Civil - Pensionistas - Principal;Lançamento de Receita;162.563,36;801;Recursos vinculados ao RPPS - Fundo em Repartição (Plano Financeiro);2111;Benefícios previdenciários - Poder Executivo - Fundo em Repartição (Plano Financeiro)
João Pessoa;302095;Instituto de Prev. e Assistência do Município de João Pessoa;042026;2026;12150131;Contribuição do Servidor Civil - Pensionistas - Principal;Lançamento de Receita;155.224,91;801;Recursos vinculados ao RPPS - Fundo em Repartição (Plano Financeiro);2111;Benefícios previdenciários - Poder Executivo - Fundo em Repartição (Plano Financeiro)
João Pessoa;302095;Instituto de Prev. e Assistência do Município de João Pessoa;022026;2026;12150131;Contribuição do Servidor Civil - Pensionistas - Principal;Lançamento de Receita;310.599,54;801;Recursos vinculados ao RPPS - Fundo em Repartição (Plano Financeiro);2111;Benefícios previdenciários - Poder Executivo - Fundo em Repartição (Plano Financeiro)
João Pessoa;302095;Instituto de Prev. e Assistência do Município de João Pessoa;012026;2026;12150131;Contribuição do Servidor Civil - Pensionistas - Principal;Lançamento de Receita;147.354,56;801;Recursos vinculados ao RPPS - Fundo em Repartição (Plano Financeiro);2111;Benefícios previdenciários - Poder Executivo - Fundo em Repartição (Plano Financeiro)
João Pessoa;302095;Instituto de Prev. e Assistência do Município de João Pessoa;052026;2026;12150121;Contribuição do Servidor Civil Inativo - Principal;Lançamento de Receita;944.771,1;801;Recursos vinculados ao RPPS - Fundo em Repartição (Plano Financeiro);2111;Benefícios previdenciários - Poder Executivo - Fundo em Repartição (Plano Financeiro)
João Pessoa;302095;Instituto de Prev. e Assistência do Município de João Pessoa;042026;2026;12150121;Contribuição do Servidor Civil Inativo - Principal;Lançamento de Receita;937.975,36;801;Recursos vinculados ao RPPS - Fundo em Repartição (Plano Financeiro);2111;Benefícios previdenciários - Poder Executivo - Fundo em Repartição (Plano Financeiro)
João Pessoa;302095;Instituto de Prev. e Assistência do Município de João Pessoa;042026;2026;12150121;Contribuição do Servidor Civil Inativo - Principal;Lançamento de Receita;1.797,73;800;Recursos vinculados ao RPPS - Fundo em Capitalização (Plano Previdenciário);1111;Benefícios previdenciários - Poder Executivo – Fundo em Capitalização (Plano Previdenciário)
João Pessoa;302095;Instituto de Prev. e Assistência do Município de João Pessoa;022026;2026;12150121;Contribuição do Servidor Civil Inativo - Principal;Lançamento de Receita;1.893.081,27;801;Recursos vinculados ao RPPS - Fundo em Repartição (Plano Financeiro);2111;Benefícios previdenciários - Poder Executivo - Fundo em Repartição (Plano Financeiro)
João Pessoa;302095;Instituto de Prev. e Assistência do Município de João Pessoa;022026;2026;12150121;Contribuição do Servidor Civil Inativo - Principal;Lançamento de Receita;4.060,88;800;Recursos vinculados ao RPPS - Fundo em Capitalização (Plano Previdenciário);1111;Benefícios previdenciários - Poder Executivo – Fundo em Capitalização (Plano Previdenciário)
João Pessoa;302095;Instituto de Prev. e Assistência do Município de João Pessoa;012026;2026;12150121;Contribuição do Servidor Civil Inativo - Principal;Lançamento de Receita;1.130,07;800;Recursos vinculados ao RPPS - Fundo em Capitalização (Plano Previdenciário);1111;Benefícios previdenciários - Poder Executivo – Fundo em Capitalização (Plano Previdenciário)
João Pessoa;302095;Instituto de Prev. e Assistência do Município de João Pessoa;012026;2026;12150121;Contribuição do Servidor Civil Inativo - Principal;Lançamento de Receita;792.153,63;801;Recursos vinculados ao RPPS - Fundo em Repartição (Plano Financeiro);2111;Benefícios previdenciários - Poder Executivo - Fundo em Repartição (Plano Financeiro)
João Pessoa;302095;Instituto de Prev. e Assistência do Município de João Pessoa;052026;2026;12150111;Contribuição do Servidor Civil Ativo - Principal;Lançamento de Receita;2.488.827,65;801;Recursos vinculados ao RPPS - Fundo em Repartição (Plano Financeiro);2111;Benefícios previdenciários - Poder Executivo - Fundo em Repartição (Plano Financeiro)
João Pessoa;302095;Instituto de Prev. e Assistência do Município de João Pessoa;052026;2026;12150111;Contribuição do Servidor Civil Ativo - Principal;Lançamento de Receita;3.822.712,78;800;Recursos vinculados ao RPPS - Fundo em Capitalização (Plano Previdenciário);1111;Benefícios previdenciários - Poder Executivo – Fundo em Capitalização (Plano Previdenciário)
João Pessoa;302095;Instituto de Prev. e Assistência do Município de João Pessoa;042026;2026;12150111;Contribuição do Servidor Civil Ativo - Principal;Lançamento de Receita;3.918.498,47;800;Recursos vinculados ao RPPS - Fundo em Capitalização (Plano Previdenciário);1111;Benefícios previdenciários - Poder Executivo – Fundo em Capitalização (Plano Previdenciário)
João Pessoa;302095;Instituto de Prev. e Assistência do Município de João Pessoa;042026;2026;12150111;Contribuição do Servidor Civil Ativo - Principal;Lançamento de Receita;2.636.891,08;801;Recursos vinculados ao RPPS - Fundo em Repartição (Plano Financeiro);2111;Benefícios previdenciários - Poder Executivo - Fundo em Repartição (Plano Financeiro)
João Pessoa;302095;Instituto de Prev. e Assistência do Município de João Pessoa;032026;2026;12150111;Contribuição do Servidor Civil Ativo - Principal;Lançamento de Receita;2.784.129,62;801;Recursos vinculados ao RPPS - Fundo em Repartição (Plano Financeiro);2111;Benefícios previdenciários - Poder Executivo - Fundo em Repartição (Plano Financeiro)
João Pessoa;302095;Instituto de Prev. e Assistência do Município de João Pessoa;032026;2026;12150111;Contribuição do Servidor Civil Ativo - Principal;Lançamento de Receita;4.094.423,17;800;Recursos vinculados ao RPPS - Fundo em Capitalização (Plano Previdenciário);1111;Benefícios previdenciários - Poder Executivo – Fundo em Capitalização (Plano Previdenciário)
João Pessoa;302095;Instituto de Prev. e Assistência do Município de João Pessoa;022026;2026;12150111;Contribuição do Servidor Civil Ativo - Principal;Lançamento de Receita;3.323.653,6;800;Recursos vinculados ao RPPS - Fundo em Capitalização (Plano Previdenciário);1111;Benefícios previdenciários - Poder Executivo – Fundo em Capitalização (Plano Previdenciário)
João Pessoa;302095;Instituto de Prev. e Assistência do Município de João Pessoa;022026;2026;12150111;Contribuição do Servidor Civil Ativo - Principal;Lançamento de Receita;2.482.758,22;801;Recursos vinculados ao RPPS - Fundo em Repartição (Plano Financeiro);2111;Benefícios previdenciários - Poder Executivo - Fundo em Repartição (Plano Financeiro)
João Pessoa;302095;Instituto de Prev. e Assistência do Município de João Pessoa;012026;2026;12150111;Contribuição do Servidor Civil Ativo - Principal;Lançamento de Receita;1.060.859,25;800;Recursos vinculados ao RPPS - Fundo em Capitalização (Plano Previdenciário);1111;Benefícios previdenciários - Poder Executivo – Fundo em Capitalização (Plano Previdenciário)
João Pessoa;302095;Instituto de Prev. e Assistência do Município de João Pessoa;012026;2026;12150111;Contribuição do Servidor Civil Ativo - Principal;Lançamento de Receita;944.570,01;801;Recursos vinculados ao RPPS - Fundo em Repartição (Plano Financeiro);2111;Benefícios previdenciários - Poder Executivo - Fundo em Repartição (Plano Financeiro)
João Pessoa;303095;Instituto Cândida Vargas;052026;2026;76319901;Outros Serviços de Atendimento à Saúde - Principal;Lançamento de Receita;176.535;659;"Outros Recursos Vinculados à Saúde ";"Não ";Não Aplicável
João Pessoa;303095;Instituto Cândida Vargas;042026;2026;76319901;Outros Serviços de Atendimento à Saúde - Principal;Lançamento de Receita;3.822.546,25;659;"Outros Recursos Vinculados à Saúde ";"Não ";Não Aplicável
João Pessoa;303095;Instituto Cândida Vargas;032026;2026;76319901;Outros Serviços de Atendimento à Saúde - Principal;Lançamento de Receita;176.535;659;"Outros Recursos Vinculados à Saúde ";"Não ";Não Aplicável
João Pessoa;303095;Instituto Cândida Vargas;022026;2026;76319901;Outros Serviços de Atendimento à Saúde - Principal;Lançamento de Receita;176.535;659;"Outros Recursos Vinculados à Saúde ";"Não ";Não Aplicável
João Pessoa;303095;Instituto Cândida Vargas;052026;2026;13210101;Remuneração de Depósitos Bancários - Principal;Lançamento de Receita;540,39;631;"Transferências do Governo Federal referentes a Convênios e outros Repasses vinculados à Saúde ";"Não ";Não Aplicável
João Pessoa;303095;Instituto Cândida Vargas;052026;2026;13210101;Remuneração de Depósitos Bancários - Principal;Lançamento de Receita;-540,39;659;"Outros Recursos Vinculados à Saúde ";"Não ";Não Aplicável
João Pessoa;303095;Instituto Cândida Vargas;042026;2026;13210101;Remuneração de Depósitos Bancários - Principal;Lançamento de Receita;604,64;631;"Transferências do Governo Federal referentes a Convênios e outros Repasses vinculados à Saúde ";"Não ";Não Aplicável
João Pessoa;303095;Instituto Cândida Vargas;042026;2026;13210101;Remuneração de Depósitos Bancários - Principal;Lançamento de Receita;28.607,53;659;"Outros Recursos Vinculados à Saúde ";"Não ";Não Aplicável
João Pessoa;303095;Instituto Cândida Vargas;032026;2026;13210101;Remuneração de Depósitos Bancários - Principal;Lançamento de Receita;555,39;631;"Transferências do Governo Federal referentes a Convênios e outros Repasses vinculados à Saúde ";"Não ";Não Aplicável
João Pessoa;303095;Instituto Cândida Vargas;032026;2026;13210101;Remuneração de Depósitos Bancários - Principal;Lançamento de Receita;34.700,09;659;"Outros Recursos Vinculados à Saúde ";"Não ";Não Aplicável
João Pessoa;303095;Instituto Cândida Vargas;022026;2026;13210101;Remuneração de Depósitos Bancários - Principal;Lançamento de Receita;34.361,23;659;"Outros Recursos Vinculados à Saúde ";"Não ";Não Aplicável
João Pessoa;303095;Instituto Cândida Vargas;022026;2026;13210101;Remuneração de Depósitos Bancários - Principal;Lançamento de Receita;597,31;631;"Transferências do Governo Federal referentes a Convênios e outros Repasses vinculados à Saúde ";"Não ";Não Aplicável
João Pessoa;303095;Instituto Cândida Vargas;012026;2026;13210101;Remuneração de Depósitos Bancários - Principal;Lançamento de Receita;49.272,72;659;"Outros Recursos Vinculados à Saúde ";"Não ";Não Aplicável
João Pessoa;303095;Instituto Cândida Vargas;012026;2026;13210101;Remuneração de Depósitos Bancários - Principal;Lançamento de Receita;590,24;631;"Transferências do Governo Federal referentes a Convênios e outros Repasses vinculados à Saúde ";"Não ";Não Aplicável
João Pessoa;304095;Autarquia Especial Municipal de Limpeza Urbana - Emlur;052026;2026;19999921;Outras Receitas Não Arrecadadas e Não Projetadas pela RFB - Primárias   - Principal;Lançamento de Receita;1.024,45;799;Outras vinculações legais;"Não ";Não Aplicável
João Pessoa;304095;Autarquia Especial Municipal de Limpeza Urbana - Emlur;042026;2026;19999921;Outras Receitas Não Arrecadadas e Não Projetadas pela RFB - Primárias   - Principal;Lançamento de Receita;8.148,93;799;Outras vinculações legais;"Não ";Não Aplicável
João Pessoa;304095;Autarquia Especial Municipal de Limpeza Urbana - Emlur;032026;2026;19999921;Outras Receitas Não Arrecadadas e Não Projetadas pela RFB - Primárias   - Principal;Lançamento de Receita;8.354,85;500;Recursos não vinculados de Impostos;"Não ";Não Aplicável
João Pessoa;304095;Autarquia Especial Municipal de Limpeza Urbana - Emlur;032026;2026;19999921;Outras Receitas Não Arrecadadas e Não Projetadas pela RFB - Primárias   - Principal;Lançamento de Receita;8.455,4;799;Outras vinculações legais;"Não ";Não Aplicável
João Pessoa;304095;Autarquia Especial Municipal de Limpeza Urbana - Emlur;022026;2026;19999921;Outras Receitas Não Arrecadadas e Não Projetadas pela RFB - Primárias   - Principal;Lançamento de Receita;7.110,74;799;Outras vinculações legais;"Não ";Não Aplicável
João Pessoa;304095;Autarquia Especial Municipal de Limpeza Urbana - Emlur;022026;2026;19999921;Outras Receitas Não Arrecadadas e Não Projetadas pela RFB - Primárias   - Principal;Lançamento de Receita;24.319,98;753;Recursos provenientes de taxas e contribuições;"Não ";Não Aplicável
João Pessoa;304095;Autarquia Especial Municipal de Limpeza Urbana - Emlur;012026;2026;19999921;Outras Receitas Não Arrecadadas e Não Projetadas pela RFB - Primárias   - Principal;Lançamento de Receita;400;500;Recursos não vinculados de Impostos;"Não ";Não Aplicável
João Pessoa;304095;Autarquia Especial Municipal de Limpeza Urbana - Emlur;012026;2026;19999921;Outras Receitas Não Arrecadadas e Não Projetadas pela RFB - Primárias   - Principal;Lançamento de Receita;7.993,73;799;Outras vinculações legais;"Não ";Não Aplicável
João Pessoa;304095;Autarquia Especial Municipal de Limpeza Urbana - Emlur;052026;2026;13210101;Remuneração de Depósitos Bancários - Principal;Lançamento de Receita;4.384,9;753;Recursos provenientes de taxas e contribuições;"Não ";Não Aplicável
João Pessoa;304095;Autarquia Especial Municipal de Limpeza Urbana - Emlur;052026;2026;13210101;Remuneração de Depósitos Bancários - Principal;Lançamento de Receita;8.699,93;500;Recursos não vinculados de Impostos;"Não ";Não Aplicável
João Pessoa;304095;Autarquia Especial Municipal de Limpeza Urbana - Emlur;042026;2026;13210101;Remuneração de Depósitos Bancários - Principal;Lançamento de Receita;21.805,04;500;Recursos não vinculados de Impostos;"Não ";Não Aplicável
João Pessoa;304095;Autarquia Especial Municipal de Limpeza Urbana - Emlur;042026;2026;13210101;Remuneração de Depósitos Bancários - Principal;Lançamento de Receita;23.651,18;753;Recursos provenientes de taxas e contribuições;"Não ";Não Aplicável
João Pessoa;304095;Autarquia Especial Municipal de Limpeza Urbana - Emlur;032026;2026;13210101;Remuneração de Depósitos Bancários - Principal;Lançamento de Receita;31.069,53;753;Recursos provenientes de taxas e contribuições;"Não ";Não Aplicável
João Pessoa;304095;Autarquia Especial Municipal de Limpeza Urbana - Emlur;032026;2026;13210101;Remuneração de Depósitos Bancários - Principal;Lançamento de Receita;49.962,93;500;Recursos não vinculados de Impostos;"Não ";Não Aplicável
João Pessoa;304095;Autarquia Especial Municipal de Limpeza Urbana - Emlur;022026;2026;13210101;Remuneração de Depósitos Bancários - Principal;Lançamento de Receita;24.266,21;753;Recursos provenientes de taxas e contribuições;"Não ";Não Aplicável
João Pessoa;304095;Autarquia Especial Municipal de Limpeza Urbana - Emlur;022026;2026;13210101;Remuneração de Depósitos Bancários - Principal;Lançamento de Receita;31.493,62;500;Recursos não vinculados de Impostos;"Não ";Não Aplicável
João Pessoa;304095;Autarquia Especial Municipal de Limpeza Urbana - Emlur;012026;2026;13210101;Remuneração de Depósitos Bancários - Principal;Lançamento de Receita;20.398,1;500;Recursos não vinculados de Impostos;"Não ";Não Aplicável
João Pessoa;304095;Autarquia Especial Municipal de Limpeza Urbana - Emlur;012026;2026;13210101;Remuneração de Depósitos Bancários - Principal;Lançamento de Receita;27.768,66;753;Recursos provenientes de taxas e contribuições;"Não ";Não Aplicável
João Pessoa;304095;Autarquia Especial Municipal de Limpeza Urbana - Emlur;052026;2026;11210101;Taxas de Inspeção, Controle e Fiscalização - Principal;Lançamento de Receita;142.267,3;753;Recursos provenientes de taxas e contribuições;"Não ";Não Aplicável
João Pessoa;304095;Autarquia Especial Municipal de Limpeza Urbana - Emlur;042026;2026;11210101;Taxas de Inspeção, Controle e Fiscalização - Principal;Lançamento de Receita;427.987,28;753;Recursos provenientes de taxas e contribuições;"Não ";Não Aplicável
João Pessoa;304095;Autarquia Especial Municipal de Limpeza Urbana - Emlur;032026;2026;11210101;Taxas de Inspeção, Controle e Fiscalização - Principal;Lançamento de Receita;457.584,45;753;Recursos provenientes de taxas e contribuições;"Não ";Não Aplicável
João Pessoa;304095;Autarquia Especial Municipal de Limpeza Urbana - Emlur;022026;2026;11210101;Taxas de Inspeção, Controle e Fiscalização - Principal;Lançamento de Receita;416.021,17;753;Recursos provenientes de taxas e contribuições;"Não ";Não Aplicável
João Pessoa;304095;Autarquia Especial Municipal de Limpeza Urbana - Emlur;012026;2026;11210101;Taxas de Inspeção, Controle e Fiscalização - Principal;Lançamento de Receita;293.678,13;753;Recursos provenientes de taxas e contribuições;"Não ";Não Aplicável
João Pessoa;603095;Fundação Cultural de João Pessoa;042026;2026;19229901;Outras Restituições - Principal;Lançamento de Receita;519,06;500;Recursos não vinculados de Impostos;"Não ";Não Aplicável
João Pessoa;603095;Fundação Cultural de João Pessoa;042026;2026;19229901;Outras Restituições - Principal;Lançamento de Receita;229,14;700;Outras Transferências de Convênios ou Repasses da União;"Não ";Não Aplicável
João Pessoa;603095;Fundação Cultural de João Pessoa;042026;2026;13210101;Remuneração de Depósitos Bancários - Principal;Lançamento de Receita;13.713,16;500;Recursos não vinculados de Impostos;"Não ";Não Aplicável
João Pessoa;603095;Fundação Cultural de João Pessoa;042026;2026;13210101;Remuneração de Depósitos Bancários - Principal;Lançamento de Receita;3.134,14;700;Outras Transferências de Convênios ou Repasses da União;"Não ";Não Aplicável
João Pessoa;603095;Fundação Cultural de João Pessoa;042026;2026;13210101;Remuneração de Depósitos Bancários - Principal;Lançamento de Receita;448,95;706;"Transferência Especial da União ";3110;Identificação das Transferências da União decorrentes de emendas parlamentares individuais
João Pessoa;603095;Fundação Cultural de João Pessoa;042026;2026;13210101;Remuneração de Depósitos Bancários - Principal;Lançamento de Receita;842,88;899;Outros Recursos Vinculados;"Não ";Não Aplicável
João Pessoa;603095;Fundação Cultural de João Pessoa;032026;2026;13210101;Remuneração de Depósitos Bancários - Principal;Lançamento de Receita;3.432,21;700;Outras Transferências de Convênios ou Repasses da União;"Não ";Não Aplicável
João Pessoa;603095;Fundação Cultural de João Pessoa;032026;2026;13210101;Remuneração de Depósitos Bancários - Principal;Lançamento de Receita;17.030,38;500;Recursos não vinculados de Impostos;"Não ";Não Aplicável
João Pessoa;603095;Fundação Cultural de João Pessoa;032026;2026;13210101;Remuneração de Depósitos Bancários - Principal;Lançamento de Receita;1.427,46;899;Outros Recursos Vinculados;"Não ";Não Aplicável
João Pessoa;603095;Fundação Cultural de João Pessoa;022026;2026;13210101;Remuneração de Depósitos Bancários - Principal;Lançamento de Receita;6.495,88;700;Outras Transferências de Convênios ou Repasses da União;"Não ";Não Aplicável
João Pessoa;603095;Fundação Cultural de João Pessoa;022026;2026;13210101;Remuneração de Depósitos Bancários - Principal;Lançamento de Receita;17.595,64;500;Recursos não vinculados de Impostos;"Não ";Não Aplicável
João Pessoa;603095;Fundação Cultural de João Pessoa;022026;2026;13210101;Remuneração de Depósitos Bancários - Principal;Lançamento de Receita;2.045,03;899;Outros Recursos Vinculados;"Não ";Não Aplicável
João Pessoa;603095;Fundação Cultural de João Pessoa;012026;2026;13210101;Remuneração de Depósitos Bancários - Principal;Lançamento de Receita;17.903,11;500;Recursos não vinculados de Impostos;"Não ";Não Aplicável
João Pessoa;603095;Fundação Cultural de João Pessoa;012026;2026;13210101;Remuneração de Depósitos Bancários - Principal;Lançamento de Receita;467,92;899;Outros Recursos Vinculados;"Não ";Não Aplicável
João Pessoa;610095;Fundo Municipal de Saúde de João Pessoa;022026;2026;24115121;Transferências de Recursos do Bloco de Estruturação da Rede de Serviços Públicos de Saúde - Atenção Especializada - Principal;Lançamento de Receita;1.298.409;601;Transferências Fundo a Fundo de Recursos do SUS provenientes do Governo Federal - Bloco de Estruturação da Rede de Serviços Públicos de Saúde;3120;Identificação das Transferências da União decorrentes de emendas parlamentares de bancada
João Pessoa;610095;Fundo Municipal de Saúde de João Pessoa;022026;2026;24115121;Transferências de Recursos do Bloco de Estruturação da Rede de Serviços Públicos de Saúde - Atenção Especializada - Principal;Lançamento de Receita;2.308.000;601;Transferências Fundo a Fundo de Recursos do SUS provenientes do Governo Federal - Bloco de Estruturação da Rede de Serviços Públicos de Saúde;"Não ";Não Aplicável
João Pessoa;610095;Fundo Municipal de Saúde de João Pessoa;052026;2026;24115111;Transferências de Recursos do Bloco de Estruturação da Rede de Serviços Públicos de Saúde - Atenção Primária - Principal;Lançamento de Receita;1.087.800;601;Transferências Fundo a Fundo de Recursos do SUS provenientes do Governo Federal - Bloco de Estruturação da Rede de Serviços Públicos de Saúde;"Não ";Não Aplicável
João Pessoa;610095;Fundo Municipal de Saúde de João Pessoa;052026;2026;19999921;Outras Receitas Não Arrecadadas e Não Projetadas pela RFB - Primárias   - Principal;Lançamento de Receita;31.195,32;659;"Outros Recursos Vinculados à Saúde ";"Não ";Não Aplicável
João Pessoa;610095;Fundo Municipal de Saúde de João Pessoa;042026;2026;19999921;Outras Receitas Não Arrecadadas e Não Projetadas pela RFB - Primárias   - Principal;Lançamento de Receita;1.854,99;500;Recursos não vinculados de Impostos;1002;Identificação das despesas com ações e serviços públicos de saúde
João Pessoa;610095;Fundo Municipal de Saúde de João Pessoa;042026;2026;19999921;Outras Receitas Não Arrecadadas e Não Projetadas pela RFB - Primárias   - Principal;Lançamento de Receita;7.224,97;659;"Outros Recursos Vinculados à Saúde ";"Não ";Não Aplicável
João Pessoa;610095;Fundo Municipal de Saúde de João Pessoa;042026;2026;19999921;Outras Receitas Não Arrecadadas e Não Projetadas pela RFB - Primárias   - Principal;Lançamento de Receita;5.810,53;600;Transferências Fundo a Fundo de Recursos do SUS provenientes do Governo Federal - Bloco de Manutenção das Ações e Serviços Públicos de Saúde;"Não ";Não Aplicável
João Pessoa;610095;Fundo Municipal de Saúde de João Pessoa;032026;2026;19999921;Outras Receitas Não Arrecadadas e Não Projetadas pela RFB - Primárias   - Principal;Lançamento de Receita;64.254,16;659;"Outros Recursos Vinculados à Saúde ";"Não ";Não Aplicável
João Pessoa;610095;Fundo Municipal de Saúde de João Pessoa;032026;2026;19999921;Outras Receitas Não Arrecadadas e Não Projetadas pela RFB - Primárias   - Principal;Lançamento de Receita;1.854,99;500;Recursos não vinculados de Impostos;1002;Identificação das despesas com ações e serviços públicos de saúde
João Pessoa;610095;Fundo Municipal de Saúde de João Pessoa;032026;2026;19999921;Outras Receitas Não Arrecadadas e Não Projetadas pela RFB - Primárias   - Principal;Lançamento de Receita;3.595,68;600;Transferências Fundo a Fundo de Recursos do SUS provenientes do Governo Federal - Bloco de Manutenção das Ações e Serviços Públicos de Saúde;"Não ";Não Aplicável
João Pessoa;610095;Fundo Municipal de Saúde de João Pessoa;022026;2026;19999921;Outras Receitas Não Arrecadadas e Não Projetadas pela RFB - Primárias   - Principal;Lançamento de Receita;10.770,64;600;Transferências Fundo a Fundo de Recursos do SUS provenientes do Governo Federal - Bloco de Manutenção das Ações e Serviços Públicos de Saúde;"Não ";Não Aplicável
João Pessoa;610095;Fundo Municipal de Saúde de João Pessoa;022026;2026;19999921;Outras Receitas Não Arrecadadas e Não Projetadas pela RFB - Primárias   - Principal;Lançamento de Receita;8.270,25;659;"Outros Recursos Vinculados à Saúde ";"Não ";Não Aplicável
João Pessoa;610095;Fundo Municipal de Saúde de João Pessoa;022026;2026;19999921;Outras Receitas Não Arrecadadas e Não Projetadas pela RFB - Primárias   - Principal;Lançamento de Receita;7.230,4;500;Recursos não vinculados de Impostos;1002;Identificação das despesas com ações e serviços públicos de saúde
João Pessoa;610095;Fundo Municipal de Saúde de João Pessoa;012026;2026;19999921;Outras Receitas Não Arrecadadas e Não Projetadas pela RFB - Primárias   - Principal;Lançamento de Receita;15.623,33;659;"Outros Recursos Vinculados à Saúde ";"Não ";Não Aplicável
João Pessoa;610095;Fundo Municipal de Saúde de João Pessoa;052026;2026;19229901;Outras Restituições - Principal;Lançamento de Receita;-1.777,18;659;"Outros Recursos Vinculados à Saúde ";"Não ";Não Aplicável
João Pessoa;610095;Fundo Municipal de Saúde de João Pessoa;052026;2026;19229901;Outras Restituições - Principal;Lançamento de Receita;4.104,38;600;Transferências Fundo a Fundo de Recursos do SUS provenientes do Governo Federal - Bloco de Manutenção das Ações e Serviços Públicos de Saúde;"Não ";Não Aplicável
João Pessoa;610095;Fundo Municipal de Saúde de João Pessoa;052026;2026;19229901;Outras Restituições - Principal;Lançamento de Receita;10.462,38;500;Recursos não vinculados de Impostos;1002;Identificação das despesas com ações e serviços públicos de saúde
João Pessoa;610095;Fundo Municipal de Saúde de João Pessoa;042026;2026;19229901;Outras Restituições - Principal;Lançamento de Receita;59.478,86;500;Recursos não vinculados de Impostos;1002;Identificação das despesas com ações e serviços públicos de saúde
João Pessoa;610095;Fundo Municipal de Saúde de João Pessoa;042026;2026;19229901;Outras Restituições - Principal;Lançamento de Receita;48.702,18;600;Transferências Fundo a Fundo de Recursos do SUS provenientes do Governo Federal - Bloco de Manutenção das Ações e Serviços Públicos de Saúde;"Não ";Não Aplicável
João Pessoa;610095;Fundo Municipal de Saúde de João Pessoa;032026;2026;19229901;Outras Restituições - Principal;Lançamento de Receita;112.372,26;500;Recursos não vinculados de Impostos;1002;Identificação das despesas com ações e serviços públicos de saúde
João Pessoa;610095;Fundo Municipal de Saúde de João Pessoa;032026;2026;19229901;Outras Restituições - Principal;Lançamento de Receita;1.777,18;659;"Outros Recursos Vinculados à Saúde ";"Não ";Não Aplicável
João Pessoa;610095;Fundo Municipal de Saúde de João Pessoa;022026;2026;19229901;Outras Restituições - Principal;Lançamento de Receita;45.156,49;500;Recursos não vinculados de Impostos;1002;Identificação das despesas com ações e serviços públicos de saúde
João Pessoa;610095;Fundo Municipal de Saúde de João Pessoa;012026;2026;19229901;Outras Restituições - Principal;Lançamento de Receita;45.048,46;500;Recursos não vinculados de Impostos;1002;Identificação das despesas com ações e serviços públicos de saúde
João Pessoa;610095;Fundo Municipal de Saúde de João Pessoa;052026;2026;17235001;Transferências de Recursos do Sistema Único de Saúde – SUS - Principal;Lançamento de Receita;390.677,94;621;"Transferências Fundo a Fundo de Recursos do SUS provenientes do Governo Estadual ";"Não ";Não Aplicável
João Pessoa;610095;Fundo Municipal de Saúde de João Pessoa;042026;2026;17235001;Transferências de Recursos do Sistema Único de Saúde – SUS - Principal;Lançamento de Receita;340.427,94;621;"Transferências Fundo a Fundo de Recursos do SUS provenientes do Governo Estadual ";"Não ";Não Aplicável
João Pessoa;610095;Fundo Municipal de Saúde de João Pessoa;032026;2026;17235001;Transferências de Recursos do Sistema Único de Saúde – SUS - Principal;Lançamento de Receita;312.750;621;"Transferências Fundo a Fundo de Recursos do SUS provenientes do Governo Estadual ";"Não ";Não Aplicável
João Pessoa;610095;Fundo Municipal de Saúde de João Pessoa;022026;2026;17235001;Transferências de Recursos do Sistema Único de Saúde – SUS - Principal;Lançamento de Receita;521.927,94;621;"Transferências Fundo a Fundo de Recursos do SUS provenientes do Governo Estadual ";"Não ";Não Aplicável
João Pessoa;610095;Fundo Municipal de Saúde de João Pessoa;012026;2026;17235001;Transferências de Recursos do Sistema Único de Saúde – SUS - Principal;Lançamento de Receita;521.927,94;621;"Transferências Fundo a Fundo de Recursos do SUS provenientes do Governo Estadual ";"Não ";Não Aplicável
João Pessoa;610095;Fundo Municipal de Saúde de João Pessoa;052026;2026;17135051;Transferências de Recursos do Bloco de Manutenção das Ações e Serviços Públicos de Saúde – Gestão do SUS - Principal;Lançamento de Receita;3.359.498,35;605;Assistência financeira da União destinada à complementação ao pagamento dos pisos salariais para profissionais da enfermagem;"Não ";Não Aplicável
João Pessoa;610095;Fundo Municipal de Saúde de João Pessoa;042026;2026;17135051;Transferências de Recursos do Bloco de Manutenção das Ações e Serviços Públicos de Saúde – Gestão do SUS - Principal;Lançamento de Receita;4.565.364,25;605;Assistência financeira da União destinada à complementação ao pagamento dos pisos salariais para profissionais da enfermagem;"Não ";Não Aplicável
João Pessoa;610095;Fundo Municipal de Saúde de João Pessoa;032026;2026;17135051;Transferências de Recursos do Bloco de Manutenção das Ações e Serviços Públicos de Saúde – Gestão do SUS - Principal;Lançamento de Receita;5.001.126,88;605;Assistência financeira da União destinada à complementação ao pagamento dos pisos salariais para profissionais da enfermagem;"Não ";Não Aplicável
João Pessoa;610095;Fundo Municipal de Saúde de João Pessoa;022026;2026;17135051;Transferências de Recursos do Bloco de Manutenção das Ações e Serviços Públicos de Saúde – Gestão do SUS - Principal;Lançamento de Receita;5.027.479,17;605;Assistência financeira da União destinada à complementação ao pagamento dos pisos salariais para profissionais da enfermagem;"Não ";Não Aplicável
João Pessoa;610095;Fundo Municipal de Saúde de João Pessoa;042026;2026;17135041;Transferências de Recursos do Bloco de Manutenção das Ações e Serviços Públicos de Saúde – Assistência Farmacêutica - Principal;Lançamento de Receita;614.669,7;600;Transferências Fundo a Fundo de Recursos do SUS provenientes do Governo Federal - Bloco de Manutenção das Ações e Serviços Públicos de Saúde;"Não ";Não Aplicável
João Pessoa;610095;Fundo Municipal de Saúde de João Pessoa;032026;2026;17135041;Transferências de Recursos do Bloco de Manutenção das Ações e Serviços Públicos de Saúde – Assistência Farmacêutica - Principal;Lançamento de Receita;614.669,7;600;Transferências Fundo a Fundo de Recursos do SUS provenientes do Governo Federal - Bloco de Manutenção das Ações e Serviços Públicos de Saúde;"Não ";Não Aplicável
João Pessoa;610095;Fundo Municipal de Saúde de João Pessoa;022026;2026;17135041;Transferências de Recursos do Bloco de Manutenção das Ações e Serviços Públicos de Saúde – Assistência Farmacêutica - Principal;Lançamento de Receita;614.669,7;600;Transferências Fundo a Fundo de Recursos do SUS provenientes do Governo Federal - Bloco de Manutenção das Ações e Serviços Públicos de Saúde;"Não ";Não Aplicável
João Pessoa;610095;Fundo Municipal de Saúde de João Pessoa;012026;2026;17135041;Transferências de Recursos do Bloco de Manutenção das Ações e Serviços Públicos de Saúde – Assistência Farmacêutica - Principal;Lançamento de Receita;614.669,7;600;Transferências Fundo a Fundo de Recursos do SUS provenientes do Governo Federal - Bloco de Manutenção das Ações e Serviços Públicos de Saúde;"Não ";Não Aplicável
João Pessoa;610095;Fundo Municipal de Saúde de João Pessoa;052026;2026;17135031;Transferências de Recursos do Bloco de Manutenção das Ações e Serviços Públicos de Saúde – Vigilância em Saúde - Principal;Lançamento de Receita;1.040.682;604;Transferências provenientes do Governo Federal destinadas ao vencimento dos agentes comunitários de saúde e dos agentes de combate às endemias;"Não ";Não Aplicável
João Pessoa;610095;Fundo Municipal de Saúde de João Pessoa;052026;2026;17135031;Transferências de Recursos do Bloco de Manutenção das Ações e Serviços Públicos de Saúde – Vigilância em Saúde - Principal;Lançamento de Receita;109.563,7;600;Transferências Fundo a Fundo de Recursos do SUS provenientes do Governo Federal - Bloco de Manutenção das Ações e Serviços Públicos de Saúde;"Não ";Não Aplicável
João Pessoa;610095;Fundo Municipal de Saúde de João Pessoa;042026;2026;17135031;Transferências de Recursos do Bloco de Manutenção das Ações e Serviços Públicos de Saúde – Vigilância em Saúde - Principal;Lançamento de Receita;969.358;604;Transferências provenientes do Governo Federal destinadas ao vencimento dos agentes comunitários de saúde e dos agentes de combate às endemias;"Não ";Não Aplicável
João Pessoa;610095;Fundo Municipal de Saúde de João Pessoa;042026;2026;17135031;Transferências de Recursos do Bloco de Manutenção das Ações e Serviços Públicos de Saúde – Vigilância em Saúde - Principal;Lançamento de Receita;535.188,44;600;Transferências Fundo a Fundo de Recursos do SUS provenientes do Governo Federal - Bloco de Manutenção das Ações e Serviços Públicos de Saúde;"Não ";Não Aplicável
João Pessoa;610095;Fundo Municipal de Saúde de João Pessoa;032026;2026;17135031;Transferências de Recursos do Bloco de Manutenção das Ações e Serviços Públicos de Saúde – Vigilância em Saúde - Principal;Lançamento de Receita;796.465,45;600;Transferências Fundo a Fundo de Recursos do SUS provenientes do Governo Federal - Bloco de Manutenção das Ações e Serviços Públicos de Saúde;"Não ";Não Aplicável
João Pessoa;610095;Fundo Municipal de Saúde de João Pessoa;032026;2026;17135031;Transferências de Recursos do Bloco de Manutenção das Ações e Serviços Públicos de Saúde – Vigilância em Saúde - Principal;Lançamento de Receita;966.116;604;Transferências provenientes do Governo Federal destinadas ao vencimento dos agentes comunitários de saúde e dos agentes de combate às endemias;"Não ";Não Aplicável
João Pessoa;610095;Fundo Municipal de Saúde de João Pessoa;022026;2026;17135031;Transferências de Recursos do Bloco de Manutenção das Ações e Serviços Públicos de Saúde – Vigilância em Saúde - Principal;Lançamento de Receita;375.861,14;600;Transferências Fundo a Fundo de Recursos do SUS provenientes do Governo Federal - Bloco de Manutenção das Ações e Serviços Públicos de Saúde;"Não ";Não Aplicável
João Pessoa;610095;Fundo Municipal de Saúde de João Pessoa;022026;2026;17135031;Transferências de Recursos do Bloco de Manutenção das Ações e Serviços Públicos de Saúde – Vigilância em Saúde - Principal;Lançamento de Receita;966.116;604;Transferências provenientes do Governo Federal destinadas ao vencimento dos agentes comunitários de saúde e dos agentes de combate às endemias;"Não ";Não Aplicável
João Pessoa;610095;Fundo Municipal de Saúde de João Pessoa;012026;2026;17135031;Transferências de Recursos do Bloco de Manutenção das Ações e Serviços Públicos de Saúde – Vigilância em Saúde - Principal;Lançamento de Receita;504.065,5;600;Transferências Fundo a Fundo de Recursos do SUS provenientes do Governo Federal - Bloco de Manutenção das Ações e Serviços Públicos de Saúde;"Não ";Não Aplicável
João Pessoa;610095;Fundo Municipal de Saúde de João Pessoa;012026;2026;17135031;Transferências de Recursos do Bloco de Manutenção das Ações e Serviços Públicos de Saúde – Vigilância em Saúde - Principal;Lançamento de Receita;966.116;604;Transferências provenientes do Governo Federal destinadas ao vencimento dos agentes comunitários de saúde e dos agentes de combate às endemias;"Não ";Não Aplicável
João Pessoa;610095;Fundo Municipal de Saúde de João Pessoa;052026;2026;17135021;Transferências de Recursos do Bloco de Manutenção das Ações e Serviços Públicos de Saúde – Atenção Especializada - Principal;Lançamento de Receita;50.280.476;600;Transferências Fundo a Fundo de Recursos do SUS provenientes do Governo Federal - Bloco de Manutenção das Ações e Serviços Públicos de Saúde;"Não ";Não Aplicável
João Pessoa;610095;Fundo Municipal de Saúde de João Pessoa;052026;2026;17135021;Transferências de Recursos do Bloco de Manutenção das Ações e Serviços Públicos de Saúde – Atenção Especializada - Principal;Outras Deduções;-3.471.571,96;600;Transferências Fundo a Fundo de Recursos do SUS provenientes do Governo Federal - Bloco de Manutenção das Ações e Serviços Públicos de Saúde;"Não ";Não Aplicável
João Pessoa;610095;Fundo Municipal de Saúde de João Pessoa;042026;2026;17135021;Transferências de Recursos do Bloco de Manutenção das Ações e Serviços Públicos de Saúde – Atenção Especializada - Principal;Lançamento de Receita;26.025.480,64;600;Transferências Fundo a Fundo de Recursos do SUS provenientes do Governo Federal - Bloco de Manutenção das Ações e Serviços Públicos de Saúde;"Não ";Não Aplicável
João Pessoa;610095;Fundo Municipal de Saúde de João Pessoa;042026;2026;17135021;Transferências de Recursos do Bloco de Manutenção das Ações e Serviços Públicos de Saúde – Atenção Especializada - Principal;Outras Deduções;-1.002.654,26;600;Transferências Fundo a Fundo de Recursos do SUS provenientes do Governo Federal - Bloco de Manutenção das Ações e Serviços Públicos de Saúde;"Não ";Não Aplicável
João Pessoa;610095;Fundo Municipal de Saúde de João Pessoa;032026;2026;17135021;Transferências de Recursos do Bloco de Manutenção das Ações e Serviços Públicos de Saúde – Atenção Especializada - Principal;Outras Deduções;-929.955,31;600;Transferências Fundo a Fundo de Recursos do SUS provenientes do Governo Federal - Bloco de Manutenção das Ações e Serviços Públicos de Saúde;"Não ";Não Aplicável
João Pessoa;610095;Fundo Municipal de Saúde de João Pessoa;032026;2026;17135021;Transferências de Recursos do Bloco de Manutenção das Ações e Serviços Públicos de Saúde – Atenção Especializada - Principal;Lançamento de Receita;30.163.477,45;600;Transferências Fundo a Fundo de Recursos do SUS provenientes do Governo Federal - Bloco de Manutenção das Ações e Serviços Públicos de Saúde;"Não ";Não Aplicável
João Pessoa;610095;Fundo Municipal de Saúde de João Pessoa;022026;2026;17135021;Transferências de Recursos do Bloco de Manutenção das Ações e Serviços Públicos de Saúde – Atenção Especializada - Principal;Lançamento de Receita;28.380.479,61;600;Transferências Fundo a Fundo de Recursos do SUS provenientes do Governo Federal - Bloco de Manutenção das Ações e Serviços Públicos de Saúde;"Não ";Não Aplicável
João Pessoa;610095;Fundo Municipal de Saúde de João Pessoa;022026;2026;17135021;Transferências de Recursos do Bloco de Manutenção das Ações e Serviços Públicos de Saúde – Atenção Especializada - Principal;Outras Deduções;-3.565.978,29;600;Transferências Fundo a Fundo de Recursos do SUS provenientes do Governo Federal - Bloco de Manutenção das Ações e Serviços Públicos de Saúde;"Não ";Não Aplicável
João Pessoa;610095;Fundo Municipal de Saúde de João Pessoa;022026;2026;17135021;Transferências de Recursos do Bloco de Manutenção das Ações e Serviços Públicos de Saúde – Atenção Especializada - Principal;Lançamento de Receita;200.000;600;Transferências Fundo a Fundo de Recursos do SUS provenientes do Governo Federal - Bloco de Manutenção das Ações e Serviços Públicos de Saúde;3120;Identificação das Transferências da União decorrentes de emendas parlamentares de bancada
João Pessoa;610095;Fundo Municipal de Saúde de João Pessoa;012026;2026;17135021;Transferências de Recursos do Bloco de Manutenção das Ações e Serviços Públicos de Saúde – Atenção Especializada - Principal;Lançamento de Receita;31.201.897,15;600;Transferências Fundo a Fundo de Recursos do SUS provenientes do Governo Federal - Bloco de Manutenção das Ações e Serviços Públicos de Saúde;"Não ";Não Aplicável
João Pessoa;610095;Fundo Municipal de Saúde de João Pessoa;012026;2026;17135021;Transferências de Recursos do Bloco de Manutenção das Ações e Serviços Públicos de Saúde – Atenção Especializada - Principal;Outras Deduções;-3.409.619,82;600;Transferências Fundo a Fundo de Recursos do SUS provenientes do Governo Federal - Bloco de Manutenção das Ações e Serviços Públicos de Saúde;"Não ";Não Aplicável
João Pessoa;610095;Fundo Municipal de Saúde de João Pessoa;052026;2026;17135011;Transferências de Recursos do Bloco de Manutenção das Ações e Serviços Públicos de Saúde – Atenção Primária - Principal;Lançamento de Receita;7.801.467,36;600;Transferências Fundo a Fundo de Recursos do SUS provenientes do Governo Federal - Bloco de Manutenção das Ações e Serviços Públicos de Saúde;"Não ";Não Aplicável
João Pessoa;610095;Fundo Municipal de Saúde de João Pessoa;052026;2026;17135011;Transferências de Recursos do Bloco de Manutenção das Ações e Serviços Públicos de Saúde – Atenção Primária - Principal;Lançamento de Receita;4.214.600;604;Transferências provenientes do Governo Federal destinadas ao vencimento dos agentes comunitários de saúde e dos agentes de combate às endemias;"Não ";Não Aplicável
João Pessoa;610095;Fundo Municipal de Saúde de João Pessoa;042026;2026;17135011;Transferências de Recursos do Bloco de Manutenção das Ações e Serviços Públicos de Saúde – Atenção Primária - Principal;Lançamento de Receita;8.384.955,53;600;Transferências Fundo a Fundo de Recursos do SUS provenientes do Governo Federal - Bloco de Manutenção das Ações e Serviços Públicos de Saúde;"Não ";Não Aplicável
João Pessoa;610095;Fundo Municipal de Saúde de João Pessoa;042026;2026;17135011;Transferências de Recursos do Bloco de Manutenção das Ações e Serviços Públicos de Saúde – Atenção Primária - Principal;Lançamento de Receita;4.143.276;604;Transferências provenientes do Governo Federal destinadas ao vencimento dos agentes comunitários de saúde e dos agentes de combate às endemias;"Não ";Não Aplicável
João Pessoa;610095;Fundo Municipal de Saúde de João Pessoa;032026;2026;17135011;Transferências de Recursos do Bloco de Manutenção das Ações e Serviços Públicos de Saúde – Atenção Primária - Principal;Lançamento de Receita;8.396.249,65;600;Transferências Fundo a Fundo de Recursos do SUS provenientes do Governo Federal - Bloco de Manutenção das Ações e Serviços Públicos de Saúde;"Não ";Não Aplicável
João Pessoa;610095;Fundo Municipal de Saúde de João Pessoa;032026;2026;17135011;Transferências de Recursos do Bloco de Manutenção das Ações e Serviços Públicos de Saúde – Atenção Primária - Principal;Lançamento de Receita;4.036.290;604;Transferências provenientes do Governo Federal destinadas ao vencimento dos agentes comunitários de saúde e dos agentes de combate às endemias;"Não ";Não Aplicável
João Pessoa;610095;Fundo Municipal de Saúde de João Pessoa;022026;2026;17135011;Transferências de Recursos do Bloco de Manutenção das Ações e Serviços Públicos de Saúde – Atenção Primária - Principal;Lançamento de Receita;8.988.063,19;600;Transferências Fundo a Fundo de Recursos do SUS provenientes do Governo Federal - Bloco de Manutenção das Ações e Serviços Públicos de Saúde;"Não ";Não Aplicável
João Pessoa;610095;Fundo Municipal de Saúde de João Pessoa;022026;2026;17135011;Transferências de Recursos do Bloco de Manutenção das Ações e Serviços Públicos de Saúde – Atenção Primária - Principal;Lançamento de Receita;3.990.902;604;Transferências provenientes do Governo Federal destinadas ao vencimento dos agentes comunitários de saúde e dos agentes de combate às endemias;"Não ";Não Aplicável
João Pessoa;610095;Fundo Municipal de Saúde de João Pessoa;012026;2026;17135011;Transferências de Recursos do Bloco de Manutenção das Ações e Serviços Públicos de Saúde – Atenção Primária - Principal;Lançamento de Receita;7.604.604,76;600;Transferências Fundo a Fundo de Recursos do SUS provenientes do Governo Federal - Bloco de Manutenção das Ações e Serviços Públicos de Saúde;"Não ";Não Aplicável
João Pessoa;610095;Fundo Municipal de Saúde de João Pessoa;012026;2026;17135011;Transferências de Recursos do Bloco de Manutenção das Ações e Serviços Públicos de Saúde – Atenção Primária - Principal;Lançamento de Receita;3.955.240;604;Transferências provenientes do Governo Federal destinadas ao vencimento dos agentes comunitários de saúde e dos agentes de combate às endemias;"Não ";Não Aplicável
João Pessoa;610095;Fundo Municipal de Saúde de João Pessoa;042026;2026;13210101;Remuneração de Depósitos Bancários - Principal;Lançamento de Receita;36.203,81;601;Transferências Fundo a Fundo de Recursos do SUS provenientes do Governo Federal - Bloco de Estruturação da Rede de Serviços Públicos de Saúde;"Não ";Não Aplicável
João Pessoa;610095;Fundo Municipal de Saúde de João Pessoa;042026;2026;13210101;Remuneração de Depósitos Bancários - Principal;Lançamento de Receita;17.187,82;631;"Transferências do Governo Federal referentes a Convênios e outros Repasses vinculados à Saúde ";"Não ";Não Aplicável
João Pessoa;610095;Fundo Municipal de Saúde de João Pessoa;042026;2026;13210101;Remuneração de Depósitos Bancários - Principal;Lançamento de Receita;68.423;600;Transferências Fundo a Fundo de Recursos do SUS provenientes do Governo Federal - Bloco de Manutenção das Ações e Serviços Públicos de Saúde;3130;Identificação das Transferências da União decorrentes de emendas parlamentares de comissão
João Pessoa;610095;Fundo Municipal de Saúde de João Pessoa;042026;2026;13210101;Remuneração de Depósitos Bancários - Principal;Lançamento de Receita;18.758,9;621;"Transferências Fundo a Fundo de Recursos do SUS provenientes do Governo Estadual ";"Não ";Não Aplicável
João Pessoa;610095;Fundo Municipal de Saúde de João Pessoa;042026;2026;13210101;Remuneração de Depósitos Bancários - Principal;Lançamento de Receita;28.742;601;Transferências Fundo a Fundo de Recursos do SUS provenientes do Governo Federal - Bloco de Estruturação da Rede de Serviços Públicos de Saúde;3120;Identificação das Transferências da União decorrentes de emendas parlamentares de bancada
João Pessoa;610095;Fundo Municipal de Saúde de João Pessoa;042026;2026;13210101;Remuneração de Depósitos Bancários - Principal;Lançamento de Receita;2.132,79;706;"Transferência Especial da União ";3110;Identificação das Transferências da União decorrentes de emendas parlamentares individuais
João Pessoa;610095;Fundo Municipal de Saúde de João Pessoa;042026;2026;13210101;Remuneração de Depósitos Bancários - Principal;Lançamento de Receita;94.838,04;500;Recursos não vinculados de Impostos;1002;Identificação das despesas com ações e serviços públicos de saúde
João Pessoa;610095;Fundo Municipal de Saúde de João Pessoa;042026;2026;13210101;Remuneração de Depósitos Bancários - Principal;Lançamento de Receita;56.426;659;"Outros Recursos Vinculados à Saúde ";"Não ";Não Aplicável
João Pessoa;610095;Fundo Municipal de Saúde de João Pessoa;042026;2026;13210101;Remuneração de Depósitos Bancários - Principal;Lançamento de Receita;52.516,99;600;Transferências Fundo a Fundo de Recursos do SUS provenientes do Governo Federal - Bloco de Manutenção das Ações e Serviços Públicos de Saúde;3110;Identificação das Transferências da União decorrentes de emendas parlamentares individuais
João Pessoa;610095;Fundo Municipal de Saúde de João Pessoa;042026;2026;13210101;Remuneração de Depósitos Bancários - Principal;Lançamento de Receita;56.306,33;600;Transferências Fundo a Fundo de Recursos do SUS provenientes do Governo Federal - Bloco de Manutenção das Ações e Serviços Públicos de Saúde;3120;Identificação das Transferências da União decorrentes de emendas parlamentares de bancada
João Pessoa;610095;Fundo Municipal de Saúde de João Pessoa;042026;2026;13210101;Remuneração de Depósitos Bancários - Principal;Lançamento de Receita;127.159,8;605;Assistência financeira da União destinada à complementação ao pagamento dos pisos salariais para profissionais da enfermagem;"Não ";Não Aplicável
João Pessoa;610095;Fundo Municipal de Saúde de João Pessoa;042026;2026;13210101;Remuneração de Depósitos Bancários - Principal;Lançamento de Receita;803.873,65;600;Transferências Fundo a Fundo de Recursos do SUS provenientes do Governo Federal - Bloco de Manutenção das Ações e Serviços Públicos de Saúde;"Não ";Não Aplicável
João Pessoa;610095;Fundo Municipal de Saúde de João Pessoa;032026;2026;13210101;Remuneração de Depósitos Bancários - Principal;Lançamento de Receita;68.428,75;659;"Outros Recursos Vinculados à Saúde ";"Não ";Não Aplicável
João Pessoa;610095;Fundo Municipal de Saúde de João Pessoa;032026;2026;13210101;Remuneração de Depósitos Bancários - Principal;Lançamento de Receita;140.073,8;605;Assistência financeira da União destinada à complementação ao pagamento dos pisos salariais para profissionais da enfermagem;"Não ";Não Aplicável
João Pessoa;610095;Fundo Municipal de Saúde de João Pessoa;032026;2026;13210101;Remuneração de Depósitos Bancários - Principal;Lançamento de Receita;944.292,57;600;Transferências Fundo a Fundo de Recursos do SUS provenientes do Governo Federal - Bloco de Manutenção das Ações e Serviços Públicos de Saúde;"Não ";Não Aplicável
João Pessoa;610095;Fundo Municipal de Saúde de João Pessoa;032026;2026;13210101;Remuneração de Depósitos Bancários - Principal;Lançamento de Receita;126.123,1;500;Recursos não vinculados de Impostos;1002;Identificação das despesas com ações e serviços públicos de saúde
João Pessoa;610095;Fundo Municipal de Saúde de João Pessoa;032026;2026;13210101;Remuneração de Depósitos Bancários - Principal;Lançamento de Receita;76.948,62;600;Transferências Fundo a Fundo de Recursos do SUS provenientes do Governo Federal - Bloco de Manutenção das Ações e Serviços Públicos de Saúde;3130;Identificação das Transferências da União decorrentes de emendas parlamentares de comissão
João Pessoa;610095;Fundo Municipal de Saúde de João Pessoa;032026;2026;13210101;Remuneração de Depósitos Bancários - Principal;Lançamento de Receita;63.282,8;600;Transferências Fundo a Fundo de Recursos do SUS provenientes do Governo Federal - Bloco de Manutenção das Ações e Serviços Públicos de Saúde;3110;Identificação das Transferências da União decorrentes de emendas parlamentares individuais
João Pessoa;610095;Fundo Municipal de Saúde de João Pessoa;032026;2026;13210101;Remuneração de Depósitos Bancários - Principal;Lançamento de Receita;20.120,25;631;"Transferências do Governo Federal referentes a Convênios e outros Repasses vinculados à Saúde ";"Não ";Não Aplicável
João Pessoa;610095;Fundo Municipal de Saúde de João Pessoa;032026;2026;13210101;Remuneração de Depósitos Bancários - Principal;Lançamento de Receita;22.128,19;621;"Transferências Fundo a Fundo de Recursos do SUS provenientes do Governo Estadual ";"Não ";Não Aplicável
João Pessoa;610095;Fundo Municipal de Saúde de João Pessoa;032026;2026;13210101;Remuneração de Depósitos Bancários - Principal;Lançamento de Receita;2.356,73;706;"Transferência Especial da União ";3110;Identificação das Transferências da União decorrentes de emendas parlamentares individuais
João Pessoa;610095;Fundo Municipal de Saúde de João Pessoa;032026;2026;13210101;Remuneração de Depósitos Bancários - Principal;Lançamento de Receita;31.759,91;601;Transferências Fundo a Fundo de Recursos do SUS provenientes do Governo Federal - Bloco de Estruturação da Rede de Serviços Públicos de Saúde;3120;Identificação das Transferências da União decorrentes de emendas parlamentares de bancada
João Pessoa;610095;Fundo Municipal de Saúde de João Pessoa;032026;2026;13210101;Remuneração de Depósitos Bancários - Principal;Lançamento de Receita;63.098,26;600;Transferências Fundo a Fundo de Recursos do SUS provenientes do Governo Federal - Bloco de Manutenção das Ações e Serviços Públicos de Saúde;3120;Identificação das Transferências da União decorrentes de emendas parlamentares de bancada
João Pessoa;610095;Fundo Municipal de Saúde de João Pessoa;032026;2026;13210101;Remuneração de Depósitos Bancários - Principal;Lançamento de Receita;41.348,71;601;Transferências Fundo a Fundo de Recursos do SUS provenientes do Governo Federal - Bloco de Estruturação da Rede de Serviços Públicos de Saúde;"Não ";Não Aplicável
João Pessoa;610095;Fundo Municipal de Saúde de João Pessoa;022026;2026;13210101;Remuneração de Depósitos Bancários - Principal;Lançamento de Receita;17.711,62;621;"Transferências Fundo a Fundo de Recursos do SUS provenientes do Governo Estadual ";"Não ";Não Aplicável
João Pessoa;610095;Fundo Municipal de Saúde de João Pessoa;022026;2026;13210101;Remuneração de Depósitos Bancários - Principal;Lançamento de Receita;62.929,05;600;Transferências Fundo a Fundo de Recursos do SUS provenientes do Governo Federal - Bloco de Manutenção das Ações e Serviços Públicos de Saúde;3130;Identificação das Transferências da União decorrentes de emendas parlamentares de comissão
João Pessoa;610095;Fundo Municipal de Saúde de João Pessoa;022026;2026;13210101;Remuneração de Depósitos Bancários - Principal;Lançamento de Receita;52.934,01;600;Transferências Fundo a Fundo de Recursos do SUS provenientes do Governo Federal - Bloco de Manutenção das Ações e Serviços Públicos de Saúde;3110;Identificação das Transferências da União decorrentes de emendas parlamentares individuais
João Pessoa;610095;Fundo Municipal de Saúde de João Pessoa;022026;2026;13210101;Remuneração de Depósitos Bancários - Principal;Lançamento de Receita;18.410,36;631;"Transferências do Governo Federal referentes a Convênios e outros Repasses vinculados à Saúde ";"Não ";Não Aplicável
João Pessoa;610095;Fundo Municipal de Saúde de João Pessoa;022026;2026;13210101;Remuneração de Depósitos Bancários - Principal;Lançamento de Receita;1.925,98;706;"Transferência Especial da União ";3110;Identificação das Transferências da União decorrentes de emendas parlamentares individuais
João Pessoa;610095;Fundo Municipal de Saúde de João Pessoa;022026;2026;13210101;Remuneração de Depósitos Bancários - Principal;Lançamento de Receita;834.973,99;600;Transferências Fundo a Fundo de Recursos do SUS provenientes do Governo Federal - Bloco de Manutenção das Ações e Serviços Públicos de Saúde;"Não ";Não Aplicável
João Pessoa;610095;Fundo Municipal de Saúde de João Pessoa;022026;2026;13210101;Remuneração de Depósitos Bancários - Principal;Lançamento de Receita;67.716,2;500;Recursos não vinculados de Impostos;1002;Identificação das despesas com ações e serviços públicos de saúde
João Pessoa;610095;Fundo Municipal de Saúde de João Pessoa;022026;2026;13210101;Remuneração de Depósitos Bancários - Principal;Lançamento de Receita;23.696,79;601;Transferências Fundo a Fundo de Recursos do SUS provenientes do Governo Federal - Bloco de Estruturação da Rede de Serviços Públicos de Saúde;3120;Identificação das Transferências da União decorrentes de emendas parlamentares de bancada
João Pessoa;610095;Fundo Municipal de Saúde de João Pessoa;022026;2026;13210101;Remuneração de Depósitos Bancários - Principal;Lançamento de Receita;50.705,55;600;Transferências Fundo a Fundo de Recursos do SUS provenientes do Governo Federal - Bloco de Manutenção das Ações e Serviços Públicos de Saúde;3120;Identificação das Transferências da União decorrentes de emendas parlamentares de bancada
João Pessoa;610095;Fundo Municipal de Saúde de João Pessoa;022026;2026;13210101;Remuneração de Depósitos Bancários - Principal;Lançamento de Receita;58.549,49;659;"Outros Recursos Vinculados à Saúde ";"Não ";Não Aplicável
João Pessoa;610095;Fundo Municipal de Saúde de João Pessoa;022026;2026;13210101;Remuneração de Depósitos Bancários - Principal;Lançamento de Receita;111.148,22;605;Assistência financeira da União destinada à complementação ao pagamento dos pisos salariais para profissionais da enfermagem;"Não ";Não Aplicável
João Pessoa;610095;Fundo Municipal de Saúde de João Pessoa;022026;2026;13210101;Remuneração de Depósitos Bancários - Principal;Lançamento de Receita;33.225,73;601;Transferências Fundo a Fundo de Recursos do SUS provenientes do Governo Federal - Bloco de Estruturação da Rede de Serviços Públicos de Saúde;"Não ";Não Aplicável
João Pessoa;610095;Fundo Municipal de Saúde de João Pessoa;012026;2026;13210101;Remuneração de Depósitos Bancários - Principal;Lançamento de Receita;29.686,35;601;Transferências Fundo a Fundo de Recursos do SUS provenientes do Governo Federal - Bloco de Estruturação da Rede de Serviços Públicos de Saúde;3120;Identificação das Transferências da União decorrentes de emendas parlamentares de bancada
João Pessoa;610095;Fundo Municipal de Saúde de João Pessoa;012026;2026;13210101;Remuneração de Depósitos Bancários - Principal;Lançamento de Receita;69.406,4;659;"Outros Recursos Vinculados à Saúde ";"Não ";Não Aplicável
João Pessoa;610095;Fundo Municipal de Saúde de João Pessoa;012026;2026;13210101;Remuneração de Depósitos Bancários - Principal;Lançamento de Receita;57.727,94;600;Transferências Fundo a Fundo de Recursos do SUS provenientes do Governo Federal - Bloco de Manutenção das Ações e Serviços Públicos de Saúde;3120;Identificação das Transferências da União decorrentes de emendas parlamentares de bancada
João Pessoa;610095;Fundo Municipal de Saúde de João Pessoa;012026;2026;13210101;Remuneração de Depósitos Bancários - Principal;Lançamento de Receita;20.080;631;"Transferências do Governo Federal referentes a Convênios e outros Repasses vinculados à Saúde ";"Não ";Não Aplicável
João Pessoa;610095;Fundo Municipal de Saúde de João Pessoa;012026;2026;13210101;Remuneração de Depósitos Bancários - Principal;Lançamento de Receita;82.357,13;500;Recursos não vinculados de Impostos;1002;Identificação das despesas com ações e serviços públicos de saúde
João Pessoa;610095;Fundo Municipal de Saúde de João Pessoa;012026;2026;13210101;Remuneração de Depósitos Bancários - Principal;Lançamento de Receita;21.907,73;601;Transferências Fundo a Fundo de Recursos do SUS provenientes do Governo Federal - Bloco de Estruturação da Rede de Serviços Públicos de Saúde;"Não ";Não Aplicável
João Pessoa;610095;Fundo Municipal de Saúde de João Pessoa;012026;2026;13210101;Remuneração de Depósitos Bancários - Principal;Lançamento de Receita;72.629,39;600;Transferências Fundo a Fundo de Recursos do SUS provenientes do Governo Federal - Bloco de Manutenção das Ações e Serviços Públicos de Saúde;3130;Identificação das Transferências da União decorrentes de emendas parlamentares de comissão
João Pessoa;610095;Fundo Municipal de Saúde de João Pessoa;012026;2026;13210101;Remuneração de Depósitos Bancários - Principal;Lançamento de Receita;1.008.896,73;600;Transferências Fundo a Fundo de Recursos do SUS provenientes do Governo Federal - Bloco de Manutenção das Ações e Serviços Públicos de Saúde;"Não ";Não Aplicável
João Pessoa;610095;Fundo Municipal de Saúde de João Pessoa;012026;2026;13210101;Remuneração de Depósitos Bancários - Principal;Lançamento de Receita;2.222,87;706;"Transferência Especial da União ";3110;Identificação das Transferências da União decorrentes de emendas parlamentares individuais
João Pessoa;610095;Fundo Municipal de Saúde de João Pessoa;012026;2026;13210101;Remuneração de Depósitos Bancários - Principal;Lançamento de Receita;61.235,51;600;Transferências Fundo a Fundo de Recursos do SUS provenientes do Governo Federal - Bloco de Manutenção das Ações e Serviços Públicos de Saúde;3110;Identificação das Transferências da União decorrentes de emendas parlamentares individuais
João Pessoa;610095;Fundo Municipal de Saúde de João Pessoa;012026;2026;13210101;Remuneração de Depósitos Bancários - Principal;Lançamento de Receita;136.167,99;605;Assistência financeira da União destinada à complementação ao pagamento dos pisos salariais para profissionais da enfermagem;"Não ";Não Aplicável
João Pessoa;610095;Fundo Municipal de Saúde de João Pessoa;012026;2026;13210101;Remuneração de Depósitos Bancários - Principal;Lançamento de Receita;21.693,08;621;"Transferências Fundo a Fundo de Recursos do SUS provenientes do Governo Estadual ";"Não ";Não Aplicável
