municipio;codigo_unidade_gestora;descricao_unidade_gestora;mes_ano;ano;codigo_receita;descricao_receita;tipo_atualizacao_receita;valor;codigo_fonte_recurso;descricao_fonte_recurso;co;descricao_co
Cruz do Espírito Santo;201065;Prefeitura Municipal de Cruz do Espírito Santo;122025;2025;24229901;Outras Transferências de Convênios dos Estados e DF e de Suas Entidades - Principal;Lançamento de Receita;205.461,85;701;Outras Transferências de Convênios ou Repasses dos Estados;"Não ";Não Aplicável
Cruz do Espírito Santo;201065;Prefeitura Municipal de Cruz do Espírito Santo;092025;2025;24229901;Outras Transferências de Convênios dos Estados e DF e de Suas Entidades - Principal;Lançamento de Receita;44.849,12;701;Outras Transferências de Convênios ou Repasses dos Estados;"Não ";Não Aplicável
Cruz do Espírito Santo;201065;Prefeitura Municipal de Cruz do Espírito Santo;082025;2025;24229901;Outras Transferências de Convênios dos Estados e DF e de Suas Entidades - Principal;Lançamento de Receita;56.584,17;701;Outras Transferências de Convênios ou Repasses dos Estados;"Não ";Não Aplicável
Cruz do Espírito Santo;201065;Prefeitura Municipal de Cruz do Espírito Santo;072025;2025;24229901;Outras Transferências de Convênios dos Estados e DF e de Suas Entidades - Principal;Lançamento de Receita;505.235,08;701;Outras Transferências de Convênios ou Repasses dos Estados;"Não ";Não Aplicável
Cruz do Espírito Santo;201065;Prefeitura Municipal de Cruz do Espírito Santo;062025;2025;24229901;Outras Transferências de Convênios dos Estados e DF e de Suas Entidades - Principal;Lançamento de Receita;503.017;701;Outras Transferências de Convênios ou Repasses dos Estados;"Não ";Não Aplicável
Cruz do Espírito Santo;201065;Prefeitura Municipal de Cruz do Espírito Santo;042025;2025;24229901;Outras Transferências de Convênios dos Estados e DF e de Suas Entidades - Principal;Lançamento de Receita;102.730,92;701;Outras Transferências de Convênios ou Repasses dos Estados;"Não ";Não Aplicável
Cruz do Espírito Santo;201065;Prefeitura Municipal de Cruz do Espírito Santo;102025;2025;24149901;Outras Transferências de Convênios da União e de Suas Entidades - Principal;Lançamento de Receita;15.720,31;700;Outras Transferências de Convênios ou Repasses da União;"Não ";Não Aplicável
Cruz do Espírito Santo;201065;Prefeitura Municipal de Cruz do Espírito Santo;092025;2025;24149901;Outras Transferências de Convênios da União e de Suas Entidades - Principal;Lançamento de Receita;1.287.000;700;Outras Transferências de Convênios ou Repasses da União;"Não ";Não Aplicável
Cruz do Espírito Santo;201065;Prefeitura Municipal de Cruz do Espírito Santo;062025;2025;24149901;Outras Transferências de Convênios da União e de Suas Entidades - Principal;Lançamento de Receita;1.210.468,75;700;Outras Transferências de Convênios ou Repasses da União;"Não ";Não Aplicável
Cruz do Espírito Santo;201065;Prefeitura Municipal de Cruz do Espírito Santo;122025;2025;24115111;Transferências de Recursos do Bloco de Estruturação da Rede de Serviços Públicos de Saúde - Atenção Primária - Principal;Lançamento de Receita;2.200.000;601;Transferências Fundo a Fundo de Recursos do SUS provenientes do Governo Federal - Bloco de Estruturação da Rede de Serviços Públicos de Saúde;"Não ";Não Aplicável
Cruz do Espírito Santo;201065;Prefeitura Municipal de Cruz do Espírito Santo;042025;2025;24115111;Transferências de Recursos do Bloco de Estruturação da Rede de Serviços Públicos de Saúde - Atenção Primária - Principal;Lançamento de Receita;81.600;601;Transferências Fundo a Fundo de Recursos do SUS provenientes do Governo Federal - Bloco de Estruturação da Rede de Serviços Públicos de Saúde;"Não ";Não Aplicável
Cruz do Espírito Santo;201065;Prefeitura Municipal de Cruz do Espírito Santo;092025;2025;19999911;Outras Receitas Administradas pela RFB - Principal;Lançamento de Receita;26.248,57;500;Recursos não vinculados de Impostos;"Não ";Não Aplicável
Cruz do Espírito Santo;201065;Prefeitura Municipal de Cruz do Espírito Santo;052025;2025;19999911;Outras Receitas Administradas pela RFB - Principal;Lançamento de Receita;727.396,21;500;Recursos não vinculados de Impostos;"Não ";Não Aplicável
Cruz do Espírito Santo;201065;Prefeitura Municipal de Cruz do Espírito Santo;012025;2025;19999911;Outras Receitas Administradas pela RFB - Principal;Lançamento de Receita;305.345,12;500;Recursos não vinculados de Impostos;"Não ";Não Aplicável
Cruz do Espírito Santo;201065;Prefeitura Municipal de Cruz do Espírito Santo;112025;2025;19219901;Outras Indenizações - Principal;Lançamento de Receita;1.650;500;Recursos não vinculados de Impostos;"Não ";Não Aplicável
Cruz do Espírito Santo;201065;Prefeitura Municipal de Cruz do Espírito Santo;102025;2025;19219901;Outras Indenizações - Principal;Lançamento de Receita;150;500;Recursos não vinculados de Impostos;"Não ";Não Aplicável
Cruz do Espírito Santo;201065;Prefeitura Municipal de Cruz do Espírito Santo;092025;2025;19219901;Outras Indenizações - Principal;Lançamento de Receita;150;500;Recursos não vinculados de Impostos;"Não ";Não Aplicável
Cruz do Espírito Santo;201065;Prefeitura Municipal de Cruz do Espírito Santo;082025;2025;19219901;Outras Indenizações - Principal;Lançamento de Receita;150;500;Recursos não vinculados de Impostos;"Não ";Não Aplicável
Cruz do Espírito Santo;201065;Prefeitura Municipal de Cruz do Espírito Santo;072025;2025;19219901;Outras Indenizações - Principal;Lançamento de Receita;150;500;Recursos não vinculados de Impostos;"Não ";Não Aplicável
Cruz do Espírito Santo;201065;Prefeitura Municipal de Cruz do Espírito Santo;062025;2025;19219901;Outras Indenizações - Principal;Lançamento de Receita;415.998,58;500;Recursos não vinculados de Impostos;"Não ";Não Aplicável
Cruz do Espírito Santo;201065;Prefeitura Municipal de Cruz do Espírito Santo;122025;2025;17515001;Transferências de Recursos do Fundo de Manutenção e Desenvolvimento da Educação Básica e de Valorização dos Profissionais da Educação – FUNDEB - Principal;Lançamento de Receita;489.231,98;540;Transferências do FUNDEB - Impostos e Transferências de Impostos;"Não ";Não Aplicável
Cruz do Espírito Santo;201065;Prefeitura Municipal de Cruz do Espírito Santo;122025;2025;17515001;Transferências de Recursos do Fundo de Manutenção e Desenvolvimento da Educação Básica e de Valorização dos Profissionais da Educação – FUNDEB - Principal;Lançamento de Receita;1.956.927,9;540;Transferências do FUNDEB - Impostos e Transferências de Impostos;1070;Identificação do percentual aplicado no pagamento da remuneração dos profissionais da educação básica em efetivo exercício
Cruz do Espírito Santo;201065;Prefeitura Municipal de Cruz do Espírito Santo;112025;2025;17515001;Transferências de Recursos do Fundo de Manutenção e Desenvolvimento da Educação Básica e de Valorização dos Profissionais da Educação – FUNDEB - Principal;Lançamento de Receita;400.737,08;540;Transferências do FUNDEB - Impostos e Transferências de Impostos;"Não ";Não Aplicável
Cruz do Espírito Santo;201065;Prefeitura Municipal de Cruz do Espírito Santo;112025;2025;17515001;Transferências de Recursos do Fundo de Manutenção e Desenvolvimento da Educação Básica e de Valorização dos Profissionais da Educação – FUNDEB - Principal;Lançamento de Receita;1.602.948,28;540;Transferências do FUNDEB - Impostos e Transferências de Impostos;1070;Identificação do percentual aplicado no pagamento da remuneração dos profissionais da educação básica em efetivo exercício
Cruz do Espírito Santo;201065;Prefeitura Municipal de Cruz do Espírito Santo;102025;2025;17515001;Transferências de Recursos do Fundo de Manutenção e Desenvolvimento da Educação Básica e de Valorização dos Profissionais da Educação – FUNDEB - Principal;Lançamento de Receita;376.472,89;540;Transferências do FUNDEB - Impostos e Transferências de Impostos;"Não ";Não Aplicável
Cruz do Espírito Santo;201065;Prefeitura Municipal de Cruz do Espírito Santo;102025;2025;17515001;Transferências de Recursos do Fundo de Manutenção e Desenvolvimento da Educação Básica e de Valorização dos Profissionais da Educação – FUNDEB - Principal;Lançamento de Receita;1.505.891,56;540;Transferências do FUNDEB - Impostos e Transferências de Impostos;1070;Identificação do percentual aplicado no pagamento da remuneração dos profissionais da educação básica em efetivo exercício
Cruz do Espírito Santo;201065;Prefeitura Municipal de Cruz do Espírito Santo;092025;2025;17515001;Transferências de Recursos do Fundo de Manutenção e Desenvolvimento da Educação Básica e de Valorização dos Profissionais da Educação – FUNDEB - Principal;Lançamento de Receita;1.331.586,19;540;Transferências do FUNDEB - Impostos e Transferências de Impostos;1070;Identificação do percentual aplicado no pagamento da remuneração dos profissionais da educação básica em efetivo exercício
Cruz do Espírito Santo;201065;Prefeitura Municipal de Cruz do Espírito Santo;092025;2025;17515001;Transferências de Recursos do Fundo de Manutenção e Desenvolvimento da Educação Básica e de Valorização dos Profissionais da Educação – FUNDEB - Principal;Lançamento de Receita;332.896,52;540;Transferências do FUNDEB - Impostos e Transferências de Impostos;"Não ";Não Aplicável
Cruz do Espírito Santo;201065;Prefeitura Municipal de Cruz do Espírito Santo;082025;2025;17515001;Transferências de Recursos do Fundo de Manutenção e Desenvolvimento da Educação Básica e de Valorização dos Profissionais da Educação – FUNDEB - Principal;Lançamento de Receita;379.490,25;540;Transferências do FUNDEB - Impostos e Transferências de Impostos;"Não ";Não Aplicável
Cruz do Espírito Santo;201065;Prefeitura Municipal de Cruz do Espírito Santo;082025;2025;17515001;Transferências de Recursos do Fundo de Manutenção e Desenvolvimento da Educação Básica e de Valorização dos Profissionais da Educação – FUNDEB - Principal;Lançamento de Receita;1.517.961,02;540;Transferências do FUNDEB - Impostos e Transferências de Impostos;1070;Identificação do percentual aplicado no pagamento da remuneração dos profissionais da educação básica em efetivo exercício
Cruz do Espírito Santo;201065;Prefeitura Municipal de Cruz do Espírito Santo;072025;2025;17515001;Transferências de Recursos do Fundo de Manutenção e Desenvolvimento da Educação Básica e de Valorização dos Profissionais da Educação – FUNDEB - Principal;Lançamento de Receita;321.702,77;540;Transferências do FUNDEB - Impostos e Transferências de Impostos;"Não ";Não Aplicável
Cruz do Espírito Santo;201065;Prefeitura Municipal de Cruz do Espírito Santo;072025;2025;17515001;Transferências de Recursos do Fundo de Manutenção e Desenvolvimento da Educação Básica e de Valorização dos Profissionais da Educação – FUNDEB - Principal;Lançamento de Receita;1.286.811,15;540;Transferências do FUNDEB - Impostos e Transferências de Impostos;1070;Identificação do percentual aplicado no pagamento da remuneração dos profissionais da educação básica em efetivo exercício
Cruz do Espírito Santo;201065;Prefeitura Municipal de Cruz do Espírito Santo;062025;2025;17515001;Transferências de Recursos do Fundo de Manutenção e Desenvolvimento da Educação Básica e de Valorização dos Profissionais da Educação – FUNDEB - Principal;Lançamento de Receita;403.491,05;540;Transferências do FUNDEB - Impostos e Transferências de Impostos;"Não ";Não Aplicável
Cruz do Espírito Santo;201065;Prefeitura Municipal de Cruz do Espírito Santo;062025;2025;17515001;Transferências de Recursos do Fundo de Manutenção e Desenvolvimento da Educação Básica e de Valorização dos Profissionais da Educação – FUNDEB - Principal;Lançamento de Receita;1.613.964,21;540;Transferências do FUNDEB - Impostos e Transferências de Impostos;1070;Identificação do percentual aplicado no pagamento da remuneração dos profissionais da educação básica em efetivo exercício
Cruz do Espírito Santo;201065;Prefeitura Municipal de Cruz do Espírito Santo;062025;2025;17515001;Transferências de Recursos do Fundo de Manutenção e Desenvolvimento da Educação Básica e de Valorização dos Profissionais da Educação – FUNDEB - Principal;Lançamento de Receita;274,26;541;Transferências do FUNDEB - Complementação da União - VAAF;1070;Identificação do percentual aplicado no pagamento da remuneração dos profissionais da educação básica em efetivo exercício
Cruz do Espírito Santo;201065;Prefeitura Municipal de Cruz do Espírito Santo;062025;2025;17515001;Transferências de Recursos do Fundo de Manutenção e Desenvolvimento da Educação Básica e de Valorização dos Profissionais da Educação – FUNDEB - Principal;Lançamento de Receita;117,54;541;Transferências do FUNDEB - Complementação da União - VAAF;"Não ";Não Aplicável
Cruz do Espírito Santo;201065;Prefeitura Municipal de Cruz do Espírito Santo;052025;2025;17515001;Transferências de Recursos do Fundo de Manutenção e Desenvolvimento da Educação Básica e de Valorização dos Profissionais da Educação – FUNDEB - Principal;Lançamento de Receita;401.250,64;540;Transferências do FUNDEB - Impostos e Transferências de Impostos;"Não ";Não Aplicável
Cruz do Espírito Santo;201065;Prefeitura Municipal de Cruz do Espírito Santo;052025;2025;17515001;Transferências de Recursos do Fundo de Manutenção e Desenvolvimento da Educação Básica e de Valorização dos Profissionais da Educação – FUNDEB - Principal;Lançamento de Receita;1.605.002,7;540;Transferências do FUNDEB - Impostos e Transferências de Impostos;1070;Identificação do percentual aplicado no pagamento da remuneração dos profissionais da educação básica em efetivo exercício
Cruz do Espírito Santo;201065;Prefeitura Municipal de Cruz do Espírito Santo;042025;2025;17515001;Transferências de Recursos do Fundo de Manutenção e Desenvolvimento da Educação Básica e de Valorização dos Profissionais da Educação – FUNDEB - Principal;Lançamento de Receita;1.399.953,05;540;Transferências do FUNDEB - Impostos e Transferências de Impostos;1070;Identificação do percentual aplicado no pagamento da remuneração dos profissionais da educação básica em efetivo exercício
Cruz do Espírito Santo;201065;Prefeitura Municipal de Cruz do Espírito Santo;042025;2025;17515001;Transferências de Recursos do Fundo de Manutenção e Desenvolvimento da Educação Básica e de Valorização dos Profissionais da Educação – FUNDEB - Principal;Lançamento de Receita;349.988,28;540;Transferências do FUNDEB - Impostos e Transferências de Impostos;"Não ";Não Aplicável
Cruz do Espírito Santo;201065;Prefeitura Municipal de Cruz do Espírito Santo;032025;2025;17515001;Transferências de Recursos do Fundo de Manutenção e Desenvolvimento da Educação Básica e de Valorização dos Profissionais da Educação – FUNDEB - Principal;Lançamento de Receita;341.796,58;540;Transferências do FUNDEB - Impostos e Transferências de Impostos;"Não ";Não Aplicável
Cruz do Espírito Santo;201065;Prefeitura Municipal de Cruz do Espírito Santo;032025;2025;17515001;Transferências de Recursos do Fundo de Manutenção e Desenvolvimento da Educação Básica e de Valorização dos Profissionais da Educação – FUNDEB - Principal;Lançamento de Receita;1.367.186,38;540;Transferências do FUNDEB - Impostos e Transferências de Impostos;1070;Identificação do percentual aplicado no pagamento da remuneração dos profissionais da educação básica em efetivo exercício
Cruz do Espírito Santo;201065;Prefeitura Municipal de Cruz do Espírito Santo;022025;2025;17515001;Transferências de Recursos do Fundo de Manutenção e Desenvolvimento da Educação Básica e de Valorização dos Profissionais da Educação – FUNDEB - Principal;Lançamento de Receita;435.900,13;540;Transferências do FUNDEB - Impostos e Transferências de Impostos;"Não ";Não Aplicável
Cruz do Espírito Santo;201065;Prefeitura Municipal de Cruz do Espírito Santo;022025;2025;17515001;Transferências de Recursos do Fundo de Manutenção e Desenvolvimento da Educação Básica e de Valorização dos Profissionais da Educação – FUNDEB - Principal;Lançamento de Receita;1.743.600,35;540;Transferências do FUNDEB - Impostos e Transferências de Impostos;1070;Identificação do percentual aplicado no pagamento da remuneração dos profissionais da educação básica em efetivo exercício
Cruz do Espírito Santo;201065;Prefeitura Municipal de Cruz do Espírito Santo;012025;2025;17515001;Transferências de Recursos do Fundo de Manutenção e Desenvolvimento da Educação Básica e de Valorização dos Profissionais da Educação – FUNDEB - Principal;Lançamento de Receita;379.517,35;540;Transferências do FUNDEB - Impostos e Transferências de Impostos;"Não ";Não Aplicável
Cruz do Espírito Santo;201065;Prefeitura Municipal de Cruz do Espírito Santo;012025;2025;17515001;Transferências de Recursos do Fundo de Manutenção e Desenvolvimento da Educação Básica e de Valorização dos Profissionais da Educação – FUNDEB - Principal;Lançamento de Receita;1.518.069,38;540;Transferências do FUNDEB - Impostos e Transferências de Impostos;1070;Identificação do percentual aplicado no pagamento da remuneração dos profissionais da educação básica em efetivo exercício
Cruz do Espírito Santo;201065;Prefeitura Municipal de Cruz do Espírito Santo;062025;2025;17295101;Transferências de Estados destinadas à Assistência Social - Principal;Lançamento de Receita;15.134,53;701;Outras Transferências de Convênios ou Repasses dos Estados;"Não ";Não Aplicável
Cruz do Espírito Santo;201065;Prefeitura Municipal de Cruz do Espírito Santo;122025;2025;17219801;Transferências Decorrentes de Participação em Outras Receitas de Impostos dos Estados e do Distrito Federal - Principal;Lançamento de Receita;6.038;701;Outras Transferências de Convênios ou Repasses dos Estados;"Não ";Não Aplicável
Cruz do Espírito Santo;201065;Prefeitura Municipal de Cruz do Espírito Santo;112025;2025;17219801;Transferências Decorrentes de Participação em Outras Receitas de Impostos dos Estados e do Distrito Federal - Principal;Lançamento de Receita;4.288;701;Outras Transferências de Convênios ou Repasses dos Estados;"Não ";Não Aplicável
Cruz do Espírito Santo;201065;Prefeitura Municipal de Cruz do Espírito Santo;102025;2025;17219801;Transferências Decorrentes de Participação em Outras Receitas de Impostos dos Estados e do Distrito Federal - Principal;Lançamento de Receita;8.576;701;Outras Transferências de Convênios ou Repasses dos Estados;"Não ";Não Aplicável
Cruz do Espírito Santo;201065;Prefeitura Municipal de Cruz do Espírito Santo;082025;2025;17219801;Transferências Decorrentes de Participação em Outras Receitas de Impostos dos Estados e do Distrito Federal - Principal;Lançamento de Receita;4.288;701;Outras Transferências de Convênios ou Repasses dos Estados;"Não ";Não Aplicável
Cruz do Espírito Santo;201065;Prefeitura Municipal de Cruz do Espírito Santo;072025;2025;17219801;Transferências Decorrentes de Participação em Outras Receitas de Impostos dos Estados e do Distrito Federal - Principal;Lançamento de Receita;4.288;701;Outras Transferências de Convênios ou Repasses dos Estados;"Não ";Não Aplicável
Cruz do Espírito Santo;201065;Prefeitura Municipal de Cruz do Espírito Santo;062025;2025;17219801;Transferências Decorrentes de Participação em Outras Receitas de Impostos dos Estados e do Distrito Federal - Principal;Lançamento de Receita;30.608,42;701;Outras Transferências de Convênios ou Repasses dos Estados;"Não ";Não Aplicável
Cruz do Espírito Santo;201065;Prefeitura Municipal de Cruz do Espírito Santo;052025;2025;17219801;Transferências Decorrentes de Participação em Outras Receitas de Impostos dos Estados e do Distrito Federal - Principal;Lançamento de Receita;4.288;701;Outras Transferências de Convênios ou Repasses dos Estados;"Não ";Não Aplicável
Cruz do Espírito Santo;201065;Prefeitura Municipal de Cruz do Espírito Santo;042025;2025;17219801;Transferências Decorrentes de Participação em Outras Receitas de Impostos dos Estados e do Distrito Federal - Principal;Lançamento de Receita;4.288;701;Outras Transferências de Convênios ou Repasses dos Estados;"Não ";Não Aplicável
Cruz do Espírito Santo;201065;Prefeitura Municipal de Cruz do Espírito Santo;032025;2025;17219801;Transferências Decorrentes de Participação em Outras Receitas de Impostos dos Estados e do Distrito Federal - Principal;Lançamento de Receita;4.288;701;Outras Transferências de Convênios ou Repasses dos Estados;"Não ";Não Aplicável
Cruz do Espírito Santo;201065;Prefeitura Municipal de Cruz do Espírito Santo;022025;2025;17219801;Transferências Decorrentes de Participação em Outras Receitas de Impostos dos Estados e do Distrito Federal - Principal;Lançamento de Receita;4.288;701;Outras Transferências de Convênios ou Repasses dos Estados;"Não ";Não Aplicável
Cruz do Espírito Santo;201065;Prefeitura Municipal de Cruz do Espírito Santo;012025;2025;17219801;Transferências Decorrentes de Participação em Outras Receitas de Impostos dos Estados e do Distrito Federal - Principal;Lançamento de Receita;4.288;701;Outras Transferências de Convênios ou Repasses dos Estados;"Não ";Não Aplicável
Cruz do Espírito Santo;201065;Prefeitura Municipal de Cruz do Espírito Santo;102025;2025;17215301;Cota-Parte da Contribuição de Intervenção no Domínio Econômico - Principal;Lançamento de Receita;5.717,04;500;Recursos não vinculados de Impostos;"Não ";Não Aplicável
Cruz do Espírito Santo;201065;Prefeitura Municipal de Cruz do Espírito Santo;072025;2025;17215301;Cota-Parte da Contribuição de Intervenção no Domínio Econômico - Principal;Lançamento de Receita;5.421,48;500;Recursos não vinculados de Impostos;"Não ";Não Aplicável
Cruz do Espírito Santo;201065;Prefeitura Municipal de Cruz do Espírito Santo;042025;2025;17215301;Cota-Parte da Contribuição de Intervenção no Domínio Econômico - Principal;Lançamento de Receita;4.928,69;500;Recursos não vinculados de Impostos;"Não ";Não Aplicável
Cruz do Espírito Santo;201065;Prefeitura Municipal de Cruz do Espírito Santo;012025;2025;17215301;Cota-Parte da Contribuição de Intervenção no Domínio Econômico - Principal;Lançamento de Receita;5.307,82;500;Recursos não vinculados de Impostos;"Não ";Não Aplicável
Cruz do Espírito Santo;201065;Prefeitura Municipal de Cruz do Espírito Santo;122025;2025;17215201;Cota-Parte do IPI - Municípios - Principal;Lançamento de Receita;96,56;500;Recursos não vinculados de Impostos;"Não ";Não Aplicável
Cruz do Espírito Santo;201065;Prefeitura Municipal de Cruz do Espírito Santo;122025;2025;17215201;Cota-Parte do IPI - Municípios - Principal;Lançamento de Receita;24,15;500;Recursos não vinculados de Impostos;1002;Identificação das despesas com ações e serviços públicos de saúde
Cruz do Espírito Santo;201065;Prefeitura Municipal de Cruz do Espírito Santo;122025;2025;17215201;Cota-Parte do IPI - Municípios - Principal;Lançamento de Receita;40,23;500;Recursos não vinculados de Impostos;1001;Identificação das despesas com manutenção e desenvolvimento do ensino
Cruz do Espírito Santo;201065;Prefeitura Municipal de Cruz do Espírito Santo;112025;2025;17215201;Cota-Parte do IPI - Municípios - Principal;Lançamento de Receita;35,05;500;Recursos não vinculados de Impostos;1001;Identificação das despesas com manutenção e desenvolvimento do ensino
Cruz do Espírito Santo;201065;Prefeitura Municipal de Cruz do Espírito Santo;112025;2025;17215201;Cota-Parte do IPI - Municípios - Principal;Lançamento de Receita;84,11;500;Recursos não vinculados de Impostos;"Não ";Não Aplicável
Cruz do Espírito Santo;201065;Prefeitura Municipal de Cruz do Espírito Santo;112025;2025;17215201;Cota-Parte do IPI - Municípios - Principal;Lançamento de Receita;21,02;500;Recursos não vinculados de Impostos;1002;Identificação das despesas com ações e serviços públicos de saúde
Cruz do Espírito Santo;201065;Prefeitura Municipal de Cruz do Espírito Santo;102025;2025;17215201;Cota-Parte do IPI - Municípios - Principal;Lançamento de Receita;91,35;500;Recursos não vinculados de Impostos;"Não ";Não Aplicável
Cruz do Espírito Santo;201065;Prefeitura Municipal de Cruz do Espírito Santo;102025;2025;17215201;Cota-Parte do IPI - Municípios - Principal;Lançamento de Receita;38,06;500;Recursos não vinculados de Impostos;1001;Identificação das despesas com manutenção e desenvolvimento do ensino
Cruz do Espírito Santo;201065;Prefeitura Municipal de Cruz do Espírito Santo;102025;2025;17215201;Cota-Parte do IPI - Municípios - Principal;Lançamento de Receita;22,83;500;Recursos não vinculados de Impostos;1002;Identificação das despesas com ações e serviços públicos de saúde
Cruz do Espírito Santo;201065;Prefeitura Municipal de Cruz do Espírito Santo;092025;2025;17215201;Cota-Parte do IPI - Municípios - Principal;Lançamento de Receita;38,2;500;Recursos não vinculados de Impostos;1001;Identificação das despesas com manutenção e desenvolvimento do ensino
Cruz do Espírito Santo;201065;Prefeitura Municipal de Cruz do Espírito Santo;092025;2025;17215201;Cota-Parte do IPI - Municípios - Principal;Lançamento de Receita;22,92;500;Recursos não vinculados de Impostos;1002;Identificação das despesas com ações e serviços públicos de saúde
Cruz do Espírito Santo;201065;Prefeitura Municipal de Cruz do Espírito Santo;092025;2025;17215201;Cota-Parte do IPI - Municípios - Principal;Lançamento de Receita;91,68;500;Recursos não vinculados de Impostos;"Não ";Não Aplicável
Cruz do Espírito Santo;201065;Prefeitura Municipal de Cruz do Espírito Santo;082025;2025;17215201;Cota-Parte do IPI - Municípios - Principal;Lançamento de Receita;75,29;500;Recursos não vinculados de Impostos;"Não ";Não Aplicável
Cruz do Espírito Santo;201065;Prefeitura Municipal de Cruz do Espírito Santo;082025;2025;17215201;Cota-Parte do IPI - Municípios - Principal;Lançamento de Receita;31,37;500;Recursos não vinculados de Impostos;1001;Identificação das despesas com manutenção e desenvolvimento do ensino
Cruz do Espírito Santo;201065;Prefeitura Municipal de Cruz do Espírito Santo;082025;2025;17215201;Cota-Parte do IPI - Municípios - Principal;Lançamento de Receita;18,81;500;Recursos não vinculados de Impostos;1002;Identificação das despesas com ações e serviços públicos de saúde
Cruz do Espírito Santo;201065;Prefeitura Municipal de Cruz do Espírito Santo;072025;2025;17215201;Cota-Parte do IPI - Municípios - Principal;Lançamento de Receita;35,49;500;Recursos não vinculados de Impostos;1001;Identificação das despesas com manutenção e desenvolvimento do ensino
Cruz do Espírito Santo;201065;Prefeitura Municipal de Cruz do Espírito Santo;072025;2025;17215201;Cota-Parte do IPI - Municípios - Principal;Lançamento de Receita;21,31;500;Recursos não vinculados de Impostos;1002;Identificação das despesas com ações e serviços públicos de saúde
Cruz do Espírito Santo;201065;Prefeitura Municipal de Cruz do Espírito Santo;072025;2025;17215201;Cota-Parte do IPI - Municípios - Principal;Lançamento de Receita;85,21;500;Recursos não vinculados de Impostos;"Não ";Não Aplicável
Cruz do Espírito Santo;201065;Prefeitura Municipal de Cruz do Espírito Santo;062025;2025;17215201;Cota-Parte do IPI - Municípios - Principal;Lançamento de Receita;38,45;500;Recursos não vinculados de Impostos;1001;Identificação das despesas com manutenção e desenvolvimento do ensino
Cruz do Espírito Santo;201065;Prefeitura Municipal de Cruz do Espírito Santo;062025;2025;17215201;Cota-Parte do IPI - Municípios - Principal;Lançamento de Receita;92,3;500;Recursos não vinculados de Impostos;"Não ";Não Aplicável
Cruz do Espírito Santo;201065;Prefeitura Municipal de Cruz do Espírito Santo;062025;2025;17215201;Cota-Parte do IPI - Municípios - Principal;Lançamento de Receita;23,07;500;Recursos não vinculados de Impostos;1002;Identificação das despesas com ações e serviços públicos de saúde
Cruz do Espírito Santo;201065;Prefeitura Municipal de Cruz do Espírito Santo;052025;2025;17215201;Cota-Parte do IPI - Municípios - Principal;Lançamento de Receita;71,65;500;Recursos não vinculados de Impostos;"Não ";Não Aplicável
Cruz do Espírito Santo;201065;Prefeitura Municipal de Cruz do Espírito Santo;052025;2025;17215201;Cota-Parte do IPI - Municípios - Principal;Lançamento de Receita;17,93;500;Recursos não vinculados de Impostos;1002;Identificação das despesas com ações e serviços públicos de saúde
Cruz do Espírito Santo;201065;Prefeitura Municipal de Cruz do Espírito Santo;052025;2025;17215201;Cota-Parte do IPI - Municípios - Principal;Lançamento de Receita;29,85;500;Recursos não vinculados de Impostos;1001;Identificação das despesas com manutenção e desenvolvimento do ensino
Cruz do Espírito Santo;201065;Prefeitura Municipal de Cruz do Espírito Santo;042025;2025;17215201;Cota-Parte do IPI - Municípios - Principal;Lançamento de Receita;37,23;500;Recursos não vinculados de Impostos;1001;Identificação das despesas com manutenção e desenvolvimento do ensino
Cruz do Espírito Santo;201065;Prefeitura Municipal de Cruz do Espírito Santo;042025;2025;17215201;Cota-Parte do IPI - Municípios - Principal;Lançamento de Receita;22,33;500;Recursos não vinculados de Impostos;1002;Identificação das despesas com ações e serviços públicos de saúde
Cruz do Espírito Santo;201065;Prefeitura Municipal de Cruz do Espírito Santo;042025;2025;17215201;Cota-Parte do IPI - Municípios - Principal;Lançamento de Receita;89,35;500;Recursos não vinculados de Impostos;"Não ";Não Aplicável
Cruz do Espírito Santo;201065;Prefeitura Municipal de Cruz do Espírito Santo;032025;2025;17215201;Cota-Parte do IPI - Municípios - Principal;Lançamento de Receita;21,17;500;Recursos não vinculados de Impostos;1002;Identificação das despesas com ações e serviços públicos de saúde
Cruz do Espírito Santo;201065;Prefeitura Municipal de Cruz do Espírito Santo;032025;2025;17215201;Cota-Parte do IPI - Municípios - Principal;Lançamento de Receita;35,31;500;Recursos não vinculados de Impostos;1001;Identificação das despesas com manutenção e desenvolvimento do ensino
Cruz do Espírito Santo;201065;Prefeitura Municipal de Cruz do Espírito Santo;032025;2025;17215201;Cota-Parte do IPI - Municípios - Principal;Lançamento de Receita;84,73;500;Recursos não vinculados de Impostos;"Não ";Não Aplicável
Cruz do Espírito Santo;201065;Prefeitura Municipal de Cruz do Espírito Santo;022025;2025;17215201;Cota-Parte do IPI - Municípios - Principal;Lançamento de Receita;18,36;500;Recursos não vinculados de Impostos;1002;Identificação das despesas com ações e serviços públicos de saúde
Cruz do Espírito Santo;201065;Prefeitura Municipal de Cruz do Espírito Santo;022025;2025;17215201;Cota-Parte do IPI - Municípios - Principal;Lançamento de Receita;73,44;500;Recursos não vinculados de Impostos;"Não ";Não Aplicável
Cruz do Espírito Santo;201065;Prefeitura Municipal de Cruz do Espírito Santo;022025;2025;17215201;Cota-Parte do IPI - Municípios - Principal;Lançamento de Receita;30,61;500;Recursos não vinculados de Impostos;1001;Identificação das despesas com manutenção e desenvolvimento do ensino
Cruz do Espírito Santo;201065;Prefeitura Municipal de Cruz do Espírito Santo;012025;2025;17215201;Cota-Parte do IPI - Municípios - Principal;Lançamento de Receita;63,31;500;Recursos não vinculados de Impostos;"Não ";Não Aplicável
Cruz do Espírito Santo;201065;Prefeitura Municipal de Cruz do Espírito Santo;012025;2025;17215201;Cota-Parte do IPI - Municípios - Principal;Lançamento de Receita;26,38;500;Recursos não vinculados de Impostos;1001;Identificação das despesas com manutenção e desenvolvimento do ensino
Cruz do Espírito Santo;201065;Prefeitura Municipal de Cruz do Espírito Santo;012025;2025;17215201;Cota-Parte do IPI - Municípios - Principal;Lançamento de Receita;15,83;500;Recursos não vinculados de Impostos;1002;Identificação das despesas com ações e serviços públicos de saúde
Cruz do Espírito Santo;201065;Prefeitura Municipal de Cruz do Espírito Santo;122025;2025;17215101;Cota-Parte do IPVA - Principal;Lançamento de Receita;3.817,15;500;Recursos não vinculados de Impostos;1002;Identificação das despesas com ações e serviços públicos de saúde
Cruz do Espírito Santo;201065;Prefeitura Municipal de Cruz do Espírito Santo;122025;2025;17215101;Cota-Parte do IPVA - Principal;Lançamento de Receita;15.268,63;500;Recursos não vinculados de Impostos;"Não ";Não Aplicável
Cruz do Espírito Santo;201065;Prefeitura Municipal de Cruz do Espírito Santo;122025;2025;17215101;Cota-Parte do IPVA - Principal;Lançamento de Receita;6.361,92;500;Recursos não vinculados de Impostos;1001;Identificação das despesas com manutenção e desenvolvimento do ensino
Cruz do Espírito Santo;201065;Prefeitura Municipal de Cruz do Espírito Santo;112025;2025;17215101;Cota-Parte do IPVA - Principal;Lançamento de Receita;11.007,49;500;Recursos não vinculados de Impostos;"Não ";Não Aplicável
Cruz do Espírito Santo;201065;Prefeitura Municipal de Cruz do Espírito Santo;112025;2025;17215101;Cota-Parte do IPVA - Principal;Lançamento de Receita;4.586,45;500;Recursos não vinculados de Impostos;1001;Identificação das despesas com manutenção e desenvolvimento do ensino
Cruz do Espírito Santo;201065;Prefeitura Municipal de Cruz do Espírito Santo;112025;2025;17215101;Cota-Parte do IPVA - Principal;Lançamento de Receita;2.751,87;500;Recursos não vinculados de Impostos;1002;Identificação das despesas com ações e serviços públicos de saúde
Cruz do Espírito Santo;201065;Prefeitura Municipal de Cruz do Espírito Santo;102025;2025;17215101;Cota-Parte do IPVA - Principal;Lançamento de Receita;18.350,22;500;Recursos não vinculados de Impostos;"Não ";Não Aplicável
Cruz do Espírito Santo;201065;Prefeitura Municipal de Cruz do Espírito Santo;102025;2025;17215101;Cota-Parte do IPVA - Principal;Lançamento de Receita;7.645,94;500;Recursos não vinculados de Impostos;1001;Identificação das despesas com manutenção e desenvolvimento do ensino
Cruz do Espírito Santo;201065;Prefeitura Municipal de Cruz do Espírito Santo;102025;2025;17215101;Cota-Parte do IPVA - Principal;Lançamento de Receita;4.587,58;500;Recursos não vinculados de Impostos;1002;Identificação das despesas com ações e serviços públicos de saúde
Cruz do Espírito Santo;201065;Prefeitura Municipal de Cruz do Espírito Santo;092025;2025;17215101;Cota-Parte do IPVA - Principal;Lançamento de Receita;18.688,76;500;Recursos não vinculados de Impostos;"Não ";Não Aplicável
Cruz do Espírito Santo;201065;Prefeitura Municipal de Cruz do Espírito Santo;092025;2025;17215101;Cota-Parte do IPVA - Principal;Lançamento de Receita;4.672,17;500;Recursos não vinculados de Impostos;1002;Identificação das despesas com ações e serviços públicos de saúde
Cruz do Espírito Santo;201065;Prefeitura Municipal de Cruz do Espírito Santo;092025;2025;17215101;Cota-Parte do IPVA - Principal;Lançamento de Receita;7.786,97;500;Recursos não vinculados de Impostos;1001;Identificação das despesas com manutenção e desenvolvimento do ensino
Cruz do Espírito Santo;201065;Prefeitura Municipal de Cruz do Espírito Santo;082025;2025;17215101;Cota-Parte do IPVA - Principal;Lançamento de Receita;26.352;500;Recursos não vinculados de Impostos;"Não ";Não Aplicável
Cruz do Espírito Santo;201065;Prefeitura Municipal de Cruz do Espírito Santo;082025;2025;17215101;Cota-Parte do IPVA - Principal;Lançamento de Receita;6.587,99;500;Recursos não vinculados de Impostos;1002;Identificação das despesas com ações e serviços públicos de saúde
Cruz do Espírito Santo;201065;Prefeitura Municipal de Cruz do Espírito Santo;082025;2025;17215101;Cota-Parte do IPVA - Principal;Lançamento de Receita;10.980,01;500;Recursos não vinculados de Impostos;1001;Identificação das despesas com manutenção e desenvolvimento do ensino
Cruz do Espírito Santo;201065;Prefeitura Municipal de Cruz do Espírito Santo;072025;2025;17215101;Cota-Parte do IPVA - Principal;Lançamento de Receita;25.926,39;500;Recursos não vinculados de Impostos;"Não ";Não Aplicável
Cruz do Espírito Santo;201065;Prefeitura Municipal de Cruz do Espírito Santo;072025;2025;17215101;Cota-Parte do IPVA - Principal;Lançamento de Receita;6.481,63;500;Recursos não vinculados de Impostos;1002;Identificação das despesas com ações e serviços públicos de saúde
Cruz do Espírito Santo;201065;Prefeitura Municipal de Cruz do Espírito Santo;072025;2025;17215101;Cota-Parte do IPVA - Principal;Lançamento de Receita;10.802,69;500;Recursos não vinculados de Impostos;1001;Identificação das despesas com manutenção e desenvolvimento do ensino
Cruz do Espírito Santo;201065;Prefeitura Municipal de Cruz do Espírito Santo;062025;2025;17215101;Cota-Parte do IPVA - Principal;Lançamento de Receita;6.628,71;500;Recursos não vinculados de Impostos;1002;Identificação das despesas com ações e serviços públicos de saúde
Cruz do Espírito Santo;201065;Prefeitura Municipal de Cruz do Espírito Santo;062025;2025;17215101;Cota-Parte do IPVA - Principal;Lançamento de Receita;11.047,91;500;Recursos não vinculados de Impostos;1001;Identificação das despesas com manutenção e desenvolvimento do ensino
Cruz do Espírito Santo;201065;Prefeitura Municipal de Cruz do Espírito Santo;062025;2025;17215101;Cota-Parte do IPVA - Principal;Lançamento de Receita;26.514,96;500;Recursos não vinculados de Impostos;"Não ";Não Aplicável
Cruz do Espírito Santo;201065;Prefeitura Municipal de Cruz do Espírito Santo;052025;2025;17215101;Cota-Parte do IPVA - Principal;Lançamento de Receita;33.586,41;500;Recursos não vinculados de Impostos;"Não ";Não Aplicável
Cruz do Espírito Santo;201065;Prefeitura Municipal de Cruz do Espírito Santo;052025;2025;17215101;Cota-Parte do IPVA - Principal;Lançamento de Receita;13.994,33;500;Recursos não vinculados de Impostos;1001;Identificação das despesas com manutenção e desenvolvimento do ensino
Cruz do Espírito Santo;201065;Prefeitura Municipal de Cruz do Espírito Santo;052025;2025;17215101;Cota-Parte do IPVA - Principal;Lançamento de Receita;8.396,59;500;Recursos não vinculados de Impostos;1002;Identificação das despesas com ações e serviços públicos de saúde
Cruz do Espírito Santo;201065;Prefeitura Municipal de Cruz do Espírito Santo;042025;2025;17215101;Cota-Parte do IPVA - Principal;Lançamento de Receita;7.649,77;500;Recursos não vinculados de Impostos;1002;Identificação das despesas com ações e serviços públicos de saúde
Cruz do Espírito Santo;201065;Prefeitura Municipal de Cruz do Espírito Santo;042025;2025;17215101;Cota-Parte do IPVA - Principal;Lançamento de Receita;12.749,64;500;Recursos não vinculados de Impostos;1001;Identificação das despesas com manutenção e desenvolvimento do ensino
Cruz do Espírito Santo;201065;Prefeitura Municipal de Cruz do Espírito Santo;042025;2025;17215101;Cota-Parte do IPVA - Principal;Lançamento de Receita;30.599,12;500;Recursos não vinculados de Impostos;"Não ";Não Aplicável
Cruz do Espírito Santo;201065;Prefeitura Municipal de Cruz do Espírito Santo;032025;2025;17215101;Cota-Parte do IPVA - Principal;Lançamento de Receita;6.120,34;500;Recursos não vinculados de Impostos;1002;Identificação das despesas com ações e serviços públicos de saúde
Cruz do Espírito Santo;201065;Prefeitura Municipal de Cruz do Espírito Santo;032025;2025;17215101;Cota-Parte do IPVA - Principal;Lançamento de Receita;10.200,55;500;Recursos não vinculados de Impostos;1001;Identificação das despesas com manutenção e desenvolvimento do ensino
Cruz do Espírito Santo;201065;Prefeitura Municipal de Cruz do Espírito Santo;032025;2025;17215101;Cota-Parte do IPVA - Principal;Lançamento de Receita;24.481,3;500;Recursos não vinculados de Impostos;"Não ";Não Aplicável
Cruz do Espírito Santo;201065;Prefeitura Municipal de Cruz do Espírito Santo;022025;2025;17215101;Cota-Parte do IPVA - Principal;Lançamento de Receita;11.794,35;500;Recursos não vinculados de Impostos;1001;Identificação das despesas com manutenção e desenvolvimento do ensino
Cruz do Espírito Santo;201065;Prefeitura Municipal de Cruz do Espírito Santo;022025;2025;17215101;Cota-Parte do IPVA - Principal;Lançamento de Receita;7.076,62;500;Recursos não vinculados de Impostos;1002;Identificação das despesas com ações e serviços públicos de saúde
Cruz do Espírito Santo;201065;Prefeitura Municipal de Cruz do Espírito Santo;022025;2025;17215101;Cota-Parte do IPVA - Principal;Lançamento de Receita;28.306,46;500;Recursos não vinculados de Impostos;"Não ";Não Aplicável
Cruz do Espírito Santo;201065;Prefeitura Municipal de Cruz do Espírito Santo;012025;2025;17215101;Cota-Parte do IPVA - Principal;Lançamento de Receita;10.559,52;500;Recursos não vinculados de Impostos;1001;Identificação das despesas com manutenção e desenvolvimento do ensino
Cruz do Espírito Santo;201065;Prefeitura Municipal de Cruz do Espírito Santo;012025;2025;17215101;Cota-Parte do IPVA - Principal;Lançamento de Receita;25.342,88;500;Recursos não vinculados de Impostos;"Não ";Não Aplicável
Cruz do Espírito Santo;201065;Prefeitura Municipal de Cruz do Espírito Santo;012025;2025;17215101;Cota-Parte do IPVA - Principal;Lançamento de Receita;6.335,75;500;Recursos não vinculados de Impostos;1002;Identificação das despesas com ações e serviços públicos de saúde
Cruz do Espírito Santo;201065;Prefeitura Municipal de Cruz do Espírito Santo;122025;2025;17215001;Cota-Parte do ICMS - Principal;Lançamento de Receita;130.798,4;500;Recursos não vinculados de Impostos;1001;Identificação das despesas com manutenção e desenvolvimento do ensino
Cruz do Espírito Santo;201065;Prefeitura Municipal de Cruz do Espírito Santo;122025;2025;17215001;Cota-Parte do ICMS - Principal;Dedução do Fundeb;-130.798,37;500;Recursos não vinculados de Impostos;"Não ";Não Aplicável
Cruz do Espírito Santo;201065;Prefeitura Municipal de Cruz do Espírito Santo;122025;2025;17215001;Cota-Parte do ICMS - Principal;Lançamento de Receita;376.045,38;500;Recursos não vinculados de Impostos;"Não ";Não Aplicável
Cruz do Espírito Santo;201065;Prefeitura Municipal de Cruz do Espírito Santo;122025;2025;17215001;Cota-Parte do ICMS - Principal;Lançamento de Receita;147.148,18;500;Recursos não vinculados de Impostos;1002;Identificação das despesas com ações e serviços públicos de saúde
Cruz do Espírito Santo;201065;Prefeitura Municipal de Cruz do Espírito Santo;112025;2025;17215001;Cota-Parte do ICMS - Principal;Lançamento de Receita;91.390,8;500;Recursos não vinculados de Impostos;1001;Identificação das despesas com manutenção e desenvolvimento do ensino
Cruz do Espírito Santo;201065;Prefeitura Municipal de Cruz do Espírito Santo;112025;2025;17215001;Cota-Parte do ICMS - Principal;Lançamento de Receita;262.748,54;500;Recursos não vinculados de Impostos;"Não ";Não Aplicável
Cruz do Espírito Santo;201065;Prefeitura Municipal de Cruz do Espírito Santo;112025;2025;17215001;Cota-Parte do ICMS - Principal;Dedução do Fundeb;-91.390,78;500;Recursos não vinculados de Impostos;"Não ";Não Aplicável
Cruz do Espírito Santo;201065;Prefeitura Municipal de Cruz do Espírito Santo;112025;2025;17215001;Cota-Parte do ICMS - Principal;Lançamento de Receita;102.814,65;500;Recursos não vinculados de Impostos;1002;Identificação das despesas com ações e serviços públicos de saúde
Cruz do Espírito Santo;201065;Prefeitura Municipal de Cruz do Espírito Santo;102025;2025;17215001;Cota-Parte do ICMS - Principal;Lançamento de Receita;290.540,76;500;Recursos não vinculados de Impostos;"Não ";Não Aplicável
Cruz do Espírito Santo;201065;Prefeitura Municipal de Cruz do Espírito Santo;102025;2025;17215001;Cota-Parte do ICMS - Principal;Lançamento de Receita;101.057,65;500;Recursos não vinculados de Impostos;1001;Identificação das despesas com manutenção e desenvolvimento do ensino
Cruz do Espírito Santo;201065;Prefeitura Municipal de Cruz do Espírito Santo;102025;2025;17215001;Cota-Parte do ICMS - Principal;Dedução do Fundeb;-101.057,64;500;Recursos não vinculados de Impostos;"Não ";Não Aplicável
Cruz do Espírito Santo;201065;Prefeitura Municipal de Cruz do Espírito Santo;102025;2025;17215001;Cota-Parte do ICMS - Principal;Lançamento de Receita;113.689,87;500;Recursos não vinculados de Impostos;1002;Identificação das despesas com ações e serviços públicos de saúde
Cruz do Espírito Santo;201065;Prefeitura Municipal de Cruz do Espírito Santo;092025;2025;17215001;Cota-Parte do ICMS - Principal;Lançamento de Receita;318.097,37;500;Recursos não vinculados de Impostos;"Não ";Não Aplicável
Cruz do Espírito Santo;201065;Prefeitura Municipal de Cruz do Espírito Santo;092025;2025;17215001;Cota-Parte do ICMS - Principal;Lançamento de Receita;110.642,57;500;Recursos não vinculados de Impostos;1001;Identificação das despesas com manutenção e desenvolvimento do ensino
Cruz do Espírito Santo;201065;Prefeitura Municipal de Cruz do Espírito Santo;092025;2025;17215001;Cota-Parte do ICMS - Principal;Dedução do Fundeb;-110.642,55;500;Recursos não vinculados de Impostos;"Não ";Não Aplicável
Cruz do Espírito Santo;201065;Prefeitura Municipal de Cruz do Espírito Santo;092025;2025;17215001;Cota-Parte do ICMS - Principal;Lançamento de Receita;124.472,88;500;Recursos não vinculados de Impostos;1002;Identificação das despesas com ações e serviços públicos de saúde
Cruz do Espírito Santo;201065;Prefeitura Municipal de Cruz do Espírito Santo;082025;2025;17215001;Cota-Parte do ICMS - Principal;Lançamento de Receita;130.787,37;500;Recursos não vinculados de Impostos;1002;Identificação das despesas com ações e serviços públicos de saúde
Cruz do Espírito Santo;201065;Prefeitura Municipal de Cruz do Espírito Santo;082025;2025;17215001;Cota-Parte do ICMS - Principal;Dedução do Fundeb;-116.255,43;500;Recursos não vinculados de Impostos;"Não ";Não Aplicável
Cruz do Espírito Santo;201065;Prefeitura Municipal de Cruz do Espírito Santo;082025;2025;17215001;Cota-Parte do ICMS - Principal;Lançamento de Receita;116.255,44;500;Recursos não vinculados de Impostos;1001;Identificação das despesas com manutenção e desenvolvimento do ensino
Cruz do Espírito Santo;201065;Prefeitura Municipal de Cruz do Espírito Santo;082025;2025;17215001;Cota-Parte do ICMS - Principal;Lançamento de Receita;334.234,38;500;Recursos não vinculados de Impostos;"Não ";Não Aplicável
Cruz do Espírito Santo;201065;Prefeitura Municipal de Cruz do Espírito Santo;072025;2025;17215001;Cota-Parte do ICMS - Principal;Lançamento de Receita;108.444,59;500;Recursos não vinculados de Impostos;1001;Identificação das despesas com manutenção e desenvolvimento do ensino
Cruz do Espírito Santo;201065;Prefeitura Municipal de Cruz do Espírito Santo;072025;2025;17215001;Cota-Parte do ICMS - Principal;Lançamento de Receita;122.000,18;500;Recursos não vinculados de Impostos;1002;Identificação das despesas com ações e serviços públicos de saúde
Cruz do Espírito Santo;201065;Prefeitura Municipal de Cruz do Espírito Santo;072025;2025;17215001;Cota-Parte do ICMS - Principal;Dedução do Fundeb;-108.444,57;500;Recursos não vinculados de Impostos;"Não ";Não Aplicável
Cruz do Espírito Santo;201065;Prefeitura Municipal de Cruz do Espírito Santo;072025;2025;17215001;Cota-Parte do ICMS - Principal;Lançamento de Receita;311.778,18;500;Recursos não vinculados de Impostos;"Não ";Não Aplicável
Cruz do Espírito Santo;201065;Prefeitura Municipal de Cruz do Espírito Santo;062025;2025;17215001;Cota-Parte do ICMS - Principal;Dedução do Fundeb;-96.857,05;500;Recursos não vinculados de Impostos;"Não ";Não Aplicável
Cruz do Espírito Santo;201065;Prefeitura Municipal de Cruz do Espírito Santo;062025;2025;17215001;Cota-Parte do ICMS - Principal;Lançamento de Receita;96.857,08;500;Recursos não vinculados de Impostos;1001;Identificação das despesas com manutenção e desenvolvimento do ensino
Cruz do Espírito Santo;201065;Prefeitura Municipal de Cruz do Espírito Santo;062025;2025;17215001;Cota-Parte do ICMS - Principal;Lançamento de Receita;108.964,21;500;Recursos não vinculados de Impostos;1002;Identificação das despesas com ações e serviços públicos de saúde
Cruz do Espírito Santo;201065;Prefeitura Municipal de Cruz do Espírito Santo;062025;2025;17215001;Cota-Parte do ICMS - Principal;Lançamento de Receita;278.464,09;500;Recursos não vinculados de Impostos;"Não ";Não Aplicável
Cruz do Espírito Santo;201065;Prefeitura Municipal de Cruz do Espírito Santo;052025;2025;17215001;Cota-Parte do ICMS - Principal;Lançamento de Receita;107.455,31;500;Recursos não vinculados de Impostos;1002;Identificação das despesas com ações e serviços públicos de saúde
Cruz do Espírito Santo;201065;Prefeitura Municipal de Cruz do Espírito Santo;052025;2025;17215001;Cota-Parte do ICMS - Principal;Lançamento de Receita;274.608;500;Recursos não vinculados de Impostos;"Não ";Não Aplicável
Cruz do Espírito Santo;201065;Prefeitura Municipal de Cruz do Espírito Santo;052025;2025;17215001;Cota-Parte do ICMS - Principal;Dedução do Fundeb;-95.515,81;500;Recursos não vinculados de Impostos;"Não ";Não Aplicável
Cruz do Espírito Santo;201065;Prefeitura Municipal de Cruz do Espírito Santo;052025;2025;17215001;Cota-Parte do ICMS - Principal;Lançamento de Receita;95.515,82;500;Recursos não vinculados de Impostos;1001;Identificação das despesas com manutenção e desenvolvimento do ensino
Cruz do Espírito Santo;201065;Prefeitura Municipal de Cruz do Espírito Santo;042025;2025;17215001;Cota-Parte do ICMS - Principal;Lançamento de Receita;286.156,03;500;Recursos não vinculados de Impostos;"Não ";Não Aplicável
Cruz do Espírito Santo;201065;Prefeitura Municipal de Cruz do Espírito Santo;042025;2025;17215001;Cota-Parte do ICMS - Principal;Lançamento de Receita;99.532,53;500;Recursos não vinculados de Impostos;1001;Identificação das despesas com manutenção e desenvolvimento do ensino
Cruz do Espírito Santo;201065;Prefeitura Municipal de Cruz do Espírito Santo;042025;2025;17215001;Cota-Parte do ICMS - Principal;Dedução do Fundeb;-99.532,51;500;Recursos não vinculados de Impostos;"Não ";Não Aplicável
Cruz do Espírito Santo;201065;Prefeitura Municipal de Cruz do Espírito Santo;042025;2025;17215001;Cota-Parte do ICMS - Principal;Lançamento de Receita;111.974,09;500;Recursos não vinculados de Impostos;1002;Identificação das despesas com ações e serviços públicos de saúde
Cruz do Espírito Santo;201065;Prefeitura Municipal de Cruz do Espírito Santo;032025;2025;17215001;Cota-Parte do ICMS - Principal;Lançamento de Receita;109.987,71;500;Recursos não vinculados de Impostos;1002;Identificação das despesas com ações e serviços públicos de saúde
Cruz do Espírito Santo;201065;Prefeitura Municipal de Cruz do Espírito Santo;032025;2025;17215001;Cota-Parte do ICMS - Principal;Dedução do Fundeb;-97.766,83;500;Recursos não vinculados de Impostos;"Não ";Não Aplicável
Cruz do Espírito Santo;201065;Prefeitura Municipal de Cruz do Espírito Santo;032025;2025;17215001;Cota-Parte do ICMS - Principal;Lançamento de Receita;97.766,83;500;Recursos não vinculados de Impostos;1001;Identificação das despesas com manutenção e desenvolvimento do ensino
Cruz do Espírito Santo;201065;Prefeitura Municipal de Cruz do Espírito Santo;032025;2025;17215001;Cota-Parte do ICMS - Principal;Lançamento de Receita;281.079,66;500;Recursos não vinculados de Impostos;"Não ";Não Aplicável
Cruz do Espírito Santo;201065;Prefeitura Municipal de Cruz do Espírito Santo;022025;2025;17215001;Cota-Parte do ICMS - Principal;Dedução do Fundeb;-93.176,05;500;Recursos não vinculados de Impostos;"Não ";Não Aplicável
Cruz do Espírito Santo;201065;Prefeitura Municipal de Cruz do Espírito Santo;022025;2025;17215001;Cota-Parte do ICMS - Principal;Lançamento de Receita;93.176,09;500;Recursos não vinculados de Impostos;1001;Identificação das despesas com manutenção e desenvolvimento do ensino
Cruz do Espírito Santo;201065;Prefeitura Municipal de Cruz do Espírito Santo;022025;2025;17215001;Cota-Parte do ICMS - Principal;Lançamento de Receita;104.823,07;500;Recursos não vinculados de Impostos;1002;Identificação das despesas com ações e serviços públicos de saúde
Cruz do Espírito Santo;201065;Prefeitura Municipal de Cruz do Espírito Santo;022025;2025;17215001;Cota-Parte do ICMS - Principal;Lançamento de Receita;267.881,23;500;Recursos não vinculados de Impostos;"Não ";Não Aplicável
Cruz do Espírito Santo;201065;Prefeitura Municipal de Cruz do Espírito Santo;012025;2025;17215001;Cota-Parte do ICMS - Principal;Dedução do Fundeb;-106.700,7;500;Recursos não vinculados de Impostos;"Não ";Não Aplicável
Cruz do Espírito Santo;201065;Prefeitura Municipal de Cruz do Espírito Santo;012025;2025;17215001;Cota-Parte do ICMS - Principal;Lançamento de Receita;106.700,73;500;Recursos não vinculados de Impostos;1001;Identificação das despesas com manutenção e desenvolvimento do ensino
Cruz do Espírito Santo;201065;Prefeitura Municipal de Cruz do Espírito Santo;012025;2025;17215001;Cota-Parte do ICMS - Principal;Lançamento de Receita;120.038,33;500;Recursos não vinculados de Impostos;1002;Identificação das despesas com ações e serviços públicos de saúde
Cruz do Espírito Santo;201065;Prefeitura Municipal de Cruz do Espírito Santo;012025;2025;17215001;Cota-Parte do ICMS - Principal;Lançamento de Receita;306.764,6;500;Recursos não vinculados de Impostos;"Não ";Não Aplicável
Cruz do Espírito Santo;201065;Prefeitura Municipal de Cruz do Espírito Santo;122025;2025;17199901;Outras Transferências de Recursos da União e de suas Entidades - Principal;Lançamento de Receita;87,86;719;Transferências da Política Nacional Aldir Blanc de Fomento à Cultura - Lei 14.399/2022;"Não ";Não Aplicável
Cruz do Espírito Santo;201065;Prefeitura Municipal de Cruz do Espírito Santo;122025;2025;17199901;Outras Transferências de Recursos da União e de suas Entidades - Principal;Lançamento de Receita;58,57;715;Transferências Destinadas ao Setor Cultural - LC nº 195/2022 - Art. 5º - Audiovisual;"Não ";Não Aplicável
Cruz do Espírito Santo;201065;Prefeitura Municipal de Cruz do Espírito Santo;122025;2025;17199901;Outras Transferências de Recursos da União e de suas Entidades - Principal;Lançamento de Receita;117,14;749;Outras vinculações de transferências;"Não ";Não Aplicável
Cruz do Espírito Santo;201065;Prefeitura Municipal de Cruz do Espírito Santo;122025;2025;17199901;Outras Transferências de Recursos da União e de suas Entidades - Principal;Lançamento de Receita;29,29;716;Transferências Destinadas ao Setor cultural - LC nº 195/2022 - Art. 8º - Demais Setores da Cultura;"Não ";Não Aplicável
Cruz do Espírito Santo;201065;Prefeitura Municipal de Cruz do Espírito Santo;112025;2025;17199901;Outras Transferências de Recursos da União e de suas Entidades - Principal;Lançamento de Receita;117,14;749;Outras vinculações de transferências;"Não ";Não Aplicável
Cruz do Espírito Santo;201065;Prefeitura Municipal de Cruz do Espírito Santo;112025;2025;17199901;Outras Transferências de Recursos da União e de suas Entidades - Principal;Lançamento de Receita;58,57;715;Transferências Destinadas ao Setor Cultural - LC nº 195/2022 - Art. 5º - Audiovisual;"Não ";Não Aplicável
Cruz do Espírito Santo;201065;Prefeitura Municipal de Cruz do Espírito Santo;112025;2025;17199901;Outras Transferências de Recursos da União e de suas Entidades - Principal;Lançamento de Receita;87,86;719;Transferências da Política Nacional Aldir Blanc de Fomento à Cultura - Lei 14.399/2022;"Não ";Não Aplicável
Cruz do Espírito Santo;201065;Prefeitura Municipal de Cruz do Espírito Santo;112025;2025;17199901;Outras Transferências de Recursos da União e de suas Entidades - Principal;Lançamento de Receita;29,29;716;Transferências Destinadas ao Setor cultural - LC nº 195/2022 - Art. 8º - Demais Setores da Cultura;"Não ";Não Aplicável
Cruz do Espírito Santo;201065;Prefeitura Municipal de Cruz do Espírito Santo;102025;2025;17199901;Outras Transferências de Recursos da União e de suas Entidades - Principal;Lançamento de Receita;87,86;719;Transferências da Política Nacional Aldir Blanc de Fomento à Cultura - Lei 14.399/2022;"Não ";Não Aplicável
Cruz do Espírito Santo;201065;Prefeitura Municipal de Cruz do Espírito Santo;102025;2025;17199901;Outras Transferências de Recursos da União e de suas Entidades - Principal;Lançamento de Receita;58,57;715;Transferências Destinadas ao Setor Cultural - LC nº 195/2022 - Art. 5º - Audiovisual;"Não ";Não Aplicável
Cruz do Espírito Santo;201065;Prefeitura Municipal de Cruz do Espírito Santo;102025;2025;17199901;Outras Transferências de Recursos da União e de suas Entidades - Principal;Lançamento de Receita;117,14;749;Outras vinculações de transferências;"Não ";Não Aplicável
Cruz do Espírito Santo;201065;Prefeitura Municipal de Cruz do Espírito Santo;102025;2025;17199901;Outras Transferências de Recursos da União e de suas Entidades - Principal;Lançamento de Receita;29,29;716;Transferências Destinadas ao Setor cultural - LC nº 195/2022 - Art. 8º - Demais Setores da Cultura;"Não ";Não Aplicável
Cruz do Espírito Santo;201065;Prefeitura Municipal de Cruz do Espírito Santo;092025;2025;17199901;Outras Transferências de Recursos da União e de suas Entidades - Principal;Lançamento de Receita;117,14;749;Outras vinculações de transferências;"Não ";Não Aplicável
Cruz do Espírito Santo;201065;Prefeitura Municipal de Cruz do Espírito Santo;092025;2025;17199901;Outras Transferências de Recursos da União e de suas Entidades - Principal;Lançamento de Receita;58,57;715;Transferências Destinadas ao Setor Cultural - LC nº 195/2022 - Art. 5º - Audiovisual;"Não ";Não Aplicável
Cruz do Espírito Santo;201065;Prefeitura Municipal de Cruz do Espírito Santo;092025;2025;17199901;Outras Transferências de Recursos da União e de suas Entidades - Principal;Lançamento de Receita;87,86;719;Transferências da Política Nacional Aldir Blanc de Fomento à Cultura - Lei 14.399/2022;"Não ";Não Aplicável
Cruz do Espírito Santo;201065;Prefeitura Municipal de Cruz do Espírito Santo;092025;2025;17199901;Outras Transferências de Recursos da União e de suas Entidades - Principal;Lançamento de Receita;29,29;716;Transferências Destinadas ao Setor cultural - LC nº 195/2022 - Art. 8º - Demais Setores da Cultura;"Não ";Não Aplicável
Cruz do Espírito Santo;201065;Prefeitura Municipal de Cruz do Espírito Santo;082025;2025;17199901;Outras Transferências de Recursos da União e de suas Entidades - Principal;Lançamento de Receita;58,57;715;Transferências Destinadas ao Setor Cultural - LC nº 195/2022 - Art. 5º - Audiovisual;"Não ";Não Aplicável
Cruz do Espírito Santo;201065;Prefeitura Municipal de Cruz do Espírito Santo;082025;2025;17199901;Outras Transferências de Recursos da União e de suas Entidades - Principal;Lançamento de Receita;117,14;749;Outras vinculações de transferências;"Não ";Não Aplicável
Cruz do Espírito Santo;201065;Prefeitura Municipal de Cruz do Espírito Santo;082025;2025;17199901;Outras Transferências de Recursos da União e de suas Entidades - Principal;Lançamento de Receita;29,29;716;Transferências Destinadas ao Setor cultural - LC nº 195/2022 - Art. 8º - Demais Setores da Cultura;"Não ";Não Aplicável
Cruz do Espírito Santo;201065;Prefeitura Municipal de Cruz do Espírito Santo;082025;2025;17199901;Outras Transferências de Recursos da União e de suas Entidades - Principal;Lançamento de Receita;87,86;719;Transferências da Política Nacional Aldir Blanc de Fomento à Cultura - Lei 14.399/2022;"Não ";Não Aplicável
Cruz do Espírito Santo;201065;Prefeitura Municipal de Cruz do Espírito Santo;072025;2025;17199901;Outras Transferências de Recursos da União e de suas Entidades - Principal;Lançamento de Receita;87,86;719;Transferências da Política Nacional Aldir Blanc de Fomento à Cultura - Lei 14.399/2022;"Não ";Não Aplicável
Cruz do Espírito Santo;201065;Prefeitura Municipal de Cruz do Espírito Santo;072025;2025;17199901;Outras Transferências de Recursos da União e de suas Entidades - Principal;Lançamento de Receita;58,57;715;Transferências Destinadas ao Setor Cultural - LC nº 195/2022 - Art. 5º - Audiovisual;"Não ";Não Aplicável
Cruz do Espírito Santo;201065;Prefeitura Municipal de Cruz do Espírito Santo;072025;2025;17199901;Outras Transferências de Recursos da União e de suas Entidades - Principal;Lançamento de Receita;29,29;716;Transferências Destinadas ao Setor cultural - LC nº 195/2022 - Art. 8º - Demais Setores da Cultura;"Não ";Não Aplicável
Cruz do Espírito Santo;201065;Prefeitura Municipal de Cruz do Espírito Santo;072025;2025;17199901;Outras Transferências de Recursos da União e de suas Entidades - Principal;Lançamento de Receita;117,14;749;Outras vinculações de transferências;"Não ";Não Aplicável
Cruz do Espírito Santo;201065;Prefeitura Municipal de Cruz do Espírito Santo;062025;2025;17199901;Outras Transferências de Recursos da União e de suas Entidades - Principal;Lançamento de Receita;58,57;715;Transferências Destinadas ao Setor Cultural - LC nº 195/2022 - Art. 5º - Audiovisual;"Não ";Não Aplicável
Cruz do Espírito Santo;201065;Prefeitura Municipal de Cruz do Espírito Santo;062025;2025;17199901;Outras Transferências de Recursos da União e de suas Entidades - Principal;Lançamento de Receita;29,29;716;Transferências Destinadas ao Setor cultural - LC nº 195/2022 - Art. 8º - Demais Setores da Cultura;"Não ";Não Aplicável
Cruz do Espírito Santo;201065;Prefeitura Municipal de Cruz do Espírito Santo;062025;2025;17199901;Outras Transferências de Recursos da União e de suas Entidades - Principal;Lançamento de Receita;87,86;719;Transferências da Política Nacional Aldir Blanc de Fomento à Cultura - Lei 14.399/2022;"Não ";Não Aplicável
Cruz do Espírito Santo;201065;Prefeitura Municipal de Cruz do Espírito Santo;062025;2025;17199901;Outras Transferências de Recursos da União e de suas Entidades - Principal;Lançamento de Receita;117,14;749;Outras vinculações de transferências;"Não ";Não Aplicável
Cruz do Espírito Santo;201065;Prefeitura Municipal de Cruz do Espírito Santo;052025;2025;17199901;Outras Transferências de Recursos da União e de suas Entidades - Principal;Lançamento de Receita;58,57;715;Transferências Destinadas ao Setor Cultural - LC nº 195/2022 - Art. 5º - Audiovisual;"Não ";Não Aplicável
Cruz do Espírito Santo;201065;Prefeitura Municipal de Cruz do Espírito Santo;052025;2025;17199901;Outras Transferências de Recursos da União e de suas Entidades - Principal;Lançamento de Receita;117,14;749;Outras vinculações de transferências;"Não ";Não Aplicável
Cruz do Espírito Santo;201065;Prefeitura Municipal de Cruz do Espírito Santo;052025;2025;17199901;Outras Transferências de Recursos da União e de suas Entidades - Principal;Lançamento de Receita;29,29;716;Transferências Destinadas ao Setor cultural - LC nº 195/2022 - Art. 8º - Demais Setores da Cultura;"Não ";Não Aplicável
Cruz do Espírito Santo;201065;Prefeitura Municipal de Cruz do Espírito Santo;052025;2025;17199901;Outras Transferências de Recursos da União e de suas Entidades - Principal;Lançamento de Receita;87,86;719;Transferências da Política Nacional Aldir Blanc de Fomento à Cultura - Lei 14.399/2022;"Não ";Não Aplicável
Cruz do Espírito Santo;201065;Prefeitura Municipal de Cruz do Espírito Santo;042025;2025;17199901;Outras Transferências de Recursos da União e de suas Entidades - Principal;Lançamento de Receita;29,29;716;Transferências Destinadas ao Setor cultural - LC nº 195/2022 - Art. 8º - Demais Setores da Cultura;"Não ";Não Aplicável
Cruz do Espírito Santo;201065;Prefeitura Municipal de Cruz do Espírito Santo;042025;2025;17199901;Outras Transferências de Recursos da União e de suas Entidades - Principal;Lançamento de Receita;117,14;749;Outras vinculações de transferências;"Não ";Não Aplicável
Cruz do Espírito Santo;201065;Prefeitura Municipal de Cruz do Espírito Santo;042025;2025;17199901;Outras Transferências de Recursos da União e de suas Entidades - Principal;Lançamento de Receita;58,57;715;Transferências Destinadas ao Setor Cultural - LC nº 195/2022 - Art. 5º - Audiovisual;"Não ";Não Aplicável
Cruz do Espírito Santo;201065;Prefeitura Municipal de Cruz do Espírito Santo;042025;2025;17199901;Outras Transferências de Recursos da União e de suas Entidades - Principal;Lançamento de Receita;87,86;719;Transferências da Política Nacional Aldir Blanc de Fomento à Cultura - Lei 14.399/2022;"Não ";Não Aplicável
Cruz do Espírito Santo;201065;Prefeitura Municipal de Cruz do Espírito Santo;032025;2025;17199901;Outras Transferências de Recursos da União e de suas Entidades - Principal;Lançamento de Receita;58,57;715;Transferências Destinadas ao Setor Cultural - LC nº 195/2022 - Art. 5º - Audiovisual;"Não ";Não Aplicável
Cruz do Espírito Santo;201065;Prefeitura Municipal de Cruz do Espírito Santo;032025;2025;17199901;Outras Transferências de Recursos da União e de suas Entidades - Principal;Lançamento de Receita;87,86;719;Transferências da Política Nacional Aldir Blanc de Fomento à Cultura - Lei 14.399/2022;"Não ";Não Aplicável
Cruz do Espírito Santo;201065;Prefeitura Municipal de Cruz do Espírito Santo;032025;2025;17199901;Outras Transferências de Recursos da União e de suas Entidades - Principal;Lançamento de Receita;117,14;749;Outras vinculações de transferências;"Não ";Não Aplicável
Cruz do Espírito Santo;201065;Prefeitura Municipal de Cruz do Espírito Santo;032025;2025;17199901;Outras Transferências de Recursos da União e de suas Entidades - Principal;Lançamento de Receita;29,29;716;Transferências Destinadas ao Setor cultural - LC nº 195/2022 - Art. 8º - Demais Setores da Cultura;"Não ";Não Aplicável
Cruz do Espírito Santo;201065;Prefeitura Municipal de Cruz do Espírito Santo;022025;2025;17199901;Outras Transferências de Recursos da União e de suas Entidades - Principal;Lançamento de Receita;117,14;749;Outras vinculações de transferências;"Não ";Não Aplicável
Cruz do Espírito Santo;201065;Prefeitura Municipal de Cruz do Espírito Santo;022025;2025;17199901;Outras Transferências de Recursos da União e de suas Entidades - Principal;Lançamento de Receita;87,86;719;Transferências da Política Nacional Aldir Blanc de Fomento à Cultura - Lei 14.399/2022;"Não ";Não Aplicável
Cruz do Espírito Santo;201065;Prefeitura Municipal de Cruz do Espírito Santo;022025;2025;17199901;Outras Transferências de Recursos da União e de suas Entidades - Principal;Lançamento de Receita;58,57;715;Transferências Destinadas ao Setor Cultural - LC nº 195/2022 - Art. 5º - Audiovisual;"Não ";Não Aplicável
Cruz do Espírito Santo;201065;Prefeitura Municipal de Cruz do Espírito Santo;022025;2025;17199901;Outras Transferências de Recursos da União e de suas Entidades - Principal;Lançamento de Receita;29,29;716;Transferências Destinadas ao Setor cultural - LC nº 195/2022 - Art. 8º - Demais Setores da Cultura;"Não ";Não Aplicável
Cruz do Espírito Santo;201065;Prefeitura Municipal de Cruz do Espírito Santo;012025;2025;17199901;Outras Transferências de Recursos da União e de suas Entidades - Principal;Lançamento de Receita;29,29;716;Transferências Destinadas ao Setor cultural - LC nº 195/2022 - Art. 8º - Demais Setores da Cultura;"Não ";Não Aplicável
Cruz do Espírito Santo;201065;Prefeitura Municipal de Cruz do Espírito Santo;012025;2025;17199901;Outras Transferências de Recursos da União e de suas Entidades - Principal;Lançamento de Receita;87,86;719;Transferências da Política Nacional Aldir Blanc de Fomento à Cultura - Lei 14.399/2022;"Não ";Não Aplicável
Cruz do Espírito Santo;201065;Prefeitura Municipal de Cruz do Espírito Santo;012025;2025;17199901;Outras Transferências de Recursos da União e de suas Entidades - Principal;Lançamento de Receita;58,57;715;Transferências Destinadas ao Setor Cultural - LC nº 195/2022 - Art. 5º - Audiovisual;"Não ";Não Aplicável
Cruz do Espírito Santo;201065;Prefeitura Municipal de Cruz do Espírito Santo;012025;2025;17199901;Outras Transferências de Recursos da União e de suas Entidades - Principal;Lançamento de Receita;117,14;749;Outras vinculações de transferências;"Não ";Não Aplicável
Cruz do Espírito Santo;201065;Prefeitura Municipal de Cruz do Espírito Santo;122025;2025;17165001;Transferências de Recursos do Fundo Nacional de Assistência Social – FNAS - Principal;Lançamento de Receita;306.197,83;660;Transferência de Recursos do Fundo Nacional de Assistência Social - FNAS;"Não ";Não Aplicável
Cruz do Espírito Santo;201065;Prefeitura Municipal de Cruz do Espírito Santo;112025;2025;17165001;Transferências de Recursos do Fundo Nacional de Assistência Social – FNAS - Principal;Lançamento de Receita;44.972,93;660;Transferência de Recursos do Fundo Nacional de Assistência Social - FNAS;"Não ";Não Aplicável
Cruz do Espírito Santo;201065;Prefeitura Municipal de Cruz do Espírito Santo;102025;2025;17165001;Transferências de Recursos do Fundo Nacional de Assistência Social – FNAS - Principal;Lançamento de Receita;45.687,85;660;Transferência de Recursos do Fundo Nacional de Assistência Social - FNAS;"Não ";Não Aplicável
Cruz do Espírito Santo;201065;Prefeitura Municipal de Cruz do Espírito Santo;092025;2025;17165001;Transferências de Recursos do Fundo Nacional de Assistência Social – FNAS - Principal;Lançamento de Receita;69.250,2;660;Transferência de Recursos do Fundo Nacional de Assistência Social - FNAS;"Não ";Não Aplicável
Cruz do Espírito Santo;201065;Prefeitura Municipal de Cruz do Espírito Santo;082025;2025;17165001;Transferências de Recursos do Fundo Nacional de Assistência Social – FNAS - Principal;Lançamento de Receita;42.444,46;660;Transferência de Recursos do Fundo Nacional de Assistência Social - FNAS;"Não ";Não Aplicável
Cruz do Espírito Santo;201065;Prefeitura Municipal de Cruz do Espírito Santo;072025;2025;17165001;Transferências de Recursos do Fundo Nacional de Assistência Social – FNAS - Principal;Lançamento de Receita;92.292,57;660;Transferência de Recursos do Fundo Nacional de Assistência Social - FNAS;"Não ";Não Aplicável
Cruz do Espírito Santo;201065;Prefeitura Municipal de Cruz do Espírito Santo;062025;2025;17165001;Transferências de Recursos do Fundo Nacional de Assistência Social – FNAS - Principal;Lançamento de Receita;16.378,06;660;Transferência de Recursos do Fundo Nacional de Assistência Social - FNAS;"Não ";Não Aplicável
Cruz do Espírito Santo;201065;Prefeitura Municipal de Cruz do Espírito Santo;052025;2025;17165001;Transferências de Recursos do Fundo Nacional de Assistência Social – FNAS - Principal;Lançamento de Receita;41.733,73;660;Transferência de Recursos do Fundo Nacional de Assistência Social - FNAS;"Não ";Não Aplicável
Cruz do Espírito Santo;201065;Prefeitura Municipal de Cruz do Espírito Santo;042025;2025;17165001;Transferências de Recursos do Fundo Nacional de Assistência Social – FNAS - Principal;Lançamento de Receita;59.760,78;660;Transferência de Recursos do Fundo Nacional de Assistência Social - FNAS;"Não ";Não Aplicável
Cruz do Espírito Santo;201065;Prefeitura Municipal de Cruz do Espírito Santo;032025;2025;17165001;Transferências de Recursos do Fundo Nacional de Assistência Social – FNAS - Principal;Lançamento de Receita;29.188,58;660;Transferência de Recursos do Fundo Nacional de Assistência Social - FNAS;"Não ";Não Aplicável
Cruz do Espírito Santo;201065;Prefeitura Municipal de Cruz do Espírito Santo;022025;2025;17165001;Transferências de Recursos do Fundo Nacional de Assistência Social – FNAS - Principal;Lançamento de Receita;30.106,13;660;Transferência de Recursos do Fundo Nacional de Assistência Social - FNAS;"Não ";Não Aplicável
Cruz do Espírito Santo;201065;Prefeitura Municipal de Cruz do Espírito Santo;012025;2025;17165001;Transferências de Recursos do Fundo Nacional de Assistência Social – FNAS - Principal;Lançamento de Receita;229.468,55;660;Transferência de Recursos do Fundo Nacional de Assistência Social - FNAS;"Não ";Não Aplicável
Cruz do Espírito Santo;201065;Prefeitura Municipal de Cruz do Espírito Santo;042025;2025;17155201;Transferências de Recursos de Complementação da União ao Fundeb – VAAR - Principal;Lançamento de Receita;5.055,88;543;Transferências do FUNDEB - Complementação da União - VAAR;"Não ";Não Aplicável
Cruz do Espírito Santo;201065;Prefeitura Municipal de Cruz do Espírito Santo;042025;2025;17155201;Transferências de Recursos de Complementação da União ao Fundeb – VAAR - Principal;Lançamento de Receita;2.166,8;543;Transferências do FUNDEB - Complementação da União - VAAR;1070;Identificação do percentual aplicado no pagamento da remuneração dos profissionais da educação básica em efetivo exercício
Cruz do Espírito Santo;201065;Prefeitura Municipal de Cruz do Espírito Santo;012025;2025;17155201;Transferências de Recursos de Complementação da União ao Fundeb – VAAR - Principal;Lançamento de Receita;50.206,38;543;Transferências do FUNDEB - Complementação da União - VAAR;"Não ";Não Aplicável
Cruz do Espírito Santo;201065;Prefeitura Municipal de Cruz do Espírito Santo;012025;2025;17155201;Transferências de Recursos de Complementação da União ao Fundeb – VAAR - Principal;Lançamento de Receita;21.517,03;543;Transferências do FUNDEB - Complementação da União - VAAR;1070;Identificação do percentual aplicado no pagamento da remuneração dos profissionais da educação básica em efetivo exercício
Cruz do Espírito Santo;201065;Prefeitura Municipal de Cruz do Espírito Santo;122025;2025;17155101;Transferências de Recursos de Complementação da União ao Fundeb – VAAF - Principal;Lançamento de Receita;75.007,91;541;Transferências do FUNDEB - Complementação da União - VAAF;1070;Identificação do percentual aplicado no pagamento da remuneração dos profissionais da educação básica em efetivo exercício
Cruz do Espírito Santo;201065;Prefeitura Municipal de Cruz do Espírito Santo;122025;2025;17155101;Transferências de Recursos de Complementação da União ao Fundeb – VAAF - Principal;Lançamento de Receita;32.146,24;541;Transferências do FUNDEB - Complementação da União - VAAF;"Não ";Não Aplicável
Cruz do Espírito Santo;201065;Prefeitura Municipal de Cruz do Espírito Santo;112025;2025;17155101;Transferências de Recursos de Complementação da União ao Fundeb – VAAF - Principal;Lançamento de Receita;74.464,95;541;Transferências do FUNDEB - Complementação da União - VAAF;1070;Identificação do percentual aplicado no pagamento da remuneração dos profissionais da educação básica em efetivo exercício
Cruz do Espírito Santo;201065;Prefeitura Municipal de Cruz do Espírito Santo;112025;2025;17155101;Transferências de Recursos de Complementação da União ao Fundeb – VAAF - Principal;Lançamento de Receita;31.913,55;541;Transferências do FUNDEB - Complementação da União - VAAF;"Não ";Não Aplicável
Cruz do Espírito Santo;201065;Prefeitura Municipal de Cruz do Espírito Santo;102025;2025;17155101;Transferências de Recursos de Complementação da União ao Fundeb – VAAF - Principal;Lançamento de Receita;74.414,57;541;Transferências do FUNDEB - Complementação da União - VAAF;1070;Identificação do percentual aplicado no pagamento da remuneração dos profissionais da educação básica em efetivo exercício
Cruz do Espírito Santo;201065;Prefeitura Municipal de Cruz do Espírito Santo;102025;2025;17155101;Transferências de Recursos de Complementação da União ao Fundeb – VAAF - Principal;Lançamento de Receita;31.891,96;541;Transferências do FUNDEB - Complementação da União - VAAF;"Não ";Não Aplicável
Cruz do Espírito Santo;201065;Prefeitura Municipal de Cruz do Espírito Santo;092025;2025;17155101;Transferências de Recursos de Complementação da União ao Fundeb – VAAF - Principal;Lançamento de Receita;77.389,49;541;Transferências do FUNDEB - Complementação da União - VAAF;1070;Identificação do percentual aplicado no pagamento da remuneração dos profissionais da educação básica em efetivo exercício
Cruz do Espírito Santo;201065;Prefeitura Municipal de Cruz do Espírito Santo;092025;2025;17155101;Transferências de Recursos de Complementação da União ao Fundeb – VAAF - Principal;Lançamento de Receita;33.166,92;541;Transferências do FUNDEB - Complementação da União - VAAF;"Não ";Não Aplicável
Cruz do Espírito Santo;201065;Prefeitura Municipal de Cruz do Espírito Santo;082025;2025;17155101;Transferências de Recursos de Complementação da União ao Fundeb – VAAF - Principal;Lançamento de Receita;47.215,27;541;Transferências do FUNDEB - Complementação da União - VAAF;"Não ";Não Aplicável
Cruz do Espírito Santo;201065;Prefeitura Municipal de Cruz do Espírito Santo;082025;2025;17155101;Transferências de Recursos de Complementação da União ao Fundeb – VAAF - Principal;Lançamento de Receita;110.168,97;541;Transferências do FUNDEB - Complementação da União - VAAF;1070;Identificação do percentual aplicado no pagamento da remuneração dos profissionais da educação básica em efetivo exercício
Cruz do Espírito Santo;201065;Prefeitura Municipal de Cruz do Espírito Santo;072025;2025;17155101;Transferências de Recursos de Complementação da União ao Fundeb – VAAF - Principal;Lançamento de Receita;107.477,8;541;Transferências do FUNDEB - Complementação da União - VAAF;1070;Identificação do percentual aplicado no pagamento da remuneração dos profissionais da educação básica em efetivo exercício
Cruz do Espírito Santo;201065;Prefeitura Municipal de Cruz do Espírito Santo;072025;2025;17155101;Transferências de Recursos de Complementação da União ao Fundeb – VAAF - Principal;Lançamento de Receita;46.061,92;541;Transferências do FUNDEB - Complementação da União - VAAF;"Não ";Não Aplicável
Cruz do Espírito Santo;201065;Prefeitura Municipal de Cruz do Espírito Santo;062025;2025;17155101;Transferências de Recursos de Complementação da União ao Fundeb – VAAF - Principal;Lançamento de Receita;107.477,8;541;Transferências do FUNDEB - Complementação da União - VAAF;1070;Identificação do percentual aplicado no pagamento da remuneração dos profissionais da educação básica em efetivo exercício
Cruz do Espírito Santo;201065;Prefeitura Municipal de Cruz do Espírito Santo;062025;2025;17155101;Transferências de Recursos de Complementação da União ao Fundeb – VAAF - Principal;Lançamento de Receita;46.061,92;541;Transferências do FUNDEB - Complementação da União - VAAF;"Não ";Não Aplicável
Cruz do Espírito Santo;201065;Prefeitura Municipal de Cruz do Espírito Santo;052025;2025;17155101;Transferências de Recursos de Complementação da União ao Fundeb – VAAF - Principal;Lançamento de Receita;43.110,96;541;Transferências do FUNDEB - Complementação da União - VAAF;"Não ";Não Aplicável
Cruz do Espírito Santo;201065;Prefeitura Municipal de Cruz do Espírito Santo;052025;2025;17155101;Transferências de Recursos de Complementação da União ao Fundeb – VAAF - Principal;Lançamento de Receita;100.592,24;541;Transferências do FUNDEB - Complementação da União - VAAF;1070;Identificação do percentual aplicado no pagamento da remuneração dos profissionais da educação básica em efetivo exercício
Cruz do Espírito Santo;201065;Prefeitura Municipal de Cruz do Espírito Santo;042025;2025;17155101;Transferências de Recursos de Complementação da União ao Fundeb – VAAF - Principal;Lançamento de Receita;53.121,39;541;Transferências do FUNDEB - Complementação da União - VAAF;"Não ";Não Aplicável
Cruz do Espírito Santo;201065;Prefeitura Municipal de Cruz do Espírito Santo;042025;2025;17155101;Transferências de Recursos de Complementação da União ao Fundeb – VAAF - Principal;Lançamento de Receita;123.949,91;541;Transferências do FUNDEB - Complementação da União - VAAF;1070;Identificação do percentual aplicado no pagamento da remuneração dos profissionais da educação básica em efetivo exercício
Cruz do Espírito Santo;201065;Prefeitura Municipal de Cruz do Espírito Santo;032025;2025;17155101;Transferências de Recursos de Complementação da União ao Fundeb – VAAF - Principal;Lançamento de Receita;83.748,83;541;Transferências do FUNDEB - Complementação da União - VAAF;1070;Identificação do percentual aplicado no pagamento da remuneração dos profissionais da educação básica em efetivo exercício
Cruz do Espírito Santo;201065;Prefeitura Municipal de Cruz do Espírito Santo;032025;2025;17155101;Transferências de Recursos de Complementação da União ao Fundeb – VAAF - Principal;Lançamento de Receita;35.892,35;541;Transferências do FUNDEB - Complementação da União - VAAF;"Não ";Não Aplicável
Cruz do Espírito Santo;201065;Prefeitura Municipal de Cruz do Espírito Santo;022025;2025;17155101;Transferências de Recursos de Complementação da União ao Fundeb – VAAF - Principal;Lançamento de Receita;76.769,76;541;Transferências do FUNDEB - Complementação da União - VAAF;1070;Identificação do percentual aplicado no pagamento da remuneração dos profissionais da educação básica em efetivo exercício
Cruz do Espírito Santo;201065;Prefeitura Municipal de Cruz do Espírito Santo;022025;2025;17155101;Transferências de Recursos de Complementação da União ao Fundeb – VAAF - Principal;Lançamento de Receita;32.901,32;541;Transferências do FUNDEB - Complementação da União - VAAF;"Não ";Não Aplicável
Cruz do Espírito Santo;201065;Prefeitura Municipal de Cruz do Espírito Santo;012025;2025;17155101;Transferências de Recursos de Complementação da União ao Fundeb – VAAF - Principal;Lançamento de Receita;332.505,33;541;Transferências do FUNDEB - Complementação da União - VAAF;1070;Identificação do percentual aplicado no pagamento da remuneração dos profissionais da educação básica em efetivo exercício
Cruz do Espírito Santo;201065;Prefeitura Municipal de Cruz do Espírito Santo;012025;2025;17155101;Transferências de Recursos de Complementação da União ao Fundeb – VAAF - Principal;Lançamento de Receita;142.502,28;541;Transferências do FUNDEB - Complementação da União - VAAF;"Não ";Não Aplicável
Cruz do Espírito Santo;201065;Prefeitura Municipal de Cruz do Espírito Santo;122025;2025;17155001;Transferências de Recursos de Complementação da União ao Fundeb – VAAT - Principal;Lançamento de Receita;169.414,96;542;Transferências do FUNDEB - Complementação da União - VAAT;"Não ";Não Aplicável
Cruz do Espírito Santo;201065;Prefeitura Municipal de Cruz do Espírito Santo;122025;2025;17155001;Transferências de Recursos de Complementação da União ao Fundeb – VAAT - Principal;Lançamento de Receita;508.244,89;542;Transferências do FUNDEB - Complementação da União - VAAT;1070;Identificação do percentual aplicado no pagamento da remuneração dos profissionais da educação básica em efetivo exercício
Cruz do Espírito Santo;201065;Prefeitura Municipal de Cruz do Espírito Santo;112025;2025;17155001;Transferências de Recursos de Complementação da União ao Fundeb – VAAT - Principal;Lançamento de Receita;502.785,33;542;Transferências do FUNDEB - Complementação da União - VAAT;1070;Identificação do percentual aplicado no pagamento da remuneração dos profissionais da educação básica em efetivo exercício
Cruz do Espírito Santo;201065;Prefeitura Municipal de Cruz do Espírito Santo;112025;2025;17155001;Transferências de Recursos de Complementação da União ao Fundeb – VAAT - Principal;Lançamento de Receita;167.595,11;542;Transferências do FUNDEB - Complementação da União - VAAT;"Não ";Não Aplicável
Cruz do Espírito Santo;201065;Prefeitura Municipal de Cruz do Espírito Santo;102025;2025;17155001;Transferências de Recursos de Complementação da União ao Fundeb – VAAT - Principal;Lançamento de Receita;167.595,11;542;Transferências do FUNDEB - Complementação da União - VAAT;"Não ";Não Aplicável
Cruz do Espírito Santo;201065;Prefeitura Municipal de Cruz do Espírito Santo;102025;2025;17155001;Transferências de Recursos de Complementação da União ao Fundeb – VAAT - Principal;Lançamento de Receita;502.785,33;542;Transferências do FUNDEB - Complementação da União - VAAT;1070;Identificação do percentual aplicado no pagamento da remuneração dos profissionais da educação básica em efetivo exercício
Cruz do Espírito Santo;201065;Prefeitura Municipal de Cruz do Espírito Santo;092025;2025;17155001;Transferências de Recursos de Complementação da União ao Fundeb – VAAT - Principal;Lançamento de Receita;167.724,5;542;Transferências do FUNDEB - Complementação da União - VAAT;"Não ";Não Aplicável
Cruz do Espírito Santo;201065;Prefeitura Municipal de Cruz do Espírito Santo;092025;2025;17155001;Transferências de Recursos de Complementação da União ao Fundeb – VAAT - Principal;Lançamento de Receita;503.173,52;542;Transferências do FUNDEB - Complementação da União - VAAT;1070;Identificação do percentual aplicado no pagamento da remuneração dos profissionais da educação básica em efetivo exercício
Cruz do Espírito Santo;201065;Prefeitura Municipal de Cruz do Espírito Santo;082025;2025;17155001;Transferências de Recursos de Complementação da União ao Fundeb – VAAT - Principal;Lançamento de Receita;533.588,85;542;Transferências do FUNDEB - Complementação da União - VAAT;1070;Identificação do percentual aplicado no pagamento da remuneração dos profissionais da educação básica em efetivo exercício
Cruz do Espírito Santo;201065;Prefeitura Municipal de Cruz do Espírito Santo;082025;2025;17155001;Transferências de Recursos de Complementação da União ao Fundeb – VAAT - Principal;Lançamento de Receita;177.862,95;542;Transferências do FUNDEB - Complementação da União - VAAT;"Não ";Não Aplicável
Cruz do Espírito Santo;201065;Prefeitura Municipal de Cruz do Espírito Santo;072025;2025;17155001;Transferências de Recursos de Complementação da União ao Fundeb – VAAT - Principal;Lançamento de Receita;173.518,18;542;Transferências do FUNDEB - Complementação da União - VAAT;"Não ";Não Aplicável
Cruz do Espírito Santo;201065;Prefeitura Municipal de Cruz do Espírito Santo;072025;2025;17155001;Transferências de Recursos de Complementação da União ao Fundeb – VAAT - Principal;Lançamento de Receita;520.554,53;542;Transferências do FUNDEB - Complementação da União - VAAT;1070;Identificação do percentual aplicado no pagamento da remuneração dos profissionais da educação básica em efetivo exercício
Cruz do Espírito Santo;201065;Prefeitura Municipal de Cruz do Espírito Santo;062025;2025;17155001;Transferências de Recursos de Complementação da União ao Fundeb – VAAT - Principal;Lançamento de Receita;520.554,53;542;Transferências do FUNDEB - Complementação da União - VAAT;1070;Identificação do percentual aplicado no pagamento da remuneração dos profissionais da educação básica em efetivo exercício
Cruz do Espírito Santo;201065;Prefeitura Municipal de Cruz do Espírito Santo;062025;2025;17155001;Transferências de Recursos de Complementação da União ao Fundeb – VAAT - Principal;Lançamento de Receita;173.518,18;542;Transferências do FUNDEB - Complementação da União - VAAT;"Não ";Não Aplicável
Cruz do Espírito Santo;201065;Prefeitura Municipal de Cruz do Espírito Santo;052025;2025;17155001;Transferências de Recursos de Complementação da União ao Fundeb – VAAT - Principal;Lançamento de Receita;490.750,43;542;Transferências do FUNDEB - Complementação da União - VAAT;1070;Identificação do percentual aplicado no pagamento da remuneração dos profissionais da educação básica em efetivo exercício
Cruz do Espírito Santo;201065;Prefeitura Municipal de Cruz do Espírito Santo;052025;2025;17155001;Transferências de Recursos de Complementação da União ao Fundeb – VAAT - Principal;Lançamento de Receita;163.583,48;542;Transferências do FUNDEB - Complementação da União - VAAT;"Não ";Não Aplicável
Cruz do Espírito Santo;201065;Prefeitura Municipal de Cruz do Espírito Santo;042025;2025;17155001;Transferências de Recursos de Complementação da União ao Fundeb – VAAT - Principal;Lançamento de Receita;511.603,09;542;Transferências do FUNDEB - Complementação da União - VAAT;1070;Identificação do percentual aplicado no pagamento da remuneração dos profissionais da educação básica em efetivo exercício
Cruz do Espírito Santo;201065;Prefeitura Municipal de Cruz do Espírito Santo;042025;2025;17155001;Transferências de Recursos de Complementação da União ao Fundeb – VAAT - Principal;Lançamento de Receita;170.534,36;542;Transferências do FUNDEB - Complementação da União - VAAT;"Não ";Não Aplicável
Cruz do Espírito Santo;201065;Prefeitura Municipal de Cruz do Espírito Santo;032025;2025;17155001;Transferências de Recursos de Complementação da União ao Fundeb – VAAT - Principal;Lançamento de Receita;129.165,88;542;Transferências do FUNDEB - Complementação da União - VAAT;"Não ";Não Aplicável
Cruz do Espírito Santo;201065;Prefeitura Municipal de Cruz do Espírito Santo;032025;2025;17155001;Transferências de Recursos de Complementação da União ao Fundeb – VAAT - Principal;Lançamento de Receita;387.497,62;542;Transferências do FUNDEB - Complementação da União - VAAT;1070;Identificação do percentual aplicado no pagamento da remuneração dos profissionais da educação básica em efetivo exercício
Cruz do Espírito Santo;201065;Prefeitura Municipal de Cruz do Espírito Santo;022025;2025;17155001;Transferências de Recursos de Complementação da União ao Fundeb – VAAT - Principal;Lançamento de Receita;118.402,05;542;Transferências do FUNDEB - Complementação da União - VAAT;"Não ";Não Aplicável
Cruz do Espírito Santo;201065;Prefeitura Municipal de Cruz do Espírito Santo;022025;2025;17155001;Transferências de Recursos de Complementação da União ao Fundeb – VAAT - Principal;Lançamento de Receita;355.206,16;542;Transferências do FUNDEB - Complementação da União - VAAT;1070;Identificação do percentual aplicado no pagamento da remuneração dos profissionais da educação básica em efetivo exercício
Cruz do Espírito Santo;201065;Prefeitura Municipal de Cruz do Espírito Santo;012025;2025;17155001;Transferências de Recursos de Complementação da União ao Fundeb – VAAT - Principal;Lançamento de Receita;1.381.561,44;542;Transferências do FUNDEB - Complementação da União - VAAT;1070;Identificação do percentual aplicado no pagamento da remuneração dos profissionais da educação básica em efetivo exercício
Cruz do Espírito Santo;201065;Prefeitura Municipal de Cruz do Espírito Santo;012025;2025;17155001;Transferências de Recursos de Complementação da União ao Fundeb – VAAT - Principal;Lançamento de Receita;460.520,48;542;Transferências do FUNDEB - Complementação da União - VAAT;"Não ";Não Aplicável
Cruz do Espírito Santo;201065;Prefeitura Municipal de Cruz do Espírito Santo;102025;2025;17145301;Transferências referentes ao Programa Nacional de Apoio ao Transporte do Escolar – PNATE - Principal;Lançamento de Receita;1.911,07;553;"Transferências de Recursos do FNDE Referentes ao Programa Nacional de Apoio ao Transporte Escolar (PNATE) ";"Não ";Não Aplicável
Cruz do Espírito Santo;201065;Prefeitura Municipal de Cruz do Espírito Santo;092025;2025;17145301;Transferências referentes ao Programa Nacional de Apoio ao Transporte do Escolar – PNATE - Principal;Lançamento de Receita;155.399,66;553;"Transferências de Recursos do FNDE Referentes ao Programa Nacional de Apoio ao Transporte Escolar (PNATE) ";"Não ";Não Aplicável
Cruz do Espírito Santo;201065;Prefeitura Municipal de Cruz do Espírito Santo;032025;2025;17145301;Transferências referentes ao Programa Nacional de Apoio ao Transporte do Escolar – PNATE - Principal;Lançamento de Receita;278.166,88;553;"Transferências de Recursos do FNDE Referentes ao Programa Nacional de Apoio ao Transporte Escolar (PNATE) ";"Não ";Não Aplicável
Cruz do Espírito Santo;201065;Prefeitura Municipal de Cruz do Espírito Santo;122025;2025;17145201;Transferências referentes ao Programa Nacional de Alimentação Escolar – PNAE - Principal;Lançamento de Receita;11.919;552;Transferências de Recursos do FNDE Referentes ao Programa Nacional de Alimentação Escolar (PNAE);"Não ";Não Aplicável
Cruz do Espírito Santo;201065;Prefeitura Municipal de Cruz do Espírito Santo;092025;2025;17145201;Transferências referentes ao Programa Nacional de Alimentação Escolar – PNAE - Principal;Lançamento de Receita;44.513,25;552;Transferências de Recursos do FNDE Referentes ao Programa Nacional de Alimentação Escolar (PNAE);"Não ";Não Aplicável
Cruz do Espírito Santo;201065;Prefeitura Municipal de Cruz do Espírito Santo;082025;2025;17145201;Transferências referentes ao Programa Nacional de Alimentação Escolar – PNAE - Principal;Lançamento de Receita;56.432,25;552;Transferências de Recursos do FNDE Referentes ao Programa Nacional de Alimentação Escolar (PNAE);"Não ";Não Aplicável
Cruz do Espírito Santo;201065;Prefeitura Municipal de Cruz do Espírito Santo;072025;2025;17145201;Transferências referentes ao Programa Nacional de Alimentação Escolar – PNAE - Principal;Lançamento de Receita;56.432,25;552;Transferências de Recursos do FNDE Referentes ao Programa Nacional de Alimentação Escolar (PNAE);"Não ";Não Aplicável
Cruz do Espírito Santo;201065;Prefeitura Municipal de Cruz do Espírito Santo;062025;2025;17145201;Transferências referentes ao Programa Nacional de Alimentação Escolar – PNAE - Principal;Lançamento de Receita;56.432,25;552;Transferências de Recursos do FNDE Referentes ao Programa Nacional de Alimentação Escolar (PNAE);"Não ";Não Aplicável
Cruz do Espírito Santo;201065;Prefeitura Municipal de Cruz do Espírito Santo;052025;2025;17145201;Transferências referentes ao Programa Nacional de Alimentação Escolar – PNAE - Principal;Lançamento de Receita;56.432,25;552;Transferências de Recursos do FNDE Referentes ao Programa Nacional de Alimentação Escolar (PNAE);"Não ";Não Aplicável
Cruz do Espírito Santo;201065;Prefeitura Municipal de Cruz do Espírito Santo;042025;2025;17145201;Transferências referentes ao Programa Nacional de Alimentação Escolar – PNAE - Principal;Lançamento de Receita;56.432,25;552;Transferências de Recursos do FNDE Referentes ao Programa Nacional de Alimentação Escolar (PNAE);"Não ";Não Aplicável
Cruz do Espírito Santo;201065;Prefeitura Municipal de Cruz do Espírito Santo;032025;2025;17145201;Transferências referentes ao Programa Nacional de Alimentação Escolar – PNAE - Principal;Lançamento de Receita;56.432,25;552;Transferências de Recursos do FNDE Referentes ao Programa Nacional de Alimentação Escolar (PNAE);"Não ";Não Aplicável
Cruz do Espírito Santo;201065;Prefeitura Municipal de Cruz do Espírito Santo;022025;2025;17145201;Transferências referentes ao Programa Nacional de Alimentação Escolar – PNAE - Principal;Lançamento de Receita;56.432,25;552;Transferências de Recursos do FNDE Referentes ao Programa Nacional de Alimentação Escolar (PNAE);"Não ";Não Aplicável
Cruz do Espírito Santo;201065;Prefeitura Municipal de Cruz do Espírito Santo;122025;2025;17145001;Transferências do Salário-Educação - Principal;Lançamento de Receita;139.667,07;550;Transferência do Salário-Educação;"Não ";Não Aplicável
Cruz do Espírito Santo;201065;Prefeitura Municipal de Cruz do Espírito Santo;112025;2025;17145001;Transferências do Salário-Educação - Principal;Lançamento de Receita;141.089,37;550;Transferência do Salário-Educação;"Não ";Não Aplicável
Cruz do Espírito Santo;201065;Prefeitura Municipal de Cruz do Espírito Santo;102025;2025;17145001;Transferências do Salário-Educação - Principal;Lançamento de Receita;148.831,59;550;Transferência do Salário-Educação;"Não ";Não Aplicável
Cruz do Espírito Santo;201065;Prefeitura Municipal de Cruz do Espírito Santo;092025;2025;17145001;Transferências do Salário-Educação - Principal;Lançamento de Receita;135.011,56;550;Transferência do Salário-Educação;"Não ";Não Aplicável
Cruz do Espírito Santo;201065;Prefeitura Municipal de Cruz do Espírito Santo;082025;2025;17145001;Transferências do Salário-Educação - Principal;Lançamento de Receita;135.882;550;Transferência do Salário-Educação;"Não ";Não Aplicável
Cruz do Espírito Santo;201065;Prefeitura Municipal de Cruz do Espírito Santo;072025;2025;17145001;Transferências do Salário-Educação - Principal;Lançamento de Receita;292.534,93;550;Transferência do Salário-Educação;"Não ";Não Aplicável
Cruz do Espírito Santo;201065;Prefeitura Municipal de Cruz do Espírito Santo;052025;2025;17145001;Transferências do Salário-Educação - Principal;Lançamento de Receita;139.584,51;550;Transferência do Salário-Educação;"Não ";Não Aplicável
Cruz do Espírito Santo;201065;Prefeitura Municipal de Cruz do Espírito Santo;042025;2025;17145001;Transferências do Salário-Educação - Principal;Lançamento de Receita;139.912,54;550;Transferência do Salário-Educação;"Não ";Não Aplicável
Cruz do Espírito Santo;201065;Prefeitura Municipal de Cruz do Espírito Santo;032025;2025;17145001;Transferências do Salário-Educação - Principal;Lançamento de Receita;141.250,76;550;Transferência do Salário-Educação;"Não ";Não Aplicável
Cruz do Espírito Santo;201065;Prefeitura Municipal de Cruz do Espírito Santo;022025;2025;17145001;Transferências do Salário-Educação - Principal;Lançamento de Receita;141.521,39;550;Transferência do Salário-Educação;"Não ";Não Aplicável
Cruz do Espírito Santo;201065;Prefeitura Municipal de Cruz do Espírito Santo;012025;2025;17145001;Transferências do Salário-Educação - Principal;Lançamento de Receita;254.897,77;550;Transferência do Salário-Educação;"Não ";Não Aplicável
Cruz do Espírito Santo;201065;Prefeitura Municipal de Cruz do Espírito Santo;122025;2025;17135051;Transferências de Recursos do Bloco de Manutenção das Ações e Serviços Públicos de Saúde – Gestão do SUS - Principal;Lançamento de Receita;274.132,68;605;Assistência financeira da União destinada à complementação ao pagamento dos pisos salariais para profissionais da enfermagem;"Não ";Não Aplicável
Cruz do Espírito Santo;201065;Prefeitura Municipal de Cruz do Espírito Santo;112025;2025;17135051;Transferências de Recursos do Bloco de Manutenção das Ações e Serviços Públicos de Saúde – Gestão do SUS - Principal;Lançamento de Receita;90.904,52;605;Assistência financeira da União destinada à complementação ao pagamento dos pisos salariais para profissionais da enfermagem;"Não ";Não Aplicável
Cruz do Espírito Santo;201065;Prefeitura Municipal de Cruz do Espírito Santo;102025;2025;17135051;Transferências de Recursos do Bloco de Manutenção das Ações e Serviços Públicos de Saúde – Gestão do SUS - Principal;Lançamento de Receita;90.904,52;605;Assistência financeira da União destinada à complementação ao pagamento dos pisos salariais para profissionais da enfermagem;"Não ";Não Aplicável
Cruz do Espírito Santo;201065;Prefeitura Municipal de Cruz do Espírito Santo;082025;2025;17135051;Transferências de Recursos do Bloco de Manutenção das Ações e Serviços Públicos de Saúde – Gestão do SUS - Principal;Lançamento de Receita;90.904,52;605;Assistência financeira da União destinada à complementação ao pagamento dos pisos salariais para profissionais da enfermagem;"Não ";Não Aplicável
Cruz do Espírito Santo;201065;Prefeitura Municipal de Cruz do Espírito Santo;072025;2025;17135051;Transferências de Recursos do Bloco de Manutenção das Ações e Serviços Públicos de Saúde – Gestão do SUS - Principal;Lançamento de Receita;181.809,04;605;Assistência financeira da União destinada à complementação ao pagamento dos pisos salariais para profissionais da enfermagem;"Não ";Não Aplicável
Cruz do Espírito Santo;201065;Prefeitura Municipal de Cruz do Espírito Santo;062025;2025;17135051;Transferências de Recursos do Bloco de Manutenção das Ações e Serviços Públicos de Saúde – Gestão do SUS - Principal;Lançamento de Receita;90.667,4;605;Assistência financeira da União destinada à complementação ao pagamento dos pisos salariais para profissionais da enfermagem;"Não ";Não Aplicável
Cruz do Espírito Santo;201065;Prefeitura Municipal de Cruz do Espírito Santo;052025;2025;17135051;Transferências de Recursos do Bloco de Manutenção das Ações e Serviços Públicos de Saúde – Gestão do SUS - Principal;Lançamento de Receita;90.904,52;605;Assistência financeira da União destinada à complementação ao pagamento dos pisos salariais para profissionais da enfermagem;"Não ";Não Aplicável
Cruz do Espírito Santo;201065;Prefeitura Municipal de Cruz do Espírito Santo;042025;2025;17135051;Transferências de Recursos do Bloco de Manutenção das Ações e Serviços Públicos de Saúde – Gestão do SUS - Principal;Lançamento de Receita;90.904,52;605;Assistência financeira da União destinada à complementação ao pagamento dos pisos salariais para profissionais da enfermagem;"Não ";Não Aplicável
Cruz do Espírito Santo;201065;Prefeitura Municipal de Cruz do Espírito Santo;032025;2025;17135051;Transferências de Recursos do Bloco de Manutenção das Ações e Serviços Públicos de Saúde – Gestão do SUS - Principal;Lançamento de Receita;90.404,52;605;Assistência financeira da União destinada à complementação ao pagamento dos pisos salariais para profissionais da enfermagem;"Não ";Não Aplicável
Cruz do Espírito Santo;201065;Prefeitura Municipal de Cruz do Espírito Santo;022025;2025;17135051;Transferências de Recursos do Bloco de Manutenção das Ações e Serviços Públicos de Saúde – Gestão do SUS - Principal;Lançamento de Receita;92.941,88;605;Assistência financeira da União destinada à complementação ao pagamento dos pisos salariais para profissionais da enfermagem;"Não ";Não Aplicável
Cruz do Espírito Santo;201065;Prefeitura Municipal de Cruz do Espírito Santo;012025;2025;17135051;Transferências de Recursos do Bloco de Manutenção das Ações e Serviços Públicos de Saúde – Gestão do SUS - Principal;Lançamento de Receita;89.764,97;605;Assistência financeira da União destinada à complementação ao pagamento dos pisos salariais para profissionais da enfermagem;"Não ";Não Aplicável
Cruz do Espírito Santo;201065;Prefeitura Municipal de Cruz do Espírito Santo;122025;2025;17135041;Transferências de Recursos do Bloco de Manutenção das Ações e Serviços Públicos de Saúde – Assistência Farmacêutica - Principal;Lançamento de Receita;12.536,4;600;Transferências Fundo a Fundo de Recursos do SUS provenientes do Governo Federal - Bloco de Manutenção das Ações e Serviços Públicos de Saúde;"Não ";Não Aplicável
Cruz do Espírito Santo;201065;Prefeitura Municipal de Cruz do Espírito Santo;112025;2025;17135041;Transferências de Recursos do Bloco de Manutenção das Ações e Serviços Públicos de Saúde – Assistência Farmacêutica - Principal;Lançamento de Receita;18.536,4;600;Transferências Fundo a Fundo de Recursos do SUS provenientes do Governo Federal - Bloco de Manutenção das Ações e Serviços Públicos de Saúde;"Não ";Não Aplicável
Cruz do Espírito Santo;201065;Prefeitura Municipal de Cruz do Espírito Santo;102025;2025;17135041;Transferências de Recursos do Bloco de Manutenção das Ações e Serviços Públicos de Saúde – Assistência Farmacêutica - Principal;Lançamento de Receita;18.536,4;600;Transferências Fundo a Fundo de Recursos do SUS provenientes do Governo Federal - Bloco de Manutenção das Ações e Serviços Públicos de Saúde;"Não ";Não Aplicável
Cruz do Espírito Santo;201065;Prefeitura Municipal de Cruz do Espírito Santo;092025;2025;17135041;Transferências de Recursos do Bloco de Manutenção das Ações e Serviços Públicos de Saúde – Assistência Farmacêutica - Principal;Lançamento de Receita;12.536,4;600;Transferências Fundo a Fundo de Recursos do SUS provenientes do Governo Federal - Bloco de Manutenção das Ações e Serviços Públicos de Saúde;"Não ";Não Aplicável
Cruz do Espírito Santo;201065;Prefeitura Municipal de Cruz do Espírito Santo;082025;2025;17135041;Transferências de Recursos do Bloco de Manutenção das Ações e Serviços Públicos de Saúde – Assistência Farmacêutica - Principal;Lançamento de Receita;21.084,3;600;Transferências Fundo a Fundo de Recursos do SUS provenientes do Governo Federal - Bloco de Manutenção das Ações e Serviços Públicos de Saúde;"Não ";Não Aplicável
Cruz do Espírito Santo;201065;Prefeitura Municipal de Cruz do Espírito Santo;072025;2025;17135041;Transferências de Recursos do Bloco de Manutenção das Ações e Serviços Públicos de Saúde – Assistência Farmacêutica - Principal;Lançamento de Receita;12.536,4;600;Transferências Fundo a Fundo de Recursos do SUS provenientes do Governo Federal - Bloco de Manutenção das Ações e Serviços Públicos de Saúde;"Não ";Não Aplicável
Cruz do Espírito Santo;201065;Prefeitura Municipal de Cruz do Espírito Santo;062025;2025;17135041;Transferências de Recursos do Bloco de Manutenção das Ações e Serviços Públicos de Saúde – Assistência Farmacêutica - Principal;Lançamento de Receita;11.111,75;600;Transferências Fundo a Fundo de Recursos do SUS provenientes do Governo Federal - Bloco de Manutenção das Ações e Serviços Públicos de Saúde;"Não ";Não Aplicável
Cruz do Espírito Santo;201065;Prefeitura Municipal de Cruz do Espírito Santo;052025;2025;17135041;Transferências de Recursos do Bloco de Manutenção das Ações e Serviços Públicos de Saúde – Assistência Farmacêutica - Principal;Lançamento de Receita;11.111,75;600;Transferências Fundo a Fundo de Recursos do SUS provenientes do Governo Federal - Bloco de Manutenção das Ações e Serviços Públicos de Saúde;"Não ";Não Aplicável
Cruz do Espírito Santo;201065;Prefeitura Municipal de Cruz do Espírito Santo;042025;2025;17135041;Transferências de Recursos do Bloco de Manutenção das Ações e Serviços Públicos de Saúde – Assistência Farmacêutica - Principal;Lançamento de Receita;11.111,75;600;Transferências Fundo a Fundo de Recursos do SUS provenientes do Governo Federal - Bloco de Manutenção das Ações e Serviços Públicos de Saúde;"Não ";Não Aplicável
Cruz do Espírito Santo;201065;Prefeitura Municipal de Cruz do Espírito Santo;032025;2025;17135041;Transferências de Recursos do Bloco de Manutenção das Ações e Serviços Públicos de Saúde – Assistência Farmacêutica - Principal;Lançamento de Receita;11.111,75;600;Transferências Fundo a Fundo de Recursos do SUS provenientes do Governo Federal - Bloco de Manutenção das Ações e Serviços Públicos de Saúde;"Não ";Não Aplicável
Cruz do Espírito Santo;201065;Prefeitura Municipal de Cruz do Espírito Santo;022025;2025;17135041;Transferências de Recursos do Bloco de Manutenção das Ações e Serviços Públicos de Saúde – Assistência Farmacêutica - Principal;Lançamento de Receita;11.111,75;600;Transferências Fundo a Fundo de Recursos do SUS provenientes do Governo Federal - Bloco de Manutenção das Ações e Serviços Públicos de Saúde;"Não ";Não Aplicável
Cruz do Espírito Santo;201065;Prefeitura Municipal de Cruz do Espírito Santo;012025;2025;17135041;Transferências de Recursos do Bloco de Manutenção das Ações e Serviços Públicos de Saúde – Assistência Farmacêutica - Principal;Lançamento de Receita;11.111,75;600;Transferências Fundo a Fundo de Recursos do SUS provenientes do Governo Federal - Bloco de Manutenção das Ações e Serviços Públicos de Saúde;"Não ";Não Aplicável
Cruz do Espírito Santo;201065;Prefeitura Municipal de Cruz do Espírito Santo;122025;2025;17135031;Transferências de Recursos do Bloco de Manutenção das Ações e Serviços Públicos de Saúde – Vigilância em Saúde - Principal;Lançamento de Receita;36.127,06;600;Transferências Fundo a Fundo de Recursos do SUS provenientes do Governo Federal - Bloco de Manutenção das Ações e Serviços Públicos de Saúde;"Não ";Não Aplicável
Cruz do Espírito Santo;201065;Prefeitura Municipal de Cruz do Espírito Santo;112025;2025;17135031;Transferências de Recursos do Bloco de Manutenção das Ações e Serviços Públicos de Saúde – Vigilância em Saúde - Principal;Lançamento de Receita;12.193,91;600;Transferências Fundo a Fundo de Recursos do SUS provenientes do Governo Federal - Bloco de Manutenção das Ações e Serviços Públicos de Saúde;"Não ";Não Aplicável
Cruz do Espírito Santo;201065;Prefeitura Municipal de Cruz do Espírito Santo;102025;2025;17135031;Transferências de Recursos do Bloco de Manutenção das Ações e Serviços Públicos de Saúde – Vigilância em Saúde - Principal;Lançamento de Receita;11.193,91;600;Transferências Fundo a Fundo de Recursos do SUS provenientes do Governo Federal - Bloco de Manutenção das Ações e Serviços Públicos de Saúde;"Não ";Não Aplicável
Cruz do Espírito Santo;201065;Prefeitura Municipal de Cruz do Espírito Santo;092025;2025;17135031;Transferências de Recursos do Bloco de Manutenção das Ações e Serviços Públicos de Saúde – Vigilância em Saúde - Principal;Lançamento de Receita;12.193,91;600;Transferências Fundo a Fundo de Recursos do SUS provenientes do Governo Federal - Bloco de Manutenção das Ações e Serviços Públicos de Saúde;"Não ";Não Aplicável
Cruz do Espírito Santo;201065;Prefeitura Municipal de Cruz do Espírito Santo;082025;2025;17135031;Transferências de Recursos do Bloco de Manutenção das Ações e Serviços Públicos de Saúde – Vigilância em Saúde - Principal;Lançamento de Receita;13.193,91;600;Transferências Fundo a Fundo de Recursos do SUS provenientes do Governo Federal - Bloco de Manutenção das Ações e Serviços Públicos de Saúde;"Não ";Não Aplicável
Cruz do Espírito Santo;201065;Prefeitura Municipal de Cruz do Espírito Santo;072025;2025;17135031;Transferências de Recursos do Bloco de Manutenção das Ações e Serviços Públicos de Saúde – Vigilância em Saúde - Principal;Lançamento de Receita;18.288,37;600;Transferências Fundo a Fundo de Recursos do SUS provenientes do Governo Federal - Bloco de Manutenção das Ações e Serviços Públicos de Saúde;"Não ";Não Aplicável
Cruz do Espírito Santo;201065;Prefeitura Municipal de Cruz do Espírito Santo;062025;2025;17135031;Transferências de Recursos do Bloco de Manutenção das Ações e Serviços Públicos de Saúde – Vigilância em Saúde - Principal;Lançamento de Receita;10.099,45;600;Transferências Fundo a Fundo de Recursos do SUS provenientes do Governo Federal - Bloco de Manutenção das Ações e Serviços Públicos de Saúde;"Não ";Não Aplicável
Cruz do Espírito Santo;201065;Prefeitura Municipal de Cruz do Espírito Santo;052025;2025;17135031;Transferências de Recursos do Bloco de Manutenção das Ações e Serviços Públicos de Saúde – Vigilância em Saúde - Principal;Lançamento de Receita;11.193,91;600;Transferências Fundo a Fundo de Recursos do SUS provenientes do Governo Federal - Bloco de Manutenção das Ações e Serviços Públicos de Saúde;"Não ";Não Aplicável
Cruz do Espírito Santo;201065;Prefeitura Municipal de Cruz do Espírito Santo;042025;2025;17135031;Transferências de Recursos do Bloco de Manutenção das Ações e Serviços Públicos de Saúde – Vigilância em Saúde - Principal;Lançamento de Receita;30.339,95;600;Transferências Fundo a Fundo de Recursos do SUS provenientes do Governo Federal - Bloco de Manutenção das Ações e Serviços Públicos de Saúde;"Não ";Não Aplicável
Cruz do Espírito Santo;201065;Prefeitura Municipal de Cruz do Espírito Santo;032025;2025;17135031;Transferências de Recursos do Bloco de Manutenção das Ações e Serviços Públicos de Saúde – Vigilância em Saúde - Principal;Lançamento de Receita;11.193,91;600;Transferências Fundo a Fundo de Recursos do SUS provenientes do Governo Federal - Bloco de Manutenção das Ações e Serviços Públicos de Saúde;"Não ";Não Aplicável
Cruz do Espírito Santo;201065;Prefeitura Municipal de Cruz do Espírito Santo;022025;2025;17135031;Transferências de Recursos do Bloco de Manutenção das Ações e Serviços Públicos de Saúde – Vigilância em Saúde - Principal;Lançamento de Receita;11.193,91;600;Transferências Fundo a Fundo de Recursos do SUS provenientes do Governo Federal - Bloco de Manutenção das Ações e Serviços Públicos de Saúde;"Não ";Não Aplicável
Cruz do Espírito Santo;201065;Prefeitura Municipal de Cruz do Espírito Santo;012025;2025;17135031;Transferências de Recursos do Bloco de Manutenção das Ações e Serviços Públicos de Saúde – Vigilância em Saúde - Principal;Lançamento de Receita;9.419,4;600;Transferências Fundo a Fundo de Recursos do SUS provenientes do Governo Federal - Bloco de Manutenção das Ações e Serviços Públicos de Saúde;"Não ";Não Aplicável
Cruz do Espírito Santo;201065;Prefeitura Municipal de Cruz do Espírito Santo;122025;2025;17135021;Transferências de Recursos do Bloco de Manutenção das Ações e Serviços Públicos de Saúde – Atenção Especializada - Principal;Lançamento de Receita;38.975,65;600;Transferências Fundo a Fundo de Recursos do SUS provenientes do Governo Federal - Bloco de Manutenção das Ações e Serviços Públicos de Saúde;"Não ";Não Aplicável
Cruz do Espírito Santo;201065;Prefeitura Municipal de Cruz do Espírito Santo;112025;2025;17135021;Transferências de Recursos do Bloco de Manutenção das Ações e Serviços Públicos de Saúde – Atenção Especializada - Principal;Lançamento de Receita;38.975,65;600;Transferências Fundo a Fundo de Recursos do SUS provenientes do Governo Federal - Bloco de Manutenção das Ações e Serviços Públicos de Saúde;"Não ";Não Aplicável
Cruz do Espírito Santo;201065;Prefeitura Municipal de Cruz do Espírito Santo;102025;2025;17135021;Transferências de Recursos do Bloco de Manutenção das Ações e Serviços Públicos de Saúde – Atenção Especializada - Principal;Lançamento de Receita;38.975,65;600;Transferências Fundo a Fundo de Recursos do SUS provenientes do Governo Federal - Bloco de Manutenção das Ações e Serviços Públicos de Saúde;"Não ";Não Aplicável
Cruz do Espírito Santo;201065;Prefeitura Municipal de Cruz do Espírito Santo;092025;2025;17135021;Transferências de Recursos do Bloco de Manutenção das Ações e Serviços Públicos de Saúde – Atenção Especializada - Principal;Lançamento de Receita;38.975,65;600;Transferências Fundo a Fundo de Recursos do SUS provenientes do Governo Federal - Bloco de Manutenção das Ações e Serviços Públicos de Saúde;"Não ";Não Aplicável
Cruz do Espírito Santo;201065;Prefeitura Municipal de Cruz do Espírito Santo;082025;2025;17135021;Transferências de Recursos do Bloco de Manutenção das Ações e Serviços Públicos de Saúde – Atenção Especializada - Principal;Lançamento de Receita;38.975,65;600;Transferências Fundo a Fundo de Recursos do SUS provenientes do Governo Federal - Bloco de Manutenção das Ações e Serviços Públicos de Saúde;"Não ";Não Aplicável
Cruz do Espírito Santo;201065;Prefeitura Municipal de Cruz do Espírito Santo;072025;2025;17135021;Transferências de Recursos do Bloco de Manutenção das Ações e Serviços Públicos de Saúde – Atenção Especializada - Principal;Lançamento de Receita;38.975,65;600;Transferências Fundo a Fundo de Recursos do SUS provenientes do Governo Federal - Bloco de Manutenção das Ações e Serviços Públicos de Saúde;"Não ";Não Aplicável
Cruz do Espírito Santo;201065;Prefeitura Municipal de Cruz do Espírito Santo;062025;2025;17135021;Transferências de Recursos do Bloco de Manutenção das Ações e Serviços Públicos de Saúde – Atenção Especializada - Principal;Lançamento de Receita;38.975,65;600;Transferências Fundo a Fundo de Recursos do SUS provenientes do Governo Federal - Bloco de Manutenção das Ações e Serviços Públicos de Saúde;"Não ";Não Aplicável
Cruz do Espírito Santo;201065;Prefeitura Municipal de Cruz do Espírito Santo;052025;2025;17135021;Transferências de Recursos do Bloco de Manutenção das Ações e Serviços Públicos de Saúde – Atenção Especializada - Principal;Lançamento de Receita;38.975,65;600;Transferências Fundo a Fundo de Recursos do SUS provenientes do Governo Federal - Bloco de Manutenção das Ações e Serviços Públicos de Saúde;"Não ";Não Aplicável
Cruz do Espírito Santo;201065;Prefeitura Municipal de Cruz do Espírito Santo;042025;2025;17135021;Transferências de Recursos do Bloco de Manutenção das Ações e Serviços Públicos de Saúde – Atenção Especializada - Principal;Lançamento de Receita;38.975,65;600;Transferências Fundo a Fundo de Recursos do SUS provenientes do Governo Federal - Bloco de Manutenção das Ações e Serviços Públicos de Saúde;"Não ";Não Aplicável
Cruz do Espírito Santo;201065;Prefeitura Municipal de Cruz do Espírito Santo;032025;2025;17135021;Transferências de Recursos do Bloco de Manutenção das Ações e Serviços Públicos de Saúde – Atenção Especializada - Principal;Lançamento de Receita;38.975,65;600;Transferências Fundo a Fundo de Recursos do SUS provenientes do Governo Federal - Bloco de Manutenção das Ações e Serviços Públicos de Saúde;"Não ";Não Aplicável
Cruz do Espírito Santo;201065;Prefeitura Municipal de Cruz do Espírito Santo;022025;2025;17135021;Transferências de Recursos do Bloco de Manutenção das Ações e Serviços Públicos de Saúde – Atenção Especializada - Principal;Lançamento de Receita;38.975,65;600;Transferências Fundo a Fundo de Recursos do SUS provenientes do Governo Federal - Bloco de Manutenção das Ações e Serviços Públicos de Saúde;"Não ";Não Aplicável
Cruz do Espírito Santo;201065;Prefeitura Municipal de Cruz do Espírito Santo;012025;2025;17135021;Transferências de Recursos do Bloco de Manutenção das Ações e Serviços Públicos de Saúde – Atenção Especializada - Principal;Lançamento de Receita;38.975,65;600;Transferências Fundo a Fundo de Recursos do SUS provenientes do Governo Federal - Bloco de Manutenção das Ações e Serviços Públicos de Saúde;"Não ";Não Aplicável
Cruz do Espírito Santo;201065;Prefeitura Municipal de Cruz do Espírito Santo;122025;2025;17135011;Transferências de Recursos do Bloco de Manutenção das Ações e Serviços Públicos de Saúde – Atenção Primária - Principal;Lançamento de Receita;282.348;604;Transferências provenientes do Governo Federal destinadas ao vencimento dos agentes comunitários de saúde e dos agentes de combate às endemias;"Não ";Não Aplicável
Cruz do Espírito Santo;201065;Prefeitura Municipal de Cruz do Espírito Santo;122025;2025;17135011;Transferências de Recursos do Bloco de Manutenção das Ações e Serviços Públicos de Saúde – Atenção Primária - Principal;Lançamento de Receita;2.292.315,96;600;Transferências Fundo a Fundo de Recursos do SUS provenientes do Governo Federal - Bloco de Manutenção das Ações e Serviços Públicos de Saúde;"Não ";Não Aplicável
Cruz do Espírito Santo;201065;Prefeitura Municipal de Cruz do Espírito Santo;112025;2025;17135011;Transferências de Recursos do Bloco de Manutenção das Ações e Serviços Públicos de Saúde – Atenção Primária - Principal;Lançamento de Receita;362.318,09;600;Transferências Fundo a Fundo de Recursos do SUS provenientes do Governo Federal - Bloco de Manutenção das Ações e Serviços Públicos de Saúde;"Não ";Não Aplicável
Cruz do Espírito Santo;201065;Prefeitura Municipal de Cruz do Espírito Santo;112025;2025;17135011;Transferências de Recursos do Bloco de Manutenção das Ações e Serviços Públicos de Saúde – Atenção Primária - Principal;Lançamento de Receita;94.116;604;Transferências provenientes do Governo Federal destinadas ao vencimento dos agentes comunitários de saúde e dos agentes de combate às endemias;"Não ";Não Aplicável
Cruz do Espírito Santo;201065;Prefeitura Municipal de Cruz do Espírito Santo;102025;2025;17135011;Transferências de Recursos do Bloco de Manutenção das Ações e Serviços Públicos de Saúde – Atenção Primária - Principal;Lançamento de Receita;3.157.318,09;600;Transferências Fundo a Fundo de Recursos do SUS provenientes do Governo Federal - Bloco de Manutenção das Ações e Serviços Públicos de Saúde;"Não ";Não Aplicável
Cruz do Espírito Santo;201065;Prefeitura Municipal de Cruz do Espírito Santo;102025;2025;17135011;Transferências de Recursos do Bloco de Manutenção das Ações e Serviços Públicos de Saúde – Atenção Primária - Principal;Lançamento de Receita;94.116;604;Transferências provenientes do Governo Federal destinadas ao vencimento dos agentes comunitários de saúde e dos agentes de combate às endemias;"Não ";Não Aplicável
Cruz do Espírito Santo;201065;Prefeitura Municipal de Cruz do Espírito Santo;092025;2025;17135011;Transferências de Recursos do Bloco de Manutenção das Ações e Serviços Públicos de Saúde – Atenção Primária - Principal;Lançamento de Receita;94.116;604;Transferências provenientes do Governo Federal destinadas ao vencimento dos agentes comunitários de saúde e dos agentes de combate às endemias;"Não ";Não Aplicável
Cruz do Espírito Santo;201065;Prefeitura Municipal de Cruz do Espírito Santo;092025;2025;17135011;Transferências de Recursos do Bloco de Manutenção das Ações e Serviços Públicos de Saúde – Atenção Primária - Principal;Lançamento de Receita;678.866,14;600;Transferências Fundo a Fundo de Recursos do SUS provenientes do Governo Federal - Bloco de Manutenção das Ações e Serviços Públicos de Saúde;"Não ";Não Aplicável
Cruz do Espírito Santo;201065;Prefeitura Municipal de Cruz do Espírito Santo;082025;2025;17135011;Transferências de Recursos do Bloco de Manutenção das Ações e Serviços Públicos de Saúde – Atenção Primária - Principal;Lançamento de Receita;364.818,09;600;Transferências Fundo a Fundo de Recursos do SUS provenientes do Governo Federal - Bloco de Manutenção das Ações e Serviços Públicos de Saúde;"Não ";Não Aplicável
Cruz do Espírito Santo;201065;Prefeitura Municipal de Cruz do Espírito Santo;082025;2025;17135011;Transferências de Recursos do Bloco de Manutenção das Ações e Serviços Públicos de Saúde – Atenção Primária - Principal;Lançamento de Receita;94.116;604;Transferências provenientes do Governo Federal destinadas ao vencimento dos agentes comunitários de saúde e dos agentes de combate às endemias;"Não ";Não Aplicável
Cruz do Espírito Santo;201065;Prefeitura Municipal de Cruz do Espírito Santo;072025;2025;17135011;Transferências de Recursos do Bloco de Manutenção das Ações e Serviços Públicos de Saúde – Atenção Primária - Principal;Lançamento de Receita;387.256,32;600;Transferências Fundo a Fundo de Recursos do SUS provenientes do Governo Federal - Bloco de Manutenção das Ações e Serviços Públicos de Saúde;"Não ";Não Aplicável
Cruz do Espírito Santo;201065;Prefeitura Municipal de Cruz do Espírito Santo;072025;2025;17135011;Transferências de Recursos do Bloco de Manutenção das Ações e Serviços Públicos de Saúde – Atenção Primária - Principal;Lançamento de Receita;94.116;604;Transferências provenientes do Governo Federal destinadas ao vencimento dos agentes comunitários de saúde e dos agentes de combate às endemias;"Não ";Não Aplicável
Cruz do Espírito Santo;201065;Prefeitura Municipal de Cruz do Espírito Santo;062025;2025;17135011;Transferências de Recursos do Bloco de Manutenção das Ações e Serviços Públicos de Saúde – Atenção Primária - Principal;Lançamento de Receita;456.434,09;600;Transferências Fundo a Fundo de Recursos do SUS provenientes do Governo Federal - Bloco de Manutenção das Ações e Serviços Públicos de Saúde;"Não ";Não Aplicável
Cruz do Espírito Santo;201065;Prefeitura Municipal de Cruz do Espírito Santo;052025;2025;17135011;Transferências de Recursos do Bloco de Manutenção das Ações e Serviços Públicos de Saúde – Atenção Primária - Principal;Lançamento de Receita;94.116;604;Transferências provenientes do Governo Federal destinadas ao vencimento dos agentes comunitários de saúde e dos agentes de combate às endemias;"Não ";Não Aplicável
Cruz do Espírito Santo;201065;Prefeitura Municipal de Cruz do Espírito Santo;052025;2025;17135011;Transferências de Recursos do Bloco de Manutenção das Ações e Serviços Públicos de Saúde – Atenção Primária - Principal;Lançamento de Receita;380.388,19;600;Transferências Fundo a Fundo de Recursos do SUS provenientes do Governo Federal - Bloco de Manutenção das Ações e Serviços Públicos de Saúde;"Não ";Não Aplicável
Cruz do Espírito Santo;201065;Prefeitura Municipal de Cruz do Espírito Santo;042025;2025;17135011;Transferências de Recursos do Bloco de Manutenção das Ações e Serviços Públicos de Saúde – Atenção Primária - Principal;Lançamento de Receita;342.603,27;600;Transferências Fundo a Fundo de Recursos do SUS provenientes do Governo Federal - Bloco de Manutenção das Ações e Serviços Públicos de Saúde;"Não ";Não Aplicável
Cruz do Espírito Santo;201065;Prefeitura Municipal de Cruz do Espírito Santo;042025;2025;17135011;Transferências de Recursos do Bloco de Manutenção das Ações e Serviços Públicos de Saúde – Atenção Primária - Principal;Lançamento de Receita;94.116;604;Transferências provenientes do Governo Federal destinadas ao vencimento dos agentes comunitários de saúde e dos agentes de combate às endemias;"Não ";Não Aplicável
Cruz do Espírito Santo;201065;Prefeitura Municipal de Cruz do Espírito Santo;032025;2025;17135011;Transferências de Recursos do Bloco de Manutenção das Ações e Serviços Públicos de Saúde – Atenção Primária - Principal;Lançamento de Receita;94.116;604;Transferências provenientes do Governo Federal destinadas ao vencimento dos agentes comunitários de saúde e dos agentes de combate às endemias;"Não ";Não Aplicável
Cruz do Espírito Santo;201065;Prefeitura Municipal de Cruz do Espírito Santo;032025;2025;17135011;Transferências de Recursos do Bloco de Manutenção das Ações e Serviços Públicos de Saúde – Atenção Primária - Principal;Lançamento de Receita;323.532,91;600;Transferências Fundo a Fundo de Recursos do SUS provenientes do Governo Federal - Bloco de Manutenção das Ações e Serviços Públicos de Saúde;"Não ";Não Aplicável
Cruz do Espírito Santo;201065;Prefeitura Municipal de Cruz do Espírito Santo;022025;2025;17135011;Transferências de Recursos do Bloco de Manutenção das Ações e Serviços Públicos de Saúde – Atenção Primária - Principal;Lançamento de Receita;334.782,91;600;Transferências Fundo a Fundo de Recursos do SUS provenientes do Governo Federal - Bloco de Manutenção das Ações e Serviços Públicos de Saúde;"Não ";Não Aplicável
Cruz do Espírito Santo;201065;Prefeitura Municipal de Cruz do Espírito Santo;022025;2025;17135011;Transferências de Recursos do Bloco de Manutenção das Ações e Serviços Públicos de Saúde – Atenção Primária - Principal;Lançamento de Receita;94.116;604;Transferências provenientes do Governo Federal destinadas ao vencimento dos agentes comunitários de saúde e dos agentes de combate às endemias;"Não ";Não Aplicável
Cruz do Espírito Santo;201065;Prefeitura Municipal de Cruz do Espírito Santo;012025;2025;17135011;Transferências de Recursos do Bloco de Manutenção das Ações e Serviços Públicos de Saúde – Atenção Primária - Principal;Lançamento de Receita;421.053,98;600;Transferências Fundo a Fundo de Recursos do SUS provenientes do Governo Federal - Bloco de Manutenção das Ações e Serviços Públicos de Saúde;"Não ";Não Aplicável
Cruz do Espírito Santo;201065;Prefeitura Municipal de Cruz do Espírito Santo;012025;2025;17135011;Transferências de Recursos do Bloco de Manutenção das Ações e Serviços Públicos de Saúde – Atenção Primária - Principal;Lançamento de Receita;94.116;604;Transferências provenientes do Governo Federal destinadas ao vencimento dos agentes comunitários de saúde e dos agentes de combate às endemias;"Não ";Não Aplicável
Cruz do Espírito Santo;201065;Prefeitura Municipal de Cruz do Espírito Santo;122025;2025;17125241;Cota-Parte do Fundo Especial do Petróleo – FEP - Principal;Lançamento de Receita;57.069,51;500;Recursos não vinculados de Impostos;"Não ";Não Aplicável
Cruz do Espírito Santo;201065;Prefeitura Municipal de Cruz do Espírito Santo;112025;2025;17125241;Cota-Parte do Fundo Especial do Petróleo – FEP - Principal;Lançamento de Receita;55.532,65;500;Recursos não vinculados de Impostos;"Não ";Não Aplicável
Cruz do Espírito Santo;201065;Prefeitura Municipal de Cruz do Espírito Santo;102025;2025;17125241;Cota-Parte do Fundo Especial do Petróleo – FEP - Principal;Lançamento de Receita;58.143,12;500;Recursos não vinculados de Impostos;"Não ";Não Aplicável
Cruz do Espírito Santo;201065;Prefeitura Municipal de Cruz do Espírito Santo;092025;2025;17125241;Cota-Parte do Fundo Especial do Petróleo – FEP - Principal;Lançamento de Receita;62.591;500;Recursos não vinculados de Impostos;"Não ";Não Aplicável
Cruz do Espírito Santo;201065;Prefeitura Municipal de Cruz do Espírito Santo;082025;2025;17125241;Cota-Parte do Fundo Especial do Petróleo – FEP - Principal;Lançamento de Receita;58.279,23;500;Recursos não vinculados de Impostos;"Não ";Não Aplicável
Cruz do Espírito Santo;201065;Prefeitura Municipal de Cruz do Espírito Santo;072025;2025;17125241;Cota-Parte do Fundo Especial do Petróleo – FEP - Principal;Lançamento de Receita;54.719,92;500;Recursos não vinculados de Impostos;"Não ";Não Aplicável
Cruz do Espírito Santo;201065;Prefeitura Municipal de Cruz do Espírito Santo;062025;2025;17125241;Cota-Parte do Fundo Especial do Petróleo – FEP - Principal;Lançamento de Receita;55.779,72;500;Recursos não vinculados de Impostos;"Não ";Não Aplicável
Cruz do Espírito Santo;201065;Prefeitura Municipal de Cruz do Espírito Santo;052025;2025;17125241;Cota-Parte do Fundo Especial do Petróleo – FEP - Principal;Lançamento de Receita;61.756,9;500;Recursos não vinculados de Impostos;"Não ";Não Aplicável
Cruz do Espírito Santo;201065;Prefeitura Municipal de Cruz do Espírito Santo;042025;2025;17125241;Cota-Parte do Fundo Especial do Petróleo – FEP - Principal;Lançamento de Receita;55.611,74;500;Recursos não vinculados de Impostos;"Não ";Não Aplicável
Cruz do Espírito Santo;201065;Prefeitura Municipal de Cruz do Espírito Santo;032025;2025;17125241;Cota-Parte do Fundo Especial do Petróleo – FEP - Principal;Lançamento de Receita;66.472,17;500;Recursos não vinculados de Impostos;"Não ";Não Aplicável
Cruz do Espírito Santo;201065;Prefeitura Municipal de Cruz do Espírito Santo;022025;2025;17125241;Cota-Parte do Fundo Especial do Petróleo – FEP - Principal;Lançamento de Receita;62.145,08;500;Recursos não vinculados de Impostos;"Não ";Não Aplicável
Cruz do Espírito Santo;201065;Prefeitura Municipal de Cruz do Espírito Santo;012025;2025;17125241;Cota-Parte do Fundo Especial do Petróleo – FEP - Principal;Lançamento de Receita;56.194;500;Recursos não vinculados de Impostos;"Não ";Não Aplicável
Cruz do Espírito Santo;201065;Prefeitura Municipal de Cruz do Espírito Santo;122025;2025;17125101;Cota-parte da Compensação Financeira pela Exploração de Recursos Minerais - CFEM - Principal;Lançamento de Receita;74.851,75;500;Recursos não vinculados de Impostos;"Não ";Não Aplicável
Cruz do Espírito Santo;201065;Prefeitura Municipal de Cruz do Espírito Santo;112025;2025;17125101;Cota-parte da Compensação Financeira pela Exploração de Recursos Minerais - CFEM - Principal;Lançamento de Receita;31.287,52;500;Recursos não vinculados de Impostos;"Não ";Não Aplicável
Cruz do Espírito Santo;201065;Prefeitura Municipal de Cruz do Espírito Santo;102025;2025;17125101;Cota-parte da Compensação Financeira pela Exploração de Recursos Minerais - CFEM - Principal;Lançamento de Receita;15.713,43;500;Recursos não vinculados de Impostos;"Não ";Não Aplicável
Cruz do Espírito Santo;201065;Prefeitura Municipal de Cruz do Espírito Santo;092025;2025;17125101;Cota-parte da Compensação Financeira pela Exploração de Recursos Minerais - CFEM - Principal;Lançamento de Receita;13.369,02;500;Recursos não vinculados de Impostos;"Não ";Não Aplicável
Cruz do Espírito Santo;201065;Prefeitura Municipal de Cruz do Espírito Santo;082025;2025;17125101;Cota-parte da Compensação Financeira pela Exploração de Recursos Minerais - CFEM - Principal;Lançamento de Receita;18.709,2;500;Recursos não vinculados de Impostos;"Não ";Não Aplicável
Cruz do Espírito Santo;201065;Prefeitura Municipal de Cruz do Espírito Santo;072025;2025;17125101;Cota-parte da Compensação Financeira pela Exploração de Recursos Minerais - CFEM - Principal;Lançamento de Receita;16.325,35;500;Recursos não vinculados de Impostos;"Não ";Não Aplicável
Cruz do Espírito Santo;201065;Prefeitura Municipal de Cruz do Espírito Santo;062025;2025;17125101;Cota-parte da Compensação Financeira pela Exploração de Recursos Minerais - CFEM - Principal;Lançamento de Receita;20.377,44;500;Recursos não vinculados de Impostos;"Não ";Não Aplicável
Cruz do Espírito Santo;201065;Prefeitura Municipal de Cruz do Espírito Santo;052025;2025;17125101;Cota-parte da Compensação Financeira pela Exploração de Recursos Minerais - CFEM - Principal;Lançamento de Receita;18.116,71;500;Recursos não vinculados de Impostos;"Não ";Não Aplicável
Cruz do Espírito Santo;201065;Prefeitura Municipal de Cruz do Espírito Santo;042025;2025;17125101;Cota-parte da Compensação Financeira pela Exploração de Recursos Minerais - CFEM - Principal;Lançamento de Receita;17.967,04;500;Recursos não vinculados de Impostos;"Não ";Não Aplicável
Cruz do Espírito Santo;201065;Prefeitura Municipal de Cruz do Espírito Santo;032025;2025;17125101;Cota-parte da Compensação Financeira pela Exploração de Recursos Minerais - CFEM - Principal;Lançamento de Receita;103.223,5;500;Recursos não vinculados de Impostos;"Não ";Não Aplicável
Cruz do Espírito Santo;201065;Prefeitura Municipal de Cruz do Espírito Santo;022025;2025;17125101;Cota-parte da Compensação Financeira pela Exploração de Recursos Minerais - CFEM - Principal;Lançamento de Receita;1.165,78;500;Recursos não vinculados de Impostos;"Não ";Não Aplicável
Cruz do Espírito Santo;201065;Prefeitura Municipal de Cruz do Espírito Santo;012025;2025;17125101;Cota-parte da Compensação Financeira pela Exploração de Recursos Minerais - CFEM - Principal;Lançamento de Receita;1.044,78;500;Recursos não vinculados de Impostos;"Não ";Não Aplicável
Cruz do Espírito Santo;201065;Prefeitura Municipal de Cruz do Espírito Santo;122025;2025;17115201;Cota-Parte do Imposto Sobre a Propriedade Territorial Rural - Principal;Dedução do Fundeb;-941,19;500;Recursos não vinculados de Impostos;"Não ";Não Aplicável
Cruz do Espírito Santo;201065;Prefeitura Municipal de Cruz do Espírito Santo;122025;2025;17115201;Cota-Parte do Imposto Sobre a Propriedade Territorial Rural - Principal;Lançamento de Receita;1.176,49;500;Recursos não vinculados de Impostos;1001;Identificação das despesas com manutenção e desenvolvimento do ensino
Cruz do Espírito Santo;201065;Prefeitura Municipal de Cruz do Espírito Santo;122025;2025;17115201;Cota-Parte do Imposto Sobre a Propriedade Territorial Rural - Principal;Lançamento de Receita;705,89;500;Recursos não vinculados de Impostos;1002;Identificação das despesas com ações e serviços públicos de saúde
Cruz do Espírito Santo;201065;Prefeitura Municipal de Cruz do Espírito Santo;122025;2025;17115201;Cota-Parte do Imposto Sobre a Propriedade Territorial Rural - Principal;Lançamento de Receita;2.823,58;500;Recursos não vinculados de Impostos;"Não ";Não Aplicável
Cruz do Espírito Santo;201065;Prefeitura Municipal de Cruz do Espírito Santo;112025;2025;17115201;Cota-Parte do Imposto Sobre a Propriedade Territorial Rural - Principal;Lançamento de Receita;2.806,49;500;Recursos não vinculados de Impostos;"Não ";Não Aplicável
Cruz do Espírito Santo;201065;Prefeitura Municipal de Cruz do Espírito Santo;112025;2025;17115201;Cota-Parte do Imposto Sobre a Propriedade Territorial Rural - Principal;Lançamento de Receita;701,62;500;Recursos não vinculados de Impostos;1002;Identificação das despesas com ações e serviços públicos de saúde
Cruz do Espírito Santo;201065;Prefeitura Municipal de Cruz do Espírito Santo;112025;2025;17115201;Cota-Parte do Imposto Sobre a Propriedade Territorial Rural - Principal;Lançamento de Receita;1.169,38;500;Recursos não vinculados de Impostos;1001;Identificação das despesas com manutenção e desenvolvimento do ensino
Cruz do Espírito Santo;201065;Prefeitura Municipal de Cruz do Espírito Santo;112025;2025;17115201;Cota-Parte do Imposto Sobre a Propriedade Territorial Rural - Principal;Dedução do Fundeb;-935,49;500;Recursos não vinculados de Impostos;"Não ";Não Aplicável
Cruz do Espírito Santo;201065;Prefeitura Municipal de Cruz do Espírito Santo;102025;2025;17115201;Cota-Parte do Imposto Sobre a Propriedade Territorial Rural - Principal;Dedução do Fundeb;-5.746,25;500;Recursos não vinculados de Impostos;"Não ";Não Aplicável
Cruz do Espírito Santo;201065;Prefeitura Municipal de Cruz do Espírito Santo;102025;2025;17115201;Cota-Parte do Imposto Sobre a Propriedade Territorial Rural - Principal;Lançamento de Receita;7.182,83;500;Recursos não vinculados de Impostos;1001;Identificação das despesas com manutenção e desenvolvimento do ensino
Cruz do Espírito Santo;201065;Prefeitura Municipal de Cruz do Espírito Santo;102025;2025;17115201;Cota-Parte do Imposto Sobre a Propriedade Territorial Rural - Principal;Lançamento de Receita;17.238,77;500;Recursos não vinculados de Impostos;"Não ";Não Aplicável
Cruz do Espírito Santo;201065;Prefeitura Municipal de Cruz do Espírito Santo;102025;2025;17115201;Cota-Parte do Imposto Sobre a Propriedade Territorial Rural - Principal;Lançamento de Receita;4.309,69;500;Recursos não vinculados de Impostos;1002;Identificação das despesas com ações e serviços públicos de saúde
Cruz do Espírito Santo;201065;Prefeitura Municipal de Cruz do Espírito Santo;092025;2025;17115201;Cota-Parte do Imposto Sobre a Propriedade Territorial Rural - Principal;Dedução do Fundeb;-3,83;500;Recursos não vinculados de Impostos;"Não ";Não Aplicável
Cruz do Espírito Santo;201065;Prefeitura Municipal de Cruz do Espírito Santo;092025;2025;17115201;Cota-Parte do Imposto Sobre a Propriedade Territorial Rural - Principal;Lançamento de Receita;2,88;500;Recursos não vinculados de Impostos;1002;Identificação das despesas com ações e serviços públicos de saúde
Cruz do Espírito Santo;201065;Prefeitura Municipal de Cruz do Espírito Santo;092025;2025;17115201;Cota-Parte do Imposto Sobre a Propriedade Territorial Rural - Principal;Lançamento de Receita;11,51;500;Recursos não vinculados de Impostos;"Não ";Não Aplicável
Cruz do Espírito Santo;201065;Prefeitura Municipal de Cruz do Espírito Santo;092025;2025;17115201;Cota-Parte do Imposto Sobre a Propriedade Territorial Rural - Principal;Lançamento de Receita;4,8;500;Recursos não vinculados de Impostos;1001;Identificação das despesas com manutenção e desenvolvimento do ensino
Cruz do Espírito Santo;201065;Prefeitura Municipal de Cruz do Espírito Santo;082025;2025;17115201;Cota-Parte do Imposto Sobre a Propriedade Territorial Rural - Principal;Lançamento de Receita;156,33;500;Recursos não vinculados de Impostos;"Não ";Não Aplicável
Cruz do Espírito Santo;201065;Prefeitura Municipal de Cruz do Espírito Santo;082025;2025;17115201;Cota-Parte do Imposto Sobre a Propriedade Territorial Rural - Principal;Lançamento de Receita;65,14;500;Recursos não vinculados de Impostos;1001;Identificação das despesas com manutenção e desenvolvimento do ensino
Cruz do Espírito Santo;201065;Prefeitura Municipal de Cruz do Espírito Santo;082025;2025;17115201;Cota-Parte do Imposto Sobre a Propriedade Territorial Rural - Principal;Dedução do Fundeb;-52,1;500;Recursos não vinculados de Impostos;"Não ";Não Aplicável
Cruz do Espírito Santo;201065;Prefeitura Municipal de Cruz do Espírito Santo;082025;2025;17115201;Cota-Parte do Imposto Sobre a Propriedade Territorial Rural - Principal;Lançamento de Receita;39,08;500;Recursos não vinculados de Impostos;1002;Identificação das despesas com ações e serviços públicos de saúde
Cruz do Espírito Santo;201065;Prefeitura Municipal de Cruz do Espírito Santo;052025;2025;17115201;Cota-Parte do Imposto Sobre a Propriedade Territorial Rural - Principal;Lançamento de Receita;5,24;500;Recursos não vinculados de Impostos;1002;Identificação das despesas com ações e serviços públicos de saúde
Cruz do Espírito Santo;201065;Prefeitura Municipal de Cruz do Espírito Santo;052025;2025;17115201;Cota-Parte do Imposto Sobre a Propriedade Territorial Rural - Principal;Dedução do Fundeb;-6,99;500;Recursos não vinculados de Impostos;"Não ";Não Aplicável
Cruz do Espírito Santo;201065;Prefeitura Municipal de Cruz do Espírito Santo;052025;2025;17115201;Cota-Parte do Imposto Sobre a Propriedade Territorial Rural - Principal;Lançamento de Receita;8,74;500;Recursos não vinculados de Impostos;1001;Identificação das despesas com manutenção e desenvolvimento do ensino
Cruz do Espírito Santo;201065;Prefeitura Municipal de Cruz do Espírito Santo;052025;2025;17115201;Cota-Parte do Imposto Sobre a Propriedade Territorial Rural - Principal;Lançamento de Receita;20,97;500;Recursos não vinculados de Impostos;"Não ";Não Aplicável
Cruz do Espírito Santo;201065;Prefeitura Municipal de Cruz do Espírito Santo;032025;2025;17115201;Cota-Parte do Imposto Sobre a Propriedade Territorial Rural - Principal;Lançamento de Receita;144,42;500;Recursos não vinculados de Impostos;"Não ";Não Aplicável
Cruz do Espírito Santo;201065;Prefeitura Municipal de Cruz do Espírito Santo;032025;2025;17115201;Cota-Parte do Imposto Sobre a Propriedade Territorial Rural - Principal;Dedução do Fundeb;-48,13;500;Recursos não vinculados de Impostos;"Não ";Não Aplicável
Cruz do Espírito Santo;201065;Prefeitura Municipal de Cruz do Espírito Santo;032025;2025;17115201;Cota-Parte do Imposto Sobre a Propriedade Territorial Rural - Principal;Lançamento de Receita;36,11;500;Recursos não vinculados de Impostos;1002;Identificação das despesas com ações e serviços públicos de saúde
Cruz do Espírito Santo;201065;Prefeitura Municipal de Cruz do Espírito Santo;032025;2025;17115201;Cota-Parte do Imposto Sobre a Propriedade Territorial Rural - Principal;Lançamento de Receita;60,18;500;Recursos não vinculados de Impostos;1001;Identificação das despesas com manutenção e desenvolvimento do ensino
Cruz do Espírito Santo;201065;Prefeitura Municipal de Cruz do Espírito Santo;022025;2025;17115201;Cota-Parte do Imposto Sobre a Propriedade Territorial Rural - Principal;Dedução do Fundeb;-1,23;500;Recursos não vinculados de Impostos;"Não ";Não Aplicável
Cruz do Espírito Santo;201065;Prefeitura Municipal de Cruz do Espírito Santo;022025;2025;17115201;Cota-Parte do Imposto Sobre a Propriedade Territorial Rural - Principal;Lançamento de Receita;3,71;500;Recursos não vinculados de Impostos;"Não ";Não Aplicável
Cruz do Espírito Santo;201065;Prefeitura Municipal de Cruz do Espírito Santo;022025;2025;17115201;Cota-Parte do Imposto Sobre a Propriedade Territorial Rural - Principal;Lançamento de Receita;0,93;500;Recursos não vinculados de Impostos;1002;Identificação das despesas com ações e serviços públicos de saúde
Cruz do Espírito Santo;201065;Prefeitura Municipal de Cruz do Espírito Santo;022025;2025;17115201;Cota-Parte do Imposto Sobre a Propriedade Territorial Rural - Principal;Lançamento de Receita;1,54;500;Recursos não vinculados de Impostos;1001;Identificação das despesas com manutenção e desenvolvimento do ensino
Cruz do Espírito Santo;201065;Prefeitura Municipal de Cruz do Espírito Santo;012025;2025;17115201;Cota-Parte do Imposto Sobre a Propriedade Territorial Rural - Principal;Lançamento de Receita;685,83;500;Recursos não vinculados de Impostos;1002;Identificação das despesas com ações e serviços públicos de saúde
Cruz do Espírito Santo;201065;Prefeitura Municipal de Cruz do Espírito Santo;012025;2025;17115201;Cota-Parte do Imposto Sobre a Propriedade Territorial Rural - Principal;Lançamento de Receita;2.743,33;500;Recursos não vinculados de Impostos;"Não ";Não Aplicável
Cruz do Espírito Santo;201065;Prefeitura Municipal de Cruz do Espírito Santo;012025;2025;17115201;Cota-Parte do Imposto Sobre a Propriedade Territorial Rural - Principal;Dedução do Fundeb;-914,44;500;Recursos não vinculados de Impostos;"Não ";Não Aplicável
Cruz do Espírito Santo;201065;Prefeitura Municipal de Cruz do Espírito Santo;012025;2025;17115201;Cota-Parte do Imposto Sobre a Propriedade Territorial Rural - Principal;Lançamento de Receita;1.143,05;500;Recursos não vinculados de Impostos;1001;Identificação das despesas com manutenção e desenvolvimento do ensino
Cruz do Espírito Santo;201065;Prefeitura Municipal de Cruz do Espírito Santo;122025;2025;17115111;Cota-Parte do Fundo de Participação dos Municípios - Cota Mensal - Principal;Lançamento de Receita;188.428,72;500;Recursos não vinculados de Impostos;1001;Identificação das despesas com manutenção e desenvolvimento do ensino
Cruz do Espírito Santo;201065;Prefeitura Municipal de Cruz do Espírito Santo;122025;2025;17115111;Cota-Parte do Fundo de Participação dos Municípios - Cota Mensal - Principal;Lançamento de Receita;753.714,92;500;Recursos não vinculados de Impostos;1002;Identificação das despesas com ações e serviços públicos de saúde
Cruz do Espírito Santo;201065;Prefeitura Municipal de Cruz do Espírito Santo;122025;2025;17115111;Cota-Parte do Fundo de Participação dos Municípios - Cota Mensal - Principal;Dedução do Fundeb;-753.714,87;500;Recursos não vinculados de Impostos;"Não ";Não Aplicável
Cruz do Espírito Santo;201065;Prefeitura Municipal de Cruz do Espírito Santo;122025;2025;17115111;Cota-Parte do Fundo de Participação dos Municípios - Cota Mensal - Principal;Lançamento de Receita;4.434.566,11;500;Recursos não vinculados de Impostos;"Não ";Não Aplicável
Cruz do Espírito Santo;201065;Prefeitura Municipal de Cruz do Espírito Santo;112025;2025;17115111;Cota-Parte do Fundo de Participação dos Municípios - Cota Mensal - Principal;Lançamento de Receita;2.504.098,9;500;Recursos não vinculados de Impostos;"Não ";Não Aplicável
Cruz do Espírito Santo;201065;Prefeitura Municipal de Cruz do Espírito Santo;112025;2025;17115111;Cota-Parte do Fundo de Participação dos Municípios - Cota Mensal - Principal;Lançamento de Receita;166.939,92;500;Recursos não vinculados de Impostos;1001;Identificação das despesas com manutenção e desenvolvimento do ensino
Cruz do Espírito Santo;201065;Prefeitura Municipal de Cruz do Espírito Santo;112025;2025;17115111;Cota-Parte do Fundo de Participação dos Municípios - Cota Mensal - Principal;Lançamento de Receita;667.759,72;500;Recursos não vinculados de Impostos;1002;Identificação das despesas com ações e serviços públicos de saúde
Cruz do Espírito Santo;201065;Prefeitura Municipal de Cruz do Espírito Santo;112025;2025;17115111;Cota-Parte do Fundo de Participação dos Municípios - Cota Mensal - Principal;Dedução do Fundeb;-667.759,67;500;Recursos não vinculados de Impostos;"Não ";Não Aplicável
Cruz do Espírito Santo;201065;Prefeitura Municipal de Cruz do Espírito Santo;102025;2025;17115111;Cota-Parte do Fundo de Participação dos Municípios - Cota Mensal - Principal;Dedução do Fundeb;-491.238,25;500;Recursos não vinculados de Impostos;"Não ";Não Aplicável
Cruz do Espírito Santo;201065;Prefeitura Municipal de Cruz do Espírito Santo;102025;2025;17115111;Cota-Parte do Fundo de Participação dos Municípios - Cota Mensal - Principal;Lançamento de Receita;1.842.143,55;500;Recursos não vinculados de Impostos;"Não ";Não Aplicável
Cruz do Espírito Santo;201065;Prefeitura Municipal de Cruz do Espírito Santo;102025;2025;17115111;Cota-Parte do Fundo de Participação dos Municípios - Cota Mensal - Principal;Lançamento de Receita;122.809,58;500;Recursos não vinculados de Impostos;1001;Identificação das despesas com manutenção e desenvolvimento do ensino
Cruz do Espírito Santo;201065;Prefeitura Municipal de Cruz do Espírito Santo;102025;2025;17115111;Cota-Parte do Fundo de Participação dos Municípios - Cota Mensal - Principal;Lançamento de Receita;491.238,28;500;Recursos não vinculados de Impostos;1002;Identificação das despesas com ações e serviços públicos de saúde
Cruz do Espírito Santo;201065;Prefeitura Municipal de Cruz do Espírito Santo;092025;2025;17115111;Cota-Parte do Fundo de Participação dos Municípios - Cota Mensal - Principal;Lançamento de Receita;732.464,6;500;Recursos não vinculados de Impostos;1002;Identificação das despesas com ações e serviços públicos de saúde
Cruz do Espírito Santo;201065;Prefeitura Municipal de Cruz do Espírito Santo;092025;2025;17115111;Cota-Parte do Fundo de Participação dos Municípios - Cota Mensal - Principal;Lançamento de Receita;183.116,15;500;Recursos não vinculados de Impostos;1001;Identificação das despesas com manutenção e desenvolvimento do ensino
Cruz do Espírito Santo;201065;Prefeitura Municipal de Cruz do Espírito Santo;092025;2025;17115111;Cota-Parte do Fundo de Participação dos Municípios - Cota Mensal - Principal;Lançamento de Receita;2.746.742,23;500;Recursos não vinculados de Impostos;"Não ";Não Aplicável
Cruz do Espírito Santo;201065;Prefeitura Municipal de Cruz do Espírito Santo;092025;2025;17115111;Cota-Parte do Fundo de Participação dos Municípios - Cota Mensal - Principal;Dedução do Fundeb;-466.014,95;500;Recursos não vinculados de Impostos;"Não ";Não Aplicável
Cruz do Espírito Santo;201065;Prefeitura Municipal de Cruz do Espírito Santo;082025;2025;17115111;Cota-Parte do Fundo de Participação dos Municípios - Cota Mensal - Principal;Lançamento de Receita;577.180,4;500;Recursos não vinculados de Impostos;1002;Identificação das despesas com ações e serviços públicos de saúde
Cruz do Espírito Santo;201065;Prefeitura Municipal de Cruz do Espírito Santo;082025;2025;17115111;Cota-Parte do Fundo de Participação dos Municípios - Cota Mensal - Principal;Dedução do Fundeb;-577.180,36;500;Recursos não vinculados de Impostos;"Não ";Não Aplicável
Cruz do Espírito Santo;201065;Prefeitura Municipal de Cruz do Espírito Santo;082025;2025;17115111;Cota-Parte do Fundo de Participação dos Municípios - Cota Mensal - Principal;Lançamento de Receita;144.295,1;500;Recursos não vinculados de Impostos;1001;Identificação das despesas com manutenção e desenvolvimento do ensino
Cruz do Espírito Santo;201065;Prefeitura Municipal de Cruz do Espírito Santo;082025;2025;17115111;Cota-Parte do Fundo de Participação dos Municípios - Cota Mensal - Principal;Lançamento de Receita;2.164.426,49;500;Recursos não vinculados de Impostos;"Não ";Não Aplicável
Cruz do Espírito Santo;201065;Prefeitura Municipal de Cruz do Espírito Santo;072025;2025;17115111;Cota-Parte do Fundo de Participação dos Municípios - Cota Mensal - Principal;Lançamento de Receita;109.368,38;500;Recursos não vinculados de Impostos;1001;Identificação das despesas com manutenção e desenvolvimento do ensino
Cruz do Espírito Santo;201065;Prefeitura Municipal de Cruz do Espírito Santo;072025;2025;17115111;Cota-Parte do Fundo de Participação dos Municípios - Cota Mensal - Principal;Dedução do Fundeb;-437.473,5;500;Recursos não vinculados de Impostos;"Não ";Não Aplicável
Cruz do Espírito Santo;201065;Prefeitura Municipal de Cruz do Espírito Santo;072025;2025;17115111;Cota-Parte do Fundo de Participação dos Municípios - Cota Mensal - Principal;Lançamento de Receita;437.473,53;500;Recursos não vinculados de Impostos;1002;Identificação das despesas com ações e serviços públicos de saúde
Cruz do Espírito Santo;201065;Prefeitura Municipal de Cruz do Espírito Santo;072025;2025;17115111;Cota-Parte do Fundo de Participação dos Municípios - Cota Mensal - Principal;Lançamento de Receita;3.198.381,47;500;Recursos não vinculados de Impostos;"Não ";Não Aplicável
Cruz do Espírito Santo;201065;Prefeitura Municipal de Cruz do Espírito Santo;062025;2025;17115111;Cota-Parte do Fundo de Participação dos Municípios - Cota Mensal - Principal;Dedução do Fundeb;-712.654,69;500;Recursos não vinculados de Impostos;"Não ";Não Aplicável
Cruz do Espírito Santo;201065;Prefeitura Municipal de Cruz do Espírito Santo;062025;2025;17115111;Cota-Parte do Fundo de Participação dos Municípios - Cota Mensal - Principal;Lançamento de Receita;712.654,73;500;Recursos não vinculados de Impostos;1002;Identificação das despesas com ações e serviços públicos de saúde
Cruz do Espírito Santo;201065;Prefeitura Municipal de Cruz do Espírito Santo;062025;2025;17115111;Cota-Parte do Fundo de Participação dos Municípios - Cota Mensal - Principal;Lançamento de Receita;2.672.455,2;500;Recursos não vinculados de Impostos;"Não ";Não Aplicável
Cruz do Espírito Santo;201065;Prefeitura Municipal de Cruz do Espírito Santo;062025;2025;17115111;Cota-Parte do Fundo de Participação dos Municípios - Cota Mensal - Principal;Lançamento de Receita;178.163,68;500;Recursos não vinculados de Impostos;1001;Identificação das despesas com manutenção e desenvolvimento do ensino
Cruz do Espírito Santo;201065;Prefeitura Municipal de Cruz do Espírito Santo;052025;2025;17115111;Cota-Parte do Fundo de Participação dos Municípios - Cota Mensal - Principal;Lançamento de Receita;693.826,09;500;Recursos não vinculados de Impostos;1002;Identificação das despesas com ações e serviços públicos de saúde
Cruz do Espírito Santo;201065;Prefeitura Municipal de Cruz do Espírito Santo;052025;2025;17115111;Cota-Parte do Fundo de Participação dos Municípios - Cota Mensal - Principal;Lançamento de Receita;2.601.847,84;500;Recursos não vinculados de Impostos;"Não ";Não Aplicável
Cruz do Espírito Santo;201065;Prefeitura Municipal de Cruz do Espírito Santo;052025;2025;17115111;Cota-Parte do Fundo de Participação dos Municípios - Cota Mensal - Principal;Dedução do Fundeb;-693.826,05;500;Recursos não vinculados de Impostos;"Não ";Não Aplicável
Cruz do Espírito Santo;201065;Prefeitura Municipal de Cruz do Espírito Santo;052025;2025;17115111;Cota-Parte do Fundo de Participação dos Municípios - Cota Mensal - Principal;Lançamento de Receita;173.456,52;500;Recursos não vinculados de Impostos;1001;Identificação das despesas com manutenção e desenvolvimento do ensino
Cruz do Espírito Santo;201065;Prefeitura Municipal de Cruz do Espírito Santo;042025;2025;17115111;Cota-Parte do Fundo de Participação dos Municípios - Cota Mensal - Principal;Lançamento de Receita;135.975,89;500;Recursos não vinculados de Impostos;1001;Identificação das despesas com manutenção e desenvolvimento do ensino
Cruz do Espírito Santo;201065;Prefeitura Municipal de Cruz do Espírito Santo;042025;2025;17115111;Cota-Parte do Fundo de Participação dos Municípios - Cota Mensal - Principal;Lançamento de Receita;2.039.638,28;500;Recursos não vinculados de Impostos;"Não ";Não Aplicável
Cruz do Espírito Santo;201065;Prefeitura Municipal de Cruz do Espírito Santo;042025;2025;17115111;Cota-Parte do Fundo de Participação dos Municípios - Cota Mensal - Principal;Lançamento de Receita;543.903,54;500;Recursos não vinculados de Impostos;1002;Identificação das despesas com ações e serviços públicos de saúde
Cruz do Espírito Santo;201065;Prefeitura Municipal de Cruz do Espírito Santo;042025;2025;17115111;Cota-Parte do Fundo de Participação dos Municípios - Cota Mensal - Principal;Dedução do Fundeb;-543.903,49;500;Recursos não vinculados de Impostos;"Não ";Não Aplicável
Cruz do Espírito Santo;201065;Prefeitura Municipal de Cruz do Espírito Santo;032025;2025;17115111;Cota-Parte do Fundo de Participação dos Municípios - Cota Mensal - Principal;Lançamento de Receita;2.007.180,91;500;Recursos não vinculados de Impostos;"Não ";Não Aplicável
Cruz do Espírito Santo;201065;Prefeitura Municipal de Cruz do Espírito Santo;032025;2025;17115111;Cota-Parte do Fundo de Participação dos Municípios - Cota Mensal - Principal;Lançamento de Receita;133.812,06;500;Recursos não vinculados de Impostos;1001;Identificação das despesas com manutenção e desenvolvimento do ensino
Cruz do Espírito Santo;201065;Prefeitura Municipal de Cruz do Espírito Santo;032025;2025;17115111;Cota-Parte do Fundo de Participação dos Municípios - Cota Mensal - Principal;Dedução do Fundeb;-535.248,2;500;Recursos não vinculados de Impostos;"Não ";Não Aplicável
Cruz do Espírito Santo;201065;Prefeitura Municipal de Cruz do Espírito Santo;032025;2025;17115111;Cota-Parte do Fundo de Participação dos Municípios - Cota Mensal - Principal;Lançamento de Receita;535.248,23;500;Recursos não vinculados de Impostos;1002;Identificação das despesas com ações e serviços públicos de saúde
Cruz do Espírito Santo;201065;Prefeitura Municipal de Cruz do Espírito Santo;022025;2025;17115111;Cota-Parte do Fundo de Participação dos Municípios - Cota Mensal - Principal;Lançamento de Receita;203.193,19;500;Recursos não vinculados de Impostos;1001;Identificação das despesas com manutenção e desenvolvimento do ensino
Cruz do Espírito Santo;201065;Prefeitura Municipal de Cruz do Espírito Santo;022025;2025;17115111;Cota-Parte do Fundo de Participação dos Municípios - Cota Mensal - Principal;Lançamento de Receita;812.772,73;500;Recursos não vinculados de Impostos;1002;Identificação das despesas com ações e serviços públicos de saúde
Cruz do Espírito Santo;201065;Prefeitura Municipal de Cruz do Espírito Santo;022025;2025;17115111;Cota-Parte do Fundo de Participação dos Municípios - Cota Mensal - Principal;Lançamento de Receita;3.047.897,76;500;Recursos não vinculados de Impostos;"Não ";Não Aplicável
Cruz do Espírito Santo;201065;Prefeitura Municipal de Cruz do Espírito Santo;022025;2025;17115111;Cota-Parte do Fundo de Participação dos Municípios - Cota Mensal - Principal;Dedução do Fundeb;-812.772,69;500;Recursos não vinculados de Impostos;"Não ";Não Aplicável
Cruz do Espírito Santo;201065;Prefeitura Municipal de Cruz do Espírito Santo;012025;2025;17115111;Cota-Parte do Fundo de Participação dos Municípios - Cota Mensal - Principal;Dedução do Fundeb;-605.694,96;500;Recursos não vinculados de Impostos;"Não ";Não Aplicável
Cruz do Espírito Santo;201065;Prefeitura Municipal de Cruz do Espírito Santo;012025;2025;17115111;Cota-Parte do Fundo de Participação dos Municípios - Cota Mensal - Principal;Lançamento de Receita;605.694,98;500;Recursos não vinculados de Impostos;1002;Identificação das despesas com ações e serviços públicos de saúde
Cruz do Espírito Santo;201065;Prefeitura Municipal de Cruz do Espírito Santo;012025;2025;17115111;Cota-Parte do Fundo de Participação dos Municípios - Cota Mensal - Principal;Lançamento de Receita;2.271.356,22;500;Recursos não vinculados de Impostos;"Não ";Não Aplicável
Cruz do Espírito Santo;201065;Prefeitura Municipal de Cruz do Espírito Santo;012025;2025;17115111;Cota-Parte do Fundo de Participação dos Municípios - Cota Mensal - Principal;Lançamento de Receita;151.423,75;500;Recursos não vinculados de Impostos;1001;Identificação das despesas com manutenção e desenvolvimento do ensino
Cruz do Espírito Santo;201065;Prefeitura Municipal de Cruz do Espírito Santo;122025;2025;13210101;Remuneração de Depósitos Bancários - Principal;Lançamento de Receita;103.824,92;500;Recursos não vinculados de Impostos;"Não ";Não Aplicável
Cruz do Espírito Santo;201065;Prefeitura Municipal de Cruz do Espírito Santo;122025;2025;13210101;Remuneração de Depósitos Bancários - Principal;Lançamento de Receita;2.974,64;540;Transferências do FUNDEB - Impostos e Transferências de Impostos;1070;Identificação do percentual aplicado no pagamento da remuneração dos profissionais da educação básica em efetivo exercício
Cruz do Espírito Santo;201065;Prefeitura Municipal de Cruz do Espírito Santo;122025;2025;13210101;Remuneração de Depósitos Bancários - Principal;Lançamento de Receita;1.274,85;540;Transferências do FUNDEB - Impostos e Transferências de Impostos;"Não ";Não Aplicável
Cruz do Espírito Santo;201065;Prefeitura Municipal de Cruz do Espírito Santo;112025;2025;13210101;Remuneração de Depósitos Bancários - Principal;Lançamento de Receita;1.548,56;540;Transferências do FUNDEB - Impostos e Transferências de Impostos;1070;Identificação do percentual aplicado no pagamento da remuneração dos profissionais da educação básica em efetivo exercício
Cruz do Espírito Santo;201065;Prefeitura Municipal de Cruz do Espírito Santo;112025;2025;13210101;Remuneração de Depósitos Bancários - Principal;Lançamento de Receita;69.792,9;500;Recursos não vinculados de Impostos;"Não ";Não Aplicável
Cruz do Espírito Santo;201065;Prefeitura Municipal de Cruz do Espírito Santo;112025;2025;13210101;Remuneração de Depósitos Bancários - Principal;Lançamento de Receita;663,67;540;Transferências do FUNDEB - Impostos e Transferências de Impostos;"Não ";Não Aplicável
Cruz do Espírito Santo;201065;Prefeitura Municipal de Cruz do Espírito Santo;102025;2025;13210101;Remuneração de Depósitos Bancários - Principal;Lançamento de Receita;1.603,97;540;Transferências do FUNDEB - Impostos e Transferências de Impostos;1070;Identificação do percentual aplicado no pagamento da remuneração dos profissionais da educação básica em efetivo exercício
Cruz do Espírito Santo;201065;Prefeitura Municipal de Cruz do Espírito Santo;102025;2025;13210101;Remuneração de Depósitos Bancários - Principal;Lançamento de Receita;687,41;540;Transferências do FUNDEB - Impostos e Transferências de Impostos;"Não ";Não Aplicável
Cruz do Espírito Santo;201065;Prefeitura Municipal de Cruz do Espírito Santo;102025;2025;13210101;Remuneração de Depósitos Bancários - Principal;Lançamento de Receita;96.538,47;500;Recursos não vinculados de Impostos;"Não ";Não Aplicável
Cruz do Espírito Santo;201065;Prefeitura Municipal de Cruz do Espírito Santo;092025;2025;13210101;Remuneração de Depósitos Bancários - Principal;Lançamento de Receita;779,89;540;Transferências do FUNDEB - Impostos e Transferências de Impostos;1070;Identificação do percentual aplicado no pagamento da remuneração dos profissionais da educação básica em efetivo exercício
Cruz do Espírito Santo;201065;Prefeitura Municipal de Cruz do Espírito Santo;092025;2025;13210101;Remuneração de Depósitos Bancários - Principal;Lançamento de Receita;85.614,71;500;Recursos não vinculados de Impostos;"Não ";Não Aplicável
Cruz do Espírito Santo;201065;Prefeitura Municipal de Cruz do Espírito Santo;092025;2025;13210101;Remuneração de Depósitos Bancários - Principal;Lançamento de Receita;334,24;540;Transferências do FUNDEB - Impostos e Transferências de Impostos;"Não ";Não Aplicável
Cruz do Espírito Santo;201065;Prefeitura Municipal de Cruz do Espírito Santo;082025;2025;13210101;Remuneração de Depósitos Bancários - Principal;Lançamento de Receita;73.928,12;500;Recursos não vinculados de Impostos;"Não ";Não Aplicável
Cruz do Espírito Santo;201065;Prefeitura Municipal de Cruz do Espírito Santo;082025;2025;13210101;Remuneração de Depósitos Bancários - Principal;Lançamento de Receita;2.030,19;540;Transferências do FUNDEB - Impostos e Transferências de Impostos;1070;Identificação do percentual aplicado no pagamento da remuneração dos profissionais da educação básica em efetivo exercício
Cruz do Espírito Santo;201065;Prefeitura Municipal de Cruz do Espírito Santo;082025;2025;13210101;Remuneração de Depósitos Bancários - Principal;Lançamento de Receita;870,08;540;Transferências do FUNDEB - Impostos e Transferências de Impostos;"Não ";Não Aplicável
Cruz do Espírito Santo;201065;Prefeitura Municipal de Cruz do Espírito Santo;072025;2025;13210101;Remuneração de Depósitos Bancários - Principal;Lançamento de Receita;6.202,2;540;Transferências do FUNDEB - Impostos e Transferências de Impostos;1070;Identificação do percentual aplicado no pagamento da remuneração dos profissionais da educação básica em efetivo exercício
Cruz do Espírito Santo;201065;Prefeitura Municipal de Cruz do Espírito Santo;072025;2025;13210101;Remuneração de Depósitos Bancários - Principal;Lançamento de Receita;81.169,06;500;Recursos não vinculados de Impostos;"Não ";Não Aplicável
Cruz do Espírito Santo;201065;Prefeitura Municipal de Cruz do Espírito Santo;072025;2025;13210101;Remuneração de Depósitos Bancários - Principal;Lançamento de Receita;2.658,09;540;Transferências do FUNDEB - Impostos e Transferências de Impostos;"Não ";Não Aplicável
Cruz do Espírito Santo;201065;Prefeitura Municipal de Cruz do Espírito Santo;062025;2025;13210101;Remuneração de Depósitos Bancários - Principal;Lançamento de Receita;3.696,31;540;Transferências do FUNDEB - Impostos e Transferências de Impostos;"Não ";Não Aplicável
Cruz do Espírito Santo;201065;Prefeitura Municipal de Cruz do Espírito Santo;062025;2025;13210101;Remuneração de Depósitos Bancários - Principal;Lançamento de Receita;106.360,81;500;Recursos não vinculados de Impostos;"Não ";Não Aplicável
Cruz do Espírito Santo;201065;Prefeitura Municipal de Cruz do Espírito Santo;062025;2025;13210101;Remuneração de Depósitos Bancários - Principal;Lançamento de Receita;8.624,74;540;Transferências do FUNDEB - Impostos e Transferências de Impostos;1070;Identificação do percentual aplicado no pagamento da remuneração dos profissionais da educação básica em efetivo exercício
Cruz do Espírito Santo;201065;Prefeitura Municipal de Cruz do Espírito Santo;052025;2025;13210101;Remuneração de Depósitos Bancários - Principal;Lançamento de Receita;53.051,49;500;Recursos não vinculados de Impostos;"Não ";Não Aplicável
Cruz do Espírito Santo;201065;Prefeitura Municipal de Cruz do Espírito Santo;052025;2025;13210101;Remuneração de Depósitos Bancários - Principal;Lançamento de Receita;5.207,26;540;Transferências do FUNDEB - Impostos e Transferências de Impostos;"Não ";Não Aplicável
Cruz do Espírito Santo;201065;Prefeitura Municipal de Cruz do Espírito Santo;052025;2025;13210101;Remuneração de Depósitos Bancários - Principal;Lançamento de Receita;12.150,28;540;Transferências do FUNDEB - Impostos e Transferências de Impostos;1070;Identificação do percentual aplicado no pagamento da remuneração dos profissionais da educação básica em efetivo exercício
Cruz do Espírito Santo;201065;Prefeitura Municipal de Cruz do Espírito Santo;042025;2025;13210101;Remuneração de Depósitos Bancários - Principal;Lançamento de Receita;5.938,83;540;Transferências do FUNDEB - Impostos e Transferências de Impostos;"Não ";Não Aplicável
Cruz do Espírito Santo;201065;Prefeitura Municipal de Cruz do Espírito Santo;042025;2025;13210101;Remuneração de Depósitos Bancários - Principal;Lançamento de Receita;13.857,27;540;Transferências do FUNDEB - Impostos e Transferências de Impostos;1070;Identificação do percentual aplicado no pagamento da remuneração dos profissionais da educação básica em efetivo exercício
Cruz do Espírito Santo;201065;Prefeitura Municipal de Cruz do Espírito Santo;042025;2025;13210101;Remuneração de Depósitos Bancários - Principal;Lançamento de Receita;45.023,78;500;Recursos não vinculados de Impostos;"Não ";Não Aplicável
Cruz do Espírito Santo;201065;Prefeitura Municipal de Cruz do Espírito Santo;032025;2025;13210101;Remuneração de Depósitos Bancários - Principal;Lançamento de Receita;48.207,66;500;Recursos não vinculados de Impostos;"Não ";Não Aplicável
Cruz do Espírito Santo;201065;Prefeitura Municipal de Cruz do Espírito Santo;032025;2025;13210101;Remuneração de Depósitos Bancários - Principal;Lançamento de Receita;5.445,46;540;Transferências do FUNDEB - Impostos e Transferências de Impostos;"Não ";Não Aplicável
Cruz do Espírito Santo;201065;Prefeitura Municipal de Cruz do Espírito Santo;032025;2025;13210101;Remuneração de Depósitos Bancários - Principal;Lançamento de Receita;12.706,09;540;Transferências do FUNDEB - Impostos e Transferências de Impostos;1070;Identificação do percentual aplicado no pagamento da remuneração dos profissionais da educação básica em efetivo exercício
Cruz do Espírito Santo;201065;Prefeitura Municipal de Cruz do Espírito Santo;022025;2025;13210101;Remuneração de Depósitos Bancários - Principal;Lançamento de Receita;6.430,58;540;Transferências do FUNDEB - Impostos e Transferências de Impostos;"Não ";Não Aplicável
Cruz do Espírito Santo;201065;Prefeitura Municipal de Cruz do Espírito Santo;022025;2025;13210101;Remuneração de Depósitos Bancários - Principal;Lançamento de Receita;15.004,69;540;Transferências do FUNDEB - Impostos e Transferências de Impostos;1070;Identificação do percentual aplicado no pagamento da remuneração dos profissionais da educação básica em efetivo exercício
Cruz do Espírito Santo;201065;Prefeitura Municipal de Cruz do Espírito Santo;022025;2025;13210101;Remuneração de Depósitos Bancários - Principal;Lançamento de Receita;59.562,52;500;Recursos não vinculados de Impostos;"Não ";Não Aplicável
Cruz do Espírito Santo;201065;Prefeitura Municipal de Cruz do Espírito Santo;012025;2025;13210101;Remuneração de Depósitos Bancários - Principal;Lançamento de Receita;3.076,02;540;Transferências do FUNDEB - Impostos e Transferências de Impostos;"Não ";Não Aplicável
Cruz do Espírito Santo;201065;Prefeitura Municipal de Cruz do Espírito Santo;012025;2025;13210101;Remuneração de Depósitos Bancários - Principal;Lançamento de Receita;7.177,38;540;Transferências do FUNDEB - Impostos e Transferências de Impostos;1070;Identificação do percentual aplicado no pagamento da remuneração dos profissionais da educação básica em efetivo exercício
Cruz do Espírito Santo;201065;Prefeitura Municipal de Cruz do Espírito Santo;012025;2025;13210101;Remuneração de Depósitos Bancários - Principal;Lançamento de Receita;58.311,36;500;Recursos não vinculados de Impostos;"Não ";Não Aplicável
Cruz do Espírito Santo;201065;Prefeitura Municipal de Cruz do Espírito Santo;112025;2025;11220101;Taxas pela Prestação de Serviços em Geral - Principal;Lançamento de Receita;18,62;500;Recursos não vinculados de Impostos;1001;Identificação das despesas com manutenção e desenvolvimento do ensino
Cruz do Espírito Santo;201065;Prefeitura Municipal de Cruz do Espírito Santo;112025;2025;11220101;Taxas pela Prestação de Serviços em Geral - Principal;Lançamento de Receita;44,7;500;Recursos não vinculados de Impostos;"Não ";Não Aplicável
Cruz do Espírito Santo;201065;Prefeitura Municipal de Cruz do Espírito Santo;112025;2025;11220101;Taxas pela Prestação de Serviços em Geral - Principal;Lançamento de Receita;11,18;500;Recursos não vinculados de Impostos;1002;Identificação das despesas com ações e serviços públicos de saúde
Cruz do Espírito Santo;201065;Prefeitura Municipal de Cruz do Espírito Santo;102025;2025;11220101;Taxas pela Prestação de Serviços em Geral - Principal;Lançamento de Receita;28,03;500;Recursos não vinculados de Impostos;1002;Identificação das despesas com ações e serviços públicos de saúde
Cruz do Espírito Santo;201065;Prefeitura Municipal de Cruz do Espírito Santo;102025;2025;11220101;Taxas pela Prestação de Serviços em Geral - Principal;Lançamento de Receita;112,1;500;Recursos não vinculados de Impostos;"Não ";Não Aplicável
Cruz do Espírito Santo;201065;Prefeitura Municipal de Cruz do Espírito Santo;102025;2025;11220101;Taxas pela Prestação de Serviços em Geral - Principal;Lançamento de Receita;46,71;500;Recursos não vinculados de Impostos;1001;Identificação das despesas com manutenção e desenvolvimento do ensino
Cruz do Espírito Santo;201065;Prefeitura Municipal de Cruz do Espírito Santo;092025;2025;11220101;Taxas pela Prestação de Serviços em Geral - Principal;Lançamento de Receita;4,08;500;Recursos não vinculados de Impostos;1002;Identificação das despesas com ações e serviços públicos de saúde
Cruz do Espírito Santo;201065;Prefeitura Municipal de Cruz do Espírito Santo;092025;2025;11220101;Taxas pela Prestação de Serviços em Geral - Principal;Lançamento de Receita;6,78;500;Recursos não vinculados de Impostos;1001;Identificação das despesas com manutenção e desenvolvimento do ensino
Cruz do Espírito Santo;201065;Prefeitura Municipal de Cruz do Espírito Santo;092025;2025;11220101;Taxas pela Prestação de Serviços em Geral - Principal;Lançamento de Receita;16,29;500;Recursos não vinculados de Impostos;"Não ";Não Aplicável
Cruz do Espírito Santo;201065;Prefeitura Municipal de Cruz do Espírito Santo;082025;2025;11220101;Taxas pela Prestação de Serviços em Geral - Principal;Lançamento de Receita;223,6;500;Recursos não vinculados de Impostos;1002;Identificação das despesas com ações e serviços públicos de saúde
Cruz do Espírito Santo;201065;Prefeitura Municipal de Cruz do Espírito Santo;082025;2025;11220101;Taxas pela Prestação de Serviços em Geral - Principal;Lançamento de Receita;894,4;500;Recursos não vinculados de Impostos;"Não ";Não Aplicável
Cruz do Espírito Santo;201065;Prefeitura Municipal de Cruz do Espírito Santo;082025;2025;11220101;Taxas pela Prestação de Serviços em Geral - Principal;Lançamento de Receita;372,67;500;Recursos não vinculados de Impostos;1001;Identificação das despesas com manutenção e desenvolvimento do ensino
Cruz do Espírito Santo;201065;Prefeitura Municipal de Cruz do Espírito Santo;062025;2025;11220101;Taxas pela Prestação de Serviços em Geral - Principal;Lançamento de Receita;10,5;500;Recursos não vinculados de Impostos;1002;Identificação das despesas com ações e serviços públicos de saúde
Cruz do Espírito Santo;201065;Prefeitura Municipal de Cruz do Espírito Santo;062025;2025;11220101;Taxas pela Prestação de Serviços em Geral - Principal;Lançamento de Receita;17,5;500;Recursos não vinculados de Impostos;1001;Identificação das despesas com manutenção e desenvolvimento do ensino
Cruz do Espírito Santo;201065;Prefeitura Municipal de Cruz do Espírito Santo;062025;2025;11220101;Taxas pela Prestação de Serviços em Geral - Principal;Lançamento de Receita;42;500;Recursos não vinculados de Impostos;"Não ";Não Aplicável
Cruz do Espírito Santo;201065;Prefeitura Municipal de Cruz do Espírito Santo;052025;2025;11220101;Taxas pela Prestação de Serviços em Geral - Principal;Lançamento de Receita;736,49;500;Recursos não vinculados de Impostos;"Não ";Não Aplicável
Cruz do Espírito Santo;201065;Prefeitura Municipal de Cruz do Espírito Santo;052025;2025;11220101;Taxas pela Prestação de Serviços em Geral - Principal;Lançamento de Receita;306,87;500;Recursos não vinculados de Impostos;1001;Identificação das despesas com manutenção e desenvolvimento do ensino
Cruz do Espírito Santo;201065;Prefeitura Municipal de Cruz do Espírito Santo;052025;2025;11220101;Taxas pela Prestação de Serviços em Geral - Principal;Lançamento de Receita;184,12;500;Recursos não vinculados de Impostos;1002;Identificação das despesas com ações e serviços públicos de saúde
Cruz do Espírito Santo;201065;Prefeitura Municipal de Cruz do Espírito Santo;042025;2025;11220101;Taxas pela Prestação de Serviços em Geral - Principal;Lançamento de Receita;60;500;Recursos não vinculados de Impostos;"Não ";Não Aplicável
Cruz do Espírito Santo;201065;Prefeitura Municipal de Cruz do Espírito Santo;042025;2025;11220101;Taxas pela Prestação de Serviços em Geral - Principal;Lançamento de Receita;25;500;Recursos não vinculados de Impostos;1001;Identificação das despesas com manutenção e desenvolvimento do ensino
Cruz do Espírito Santo;201065;Prefeitura Municipal de Cruz do Espírito Santo;042025;2025;11220101;Taxas pela Prestação de Serviços em Geral - Principal;Lançamento de Receita;15;500;Recursos não vinculados de Impostos;1002;Identificação das despesas com ações e serviços públicos de saúde
Cruz do Espírito Santo;201065;Prefeitura Municipal de Cruz do Espírito Santo;032025;2025;11220101;Taxas pela Prestação de Serviços em Geral - Principal;Lançamento de Receita;762,38;500;Recursos não vinculados de Impostos;"Não ";Não Aplicável
Cruz do Espírito Santo;201065;Prefeitura Municipal de Cruz do Espírito Santo;032025;2025;11220101;Taxas pela Prestação de Serviços em Geral - Principal;Lançamento de Receita;190,59;500;Recursos não vinculados de Impostos;1002;Identificação das despesas com ações e serviços públicos de saúde
Cruz do Espírito Santo;201065;Prefeitura Municipal de Cruz do Espírito Santo;032025;2025;11220101;Taxas pela Prestação de Serviços em Geral - Principal;Lançamento de Receita;317,66;500;Recursos não vinculados de Impostos;1001;Identificação das despesas com manutenção e desenvolvimento do ensino
Cruz do Espírito Santo;201065;Prefeitura Municipal de Cruz do Espírito Santo;022025;2025;11220101;Taxas pela Prestação de Serviços em Geral - Principal;Lançamento de Receita;6,59;500;Recursos não vinculados de Impostos;"Não ";Não Aplicável
Cruz do Espírito Santo;201065;Prefeitura Municipal de Cruz do Espírito Santo;022025;2025;11220101;Taxas pela Prestação de Serviços em Geral - Principal;Lançamento de Receita;1,65;500;Recursos não vinculados de Impostos;1002;Identificação das despesas com ações e serviços públicos de saúde
Cruz do Espírito Santo;201065;Prefeitura Municipal de Cruz do Espírito Santo;022025;2025;11220101;Taxas pela Prestação de Serviços em Geral - Principal;Lançamento de Receita;2,74;500;Recursos não vinculados de Impostos;1001;Identificação das despesas com manutenção e desenvolvimento do ensino
Cruz do Espírito Santo;201065;Prefeitura Municipal de Cruz do Espírito Santo;122025;2025;11210101;Taxas de Inspeção, Controle e Fiscalização - Principal;Lançamento de Receita;4.890;500;Recursos não vinculados de Impostos;"Não ";Não Aplicável
Cruz do Espírito Santo;201065;Prefeitura Municipal de Cruz do Espírito Santo;112025;2025;11210101;Taxas de Inspeção, Controle e Fiscalização - Principal;Lançamento de Receita;230;500;Recursos não vinculados de Impostos;"Não ";Não Aplicável
Cruz do Espírito Santo;201065;Prefeitura Municipal de Cruz do Espírito Santo;102025;2025;11210101;Taxas de Inspeção, Controle e Fiscalização - Principal;Lançamento de Receita;1.375;500;Recursos não vinculados de Impostos;"Não ";Não Aplicável
Cruz do Espírito Santo;201065;Prefeitura Municipal de Cruz do Espírito Santo;092025;2025;11210101;Taxas de Inspeção, Controle e Fiscalização - Principal;Lançamento de Receita;2.012;500;Recursos não vinculados de Impostos;"Não ";Não Aplicável
Cruz do Espírito Santo;201065;Prefeitura Municipal de Cruz do Espírito Santo;082025;2025;11210101;Taxas de Inspeção, Controle e Fiscalização - Principal;Lançamento de Receita;1.162;500;Recursos não vinculados de Impostos;"Não ";Não Aplicável
Cruz do Espírito Santo;201065;Prefeitura Municipal de Cruz do Espírito Santo;072025;2025;11210101;Taxas de Inspeção, Controle e Fiscalização - Principal;Lançamento de Receita;1.287;500;Recursos não vinculados de Impostos;"Não ";Não Aplicável
Cruz do Espírito Santo;201065;Prefeitura Municipal de Cruz do Espírito Santo;062025;2025;11210101;Taxas de Inspeção, Controle e Fiscalização - Principal;Lançamento de Receita;1.332;500;Recursos não vinculados de Impostos;"Não ";Não Aplicável
Cruz do Espírito Santo;201065;Prefeitura Municipal de Cruz do Espírito Santo;052025;2025;11210101;Taxas de Inspeção, Controle e Fiscalização - Principal;Lançamento de Receita;1.677;500;Recursos não vinculados de Impostos;"Não ";Não Aplicável
Cruz do Espírito Santo;201065;Prefeitura Municipal de Cruz do Espírito Santo;042025;2025;11210101;Taxas de Inspeção, Controle e Fiscalização - Principal;Lançamento de Receita;1.896,7;500;Recursos não vinculados de Impostos;"Não ";Não Aplicável
Cruz do Espírito Santo;201065;Prefeitura Municipal de Cruz do Espírito Santo;032025;2025;11210101;Taxas de Inspeção, Controle e Fiscalização - Principal;Lançamento de Receita;3.156,7;500;Recursos não vinculados de Impostos;"Não ";Não Aplicável
Cruz do Espírito Santo;201065;Prefeitura Municipal de Cruz do Espírito Santo;022025;2025;11210101;Taxas de Inspeção, Controle e Fiscalização - Principal;Lançamento de Receita;5.691,7;500;Recursos não vinculados de Impostos;"Não ";Não Aplicável
Cruz do Espírito Santo;201065;Prefeitura Municipal de Cruz do Espírito Santo;012025;2025;11210101;Taxas de Inspeção, Controle e Fiscalização - Principal;Lançamento de Receita;5.472,36;500;Recursos não vinculados de Impostos;"Não ";Não Aplicável
Cruz do Espírito Santo;201065;Prefeitura Municipal de Cruz do Espírito Santo;122025;2025;11145111;Imposto sobre Serviços de Qualquer Natureza - ISSQN - Principal;Lançamento de Receita;16.140,9;500;Recursos não vinculados de Impostos;1002;Identificação das despesas com ações e serviços públicos de saúde
Cruz do Espírito Santo;201065;Prefeitura Municipal de Cruz do Espírito Santo;122025;2025;11145111;Imposto sobre Serviços de Qualquer Natureza - ISSQN - Principal;Lançamento de Receita;64.566,85;500;Recursos não vinculados de Impostos;"Não ";Não Aplicável
Cruz do Espírito Santo;201065;Prefeitura Municipal de Cruz do Espírito Santo;122025;2025;11145111;Imposto sobre Serviços de Qualquer Natureza - ISSQN - Principal;Lançamento de Receita;26.903,6;500;Recursos não vinculados de Impostos;1001;Identificação das despesas com manutenção e desenvolvimento do ensino
Cruz do Espírito Santo;201065;Prefeitura Municipal de Cruz do Espírito Santo;112025;2025;11145111;Imposto sobre Serviços de Qualquer Natureza - ISSQN - Principal;Lançamento de Receita;64.383,67;500;Recursos não vinculados de Impostos;"Não ";Não Aplicável
Cruz do Espírito Santo;201065;Prefeitura Municipal de Cruz do Espírito Santo;112025;2025;11145111;Imposto sobre Serviços de Qualquer Natureza - ISSQN - Principal;Lançamento de Receita;26.827,32;500;Recursos não vinculados de Impostos;1001;Identificação das despesas com manutenção e desenvolvimento do ensino
Cruz do Espírito Santo;201065;Prefeitura Municipal de Cruz do Espírito Santo;112025;2025;11145111;Imposto sobre Serviços de Qualquer Natureza - ISSQN - Principal;Lançamento de Receita;16.095,13;500;Recursos não vinculados de Impostos;1002;Identificação das despesas com ações e serviços públicos de saúde
Cruz do Espírito Santo;201065;Prefeitura Municipal de Cruz do Espírito Santo;102025;2025;11145111;Imposto sobre Serviços de Qualquer Natureza - ISSQN - Principal;Lançamento de Receita;14.856,57;500;Recursos não vinculados de Impostos;1002;Identificação das despesas com ações e serviços públicos de saúde
Cruz do Espírito Santo;201065;Prefeitura Municipal de Cruz do Espírito Santo;102025;2025;11145111;Imposto sobre Serviços de Qualquer Natureza - ISSQN - Principal;Lançamento de Receita;59.429,54;500;Recursos não vinculados de Impostos;"Não ";Não Aplicável
Cruz do Espírito Santo;201065;Prefeitura Municipal de Cruz do Espírito Santo;102025;2025;11145111;Imposto sobre Serviços de Qualquer Natureza - ISSQN - Principal;Lançamento de Receita;24.763,08;500;Recursos não vinculados de Impostos;1001;Identificação das despesas com manutenção e desenvolvimento do ensino
Cruz do Espírito Santo;201065;Prefeitura Municipal de Cruz do Espírito Santo;092025;2025;11145111;Imposto sobre Serviços de Qualquer Natureza - ISSQN - Principal;Lançamento de Receita;24.299,57;500;Recursos não vinculados de Impostos;1001;Identificação das despesas com manutenção e desenvolvimento do ensino
Cruz do Espírito Santo;201065;Prefeitura Municipal de Cruz do Espírito Santo;092025;2025;11145111;Imposto sobre Serviços de Qualquer Natureza - ISSQN - Principal;Lançamento de Receita;58.317,28;500;Recursos não vinculados de Impostos;"Não ";Não Aplicável
Cruz do Espírito Santo;201065;Prefeitura Municipal de Cruz do Espírito Santo;092025;2025;11145111;Imposto sobre Serviços de Qualquer Natureza - ISSQN - Principal;Lançamento de Receita;14.578,61;500;Recursos não vinculados de Impostos;1002;Identificação das despesas com ações e serviços públicos de saúde
Cruz do Espírito Santo;201065;Prefeitura Municipal de Cruz do Espírito Santo;082025;2025;11145111;Imposto sobre Serviços de Qualquer Natureza - ISSQN - Principal;Lançamento de Receita;66.590,08;500;Recursos não vinculados de Impostos;"Não ";Não Aplicável
Cruz do Espírito Santo;201065;Prefeitura Municipal de Cruz do Espírito Santo;082025;2025;11145111;Imposto sobre Serviços de Qualquer Natureza - ISSQN - Principal;Lançamento de Receita;16.646,81;500;Recursos não vinculados de Impostos;1002;Identificação das despesas com ações e serviços públicos de saúde
Cruz do Espírito Santo;201065;Prefeitura Municipal de Cruz do Espírito Santo;082025;2025;11145111;Imposto sobre Serviços de Qualquer Natureza - ISSQN - Principal;Lançamento de Receita;27.746,55;500;Recursos não vinculados de Impostos;1001;Identificação das despesas com manutenção e desenvolvimento do ensino
Cruz do Espírito Santo;201065;Prefeitura Municipal de Cruz do Espírito Santo;072025;2025;11145111;Imposto sobre Serviços de Qualquer Natureza - ISSQN - Principal;Lançamento de Receita;103.000,67;500;Recursos não vinculados de Impostos;"Não ";Não Aplicável
Cruz do Espírito Santo;201065;Prefeitura Municipal de Cruz do Espírito Santo;072025;2025;11145111;Imposto sobre Serviços de Qualquer Natureza - ISSQN - Principal;Lançamento de Receita;42.918,17;500;Recursos não vinculados de Impostos;1001;Identificação das despesas com manutenção e desenvolvimento do ensino
Cruz do Espírito Santo;201065;Prefeitura Municipal de Cruz do Espírito Santo;072025;2025;11145111;Imposto sobre Serviços de Qualquer Natureza - ISSQN - Principal;Lançamento de Receita;25.748,94;500;Recursos não vinculados de Impostos;1002;Identificação das despesas com ações e serviços públicos de saúde
Cruz do Espírito Santo;201065;Prefeitura Municipal de Cruz do Espírito Santo;062025;2025;11145111;Imposto sobre Serviços de Qualquer Natureza - ISSQN - Principal;Lançamento de Receita;64.234,56;500;Recursos não vinculados de Impostos;"Não ";Não Aplicável
Cruz do Espírito Santo;201065;Prefeitura Municipal de Cruz do Espírito Santo;062025;2025;11145111;Imposto sobre Serviços de Qualquer Natureza - ISSQN - Principal;Lançamento de Receita;16.058,28;500;Recursos não vinculados de Impostos;1002;Identificação das despesas com ações e serviços públicos de saúde
Cruz do Espírito Santo;201065;Prefeitura Municipal de Cruz do Espírito Santo;062025;2025;11145111;Imposto sobre Serviços de Qualquer Natureza - ISSQN - Principal;Lançamento de Receita;26.764,78;500;Recursos não vinculados de Impostos;1001;Identificação das despesas com manutenção e desenvolvimento do ensino
Cruz do Espírito Santo;201065;Prefeitura Municipal de Cruz do Espírito Santo;052025;2025;11145111;Imposto sobre Serviços de Qualquer Natureza - ISSQN - Principal;Lançamento de Receita;25.692,24;500;Recursos não vinculados de Impostos;1001;Identificação das despesas com manutenção e desenvolvimento do ensino
Cruz do Espírito Santo;201065;Prefeitura Municipal de Cruz do Espírito Santo;052025;2025;11145111;Imposto sobre Serviços de Qualquer Natureza - ISSQN - Principal;Lançamento de Receita;15.414,4;500;Recursos não vinculados de Impostos;1002;Identificação das despesas com ações e serviços públicos de saúde
Cruz do Espírito Santo;201065;Prefeitura Municipal de Cruz do Espírito Santo;052025;2025;11145111;Imposto sobre Serviços de Qualquer Natureza - ISSQN - Principal;Lançamento de Receita;61.659,97;500;Recursos não vinculados de Impostos;"Não ";Não Aplicável
Cruz do Espírito Santo;201065;Prefeitura Municipal de Cruz do Espírito Santo;042025;2025;11145111;Imposto sobre Serviços de Qualquer Natureza - ISSQN - Principal;Lançamento de Receita;70.933,64;500;Recursos não vinculados de Impostos;"Não ";Não Aplicável
Cruz do Espírito Santo;201065;Prefeitura Municipal de Cruz do Espírito Santo;042025;2025;11145111;Imposto sobre Serviços de Qualquer Natureza - ISSQN - Principal;Lançamento de Receita;29.556,24;500;Recursos não vinculados de Impostos;1001;Identificação das despesas com manutenção e desenvolvimento do ensino
Cruz do Espírito Santo;201065;Prefeitura Municipal de Cruz do Espírito Santo;042025;2025;11145111;Imposto sobre Serviços de Qualquer Natureza - ISSQN - Principal;Lançamento de Receita;17.732,77;500;Recursos não vinculados de Impostos;1002;Identificação das despesas com ações e serviços públicos de saúde
Cruz do Espírito Santo;201065;Prefeitura Municipal de Cruz do Espírito Santo;032025;2025;11145111;Imposto sobre Serviços de Qualquer Natureza - ISSQN - Principal;Lançamento de Receita;19.533,72;500;Recursos não vinculados de Impostos;1002;Identificação das despesas com ações e serviços públicos de saúde
Cruz do Espírito Santo;201065;Prefeitura Municipal de Cruz do Espírito Santo;032025;2025;11145111;Imposto sobre Serviços de Qualquer Natureza - ISSQN - Principal;Lançamento de Receita;78.136,79;500;Recursos não vinculados de Impostos;"Não ";Não Aplicável
Cruz do Espírito Santo;201065;Prefeitura Municipal de Cruz do Espírito Santo;032025;2025;11145111;Imposto sobre Serviços de Qualquer Natureza - ISSQN - Principal;Lançamento de Receita;32.557,47;500;Recursos não vinculados de Impostos;1001;Identificação das despesas com manutenção e desenvolvimento do ensino
Cruz do Espírito Santo;201065;Prefeitura Municipal de Cruz do Espírito Santo;022025;2025;11145111;Imposto sobre Serviços de Qualquer Natureza - ISSQN - Principal;Lançamento de Receita;32.382,73;500;Recursos não vinculados de Impostos;"Não ";Não Aplicável
Cruz do Espírito Santo;201065;Prefeitura Municipal de Cruz do Espírito Santo;022025;2025;11145111;Imposto sobre Serviços de Qualquer Natureza - ISSQN - Principal;Lançamento de Receita;13.493,2;500;Recursos não vinculados de Impostos;1001;Identificação das despesas com manutenção e desenvolvimento do ensino
Cruz do Espírito Santo;201065;Prefeitura Municipal de Cruz do Espírito Santo;022025;2025;11145111;Imposto sobre Serviços de Qualquer Natureza - ISSQN - Principal;Lançamento de Receita;8.095,24;500;Recursos não vinculados de Impostos;1002;Identificação das despesas com ações e serviços públicos de saúde
Cruz do Espírito Santo;201065;Prefeitura Municipal de Cruz do Espírito Santo;012025;2025;11145111;Imposto sobre Serviços de Qualquer Natureza - ISSQN - Principal;Lançamento de Receita;52.411,07;500;Recursos não vinculados de Impostos;"Não ";Não Aplicável
Cruz do Espírito Santo;201065;Prefeitura Municipal de Cruz do Espírito Santo;012025;2025;11145111;Imposto sobre Serviços de Qualquer Natureza - ISSQN - Principal;Lançamento de Receita;21.837,98;500;Recursos não vinculados de Impostos;1001;Identificação das despesas com manutenção e desenvolvimento do ensino
Cruz do Espírito Santo;201065;Prefeitura Municipal de Cruz do Espírito Santo;012025;2025;11145111;Imposto sobre Serviços de Qualquer Natureza - ISSQN - Principal;Lançamento de Receita;13.102,77;500;Recursos não vinculados de Impostos;1002;Identificação das despesas com ações e serviços públicos de saúde
Cruz do Espírito Santo;201065;Prefeitura Municipal de Cruz do Espírito Santo;122025;2025;11130311;Imposto sobre a Renda - Retido na Fonte - Trabalho - Principal;Lançamento de Receita;27.720,33;500;Recursos não vinculados de Impostos;1001;Identificação das despesas com manutenção e desenvolvimento do ensino
Cruz do Espírito Santo;201065;Prefeitura Municipal de Cruz do Espírito Santo;122025;2025;11130311;Imposto sobre a Renda - Retido na Fonte - Trabalho - Principal;Lançamento de Receita;207.902,28;500;Recursos não vinculados de Impostos;"Não ";Não Aplicável
Cruz do Espírito Santo;201065;Prefeitura Municipal de Cruz do Espírito Santo;122025;2025;11130311;Imposto sobre a Renda - Retido na Fonte - Trabalho - Principal;Lançamento de Receita;41.580,42;500;Recursos não vinculados de Impostos;1002;Identificação das despesas com ações e serviços públicos de saúde
Cruz do Espírito Santo;201065;Prefeitura Municipal de Cruz do Espírito Santo;112025;2025;11130311;Imposto sobre a Renda - Retido na Fonte - Trabalho - Principal;Lançamento de Receita;22.445,77;500;Recursos não vinculados de Impostos;1001;Identificação das despesas com manutenção e desenvolvimento do ensino
Cruz do Espírito Santo;201065;Prefeitura Municipal de Cruz do Espírito Santo;112025;2025;11130311;Imposto sobre a Renda - Retido na Fonte - Trabalho - Principal;Lançamento de Receita;33.668,72;500;Recursos não vinculados de Impostos;1002;Identificação das despesas com ações e serviços públicos de saúde
Cruz do Espírito Santo;201065;Prefeitura Municipal de Cruz do Espírito Santo;112025;2025;11130311;Imposto sobre a Renda - Retido na Fonte - Trabalho - Principal;Lançamento de Receita;168.343,23;500;Recursos não vinculados de Impostos;"Não ";Não Aplicável
Cruz do Espírito Santo;201065;Prefeitura Municipal de Cruz do Espírito Santo;102025;2025;11130311;Imposto sobre a Renda - Retido na Fonte - Trabalho - Principal;Lançamento de Receita;157.222,38;500;Recursos não vinculados de Impostos;"Não ";Não Aplicável
Cruz do Espírito Santo;201065;Prefeitura Municipal de Cruz do Espírito Santo;102025;2025;11130311;Imposto sobre a Renda - Retido na Fonte - Trabalho - Principal;Lançamento de Receita;20.962,98;500;Recursos não vinculados de Impostos;1001;Identificação das despesas com manutenção e desenvolvimento do ensino
Cruz do Espírito Santo;201065;Prefeitura Municipal de Cruz do Espírito Santo;102025;2025;11130311;Imposto sobre a Renda - Retido na Fonte - Trabalho - Principal;Lançamento de Receita;31.444,55;500;Recursos não vinculados de Impostos;1002;Identificação das despesas com ações e serviços públicos de saúde
Cruz do Espírito Santo;201065;Prefeitura Municipal de Cruz do Espírito Santo;092025;2025;11130311;Imposto sobre a Renda - Retido na Fonte - Trabalho - Principal;Lançamento de Receita;28.022,36;500;Recursos não vinculados de Impostos;1002;Identificação das despesas com ações e serviços públicos de saúde
Cruz do Espírito Santo;201065;Prefeitura Municipal de Cruz do Espírito Santo;092025;2025;11130311;Imposto sobre a Renda - Retido na Fonte - Trabalho - Principal;Lançamento de Receita;140.111,6;500;Recursos não vinculados de Impostos;"Não ";Não Aplicável
Cruz do Espírito Santo;201065;Prefeitura Municipal de Cruz do Espírito Santo;092025;2025;11130311;Imposto sobre a Renda - Retido na Fonte - Trabalho - Principal;Lançamento de Receita;18.681,55;500;Recursos não vinculados de Impostos;1001;Identificação das despesas com manutenção e desenvolvimento do ensino
Cruz do Espírito Santo;201065;Prefeitura Municipal de Cruz do Espírito Santo;082025;2025;11130311;Imposto sobre a Renda - Retido na Fonte - Trabalho - Principal;Lançamento de Receita;28.153,69;500;Recursos não vinculados de Impostos;1002;Identificação das despesas com ações e serviços públicos de saúde
Cruz do Espírito Santo;201065;Prefeitura Municipal de Cruz do Espírito Santo;082025;2025;11130311;Imposto sobre a Renda - Retido na Fonte - Trabalho - Principal;Lançamento de Receita;140.768,12;500;Recursos não vinculados de Impostos;"Não ";Não Aplicável
Cruz do Espírito Santo;201065;Prefeitura Municipal de Cruz do Espírito Santo;082025;2025;11130311;Imposto sobre a Renda - Retido na Fonte - Trabalho - Principal;Lançamento de Receita;18.769,1;500;Recursos não vinculados de Impostos;1001;Identificação das despesas com manutenção e desenvolvimento do ensino
Cruz do Espírito Santo;201065;Prefeitura Municipal de Cruz do Espírito Santo;072025;2025;11130311;Imposto sobre a Renda - Retido na Fonte - Trabalho - Principal;Lançamento de Receita;20.371,35;500;Recursos não vinculados de Impostos;1001;Identificação das despesas com manutenção e desenvolvimento do ensino
Cruz do Espírito Santo;201065;Prefeitura Municipal de Cruz do Espírito Santo;072025;2025;11130311;Imposto sobre a Renda - Retido na Fonte - Trabalho - Principal;Lançamento de Receita;152.784,95;500;Recursos não vinculados de Impostos;"Não ";Não Aplicável
Cruz do Espírito Santo;201065;Prefeitura Municipal de Cruz do Espírito Santo;072025;2025;11130311;Imposto sobre a Renda - Retido na Fonte - Trabalho - Principal;Lançamento de Receita;30.557,05;500;Recursos não vinculados de Impostos;1002;Identificação das despesas com ações e serviços públicos de saúde
Cruz do Espírito Santo;201065;Prefeitura Municipal de Cruz do Espírito Santo;062025;2025;11130311;Imposto sobre a Renda - Retido na Fonte - Trabalho - Principal;Lançamento de Receita;25.621,84;500;Recursos não vinculados de Impostos;1002;Identificação das despesas com ações e serviços públicos de saúde
Cruz do Espírito Santo;201065;Prefeitura Municipal de Cruz do Espírito Santo;062025;2025;11130311;Imposto sobre a Renda - Retido na Fonte - Trabalho - Principal;Lançamento de Receita;128.109,13;500;Recursos não vinculados de Impostos;"Não ";Não Aplicável
Cruz do Espírito Santo;201065;Prefeitura Municipal de Cruz do Espírito Santo;062025;2025;11130311;Imposto sobre a Renda - Retido na Fonte - Trabalho - Principal;Lançamento de Receita;17.081,24;500;Recursos não vinculados de Impostos;1001;Identificação das despesas com manutenção e desenvolvimento do ensino
Cruz do Espírito Santo;201065;Prefeitura Municipal de Cruz do Espírito Santo;052025;2025;11130311;Imposto sobre a Renda - Retido na Fonte - Trabalho - Principal;Lançamento de Receita;158.895,58;500;Recursos não vinculados de Impostos;"Não ";Não Aplicável
Cruz do Espírito Santo;201065;Prefeitura Municipal de Cruz do Espírito Santo;052025;2025;11130311;Imposto sobre a Renda - Retido na Fonte - Trabalho - Principal;Lançamento de Receita;21.186,07;500;Recursos não vinculados de Impostos;1001;Identificação das despesas com manutenção e desenvolvimento do ensino
Cruz do Espírito Santo;201065;Prefeitura Municipal de Cruz do Espírito Santo;052025;2025;11130311;Imposto sobre a Renda - Retido na Fonte - Trabalho - Principal;Lançamento de Receita;31.779,14;500;Recursos não vinculados de Impostos;1002;Identificação das despesas com ações e serviços públicos de saúde
Cruz do Espírito Santo;201065;Prefeitura Municipal de Cruz do Espírito Santo;042025;2025;11130311;Imposto sobre a Renda - Retido na Fonte - Trabalho - Principal;Lançamento de Receita;1.834;500;Recursos não vinculados de Impostos;1002;Identificação das despesas com ações e serviços públicos de saúde
Cruz do Espírito Santo;201065;Prefeitura Municipal de Cruz do Espírito Santo;042025;2025;11130311;Imposto sobre a Renda - Retido na Fonte - Trabalho - Principal;Lançamento de Receita;1.222,66;500;Recursos não vinculados de Impostos;1001;Identificação das despesas com manutenção e desenvolvimento do ensino
Cruz do Espírito Santo;201065;Prefeitura Municipal de Cruz do Espírito Santo;042025;2025;11130311;Imposto sobre a Renda - Retido na Fonte - Trabalho - Principal;Lançamento de Receita;9.169,97;500;Recursos não vinculados de Impostos;"Não ";Não Aplicável
Cruz do Espírito Santo;201065;Prefeitura Municipal de Cruz do Espírito Santo;032025;2025;11130311;Imposto sobre a Renda - Retido na Fonte - Trabalho - Principal;Lançamento de Receita;1.801,44;500;Recursos não vinculados de Impostos;1002;Identificação das despesas com ações e serviços públicos de saúde
Cruz do Espírito Santo;201065;Prefeitura Municipal de Cruz do Espírito Santo;032025;2025;11130311;Imposto sobre a Renda - Retido na Fonte - Trabalho - Principal;Lançamento de Receita;9.007,14;500;Recursos não vinculados de Impostos;"Não ";Não Aplicável
Cruz do Espírito Santo;201065;Prefeitura Municipal de Cruz do Espírito Santo;032025;2025;11130311;Imposto sobre a Renda - Retido na Fonte - Trabalho - Principal;Lançamento de Receita;1.200,95;500;Recursos não vinculados de Impostos;1001;Identificação das despesas com manutenção e desenvolvimento do ensino
Cruz do Espírito Santo;201065;Prefeitura Municipal de Cruz do Espírito Santo;022025;2025;11130311;Imposto sobre a Renda - Retido na Fonte - Trabalho - Principal;Lançamento de Receita;8.557,18;500;Recursos não vinculados de Impostos;"Não ";Não Aplicável
Cruz do Espírito Santo;201065;Prefeitura Municipal de Cruz do Espírito Santo;022025;2025;11130311;Imposto sobre a Renda - Retido na Fonte - Trabalho - Principal;Lançamento de Receita;1.140,96;500;Recursos não vinculados de Impostos;1001;Identificação das despesas com manutenção e desenvolvimento do ensino
Cruz do Espírito Santo;201065;Prefeitura Municipal de Cruz do Espírito Santo;022025;2025;11130311;Imposto sobre a Renda - Retido na Fonte - Trabalho - Principal;Lançamento de Receita;1.711,43;500;Recursos não vinculados de Impostos;1002;Identificação das despesas com ações e serviços públicos de saúde
Cruz do Espírito Santo;201065;Prefeitura Municipal de Cruz do Espírito Santo;012025;2025;11130311;Imposto sobre a Renda - Retido na Fonte - Trabalho - Principal;Lançamento de Receita;1.717,1;500;Recursos não vinculados de Impostos;1002;Identificação das despesas com ações e serviços públicos de saúde
Cruz do Espírito Santo;201065;Prefeitura Municipal de Cruz do Espírito Santo;012025;2025;11130311;Imposto sobre a Renda - Retido na Fonte - Trabalho - Principal;Lançamento de Receita;8.585,42;500;Recursos não vinculados de Impostos;"Não ";Não Aplicável
Cruz do Espírito Santo;201065;Prefeitura Municipal de Cruz do Espírito Santo;012025;2025;11130311;Imposto sobre a Renda - Retido na Fonte - Trabalho - Principal;Lançamento de Receita;1.144,73;500;Recursos não vinculados de Impostos;1001;Identificação das despesas com manutenção e desenvolvimento do ensino
Cruz do Espírito Santo;201065;Prefeitura Municipal de Cruz do Espírito Santo;122025;2025;11125001;Imposto sobre a Propriedade Predial e Territorial Urbana - Principal;Lançamento de Receita;308,9;500;Recursos não vinculados de Impostos;1002;Identificação das despesas com ações e serviços públicos de saúde
Cruz do Espírito Santo;201065;Prefeitura Municipal de Cruz do Espírito Santo;122025;2025;11125001;Imposto sobre a Propriedade Predial e Territorial Urbana - Principal;Lançamento de Receita;1.235,54;500;Recursos não vinculados de Impostos;"Não ";Não Aplicável
Cruz do Espírito Santo;201065;Prefeitura Municipal de Cruz do Espírito Santo;122025;2025;11125001;Imposto sobre a Propriedade Predial e Territorial Urbana - Principal;Lançamento de Receita;514,8;500;Recursos não vinculados de Impostos;1001;Identificação das despesas com manutenção e desenvolvimento do ensino
Cruz do Espírito Santo;201065;Prefeitura Municipal de Cruz do Espírito Santo;112025;2025;11125001;Imposto sobre a Propriedade Predial e Territorial Urbana - Principal;Lançamento de Receita;540,46;500;Recursos não vinculados de Impostos;1001;Identificação das despesas com manutenção e desenvolvimento do ensino
Cruz do Espírito Santo;201065;Prefeitura Municipal de Cruz do Espírito Santo;112025;2025;11125001;Imposto sobre a Propriedade Predial e Territorial Urbana - Principal;Lançamento de Receita;324,26;500;Recursos não vinculados de Impostos;1002;Identificação das despesas com ações e serviços públicos de saúde
Cruz do Espírito Santo;201065;Prefeitura Municipal de Cruz do Espírito Santo;112025;2025;11125001;Imposto sobre a Propriedade Predial e Territorial Urbana - Principal;Lançamento de Receita;1.297,15;500;Recursos não vinculados de Impostos;"Não ";Não Aplicável
Cruz do Espírito Santo;201065;Prefeitura Municipal de Cruz do Espírito Santo;102025;2025;11125001;Imposto sobre a Propriedade Predial e Territorial Urbana - Principal;Lançamento de Receita;867,49;500;Recursos não vinculados de Impostos;1001;Identificação das despesas com manutenção e desenvolvimento do ensino
Cruz do Espírito Santo;201065;Prefeitura Municipal de Cruz do Espírito Santo;102025;2025;11125001;Imposto sobre a Propriedade Predial e Territorial Urbana - Principal;Lançamento de Receita;520,49;500;Recursos não vinculados de Impostos;1002;Identificação das despesas com ações e serviços públicos de saúde
Cruz do Espírito Santo;201065;Prefeitura Municipal de Cruz do Espírito Santo;102025;2025;11125001;Imposto sobre a Propriedade Predial e Territorial Urbana - Principal;Lançamento de Receita;2.081,96;500;Recursos não vinculados de Impostos;"Não ";Não Aplicável
Cruz do Espírito Santo;201065;Prefeitura Municipal de Cruz do Espírito Santo;092025;2025;11125001;Imposto sobre a Propriedade Predial e Territorial Urbana - Principal;Lançamento de Receita;35,25;500;Recursos não vinculados de Impostos;1001;Identificação das despesas com manutenção e desenvolvimento do ensino
Cruz do Espírito Santo;201065;Prefeitura Municipal de Cruz do Espírito Santo;092025;2025;11125001;Imposto sobre a Propriedade Predial e Territorial Urbana - Principal;Lançamento de Receita;21,14;500;Recursos não vinculados de Impostos;1002;Identificação das despesas com ações e serviços públicos de saúde
Cruz do Espírito Santo;201065;Prefeitura Municipal de Cruz do Espírito Santo;092025;2025;11125001;Imposto sobre a Propriedade Predial e Territorial Urbana - Principal;Lançamento de Receita;84,58;500;Recursos não vinculados de Impostos;"Não ";Não Aplicável
Cruz do Espírito Santo;201065;Prefeitura Municipal de Cruz do Espírito Santo;072025;2025;11125001;Imposto sobre a Propriedade Predial e Territorial Urbana - Principal;Lançamento de Receita;17,15;500;Recursos não vinculados de Impostos;1002;Identificação das despesas com ações e serviços públicos de saúde
Cruz do Espírito Santo;201065;Prefeitura Municipal de Cruz do Espírito Santo;072025;2025;11125001;Imposto sobre a Propriedade Predial e Territorial Urbana - Principal;Lançamento de Receita;68,61;500;Recursos não vinculados de Impostos;"Não ";Não Aplicável
Cruz do Espírito Santo;201065;Prefeitura Municipal de Cruz do Espírito Santo;072025;2025;11125001;Imposto sobre a Propriedade Predial e Territorial Urbana - Principal;Lançamento de Receita;28,58;500;Recursos não vinculados de Impostos;1001;Identificação das despesas com manutenção e desenvolvimento do ensino
Cruz do Espírito Santo;201065;Prefeitura Municipal de Cruz do Espírito Santo;062025;2025;11125001;Imposto sobre a Propriedade Predial e Territorial Urbana - Principal;Lançamento de Receita;5,84;500;Recursos não vinculados de Impostos;1001;Identificação das despesas com manutenção e desenvolvimento do ensino
Cruz do Espírito Santo;201065;Prefeitura Municipal de Cruz do Espírito Santo;062025;2025;11125001;Imposto sobre a Propriedade Predial e Territorial Urbana - Principal;Lançamento de Receita;14,01;500;Recursos não vinculados de Impostos;"Não ";Não Aplicável
Cruz do Espírito Santo;201065;Prefeitura Municipal de Cruz do Espírito Santo;062025;2025;11125001;Imposto sobre a Propriedade Predial e Territorial Urbana - Principal;Lançamento de Receita;3,5;500;Recursos não vinculados de Impostos;1002;Identificação das despesas com ações e serviços públicos de saúde
Cruz do Espírito Santo;201065;Prefeitura Municipal de Cruz do Espírito Santo;052025;2025;11125001;Imposto sobre a Propriedade Predial e Territorial Urbana - Principal;Lançamento de Receita;451,52;500;Recursos não vinculados de Impostos;"Não ";Não Aplicável
Cruz do Espírito Santo;201065;Prefeitura Municipal de Cruz do Espírito Santo;052025;2025;11125001;Imposto sobre a Propriedade Predial e Territorial Urbana - Principal;Lançamento de Receita;112,9;500;Recursos não vinculados de Impostos;1002;Identificação das despesas com ações e serviços públicos de saúde
Cruz do Espírito Santo;201065;Prefeitura Municipal de Cruz do Espírito Santo;052025;2025;11125001;Imposto sobre a Propriedade Predial e Territorial Urbana - Principal;Lançamento de Receita;188,13;500;Recursos não vinculados de Impostos;1001;Identificação das despesas com manutenção e desenvolvimento do ensino
Cruz do Espírito Santo;201065;Prefeitura Municipal de Cruz do Espírito Santo;042025;2025;11125001;Imposto sobre a Propriedade Predial e Territorial Urbana - Principal;Lançamento de Receita;105.657,87;500;Recursos não vinculados de Impostos;"Não ";Não Aplicável
Cruz do Espírito Santo;201065;Prefeitura Municipal de Cruz do Espírito Santo;042025;2025;11125001;Imposto sobre a Propriedade Predial e Territorial Urbana - Principal;Lançamento de Receita;26.414,56;500;Recursos não vinculados de Impostos;1002;Identificação das despesas com ações e serviços públicos de saúde
Cruz do Espírito Santo;201065;Prefeitura Municipal de Cruz do Espírito Santo;042025;2025;11125001;Imposto sobre a Propriedade Predial e Territorial Urbana - Principal;Lançamento de Receita;44.024,07;500;Recursos não vinculados de Impostos;1001;Identificação das despesas com manutenção e desenvolvimento do ensino
Cruz do Espírito Santo;201065;Prefeitura Municipal de Cruz do Espírito Santo;032025;2025;11125001;Imposto sobre a Propriedade Predial e Territorial Urbana - Principal;Lançamento de Receita;26.672,33;500;Recursos não vinculados de Impostos;1002;Identificação das despesas com ações e serviços públicos de saúde
Cruz do Espírito Santo;201065;Prefeitura Municipal de Cruz do Espírito Santo;032025;2025;11125001;Imposto sobre a Propriedade Predial e Territorial Urbana - Principal;Lançamento de Receita;44.453,71;500;Recursos não vinculados de Impostos;1001;Identificação das despesas com manutenção e desenvolvimento do ensino
Cruz do Espírito Santo;201065;Prefeitura Municipal de Cruz do Espírito Santo;032025;2025;11125001;Imposto sobre a Propriedade Predial e Territorial Urbana - Principal;Lançamento de Receita;106.688,97;500;Recursos não vinculados de Impostos;"Não ";Não Aplicável
Cruz do Espírito Santo;201065;Prefeitura Municipal de Cruz do Espírito Santo;022025;2025;11125001;Imposto sobre a Propriedade Predial e Territorial Urbana - Principal;Lançamento de Receita;106.958,91;500;Recursos não vinculados de Impostos;"Não ";Não Aplicável
Cruz do Espírito Santo;201065;Prefeitura Municipal de Cruz do Espírito Santo;022025;2025;11125001;Imposto sobre a Propriedade Predial e Territorial Urbana - Principal;Lançamento de Receita;26.739,88;500;Recursos não vinculados de Impostos;1002;Identificação das despesas com ações e serviços públicos de saúde
Cruz do Espírito Santo;201065;Prefeitura Municipal de Cruz do Espírito Santo;022025;2025;11125001;Imposto sobre a Propriedade Predial e Territorial Urbana - Principal;Lançamento de Receita;44.566,16;500;Recursos não vinculados de Impostos;1001;Identificação das despesas com manutenção e desenvolvimento do ensino
Cruz do Espírito Santo;201065;Prefeitura Municipal de Cruz do Espírito Santo;012025;2025;11125001;Imposto sobre a Propriedade Predial e Territorial Urbana - Principal;Lançamento de Receita;86.908,1;500;Recursos não vinculados de Impostos;"Não ";Não Aplicável
Cruz do Espírito Santo;201065;Prefeitura Municipal de Cruz do Espírito Santo;012025;2025;11125001;Imposto sobre a Propriedade Predial e Territorial Urbana - Principal;Lançamento de Receita;21.727,12;500;Recursos não vinculados de Impostos;1002;Identificação das despesas com ações e serviços públicos de saúde
Cruz do Espírito Santo;201065;Prefeitura Municipal de Cruz do Espírito Santo;012025;2025;11125001;Imposto sobre a Propriedade Predial e Territorial Urbana - Principal;Lançamento de Receita;36.211,67;500;Recursos não vinculados de Impostos;1001;Identificação das despesas com manutenção e desenvolvimento do ensino
