municipio;codigo_unidade_gestora;descricao_unidade_gestora;mes_ano;ano;codigo_receita;descricao_receita;tipo_atualizacao_receita;valor;codigo_fonte_recurso;descricao_fonte_recurso;co;descricao_co
Santa Rita;201171;Prefeitura Municipal de Santa Rita;042026;2026;24149901;Outras Transferências de Convênios da União e de Suas Entidades - Principal;Lançamento de Receita;990.000;706;"Transferência Especial da União ";3110;Identificação das Transferências da União decorrentes de emendas parlamentares individuais
Santa Rita;201171;Prefeitura Municipal de Santa Rita;032026;2026;23110601;Amortização de Empréstimos Contratuais - Principal;Lançamento de Receita;3.169,42;501;Outros Recursos não Vinculados;"Não ";Não Aplicável
Santa Rita;201171;Prefeitura Municipal de Santa Rita;012026;2026;23110601;Amortização de Empréstimos Contratuais - Principal;Lançamento de Receita;2.093,72;501;Outros Recursos não Vinculados;"Não ";Não Aplicável
Santa Rita;201171;Prefeitura Municipal de Santa Rita;042026;2026;19999931;Outras Receitas Não Arrecadadas e Não Projetadas pela RFB - Financeiras - Principal;Lançamento de Receita;78.001,25;501;Outros Recursos não Vinculados;"Não ";Não Aplicável
Santa Rita;201171;Prefeitura Municipal de Santa Rita;032026;2026;19999931;Outras Receitas Não Arrecadadas e Não Projetadas pela RFB - Financeiras - Principal;Lançamento de Receita;31.588,34;501;Outros Recursos não Vinculados;"Não ";Não Aplicável
Santa Rita;201171;Prefeitura Municipal de Santa Rita;022026;2026;19999931;Outras Receitas Não Arrecadadas e Não Projetadas pela RFB - Financeiras - Principal;Lançamento de Receita;157.121,7;501;Outros Recursos não Vinculados;"Não ";Não Aplicável
Santa Rita;201171;Prefeitura Municipal de Santa Rita;012026;2026;19999931;Outras Receitas Não Arrecadadas e Não Projetadas pela RFB - Financeiras - Principal;Lançamento de Receita;9.142,39;501;Outros Recursos não Vinculados;"Não ";Não Aplicável
Santa Rita;201171;Prefeitura Municipal de Santa Rita;052026;2026;19991221;Ônus de Sucumbência - Principal;Lançamento de Receita;16.453,3;501;Outros Recursos não Vinculados;"Não ";Não Aplicável
Santa Rita;201171;Prefeitura Municipal de Santa Rita;042026;2026;19991221;Ônus de Sucumbência - Principal;Lançamento de Receita;15.365,13;501;Outros Recursos não Vinculados;"Não ";Não Aplicável
Santa Rita;201171;Prefeitura Municipal de Santa Rita;032026;2026;19991221;Ônus de Sucumbência - Principal;Lançamento de Receita;19.485,87;501;Outros Recursos não Vinculados;"Não ";Não Aplicável
Santa Rita;201171;Prefeitura Municipal de Santa Rita;022026;2026;19991221;Ônus de Sucumbência - Principal;Lançamento de Receita;9.048,07;501;Outros Recursos não Vinculados;"Não ";Não Aplicável
Santa Rita;201171;Prefeitura Municipal de Santa Rita;022026;2026;19110104;Multas Previstas em Legislação Específica - Dívida Ativa - Multas e Juros de Mora da Dívida Ativa;Lançamento de Receita;449;500;Recursos não vinculados de Impostos;"Não ";Não Aplicável
Santa Rita;201171;Prefeitura Municipal de Santa Rita;042026;2026;19110103;Multas Previstas em Legislação Específica - Dívida Ativa;Lançamento de Receita;3.727,07;500;Recursos não vinculados de Impostos;"Não ";Não Aplicável
Santa Rita;201171;Prefeitura Municipal de Santa Rita;032026;2026;19110103;Multas Previstas em Legislação Específica - Dívida Ativa;Lançamento de Receita;3.727,07;500;Recursos não vinculados de Impostos;"Não ";Não Aplicável
Santa Rita;201171;Prefeitura Municipal de Santa Rita;022026;2026;19110103;Multas Previstas em Legislação Específica - Dívida Ativa;Lançamento de Receita;22.669,39;500;Recursos não vinculados de Impostos;"Não ";Não Aplicável
Santa Rita;201171;Prefeitura Municipal de Santa Rita;052026;2026;19110102;Multas Previstas em Legislação Específica - Multas e Juros de Mora;Lançamento de Receita;608,31;500;Recursos não vinculados de Impostos;"Não ";Não Aplicável
Santa Rita;201171;Prefeitura Municipal de Santa Rita;052026;2026;19110101;Multas Previstas em Legislação Específica - Principal;Lançamento de Receita;1.900,95;500;Recursos não vinculados de Impostos;"Não ";Não Aplicável
Santa Rita;201171;Prefeitura Municipal de Santa Rita;042026;2026;19110101;Multas Previstas em Legislação Específica - Principal;Lançamento de Receita;10.138,4;500;Recursos não vinculados de Impostos;"Não ";Não Aplicável
Santa Rita;201171;Prefeitura Municipal de Santa Rita;032026;2026;19110101;Multas Previstas em Legislação Específica - Principal;Lançamento de Receita;9.504,75;500;Recursos não vinculados de Impostos;"Não ";Não Aplicável
Santa Rita;201171;Prefeitura Municipal de Santa Rita;022026;2026;19110101;Multas Previstas em Legislação Específica - Principal;Lançamento de Receita;17.468,2;500;Recursos não vinculados de Impostos;"Não ";Não Aplicável
Santa Rita;201171;Prefeitura Municipal de Santa Rita;012026;2026;19110101;Multas Previstas em Legislação Específica - Principal;Lançamento de Receita;1.812,99;500;Recursos não vinculados de Impostos;"Não ";Não Aplicável
Santa Rita;201171;Prefeitura Municipal de Santa Rita;052026;2026;17515001;Transferências de Recursos do Fundo de Manutenção e Desenvolvimento da Educação Básica e de Valorização dos Profissionais da Educação – FUNDEB - Principal;Lançamento de Receita;4.957.396,77;540;Transferências do FUNDEB - Impostos e Transferências de Impostos;"Não ";Não Aplicável
Santa Rita;201171;Prefeitura Municipal de Santa Rita;042026;2026;17515001;Transferências de Recursos do Fundo de Manutenção e Desenvolvimento da Educação Básica e de Valorização dos Profissionais da Educação – FUNDEB - Principal;Lançamento de Receita;7.745.947,05;540;Transferências do FUNDEB - Impostos e Transferências de Impostos;"Não ";Não Aplicável
Santa Rita;201171;Prefeitura Municipal de Santa Rita;032026;2026;17515001;Transferências de Recursos do Fundo de Manutenção e Desenvolvimento da Educação Básica e de Valorização dos Profissionais da Educação – FUNDEB - Principal;Lançamento de Receita;7.271.904,76;540;Transferências do FUNDEB - Impostos e Transferências de Impostos;"Não ";Não Aplicável
Santa Rita;201171;Prefeitura Municipal de Santa Rita;022026;2026;17515001;Transferências de Recursos do Fundo de Manutenção e Desenvolvimento da Educação Básica e de Valorização dos Profissionais da Educação – FUNDEB - Principal;Lançamento de Receita;9.111.885,45;540;Transferências do FUNDEB - Impostos e Transferências de Impostos;"Não ";Não Aplicável
Santa Rita;201171;Prefeitura Municipal de Santa Rita;012026;2026;17515001;Transferências de Recursos do Fundo de Manutenção e Desenvolvimento da Educação Básica e de Valorização dos Profissionais da Educação – FUNDEB - Principal;Lançamento de Receita;8.273.696,18;540;Transferências do FUNDEB - Impostos e Transferências de Impostos;"Não ";Não Aplicável
Santa Rita;201171;Prefeitura Municipal de Santa Rita;042026;2026;17225201;Cota-parte Royalties – Compensação Financeira pela Produção do Petróleo  - Principal;Lançamento de Receita;316.361,33;573;Royalties e Participação Especial de Petróleo e Gás Natural Vinculados à Educação - Lei nº 12.858/2013;"Não ";Não Aplicável
Santa Rita;201171;Prefeitura Municipal de Santa Rita;042026;2026;17225201;Cota-parte Royalties – Compensação Financeira pela Produção do Petróleo  - Principal;Lançamento de Receita;67.199,94;720;Transferências da União Referentes às participações na exploração de Petróleo e Gás Natural destinadas ao FEP - Lei 9.478/1997;"Não ";Não Aplicável
Santa Rita;201171;Prefeitura Municipal de Santa Rita;032026;2026;17225201;Cota-parte Royalties – Compensação Financeira pela Produção do Petróleo  - Principal;Lançamento de Receita;83.044,56;720;Transferências da União Referentes às participações na exploração de Petróleo e Gás Natural destinadas ao FEP - Lei 9.478/1997;"Não ";Não Aplicável
Santa Rita;201171;Prefeitura Municipal de Santa Rita;032026;2026;17225201;Cota-parte Royalties – Compensação Financeira pela Produção do Petróleo  - Principal;Lançamento de Receita;390.954,06;573;Royalties e Participação Especial de Petróleo e Gás Natural Vinculados à Educação - Lei nº 12.858/2013;"Não ";Não Aplicável
Santa Rita;201171;Prefeitura Municipal de Santa Rita;022026;2026;17225201;Cota-parte Royalties – Compensação Financeira pela Produção do Petróleo  - Principal;Lançamento de Receita;64.244,02;720;Transferências da União Referentes às participações na exploração de Petróleo e Gás Natural destinadas ao FEP - Lei 9.478/1997;"Não ";Não Aplicável
Santa Rita;201171;Prefeitura Municipal de Santa Rita;022026;2026;17225201;Cota-parte Royalties – Compensação Financeira pela Produção do Petróleo  - Principal;Lançamento de Receita;302.445,6;573;Royalties e Participação Especial de Petróleo e Gás Natural Vinculados à Educação - Lei nº 12.858/2013;"Não ";Não Aplicável
Santa Rita;201171;Prefeitura Municipal de Santa Rita;012026;2026;17225201;Cota-parte Royalties – Compensação Financeira pela Produção do Petróleo  - Principal;Lançamento de Receita;288.226,09;573;Royalties e Participação Especial de Petróleo e Gás Natural Vinculados à Educação - Lei nº 12.858/2013;"Não ";Não Aplicável
Santa Rita;201171;Prefeitura Municipal de Santa Rita;012026;2026;17225201;Cota-parte Royalties – Compensação Financeira pela Produção do Petróleo  - Principal;Lançamento de Receita;61.223,58;720;Transferências da União Referentes às participações na exploração de Petróleo e Gás Natural destinadas ao FEP - Lei 9.478/1997;"Não ";Não Aplicável
Santa Rita;201171;Prefeitura Municipal de Santa Rita;042026;2026;17215301;Cota-Parte da Contribuição de Intervenção no Domínio Econômico - Principal;Lançamento de Receita;39.143,74;750;Recursos da Contribuição de Intervenção no Domínio Econômico - CIDE;"Não ";Não Aplicável
Santa Rita;201171;Prefeitura Municipal de Santa Rita;012026;2026;17215301;Cota-Parte da Contribuição de Intervenção no Domínio Econômico - Principal;Lançamento de Receita;48.451,26;750;Recursos da Contribuição de Intervenção no Domínio Econômico - CIDE;"Não ";Não Aplicável
Santa Rita;201171;Prefeitura Municipal de Santa Rita;052026;2026;17215201;Cota-Parte do IPI - Municípios - Principal;Lançamento de Receita;188,65;500;Recursos não vinculados de Impostos;1002;Identificação das despesas com ações e serviços públicos de saúde
Santa Rita;201171;Prefeitura Municipal de Santa Rita;052026;2026;17215201;Cota-Parte do IPI - Municípios - Principal;Lançamento de Receita;754,56;500;Recursos não vinculados de Impostos;"Não ";Não Aplicável
Santa Rita;201171;Prefeitura Municipal de Santa Rita;052026;2026;17215201;Cota-Parte do IPI - Municípios - Principal;Lançamento de Receita;314,41;500;Recursos não vinculados de Impostos;1001;Identificação das despesas com manutenção e desenvolvimento do ensino
Santa Rita;201171;Prefeitura Municipal de Santa Rita;042026;2026;17215201;Cota-Parte do IPI - Municípios - Principal;Lançamento de Receita;431,58;500;Recursos não vinculados de Impostos;1001;Identificação das despesas com manutenção e desenvolvimento do ensino
Santa Rita;201171;Prefeitura Municipal de Santa Rita;042026;2026;17215201;Cota-Parte do IPI - Municípios - Principal;Lançamento de Receita;258,95;500;Recursos não vinculados de Impostos;1002;Identificação das despesas com ações e serviços públicos de saúde
Santa Rita;201171;Prefeitura Municipal de Santa Rita;042026;2026;17215201;Cota-Parte do IPI - Municípios - Principal;Lançamento de Receita;1.035,8;500;Recursos não vinculados de Impostos;"Não ";Não Aplicável
Santa Rita;201171;Prefeitura Municipal de Santa Rita;032026;2026;17215201;Cota-Parte do IPI - Municípios - Principal;Lançamento de Receita;240,73;500;Recursos não vinculados de Impostos;1002;Identificação das despesas com ações e serviços públicos de saúde
Santa Rita;201171;Prefeitura Municipal de Santa Rita;032026;2026;17215201;Cota-Parte do IPI - Municípios - Principal;Lançamento de Receita;401,2;500;Recursos não vinculados de Impostos;1001;Identificação das despesas com manutenção e desenvolvimento do ensino
Santa Rita;201171;Prefeitura Municipal de Santa Rita;032026;2026;17215201;Cota-Parte do IPI - Municípios - Principal;Lançamento de Receita;962,89;500;Recursos não vinculados de Impostos;"Não ";Não Aplicável
Santa Rita;201171;Prefeitura Municipal de Santa Rita;022026;2026;17215201;Cota-Parte do IPI - Municípios - Principal;Lançamento de Receita;448,03;500;Recursos não vinculados de Impostos;1001;Identificação das despesas com manutenção e desenvolvimento do ensino
Santa Rita;201171;Prefeitura Municipal de Santa Rita;022026;2026;17215201;Cota-Parte do IPI - Municípios - Principal;Dedução do Fundeb;-54,7;500;Recursos não vinculados de Impostos;1001;Identificação das despesas com manutenção e desenvolvimento do ensino
Santa Rita;201171;Prefeitura Municipal de Santa Rita;022026;2026;17215201;Cota-Parte do IPI - Municípios - Principal;Lançamento de Receita;1.129,97;500;Recursos não vinculados de Impostos;"Não ";Não Aplicável
Santa Rita;201171;Prefeitura Municipal de Santa Rita;022026;2026;17215201;Cota-Parte do IPI - Municípios - Principal;Lançamento de Receita;268,82;500;Recursos não vinculados de Impostos;1002;Identificação das despesas com ações e serviços públicos de saúde
Santa Rita;201171;Prefeitura Municipal de Santa Rita;012026;2026;17215201;Cota-Parte do IPI - Municípios - Principal;Lançamento de Receita;497,84;500;Recursos não vinculados de Impostos;1001;Identificação das despesas com manutenção e desenvolvimento do ensino
Santa Rita;201171;Prefeitura Municipal de Santa Rita;012026;2026;17215201;Cota-Parte do IPI - Municípios - Principal;Dedução do Fundeb;0;500;Recursos não vinculados de Impostos;1001;Identificação das despesas com manutenção e desenvolvimento do ensino
Santa Rita;201171;Prefeitura Municipal de Santa Rita;012026;2026;17215201;Cota-Parte do IPI - Municípios - Principal;Lançamento de Receita;1.194,79;500;Recursos não vinculados de Impostos;"Não ";Não Aplicável
Santa Rita;201171;Prefeitura Municipal de Santa Rita;012026;2026;17215201;Cota-Parte do IPI - Municípios - Principal;Lançamento de Receita;298,7;500;Recursos não vinculados de Impostos;1002;Identificação das despesas com ações e serviços públicos de saúde
Santa Rita;201171;Prefeitura Municipal de Santa Rita;052026;2026;17215101;Cota-Parte do IPVA - Principal;Lançamento de Receita;69.204,55;500;Recursos não vinculados de Impostos;1002;Identificação das despesas com ações e serviços públicos de saúde
Santa Rita;201171;Prefeitura Municipal de Santa Rita;052026;2026;17215101;Cota-Parte do IPVA - Principal;Lançamento de Receita;276.818,25;500;Recursos não vinculados de Impostos;"Não ";Não Aplicável
Santa Rita;201171;Prefeitura Municipal de Santa Rita;052026;2026;17215101;Cota-Parte do IPVA - Principal;Lançamento de Receita;115.340,93;500;Recursos não vinculados de Impostos;1001;Identificação das despesas com manutenção e desenvolvimento do ensino
Santa Rita;201171;Prefeitura Municipal de Santa Rita;042026;2026;17215101;Cota-Parte do IPVA - Principal;Lançamento de Receita;161.766,71;500;Recursos não vinculados de Impostos;1001;Identificação das despesas com manutenção e desenvolvimento do ensino
Santa Rita;201171;Prefeitura Municipal de Santa Rita;042026;2026;17215101;Cota-Parte do IPVA - Principal;Lançamento de Receita;388.240,14;500;Recursos não vinculados de Impostos;"Não ";Não Aplicável
Santa Rita;201171;Prefeitura Municipal de Santa Rita;042026;2026;17215101;Cota-Parte do IPVA - Principal;Lançamento de Receita;97.060,01;500;Recursos não vinculados de Impostos;1002;Identificação das despesas com ações e serviços públicos de saúde
Santa Rita;201171;Prefeitura Municipal de Santa Rita;032026;2026;17215101;Cota-Parte do IPVA - Principal;Dedução do Fundeb;-159.911,35;500;Recursos não vinculados de Impostos;1001;Identificação das despesas com manutenção e desenvolvimento do ensino
Santa Rita;201171;Prefeitura Municipal de Santa Rita;032026;2026;17215101;Cota-Parte do IPVA - Principal;Lançamento de Receita;159.911,31;500;Recursos não vinculados de Impostos;1001;Identificação das despesas com manutenção e desenvolvimento do ensino
Santa Rita;201171;Prefeitura Municipal de Santa Rita;032026;2026;17215101;Cota-Parte do IPVA - Principal;Lançamento de Receita;543.698,52;500;Recursos não vinculados de Impostos;"Não ";Não Aplicável
Santa Rita;201171;Prefeitura Municipal de Santa Rita;032026;2026;17215101;Cota-Parte do IPVA - Principal;Lançamento de Receita;95.946,81;500;Recursos não vinculados de Impostos;1002;Identificação das despesas com ações e serviços públicos de saúde
Santa Rita;201171;Prefeitura Municipal de Santa Rita;022026;2026;17215101;Cota-Parte do IPVA - Principal;Lançamento de Receita;81.783,92;500;Recursos não vinculados de Impostos;1002;Identificação das despesas com ações e serviços públicos de saúde
Santa Rita;201171;Prefeitura Municipal de Santa Rita;022026;2026;17215101;Cota-Parte do IPVA - Principal;Dedução do Fundeb;-109.045,23;500;Recursos não vinculados de Impostos;1001;Identificação das despesas com manutenção e desenvolvimento do ensino
Santa Rita;201171;Prefeitura Municipal de Santa Rita;022026;2026;17215101;Cota-Parte do IPVA - Principal;Lançamento de Receita;455.318,29;500;Recursos não vinculados de Impostos;"Não ";Não Aplicável
Santa Rita;201171;Prefeitura Municipal de Santa Rita;022026;2026;17215101;Cota-Parte do IPVA - Principal;Lançamento de Receita;136.306,54;500;Recursos não vinculados de Impostos;1001;Identificação das despesas com manutenção e desenvolvimento do ensino
Santa Rita;201171;Prefeitura Municipal de Santa Rita;012026;2026;17215101;Cota-Parte do IPVA - Principal;Dedução do Fundeb;-108.921,78;500;Recursos não vinculados de Impostos;1001;Identificação das despesas com manutenção e desenvolvimento do ensino
Santa Rita;201171;Prefeitura Municipal de Santa Rita;012026;2026;17215101;Cota-Parte do IPVA - Principal;Lançamento de Receita;448.462,4;500;Recursos não vinculados de Impostos;"Não ";Não Aplicável
Santa Rita;201171;Prefeitura Municipal de Santa Rita;012026;2026;17215101;Cota-Parte do IPVA - Principal;Lançamento de Receita;84.885,17;500;Recursos não vinculados de Impostos;1002;Identificação das despesas com ações e serviços públicos de saúde
Santa Rita;201171;Prefeitura Municipal de Santa Rita;012026;2026;17215101;Cota-Parte do IPVA - Principal;Lançamento de Receita;141.475,27;500;Recursos não vinculados de Impostos;1001;Identificação das despesas com manutenção e desenvolvimento do ensino
Santa Rita;201171;Prefeitura Municipal de Santa Rita;052026;2026;17215001;Cota-Parte do ICMS - Principal;Dedução do Fundeb;-956.968,41;500;Recursos não vinculados de Impostos;1001;Identificação das despesas com manutenção e desenvolvimento do ensino
Santa Rita;201171;Prefeitura Municipal de Santa Rita;052026;2026;17215001;Cota-Parte do ICMS - Principal;Lançamento de Receita;717.726,31;500;Recursos não vinculados de Impostos;1002;Identificação das despesas com ações e serviços públicos de saúde
Santa Rita;201171;Prefeitura Municipal de Santa Rita;052026;2026;17215001;Cota-Parte do ICMS - Principal;Lançamento de Receita;2.870.905,26;500;Recursos não vinculados de Impostos;"Não ";Não Aplicável
Santa Rita;201171;Prefeitura Municipal de Santa Rita;052026;2026;17215001;Cota-Parte do ICMS - Principal;Lançamento de Receita;1.196.210,52;500;Recursos não vinculados de Impostos;1001;Identificação das despesas com manutenção e desenvolvimento do ensino
Santa Rita;201171;Prefeitura Municipal de Santa Rita;042026;2026;17215001;Cota-Parte do ICMS - Principal;Dedução do Fundeb;-1.695.068,68;500;Recursos não vinculados de Impostos;1001;Identificação das despesas com manutenção e desenvolvimento do ensino
Santa Rita;201171;Prefeitura Municipal de Santa Rita;042026;2026;17215001;Cota-Parte do ICMS - Principal;Lançamento de Receita;1.271.301,52;500;Recursos não vinculados de Impostos;1002;Identificação das despesas com ações e serviços públicos de saúde
Santa Rita;201171;Prefeitura Municipal de Santa Rita;042026;2026;17215001;Cota-Parte do ICMS - Principal;Lançamento de Receita;2.118.835,86;500;Recursos não vinculados de Impostos;1001;Identificação das despesas com manutenção e desenvolvimento do ensino
Santa Rita;201171;Prefeitura Municipal de Santa Rita;042026;2026;17215001;Cota-Parte do ICMS - Principal;Lançamento de Receita;5.085.206,09;500;Recursos não vinculados de Impostos;"Não ";Não Aplicável
Santa Rita;201171;Prefeitura Municipal de Santa Rita;032026;2026;17215001;Cota-Parte do ICMS - Principal;Lançamento de Receita;2.195.796,27;500;Recursos não vinculados de Impostos;1001;Identificação das despesas com manutenção e desenvolvimento do ensino
Santa Rita;201171;Prefeitura Municipal de Santa Rita;032026;2026;17215001;Cota-Parte do ICMS - Principal;Lançamento de Receita;5.269.911,06;500;Recursos não vinculados de Impostos;"Não ";Não Aplicável
Santa Rita;201171;Prefeitura Municipal de Santa Rita;032026;2026;17215001;Cota-Parte do ICMS - Principal;Lançamento de Receita;1.317.477,76;500;Recursos não vinculados de Impostos;1002;Identificação das despesas com ações e serviços públicos de saúde
Santa Rita;201171;Prefeitura Municipal de Santa Rita;032026;2026;17215001;Cota-Parte do ICMS - Principal;Dedução do Fundeb;-1.756.637,02;500;Recursos não vinculados de Impostos;1001;Identificação das despesas com manutenção e desenvolvimento do ensino
Santa Rita;201171;Prefeitura Municipal de Santa Rita;022026;2026;17215001;Cota-Parte do ICMS - Principal;Lançamento de Receita;1.836.969,74;500;Recursos não vinculados de Impostos;1001;Identificação das despesas com manutenção e desenvolvimento do ensino
Santa Rita;201171;Prefeitura Municipal de Santa Rita;022026;2026;17215001;Cota-Parte do ICMS - Principal;Lançamento de Receita;1.102.181,83;500;Recursos não vinculados de Impostos;1002;Identificação das despesas com ações e serviços públicos de saúde
Santa Rita;201171;Prefeitura Municipal de Santa Rita;022026;2026;17215001;Cota-Parte do ICMS - Principal;Lançamento de Receita;4.408.727,38;500;Recursos não vinculados de Impostos;"Não ";Não Aplicável
Santa Rita;201171;Prefeitura Municipal de Santa Rita;022026;2026;17215001;Cota-Parte do ICMS - Principal;Dedução do Fundeb;-1.469.575,79;500;Recursos não vinculados de Impostos;1001;Identificação das despesas com manutenção e desenvolvimento do ensino
Santa Rita;201171;Prefeitura Municipal de Santa Rita;012026;2026;17215001;Cota-Parte do ICMS - Principal;Lançamento de Receita;2.139.898,54;500;Recursos não vinculados de Impostos;1001;Identificação das despesas com manutenção e desenvolvimento do ensino
Santa Rita;201171;Prefeitura Municipal de Santa Rita;012026;2026;17215001;Cota-Parte do ICMS - Principal;Dedução do Fundeb;-1.711.918,81;500;Recursos não vinculados de Impostos;1001;Identificação das despesas com manutenção e desenvolvimento do ensino
Santa Rita;201171;Prefeitura Municipal de Santa Rita;012026;2026;17215001;Cota-Parte do ICMS - Principal;Lançamento de Receita;1.283.939,12;500;Recursos não vinculados de Impostos;1002;Identificação das despesas com ações e serviços públicos de saúde
Santa Rita;201171;Prefeitura Municipal de Santa Rita;012026;2026;17215001;Cota-Parte do ICMS - Principal;Lançamento de Receita;5.135.756,5;500;Recursos não vinculados de Impostos;"Não ";Não Aplicável
Santa Rita;201171;Prefeitura Municipal de Santa Rita;042026;2026;17196001;Transferências da Política Nacional Aldir Blanc de Fomento à Cultura - Lei nº 14.399/2022 - Principal;Lançamento de Receita;13.223,18;719;Transferências da Política Nacional Aldir Blanc de Fomento à Cultura - Lei 14.399/2022;"Não ";Não Aplicável
Santa Rita;201171;Prefeitura Municipal de Santa Rita;032026;2026;17196001;Transferências da Política Nacional Aldir Blanc de Fomento à Cultura - Lei nº 14.399/2022 - Principal;Lançamento de Receita;1.205.653,17;719;Transferências da Política Nacional Aldir Blanc de Fomento à Cultura - Lei 14.399/2022;"Não ";Não Aplicável
Santa Rita;201171;Prefeitura Municipal de Santa Rita;022026;2026;17196001;Transferências da Política Nacional Aldir Blanc de Fomento à Cultura - Lei nº 14.399/2022 - Principal;Lançamento de Receita;1.617,4;719;Transferências da Política Nacional Aldir Blanc de Fomento à Cultura - Lei 14.399/2022;"Não ";Não Aplicável
Santa Rita;201171;Prefeitura Municipal de Santa Rita;042026;2026;17195801;Transferência Obrigatória Decorrente da Lei Complementar nº 176/2020 - Principal;Lançamento de Receita;4.797,1;501;Outros Recursos não Vinculados;"Não ";Não Aplicável
Santa Rita;201171;Prefeitura Municipal de Santa Rita;032026;2026;17195801;Transferência Obrigatória Decorrente da Lei Complementar nº 176/2020 - Principal;Lançamento de Receita;4.797,1;501;Outros Recursos não Vinculados;"Não ";Não Aplicável
Santa Rita;201171;Prefeitura Municipal de Santa Rita;022026;2026;17195801;Transferência Obrigatória Decorrente da Lei Complementar nº 176/2020 - Principal;Lançamento de Receita;4.797,1;501;Outros Recursos não Vinculados;"Não ";Não Aplicável
Santa Rita;201171;Prefeitura Municipal de Santa Rita;012026;2026;17195801;Transferência Obrigatória Decorrente da Lei Complementar nº 176/2020 - Principal;Lançamento de Receita;4.797,1;501;Outros Recursos não Vinculados;"Não ";Não Aplicável
Santa Rita;201171;Prefeitura Municipal de Santa Rita;042026;2026;17155101;Transferências de Recursos de Complementação da União ao Fundeb – VAAF - Principal;Lançamento de Receita;812.425,68;541;Transferências do FUNDEB - Complementação da União - VAAF;"Não ";Não Aplicável
Santa Rita;201171;Prefeitura Municipal de Santa Rita;032026;2026;17155101;Transferências de Recursos de Complementação da União ao Fundeb – VAAF - Principal;Lançamento de Receita;369.281,22;541;Transferências do FUNDEB - Complementação da União - VAAF;"Não ";Não Aplicável
Santa Rita;201171;Prefeitura Municipal de Santa Rita;022026;2026;17155101;Transferências de Recursos de Complementação da União ao Fundeb – VAAF - Principal;Lançamento de Receita;338.507,78;541;Transferências do FUNDEB - Complementação da União - VAAF;"Não ";Não Aplicável
Santa Rita;201171;Prefeitura Municipal de Santa Rita;012026;2026;17155101;Transferências de Recursos de Complementação da União ao Fundeb – VAAF - Principal;Lançamento de Receita;829.523,8;541;Transferências do FUNDEB - Complementação da União - VAAF;"Não ";Não Aplicável
Santa Rita;201171;Prefeitura Municipal de Santa Rita;042026;2026;17155001;Transferências de Recursos de Complementação da União ao Fundeb – VAAT - Principal;Lançamento de Receita;956.742,44;542;Transferências do FUNDEB - Complementação da União - VAAT;"Não ";Não Aplicável
Santa Rita;201171;Prefeitura Municipal de Santa Rita;032026;2026;17155001;Transferências de Recursos de Complementação da União ao Fundeb – VAAT - Principal;Lançamento de Receita;824.935,57;542;Transferências do FUNDEB - Complementação da União - VAAT;"Não ";Não Aplicável
Santa Rita;201171;Prefeitura Municipal de Santa Rita;022026;2026;17155001;Transferências de Recursos de Complementação da União ao Fundeb – VAAT - Principal;Lançamento de Receita;756.190,94;542;Transferências do FUNDEB - Complementação da União - VAAT;"Não ";Não Aplicável
Santa Rita;201171;Prefeitura Municipal de Santa Rita;012026;2026;17155001;Transferências de Recursos de Complementação da União ao Fundeb – VAAT - Principal;Lançamento de Receita;2.788.922,21;542;Transferências do FUNDEB - Complementação da União - VAAT;"Não ";Não Aplicável
Santa Rita;201171;Prefeitura Municipal de Santa Rita;032026;2026;17149901;Outras Transferências Diretas do Fundo Nacional do Desenvolvimento da Educação - FNDE - Principal;Lançamento de Receita;8,47;569;Outras Transferências de Recursos do FNDE;"Não ";Não Aplicável
Santa Rita;201171;Prefeitura Municipal de Santa Rita;022026;2026;17149901;Outras Transferências Diretas do Fundo Nacional do Desenvolvimento da Educação - FNDE - Principal;Lançamento de Receita;580.721,15;569;Outras Transferências de Recursos do FNDE;"Não ";Não Aplicável
Santa Rita;201171;Prefeitura Municipal de Santa Rita;012026;2026;17149901;Outras Transferências Diretas do Fundo Nacional do Desenvolvimento da Educação - FNDE - Principal;Lançamento de Receita;394.190,18;569;Outras Transferências de Recursos do FNDE;"Não ";Não Aplicável
Santa Rita;201171;Prefeitura Municipal de Santa Rita;042026;2026;17145301;Transferências referentes ao Programa Nacional de Apoio ao Transporte do Escolar – PNATE - Principal;Lançamento de Receita;129.121,11;553;"Transferências de Recursos do FNDE Referentes ao Programa Nacional de Apoio ao Transporte Escolar (PNATE) ";"Não ";Não Aplicável
Santa Rita;201171;Prefeitura Municipal de Santa Rita;042026;2026;17145201;Transferências referentes ao Programa Nacional de Alimentação Escolar – PNAE - Principal;Lançamento de Receita;257.798,5;552;Transferências de Recursos do FNDE Referentes ao Programa Nacional de Alimentação Escolar (PNAE);"Não ";Não Aplicável
Santa Rita;201171;Prefeitura Municipal de Santa Rita;032026;2026;17145201;Transferências referentes ao Programa Nacional de Alimentação Escolar – PNAE - Principal;Lançamento de Receita;257.798,5;552;Transferências de Recursos do FNDE Referentes ao Programa Nacional de Alimentação Escolar (PNAE);"Não ";Não Aplicável
Santa Rita;201171;Prefeitura Municipal de Santa Rita;022026;2026;17145201;Transferências referentes ao Programa Nacional de Alimentação Escolar – PNAE - Principal;Lançamento de Receita;257.798,5;552;Transferências de Recursos do FNDE Referentes ao Programa Nacional de Alimentação Escolar (PNAE);"Não ";Não Aplicável
Santa Rita;201171;Prefeitura Municipal de Santa Rita;042026;2026;17145001;Transferências do Salário-Educação - Principal;Lançamento de Receita;695.266,39;550;Transferência do Salário-Educação;"Não ";Não Aplicável
Santa Rita;201171;Prefeitura Municipal de Santa Rita;032026;2026;17145001;Transferências do Salário-Educação - Principal;Lançamento de Receita;696.260,73;550;Transferência do Salário-Educação;"Não ";Não Aplicável
Santa Rita;201171;Prefeitura Municipal de Santa Rita;022026;2026;17145001;Transferências do Salário-Educação - Principal;Lançamento de Receita;675.457,8;550;Transferência do Salário-Educação;"Não ";Não Aplicável
Santa Rita;201171;Prefeitura Municipal de Santa Rita;012026;2026;17145001;Transferências do Salário-Educação - Principal;Lançamento de Receita;1.146.015,69;550;Transferência do Salário-Educação;"Não ";Não Aplicável
Santa Rita;201171;Prefeitura Municipal de Santa Rita;042026;2026;17125241;Cota-Parte do Fundo Especial do Petróleo – FEP - Principal;Lançamento de Receita;316.589,52;720;Transferências da União Referentes às participações na exploração de Petróleo e Gás Natural destinadas ao FEP - Lei 9.478/1997;"Não ";Não Aplicável
Santa Rita;201171;Prefeitura Municipal de Santa Rita;032026;2026;17125241;Cota-Parte do Fundo Especial do Petróleo – FEP - Principal;Lançamento de Receita;335.770,64;720;Transferências da União Referentes às participações na exploração de Petróleo e Gás Natural destinadas ao FEP - Lei 9.478/1997;"Não ";Não Aplicável
Santa Rita;201171;Prefeitura Municipal de Santa Rita;022026;2026;17125241;Cota-Parte do Fundo Especial do Petróleo – FEP - Principal;Lançamento de Receita;317.363,52;720;Transferências da União Referentes às participações na exploração de Petróleo e Gás Natural destinadas ao FEP - Lei 9.478/1997;"Não ";Não Aplicável
Santa Rita;201171;Prefeitura Municipal de Santa Rita;012026;2026;17125241;Cota-Parte do Fundo Especial do Petróleo – FEP - Principal;Lançamento de Receita;282.882,23;720;Transferências da União Referentes às participações na exploração de Petróleo e Gás Natural destinadas ao FEP - Lei 9.478/1997;"Não ";Não Aplicável
Santa Rita;201171;Prefeitura Municipal de Santa Rita;052026;2026;17125101;Cota-parte da Compensação Financeira pela Exploração de Recursos Minerais - CFEM - Principal;Lançamento de Receita;10.388,99;720;Transferências da União Referentes às participações na exploração de Petróleo e Gás Natural destinadas ao FEP - Lei 9.478/1997;"Não ";Não Aplicável
Santa Rita;201171;Prefeitura Municipal de Santa Rita;042026;2026;17125101;Cota-parte da Compensação Financeira pela Exploração de Recursos Minerais - CFEM - Principal;Lançamento de Receita;97.390,72;720;Transferências da União Referentes às participações na exploração de Petróleo e Gás Natural destinadas ao FEP - Lei 9.478/1997;"Não ";Não Aplicável
Santa Rita;201171;Prefeitura Municipal de Santa Rita;032026;2026;17125101;Cota-parte da Compensação Financeira pela Exploração de Recursos Minerais - CFEM - Principal;Lançamento de Receita;94.744,64;720;Transferências da União Referentes às participações na exploração de Petróleo e Gás Natural destinadas ao FEP - Lei 9.478/1997;"Não ";Não Aplicável
Santa Rita;201171;Prefeitura Municipal de Santa Rita;022026;2026;17125101;Cota-parte da Compensação Financeira pela Exploração de Recursos Minerais - CFEM - Principal;Lançamento de Receita;82.873,62;720;Transferências da União Referentes às participações na exploração de Petróleo e Gás Natural destinadas ao FEP - Lei 9.478/1997;"Não ";Não Aplicável
Santa Rita;201171;Prefeitura Municipal de Santa Rita;012026;2026;17125101;Cota-parte da Compensação Financeira pela Exploração de Recursos Minerais - CFEM - Principal;Lançamento de Receita;73.999,7;720;Transferências da União Referentes às participações na exploração de Petróleo e Gás Natural destinadas ao FEP - Lei 9.478/1997;"Não ";Não Aplicável
Santa Rita;201171;Prefeitura Municipal de Santa Rita;052026;2026;17115201;Cota-Parte do Imposto Sobre a Propriedade Territorial Rural - Principal;Lançamento de Receita;78,54;500;Recursos não vinculados de Impostos;1002;Identificação das despesas com ações e serviços públicos de saúde
Santa Rita;201171;Prefeitura Municipal de Santa Rita;052026;2026;17115201;Cota-Parte do Imposto Sobre a Propriedade Territorial Rural - Principal;Lançamento de Receita;130,9;500;Recursos não vinculados de Impostos;1001;Identificação das despesas com manutenção e desenvolvimento do ensino
Santa Rita;201171;Prefeitura Municipal de Santa Rita;052026;2026;17115201;Cota-Parte do Imposto Sobre a Propriedade Territorial Rural - Principal;Dedução do Fundeb;-104,72;500;Recursos não vinculados de Impostos;1001;Identificação das despesas com manutenção e desenvolvimento do ensino
Santa Rita;201171;Prefeitura Municipal de Santa Rita;052026;2026;17115201;Cota-Parte do Imposto Sobre a Propriedade Territorial Rural - Principal;Lançamento de Receita;314,16;500;Recursos não vinculados de Impostos;"Não ";Não Aplicável
Santa Rita;201171;Prefeitura Municipal de Santa Rita;042026;2026;17115201;Cota-Parte do Imposto Sobre a Propriedade Territorial Rural - Principal;Lançamento de Receita;13.434,79;500;Recursos não vinculados de Impostos;1001;Identificação das despesas com manutenção e desenvolvimento do ensino
Santa Rita;201171;Prefeitura Municipal de Santa Rita;042026;2026;17115201;Cota-Parte do Imposto Sobre a Propriedade Territorial Rural - Principal;Lançamento de Receita;8.060,88;500;Recursos não vinculados de Impostos;1002;Identificação das despesas com ações e serviços públicos de saúde
Santa Rita;201171;Prefeitura Municipal de Santa Rita;042026;2026;17115201;Cota-Parte do Imposto Sobre a Propriedade Territorial Rural - Principal;Lançamento de Receita;32.243,5;500;Recursos não vinculados de Impostos;"Não ";Não Aplicável
Santa Rita;201171;Prefeitura Municipal de Santa Rita;042026;2026;17115201;Cota-Parte do Imposto Sobre a Propriedade Territorial Rural - Principal;Dedução do Fundeb;-10.747,82;500;Recursos não vinculados de Impostos;1001;Identificação das despesas com manutenção e desenvolvimento do ensino
Santa Rita;201171;Prefeitura Municipal de Santa Rita;032026;2026;17115201;Cota-Parte do Imposto Sobre a Propriedade Territorial Rural - Principal;Lançamento de Receita;10.258,63;500;Recursos não vinculados de Impostos;"Não ";Não Aplicável
Santa Rita;201171;Prefeitura Municipal de Santa Rita;032026;2026;17115201;Cota-Parte do Imposto Sobre a Propriedade Territorial Rural - Principal;Lançamento de Receita;2.564,65;500;Recursos não vinculados de Impostos;1002;Identificação das despesas com ações e serviços públicos de saúde
Santa Rita;201171;Prefeitura Municipal de Santa Rita;032026;2026;17115201;Cota-Parte do Imposto Sobre a Propriedade Territorial Rural - Principal;Lançamento de Receita;4.274,42;500;Recursos não vinculados de Impostos;1001;Identificação das despesas com manutenção e desenvolvimento do ensino
Santa Rita;201171;Prefeitura Municipal de Santa Rita;032026;2026;17115201;Cota-Parte do Imposto Sobre a Propriedade Territorial Rural - Principal;Dedução do Fundeb;-3.419,52;500;Recursos não vinculados de Impostos;1001;Identificação das despesas com manutenção e desenvolvimento do ensino
Santa Rita;201171;Prefeitura Municipal de Santa Rita;022026;2026;17115201;Cota-Parte do Imposto Sobre a Propriedade Territorial Rural - Principal;Dedução do Fundeb;-303,97;500;Recursos não vinculados de Impostos;1001;Identificação das despesas com manutenção e desenvolvimento do ensino
Santa Rita;201171;Prefeitura Municipal de Santa Rita;022026;2026;17115201;Cota-Parte do Imposto Sobre a Propriedade Territorial Rural - Principal;Lançamento de Receita;379,99;500;Recursos não vinculados de Impostos;1001;Identificação das despesas com manutenção e desenvolvimento do ensino
Santa Rita;201171;Prefeitura Municipal de Santa Rita;022026;2026;17115201;Cota-Parte do Imposto Sobre a Propriedade Territorial Rural - Principal;Lançamento de Receita;911,97;500;Recursos não vinculados de Impostos;"Não ";Não Aplicável
Santa Rita;201171;Prefeitura Municipal de Santa Rita;022026;2026;17115201;Cota-Parte do Imposto Sobre a Propriedade Territorial Rural - Principal;Lançamento de Receita;227,99;500;Recursos não vinculados de Impostos;1002;Identificação das despesas com ações e serviços públicos de saúde
Santa Rita;201171;Prefeitura Municipal de Santa Rita;012026;2026;17115201;Cota-Parte do Imposto Sobre a Propriedade Territorial Rural - Principal;Lançamento de Receita;4.013;500;Recursos não vinculados de Impostos;1002;Identificação das despesas com ações e serviços públicos de saúde
Santa Rita;201171;Prefeitura Municipal de Santa Rita;012026;2026;17115201;Cota-Parte do Imposto Sobre a Propriedade Territorial Rural - Principal;Lançamento de Receita;6.688,34;500;Recursos não vinculados de Impostos;1001;Identificação das despesas com manutenção e desenvolvimento do ensino
Santa Rita;201171;Prefeitura Municipal de Santa Rita;012026;2026;17115201;Cota-Parte do Imposto Sobre a Propriedade Territorial Rural - Principal;Lançamento de Receita;16.052,02;500;Recursos não vinculados de Impostos;"Não ";Não Aplicável
Santa Rita;201171;Prefeitura Municipal de Santa Rita;012026;2026;17115201;Cota-Parte do Imposto Sobre a Propriedade Territorial Rural - Principal;Dedução do Fundeb;-5.350,67;500;Recursos não vinculados de Impostos;1001;Identificação das despesas com manutenção e desenvolvimento do ensino
Santa Rita;201171;Prefeitura Municipal de Santa Rita;032026;2026;17115121;Cota-Parte do Fundo de Participação dos Municípios - Cotas Extraordinárias - Principal;Lançamento de Receita;0;500;Recursos não vinculados de Impostos;"Não ";Não Aplicável
Santa Rita;201171;Prefeitura Municipal de Santa Rita;022026;2026;17115121;Cota-Parte do Fundo de Participação dos Municípios - Cotas Extraordinárias - Principal;Lançamento de Receita;0;500;Recursos não vinculados de Impostos;"Não ";Não Aplicável
Santa Rita;201171;Prefeitura Municipal de Santa Rita;052026;2026;17115111;Cota-Parte do Fundo de Participação dos Municípios - Cota Mensal - Principal;Lançamento de Receita;6.855.839,86;500;Recursos não vinculados de Impostos;"Não ";Não Aplicável
Santa Rita;201171;Prefeitura Municipal de Santa Rita;052026;2026;17115111;Cota-Parte do Fundo de Participação dos Municípios - Cota Mensal - Principal;Lançamento de Receita;2.856.599,94;500;Recursos não vinculados de Impostos;1001;Identificação das despesas com manutenção e desenvolvimento do ensino
Santa Rita;201171;Prefeitura Municipal de Santa Rita;052026;2026;17115111;Cota-Parte do Fundo de Participação dos Municípios - Cota Mensal - Principal;Dedução do Fundeb;-2.285.279,92;500;Recursos não vinculados de Impostos;1001;Identificação das despesas com manutenção e desenvolvimento do ensino
Santa Rita;201171;Prefeitura Municipal de Santa Rita;052026;2026;17115111;Cota-Parte do Fundo de Participação dos Municípios - Cota Mensal - Principal;Lançamento de Receita;1.713.959,96;500;Recursos não vinculados de Impostos;1002;Identificação das despesas com ações e serviços públicos de saúde
Santa Rita;201171;Prefeitura Municipal de Santa Rita;042026;2026;17115111;Cota-Parte do Fundo de Participação dos Municípios - Cota Mensal - Principal;Lançamento de Receita;2.628.311,49;500;Recursos não vinculados de Impostos;1002;Identificação das despesas com ações e serviços públicos de saúde
Santa Rita;201171;Prefeitura Municipal de Santa Rita;042026;2026;17115111;Cota-Parte do Fundo de Participação dos Municípios - Cota Mensal - Principal;Lançamento de Receita;10.513.245,95;500;Recursos não vinculados de Impostos;"Não ";Não Aplicável
Santa Rita;201171;Prefeitura Municipal de Santa Rita;042026;2026;17115111;Cota-Parte do Fundo de Participação dos Municípios - Cota Mensal - Principal;Dedução do Fundeb;-3.504.415,23;500;Recursos não vinculados de Impostos;1001;Identificação das despesas com manutenção e desenvolvimento do ensino
Santa Rita;201171;Prefeitura Municipal de Santa Rita;042026;2026;17115111;Cota-Parte do Fundo de Participação dos Municípios - Cota Mensal - Principal;Lançamento de Receita;4.380.519,15;500;Recursos não vinculados de Impostos;1001;Identificação das despesas com manutenção e desenvolvimento do ensino
Santa Rita;201171;Prefeitura Municipal de Santa Rita;032026;2026;17115111;Cota-Parte do Fundo de Participação dos Municípios - Cota Mensal - Principal;Dedução do Fundeb;-2.976.394,38;500;Recursos não vinculados de Impostos;1001;Identificação das despesas com manutenção e desenvolvimento do ensino
Santa Rita;201171;Prefeitura Municipal de Santa Rita;032026;2026;17115111;Cota-Parte do Fundo de Participação dos Municípios - Cota Mensal - Principal;Lançamento de Receita;3.720.493,04;500;Recursos não vinculados de Impostos;1001;Identificação das despesas com manutenção e desenvolvimento do ensino
Santa Rita;201171;Prefeitura Municipal de Santa Rita;032026;2026;17115111;Cota-Parte do Fundo de Participação dos Municípios - Cota Mensal - Principal;Lançamento de Receita;8.929.183,31;500;Recursos não vinculados de Impostos;"Não ";Não Aplicável
Santa Rita;201171;Prefeitura Municipal de Santa Rita;032026;2026;17115111;Cota-Parte do Fundo de Participação dos Municípios - Cota Mensal - Principal;Lançamento de Receita;2.232.295,84;500;Recursos não vinculados de Impostos;1002;Identificação das despesas com ações e serviços públicos de saúde
Santa Rita;201171;Prefeitura Municipal de Santa Rita;022026;2026;17115111;Cota-Parte do Fundo de Participação dos Municípios - Cota Mensal - Principal;Lançamento de Receita;3.686.329,83;500;Recursos não vinculados de Impostos;1002;Identificação das despesas com ações e serviços públicos de saúde
Santa Rita;201171;Prefeitura Municipal de Santa Rita;022026;2026;17115111;Cota-Parte do Fundo de Participação dos Municípios - Cota Mensal - Principal;Dedução do Fundeb;-4.915.106,38;500;Recursos não vinculados de Impostos;1001;Identificação das despesas com manutenção e desenvolvimento do ensino
Santa Rita;201171;Prefeitura Municipal de Santa Rita;022026;2026;17115111;Cota-Parte do Fundo de Participação dos Municípios - Cota Mensal - Principal;Lançamento de Receita;14.745.319,28;500;Recursos não vinculados de Impostos;"Não ";Não Aplicável
Santa Rita;201171;Prefeitura Municipal de Santa Rita;022026;2026;17115111;Cota-Parte do Fundo de Participação dos Municípios - Cota Mensal - Principal;Lançamento de Receita;6.143.883,02;500;Recursos não vinculados de Impostos;1001;Identificação das despesas com manutenção e desenvolvimento do ensino
Santa Rita;201171;Prefeitura Municipal de Santa Rita;012026;2026;17115111;Cota-Parte do Fundo de Participação dos Municípios - Cota Mensal - Principal;Dedução do Fundeb;-3.909.256,33;500;Recursos não vinculados de Impostos;1001;Identificação das despesas com manutenção e desenvolvimento do ensino
Santa Rita;201171;Prefeitura Municipal de Santa Rita;012026;2026;17115111;Cota-Parte do Fundo de Participação dos Municípios - Cota Mensal - Principal;Lançamento de Receita;2.931.942,3;500;Recursos não vinculados de Impostos;1002;Identificação das despesas com ações e serviços públicos de saúde
Santa Rita;201171;Prefeitura Municipal de Santa Rita;012026;2026;17115111;Cota-Parte do Fundo de Participação dos Municípios - Cota Mensal - Principal;Lançamento de Receita;11.727.769,22;500;Recursos não vinculados de Impostos;"Não ";Não Aplicável
Santa Rita;201171;Prefeitura Municipal de Santa Rita;012026;2026;17115111;Cota-Parte do Fundo de Participação dos Municípios - Cota Mensal - Principal;Lançamento de Receita;4.886.570,51;500;Recursos não vinculados de Impostos;1001;Identificação das despesas com manutenção e desenvolvimento do ensino
Santa Rita;201171;Prefeitura Municipal de Santa Rita;032026;2026;16110104;Serviços Administrativos e Comerciais Gerais Prestados por Entidades e Órgãos Públicos em Geral - Dívida Ativa - Multas e Juros de Mora da Dívida Ativa;Lançamento de Receita;4,36;500;Recursos não vinculados de Impostos;"Não ";Não Aplicável
Santa Rita;201171;Prefeitura Municipal de Santa Rita;022026;2026;16110104;Serviços Administrativos e Comerciais Gerais Prestados por Entidades e Órgãos Públicos em Geral - Dívida Ativa - Multas e Juros de Mora da Dívida Ativa;Lançamento de Receita;15.300,81;500;Recursos não vinculados de Impostos;"Não ";Não Aplicável
Santa Rita;201171;Prefeitura Municipal de Santa Rita;032026;2026;16110103;Serviços Administrativos e Comerciais Gerais Prestados por Entidades e Órgãos Públicos em Geral - Dívida Ativa;Lançamento de Receita;29,33;500;Recursos não vinculados de Impostos;"Não ";Não Aplicável
Santa Rita;201171;Prefeitura Municipal de Santa Rita;022026;2026;16110103;Serviços Administrativos e Comerciais Gerais Prestados por Entidades e Órgãos Públicos em Geral - Dívida Ativa;Lançamento de Receita;28.662,34;500;Recursos não vinculados de Impostos;"Não ";Não Aplicável
Santa Rita;201171;Prefeitura Municipal de Santa Rita;052026;2026;16110102;Serviços Administrativos e Comerciais Gerais Prestados por Entidades e Órgãos Públicos em Geral - Multas e Juros de Mora;Lançamento de Receita;1,35;500;Recursos não vinculados de Impostos;"Não ";Não Aplicável
Santa Rita;201171;Prefeitura Municipal de Santa Rita;042026;2026;16110102;Serviços Administrativos e Comerciais Gerais Prestados por Entidades e Órgãos Públicos em Geral - Multas e Juros de Mora;Lançamento de Receita;6,22;500;Recursos não vinculados de Impostos;"Não ";Não Aplicável
Santa Rita;201171;Prefeitura Municipal de Santa Rita;032026;2026;16110102;Serviços Administrativos e Comerciais Gerais Prestados por Entidades e Órgãos Públicos em Geral - Multas e Juros de Mora;Lançamento de Receita;6,78;500;Recursos não vinculados de Impostos;"Não ";Não Aplicável
Santa Rita;201171;Prefeitura Municipal de Santa Rita;022026;2026;16110102;Serviços Administrativos e Comerciais Gerais Prestados por Entidades e Órgãos Públicos em Geral - Multas e Juros de Mora;Lançamento de Receita;272,51;500;Recursos não vinculados de Impostos;"Não ";Não Aplicável
Santa Rita;201171;Prefeitura Municipal de Santa Rita;052026;2026;16110101;Serviços Administrativos e Comerciais Gerais Prestados por Entidades e Órgãos Públicos em Geral - Principal;Lançamento de Receita;4.865,56;501;Outros Recursos não Vinculados;"Não ";Não Aplicável
Santa Rita;201171;Prefeitura Municipal de Santa Rita;042026;2026;16110101;Serviços Administrativos e Comerciais Gerais Prestados por Entidades e Órgãos Públicos em Geral - Principal;Lançamento de Receita;7.432,47;501;Outros Recursos não Vinculados;"Não ";Não Aplicável
Santa Rita;201171;Prefeitura Municipal de Santa Rita;032026;2026;16110101;Serviços Administrativos e Comerciais Gerais Prestados por Entidades e Órgãos Públicos em Geral - Principal;Lançamento de Receita;10.523,84;501;Outros Recursos não Vinculados;"Não ";Não Aplicável
Santa Rita;201171;Prefeitura Municipal de Santa Rita;022026;2026;16110101;Serviços Administrativos e Comerciais Gerais Prestados por Entidades e Órgãos Públicos em Geral - Principal;Lançamento de Receita;8.301,22;501;Outros Recursos não Vinculados;"Não ";Não Aplicável
Santa Rita;201171;Prefeitura Municipal de Santa Rita;012026;2026;16110101;Serviços Administrativos e Comerciais Gerais Prestados por Entidades e Órgãos Públicos em Geral - Principal;Lançamento de Receita;6.177,37;501;Outros Recursos não Vinculados;"Não ";Não Aplicável
Santa Rita;201171;Prefeitura Municipal de Santa Rita;042026;2026;13210101;Remuneração de Depósitos Bancários - Principal;Lançamento de Receita;60.606,76;540;Transferências do FUNDEB - Impostos e Transferências de Impostos;"Não ";Não Aplicável
Santa Rita;201171;Prefeitura Municipal de Santa Rita;042026;2026;13210101;Remuneração de Depósitos Bancários - Principal;Lançamento de Receita;53.677,77;501;Outros Recursos não Vinculados;"Não ";Não Aplicável
Santa Rita;201171;Prefeitura Municipal de Santa Rita;042026;2026;13210101;Remuneração de Depósitos Bancários - Principal;Lançamento de Receita;143,44;569;Outras Transferências de Recursos do FNDE;"Não ";Não Aplicável
Santa Rita;201171;Prefeitura Municipal de Santa Rita;042026;2026;13210101;Remuneração de Depósitos Bancários - Principal;Lançamento de Receita;240.103,37;500;Recursos não vinculados de Impostos;"Não ";Não Aplicável
Santa Rita;201171;Prefeitura Municipal de Santa Rita;042026;2026;13210101;Remuneração de Depósitos Bancários - Principal;Lançamento de Receita;21.034,78;550;Transferência do Salário-Educação;"Não ";Não Aplicável
Santa Rita;201171;Prefeitura Municipal de Santa Rita;032026;2026;13210101;Remuneração de Depósitos Bancários - Principal;Lançamento de Receita;75.061,56;540;Transferências do FUNDEB - Impostos e Transferências de Impostos;"Não ";Não Aplicável
Santa Rita;201171;Prefeitura Municipal de Santa Rita;032026;2026;13210101;Remuneração de Depósitos Bancários - Principal;Lançamento de Receita;4.188,71;552;Transferências de Recursos do FNDE Referentes ao Programa Nacional de Alimentação Escolar (PNAE);"Não ";Não Aplicável
Santa Rita;201171;Prefeitura Municipal de Santa Rita;032026;2026;13210101;Remuneração de Depósitos Bancários - Principal;Lançamento de Receita;22.034,24;550;Transferência do Salário-Educação;"Não ";Não Aplicável
Santa Rita;201171;Prefeitura Municipal de Santa Rita;032026;2026;13210101;Remuneração de Depósitos Bancários - Principal;Lançamento de Receita;163,77;553;"Transferências de Recursos do FNDE Referentes ao Programa Nacional de Apoio ao Transporte Escolar (PNATE) ";"Não ";Não Aplicável
Santa Rita;201171;Prefeitura Municipal de Santa Rita;032026;2026;13210101;Remuneração de Depósitos Bancários - Principal;Lançamento de Receita;311.262,49;500;Recursos não vinculados de Impostos;"Não ";Não Aplicável
Santa Rita;201171;Prefeitura Municipal de Santa Rita;032026;2026;13210101;Remuneração de Depósitos Bancários - Principal;Lançamento de Receita;466,96;750;Recursos da Contribuição de Intervenção no Domínio Econômico - CIDE;"Não ";Não Aplicável
Santa Rita;201171;Prefeitura Municipal de Santa Rita;032026;2026;13210101;Remuneração de Depósitos Bancários - Principal;Lançamento de Receita;788,96;569;Outras Transferências de Recursos do FNDE;"Não ";Não Aplicável
Santa Rita;201171;Prefeitura Municipal de Santa Rita;022026;2026;13210101;Remuneração de Depósitos Bancários - Principal;Lançamento de Receita;381,61;750;Recursos da Contribuição de Intervenção no Domínio Econômico - CIDE;"Não ";Não Aplicável
Santa Rita;201171;Prefeitura Municipal de Santa Rita;022026;2026;13210101;Remuneração de Depósitos Bancários - Principal;Lançamento de Receita;19.089,51;550;Transferência do Salário-Educação;"Não ";Não Aplicável
Santa Rita;201171;Prefeitura Municipal de Santa Rita;022026;2026;13210101;Remuneração de Depósitos Bancários - Principal;Lançamento de Receita;10.004,09;569;Outras Transferências de Recursos do FNDE;"Não ";Não Aplicável
Santa Rita;201171;Prefeitura Municipal de Santa Rita;022026;2026;13210101;Remuneração de Depósitos Bancários - Principal;Lançamento de Receita;68.243,58;540;Transferências do FUNDEB - Impostos e Transferências de Impostos;"Não ";Não Aplicável
Santa Rita;201171;Prefeitura Municipal de Santa Rita;022026;2026;13210101;Remuneração de Depósitos Bancários - Principal;Lançamento de Receita;233.458,67;500;Recursos não vinculados de Impostos;"Não ";Não Aplicável
Santa Rita;201171;Prefeitura Municipal de Santa Rita;022026;2026;13210101;Remuneração de Depósitos Bancários - Principal;Lançamento de Receita;451,14;552;Transferências de Recursos do FNDE Referentes ao Programa Nacional de Alimentação Escolar (PNAE);"Não ";Não Aplicável
Santa Rita;201171;Prefeitura Municipal de Santa Rita;022026;2026;13210101;Remuneração de Depósitos Bancários - Principal;Lançamento de Receita;133,84;553;"Transferências de Recursos do FNDE Referentes ao Programa Nacional de Apoio ao Transporte Escolar (PNATE) ";"Não ";Não Aplicável
Santa Rita;201171;Prefeitura Municipal de Santa Rita;012026;2026;13210101;Remuneração de Depósitos Bancários - Principal;Lançamento de Receita;199.921,45;500;Recursos não vinculados de Impostos;"Não ";Não Aplicável
Santa Rita;201171;Prefeitura Municipal de Santa Rita;012026;2026;13210101;Remuneração de Depósitos Bancários - Principal;Lançamento de Receita;14.903,23;550;Transferência do Salário-Educação;"Não ";Não Aplicável
Santa Rita;201171;Prefeitura Municipal de Santa Rita;012026;2026;13210101;Remuneração de Depósitos Bancários - Principal;Lançamento de Receita;737,06;569;Outras Transferências de Recursos do FNDE;"Não ";Não Aplicável
Santa Rita;201171;Prefeitura Municipal de Santa Rita;012026;2026;13210101;Remuneração de Depósitos Bancários - Principal;Lançamento de Receita;317,64;750;Recursos da Contribuição de Intervenção no Domínio Econômico - CIDE;"Não ";Não Aplicável
Santa Rita;201171;Prefeitura Municipal de Santa Rita;012026;2026;13210101;Remuneração de Depósitos Bancários - Principal;Lançamento de Receita;43.481,26;540;Transferências do FUNDEB - Impostos e Transferências de Impostos;"Não ";Não Aplicável
Santa Rita;201171;Prefeitura Municipal de Santa Rita;012026;2026;13210101;Remuneração de Depósitos Bancários - Principal;Lançamento de Receita;520,67;552;Transferências de Recursos do FNDE Referentes ao Programa Nacional de Alimentação Escolar (PNAE);"Não ";Não Aplicável
Santa Rita;201171;Prefeitura Municipal de Santa Rita;012026;2026;13210101;Remuneração de Depósitos Bancários - Principal;Lançamento de Receita;232,16;553;"Transferências de Recursos do FNDE Referentes ao Programa Nacional de Apoio ao Transporte Escolar (PNATE) ";"Não ";Não Aplicável
Santa Rita;201171;Prefeitura Municipal de Santa Rita;042026;2026;12415001;Contribuição para o Custeio do Serviço de Iluminação Pública - Principal;Lançamento de Receita;607.274,77;751;Recursos da Contribuição para o Custeio do Serviço de Iluminação Pública - COSIP;"Não ";Não Aplicável
Santa Rita;201171;Prefeitura Municipal de Santa Rita;032026;2026;12415001;Contribuição para o Custeio do Serviço de Iluminação Pública - Principal;Lançamento de Receita;586.273,92;751;Recursos da Contribuição para o Custeio do Serviço de Iluminação Pública - COSIP;"Não ";Não Aplicável
Santa Rita;201171;Prefeitura Municipal de Santa Rita;022026;2026;12415001;Contribuição para o Custeio do Serviço de Iluminação Pública - Principal;Lançamento de Receita;622.694,95;751;Recursos da Contribuição para o Custeio do Serviço de Iluminação Pública - COSIP;"Não ";Não Aplicável
Santa Rita;201171;Prefeitura Municipal de Santa Rita;012026;2026;12415001;Contribuição para o Custeio do Serviço de Iluminação Pública - Principal;Lançamento de Receita;1.060.326,77;751;Recursos da Contribuição para o Custeio do Serviço de Iluminação Pública - COSIP;"Não ";Não Aplicável
Santa Rita;201171;Prefeitura Municipal de Santa Rita;052026;2026;12219911;Outras Contribuições Econômicas – Não Arrecadadas e Não Projetadas pela RFB - Principal;Lançamento de Receita;49.672,02;501;Outros Recursos não Vinculados;"Não ";Não Aplicável
Santa Rita;201171;Prefeitura Municipal de Santa Rita;042026;2026;12219911;Outras Contribuições Econômicas – Não Arrecadadas e Não Projetadas pela RFB - Principal;Lançamento de Receita;152.454,78;501;Outros Recursos não Vinculados;"Não ";Não Aplicável
Santa Rita;201171;Prefeitura Municipal de Santa Rita;032026;2026;12219911;Outras Contribuições Econômicas – Não Arrecadadas e Não Projetadas pela RFB - Principal;Lançamento de Receita;145.427,84;501;Outros Recursos não Vinculados;"Não ";Não Aplicável
Santa Rita;201171;Prefeitura Municipal de Santa Rita;022026;2026;12219911;Outras Contribuições Econômicas – Não Arrecadadas e Não Projetadas pela RFB - Principal;Lançamento de Receita;101.741,29;501;Outros Recursos não Vinculados;"Não ";Não Aplicável
Santa Rita;201171;Prefeitura Municipal de Santa Rita;012026;2026;12219911;Outras Contribuições Econômicas – Não Arrecadadas e Não Projetadas pela RFB - Principal;Lançamento de Receita;47.803,11;501;Outros Recursos não Vinculados;"Não ";Não Aplicável
Santa Rita;201171;Prefeitura Municipal de Santa Rita;052026;2026;11220104;Taxas pela Prestação de Serviços em Geral - Dívida Ativa - Multas e Juros de Mora da Dívida Ativa;Lançamento de Receita;23.946,42;500;Recursos não vinculados de Impostos;"Não ";Não Aplicável
Santa Rita;201171;Prefeitura Municipal de Santa Rita;042026;2026;11220104;Taxas pela Prestação de Serviços em Geral - Dívida Ativa - Multas e Juros de Mora da Dívida Ativa;Lançamento de Receita;25.035,38;500;Recursos não vinculados de Impostos;"Não ";Não Aplicável
Santa Rita;201171;Prefeitura Municipal de Santa Rita;032026;2026;11220104;Taxas pela Prestação de Serviços em Geral - Dívida Ativa - Multas e Juros de Mora da Dívida Ativa;Lançamento de Receita;22.918,55;500;Recursos não vinculados de Impostos;"Não ";Não Aplicável
Santa Rita;201171;Prefeitura Municipal de Santa Rita;022026;2026;11220104;Taxas pela Prestação de Serviços em Geral - Dívida Ativa - Multas e Juros de Mora da Dívida Ativa;Lançamento de Receita;12.627,35;500;Recursos não vinculados de Impostos;"Não ";Não Aplicável
Santa Rita;201171;Prefeitura Municipal de Santa Rita;052026;2026;11220103;Taxas pela Prestação de Serviços em Geral - Dívida Ativa;Lançamento de Receita;51.889,54;500;Recursos não vinculados de Impostos;"Não ";Não Aplicável
Santa Rita;201171;Prefeitura Municipal de Santa Rita;042026;2026;11220103;Taxas pela Prestação de Serviços em Geral - Dívida Ativa;Lançamento de Receita;53.376,03;500;Recursos não vinculados de Impostos;"Não ";Não Aplicável
Santa Rita;201171;Prefeitura Municipal de Santa Rita;032026;2026;11220103;Taxas pela Prestação de Serviços em Geral - Dívida Ativa;Lançamento de Receita;48.743,31;500;Recursos não vinculados de Impostos;"Não ";Não Aplicável
Santa Rita;201171;Prefeitura Municipal de Santa Rita;022026;2026;11220103;Taxas pela Prestação de Serviços em Geral - Dívida Ativa;Lançamento de Receita;27.213;500;Recursos não vinculados de Impostos;"Não ";Não Aplicável
Santa Rita;201171;Prefeitura Municipal de Santa Rita;012026;2026;11220103;Taxas pela Prestação de Serviços em Geral - Dívida Ativa;Lançamento de Receita;1.985,89;500;Recursos não vinculados de Impostos;"Não ";Não Aplicável
Santa Rita;201171;Prefeitura Municipal de Santa Rita;052026;2026;11220102;Taxas pela Prestação de Serviços em Geral - Multas e Juros de Mora;Lançamento de Receita;44,11;500;Recursos não vinculados de Impostos;"Não ";Não Aplicável
Santa Rita;201171;Prefeitura Municipal de Santa Rita;042026;2026;11220102;Taxas pela Prestação de Serviços em Geral - Multas e Juros de Mora;Lançamento de Receita;58,65;500;Recursos não vinculados de Impostos;"Não ";Não Aplicável
Santa Rita;201171;Prefeitura Municipal de Santa Rita;032026;2026;11220102;Taxas pela Prestação de Serviços em Geral - Multas e Juros de Mora;Lançamento de Receita;279,9;500;Recursos não vinculados de Impostos;"Não ";Não Aplicável
Santa Rita;201171;Prefeitura Municipal de Santa Rita;022026;2026;11220102;Taxas pela Prestação de Serviços em Geral - Multas e Juros de Mora;Lançamento de Receita;1.924,93;500;Recursos não vinculados de Impostos;"Não ";Não Aplicável
Santa Rita;201171;Prefeitura Municipal de Santa Rita;052026;2026;11220101;Taxas pela Prestação de Serviços em Geral - Principal;Lançamento de Receita;22.073,87;501;Outros Recursos não Vinculados;"Não ";Não Aplicável
Santa Rita;201171;Prefeitura Municipal de Santa Rita;042026;2026;11220101;Taxas pela Prestação de Serviços em Geral - Principal;Lançamento de Receita;35.518,11;501;Outros Recursos não Vinculados;"Não ";Não Aplicável
Santa Rita;201171;Prefeitura Municipal de Santa Rita;032026;2026;11220101;Taxas pela Prestação de Serviços em Geral - Principal;Lançamento de Receita;65.129,12;501;Outros Recursos não Vinculados;"Não ";Não Aplicável
Santa Rita;201171;Prefeitura Municipal de Santa Rita;022026;2026;11220101;Taxas pela Prestação de Serviços em Geral - Principal;Lançamento de Receita;56.640,65;501;Outros Recursos não Vinculados;"Não ";Não Aplicável
Santa Rita;201171;Prefeitura Municipal de Santa Rita;012026;2026;11220101;Taxas pela Prestação de Serviços em Geral - Principal;Lançamento de Receita;13.353,3;501;Outros Recursos não Vinculados;"Não ";Não Aplicável
Santa Rita;201171;Prefeitura Municipal de Santa Rita;012026;2026;11220101;Taxas pela Prestação de Serviços em Geral - Principal;Lançamento de Receita;368,16;500;Recursos não vinculados de Impostos;"Não ";Não Aplicável
Santa Rita;201171;Prefeitura Municipal de Santa Rita;032026;2026;11210401;Taxa de Controle e Fiscalização Ambiental - Principal;Lançamento de Receita;25.437,66;500;Recursos não vinculados de Impostos;"Não ";Não Aplicável
Santa Rita;201171;Prefeitura Municipal de Santa Rita;052026;2026;11210104;Taxas de Inspeção, Controle e Fiscalização - Dívida Ativa - Multas e Juros de Mora da Dívida Ativa;Lançamento de Receita;720,44;500;Recursos não vinculados de Impostos;"Não ";Não Aplicável
Santa Rita;201171;Prefeitura Municipal de Santa Rita;042026;2026;11210104;Taxas de Inspeção, Controle e Fiscalização - Dívida Ativa - Multas e Juros de Mora da Dívida Ativa;Lançamento de Receita;2.736,91;500;Recursos não vinculados de Impostos;"Não ";Não Aplicável
Santa Rita;201171;Prefeitura Municipal de Santa Rita;032026;2026;11210104;Taxas de Inspeção, Controle e Fiscalização - Dívida Ativa - Multas e Juros de Mora da Dívida Ativa;Lançamento de Receita;2.218,53;500;Recursos não vinculados de Impostos;"Não ";Não Aplicável
Santa Rita;201171;Prefeitura Municipal de Santa Rita;022026;2026;11210104;Taxas de Inspeção, Controle e Fiscalização - Dívida Ativa - Multas e Juros de Mora da Dívida Ativa;Lançamento de Receita;1.264,97;500;Recursos não vinculados de Impostos;"Não ";Não Aplicável
Santa Rita;201171;Prefeitura Municipal de Santa Rita;052026;2026;11210103;Taxas de Inspeção, Controle e Fiscalização - Dívida Ativa;Lançamento de Receita;2.947,04;500;Recursos não vinculados de Impostos;"Não ";Não Aplicável
Santa Rita;201171;Prefeitura Municipal de Santa Rita;042026;2026;11210103;Taxas de Inspeção, Controle e Fiscalização - Dívida Ativa;Lançamento de Receita;12.609,99;500;Recursos não vinculados de Impostos;"Não ";Não Aplicável
Santa Rita;201171;Prefeitura Municipal de Santa Rita;032026;2026;11210103;Taxas de Inspeção, Controle e Fiscalização - Dívida Ativa;Lançamento de Receita;9.480,42;500;Recursos não vinculados de Impostos;"Não ";Não Aplicável
Santa Rita;201171;Prefeitura Municipal de Santa Rita;022026;2026;11210103;Taxas de Inspeção, Controle e Fiscalização - Dívida Ativa;Lançamento de Receita;6.457,75;500;Recursos não vinculados de Impostos;"Não ";Não Aplicável
Santa Rita;201171;Prefeitura Municipal de Santa Rita;012026;2026;11210103;Taxas de Inspeção, Controle e Fiscalização - Dívida Ativa;Lançamento de Receita;10.487,51;500;Recursos não vinculados de Impostos;"Não ";Não Aplicável
Santa Rita;201171;Prefeitura Municipal de Santa Rita;052026;2026;11210102;Taxas de Inspeção, Controle e Fiscalização - Multas e Juros de Mora;Lançamento de Receita;8.629,53;500;Recursos não vinculados de Impostos;"Não ";Não Aplicável
Santa Rita;201171;Prefeitura Municipal de Santa Rita;042026;2026;11210102;Taxas de Inspeção, Controle e Fiscalização - Multas e Juros de Mora;Lançamento de Receita;9.231,05;500;Recursos não vinculados de Impostos;"Não ";Não Aplicável
Santa Rita;201171;Prefeitura Municipal de Santa Rita;032026;2026;11210102;Taxas de Inspeção, Controle e Fiscalização - Multas e Juros de Mora;Lançamento de Receita;1.099,76;500;Recursos não vinculados de Impostos;"Não ";Não Aplicável
Santa Rita;201171;Prefeitura Municipal de Santa Rita;022026;2026;11210102;Taxas de Inspeção, Controle e Fiscalização - Multas e Juros de Mora;Lançamento de Receita;6.665,93;500;Recursos não vinculados de Impostos;"Não ";Não Aplicável
Santa Rita;201171;Prefeitura Municipal de Santa Rita;052026;2026;11210101;Taxas de Inspeção, Controle e Fiscalização - Principal;Lançamento de Receita;60.347,88;500;Recursos não vinculados de Impostos;"Não ";Não Aplicável
Santa Rita;201171;Prefeitura Municipal de Santa Rita;052026;2026;11210101;Taxas de Inspeção, Controle e Fiscalização - Principal;Lançamento de Receita;3.548,44;501;Outros Recursos não Vinculados;"Não ";Não Aplicável
Santa Rita;201171;Prefeitura Municipal de Santa Rita;042026;2026;11210101;Taxas de Inspeção, Controle e Fiscalização - Principal;Lançamento de Receita;6.083,04;501;Outros Recursos não Vinculados;"Não ";Não Aplicável
Santa Rita;201171;Prefeitura Municipal de Santa Rita;042026;2026;11210101;Taxas de Inspeção, Controle e Fiscalização - Principal;Lançamento de Receita;131.379,37;500;Recursos não vinculados de Impostos;"Não ";Não Aplicável
Santa Rita;201171;Prefeitura Municipal de Santa Rita;032026;2026;11210101;Taxas de Inspeção, Controle e Fiscalização - Principal;Lançamento de Receita;10.184,66;501;Outros Recursos não Vinculados;"Não ";Não Aplicável
Santa Rita;201171;Prefeitura Municipal de Santa Rita;032026;2026;11210101;Taxas de Inspeção, Controle e Fiscalização - Principal;Lançamento de Receita;94.835,1;500;Recursos não vinculados de Impostos;"Não ";Não Aplicável
Santa Rita;201171;Prefeitura Municipal de Santa Rita;022026;2026;11210101;Taxas de Inspeção, Controle e Fiscalização - Principal;Lançamento de Receita;2.788,06;501;Outros Recursos não Vinculados;"Não ";Não Aplicável
Santa Rita;201171;Prefeitura Municipal de Santa Rita;022026;2026;11210101;Taxas de Inspeção, Controle e Fiscalização - Principal;Lançamento de Receita;44.224,69;500;Recursos não vinculados de Impostos;"Não ";Não Aplicável
Santa Rita;201171;Prefeitura Municipal de Santa Rita;012026;2026;11210101;Taxas de Inspeção, Controle e Fiscalização - Principal;Lançamento de Receita;34.042,43;500;Recursos não vinculados de Impostos;"Não ";Não Aplicável
Santa Rita;201171;Prefeitura Municipal de Santa Rita;052026;2026;11145114;Imposto sobre Serviços de Qualquer Natureza - ISSQN - Dívida Ativa - Multas e Juros de Mora da Dívida Ativa;Lançamento de Receita;227,15;500;Recursos não vinculados de Impostos;"Não ";Não Aplicável
Santa Rita;201171;Prefeitura Municipal de Santa Rita;042026;2026;11145114;Imposto sobre Serviços de Qualquer Natureza - ISSQN - Dívida Ativa - Multas e Juros de Mora da Dívida Ativa;Lançamento de Receita;1.183,65;500;Recursos não vinculados de Impostos;"Não ";Não Aplicável
Santa Rita;201171;Prefeitura Municipal de Santa Rita;032026;2026;11145114;Imposto sobre Serviços de Qualquer Natureza - ISSQN - Dívida Ativa - Multas e Juros de Mora da Dívida Ativa;Lançamento de Receita;1.159,11;500;Recursos não vinculados de Impostos;"Não ";Não Aplicável
Santa Rita;201171;Prefeitura Municipal de Santa Rita;022026;2026;11145114;Imposto sobre Serviços de Qualquer Natureza - ISSQN - Dívida Ativa - Multas e Juros de Mora da Dívida Ativa;Lançamento de Receita;276,93;500;Recursos não vinculados de Impostos;"Não ";Não Aplicável
Santa Rita;201171;Prefeitura Municipal de Santa Rita;052026;2026;11145113;Imposto sobre Serviços de Qualquer Natureza - ISSQN - Dívida Ativa;Lançamento de Receita;1.432,98;500;Recursos não vinculados de Impostos;"Não ";Não Aplicável
Santa Rita;201171;Prefeitura Municipal de Santa Rita;042026;2026;11145113;Imposto sobre Serviços de Qualquer Natureza - ISSQN - Dívida Ativa;Lançamento de Receita;4.972,06;500;Recursos não vinculados de Impostos;"Não ";Não Aplicável
Santa Rita;201171;Prefeitura Municipal de Santa Rita;032026;2026;11145113;Imposto sobre Serviços de Qualquer Natureza - ISSQN - Dívida Ativa;Lançamento de Receita;17.951,09;500;Recursos não vinculados de Impostos;"Não ";Não Aplicável
Santa Rita;201171;Prefeitura Municipal de Santa Rita;022026;2026;11145113;Imposto sobre Serviços de Qualquer Natureza - ISSQN - Dívida Ativa;Lançamento de Receita;22.470,18;500;Recursos não vinculados de Impostos;"Não ";Não Aplicável
Santa Rita;201171;Prefeitura Municipal de Santa Rita;012026;2026;11145113;Imposto sobre Serviços de Qualquer Natureza - ISSQN - Dívida Ativa;Lançamento de Receita;43.093,78;500;Recursos não vinculados de Impostos;"Não ";Não Aplicável
Santa Rita;201171;Prefeitura Municipal de Santa Rita;052026;2026;11145112;Imposto sobre Serviços de Qualquer Natureza - ISSQN - Multas e Juros de Mora;Lançamento de Receita;36.168,01;500;Recursos não vinculados de Impostos;"Não ";Não Aplicável
Santa Rita;201171;Prefeitura Municipal de Santa Rita;042026;2026;11145112;Imposto sobre Serviços de Qualquer Natureza - ISSQN - Multas e Juros de Mora;Lançamento de Receita;23.213,04;500;Recursos não vinculados de Impostos;"Não ";Não Aplicável
Santa Rita;201171;Prefeitura Municipal de Santa Rita;032026;2026;11145112;Imposto sobre Serviços de Qualquer Natureza - ISSQN - Multas e Juros de Mora;Lançamento de Receita;45.281,45;500;Recursos não vinculados de Impostos;"Não ";Não Aplicável
Santa Rita;201171;Prefeitura Municipal de Santa Rita;022026;2026;11145112;Imposto sobre Serviços de Qualquer Natureza - ISSQN - Multas e Juros de Mora;Lançamento de Receita;31.875,54;500;Recursos não vinculados de Impostos;"Não ";Não Aplicável
Santa Rita;201171;Prefeitura Municipal de Santa Rita;052026;2026;11145111;Imposto sobre Serviços de Qualquer Natureza - ISSQN - Principal;Lançamento de Receita;487.390,38;500;Recursos não vinculados de Impostos;"Não ";Não Aplicável
Santa Rita;201171;Prefeitura Municipal de Santa Rita;042026;2026;11145111;Imposto sobre Serviços de Qualquer Natureza - ISSQN - Principal;Lançamento de Receita;1.471.766,02;500;Recursos não vinculados de Impostos;"Não ";Não Aplicável
Santa Rita;201171;Prefeitura Municipal de Santa Rita;032026;2026;11145111;Imposto sobre Serviços de Qualquer Natureza - ISSQN - Principal;Lançamento de Receita;2.238.733,82;500;Recursos não vinculados de Impostos;"Não ";Não Aplicável
Santa Rita;201171;Prefeitura Municipal de Santa Rita;022026;2026;11145111;Imposto sobre Serviços de Qualquer Natureza - ISSQN - Principal;Lançamento de Receita;2.000.597,87;500;Recursos não vinculados de Impostos;"Não ";Não Aplicável
Santa Rita;201171;Prefeitura Municipal de Santa Rita;012026;2026;11145111;Imposto sobre Serviços de Qualquer Natureza - ISSQN - Principal;Lançamento de Receita;753.048,34;500;Recursos não vinculados de Impostos;"Não ";Não Aplicável
Santa Rita;201171;Prefeitura Municipal de Santa Rita;052026;2026;11130311;Imposto sobre a Renda - Retido na Fonte - Trabalho - Principal;Lançamento de Receita;34.007,13;500;Recursos não vinculados de Impostos;"Não ";Não Aplicável
Santa Rita;201171;Prefeitura Municipal de Santa Rita;042026;2026;11130311;Imposto sobre a Renda - Retido na Fonte - Trabalho - Principal;Lançamento de Receita;13.770,84;500;Recursos não vinculados de Impostos;1001;Identificação das despesas com manutenção e desenvolvimento do ensino
Santa Rita;201171;Prefeitura Municipal de Santa Rita;042026;2026;11130311;Imposto sobre a Renda - Retido na Fonte - Trabalho - Principal;Lançamento de Receita;1.999.146,61;500;Recursos não vinculados de Impostos;"Não ";Não Aplicável
Santa Rita;201171;Prefeitura Municipal de Santa Rita;032026;2026;11130311;Imposto sobre a Renda - Retido na Fonte - Trabalho - Principal;Lançamento de Receita;1.179.069,02;500;Recursos não vinculados de Impostos;"Não ";Não Aplicável
Santa Rita;201171;Prefeitura Municipal de Santa Rita;022026;2026;11130311;Imposto sobre a Renda - Retido na Fonte - Trabalho - Principal;Lançamento de Receita;920.540,94;500;Recursos não vinculados de Impostos;"Não ";Não Aplicável
Santa Rita;201171;Prefeitura Municipal de Santa Rita;012026;2026;11130311;Imposto sobre a Renda - Retido na Fonte - Trabalho - Principal;Lançamento de Receita;953.538,05;500;Recursos não vinculados de Impostos;"Não ";Não Aplicável
Santa Rita;201171;Prefeitura Municipal de Santa Rita;052026;2026;11125304;"Impostos sobre Transmissão ""Inter Vivos"" de Bens Imóveis e de Direitos Reais sobre Imóveis - Dívida Ativa - Multas e Juros de Mora da Dívida Ativa";Lançamento de Receita;11,71;500;Recursos não vinculados de Impostos;"Não ";Não Aplicável
Santa Rita;201171;Prefeitura Municipal de Santa Rita;042026;2026;11125304;"Impostos sobre Transmissão ""Inter Vivos"" de Bens Imóveis e de Direitos Reais sobre Imóveis - Dívida Ativa - Multas e Juros de Mora da Dívida Ativa";Lançamento de Receita;14,23;500;Recursos não vinculados de Impostos;"Não ";Não Aplicável
Santa Rita;201171;Prefeitura Municipal de Santa Rita;032026;2026;11125304;"Impostos sobre Transmissão ""Inter Vivos"" de Bens Imóveis e de Direitos Reais sobre Imóveis - Dívida Ativa - Multas e Juros de Mora da Dívida Ativa";Lançamento de Receita;37,8;500;Recursos não vinculados de Impostos;"Não ";Não Aplicável
Santa Rita;201171;Prefeitura Municipal de Santa Rita;022026;2026;11125304;"Impostos sobre Transmissão ""Inter Vivos"" de Bens Imóveis e de Direitos Reais sobre Imóveis - Dívida Ativa - Multas e Juros de Mora da Dívida Ativa";Lançamento de Receita;19,27;500;Recursos não vinculados de Impostos;"Não ";Não Aplicável
Santa Rita;201171;Prefeitura Municipal de Santa Rita;052026;2026;11125303;"Impostos sobre Transmissão ""Inter Vivos"" de Bens Imóveis e de Direitos Reais sobre Imóveis - Dívida Ativa";Lançamento de Receita;252;500;Recursos não vinculados de Impostos;"Não ";Não Aplicável
Santa Rita;201171;Prefeitura Municipal de Santa Rita;042026;2026;11125303;"Impostos sobre Transmissão ""Inter Vivos"" de Bens Imóveis e de Direitos Reais sobre Imóveis - Dívida Ativa";Lançamento de Receita;252;500;Recursos não vinculados de Impostos;"Não ";Não Aplicável
Santa Rita;201171;Prefeitura Municipal de Santa Rita;032026;2026;11125303;"Impostos sobre Transmissão ""Inter Vivos"" de Bens Imóveis e de Direitos Reais sobre Imóveis - Dívida Ativa";Lançamento de Receita;230,95;500;Recursos não vinculados de Impostos;"Não ";Não Aplicável
Santa Rita;201171;Prefeitura Municipal de Santa Rita;022026;2026;11125303;"Impostos sobre Transmissão ""Inter Vivos"" de Bens Imóveis e de Direitos Reais sobre Imóveis - Dívida Ativa";Lançamento de Receita;252;500;Recursos não vinculados de Impostos;"Não ";Não Aplicável
Santa Rita;201171;Prefeitura Municipal de Santa Rita;012026;2026;11125303;"Impostos sobre Transmissão ""Inter Vivos"" de Bens Imóveis e de Direitos Reais sobre Imóveis - Dívida Ativa";Lançamento de Receita;273,79;500;Recursos não vinculados de Impostos;"Não ";Não Aplicável
Santa Rita;201171;Prefeitura Municipal de Santa Rita;032026;2026;11125302;"Impostos sobre Transmissão ""Inter Vivos"" de Bens Imóveis e de Direitos Reais sobre Imóveis - Multas e Juros de Mora";Lançamento de Receita;12.223,51;500;Recursos não vinculados de Impostos;"Não ";Não Aplicável
Santa Rita;201171;Prefeitura Municipal de Santa Rita;052026;2026;11125301;"Impostos sobre Transmissão ""Inter Vivos"" de Bens Imóveis e de Direitos Reais sobre Imóveis - Principal";Lançamento de Receita;185.042,24;500;Recursos não vinculados de Impostos;"Não ";Não Aplicável
Santa Rita;201171;Prefeitura Municipal de Santa Rita;042026;2026;11125301;"Impostos sobre Transmissão ""Inter Vivos"" de Bens Imóveis e de Direitos Reais sobre Imóveis - Principal";Lançamento de Receita;404.038,17;500;Recursos não vinculados de Impostos;"Não ";Não Aplicável
Santa Rita;201171;Prefeitura Municipal de Santa Rita;032026;2026;11125301;"Impostos sobre Transmissão ""Inter Vivos"" de Bens Imóveis e de Direitos Reais sobre Imóveis - Principal";Lançamento de Receita;466.744,45;500;Recursos não vinculados de Impostos;"Não ";Não Aplicável
Santa Rita;201171;Prefeitura Municipal de Santa Rita;022026;2026;11125301;"Impostos sobre Transmissão ""Inter Vivos"" de Bens Imóveis e de Direitos Reais sobre Imóveis - Principal";Lançamento de Receita;325.833,22;500;Recursos não vinculados de Impostos;"Não ";Não Aplicável
Santa Rita;201171;Prefeitura Municipal de Santa Rita;012026;2026;11125301;"Impostos sobre Transmissão ""Inter Vivos"" de Bens Imóveis e de Direitos Reais sobre Imóveis - Principal";Lançamento de Receita;198.641,17;500;Recursos não vinculados de Impostos;"Não ";Não Aplicável
Santa Rita;201171;Prefeitura Municipal de Santa Rita;052026;2026;11125004;Imposto sobre a Propriedade Predial e Territorial Urbana - Dívida Ativa - Multas e Juros de Mora da Dívida Ativa;Lançamento de Receita;29.607,43;500;Recursos não vinculados de Impostos;"Não ";Não Aplicável
Santa Rita;201171;Prefeitura Municipal de Santa Rita;042026;2026;11125004;Imposto sobre a Propriedade Predial e Territorial Urbana - Dívida Ativa - Multas e Juros de Mora da Dívida Ativa;Lançamento de Receita;27.033,73;500;Recursos não vinculados de Impostos;"Não ";Não Aplicável
Santa Rita;201171;Prefeitura Municipal de Santa Rita;032026;2026;11125004;Imposto sobre a Propriedade Predial e Territorial Urbana - Dívida Ativa - Multas e Juros de Mora da Dívida Ativa;Lançamento de Receita;29.194,59;500;Recursos não vinculados de Impostos;"Não ";Não Aplicável
Santa Rita;201171;Prefeitura Municipal de Santa Rita;022026;2026;11125004;Imposto sobre a Propriedade Predial e Territorial Urbana - Dívida Ativa - Multas e Juros de Mora da Dívida Ativa;Lançamento de Receita;5.519,36;500;Recursos não vinculados de Impostos;"Não ";Não Aplicável
Santa Rita;201171;Prefeitura Municipal de Santa Rita;052026;2026;11125003;Imposto sobre a Propriedade Predial e Territorial Urbana - Dívida Ativa;Lançamento de Receita;66.366,84;500;Recursos não vinculados de Impostos;"Não ";Não Aplicável
Santa Rita;201171;Prefeitura Municipal de Santa Rita;042026;2026;11125003;Imposto sobre a Propriedade Predial e Territorial Urbana - Dívida Ativa;Lançamento de Receita;61.344,28;500;Recursos não vinculados de Impostos;"Não ";Não Aplicável
Santa Rita;201171;Prefeitura Municipal de Santa Rita;032026;2026;11125003;Imposto sobre a Propriedade Predial e Territorial Urbana - Dívida Ativa;Lançamento de Receita;74.251,51;500;Recursos não vinculados de Impostos;"Não ";Não Aplicável
Santa Rita;201171;Prefeitura Municipal de Santa Rita;022026;2026;11125003;Imposto sobre a Propriedade Predial e Territorial Urbana - Dívida Ativa;Lançamento de Receita;31.364,92;500;Recursos não vinculados de Impostos;"Não ";Não Aplicável
Santa Rita;201171;Prefeitura Municipal de Santa Rita;012026;2026;11125003;Imposto sobre a Propriedade Predial e Territorial Urbana - Dívida Ativa;Lançamento de Receita;28.451,43;500;Recursos não vinculados de Impostos;"Não ";Não Aplicável
Santa Rita;201171;Prefeitura Municipal de Santa Rita;022026;2026;11125002;Imposto sobre a Propriedade Predial e Territorial Urbana - Multas e Juros de Mora;Lançamento de Receita;1.995,92;500;Recursos não vinculados de Impostos;"Não ";Não Aplicável
Santa Rita;201171;Prefeitura Municipal de Santa Rita;022026;2026;11125001;Imposto sobre a Propriedade Predial e Territorial Urbana - Principal;Lançamento de Receita;6.901,5;500;Recursos não vinculados de Impostos;"Não ";Não Aplicável
Santa Rita;201171;Prefeitura Municipal de Santa Rita;012026;2026;11125001;Imposto sobre a Propriedade Predial e Territorial Urbana - Principal;Lançamento de Receita;5.978,09;500;Recursos não vinculados de Impostos;"Não ";Não Aplicável
Santa Rita;301171;Instituto de Previdência Social do Município de Santa Rita;032026;2026;72155111;Contribuição Patronal - Servidor Civil Ativo - Parcelamentos - Principal;Lançamento de Receita;1.882,74;800;Recursos vinculados ao RPPS - Fundo em Capitalização (Plano Previdenciário);1111;Benefícios previdenciários - Poder Executivo – Fundo em Capitalização (Plano Previdenciário)
Santa Rita;301171;Instituto de Previdência Social do Município de Santa Rita;032026;2026;72155011;Contribuição Patronal - Servidor Civil - Inativo - Principal;Lançamento de Receita;918,14;800;Recursos vinculados ao RPPS - Fundo em Capitalização (Plano Previdenciário);1111;Benefícios previdenciários - Poder Executivo – Fundo em Capitalização (Plano Previdenciário)
Santa Rita;301171;Instituto de Previdência Social do Município de Santa Rita;012026;2026;72155011;Contribuição Patronal - Servidor Civil - Inativo - Principal;Lançamento de Receita;3.011.262,61;800;Recursos vinculados ao RPPS - Fundo em Capitalização (Plano Previdenciário);1111;Benefícios previdenciários - Poder Executivo – Fundo em Capitalização (Plano Previdenciário)
Santa Rita;301171;Instituto de Previdência Social do Município de Santa Rita;042026;2026;72150211;Contribuição Patronal - Servidor Civil Ativo - Principal;Lançamento de Receita;3.154.605,52;802;Recursos vinculados ao RPPS - Taxa de Administração;"Não ";Não Aplicável
Santa Rita;301171;Instituto de Previdência Social do Município de Santa Rita;042026;2026;72150211;Contribuição Patronal - Servidor Civil Ativo - Principal;Lançamento de Receita;3.139.293,21;800;Recursos vinculados ao RPPS - Fundo em Capitalização (Plano Previdenciário);1111;Benefícios previdenciários - Poder Executivo – Fundo em Capitalização (Plano Previdenciário)
Santa Rita;301171;Instituto de Previdência Social do Município de Santa Rita;032026;2026;72150211;Contribuição Patronal - Servidor Civil Ativo - Principal;Lançamento de Receita;2.881.518,22;800;Recursos vinculados ao RPPS - Fundo em Capitalização (Plano Previdenciário);1111;Benefícios previdenciários - Poder Executivo – Fundo em Capitalização (Plano Previdenciário)
Santa Rita;301171;Instituto de Previdência Social do Município de Santa Rita;032026;2026;72150211;Contribuição Patronal - Servidor Civil Ativo - Principal;Lançamento de Receita;2.910.747,15;802;Recursos vinculados ao RPPS - Taxa de Administração;"Não ";Não Aplicável
Santa Rita;301171;Instituto de Previdência Social do Município de Santa Rita;022026;2026;72150211;Contribuição Patronal - Servidor Civil Ativo - Principal;Lançamento de Receita;4.918.938,06;800;Recursos vinculados ao RPPS - Fundo em Capitalização (Plano Previdenciário);1111;Benefícios previdenciários - Poder Executivo – Fundo em Capitalização (Plano Previdenciário)
Santa Rita;301171;Instituto de Previdência Social do Município de Santa Rita;012026;2026;72150211;Contribuição Patronal - Servidor Civil Ativo - Principal;Lançamento de Receita;1.249.116,34;800;Recursos vinculados ao RPPS - Fundo em Capitalização (Plano Previdenciário);1111;Benefícios previdenciários - Poder Executivo – Fundo em Capitalização (Plano Previdenciário)
Santa Rita;301171;Instituto de Previdência Social do Município de Santa Rita;042026;2026;19990301;Compensações Financeiras entre os Regimes de Previdência - Principal;Lançamento de Receita;75.676,03;800;Recursos vinculados ao RPPS - Fundo em Capitalização (Plano Previdenciário);1111;Benefícios previdenciários - Poder Executivo – Fundo em Capitalização (Plano Previdenciário)
Santa Rita;301171;Instituto de Previdência Social do Município de Santa Rita;032026;2026;19990301;Compensações Financeiras entre os Regimes de Previdência - Principal;Lançamento de Receita;615.419,81;800;Recursos vinculados ao RPPS - Fundo em Capitalização (Plano Previdenciário);1111;Benefícios previdenciários - Poder Executivo – Fundo em Capitalização (Plano Previdenciário)
Santa Rita;301171;Instituto de Previdência Social do Município de Santa Rita;022026;2026;19990301;Compensações Financeiras entre os Regimes de Previdência - Principal;Lançamento de Receita;303.227,76;800;Recursos vinculados ao RPPS - Fundo em Capitalização (Plano Previdenciário);1111;Benefícios previdenciários - Poder Executivo – Fundo em Capitalização (Plano Previdenciário)
Santa Rita;301171;Instituto de Previdência Social do Município de Santa Rita;012026;2026;19990301;Compensações Financeiras entre os Regimes de Previdência - Principal;Lançamento de Receita;449.186,11;800;Recursos vinculados ao RPPS - Fundo em Capitalização (Plano Previdenciário);1111;Benefícios previdenciários - Poder Executivo – Fundo em Capitalização (Plano Previdenciário)
Santa Rita;301171;Instituto de Previdência Social do Município de Santa Rita;042026;2026;13210401;Remuneração dos Recursos do Regime Próprio de Previdência Social - RPPS - Principal;Lançamento de Receita;747.174,82;800;Recursos vinculados ao RPPS - Fundo em Capitalização (Plano Previdenciário);1111;Benefícios previdenciários - Poder Executivo – Fundo em Capitalização (Plano Previdenciário)
Santa Rita;301171;Instituto de Previdência Social do Município de Santa Rita;032026;2026;13210401;Remuneração dos Recursos do Regime Próprio de Previdência Social - RPPS - Principal;Outras Deduções;-23.586,04;800;Recursos vinculados ao RPPS - Fundo em Capitalização (Plano Previdenciário);1111;Benefícios previdenciários - Poder Executivo – Fundo em Capitalização (Plano Previdenciário)
Santa Rita;301171;Instituto de Previdência Social do Município de Santa Rita;032026;2026;13210401;Remuneração dos Recursos do Regime Próprio de Previdência Social - RPPS - Principal;Lançamento de Receita;797.563,01;800;Recursos vinculados ao RPPS - Fundo em Capitalização (Plano Previdenciário);1111;Benefícios previdenciários - Poder Executivo – Fundo em Capitalização (Plano Previdenciário)
Santa Rita;301171;Instituto de Previdência Social do Município de Santa Rita;022026;2026;13210401;Remuneração dos Recursos do Regime Próprio de Previdência Social - RPPS - Principal;Lançamento de Receita;678.508,6;800;Recursos vinculados ao RPPS - Fundo em Capitalização (Plano Previdenciário);1111;Benefícios previdenciários - Poder Executivo – Fundo em Capitalização (Plano Previdenciário)
Santa Rita;301171;Instituto de Previdência Social do Município de Santa Rita;012026;2026;13210401;Remuneração dos Recursos do Regime Próprio de Previdência Social - RPPS - Principal;Lançamento de Receita;803.901,98;800;Recursos vinculados ao RPPS - Fundo em Capitalização (Plano Previdenciário);1111;Benefícios previdenciários - Poder Executivo – Fundo em Capitalização (Plano Previdenciário)
Santa Rita;301171;Instituto de Previdência Social do Município de Santa Rita;042026;2026;12150111;Contribuição do Servidor Civil Ativo - Principal;Lançamento de Receita;6.706,52;800;Recursos vinculados ao RPPS - Fundo em Capitalização (Plano Previdenciário);1111;Benefícios previdenciários - Poder Executivo – Fundo em Capitalização (Plano Previdenciário)
Santa Rita;301171;Instituto de Previdência Social do Município de Santa Rita;032026;2026;12150111;Contribuição do Servidor Civil Ativo - Principal;Lançamento de Receita;1.346,31;800;Recursos vinculados ao RPPS - Fundo em Capitalização (Plano Previdenciário);1111;Benefícios previdenciários - Poder Executivo – Fundo em Capitalização (Plano Previdenciário)
Santa Rita;301171;Instituto de Previdência Social do Município de Santa Rita;022026;2026;12150111;Contribuição do Servidor Civil Ativo - Principal;Lançamento de Receita;1.454.600,21;800;Recursos vinculados ao RPPS - Fundo em Capitalização (Plano Previdenciário);1111;Benefícios previdenciários - Poder Executivo – Fundo em Capitalização (Plano Previdenciário)
Santa Rita;301171;Instituto de Previdência Social do Município de Santa Rita;012026;2026;12150111;Contribuição do Servidor Civil Ativo - Principal;Lançamento de Receita;9.575.736,72;800;Recursos vinculados ao RPPS - Fundo em Capitalização (Plano Previdenciário);1111;Benefícios previdenciários - Poder Executivo – Fundo em Capitalização (Plano Previdenciário)
Santa Rita;302171;Instituto de Proteção e Defesa do Consumidor do Município de Santa Rita- PROCON-SR;042026;2026;19110401;Multas Previstas na Legislação sobre Defesa dos Direitos Difusos - Principal;Lançamento de Receita;22.466,86;759;Recursos vinculados a fundos;"Não ";Não Aplicável
Santa Rita;302171;Instituto de Proteção e Defesa do Consumidor do Município de Santa Rita- PROCON-SR;032026;2026;19110401;Multas Previstas na Legislação sobre Defesa dos Direitos Difusos - Principal;Lançamento de Receita;101.468,36;759;Recursos vinculados a fundos;"Não ";Não Aplicável
Santa Rita;302171;Instituto de Proteção e Defesa do Consumidor do Município de Santa Rita- PROCON-SR;022026;2026;19110401;Multas Previstas na Legislação sobre Defesa dos Direitos Difusos - Principal;Lançamento de Receita;3.000;759;Recursos vinculados a fundos;"Não ";Não Aplicável
Santa Rita;302171;Instituto de Proteção e Defesa do Consumidor do Município de Santa Rita- PROCON-SR;042026;2026;13210101;Remuneração de Depósitos Bancários - Principal;Lançamento de Receita;1.440,76;500;Recursos não vinculados de Impostos;"Não ";Não Aplicável
Santa Rita;302171;Instituto de Proteção e Defesa do Consumidor do Município de Santa Rita- PROCON-SR;032026;2026;13210101;Remuneração de Depósitos Bancários - Principal;Lançamento de Receita;870,81;500;Recursos não vinculados de Impostos;"Não ";Não Aplicável
Santa Rita;302171;Instituto de Proteção e Defesa do Consumidor do Município de Santa Rita- PROCON-SR;022026;2026;13210101;Remuneração de Depósitos Bancários - Principal;Lançamento de Receita;681,81;500;Recursos não vinculados de Impostos;"Não ";Não Aplicável
Santa Rita;302171;Instituto de Proteção e Defesa do Consumidor do Município de Santa Rita- PROCON-SR;012026;2026;13210101;Remuneração de Depósitos Bancários - Principal;Lançamento de Receita;702,33;759;Recursos vinculados a fundos;"Não ";Não Aplicável
Santa Rita;302171;Instituto de Proteção e Defesa do Consumidor do Município de Santa Rita- PROCON-SR;012026;2026;13210101;Remuneração de Depósitos Bancários - Principal;Lançamento de Receita;106,27;500;Recursos não vinculados de Impostos;"Não ";Não Aplicável
Santa Rita;303171;SEMOB-SR - Superintendência Executiva de Mobilidade Urbana do Município de Santa Rita;052026;2026;19110101;Multas Previstas em Legislação Específica - Principal;Lançamento de Receita;1.192.196,85;752;Recursos Vinculados ao Trânsito;"Não ";Não Aplicável
Santa Rita;303171;SEMOB-SR - Superintendência Executiva de Mobilidade Urbana do Município de Santa Rita;042026;2026;19110101;Multas Previstas em Legislação Específica - Principal;Lançamento de Receita;170.404,31;752;Recursos Vinculados ao Trânsito;"Não ";Não Aplicável
Santa Rita;303171;SEMOB-SR - Superintendência Executiva de Mobilidade Urbana do Município de Santa Rita;032026;2026;19110101;Multas Previstas em Legislação Específica - Principal;Lançamento de Receita;128.390,3;752;Recursos Vinculados ao Trânsito;"Não ";Não Aplicável
Santa Rita;303171;SEMOB-SR - Superintendência Executiva de Mobilidade Urbana do Município de Santa Rita;022026;2026;19110101;Multas Previstas em Legislação Específica - Principal;Lançamento de Receita;102.070,59;752;Recursos Vinculados ao Trânsito;"Não ";Não Aplicável
Santa Rita;303171;SEMOB-SR - Superintendência Executiva de Mobilidade Urbana do Município de Santa Rita;012026;2026;19110101;Multas Previstas em Legislação Específica - Principal;Lançamento de Receita;82.925,75;752;Recursos Vinculados ao Trânsito;"Não ";Não Aplicável
Santa Rita;303171;SEMOB-SR - Superintendência Executiva de Mobilidade Urbana do Município de Santa Rita;042026;2026;13210101;Remuneração de Depósitos Bancários - Principal;Lançamento de Receita;8.474,83;500;Recursos não vinculados de Impostos;"Não ";Não Aplicável
Santa Rita;303171;SEMOB-SR - Superintendência Executiva de Mobilidade Urbana do Município de Santa Rita;032026;2026;13210101;Remuneração de Depósitos Bancários - Principal;Lançamento de Receita;9.413,32;500;Recursos não vinculados de Impostos;"Não ";Não Aplicável
Santa Rita;303171;SEMOB-SR - Superintendência Executiva de Mobilidade Urbana do Município de Santa Rita;022026;2026;13210101;Remuneração de Depósitos Bancários - Principal;Lançamento de Receita;510,1;500;Recursos não vinculados de Impostos;"Não ";Não Aplicável
Santa Rita;303171;SEMOB-SR - Superintendência Executiva de Mobilidade Urbana do Município de Santa Rita;022026;2026;13210101;Remuneração de Depósitos Bancários - Principal;Lançamento de Receita;6.973,32;752;Recursos Vinculados ao Trânsito;"Não ";Não Aplicável
Santa Rita;303171;SEMOB-SR - Superintendência Executiva de Mobilidade Urbana do Município de Santa Rita;012026;2026;13210101;Remuneração de Depósitos Bancários - Principal;Lançamento de Receita;7.396,73;752;Recursos Vinculados ao Trânsito;"Não ";Não Aplicável
Santa Rita;303171;SEMOB-SR - Superintendência Executiva de Mobilidade Urbana do Município de Santa Rita;012026;2026;13210101;Remuneração de Depósitos Bancários - Principal;Lançamento de Receita;197,08;500;Recursos não vinculados de Impostos;"Não ";Não Aplicável
Santa Rita;601171;Fundo Municipal de Assistência Social de Santa Rita;042026;2026;19999921;Outras Receitas Não Arrecadadas e Não Projetadas pela RFB - Primárias   - Principal;Lançamento de Receita;103.786,34;501;Outros Recursos não Vinculados;"Não ";Não Aplicável
Santa Rita;601171;Fundo Municipal de Assistência Social de Santa Rita;032026;2026;19999921;Outras Receitas Não Arrecadadas e Não Projetadas pela RFB - Primárias   - Principal;Lançamento de Receita;173.643,66;501;Outros Recursos não Vinculados;"Não ";Não Aplicável
Santa Rita;601171;Fundo Municipal de Assistência Social de Santa Rita;022026;2026;19999921;Outras Receitas Não Arrecadadas e Não Projetadas pela RFB - Primárias   - Principal;Lançamento de Receita;180,06;501;Outros Recursos não Vinculados;"Não ";Não Aplicável
Santa Rita;601171;Fundo Municipal de Assistência Social de Santa Rita;022026;2026;17295101;Transferências de Estados destinadas à Assistência Social - Principal;Lançamento de Receita;561.538,16;661;Transferência de Recursos dos Fundos Estaduais de Assistência Social;"Não ";Não Aplicável
Santa Rita;601171;Fundo Municipal de Assistência Social de Santa Rita;052026;2026;17165001;Transferências de Recursos do Fundo Nacional de Assistência Social – FNAS - Principal;Lançamento de Receita;73.476,06;660;Transferência de Recursos do Fundo Nacional de Assistência Social - FNAS;"Não ";Não Aplicável
Santa Rita;601171;Fundo Municipal de Assistência Social de Santa Rita;042026;2026;17165001;Transferências de Recursos do Fundo Nacional de Assistência Social – FNAS - Principal;Lançamento de Receita;197.556,56;660;Transferência de Recursos do Fundo Nacional de Assistência Social - FNAS;"Não ";Não Aplicável
Santa Rita;601171;Fundo Municipal de Assistência Social de Santa Rita;032026;2026;17165001;Transferências de Recursos do Fundo Nacional de Assistência Social – FNAS - Principal;Lançamento de Receita;424.660,92;660;Transferência de Recursos do Fundo Nacional de Assistência Social - FNAS;"Não ";Não Aplicável
Santa Rita;601171;Fundo Municipal de Assistência Social de Santa Rita;022026;2026;17165001;Transferências de Recursos do Fundo Nacional de Assistência Social – FNAS - Principal;Lançamento de Receita;162.242,04;660;Transferência de Recursos do Fundo Nacional de Assistência Social - FNAS;"Não ";Não Aplicável
Santa Rita;601171;Fundo Municipal de Assistência Social de Santa Rita;012026;2026;17165001;Transferências de Recursos do Fundo Nacional de Assistência Social – FNAS - Principal;Lançamento de Receita;44.826,08;660;Transferência de Recursos do Fundo Nacional de Assistência Social - FNAS;"Não ";Não Aplicável
Santa Rita;601171;Fundo Municipal de Assistência Social de Santa Rita;042026;2026;13210101;Remuneração de Depósitos Bancários - Principal;Lançamento de Receita;52.691,17;660;Transferência de Recursos do Fundo Nacional de Assistência Social - FNAS;"Não ";Não Aplicável
Santa Rita;601171;Fundo Municipal de Assistência Social de Santa Rita;032026;2026;13210101;Remuneração de Depósitos Bancários - Principal;Lançamento de Receita;53.834,63;660;Transferência de Recursos do Fundo Nacional de Assistência Social - FNAS;"Não ";Não Aplicável
Santa Rita;601171;Fundo Municipal de Assistência Social de Santa Rita;022026;2026;13210101;Remuneração de Depósitos Bancários - Principal;Lançamento de Receita;41.007,91;660;Transferência de Recursos do Fundo Nacional de Assistência Social - FNAS;"Não ";Não Aplicável
Santa Rita;601171;Fundo Municipal de Assistência Social de Santa Rita;012026;2026;13210101;Remuneração de Depósitos Bancários - Principal;Lançamento de Receita;44.045,3;660;Transferência de Recursos do Fundo Nacional de Assistência Social - FNAS;"Não ";Não Aplicável
Santa Rita;602171;Fundo Municipal de Saúde de Santa Rita;042026;2026;24115121;Transferências de Recursos do Bloco de Estruturação da Rede de Serviços Públicos de Saúde - Atenção Especializada - Principal;Lançamento de Receita;2.273.000;601;Transferências Fundo a Fundo de Recursos do SUS provenientes do Governo Federal - Bloco de Estruturação da Rede de Serviços Públicos de Saúde;"Não ";Não Aplicável
Santa Rita;602171;Fundo Municipal de Saúde de Santa Rita;022026;2026;24115121;Transferências de Recursos do Bloco de Estruturação da Rede de Serviços Públicos de Saúde - Atenção Especializada - Principal;Lançamento de Receita;470.560;601;Transferências Fundo a Fundo de Recursos do SUS provenientes do Governo Federal - Bloco de Estruturação da Rede de Serviços Públicos de Saúde;"Não ";Não Aplicável
Santa Rita;602171;Fundo Municipal de Saúde de Santa Rita;042026;2026;24115111;Transferências de Recursos do Bloco de Estruturação da Rede de Serviços Públicos de Saúde - Atenção Primária - Principal;Lançamento de Receita;1.803.000;600;Transferências Fundo a Fundo de Recursos do SUS provenientes do Governo Federal - Bloco de Manutenção das Ações e Serviços Públicos de Saúde;"Não ";Não Aplicável
Santa Rita;602171;Fundo Municipal de Saúde de Santa Rita;042026;2026;17135051;Transferências de Recursos do Bloco de Manutenção das Ações e Serviços Públicos de Saúde – Gestão do SUS - Principal;Lançamento de Receita;611.213,85;605;Assistência financeira da União destinada à complementação ao pagamento dos pisos salariais para profissionais da enfermagem;"Não ";Não Aplicável
Santa Rita;602171;Fundo Municipal de Saúde de Santa Rita;032026;2026;17135051;Transferências de Recursos do Bloco de Manutenção das Ações e Serviços Públicos de Saúde – Gestão do SUS - Principal;Lançamento de Receita;599.955,74;605;Assistência financeira da União destinada à complementação ao pagamento dos pisos salariais para profissionais da enfermagem;"Não ";Não Aplicável
Santa Rita;602171;Fundo Municipal de Saúde de Santa Rita;022026;2026;17135051;Transferências de Recursos do Bloco de Manutenção das Ações e Serviços Públicos de Saúde – Gestão do SUS - Principal;Lançamento de Receita;603.147,38;605;Assistência financeira da União destinada à complementação ao pagamento dos pisos salariais para profissionais da enfermagem;"Não ";Não Aplicável
Santa Rita;602171;Fundo Municipal de Saúde de Santa Rita;042026;2026;17135041;Transferências de Recursos do Bloco de Manutenção das Ações e Serviços Públicos de Saúde – Assistência Farmacêutica - Principal;Lançamento de Receita;150.976,23;600;Transferências Fundo a Fundo de Recursos do SUS provenientes do Governo Federal - Bloco de Manutenção das Ações e Serviços Públicos de Saúde;"Não ";Não Aplicável
Santa Rita;602171;Fundo Municipal de Saúde de Santa Rita;032026;2026;17135041;Transferências de Recursos do Bloco de Manutenção das Ações e Serviços Públicos de Saúde – Assistência Farmacêutica - Principal;Lançamento de Receita;113.373,8;600;Transferências Fundo a Fundo de Recursos do SUS provenientes do Governo Federal - Bloco de Manutenção das Ações e Serviços Públicos de Saúde;"Não ";Não Aplicável
Santa Rita;602171;Fundo Municipal de Saúde de Santa Rita;022026;2026;17135041;Transferências de Recursos do Bloco de Manutenção das Ações e Serviços Públicos de Saúde – Assistência Farmacêutica - Principal;Lançamento de Receita;150.976,23;600;Transferências Fundo a Fundo de Recursos do SUS provenientes do Governo Federal - Bloco de Manutenção das Ações e Serviços Públicos de Saúde;"Não ";Não Aplicável
Santa Rita;602171;Fundo Municipal de Saúde de Santa Rita;012026;2026;17135041;Transferências de Recursos do Bloco de Manutenção das Ações e Serviços Públicos de Saúde – Assistência Farmacêutica - Principal;Lançamento de Receita;156.976,23;600;Transferências Fundo a Fundo de Recursos do SUS provenientes do Governo Federal - Bloco de Manutenção das Ações e Serviços Públicos de Saúde;"Não ";Não Aplicável
Santa Rita;602171;Fundo Municipal de Saúde de Santa Rita;042026;2026;17135031;Transferências de Recursos do Bloco de Manutenção das Ações e Serviços Públicos de Saúde – Vigilância em Saúde - Principal;Lançamento de Receita;332.557,02;600;Transferências Fundo a Fundo de Recursos do SUS provenientes do Governo Federal - Bloco de Manutenção das Ações e Serviços Públicos de Saúde;"Não ";Não Aplicável
Santa Rita;602171;Fundo Municipal de Saúde de Santa Rita;032026;2026;17135031;Transferências de Recursos do Bloco de Manutenção das Ações e Serviços Públicos de Saúde – Vigilância em Saúde - Principal;Lançamento de Receita;406.101,89;600;Transferências Fundo a Fundo de Recursos do SUS provenientes do Governo Federal - Bloco de Manutenção das Ações e Serviços Públicos de Saúde;"Não ";Não Aplicável
Santa Rita;602171;Fundo Municipal de Saúde de Santa Rita;022026;2026;17135031;Transferências de Recursos do Bloco de Manutenção das Ações e Serviços Públicos de Saúde – Vigilância em Saúde - Principal;Lançamento de Receita;305.748,96;600;Transferências Fundo a Fundo de Recursos do SUS provenientes do Governo Federal - Bloco de Manutenção das Ações e Serviços Públicos de Saúde;"Não ";Não Aplicável
Santa Rita;602171;Fundo Municipal de Saúde de Santa Rita;012026;2026;17135031;Transferências de Recursos do Bloco de Manutenção das Ações e Serviços Públicos de Saúde – Vigilância em Saúde - Principal;Lançamento de Receita;327.016,1;600;Transferências Fundo a Fundo de Recursos do SUS provenientes do Governo Federal - Bloco de Manutenção das Ações e Serviços Públicos de Saúde;"Não ";Não Aplicável
Santa Rita;602171;Fundo Municipal de Saúde de Santa Rita;042026;2026;17135021;Transferências de Recursos do Bloco de Manutenção das Ações e Serviços Públicos de Saúde – Atenção Especializada - Principal;Lançamento de Receita;6.364.322,44;600;Transferências Fundo a Fundo de Recursos do SUS provenientes do Governo Federal - Bloco de Manutenção das Ações e Serviços Públicos de Saúde;"Não ";Não Aplicável
Santa Rita;602171;Fundo Municipal de Saúde de Santa Rita;032026;2026;17135021;Transferências de Recursos do Bloco de Manutenção das Ações e Serviços Públicos de Saúde – Atenção Especializada - Principal;Lançamento de Receita;1.267.567,82;600;Transferências Fundo a Fundo de Recursos do SUS provenientes do Governo Federal - Bloco de Manutenção das Ações e Serviços Públicos de Saúde;"Não ";Não Aplicável
Santa Rita;602171;Fundo Municipal de Saúde de Santa Rita;022026;2026;17135021;Transferências de Recursos do Bloco de Manutenção das Ações e Serviços Públicos de Saúde – Atenção Especializada - Principal;Lançamento de Receita;5.253.013,16;600;Transferências Fundo a Fundo de Recursos do SUS provenientes do Governo Federal - Bloco de Manutenção das Ações e Serviços Públicos de Saúde;"Não ";Não Aplicável
Santa Rita;602171;Fundo Municipal de Saúde de Santa Rita;012026;2026;17135021;Transferências de Recursos do Bloco de Manutenção das Ações e Serviços Públicos de Saúde – Atenção Especializada - Principal;Lançamento de Receita;1.464.747,76;600;Transferências Fundo a Fundo de Recursos do SUS provenientes do Governo Federal - Bloco de Manutenção das Ações e Serviços Públicos de Saúde;"Não ";Não Aplicável
Santa Rita;602171;Fundo Municipal de Saúde de Santa Rita;042026;2026;17135011;Transferências de Recursos do Bloco de Manutenção das Ações e Serviços Públicos de Saúde – Atenção Primária - Principal;Lançamento de Receita;800.774;604;Transferências provenientes do Governo Federal destinadas ao vencimento dos agentes comunitários de saúde e dos agentes de combate às endemias;"Não ";Não Aplicável
Santa Rita;602171;Fundo Municipal de Saúde de Santa Rita;042026;2026;17135011;Transferências de Recursos do Bloco de Manutenção das Ações e Serviços Públicos de Saúde – Atenção Primária - Principal;Lançamento de Receita;2.202.856,56;600;Transferências Fundo a Fundo de Recursos do SUS provenientes do Governo Federal - Bloco de Manutenção das Ações e Serviços Públicos de Saúde;"Não ";Não Aplicável
Santa Rita;602171;Fundo Municipal de Saúde de Santa Rita;032026;2026;17135011;Transferências de Recursos do Bloco de Manutenção das Ações e Serviços Públicos de Saúde – Atenção Primária - Principal;Lançamento de Receita;804.016;604;Transferências provenientes do Governo Federal destinadas ao vencimento dos agentes comunitários de saúde e dos agentes de combate às endemias;"Não ";Não Aplicável
Santa Rita;602171;Fundo Municipal de Saúde de Santa Rita;032026;2026;17135011;Transferências de Recursos do Bloco de Manutenção das Ações e Serviços Públicos de Saúde – Atenção Primária - Principal;Lançamento de Receita;1.602.998,93;600;Transferências Fundo a Fundo de Recursos do SUS provenientes do Governo Federal - Bloco de Manutenção das Ações e Serviços Públicos de Saúde;"Não ";Não Aplicável
Santa Rita;602171;Fundo Municipal de Saúde de Santa Rita;022026;2026;17135011;Transferências de Recursos do Bloco de Manutenção das Ações e Serviços Públicos de Saúde – Atenção Primária - Principal;Lançamento de Receita;1.732.501,5;600;Transferências Fundo a Fundo de Recursos do SUS provenientes do Governo Federal - Bloco de Manutenção das Ações e Serviços Públicos de Saúde;"Não ";Não Aplicável
Santa Rita;602171;Fundo Municipal de Saúde de Santa Rita;022026;2026;17135011;Transferências de Recursos do Bloco de Manutenção das Ações e Serviços Públicos de Saúde – Atenção Primária - Principal;Lançamento de Receita;807.258;604;Transferências provenientes do Governo Federal destinadas ao vencimento dos agentes comunitários de saúde e dos agentes de combate às endemias;"Não ";Não Aplicável
Santa Rita;602171;Fundo Municipal de Saúde de Santa Rita;012026;2026;17135011;Transferências de Recursos do Bloco de Manutenção das Ações e Serviços Públicos de Saúde – Atenção Primária - Principal;Lançamento de Receita;810.500;604;Transferências provenientes do Governo Federal destinadas ao vencimento dos agentes comunitários de saúde e dos agentes de combate às endemias;"Não ";Não Aplicável
Santa Rita;602171;Fundo Municipal de Saúde de Santa Rita;012026;2026;17135011;Transferências de Recursos do Bloco de Manutenção das Ações e Serviços Públicos de Saúde – Atenção Primária - Principal;Lançamento de Receita;1.450.135,8;600;Transferências Fundo a Fundo de Recursos do SUS provenientes do Governo Federal - Bloco de Manutenção das Ações e Serviços Públicos de Saúde;"Não ";Não Aplicável
Santa Rita;602171;Fundo Municipal de Saúde de Santa Rita;042026;2026;13210101;Remuneração de Depósitos Bancários - Principal;Lançamento de Receita;0,01;600;Transferências Fundo a Fundo de Recursos do SUS provenientes do Governo Federal - Bloco de Manutenção das Ações e Serviços Públicos de Saúde;"Não ";Não Aplicável
Santa Rita;602171;Fundo Municipal de Saúde de Santa Rita;042026;2026;13210101;Remuneração de Depósitos Bancários - Principal;Lançamento de Receita;580.599,49;500;Recursos não vinculados de Impostos;1002;Identificação das despesas com ações e serviços públicos de saúde
Santa Rita;602171;Fundo Municipal de Saúde de Santa Rita;032026;2026;13210101;Remuneração de Depósitos Bancários - Principal;Lançamento de Receita;375.639,73;500;Recursos não vinculados de Impostos;1002;Identificação das despesas com ações e serviços públicos de saúde
Santa Rita;602171;Fundo Municipal de Saúde de Santa Rita;032026;2026;13210101;Remuneração de Depósitos Bancários - Principal;Lançamento de Receita;196.169,89;600;Transferências Fundo a Fundo de Recursos do SUS provenientes do Governo Federal - Bloco de Manutenção das Ações e Serviços Públicos de Saúde;"Não ";Não Aplicável
Santa Rita;602171;Fundo Municipal de Saúde de Santa Rita;022026;2026;13210101;Remuneração de Depósitos Bancários - Principal;Lançamento de Receita;440.387,99;500;Recursos não vinculados de Impostos;1002;Identificação das despesas com ações e serviços públicos de saúde
Santa Rita;602171;Fundo Municipal de Saúde de Santa Rita;022026;2026;13210101;Remuneração de Depósitos Bancários - Principal;Lançamento de Receita;1,49;500;Recursos não vinculados de Impostos;"Não ";Não Aplicável
Santa Rita;602171;Fundo Municipal de Saúde de Santa Rita;012026;2026;13210101;Remuneração de Depósitos Bancários - Principal;Lançamento de Receita;393.615,87;500;Recursos não vinculados de Impostos;1002;Identificação das despesas com ações e serviços públicos de saúde
Santa Rita;603171;Fundo Municipal de Defesa e Desenvolvimento Ambiental;042026;2026;13210101;Remuneração de Depósitos Bancários - Principal;Lançamento de Receita;3.036,3;500;Recursos não vinculados de Impostos;"Não ";Não Aplicável
Santa Rita;603171;Fundo Municipal de Defesa e Desenvolvimento Ambiental;032026;2026;13210101;Remuneração de Depósitos Bancários - Principal;Lançamento de Receita;4.780,85;500;Recursos não vinculados de Impostos;"Não ";Não Aplicável
Santa Rita;603171;Fundo Municipal de Defesa e Desenvolvimento Ambiental;022026;2026;13210101;Remuneração de Depósitos Bancários - Principal;Lançamento de Receita;4.353,98;500;Recursos não vinculados de Impostos;"Não ";Não Aplicável
Santa Rita;603171;Fundo Municipal de Defesa e Desenvolvimento Ambiental;012026;2026;13210101;Remuneração de Depósitos Bancários - Principal;Lançamento de Receita;4.497,83;500;Recursos não vinculados de Impostos;"Não ";Não Aplicável
Santa Rita;603171;Fundo Municipal de Defesa e Desenvolvimento Ambiental;052026;2026;11210401;Taxa de Controle e Fiscalização Ambiental - Principal;Lançamento de Receita;3.262,87;501;Outros Recursos não Vinculados;"Não ";Não Aplicável
Santa Rita;603171;Fundo Municipal de Defesa e Desenvolvimento Ambiental;042026;2026;11210401;Taxa de Controle e Fiscalização Ambiental - Principal;Lançamento de Receita;25.044,66;501;Outros Recursos não Vinculados;"Não ";Não Aplicável
Santa Rita;603171;Fundo Municipal de Defesa e Desenvolvimento Ambiental;032026;2026;11210401;Taxa de Controle e Fiscalização Ambiental - Principal;Lançamento de Receita;34.185,21;501;Outros Recursos não Vinculados;"Não ";Não Aplicável
Santa Rita;603171;Fundo Municipal de Defesa e Desenvolvimento Ambiental;022026;2026;11210401;Taxa de Controle e Fiscalização Ambiental - Principal;Lançamento de Receita;65.570,8;501;Outros Recursos não Vinculados;"Não ";Não Aplicável
Santa Rita;603171;Fundo Municipal de Defesa e Desenvolvimento Ambiental;012026;2026;11210401;Taxa de Controle e Fiscalização Ambiental - Principal;Lançamento de Receita;77.835;501;Outros Recursos não Vinculados;"Não ";Não Aplicável
