municipio;codigo_unidade_gestora;descricao_unidade_gestora;mes_ano;ano;codigo_receita;descricao_receita;tipo_atualizacao_receita;valor;codigo_fonte_recurso;descricao_fonte_recurso;co;descricao_co
Lucena;201107;Prefeitura Municipal de Lucena;122025;2025;29999901;Outras Receitas de Capital - Principal;Lançamento de Receita;11.466,49;501;Outros Recursos não Vinculados;"Não ";Não Aplicável
Lucena;201107;Prefeitura Municipal de Lucena;112025;2025;29999901;Outras Receitas de Capital - Principal;Lançamento de Receita;7.059,68;501;Outros Recursos não Vinculados;"Não ";Não Aplicável
Lucena;201107;Prefeitura Municipal de Lucena;102025;2025;29999901;Outras Receitas de Capital - Principal;Lançamento de Receita;10.078,92;501;Outros Recursos não Vinculados;"Não ";Não Aplicável
Lucena;201107;Prefeitura Municipal de Lucena;092025;2025;29999901;Outras Receitas de Capital - Principal;Lançamento de Receita;20.909,79;501;Outros Recursos não Vinculados;"Não ";Não Aplicável
Lucena;201107;Prefeitura Municipal de Lucena;082025;2025;29999901;Outras Receitas de Capital - Principal;Lançamento de Receita;28.484,63;501;Outros Recursos não Vinculados;"Não ";Não Aplicável
Lucena;201107;Prefeitura Municipal de Lucena;072025;2025;29999901;Outras Receitas de Capital - Principal;Lançamento de Receita;18.034,41;501;Outros Recursos não Vinculados;"Não ";Não Aplicável
Lucena;201107;Prefeitura Municipal de Lucena;062025;2025;29999901;Outras Receitas de Capital - Principal;Lançamento de Receita;12.524,92;501;Outros Recursos não Vinculados;"Não ";Não Aplicável
Lucena;201107;Prefeitura Municipal de Lucena;052025;2025;29999901;Outras Receitas de Capital - Principal;Lançamento de Receita;56.902,02;501;Outros Recursos não Vinculados;"Não ";Não Aplicável
Lucena;201107;Prefeitura Municipal de Lucena;042025;2025;29999901;Outras Receitas de Capital - Principal;Lançamento de Receita;24.775,77;501;Outros Recursos não Vinculados;"Não ";Não Aplicável
Lucena;201107;Prefeitura Municipal de Lucena;032025;2025;29999901;Outras Receitas de Capital - Principal;Lançamento de Receita;31.501,37;501;Outros Recursos não Vinculados;"Não ";Não Aplicável
Lucena;201107;Prefeitura Municipal de Lucena;022025;2025;29999901;Outras Receitas de Capital - Principal;Lançamento de Receita;16.639,87;501;Outros Recursos não Vinculados;"Não ";Não Aplicável
Lucena;201107;Prefeitura Municipal de Lucena;012025;2025;29999901;Outras Receitas de Capital - Principal;Lançamento de Receita;16.425,59;501;Outros Recursos não Vinculados;"Não ";Não Aplicável
Lucena;201107;Prefeitura Municipal de Lucena;042025;2025;19229901;Outras Restituições - Principal;Lançamento de Receita;-2.808,3;501;Outros Recursos não Vinculados;"Não ";Não Aplicável
Lucena;201107;Prefeitura Municipal de Lucena;032025;2025;19229901;Outras Restituições - Principal;Lançamento de Receita;4.297,6;501;Outros Recursos não Vinculados;"Não ";Não Aplicável
Lucena;201107;Prefeitura Municipal de Lucena;022025;2025;19229901;Outras Restituições - Principal;Lançamento de Receita;4.826,81;501;Outros Recursos não Vinculados;"Não ";Não Aplicável
Lucena;201107;Prefeitura Municipal de Lucena;122025;2025;17515001;Transferências de Recursos do Fundo de Manutenção e Desenvolvimento da Educação Básica e de Valorização dos Profissionais da Educação – FUNDEB - Principal;Lançamento de Receita;1.806.830,76;540;Transferências do FUNDEB - Impostos e Transferências de Impostos;"Não ";Não Aplicável
Lucena;201107;Prefeitura Municipal de Lucena;112025;2025;17515001;Transferências de Recursos do Fundo de Manutenção e Desenvolvimento da Educação Básica e de Valorização dos Profissionais da Educação – FUNDEB - Principal;Lançamento de Receita;1.465.943,95;540;Transferências do FUNDEB - Impostos e Transferências de Impostos;"Não ";Não Aplicável
Lucena;201107;Prefeitura Municipal de Lucena;102025;2025;17515001;Transferências de Recursos do Fundo de Manutenção e Desenvolvimento da Educação Básica e de Valorização dos Profissionais da Educação – FUNDEB - Principal;Lançamento de Receita;1.274.919,66;540;Transferências do FUNDEB - Impostos e Transferências de Impostos;"Não ";Não Aplicável
Lucena;201107;Prefeitura Municipal de Lucena;092025;2025;17515001;Transferências de Recursos do Fundo de Manutenção e Desenvolvimento da Educação Básica e de Valorização dos Profissionais da Educação – FUNDEB - Principal;Lançamento de Receita;1.298.055,87;540;Transferências do FUNDEB - Impostos e Transferências de Impostos;"Não ";Não Aplicável
Lucena;201107;Prefeitura Municipal de Lucena;082025;2025;17515001;Transferências de Recursos do Fundo de Manutenção e Desenvolvimento da Educação Básica e de Valorização dos Profissionais da Educação – FUNDEB - Principal;Lançamento de Receita;1.479.737,71;540;Transferências do FUNDEB - Impostos e Transferências de Impostos;"Não ";Não Aplicável
Lucena;201107;Prefeitura Municipal de Lucena;072025;2025;17515001;Transferências de Recursos do Fundo de Manutenção e Desenvolvimento da Educação Básica e de Valorização dos Profissionais da Educação – FUNDEB - Principal;Lançamento de Receita;1.254.408,35;540;Transferências do FUNDEB - Impostos e Transferências de Impostos;"Não ";Não Aplicável
Lucena;201107;Prefeitura Municipal de Lucena;062025;2025;17515001;Transferências de Recursos do Fundo de Manutenção e Desenvolvimento da Educação Básica e de Valorização dos Profissionais da Educação – FUNDEB - Principal;Lançamento de Receita;1.573.629,04;540;Transferências do FUNDEB - Impostos e Transferências de Impostos;"Não ";Não Aplicável
Lucena;201107;Prefeitura Municipal de Lucena;052025;2025;17515001;Transferências de Recursos do Fundo de Manutenção e Desenvolvimento da Educação Básica e de Valorização dos Profissionais da Educação – FUNDEB - Principal;Lançamento de Receita;1.567.639,82;540;Transferências do FUNDEB - Impostos e Transferências de Impostos;"Não ";Não Aplicável
Lucena;201107;Prefeitura Municipal de Lucena;042025;2025;17515001;Transferências de Recursos do Fundo de Manutenção e Desenvolvimento da Educação Básica e de Valorização dos Profissionais da Educação – FUNDEB - Principal;Lançamento de Receita;1.364.701,31;540;Transferências do FUNDEB - Impostos e Transferências de Impostos;"Não ";Não Aplicável
Lucena;201107;Prefeitura Municipal de Lucena;032025;2025;17515001;Transferências de Recursos do Fundo de Manutenção e Desenvolvimento da Educação Básica e de Valorização dos Profissionais da Educação – FUNDEB - Principal;Lançamento de Receita;1.332.759,69;540;Transferências do FUNDEB - Impostos e Transferências de Impostos;"Não ";Não Aplicável
Lucena;201107;Prefeitura Municipal de Lucena;022025;2025;17515001;Transferências de Recursos do Fundo de Manutenção e Desenvolvimento da Educação Básica e de Valorização dos Profissionais da Educação – FUNDEB - Principal;Lançamento de Receita;1.699.695,32;540;Transferências do FUNDEB - Impostos e Transferências de Impostos;"Não ";Não Aplicável
Lucena;201107;Prefeitura Municipal de Lucena;012025;2025;17515001;Transferências de Recursos do Fundo de Manutenção e Desenvolvimento da Educação Básica e de Valorização dos Profissionais da Educação – FUNDEB - Principal;Lançamento de Receita;1.479.493,67;540;Transferências do FUNDEB - Impostos e Transferências de Impostos;"Não ";Não Aplicável
Lucena;201107;Prefeitura Municipal de Lucena;102025;2025;17215301;Cota-Parte da Contribuição de Intervenção no Domínio Econômico - Principal;Lançamento de Receita;3.984,77;750;Recursos da Contribuição de Intervenção no Domínio Econômico - CIDE;"Não ";Não Aplicável
Lucena;201107;Prefeitura Municipal de Lucena;072025;2025;17215301;Cota-Parte da Contribuição de Intervenção no Domínio Econômico - Principal;Lançamento de Receita;3.778,77;750;Recursos da Contribuição de Intervenção no Domínio Econômico - CIDE;"Não ";Não Aplicável
Lucena;201107;Prefeitura Municipal de Lucena;042025;2025;17215301;Cota-Parte da Contribuição de Intervenção no Domínio Econômico - Principal;Lançamento de Receita;3.435,29;750;Recursos da Contribuição de Intervenção no Domínio Econômico - CIDE;"Não ";Não Aplicável
Lucena;201107;Prefeitura Municipal de Lucena;012025;2025;17215301;Cota-Parte da Contribuição de Intervenção no Domínio Econômico - Principal;Lançamento de Receita;3.699,56;750;Recursos da Contribuição de Intervenção no Domínio Econômico - CIDE;"Não ";Não Aplicável
Lucena;201107;Prefeitura Municipal de Lucena;122025;2025;17215201;Cota-Parte do IPI - Municípios - Principal;Lançamento de Receita;267,2;500;Recursos não vinculados de Impostos;"Não ";Não Aplicável
Lucena;201107;Prefeitura Municipal de Lucena;122025;2025;17215201;Cota-Parte do IPI - Municípios - Principal;Dedução do Fundeb;-53,44;500;Recursos não vinculados de Impostos;1001;Identificação das despesas com manutenção e desenvolvimento do ensino
Lucena;201107;Prefeitura Municipal de Lucena;112025;2025;17215201;Cota-Parte do IPI - Municípios - Principal;Lançamento de Receita;232,74;500;Recursos não vinculados de Impostos;"Não ";Não Aplicável
Lucena;201107;Prefeitura Municipal de Lucena;112025;2025;17215201;Cota-Parte do IPI - Municípios - Principal;Dedução do Fundeb;-46,55;500;Recursos não vinculados de Impostos;1001;Identificação das despesas com manutenção e desenvolvimento do ensino
Lucena;201107;Prefeitura Municipal de Lucena;102025;2025;17215201;Cota-Parte do IPI - Municípios - Principal;Dedução do Fundeb;-50,56;500;Recursos não vinculados de Impostos;1001;Identificação das despesas com manutenção e desenvolvimento do ensino
Lucena;201107;Prefeitura Municipal de Lucena;102025;2025;17215201;Cota-Parte do IPI - Municípios - Principal;Lançamento de Receita;252,78;500;Recursos não vinculados de Impostos;"Não ";Não Aplicável
Lucena;201107;Prefeitura Municipal de Lucena;092025;2025;17215201;Cota-Parte do IPI - Municípios - Principal;Lançamento de Receita;253,68;500;Recursos não vinculados de Impostos;"Não ";Não Aplicável
Lucena;201107;Prefeitura Municipal de Lucena;092025;2025;17215201;Cota-Parte do IPI - Municípios - Principal;Dedução do Fundeb;-50,74;500;Recursos não vinculados de Impostos;1001;Identificação das despesas com manutenção e desenvolvimento do ensino
Lucena;201107;Prefeitura Municipal de Lucena;082025;2025;17215201;Cota-Parte do IPI - Municípios - Principal;Dedução do Fundeb;-41,67;500;Recursos não vinculados de Impostos;1001;Identificação das despesas com manutenção e desenvolvimento do ensino
Lucena;201107;Prefeitura Municipal de Lucena;082025;2025;17215201;Cota-Parte do IPI - Municípios - Principal;Lançamento de Receita;208,33;500;Recursos não vinculados de Impostos;"Não ";Não Aplicável
Lucena;201107;Prefeitura Municipal de Lucena;072025;2025;17215201;Cota-Parte do IPI - Municípios - Principal;Dedução do Fundeb;-47,17;500;Recursos não vinculados de Impostos;1001;Identificação das despesas com manutenção e desenvolvimento do ensino
Lucena;201107;Prefeitura Municipal de Lucena;072025;2025;17215201;Cota-Parte do IPI - Municípios - Principal;Lançamento de Receita;235,8;500;Recursos não vinculados de Impostos;"Não ";Não Aplicável
Lucena;201107;Prefeitura Municipal de Lucena;062025;2025;17215201;Cota-Parte do IPI - Municípios - Principal;Lançamento de Receita;107.878,96;500;Recursos não vinculados de Impostos;"Não ";Não Aplicável
Lucena;201107;Prefeitura Municipal de Lucena;062025;2025;17215201;Cota-Parte do IPI - Municípios - Principal;Dedução do Fundeb;-193.419,62;500;Recursos não vinculados de Impostos;1001;Identificação das despesas com manutenção e desenvolvimento do ensino
Lucena;201107;Prefeitura Municipal de Lucena;052025;2025;17215201;Cota-Parte do IPI - Municípios - Principal;Lançamento de Receita;198,3;500;Recursos não vinculados de Impostos;"Não ";Não Aplicável
Lucena;201107;Prefeitura Municipal de Lucena;052025;2025;17215201;Cota-Parte do IPI - Municípios - Principal;Dedução do Fundeb;-39,66;500;Recursos não vinculados de Impostos;1001;Identificação das despesas com manutenção e desenvolvimento do ensino
Lucena;201107;Prefeitura Municipal de Lucena;042025;2025;17215201;Cota-Parte do IPI - Municípios - Principal;Dedução do Fundeb;-159.697,2;500;Recursos não vinculados de Impostos;1001;Identificação das despesas com manutenção e desenvolvimento do ensino
Lucena;201107;Prefeitura Municipal de Lucena;042025;2025;17215201;Cota-Parte do IPI - Municípios - Principal;Lançamento de Receita;105.786,52;500;Recursos não vinculados de Impostos;"Não ";Não Aplicável
Lucena;201107;Prefeitura Municipal de Lucena;032025;2025;17215201;Cota-Parte do IPI - Municípios - Principal;Dedução do Fundeb;-46,89;500;Recursos não vinculados de Impostos;1001;Identificação das despesas com manutenção e desenvolvimento do ensino
Lucena;201107;Prefeitura Municipal de Lucena;032025;2025;17215201;Cota-Parte do IPI - Municípios - Principal;Lançamento de Receita;234,44;500;Recursos não vinculados de Impostos;"Não ";Não Aplicável
Lucena;201107;Prefeitura Municipal de Lucena;022025;2025;17215201;Cota-Parte do IPI - Municípios - Principal;Dedução do Fundeb;-40,65;500;Recursos não vinculados de Impostos;1001;Identificação das despesas com manutenção e desenvolvimento do ensino
Lucena;201107;Prefeitura Municipal de Lucena;022025;2025;17215201;Cota-Parte do IPI - Municípios - Principal;Lançamento de Receita;203,24;500;Recursos não vinculados de Impostos;"Não ";Não Aplicável
Lucena;201107;Prefeitura Municipal de Lucena;012025;2025;17215201;Cota-Parte do IPI - Municípios - Principal;Lançamento de Receita;175,19;500;Recursos não vinculados de Impostos;"Não ";Não Aplicável
Lucena;201107;Prefeitura Municipal de Lucena;012025;2025;17215201;Cota-Parte do IPI - Municípios - Principal;Dedução do Fundeb;-35,04;500;Recursos não vinculados de Impostos;1001;Identificação das despesas com manutenção e desenvolvimento do ensino
Lucena;201107;Prefeitura Municipal de Lucena;122025;2025;17215101;Cota-Parte do IPVA - Principal;Dedução do Fundeb;-5.786,13;500;Recursos não vinculados de Impostos;1001;Identificação das despesas com manutenção e desenvolvimento do ensino
Lucena;201107;Prefeitura Municipal de Lucena;122025;2025;17215101;Cota-Parte do IPVA - Principal;Lançamento de Receita;28.930,63;500;Recursos não vinculados de Impostos;"Não ";Não Aplicável
Lucena;201107;Prefeitura Municipal de Lucena;112025;2025;17215101;Cota-Parte do IPVA - Principal;Lançamento de Receita;30.147,66;500;Recursos não vinculados de Impostos;"Não ";Não Aplicável
Lucena;201107;Prefeitura Municipal de Lucena;112025;2025;17215101;Cota-Parte do IPVA - Principal;Dedução do Fundeb;-6.029,54;500;Recursos não vinculados de Impostos;1001;Identificação das despesas com manutenção e desenvolvimento do ensino
Lucena;201107;Prefeitura Municipal de Lucena;102025;2025;17215101;Cota-Parte do IPVA - Principal;Dedução do Fundeb;-8.052,76;500;Recursos não vinculados de Impostos;1001;Identificação das despesas com manutenção e desenvolvimento do ensino
Lucena;201107;Prefeitura Municipal de Lucena;102025;2025;17215101;Cota-Parte do IPVA - Principal;Lançamento de Receita;40.263,74;500;Recursos não vinculados de Impostos;"Não ";Não Aplicável
Lucena;201107;Prefeitura Municipal de Lucena;092025;2025;17215101;Cota-Parte do IPVA - Principal;Dedução do Fundeb;-10.418,95;500;Recursos não vinculados de Impostos;1001;Identificação das despesas com manutenção e desenvolvimento do ensino
Lucena;201107;Prefeitura Municipal de Lucena;092025;2025;17215101;Cota-Parte do IPVA - Principal;Lançamento de Receita;52.094,61;500;Recursos não vinculados de Impostos;"Não ";Não Aplicável
Lucena;201107;Prefeitura Municipal de Lucena;082025;2025;17215101;Cota-Parte do IPVA - Principal;Lançamento de Receita;47.401,12;500;Recursos não vinculados de Impostos;"Não ";Não Aplicável
Lucena;201107;Prefeitura Municipal de Lucena;082025;2025;17215101;Cota-Parte do IPVA - Principal;Dedução do Fundeb;-9.480,25;500;Recursos não vinculados de Impostos;1001;Identificação das despesas com manutenção e desenvolvimento do ensino
Lucena;201107;Prefeitura Municipal de Lucena;072025;2025;17215101;Cota-Parte do IPVA - Principal;Dedução do Fundeb;-12.613,8;500;Recursos não vinculados de Impostos;1001;Identificação das despesas com manutenção e desenvolvimento do ensino
Lucena;201107;Prefeitura Municipal de Lucena;072025;2025;17215101;Cota-Parte do IPVA - Principal;Lançamento de Receita;63.068,88;500;Recursos não vinculados de Impostos;"Não ";Não Aplicável
Lucena;201107;Prefeitura Municipal de Lucena;062025;2025;17215101;Cota-Parte do IPVA - Principal;Dedução do Fundeb;-11.274,91;500;Recursos não vinculados de Impostos;1001;Identificação das despesas com manutenção e desenvolvimento do ensino
Lucena;201107;Prefeitura Municipal de Lucena;062025;2025;17215101;Cota-Parte do IPVA - Principal;Lançamento de Receita;56.374,44;500;Recursos não vinculados de Impostos;"Não ";Não Aplicável
Lucena;201107;Prefeitura Municipal de Lucena;052025;2025;17215101;Cota-Parte do IPVA - Principal;Lançamento de Receita;53.489,69;500;Recursos não vinculados de Impostos;"Não ";Não Aplicável
Lucena;201107;Prefeitura Municipal de Lucena;052025;2025;17215101;Cota-Parte do IPVA - Principal;Dedução do Fundeb;-10.697,95;500;Recursos não vinculados de Impostos;1001;Identificação das despesas com manutenção e desenvolvimento do ensino
Lucena;201107;Prefeitura Municipal de Lucena;042025;2025;17215101;Cota-Parte do IPVA - Principal;Dedução do Fundeb;-7.297,97;500;Recursos não vinculados de Impostos;1001;Identificação das despesas com manutenção e desenvolvimento do ensino
Lucena;201107;Prefeitura Municipal de Lucena;042025;2025;17215101;Cota-Parte do IPVA - Principal;Lançamento de Receita;36.489,82;500;Recursos não vinculados de Impostos;"Não ";Não Aplicável
Lucena;201107;Prefeitura Municipal de Lucena;032025;2025;17215101;Cota-Parte do IPVA - Principal;Dedução do Fundeb;-8.362,75;500;Recursos não vinculados de Impostos;1001;Identificação das despesas com manutenção e desenvolvimento do ensino
Lucena;201107;Prefeitura Municipal de Lucena;032025;2025;17215101;Cota-Parte do IPVA - Principal;Lançamento de Receita;41.813,73;500;Recursos não vinculados de Impostos;"Não ";Não Aplicável
Lucena;201107;Prefeitura Municipal de Lucena;022025;2025;17215101;Cota-Parte do IPVA - Principal;Lançamento de Receita;42.522,92;500;Recursos não vinculados de Impostos;"Não ";Não Aplicável
Lucena;201107;Prefeitura Municipal de Lucena;022025;2025;17215101;Cota-Parte do IPVA - Principal;Dedução do Fundeb;-8.504,51;500;Recursos não vinculados de Impostos;1001;Identificação das despesas com manutenção e desenvolvimento do ensino
Lucena;201107;Prefeitura Municipal de Lucena;012025;2025;17215101;Cota-Parte do IPVA - Principal;Dedução do Fundeb;-6.389,77;500;Recursos não vinculados de Impostos;1001;Identificação das despesas com manutenção e desenvolvimento do ensino
Lucena;201107;Prefeitura Municipal de Lucena;012025;2025;17215101;Cota-Parte do IPVA - Principal;Lançamento de Receita;31.948,69;500;Recursos não vinculados de Impostos;"Não ";Não Aplicável
Lucena;201107;Prefeitura Municipal de Lucena;122025;2025;17215001;Cota-Parte do ICMS - Principal;Dedução do Fundeb;-173.732,02;500;Recursos não vinculados de Impostos;1001;Identificação das despesas com manutenção e desenvolvimento do ensino
Lucena;201107;Prefeitura Municipal de Lucena;122025;2025;17215001;Cota-Parte do ICMS - Principal;Lançamento de Receita;868.660,21;500;Recursos não vinculados de Impostos;"Não ";Não Aplicável
Lucena;201107;Prefeitura Municipal de Lucena;112025;2025;17215001;Cota-Parte do ICMS - Principal;Lançamento de Receita;606.945,89;500;Recursos não vinculados de Impostos;"Não ";Não Aplicável
Lucena;201107;Prefeitura Municipal de Lucena;112025;2025;17215001;Cota-Parte do ICMS - Principal;Dedução do Fundeb;-121.389,16;500;Recursos não vinculados de Impostos;1001;Identificação das despesas com manutenção e desenvolvimento do ensino
Lucena;201107;Prefeitura Municipal de Lucena;102025;2025;17215001;Cota-Parte do ICMS - Principal;Lançamento de Receita;671.145,58;500;Recursos não vinculados de Impostos;"Não ";Não Aplicável
Lucena;201107;Prefeitura Municipal de Lucena;102025;2025;17215001;Cota-Parte do ICMS - Principal;Dedução do Fundeb;-134.229,11;500;Recursos não vinculados de Impostos;1001;Identificação das despesas com manutenção e desenvolvimento do ensino
Lucena;201107;Prefeitura Municipal de Lucena;092025;2025;17215001;Cota-Parte do ICMS - Principal;Dedução do Fundeb;-146.960,18;500;Recursos não vinculados de Impostos;1001;Identificação das despesas com manutenção e desenvolvimento do ensino
Lucena;201107;Prefeitura Municipal de Lucena;092025;2025;17215001;Cota-Parte do ICMS - Principal;Lançamento de Receita;734.801;500;Recursos não vinculados de Impostos;"Não ";Não Aplicável
Lucena;201107;Prefeitura Municipal de Lucena;082025;2025;17215001;Cota-Parte do ICMS - Principal;Lançamento de Receita;772.077,3;500;Recursos não vinculados de Impostos;"Não ";Não Aplicável
Lucena;201107;Prefeitura Municipal de Lucena;082025;2025;17215001;Cota-Parte do ICMS - Principal;Dedução do Fundeb;-154.415,45;500;Recursos não vinculados de Impostos;1001;Identificação das despesas com manutenção e desenvolvimento do ensino
Lucena;201107;Prefeitura Municipal de Lucena;072025;2025;17215001;Cota-Parte do ICMS - Principal;Lançamento de Receita;720.203,79;500;Recursos não vinculados de Impostos;"Não ";Não Aplicável
Lucena;201107;Prefeitura Municipal de Lucena;072025;2025;17215001;Cota-Parte do ICMS - Principal;Dedução do Fundeb;-144.040,73;500;Recursos não vinculados de Impostos;1001;Identificação das despesas com manutenção e desenvolvimento do ensino
Lucena;201107;Prefeitura Municipal de Lucena;062025;2025;17215001;Cota-Parte do ICMS - Principal;Lançamento de Receita;643.248,63;500;Recursos não vinculados de Impostos;"Não ";Não Aplicável
Lucena;201107;Prefeitura Municipal de Lucena;062025;2025;17215001;Cota-Parte do ICMS - Principal;Dedução do Fundeb;-128.649,71;500;Recursos não vinculados de Impostos;1001;Identificação das despesas com manutenção e desenvolvimento do ensino
Lucena;201107;Prefeitura Municipal de Lucena;052025;2025;17215001;Cota-Parte do ICMS - Principal;Lançamento de Receita;634.341,07;500;Recursos não vinculados de Impostos;"Não ";Não Aplicável
Lucena;201107;Prefeitura Municipal de Lucena;052025;2025;17215001;Cota-Parte do ICMS - Principal;Dedução do Fundeb;-126.868,2;500;Recursos não vinculados de Impostos;1001;Identificação das despesas com manutenção e desenvolvimento do ensino
Lucena;201107;Prefeitura Municipal de Lucena;042025;2025;17215001;Cota-Parte do ICMS - Principal;Lançamento de Receita;661.016,88;500;Recursos não vinculados de Impostos;"Não ";Não Aplicável
Lucena;201107;Prefeitura Municipal de Lucena;042025;2025;17215001;Cota-Parte do ICMS - Principal;Dedução do Fundeb;-132.203,35;500;Recursos não vinculados de Impostos;1001;Identificação das despesas com manutenção e desenvolvimento do ensino
Lucena;201107;Prefeitura Municipal de Lucena;032025;2025;17215001;Cota-Parte do ICMS - Principal;Dedução do Fundeb;-129.858,1;500;Recursos não vinculados de Impostos;1001;Identificação das despesas com manutenção e desenvolvimento do ensino
Lucena;201107;Prefeitura Municipal de Lucena;032025;2025;17215001;Cota-Parte do ICMS - Principal;Lançamento de Receita;649.290,57;500;Recursos não vinculados de Impostos;"Não ";Não Aplicável
Lucena;201107;Prefeitura Municipal de Lucena;022025;2025;17215001;Cota-Parte do ICMS - Principal;Dedução do Fundeb;-123.760,44;500;Recursos não vinculados de Impostos;1001;Identificação das despesas com manutenção e desenvolvimento do ensino
Lucena;201107;Prefeitura Municipal de Lucena;022025;2025;17215001;Cota-Parte do ICMS - Principal;Lançamento de Receita;618.802,32;500;Recursos não vinculados de Impostos;"Não ";Não Aplicável
Lucena;201107;Prefeitura Municipal de Lucena;012025;2025;17215001;Cota-Parte do ICMS - Principal;Dedução do Fundeb;-141.995,02;500;Recursos não vinculados de Impostos;1001;Identificação das despesas com manutenção e desenvolvimento do ensino
Lucena;201107;Prefeitura Municipal de Lucena;012025;2025;17215001;Cota-Parte do ICMS - Principal;Lançamento de Receita;709.975,24;500;Recursos não vinculados de Impostos;"Não ";Não Aplicável
Lucena;201107;Prefeitura Municipal de Lucena;062025;2025;17196001;Transferências da Política Nacional Aldir Blanc de Fomento à Cultura - Lei nº 14.399/2022 - Principal;Lançamento de Receita;27,89;719;Transferências da Política Nacional Aldir Blanc de Fomento à Cultura - Lei 14.399/2022;"Não ";Não Aplicável
Lucena;201107;Prefeitura Municipal de Lucena;052025;2025;17196001;Transferências da Política Nacional Aldir Blanc de Fomento à Cultura - Lei nº 14.399/2022 - Principal;Lançamento de Receita;956,25;719;Transferências da Política Nacional Aldir Blanc de Fomento à Cultura - Lei 14.399/2022;"Não ";Não Aplicável
Lucena;201107;Prefeitura Municipal de Lucena;022025;2025;17196001;Transferências da Política Nacional Aldir Blanc de Fomento à Cultura - Lei nº 14.399/2022 - Principal;Lançamento de Receita;390,3;719;Transferências da Política Nacional Aldir Blanc de Fomento à Cultura - Lei 14.399/2022;"Não ";Não Aplicável
Lucena;201107;Prefeitura Municipal de Lucena;012025;2025;17196001;Transferências da Política Nacional Aldir Blanc de Fomento à Cultura - Lei nº 14.399/2022 - Principal;Lançamento de Receita;115.949,77;719;Transferências da Política Nacional Aldir Blanc de Fomento à Cultura - Lei 14.399/2022;"Não ";Não Aplicável
Lucena;201107;Prefeitura Municipal de Lucena;122025;2025;17195801;Transferência Obrigatória Decorrente da Lei Complementar nº 176/2020 - Principal;Lançamento de Receita;388,99;501;Outros Recursos não Vinculados;"Não ";Não Aplicável
Lucena;201107;Prefeitura Municipal de Lucena;112025;2025;17195801;Transferência Obrigatória Decorrente da Lei Complementar nº 176/2020 - Principal;Lançamento de Receita;388,99;501;Outros Recursos não Vinculados;"Não ";Não Aplicável
Lucena;201107;Prefeitura Municipal de Lucena;102025;2025;17195801;Transferência Obrigatória Decorrente da Lei Complementar nº 176/2020 - Principal;Lançamento de Receita;388,99;501;Outros Recursos não Vinculados;"Não ";Não Aplicável
Lucena;201107;Prefeitura Municipal de Lucena;092025;2025;17195801;Transferência Obrigatória Decorrente da Lei Complementar nº 176/2020 - Principal;Lançamento de Receita;388,99;501;Outros Recursos não Vinculados;"Não ";Não Aplicável
Lucena;201107;Prefeitura Municipal de Lucena;082025;2025;17195801;Transferência Obrigatória Decorrente da Lei Complementar nº 176/2020 - Principal;Lançamento de Receita;388,99;501;Outros Recursos não Vinculados;"Não ";Não Aplicável
Lucena;201107;Prefeitura Municipal de Lucena;072025;2025;17195801;Transferência Obrigatória Decorrente da Lei Complementar nº 176/2020 - Principal;Lançamento de Receita;388,99;501;Outros Recursos não Vinculados;"Não ";Não Aplicável
Lucena;201107;Prefeitura Municipal de Lucena;062025;2025;17195801;Transferência Obrigatória Decorrente da Lei Complementar nº 176/2020 - Principal;Lançamento de Receita;388,99;501;Outros Recursos não Vinculados;"Não ";Não Aplicável
Lucena;201107;Prefeitura Municipal de Lucena;052025;2025;17195801;Transferência Obrigatória Decorrente da Lei Complementar nº 176/2020 - Principal;Lançamento de Receita;388,99;501;Outros Recursos não Vinculados;"Não ";Não Aplicável
Lucena;201107;Prefeitura Municipal de Lucena;042025;2025;17195801;Transferência Obrigatória Decorrente da Lei Complementar nº 176/2020 - Principal;Lançamento de Receita;388,99;501;Outros Recursos não Vinculados;"Não ";Não Aplicável
Lucena;201107;Prefeitura Municipal de Lucena;032025;2025;17195801;Transferência Obrigatória Decorrente da Lei Complementar nº 176/2020 - Principal;Lançamento de Receita;388,99;501;Outros Recursos não Vinculados;"Não ";Não Aplicável
Lucena;201107;Prefeitura Municipal de Lucena;022025;2025;17195801;Transferência Obrigatória Decorrente da Lei Complementar nº 176/2020 - Principal;Lançamento de Receita;388,99;501;Outros Recursos não Vinculados;"Não ";Não Aplicável
Lucena;201107;Prefeitura Municipal de Lucena;012025;2025;17195801;Transferência Obrigatória Decorrente da Lei Complementar nº 176/2020 - Principal;Lançamento de Receita;388,99;501;Outros Recursos não Vinculados;"Não ";Não Aplicável
Lucena;201107;Prefeitura Municipal de Lucena;112025;2025;17155301;Transferências de Recursos do Fundeb destinados à criação de matrículas em ETI - Principal;Lançamento de Receita;90.672,06;546;Transferências do FUNDEB - complementação da União - Educação Tempo Integral;"Não ";Não Aplicável
Lucena;201107;Prefeitura Municipal de Lucena;102025;2025;17155301;Transferências de Recursos do Fundeb destinados à criação de matrículas em ETI - Principal;Lançamento de Receita;181.344,12;546;Transferências do FUNDEB - complementação da União - Educação Tempo Integral;"Não ";Não Aplicável
Lucena;201107;Prefeitura Municipal de Lucena;052025;2025;17155201;Transferências de Recursos de Complementação da União ao Fundeb – VAAR - Principal;Lançamento de Receita;-1.810,86;543;Transferências do FUNDEB - Complementação da União - VAAR;"Não ";Não Aplicável
Lucena;201107;Prefeitura Municipal de Lucena;042025;2025;17155201;Transferências de Recursos de Complementação da União ao Fundeb – VAAR - Principal;Lançamento de Receita;11.003;543;Transferências do FUNDEB - Complementação da União - VAAR;"Não ";Não Aplicável
Lucena;201107;Prefeitura Municipal de Lucena;012025;2025;17155201;Transferências de Recursos de Complementação da União ao Fundeb – VAAR - Principal;Lançamento de Receita;90.538,3;543;Transferências do FUNDEB - Complementação da União - VAAR;"Não ";Não Aplicável
Lucena;201107;Prefeitura Municipal de Lucena;122025;2025;17155101;Transferências de Recursos de Complementação da União ao Fundeb – VAAF - Principal;Lançamento de Receita;83.292,64;541;Transferências do FUNDEB - Complementação da União - VAAF;"Não ";Não Aplicável
Lucena;201107;Prefeitura Municipal de Lucena;112025;2025;17155101;Transferências de Recursos de Complementação da União ao Fundeb – VAAF - Principal;Lançamento de Receita;82.939,04;541;Transferências do FUNDEB - Complementação da União - VAAF;"Não ";Não Aplicável
Lucena;201107;Prefeitura Municipal de Lucena;102025;2025;17155101;Transferências de Recursos de Complementação da União ao Fundeb – VAAF - Principal;Lançamento de Receita;82.903,73;541;Transferências do FUNDEB - Complementação da União - VAAF;"Não ";Não Aplicável
Lucena;201107;Prefeitura Municipal de Lucena;092025;2025;17155101;Transferências de Recursos de Complementação da União ao Fundeb – VAAF - Principal;Lançamento de Receita;86.218,02;541;Transferências do FUNDEB - Complementação da União - VAAF;"Não ";Não Aplicável
Lucena;201107;Prefeitura Municipal de Lucena;082025;2025;17155101;Transferências de Recursos de Complementação da União ao Fundeb – VAAF - Principal;Lançamento de Receita;122.736,96;541;Transferências do FUNDEB - Complementação da União - VAAF;"Não ";Não Aplicável
Lucena;201107;Prefeitura Municipal de Lucena;072025;2025;17155101;Transferências de Recursos de Complementação da União ao Fundeb – VAAF - Principal;Lançamento de Receita;119.738,78;541;Transferências do FUNDEB - Complementação da União - VAAF;"Não ";Não Aplicável
Lucena;201107;Prefeitura Municipal de Lucena;062025;2025;17155101;Transferências de Recursos de Complementação da União ao Fundeb – VAAF - Principal;Lançamento de Receita;119.738,78;541;Transferências do FUNDEB - Complementação da União - VAAF;"Não ";Não Aplicável
Lucena;201107;Prefeitura Municipal de Lucena;052025;2025;17155101;Transferências de Recursos de Complementação da União ao Fundeb – VAAF - Principal;Lançamento de Receita;147.902,06;541;Transferências do FUNDEB - Complementação da União - VAAF;"Não ";Não Aplicável
Lucena;201107;Prefeitura Municipal de Lucena;042025;2025;17155101;Transferências de Recursos de Complementação da União ao Fundeb – VAAF - Principal;Lançamento de Receita;101.078,06;541;Transferências do FUNDEB - Complementação da União - VAAF;"Não ";Não Aplicável
Lucena;201107;Prefeitura Municipal de Lucena;032025;2025;17155101;Transferências de Recursos de Complementação da União ao Fundeb – VAAF - Principal;Lançamento de Receita;93.302,83;541;Transferências do FUNDEB - Complementação da União - VAAF;"Não ";Não Aplicável
Lucena;201107;Prefeitura Municipal de Lucena;022025;2025;17155101;Transferências de Recursos de Complementação da União ao Fundeb – VAAF - Principal;Lançamento de Receita;85.527,59;541;Transferências do FUNDEB - Complementação da União - VAAF;"Não ";Não Aplicável
Lucena;201107;Prefeitura Municipal de Lucena;012025;2025;17155101;Transferências de Recursos de Complementação da União ao Fundeb – VAAF - Principal;Lançamento de Receita;361.124,88;541;Transferências do FUNDEB - Complementação da União - VAAF;"Não ";Não Aplicável
Lucena;201107;Prefeitura Municipal de Lucena;122025;2025;17155001;Transferências de Recursos de Complementação da União ao Fundeb – VAAT - Principal;Lançamento de Receita;353.710,7;542;Transferências do FUNDEB - Complementação da União - VAAT;"Não ";Não Aplicável
Lucena;201107;Prefeitura Municipal de Lucena;112025;2025;17155001;Transferências de Recursos de Complementação da União ao Fundeb – VAAT - Principal;Lançamento de Receita;350.234,34;542;Transferências do FUNDEB - Complementação da União - VAAT;"Não ";Não Aplicável
Lucena;201107;Prefeitura Municipal de Lucena;102025;2025;17155001;Transferências de Recursos de Complementação da União ao Fundeb – VAAT - Principal;Lançamento de Receita;350.234,34;542;Transferências do FUNDEB - Complementação da União - VAAT;"Não ";Não Aplicável
Lucena;201107;Prefeitura Municipal de Lucena;092025;2025;17155001;Transferências de Recursos de Complementação da União ao Fundeb – VAAT - Principal;Lançamento de Receita;350.504,75;542;Transferências do FUNDEB - Complementação da União - VAAT;"Não ";Não Aplicável
Lucena;201107;Prefeitura Municipal de Lucena;082025;2025;17155001;Transferências de Recursos de Complementação da União ao Fundeb – VAAT - Principal;Lançamento de Receita;378.455,18;542;Transferências do FUNDEB - Complementação da União - VAAT;"Não ";Não Aplicável
Lucena;201107;Prefeitura Municipal de Lucena;072025;2025;17155001;Transferências de Recursos de Complementação da União ao Fundeb – VAAT - Principal;Lançamento de Receita;369.210,42;542;Transferências do FUNDEB - Complementação da União - VAAT;"Não ";Não Aplicável
Lucena;201107;Prefeitura Municipal de Lucena;062025;2025;17155001;Transferências de Recursos de Complementação da União ao Fundeb – VAAT - Principal;Lançamento de Receita;369.210,42;542;Transferências do FUNDEB - Complementação da União - VAAT;"Não ";Não Aplicável
Lucena;201107;Prefeitura Municipal de Lucena;052025;2025;17155001;Transferências de Recursos de Complementação da União ao Fundeb – VAAT - Principal;Lançamento de Receita;345.556,97;542;Transferências do FUNDEB - Complementação da União - VAAT;"Não ";Não Aplicável
Lucena;201107;Prefeitura Municipal de Lucena;042025;2025;17155001;Transferências de Recursos de Complementação da União ao Fundeb – VAAT - Principal;Lançamento de Receita;382.879,56;542;Transferências do FUNDEB - Complementação da União - VAAT;"Não ";Não Aplicável
Lucena;201107;Prefeitura Municipal de Lucena;032025;2025;17155001;Transferências de Recursos de Complementação da União ao Fundeb – VAAT - Principal;Lançamento de Receita;269.810,35;542;Transferências do FUNDEB - Complementação da União - VAAT;"Não ";Não Aplicável
Lucena;201107;Prefeitura Municipal de Lucena;022025;2025;17155001;Transferências de Recursos de Complementação da União ao Fundeb – VAAT - Principal;Lançamento de Receita;247.326,16;542;Transferências do FUNDEB - Complementação da União - VAAT;"Não ";Não Aplicável
Lucena;201107;Prefeitura Municipal de Lucena;012025;2025;17155001;Transferências de Recursos de Complementação da União ao Fundeb – VAAT - Principal;Lançamento de Receita;522.817,46;542;Transferências do FUNDEB - Complementação da União - VAAT;"Não ";Não Aplicável
Lucena;201107;Prefeitura Municipal de Lucena;092025;2025;17145301;Transferências referentes ao Programa Nacional de Apoio ao Transporte do Escolar – PNATE - Principal;Lançamento de Receita;43.307,31;553;"Transferências de Recursos do FNDE Referentes ao Programa Nacional de Apoio ao Transporte Escolar (PNATE) ";"Não ";Não Aplicável
Lucena;201107;Prefeitura Municipal de Lucena;032025;2025;17145301;Transferências referentes ao Programa Nacional de Apoio ao Transporte do Escolar – PNATE - Principal;Lançamento de Receita;43.307,29;553;"Transferências de Recursos do FNDE Referentes ao Programa Nacional de Apoio ao Transporte Escolar (PNATE) ";"Não ";Não Aplicável
Lucena;201107;Prefeitura Municipal de Lucena;122025;2025;17145201;Transferências referentes ao Programa Nacional de Alimentação Escolar – PNAE - Principal;Lançamento de Receita;6.302;552;Transferências de Recursos do FNDE Referentes ao Programa Nacional de Alimentação Escolar (PNAE);"Não ";Não Aplicável
Lucena;201107;Prefeitura Municipal de Lucena;092025;2025;17145201;Transferências referentes ao Programa Nacional de Alimentação Escolar – PNAE - Principal;Lançamento de Receita;37.432,25;552;Transferências de Recursos do FNDE Referentes ao Programa Nacional de Alimentação Escolar (PNAE);"Não ";Não Aplicável
Lucena;201107;Prefeitura Municipal de Lucena;082025;2025;17145201;Transferências referentes ao Programa Nacional de Alimentação Escolar – PNAE - Principal;Lançamento de Receita;43.734,25;552;Transferências de Recursos do FNDE Referentes ao Programa Nacional de Alimentação Escolar (PNAE);"Não ";Não Aplicável
Lucena;201107;Prefeitura Municipal de Lucena;072025;2025;17145201;Transferências referentes ao Programa Nacional de Alimentação Escolar – PNAE - Principal;Lançamento de Receita;43.734,25;552;Transferências de Recursos do FNDE Referentes ao Programa Nacional de Alimentação Escolar (PNAE);"Não ";Não Aplicável
Lucena;201107;Prefeitura Municipal de Lucena;062025;2025;17145201;Transferências referentes ao Programa Nacional de Alimentação Escolar – PNAE - Principal;Lançamento de Receita;43.734,25;552;Transferências de Recursos do FNDE Referentes ao Programa Nacional de Alimentação Escolar (PNAE);"Não ";Não Aplicável
Lucena;201107;Prefeitura Municipal de Lucena;052025;2025;17145201;Transferências referentes ao Programa Nacional de Alimentação Escolar – PNAE - Principal;Lançamento de Receita;43.734,25;552;Transferências de Recursos do FNDE Referentes ao Programa Nacional de Alimentação Escolar (PNAE);"Não ";Não Aplicável
Lucena;201107;Prefeitura Municipal de Lucena;042025;2025;17145201;Transferências referentes ao Programa Nacional de Alimentação Escolar – PNAE - Principal;Lançamento de Receita;131.202,75;552;Transferências de Recursos do FNDE Referentes ao Programa Nacional de Alimentação Escolar (PNAE);"Não ";Não Aplicável
Lucena;201107;Prefeitura Municipal de Lucena;122025;2025;17145001;Transferências do Salário-Educação - Principal;Lançamento de Receita;112.740,59;550;Transferência do Salário-Educação;"Não ";Não Aplicável
Lucena;201107;Prefeitura Municipal de Lucena;112025;2025;17145001;Transferências do Salário-Educação - Principal;Lançamento de Receita;113.888,68;550;Transferência do Salário-Educação;"Não ";Não Aplicável
Lucena;201107;Prefeitura Municipal de Lucena;102025;2025;17145001;Transferências do Salário-Educação - Principal;Lançamento de Receita;120.138,27;550;Transferência do Salário-Educação;"Não ";Não Aplicável
Lucena;201107;Prefeitura Municipal de Lucena;092025;2025;17145001;Transferências do Salário-Educação - Principal;Lançamento de Receita;108.982,62;550;Transferência do Salário-Educação;"Não ";Não Aplicável
Lucena;201107;Prefeitura Municipal de Lucena;082025;2025;17145001;Transferências do Salário-Educação - Principal;Lançamento de Receita;109.685,24;550;Transferência do Salário-Educação;"Não ";Não Aplicável
Lucena;201107;Prefeitura Municipal de Lucena;072025;2025;17145001;Transferências do Salário-Educação - Principal;Lançamento de Receita;236.136,98;550;Transferência do Salário-Educação;"Não ";Não Aplicável
Lucena;201107;Prefeitura Municipal de Lucena;052025;2025;17145001;Transferências do Salário-Educação - Principal;Lançamento de Receita;112.673,94;550;Transferência do Salário-Educação;"Não ";Não Aplicável
Lucena;201107;Prefeitura Municipal de Lucena;042025;2025;17145001;Transferências do Salário-Educação - Principal;Lançamento de Receita;112.938,74;550;Transferência do Salário-Educação;"Não ";Não Aplicável
Lucena;201107;Prefeitura Municipal de Lucena;032025;2025;17145001;Transferências do Salário-Educação - Principal;Lançamento de Receita;114.018,96;550;Transferência do Salário-Educação;"Não ";Não Aplicável
Lucena;201107;Prefeitura Municipal de Lucena;022025;2025;17145001;Transferências do Salário-Educação - Principal;Lançamento de Receita;114.237,42;550;Transferência do Salário-Educação;"Não ";Não Aplicável
Lucena;201107;Prefeitura Municipal de Lucena;012025;2025;17145001;Transferências do Salário-Educação - Principal;Lançamento de Receita;194.736,04;550;Transferência do Salário-Educação;"Não ";Não Aplicável
Lucena;201107;Prefeitura Municipal de Lucena;122025;2025;17129901;Outras Transferências decorrentes de Compensação Financeira pela Exploração de Recursos Naturais   - Principal;Lançamento de Receita;23.607,5;700;Outras Transferências de Convênios ou Repasses da União;"Não ";Não Aplicável
Lucena;201107;Prefeitura Municipal de Lucena;112025;2025;17129901;Outras Transferências decorrentes de Compensação Financeira pela Exploração de Recursos Naturais   - Principal;Lançamento de Receita;6.672,28;700;Outras Transferências de Convênios ou Repasses da União;"Não ";Não Aplicável
Lucena;201107;Prefeitura Municipal de Lucena;122025;2025;17125241;Cota-Parte do Fundo Especial do Petróleo – FEP - Principal;Lançamento de Receita;38.046,34;720;Transferências da União Referentes às participações na exploração de Petróleo e Gás Natural destinadas ao FEP - Lei 9.478/1997;"Não ";Não Aplicável
Lucena;201107;Prefeitura Municipal de Lucena;112025;2025;17125241;Cota-Parte do Fundo Especial do Petróleo – FEP - Principal;Lançamento de Receita;37.021,76;720;Transferências da União Referentes às participações na exploração de Petróleo e Gás Natural destinadas ao FEP - Lei 9.478/1997;"Não ";Não Aplicável
Lucena;201107;Prefeitura Municipal de Lucena;102025;2025;17125241;Cota-Parte do Fundo Especial do Petróleo – FEP - Principal;Lançamento de Receita;38.762,08;720;Transferências da União Referentes às participações na exploração de Petróleo e Gás Natural destinadas ao FEP - Lei 9.478/1997;"Não ";Não Aplicável
Lucena;201107;Prefeitura Municipal de Lucena;092025;2025;17125241;Cota-Parte do Fundo Especial do Petróleo – FEP - Principal;Lançamento de Receita;41.727,34;720;Transferências da União Referentes às participações na exploração de Petróleo e Gás Natural destinadas ao FEP - Lei 9.478/1997;"Não ";Não Aplicável
Lucena;201107;Prefeitura Municipal de Lucena;082025;2025;17125241;Cota-Parte do Fundo Especial do Petróleo – FEP - Principal;Lançamento de Receita;38.852,81;720;Transferências da União Referentes às participações na exploração de Petróleo e Gás Natural destinadas ao FEP - Lei 9.478/1997;"Não ";Não Aplicável
Lucena;201107;Prefeitura Municipal de Lucena;072025;2025;17125241;Cota-Parte do Fundo Especial do Petróleo – FEP - Principal;Lançamento de Receita;36.479,94;720;Transferências da União Referentes às participações na exploração de Petróleo e Gás Natural destinadas ao FEP - Lei 9.478/1997;"Não ";Não Aplicável
Lucena;201107;Prefeitura Municipal de Lucena;062025;2025;17125241;Cota-Parte do Fundo Especial do Petróleo – FEP - Principal;Lançamento de Receita;37.186,47;720;Transferências da União Referentes às participações na exploração de Petróleo e Gás Natural destinadas ao FEP - Lei 9.478/1997;"Não ";Não Aplicável
Lucena;201107;Prefeitura Municipal de Lucena;052025;2025;17125241;Cota-Parte do Fundo Especial do Petróleo – FEP - Principal;Lançamento de Receita;62.046;720;Transferências da União Referentes às participações na exploração de Petróleo e Gás Natural destinadas ao FEP - Lei 9.478/1997;"Não ";Não Aplicável
Lucena;201107;Prefeitura Municipal de Lucena;042025;2025;17125241;Cota-Parte do Fundo Especial do Petróleo – FEP - Principal;Lançamento de Receita;16.199,74;720;Transferências da União Referentes às participações na exploração de Petróleo e Gás Natural destinadas ao FEP - Lei 9.478/1997;"Não ";Não Aplicável
Lucena;201107;Prefeitura Municipal de Lucena;032025;2025;17125241;Cota-Parte do Fundo Especial do Petróleo – FEP - Principal;Lançamento de Receita;44.314,78;720;Transferências da União Referentes às participações na exploração de Petróleo e Gás Natural destinadas ao FEP - Lei 9.478/1997;"Não ";Não Aplicável
Lucena;201107;Prefeitura Municipal de Lucena;022025;2025;17125241;Cota-Parte do Fundo Especial do Petróleo – FEP - Principal;Lançamento de Receita;41.430,05;720;Transferências da União Referentes às participações na exploração de Petróleo e Gás Natural destinadas ao FEP - Lei 9.478/1997;"Não ";Não Aplicável
Lucena;201107;Prefeitura Municipal de Lucena;012025;2025;17125241;Cota-Parte do Fundo Especial do Petróleo – FEP - Principal;Lançamento de Receita;37.462,67;720;Transferências da União Referentes às participações na exploração de Petróleo e Gás Natural destinadas ao FEP - Lei 9.478/1997;"Não ";Não Aplicável
Lucena;201107;Prefeitura Municipal de Lucena;122025;2025;17115201;Cota-Parte do Imposto Sobre a Propriedade Territorial Rural - Principal;Lançamento de Receita;6.943,8;500;Recursos não vinculados de Impostos;"Não ";Não Aplicável
Lucena;201107;Prefeitura Municipal de Lucena;122025;2025;17115201;Cota-Parte do Imposto Sobre a Propriedade Territorial Rural - Principal;Dedução do Fundeb;-1.388,75;500;Recursos não vinculados de Impostos;1001;Identificação das despesas com manutenção e desenvolvimento do ensino
Lucena;201107;Prefeitura Municipal de Lucena;112025;2025;17115201;Cota-Parte do Imposto Sobre a Propriedade Territorial Rural - Principal;Dedução do Fundeb;-62,77;500;Recursos não vinculados de Impostos;1001;Identificação das despesas com manutenção e desenvolvimento do ensino
Lucena;201107;Prefeitura Municipal de Lucena;112025;2025;17115201;Cota-Parte do Imposto Sobre a Propriedade Territorial Rural - Principal;Lançamento de Receita;313,87;500;Recursos não vinculados de Impostos;"Não ";Não Aplicável
Lucena;201107;Prefeitura Municipal de Lucena;102025;2025;17115201;Cota-Parte do Imposto Sobre a Propriedade Territorial Rural - Principal;Lançamento de Receita;11.860,74;500;Recursos não vinculados de Impostos;"Não ";Não Aplicável
Lucena;201107;Prefeitura Municipal de Lucena;102025;2025;17115201;Cota-Parte do Imposto Sobre a Propriedade Territorial Rural - Principal;Dedução do Fundeb;-2.372,14;500;Recursos não vinculados de Impostos;1001;Identificação das despesas com manutenção e desenvolvimento do ensino
Lucena;201107;Prefeitura Municipal de Lucena;092025;2025;17115201;Cota-Parte do Imposto Sobre a Propriedade Territorial Rural - Principal;Lançamento de Receita;139,24;500;Recursos não vinculados de Impostos;"Não ";Não Aplicável
Lucena;201107;Prefeitura Municipal de Lucena;092025;2025;17115201;Cota-Parte do Imposto Sobre a Propriedade Territorial Rural - Principal;Dedução do Fundeb;-27,84;500;Recursos não vinculados de Impostos;1001;Identificação das despesas com manutenção e desenvolvimento do ensino
Lucena;201107;Prefeitura Municipal de Lucena;052025;2025;17115201;Cota-Parte do Imposto Sobre a Propriedade Territorial Rural - Principal;Lançamento de Receita;15,55;500;Recursos não vinculados de Impostos;"Não ";Não Aplicável
Lucena;201107;Prefeitura Municipal de Lucena;052025;2025;17115201;Cota-Parte do Imposto Sobre a Propriedade Territorial Rural - Principal;Dedução do Fundeb;-3,1;500;Recursos não vinculados de Impostos;1001;Identificação das despesas com manutenção e desenvolvimento do ensino
Lucena;201107;Prefeitura Municipal de Lucena;032025;2025;17115201;Cota-Parte do Imposto Sobre a Propriedade Territorial Rural - Principal;Dedução do Fundeb;-110,59;500;Recursos não vinculados de Impostos;1001;Identificação das despesas com manutenção e desenvolvimento do ensino
Lucena;201107;Prefeitura Municipal de Lucena;032025;2025;17115201;Cota-Parte do Imposto Sobre a Propriedade Territorial Rural - Principal;Lançamento de Receita;552,98;500;Recursos não vinculados de Impostos;"Não ";Não Aplicável
Lucena;201107;Prefeitura Municipal de Lucena;012025;2025;17115201;Cota-Parte do Imposto Sobre a Propriedade Territorial Rural - Principal;Dedução do Fundeb;-7,25;500;Recursos não vinculados de Impostos;1001;Identificação das despesas com manutenção e desenvolvimento do ensino
Lucena;201107;Prefeitura Municipal de Lucena;012025;2025;17115201;Cota-Parte do Imposto Sobre a Propriedade Territorial Rural - Principal;Lançamento de Receita;36,29;500;Recursos não vinculados de Impostos;"Não ";Não Aplicável
Lucena;201107;Prefeitura Municipal de Lucena;122025;2025;17115121;Cota-Parte do Fundo de Participação dos Municípios - Cotas Extraordinárias - Principal;Lançamento de Receita;1.072.090,14;500;Recursos não vinculados de Impostos;"Não ";Não Aplicável
Lucena;201107;Prefeitura Municipal de Lucena;092025;2025;17115121;Cota-Parte do Fundo de Participação dos Municípios - Cotas Extraordinárias - Principal;Lançamento de Receita;888.165,38;500;Recursos não vinculados de Impostos;"Não ";Não Aplicável
Lucena;201107;Prefeitura Municipal de Lucena;072025;2025;17115121;Cota-Parte do Fundo de Participação dos Municípios - Cotas Extraordinárias - Principal;Lançamento de Receita;1.038.570,49;500;Recursos não vinculados de Impostos;"Não ";Não Aplicável
Lucena;201107;Prefeitura Municipal de Lucena;122025;2025;17115111;Cota-Parte do Fundo de Participação dos Municípios - Cota Mensal - Principal;Lançamento de Receita;2.512.383,04;500;Recursos não vinculados de Impostos;"Não ";Não Aplicável
Lucena;201107;Prefeitura Municipal de Lucena;122025;2025;17115111;Cota-Parte do Fundo de Participação dos Municípios - Cota Mensal - Principal;Dedução do Fundeb;-502.476,57;500;Recursos não vinculados de Impostos;1001;Identificação das despesas com manutenção e desenvolvimento do ensino
Lucena;201107;Prefeitura Municipal de Lucena;112025;2025;17115111;Cota-Parte do Fundo de Participação dos Municípios - Cota Mensal - Principal;Dedução do Fundeb;-445.173,1;500;Recursos não vinculados de Impostos;1001;Identificação das despesas com manutenção e desenvolvimento do ensino
Lucena;201107;Prefeitura Municipal de Lucena;112025;2025;17115111;Cota-Parte do Fundo de Participação dos Municípios - Cota Mensal - Principal;Lançamento de Receita;2.225.865,7;500;Recursos não vinculados de Impostos;"Não ";Não Aplicável
Lucena;201107;Prefeitura Municipal de Lucena;102025;2025;17115111;Cota-Parte do Fundo de Participação dos Municípios - Cota Mensal - Principal;Lançamento de Receita;1.637.460,92;500;Recursos não vinculados de Impostos;"Não ";Não Aplicável
Lucena;201107;Prefeitura Municipal de Lucena;102025;2025;17115111;Cota-Parte do Fundo de Participação dos Municípios - Cota Mensal - Principal;Dedução do Fundeb;-327.492,16;500;Recursos não vinculados de Impostos;1001;Identificação das despesas com manutenção e desenvolvimento do ensino
Lucena;201107;Prefeitura Municipal de Lucena;092025;2025;17115111;Cota-Parte do Fundo de Participação dos Municípios - Cota Mensal - Principal;Lançamento de Receita;1.553.383,28;500;Recursos não vinculados de Impostos;"Não ";Não Aplicável
Lucena;201107;Prefeitura Municipal de Lucena;092025;2025;17115111;Cota-Parte do Fundo de Participação dos Municípios - Cota Mensal - Principal;Dedução do Fundeb;-310.676,63;500;Recursos não vinculados de Impostos;1001;Identificação das despesas com manutenção e desenvolvimento do ensino
Lucena;201107;Prefeitura Municipal de Lucena;082025;2025;17115111;Cota-Parte do Fundo de Participação dos Municípios - Cota Mensal - Principal;Dedução do Fundeb;-384.786,89;500;Recursos não vinculados de Impostos;1001;Identificação das despesas com manutenção e desenvolvimento do ensino
Lucena;201107;Prefeitura Municipal de Lucena;082025;2025;17115111;Cota-Parte do Fundo de Participação dos Municípios - Cota Mensal - Principal;Lançamento de Receita;1.923.934,66;500;Recursos não vinculados de Impostos;"Não ";Não Aplicável
Lucena;201107;Prefeitura Municipal de Lucena;072025;2025;17115111;Cota-Parte do Fundo de Participação dos Municípios - Cota Mensal - Principal;Dedução do Fundeb;-291.648,99;500;Recursos não vinculados de Impostos;1001;Identificação das despesas com manutenção e desenvolvimento do ensino
Lucena;201107;Prefeitura Municipal de Lucena;072025;2025;17115111;Cota-Parte do Fundo de Participação dos Municípios - Cota Mensal - Principal;Lançamento de Receita;1.458.245,1;500;Recursos não vinculados de Impostos;"Não ";Não Aplicável
Lucena;201107;Prefeitura Municipal de Lucena;062025;2025;17115111;Cota-Parte do Fundo de Participação dos Municípios - Cota Mensal - Principal;Dedução do Fundeb;-281.734,57;500;Recursos não vinculados de Impostos;1001;Identificação das despesas com manutenção e desenvolvimento do ensino
Lucena;201107;Prefeitura Municipal de Lucena;062025;2025;17115111;Cota-Parte do Fundo de Participação dos Municípios - Cota Mensal - Principal;Lançamento de Receita;2.267.892,16;500;Recursos não vinculados de Impostos;"Não ";Não Aplicável
Lucena;201107;Prefeitura Municipal de Lucena;052025;2025;17115111;Cota-Parte do Fundo de Participação dos Municípios - Cota Mensal - Principal;Lançamento de Receita;2.312.753,62;500;Recursos não vinculados de Impostos;"Não ";Não Aplicável
Lucena;201107;Prefeitura Municipal de Lucena;052025;2025;17115111;Cota-Parte do Fundo de Participação dos Municípios - Cota Mensal - Principal;Dedução do Fundeb;-462.550,68;500;Recursos não vinculados de Impostos;1001;Identificação das despesas com manutenção e desenvolvimento do ensino
Lucena;201107;Prefeitura Municipal de Lucena;042025;2025;17115111;Cota-Parte do Fundo de Participação dos Municípios - Cota Mensal - Principal;Lançamento de Receita;1.707.472,52;500;Recursos não vinculados de Impostos;"Não ";Não Aplicável
Lucena;201107;Prefeitura Municipal de Lucena;042025;2025;17115111;Cota-Parte do Fundo de Participação dos Municípios - Cota Mensal - Principal;Dedução do Fundeb;-202.954,57;500;Recursos não vinculados de Impostos;1001;Identificação das despesas com manutenção e desenvolvimento do ensino
Lucena;201107;Prefeitura Municipal de Lucena;032025;2025;17115111;Cota-Parte do Fundo de Participação dos Municípios - Cota Mensal - Principal;Lançamento de Receita;1.784.160,78;500;Recursos não vinculados de Impostos;"Não ";Não Aplicável
Lucena;201107;Prefeitura Municipal de Lucena;032025;2025;17115111;Cota-Parte do Fundo de Participação dos Municípios - Cota Mensal - Principal;Dedução do Fundeb;-356.832,12;500;Recursos não vinculados de Impostos;1001;Identificação das despesas com manutenção e desenvolvimento do ensino
Lucena;201107;Prefeitura Municipal de Lucena;022025;2025;17115111;Cota-Parte do Fundo de Participação dos Municípios - Cota Mensal - Principal;Dedução do Fundeb;-541.848,46;500;Recursos não vinculados de Impostos;1001;Identificação das despesas com manutenção e desenvolvimento do ensino
Lucena;201107;Prefeitura Municipal de Lucena;022025;2025;17115111;Cota-Parte do Fundo de Participação dos Municípios - Cota Mensal - Principal;Lançamento de Receita;2.709.242,45;500;Recursos não vinculados de Impostos;"Não ";Não Aplicável
Lucena;201107;Prefeitura Municipal de Lucena;012025;2025;17115111;Cota-Parte do Fundo de Participação dos Municípios - Cota Mensal - Principal;Lançamento de Receita;2.018.983,28;500;Recursos não vinculados de Impostos;"Não ";Não Aplicável
Lucena;201107;Prefeitura Municipal de Lucena;012025;2025;17115111;Cota-Parte do Fundo de Participação dos Municípios - Cota Mensal - Principal;Dedução do Fundeb;-403.796,62;500;Recursos não vinculados de Impostos;1001;Identificação das despesas com manutenção e desenvolvimento do ensino
Lucena;201107;Prefeitura Municipal de Lucena;122025;2025;13210101;Remuneração de Depósitos Bancários - Principal;Lançamento de Receita;2,57;706;"Transferência Especial da União ";3110;Identificação das Transferências da União decorrentes de emendas parlamentares individuais
Lucena;201107;Prefeitura Municipal de Lucena;122025;2025;13210101;Remuneração de Depósitos Bancários - Principal;Lançamento de Receita;8,76;569;Outras Transferências de Recursos do FNDE;"Não ";Não Aplicável
Lucena;201107;Prefeitura Municipal de Lucena;122025;2025;13210101;Remuneração de Depósitos Bancários - Principal;Lançamento de Receita;110,64;553;"Transferências de Recursos do FNDE Referentes ao Programa Nacional de Apoio ao Transporte Escolar (PNATE) ";"Não ";Não Aplicável
Lucena;201107;Prefeitura Municipal de Lucena;122025;2025;13210101;Remuneração de Depósitos Bancários - Principal;Lançamento de Receita;2.959,37;700;Outras Transferências de Convênios ou Repasses da União;"Não ";Não Aplicável
Lucena;201107;Prefeitura Municipal de Lucena;122025;2025;13210101;Remuneração de Depósitos Bancários - Principal;Lançamento de Receita;5.181,24;500;Recursos não vinculados de Impostos;"Não ";Não Aplicável
Lucena;201107;Prefeitura Municipal de Lucena;122025;2025;13210101;Remuneração de Depósitos Bancários - Principal;Lançamento de Receita;5.774,73;570;Transferências do Governo Federal referentes a Convênios e outros Repasses vinculados à Educação;"Não ";Não Aplicável
Lucena;201107;Prefeitura Municipal de Lucena;122025;2025;13210101;Remuneração de Depósitos Bancários - Principal;Lançamento de Receita;65;552;Transferências de Recursos do FNDE Referentes ao Programa Nacional de Alimentação Escolar (PNAE);"Não ";Não Aplicável
Lucena;201107;Prefeitura Municipal de Lucena;122025;2025;13210101;Remuneração de Depósitos Bancários - Principal;Lançamento de Receita;1.150,27;701;Outras Transferências de Convênios ou Repasses dos Estados;"Não ";Não Aplicável
Lucena;201107;Prefeitura Municipal de Lucena;122025;2025;13210101;Remuneração de Depósitos Bancários - Principal;Lançamento de Receita;69,41;550;Transferência do Salário-Educação;"Não ";Não Aplicável
Lucena;201107;Prefeitura Municipal de Lucena;122025;2025;13210101;Remuneração de Depósitos Bancários - Principal;Lançamento de Receita;1.910,51;540;Transferências do FUNDEB - Impostos e Transferências de Impostos;"Não ";Não Aplicável
Lucena;201107;Prefeitura Municipal de Lucena;112025;2025;13210101;Remuneração de Depósitos Bancários - Principal;Lançamento de Receita;94,98;553;"Transferências de Recursos do FNDE Referentes ao Programa Nacional de Apoio ao Transporte Escolar (PNATE) ";"Não ";Não Aplicável
Lucena;201107;Prefeitura Municipal de Lucena;112025;2025;13210101;Remuneração de Depósitos Bancários - Principal;Lançamento de Receita;269,51;550;Transferência do Salário-Educação;"Não ";Não Aplicável
Lucena;201107;Prefeitura Municipal de Lucena;112025;2025;13210101;Remuneração de Depósitos Bancários - Principal;Lançamento de Receita;1.298,97;500;Recursos não vinculados de Impostos;"Não ";Não Aplicável
Lucena;201107;Prefeitura Municipal de Lucena;112025;2025;13210101;Remuneração de Depósitos Bancários - Principal;Lançamento de Receita;4.957,41;570;Transferências do Governo Federal referentes a Convênios e outros Repasses vinculados à Educação;"Não ";Não Aplicável
Lucena;201107;Prefeitura Municipal de Lucena;112025;2025;13210101;Remuneração de Depósitos Bancários - Principal;Lançamento de Receita;1.086,69;701;Outras Transferências de Convênios ou Repasses dos Estados;"Não ";Não Aplicável
Lucena;201107;Prefeitura Municipal de Lucena;112025;2025;13210101;Remuneração de Depósitos Bancários - Principal;Lançamento de Receita;46,27;552;Transferências de Recursos do FNDE Referentes ao Programa Nacional de Alimentação Escolar (PNAE);"Não ";Não Aplicável
Lucena;201107;Prefeitura Municipal de Lucena;112025;2025;13210101;Remuneração de Depósitos Bancários - Principal;Lançamento de Receita;2.526,37;700;Outras Transferências de Convênios ou Repasses da União;"Não ";Não Aplicável
Lucena;201107;Prefeitura Municipal de Lucena;112025;2025;13210101;Remuneração de Depósitos Bancários - Principal;Lançamento de Receita;7,53;569;Outras Transferências de Recursos do FNDE;"Não ";Não Aplicável
Lucena;201107;Prefeitura Municipal de Lucena;112025;2025;13210101;Remuneração de Depósitos Bancários - Principal;Lançamento de Receita;1.233,18;540;Transferências do FUNDEB - Impostos e Transferências de Impostos;"Não ";Não Aplicável
Lucena;201107;Prefeitura Municipal de Lucena;112025;2025;13210101;Remuneração de Depósitos Bancários - Principal;Lançamento de Receita;2,2;706;"Transferência Especial da União ";3110;Identificação das Transferências da União decorrentes de emendas parlamentares individuais
Lucena;201107;Prefeitura Municipal de Lucena;102025;2025;13210101;Remuneração de Depósitos Bancários - Principal;Lançamento de Receita;1.302,23;701;Outras Transferências de Convênios ou Repasses dos Estados;"Não ";Não Aplicável
Lucena;201107;Prefeitura Municipal de Lucena;102025;2025;13210101;Remuneração de Depósitos Bancários - Principal;Lançamento de Receita;5.940,73;570;Transferências do Governo Federal referentes a Convênios e outros Repasses vinculados à Educação;"Não ";Não Aplicável
Lucena;201107;Prefeitura Municipal de Lucena;102025;2025;13210101;Remuneração de Depósitos Bancários - Principal;Lançamento de Receita;240,89;550;Transferência do Salário-Educação;"Não ";Não Aplicável
Lucena;201107;Prefeitura Municipal de Lucena;102025;2025;13210101;Remuneração de Depósitos Bancários - Principal;Lançamento de Receita;836,04;500;Recursos não vinculados de Impostos;"Não ";Não Aplicável
Lucena;201107;Prefeitura Municipal de Lucena;102025;2025;13210101;Remuneração de Depósitos Bancários - Principal;Lançamento de Receita;905,18;540;Transferências do FUNDEB - Impostos e Transferências de Impostos;"Não ";Não Aplicável
Lucena;201107;Prefeitura Municipal de Lucena;102025;2025;13210101;Remuneração de Depósitos Bancários - Principal;Lançamento de Receita;9,01;569;Outras Transferências de Recursos do FNDE;"Não ";Não Aplicável
Lucena;201107;Prefeitura Municipal de Lucena;102025;2025;13210101;Remuneração de Depósitos Bancários - Principal;Lançamento de Receita;2,6;706;"Transferência Especial da União ";3110;Identificação das Transferências da União decorrentes de emendas parlamentares individuais
Lucena;201107;Prefeitura Municipal de Lucena;102025;2025;13210101;Remuneração de Depósitos Bancários - Principal;Lançamento de Receita;113,83;553;"Transferências de Recursos do FNDE Referentes ao Programa Nacional de Apoio ao Transporte Escolar (PNATE) ";"Não ";Não Aplicável
Lucena;201107;Prefeitura Municipal de Lucena;102025;2025;13210101;Remuneração de Depósitos Bancários - Principal;Lançamento de Receita;150,05;552;Transferências de Recursos do FNDE Referentes ao Programa Nacional de Alimentação Escolar (PNAE);"Não ";Não Aplicável
Lucena;201107;Prefeitura Municipal de Lucena;102025;2025;13210101;Remuneração de Depósitos Bancários - Principal;Lançamento de Receita;4.514,3;700;Outras Transferências de Convênios ou Repasses da União;"Não ";Não Aplicável
Lucena;201107;Prefeitura Municipal de Lucena;092025;2025;13210101;Remuneração de Depósitos Bancários - Principal;Lançamento de Receita;263,52;552;Transferências de Recursos do FNDE Referentes ao Programa Nacional de Alimentação Escolar (PNAE);"Não ";Não Aplicável
Lucena;201107;Prefeitura Municipal de Lucena;092025;2025;13210101;Remuneração de Depósitos Bancários - Principal;Lançamento de Receita;5.632,08;570;Transferências do Governo Federal referentes a Convênios e outros Repasses vinculados à Educação;"Não ";Não Aplicável
Lucena;201107;Prefeitura Municipal de Lucena;092025;2025;13210101;Remuneração de Depósitos Bancários - Principal;Lançamento de Receita;2,37;706;"Transferência Especial da União ";3110;Identificação das Transferências da União decorrentes de emendas parlamentares individuais
Lucena;201107;Prefeitura Municipal de Lucena;092025;2025;13210101;Remuneração de Depósitos Bancários - Principal;Lançamento de Receita;1.502,04;500;Recursos não vinculados de Impostos;"Não ";Não Aplicável
Lucena;201107;Prefeitura Municipal de Lucena;092025;2025;13210101;Remuneração de Depósitos Bancários - Principal;Lançamento de Receita;8,55;569;Outras Transferências de Recursos do FNDE;"Não ";Não Aplicável
Lucena;201107;Prefeitura Municipal de Lucena;092025;2025;13210101;Remuneração de Depósitos Bancários - Principal;Lançamento de Receita;1.533,1;701;Outras Transferências de Convênios ou Repasses dos Estados;"Não ";Não Aplicável
Lucena;201107;Prefeitura Municipal de Lucena;092025;2025;13210101;Remuneração de Depósitos Bancários - Principal;Lançamento de Receita;5.859,69;700;Outras Transferências de Convênios ou Repasses da União;"Não ";Não Aplicável
Lucena;201107;Prefeitura Municipal de Lucena;092025;2025;13210101;Remuneração de Depósitos Bancários - Principal;Lançamento de Receita;1.325,65;540;Transferências do FUNDEB - Impostos e Transferências de Impostos;"Não ";Não Aplicável
Lucena;201107;Prefeitura Municipal de Lucena;092025;2025;13210101;Remuneração de Depósitos Bancários - Principal;Lançamento de Receita;309,49;550;Transferência do Salário-Educação;"Não ";Não Aplicável
Lucena;201107;Prefeitura Municipal de Lucena;092025;2025;13210101;Remuneração de Depósitos Bancários - Principal;Lançamento de Receita;257,32;553;"Transferências de Recursos do FNDE Referentes ao Programa Nacional de Apoio ao Transporte Escolar (PNATE) ";"Não ";Não Aplicável
Lucena;201107;Prefeitura Municipal de Lucena;082025;2025;13210101;Remuneração de Depósitos Bancários - Principal;Lançamento de Receita;8,09;569;Outras Transferências de Recursos do FNDE;"Não ";Não Aplicável
Lucena;201107;Prefeitura Municipal de Lucena;082025;2025;13210101;Remuneração de Depósitos Bancários - Principal;Lançamento de Receita;275,73;552;Transferências de Recursos do FNDE Referentes ao Programa Nacional de Alimentação Escolar (PNAE);"Não ";Não Aplicável
Lucena;201107;Prefeitura Municipal de Lucena;082025;2025;13210101;Remuneração de Depósitos Bancários - Principal;Lançamento de Receita;1.277,71;701;Outras Transferências de Convênios ou Repasses dos Estados;"Não ";Não Aplicável
Lucena;201107;Prefeitura Municipal de Lucena;082025;2025;13210101;Remuneração de Depósitos Bancários - Principal;Lançamento de Receita;3.357,92;500;Recursos não vinculados de Impostos;"Não ";Não Aplicável
Lucena;201107;Prefeitura Municipal de Lucena;082025;2025;13210101;Remuneração de Depósitos Bancários - Principal;Lançamento de Receita;14,27;553;"Transferências de Recursos do FNDE Referentes ao Programa Nacional de Apoio ao Transporte Escolar (PNATE) ";"Não ";Não Aplicável
Lucena;201107;Prefeitura Municipal de Lucena;082025;2025;13210101;Remuneração de Depósitos Bancários - Principal;Lançamento de Receita;2,25;706;"Transferência Especial da União ";3110;Identificação das Transferências da União decorrentes de emendas parlamentares individuais
Lucena;201107;Prefeitura Municipal de Lucena;082025;2025;13210101;Remuneração de Depósitos Bancários - Principal;Lançamento de Receita;1.353,34;540;Transferências do FUNDEB - Impostos e Transferências de Impostos;"Não ";Não Aplicável
Lucena;201107;Prefeitura Municipal de Lucena;082025;2025;13210101;Remuneração de Depósitos Bancários - Principal;Lançamento de Receita;11.970,21;700;Outras Transferências de Convênios ou Repasses da União;"Não ";Não Aplicável
Lucena;201107;Prefeitura Municipal de Lucena;082025;2025;13210101;Remuneração de Depósitos Bancários - Principal;Lançamento de Receita;5.329,94;570;Transferências do Governo Federal referentes a Convênios e outros Repasses vinculados à Educação;"Não ";Não Aplicável
Lucena;201107;Prefeitura Municipal de Lucena;082025;2025;13210101;Remuneração de Depósitos Bancários - Principal;Lançamento de Receita;377,31;550;Transferência do Salário-Educação;"Não ";Não Aplicável
Lucena;201107;Prefeitura Municipal de Lucena;072025;2025;13210101;Remuneração de Depósitos Bancários - Principal;Lançamento de Receita;1.426,74;500;Recursos não vinculados de Impostos;"Não ";Não Aplicável
Lucena;201107;Prefeitura Municipal de Lucena;072025;2025;13210101;Remuneração de Depósitos Bancários - Principal;Lançamento de Receita;570,52;550;Transferência do Salário-Educação;"Não ";Não Aplicável
Lucena;201107;Prefeitura Municipal de Lucena;072025;2025;13210101;Remuneração de Depósitos Bancários - Principal;Lançamento de Receita;878,27;552;Transferências de Recursos do FNDE Referentes ao Programa Nacional de Alimentação Escolar (PNAE);"Não ";Não Aplicável
Lucena;201107;Prefeitura Municipal de Lucena;072025;2025;13210101;Remuneração de Depósitos Bancários - Principal;Lançamento de Receita;15,49;553;"Transferências de Recursos do FNDE Referentes ao Programa Nacional de Apoio ao Transporte Escolar (PNATE) ";"Não ";Não Aplicável
Lucena;201107;Prefeitura Municipal de Lucena;072025;2025;13210101;Remuneração de Depósitos Bancários - Principal;Lançamento de Receita;8,78;569;Outras Transferências de Recursos do FNDE;"Não ";Não Aplicável
Lucena;201107;Prefeitura Municipal de Lucena;072025;2025;13210101;Remuneração de Depósitos Bancários - Principal;Lançamento de Receita;1.501,55;701;Outras Transferências de Convênios ou Repasses dos Estados;"Não ";Não Aplicável
Lucena;201107;Prefeitura Municipal de Lucena;072025;2025;13210101;Remuneração de Depósitos Bancários - Principal;Lançamento de Receita;4,49;706;"Transferência Especial da União ";3110;Identificação das Transferências da União decorrentes de emendas parlamentares individuais
Lucena;201107;Prefeitura Municipal de Lucena;072025;2025;13210101;Remuneração de Depósitos Bancários - Principal;Lançamento de Receita;5.784,78;570;Transferências do Governo Federal referentes a Convênios e outros Repasses vinculados à Educação;"Não ";Não Aplicável
Lucena;201107;Prefeitura Municipal de Lucena;072025;2025;13210101;Remuneração de Depósitos Bancários - Principal;Lançamento de Receita;1.223,26;540;Transferências do FUNDEB - Impostos e Transferências de Impostos;"Não ";Não Aplicável
Lucena;201107;Prefeitura Municipal de Lucena;072025;2025;13210101;Remuneração de Depósitos Bancários - Principal;Lançamento de Receita;3.540,92;700;Outras Transferências de Convênios ou Repasses da União;"Não ";Não Aplicável
Lucena;201107;Prefeitura Municipal de Lucena;062025;2025;13210101;Remuneração de Depósitos Bancários - Principal;Lançamento de Receita;1.471,71;701;Outras Transferências de Convênios ou Repasses dos Estados;"Não ";Não Aplicável
Lucena;201107;Prefeitura Municipal de Lucena;062025;2025;13210101;Remuneração de Depósitos Bancários - Principal;Lançamento de Receita;13,97;550;Transferência do Salário-Educação;"Não ";Não Aplicável
Lucena;201107;Prefeitura Municipal de Lucena;062025;2025;13210101;Remuneração de Depósitos Bancários - Principal;Lançamento de Receita;408,01;552;Transferências de Recursos do FNDE Referentes ao Programa Nacional de Alimentação Escolar (PNAE);"Não ";Não Aplicável
Lucena;201107;Prefeitura Municipal de Lucena;062025;2025;13210101;Remuneração de Depósitos Bancários - Principal;Lançamento de Receita;1.012,5;540;Transferências do FUNDEB - Impostos e Transferências de Impostos;"Não ";Não Aplicável
Lucena;201107;Prefeitura Municipal de Lucena;062025;2025;13210101;Remuneração de Depósitos Bancários - Principal;Lançamento de Receita;19,31;553;"Transferências de Recursos do FNDE Referentes ao Programa Nacional de Apoio ao Transporte Escolar (PNATE) ";"Não ";Não Aplicável
Lucena;201107;Prefeitura Municipal de Lucena;062025;2025;13210101;Remuneração de Depósitos Bancários - Principal;Lançamento de Receita;1.297,42;500;Recursos não vinculados de Impostos;"Não ";Não Aplicável
Lucena;201107;Prefeitura Municipal de Lucena;062025;2025;13210101;Remuneração de Depósitos Bancários - Principal;Lançamento de Receita;7,45;569;Outras Transferências de Recursos do FNDE;"Não ";Não Aplicável
Lucena;201107;Prefeitura Municipal de Lucena;062025;2025;13210101;Remuneração de Depósitos Bancários - Principal;Lançamento de Receita;4.909,97;570;Transferências do Governo Federal referentes a Convênios e outros Repasses vinculados à Educação;"Não ";Não Aplicável
Lucena;201107;Prefeitura Municipal de Lucena;062025;2025;13210101;Remuneração de Depósitos Bancários - Principal;Lançamento de Receita;147,6;700;Outras Transferências de Convênios ou Repasses da União;"Não ";Não Aplicável
Lucena;201107;Prefeitura Municipal de Lucena;052025;2025;13210101;Remuneração de Depósitos Bancários - Principal;Lançamento de Receita;5.026,78;570;Transferências do Governo Federal referentes a Convênios e outros Repasses vinculados à Educação;"Não ";Não Aplicável
Lucena;201107;Prefeitura Municipal de Lucena;052025;2025;13210101;Remuneração de Depósitos Bancários - Principal;Lançamento de Receita;7,63;569;Outras Transferências de Recursos do FNDE;"Não ";Não Aplicável
Lucena;201107;Prefeitura Municipal de Lucena;052025;2025;13210101;Remuneração de Depósitos Bancários - Principal;Lançamento de Receita;1.655,63;500;Recursos não vinculados de Impostos;"Não ";Não Aplicável
Lucena;201107;Prefeitura Municipal de Lucena;052025;2025;13210101;Remuneração de Depósitos Bancários - Principal;Lançamento de Receita;165,96;550;Transferência do Salário-Educação;"Não ";Não Aplicável
Lucena;201107;Prefeitura Municipal de Lucena;052025;2025;13210101;Remuneração de Depósitos Bancários - Principal;Lançamento de Receita;27,79;553;"Transferências de Recursos do FNDE Referentes ao Programa Nacional de Apoio ao Transporte Escolar (PNATE) ";"Não ";Não Aplicável
Lucena;201107;Prefeitura Municipal de Lucena;052025;2025;13210101;Remuneração de Depósitos Bancários - Principal;Lançamento de Receita;2,12;706;"Transferência Especial da União ";3110;Identificação das Transferências da União decorrentes de emendas parlamentares individuais
Lucena;201107;Prefeitura Municipal de Lucena;052025;2025;13210101;Remuneração de Depósitos Bancários - Principal;Lançamento de Receita;900,72;540;Transferências do FUNDEB - Impostos e Transferências de Impostos;"Não ";Não Aplicável
Lucena;201107;Prefeitura Municipal de Lucena;052025;2025;13210101;Remuneração de Depósitos Bancários - Principal;Lançamento de Receita;522,24;552;Transferências de Recursos do FNDE Referentes ao Programa Nacional de Alimentação Escolar (PNAE);"Não ";Não Aplicável
Lucena;201107;Prefeitura Municipal de Lucena;052025;2025;13210101;Remuneração de Depósitos Bancários - Principal;Lançamento de Receita;6.067,01;700;Outras Transferências de Convênios ou Repasses da União;"Não ";Não Aplicável
Lucena;201107;Prefeitura Municipal de Lucena;052025;2025;13210101;Remuneração de Depósitos Bancários - Principal;Lançamento de Receita;1.793,13;701;Outras Transferências de Convênios ou Repasses dos Estados;"Não ";Não Aplicável
Lucena;201107;Prefeitura Municipal de Lucena;042025;2025;13210101;Remuneração de Depósitos Bancários - Principal;Lançamento de Receita;6,97;569;Outras Transferências de Recursos do FNDE;"Não ";Não Aplicável
Lucena;201107;Prefeitura Municipal de Lucena;042025;2025;13210101;Remuneração de Depósitos Bancários - Principal;Lançamento de Receita;1.259,5;540;Transferências do FUNDEB - Impostos e Transferências de Impostos;"Não ";Não Aplicável
Lucena;201107;Prefeitura Municipal de Lucena;042025;2025;13210101;Remuneração de Depósitos Bancários - Principal;Lançamento de Receita;2.570,61;500;Recursos não vinculados de Impostos;"Não ";Não Aplicável
Lucena;201107;Prefeitura Municipal de Lucena;042025;2025;13210101;Remuneração de Depósitos Bancários - Principal;Lançamento de Receita;1,94;706;"Transferência Especial da União ";3110;Identificação das Transferências da União decorrentes de emendas parlamentares individuais
Lucena;201107;Prefeitura Municipal de Lucena;042025;2025;13210101;Remuneração de Depósitos Bancários - Principal;Lançamento de Receita;260,45;553;"Transferências de Recursos do FNDE Referentes ao Programa Nacional de Apoio ao Transporte Escolar (PNATE) ";"Não ";Não Aplicável
Lucena;201107;Prefeitura Municipal de Lucena;042025;2025;13210101;Remuneração de Depósitos Bancários - Principal;Lançamento de Receita;4.589,37;570;Transferências do Governo Federal referentes a Convênios e outros Repasses vinculados à Educação;"Não ";Não Aplicável
Lucena;201107;Prefeitura Municipal de Lucena;042025;2025;13210101;Remuneração de Depósitos Bancários - Principal;Lançamento de Receita;1.466,17;701;Outras Transferências de Convênios ou Repasses dos Estados;"Não ";Não Aplicável
Lucena;201107;Prefeitura Municipal de Lucena;042025;2025;13210101;Remuneração de Depósitos Bancários - Principal;Lançamento de Receita;297,17;550;Transferência do Salário-Educação;"Não ";Não Aplicável
Lucena;201107;Prefeitura Municipal de Lucena;042025;2025;13210101;Remuneração de Depósitos Bancários - Principal;Lançamento de Receita;4.817,05;700;Outras Transferências de Convênios ou Repasses da União;"Não ";Não Aplicável
Lucena;201107;Prefeitura Municipal de Lucena;042025;2025;13210101;Remuneração de Depósitos Bancários - Principal;Lançamento de Receita;283,84;552;Transferências de Recursos do FNDE Referentes ao Programa Nacional de Alimentação Escolar (PNAE);"Não ";Não Aplicável
Lucena;201107;Prefeitura Municipal de Lucena;032025;2025;13210101;Remuneração de Depósitos Bancários - Principal;Lançamento de Receita;3,58;552;Transferências de Recursos do FNDE Referentes ao Programa Nacional de Alimentação Escolar (PNAE);"Não ";Não Aplicável
Lucena;201107;Prefeitura Municipal de Lucena;032025;2025;13210101;Remuneração de Depósitos Bancários - Principal;Lançamento de Receita;55,32;553;"Transferências de Recursos do FNDE Referentes ao Programa Nacional de Apoio ao Transporte Escolar (PNATE) ";"Não ";Não Aplicável
Lucena;201107;Prefeitura Municipal de Lucena;032025;2025;13210101;Remuneração de Depósitos Bancários - Principal;Lançamento de Receita;4.000,13;540;Transferências do FUNDEB - Impostos e Transferências de Impostos;"Não ";Não Aplicável
Lucena;201107;Prefeitura Municipal de Lucena;032025;2025;13210101;Remuneração de Depósitos Bancários - Principal;Lançamento de Receita;2.222,76;500;Recursos não vinculados de Impostos;"Não ";Não Aplicável
Lucena;201107;Prefeitura Municipal de Lucena;032025;2025;13210101;Remuneração de Depósitos Bancários - Principal;Lançamento de Receita;177,15;550;Transferência do Salário-Educação;"Não ";Não Aplicável
Lucena;201107;Prefeitura Municipal de Lucena;032025;2025;13210101;Remuneração de Depósitos Bancários - Principal;Lançamento de Receita;1,74;706;"Transferência Especial da União ";3110;Identificação das Transferências da União decorrentes de emendas parlamentares individuais
Lucena;201107;Prefeitura Municipal de Lucena;032025;2025;13210101;Remuneração de Depósitos Bancários - Principal;Lançamento de Receita;4.088,81;570;Transferências do Governo Federal referentes a Convênios e outros Repasses vinculados à Educação;"Não ";Não Aplicável
Lucena;201107;Prefeitura Municipal de Lucena;032025;2025;13210101;Remuneração de Depósitos Bancários - Principal;Lançamento de Receita;8.925,45;700;Outras Transferências de Convênios ou Repasses da União;"Não ";Não Aplicável
Lucena;201107;Prefeitura Municipal de Lucena;032025;2025;13210101;Remuneração de Depósitos Bancários - Principal;Lançamento de Receita;1.465,54;701;Outras Transferências de Convênios ou Repasses dos Estados;"Não ";Não Aplicável
Lucena;201107;Prefeitura Municipal de Lucena;032025;2025;13210101;Remuneração de Depósitos Bancários - Principal;Lançamento de Receita;6,2;569;Outras Transferências de Recursos do FNDE;"Não ";Não Aplicável
Lucena;201107;Prefeitura Municipal de Lucena;022025;2025;13210101;Remuneração de Depósitos Bancários - Principal;Lançamento de Receita;171,41;550;Transferência do Salário-Educação;"Não ";Não Aplicável
Lucena;201107;Prefeitura Municipal de Lucena;022025;2025;13210101;Remuneração de Depósitos Bancários - Principal;Lançamento de Receita;9.574,19;700;Outras Transferências de Convênios ou Repasses da União;"Não ";Não Aplicável
Lucena;201107;Prefeitura Municipal de Lucena;022025;2025;13210101;Remuneração de Depósitos Bancários - Principal;Lançamento de Receita;3,62;552;Transferências de Recursos do FNDE Referentes ao Programa Nacional de Alimentação Escolar (PNAE);"Não ";Não Aplicável
Lucena;201107;Prefeitura Municipal de Lucena;022025;2025;13210101;Remuneração de Depósitos Bancários - Principal;Lançamento de Receita;6,29;569;Outras Transferências de Recursos do FNDE;"Não ";Não Aplicável
Lucena;201107;Prefeitura Municipal de Lucena;022025;2025;13210101;Remuneração de Depósitos Bancários - Principal;Lançamento de Receita;8.779,29;540;Transferências do FUNDEB - Impostos e Transferências de Impostos;"Não ";Não Aplicável
Lucena;201107;Prefeitura Municipal de Lucena;022025;2025;13210101;Remuneração de Depósitos Bancários - Principal;Lançamento de Receita;1,77;706;"Transferência Especial da União ";3110;Identificação das Transferências da União decorrentes de emendas parlamentares individuais
Lucena;201107;Prefeitura Municipal de Lucena;022025;2025;13210101;Remuneração de Depósitos Bancários - Principal;Lançamento de Receita;3.721,08;500;Recursos não vinculados de Impostos;"Não ";Não Aplicável
Lucena;201107;Prefeitura Municipal de Lucena;022025;2025;13210101;Remuneração de Depósitos Bancários - Principal;Lançamento de Receita;20,23;553;"Transferências de Recursos do FNDE Referentes ao Programa Nacional de Apoio ao Transporte Escolar (PNATE) ";"Não ";Não Aplicável
Lucena;201107;Prefeitura Municipal de Lucena;022025;2025;13210101;Remuneração de Depósitos Bancários - Principal;Lançamento de Receita;1.199,46;701;Outras Transferências de Convênios ou Repasses dos Estados;"Não ";Não Aplicável
Lucena;201107;Prefeitura Municipal de Lucena;022025;2025;13210101;Remuneração de Depósitos Bancários - Principal;Lançamento de Receita;4.139,84;570;Transferências do Governo Federal referentes a Convênios e outros Repasses vinculados à Educação;"Não ";Não Aplicável
Lucena;201107;Prefeitura Municipal de Lucena;012025;2025;13210101;Remuneração de Depósitos Bancários - Principal;Lançamento de Receita;925,74;550;Transferência do Salário-Educação;"Não ";Não Aplicável
Lucena;201107;Prefeitura Municipal de Lucena;012025;2025;13210101;Remuneração de Depósitos Bancários - Principal;Lançamento de Receita;20,05;553;"Transferências de Recursos do FNDE Referentes ao Programa Nacional de Apoio ao Transporte Escolar (PNATE) ";"Não ";Não Aplicável
Lucena;201107;Prefeitura Municipal de Lucena;012025;2025;13210101;Remuneração de Depósitos Bancários - Principal;Lançamento de Receita;1,77;706;"Transferência Especial da União ";3110;Identificação das Transferências da União decorrentes de emendas parlamentares individuais
Lucena;201107;Prefeitura Municipal de Lucena;012025;2025;13210101;Remuneração de Depósitos Bancários - Principal;Lançamento de Receita;1.693,1;540;Transferências do FUNDEB - Impostos e Transferências de Impostos;"Não ";Não Aplicável
Lucena;201107;Prefeitura Municipal de Lucena;012025;2025;13210101;Remuneração de Depósitos Bancários - Principal;Lançamento de Receita;6,22;569;Outras Transferências de Recursos do FNDE;"Não ";Não Aplicável
Lucena;201107;Prefeitura Municipal de Lucena;012025;2025;13210101;Remuneração de Depósitos Bancários - Principal;Lançamento de Receita;16,31;701;Outras Transferências de Convênios ou Repasses dos Estados;"Não ";Não Aplicável
Lucena;201107;Prefeitura Municipal de Lucena;012025;2025;13210101;Remuneração de Depósitos Bancários - Principal;Lançamento de Receita;3,6;552;Transferências de Recursos do FNDE Referentes ao Programa Nacional de Alimentação Escolar (PNAE);"Não ";Não Aplicável
Lucena;201107;Prefeitura Municipal de Lucena;012025;2025;13210101;Remuneração de Depósitos Bancários - Principal;Lançamento de Receita;9.421,86;700;Outras Transferências de Convênios ou Repasses da União;"Não ";Não Aplicável
Lucena;201107;Prefeitura Municipal de Lucena;012025;2025;13210101;Remuneração de Depósitos Bancários - Principal;Lançamento de Receita;3.257,34;500;Recursos não vinculados de Impostos;"Não ";Não Aplicável
Lucena;201107;Prefeitura Municipal de Lucena;012025;2025;13210101;Remuneração de Depósitos Bancários - Principal;Lançamento de Receita;4.103,56;570;Transferências do Governo Federal referentes a Convênios e outros Repasses vinculados à Educação;"Não ";Não Aplicável
Lucena;201107;Prefeitura Municipal de Lucena;122025;2025;12415001;Contribuição para o Custeio do Serviço de Iluminação Pública - Principal;Lançamento de Receita;2.080,53;751;Recursos da Contribuição para o Custeio do Serviço de Iluminação Pública - COSIP;"Não ";Não Aplicável
Lucena;201107;Prefeitura Municipal de Lucena;112025;2025;12415001;Contribuição para o Custeio do Serviço de Iluminação Pública - Principal;Lançamento de Receita;6.106,89;751;Recursos da Contribuição para o Custeio do Serviço de Iluminação Pública - COSIP;"Não ";Não Aplicável
Lucena;201107;Prefeitura Municipal de Lucena;102025;2025;12415001;Contribuição para o Custeio do Serviço de Iluminação Pública - Principal;Lançamento de Receita;223.030,44;751;Recursos da Contribuição para o Custeio do Serviço de Iluminação Pública - COSIP;"Não ";Não Aplicável
Lucena;201107;Prefeitura Municipal de Lucena;082025;2025;12415001;Contribuição para o Custeio do Serviço de Iluminação Pública - Principal;Lançamento de Receita;100.994,12;751;Recursos da Contribuição para o Custeio do Serviço de Iluminação Pública - COSIP;"Não ";Não Aplicável
Lucena;201107;Prefeitura Municipal de Lucena;072025;2025;12415001;Contribuição para o Custeio do Serviço de Iluminação Pública - Principal;Lançamento de Receita;222.045,57;751;Recursos da Contribuição para o Custeio do Serviço de Iluminação Pública - COSIP;"Não ";Não Aplicável
Lucena;201107;Prefeitura Municipal de Lucena;062025;2025;12415001;Contribuição para o Custeio do Serviço de Iluminação Pública - Principal;Lançamento de Receita;122.427,27;751;Recursos da Contribuição para o Custeio do Serviço de Iluminação Pública - COSIP;"Não ";Não Aplicável
Lucena;201107;Prefeitura Municipal de Lucena;052025;2025;12415001;Contribuição para o Custeio do Serviço de Iluminação Pública - Principal;Lançamento de Receita;117.617,43;751;Recursos da Contribuição para o Custeio do Serviço de Iluminação Pública - COSIP;"Não ";Não Aplicável
Lucena;201107;Prefeitura Municipal de Lucena;032025;2025;12415001;Contribuição para o Custeio do Serviço de Iluminação Pública - Principal;Lançamento de Receita;219.483,08;751;Recursos da Contribuição para o Custeio do Serviço de Iluminação Pública - COSIP;"Não ";Não Aplicável
Lucena;201107;Prefeitura Municipal de Lucena;022025;2025;12415001;Contribuição para o Custeio do Serviço de Iluminação Pública - Principal;Lançamento de Receita;248.348,5;751;Recursos da Contribuição para o Custeio do Serviço de Iluminação Pública - COSIP;"Não ";Não Aplicável
Lucena;201107;Prefeitura Municipal de Lucena;012025;2025;12415001;Contribuição para o Custeio do Serviço de Iluminação Pública - Principal;Lançamento de Receita;14.869,62;751;Recursos da Contribuição para o Custeio do Serviço de Iluminação Pública - COSIP;"Não ";Não Aplicável
Lucena;201107;Prefeitura Municipal de Lucena;122025;2025;11210101;Taxas de Inspeção, Controle e Fiscalização - Principal;Lançamento de Receita;15.037,75;501;Outros Recursos não Vinculados;"Não ";Não Aplicável
Lucena;201107;Prefeitura Municipal de Lucena;112025;2025;11210101;Taxas de Inspeção, Controle e Fiscalização - Principal;Lançamento de Receita;7.043,75;501;Outros Recursos não Vinculados;"Não ";Não Aplicável
Lucena;201107;Prefeitura Municipal de Lucena;102025;2025;11210101;Taxas de Inspeção, Controle e Fiscalização - Principal;Lançamento de Receita;8.676,58;501;Outros Recursos não Vinculados;"Não ";Não Aplicável
Lucena;201107;Prefeitura Municipal de Lucena;092025;2025;11210101;Taxas de Inspeção, Controle e Fiscalização - Principal;Lançamento de Receita;15.860,71;501;Outros Recursos não Vinculados;"Não ";Não Aplicável
Lucena;201107;Prefeitura Municipal de Lucena;082025;2025;11210101;Taxas de Inspeção, Controle e Fiscalização - Principal;Lançamento de Receita;26.438,58;501;Outros Recursos não Vinculados;"Não ";Não Aplicável
Lucena;201107;Prefeitura Municipal de Lucena;072025;2025;11210101;Taxas de Inspeção, Controle e Fiscalização - Principal;Lançamento de Receita;37.538,76;501;Outros Recursos não Vinculados;"Não ";Não Aplicável
Lucena;201107;Prefeitura Municipal de Lucena;062025;2025;11210101;Taxas de Inspeção, Controle e Fiscalização - Principal;Lançamento de Receita;14.542,51;501;Outros Recursos não Vinculados;"Não ";Não Aplicável
Lucena;201107;Prefeitura Municipal de Lucena;052025;2025;11210101;Taxas de Inspeção, Controle e Fiscalização - Principal;Lançamento de Receita;42.873,57;501;Outros Recursos não Vinculados;"Não ";Não Aplicável
Lucena;201107;Prefeitura Municipal de Lucena;042025;2025;11210101;Taxas de Inspeção, Controle e Fiscalização - Principal;Lançamento de Receita;152.895,86;501;Outros Recursos não Vinculados;"Não ";Não Aplicável
Lucena;201107;Prefeitura Municipal de Lucena;032025;2025;11210101;Taxas de Inspeção, Controle e Fiscalização - Principal;Lançamento de Receita;124.990,72;501;Outros Recursos não Vinculados;"Não ";Não Aplicável
Lucena;201107;Prefeitura Municipal de Lucena;022025;2025;11210101;Taxas de Inspeção, Controle e Fiscalização - Principal;Lançamento de Receita;38.055,35;501;Outros Recursos não Vinculados;"Não ";Não Aplicável
Lucena;201107;Prefeitura Municipal de Lucena;012025;2025;11210101;Taxas de Inspeção, Controle e Fiscalização - Principal;Lançamento de Receita;29.130,08;501;Outros Recursos não Vinculados;"Não ";Não Aplicável
Lucena;201107;Prefeitura Municipal de Lucena;122025;2025;11145111;Imposto sobre Serviços de Qualquer Natureza - ISSQN - Principal;Lançamento de Receita;81.746,52;500;Recursos não vinculados de Impostos;"Não ";Não Aplicável
Lucena;201107;Prefeitura Municipal de Lucena;112025;2025;11145111;Imposto sobre Serviços de Qualquer Natureza - ISSQN - Principal;Lançamento de Receita;67.579,32;500;Recursos não vinculados de Impostos;"Não ";Não Aplicável
Lucena;201107;Prefeitura Municipal de Lucena;102025;2025;11145111;Imposto sobre Serviços de Qualquer Natureza - ISSQN - Principal;Lançamento de Receita;92.356,7;500;Recursos não vinculados de Impostos;"Não ";Não Aplicável
Lucena;201107;Prefeitura Municipal de Lucena;092025;2025;11145111;Imposto sobre Serviços de Qualquer Natureza - ISSQN - Principal;Lançamento de Receita;74.908,46;500;Recursos não vinculados de Impostos;"Não ";Não Aplicável
Lucena;201107;Prefeitura Municipal de Lucena;082025;2025;11145111;Imposto sobre Serviços de Qualquer Natureza - ISSQN - Principal;Lançamento de Receita;66.340,37;500;Recursos não vinculados de Impostos;"Não ";Não Aplicável
Lucena;201107;Prefeitura Municipal de Lucena;072025;2025;11145111;Imposto sobre Serviços de Qualquer Natureza - ISSQN - Principal;Lançamento de Receita;91.721,95;500;Recursos não vinculados de Impostos;"Não ";Não Aplicável
Lucena;201107;Prefeitura Municipal de Lucena;062025;2025;11145111;Imposto sobre Serviços de Qualquer Natureza - ISSQN - Principal;Lançamento de Receita;103.844,69;500;Recursos não vinculados de Impostos;"Não ";Não Aplicável
Lucena;201107;Prefeitura Municipal de Lucena;052025;2025;11145111;Imposto sobre Serviços de Qualquer Natureza - ISSQN - Principal;Lançamento de Receita;104.168,1;500;Recursos não vinculados de Impostos;"Não ";Não Aplicável
Lucena;201107;Prefeitura Municipal de Lucena;042025;2025;11145111;Imposto sobre Serviços de Qualquer Natureza - ISSQN - Principal;Lançamento de Receita;106.817,32;500;Recursos não vinculados de Impostos;"Não ";Não Aplicável
Lucena;201107;Prefeitura Municipal de Lucena;032025;2025;11145111;Imposto sobre Serviços de Qualquer Natureza - ISSQN - Principal;Lançamento de Receita;62.072,37;500;Recursos não vinculados de Impostos;"Não ";Não Aplicável
Lucena;201107;Prefeitura Municipal de Lucena;022025;2025;11145111;Imposto sobre Serviços de Qualquer Natureza - ISSQN - Principal;Lançamento de Receita;72.029,54;500;Recursos não vinculados de Impostos;"Não ";Não Aplicável
Lucena;201107;Prefeitura Municipal de Lucena;012025;2025;11145111;Imposto sobre Serviços de Qualquer Natureza - ISSQN - Principal;Lançamento de Receita;111.441,27;500;Recursos não vinculados de Impostos;"Não ";Não Aplicável
Lucena;201107;Prefeitura Municipal de Lucena;122025;2025;11130311;Imposto sobre a Renda - Retido na Fonte - Trabalho - Principal;Lançamento de Receita;59.907,89;500;Recursos não vinculados de Impostos;"Não ";Não Aplicável
Lucena;201107;Prefeitura Municipal de Lucena;112025;2025;11130311;Imposto sobre a Renda - Retido na Fonte - Trabalho - Principal;Lançamento de Receita;53.361,36;500;Recursos não vinculados de Impostos;"Não ";Não Aplicável
Lucena;201107;Prefeitura Municipal de Lucena;102025;2025;11130311;Imposto sobre a Renda - Retido na Fonte - Trabalho - Principal;Lançamento de Receita;60.948,86;500;Recursos não vinculados de Impostos;"Não ";Não Aplicável
Lucena;201107;Prefeitura Municipal de Lucena;092025;2025;11130311;Imposto sobre a Renda - Retido na Fonte - Trabalho - Principal;Lançamento de Receita;47.707,63;500;Recursos não vinculados de Impostos;"Não ";Não Aplicável
Lucena;201107;Prefeitura Municipal de Lucena;082025;2025;11130311;Imposto sobre a Renda - Retido na Fonte - Trabalho - Principal;Lançamento de Receita;45.301,82;500;Recursos não vinculados de Impostos;"Não ";Não Aplicável
Lucena;201107;Prefeitura Municipal de Lucena;072025;2025;11130311;Imposto sobre a Renda - Retido na Fonte - Trabalho - Principal;Lançamento de Receita;92.440,47;500;Recursos não vinculados de Impostos;"Não ";Não Aplicável
Lucena;201107;Prefeitura Municipal de Lucena;062025;2025;11130311;Imposto sobre a Renda - Retido na Fonte - Trabalho - Principal;Lançamento de Receita;34.590,45;500;Recursos não vinculados de Impostos;"Não ";Não Aplicável
Lucena;201107;Prefeitura Municipal de Lucena;052025;2025;11130311;Imposto sobre a Renda - Retido na Fonte - Trabalho - Principal;Lançamento de Receita;75.547,12;500;Recursos não vinculados de Impostos;"Não ";Não Aplicável
Lucena;201107;Prefeitura Municipal de Lucena;042025;2025;11130311;Imposto sobre a Renda - Retido na Fonte - Trabalho - Principal;Lançamento de Receita;70.418,39;500;Recursos não vinculados de Impostos;"Não ";Não Aplicável
Lucena;201107;Prefeitura Municipal de Lucena;032025;2025;11130311;Imposto sobre a Renda - Retido na Fonte - Trabalho - Principal;Lançamento de Receita;65.280,23;500;Recursos não vinculados de Impostos;"Não ";Não Aplicável
Lucena;201107;Prefeitura Municipal de Lucena;022025;2025;11130311;Imposto sobre a Renda - Retido na Fonte - Trabalho - Principal;Lançamento de Receita;44.315,94;500;Recursos não vinculados de Impostos;"Não ";Não Aplicável
Lucena;201107;Prefeitura Municipal de Lucena;012025;2025;11130311;Imposto sobre a Renda - Retido na Fonte - Trabalho - Principal;Lançamento de Receita;47.340,87;500;Recursos não vinculados de Impostos;"Não ";Não Aplicável
Lucena;201107;Prefeitura Municipal de Lucena;122025;2025;11125301;"Impostos sobre Transmissão ""Inter Vivos"" de Bens Imóveis e de Direitos Reais sobre Imóveis - Principal";Lançamento de Receita;92.162,32;500;Recursos não vinculados de Impostos;"Não ";Não Aplicável
Lucena;201107;Prefeitura Municipal de Lucena;112025;2025;11125301;"Impostos sobre Transmissão ""Inter Vivos"" de Bens Imóveis e de Direitos Reais sobre Imóveis - Principal";Lançamento de Receita;98.524,28;500;Recursos não vinculados de Impostos;"Não ";Não Aplicável
Lucena;201107;Prefeitura Municipal de Lucena;102025;2025;11125301;"Impostos sobre Transmissão ""Inter Vivos"" de Bens Imóveis e de Direitos Reais sobre Imóveis - Principal";Lançamento de Receita;99.683,1;500;Recursos não vinculados de Impostos;"Não ";Não Aplicável
Lucena;201107;Prefeitura Municipal de Lucena;092025;2025;11125301;"Impostos sobre Transmissão ""Inter Vivos"" de Bens Imóveis e de Direitos Reais sobre Imóveis - Principal";Lançamento de Receita;108.848,35;500;Recursos não vinculados de Impostos;"Não ";Não Aplicável
Lucena;201107;Prefeitura Municipal de Lucena;082025;2025;11125301;"Impostos sobre Transmissão ""Inter Vivos"" de Bens Imóveis e de Direitos Reais sobre Imóveis - Principal";Lançamento de Receita;78.784,16;500;Recursos não vinculados de Impostos;"Não ";Não Aplicável
Lucena;201107;Prefeitura Municipal de Lucena;072025;2025;11125301;"Impostos sobre Transmissão ""Inter Vivos"" de Bens Imóveis e de Direitos Reais sobre Imóveis - Principal";Lançamento de Receita;124.773,31;500;Recursos não vinculados de Impostos;"Não ";Não Aplicável
Lucena;201107;Prefeitura Municipal de Lucena;062025;2025;11125301;"Impostos sobre Transmissão ""Inter Vivos"" de Bens Imóveis e de Direitos Reais sobre Imóveis - Principal";Lançamento de Receita;33.729,35;500;Recursos não vinculados de Impostos;"Não ";Não Aplicável
Lucena;201107;Prefeitura Municipal de Lucena;052025;2025;11125301;"Impostos sobre Transmissão ""Inter Vivos"" de Bens Imóveis e de Direitos Reais sobre Imóveis - Principal";Lançamento de Receita;76.918,52;500;Recursos não vinculados de Impostos;"Não ";Não Aplicável
Lucena;201107;Prefeitura Municipal de Lucena;042025;2025;11125301;"Impostos sobre Transmissão ""Inter Vivos"" de Bens Imóveis e de Direitos Reais sobre Imóveis - Principal";Lançamento de Receita;210.727,97;500;Recursos não vinculados de Impostos;"Não ";Não Aplicável
Lucena;201107;Prefeitura Municipal de Lucena;032025;2025;11125301;"Impostos sobre Transmissão ""Inter Vivos"" de Bens Imóveis e de Direitos Reais sobre Imóveis - Principal";Lançamento de Receita;70.709,49;500;Recursos não vinculados de Impostos;"Não ";Não Aplicável
Lucena;201107;Prefeitura Municipal de Lucena;022025;2025;11125301;"Impostos sobre Transmissão ""Inter Vivos"" de Bens Imóveis e de Direitos Reais sobre Imóveis - Principal";Lançamento de Receita;95.687,98;500;Recursos não vinculados de Impostos;"Não ";Não Aplicável
Lucena;201107;Prefeitura Municipal de Lucena;012025;2025;11125301;"Impostos sobre Transmissão ""Inter Vivos"" de Bens Imóveis e de Direitos Reais sobre Imóveis - Principal";Lançamento de Receita;64.470,6;500;Recursos não vinculados de Impostos;"Não ";Não Aplicável
Lucena;201107;Prefeitura Municipal de Lucena;122025;2025;11125003;Imposto sobre a Propriedade Predial e Territorial Urbana - Dívida Ativa;Lançamento de Receita;71.911,04;500;Recursos não vinculados de Impostos;"Não ";Não Aplicável
Lucena;201107;Prefeitura Municipal de Lucena;112025;2025;11125003;Imposto sobre a Propriedade Predial e Territorial Urbana - Dívida Ativa;Lançamento de Receita;55.597,64;500;Recursos não vinculados de Impostos;"Não ";Não Aplicável
Lucena;201107;Prefeitura Municipal de Lucena;102025;2025;11125003;Imposto sobre a Propriedade Predial e Territorial Urbana - Dívida Ativa;Lançamento de Receita;68.236,09;500;Recursos não vinculados de Impostos;"Não ";Não Aplicável
Lucena;201107;Prefeitura Municipal de Lucena;092025;2025;11125003;Imposto sobre a Propriedade Predial e Territorial Urbana - Dívida Ativa;Lançamento de Receita;130.626,85;500;Recursos não vinculados de Impostos;"Não ";Não Aplicável
Lucena;201107;Prefeitura Municipal de Lucena;082025;2025;11125003;Imposto sobre a Propriedade Predial e Territorial Urbana - Dívida Ativa;Lançamento de Receita;187.832,37;500;Recursos não vinculados de Impostos;"Não ";Não Aplicável
Lucena;201107;Prefeitura Municipal de Lucena;072025;2025;11125003;Imposto sobre a Propriedade Predial e Territorial Urbana - Dívida Ativa;Lançamento de Receita;136.654,27;500;Recursos não vinculados de Impostos;"Não ";Não Aplicável
Lucena;201107;Prefeitura Municipal de Lucena;062025;2025;11125003;Imposto sobre a Propriedade Predial e Territorial Urbana - Dívida Ativa;Lançamento de Receita;68.682,09;500;Recursos não vinculados de Impostos;"Não ";Não Aplicável
Lucena;201107;Prefeitura Municipal de Lucena;052025;2025;11125003;Imposto sobre a Propriedade Predial e Territorial Urbana - Dívida Ativa;Lançamento de Receita;145.672,49;500;Recursos não vinculados de Impostos;"Não ";Não Aplicável
Lucena;201107;Prefeitura Municipal de Lucena;042025;2025;11125003;Imposto sobre a Propriedade Predial e Territorial Urbana - Dívida Ativa;Lançamento de Receita;185.325,75;500;Recursos não vinculados de Impostos;"Não ";Não Aplicável
Lucena;201107;Prefeitura Municipal de Lucena;032025;2025;11125003;Imposto sobre a Propriedade Predial e Territorial Urbana - Dívida Ativa;Lançamento de Receita;162.117,02;500;Recursos não vinculados de Impostos;"Não ";Não Aplicável
Lucena;201107;Prefeitura Municipal de Lucena;022025;2025;11125003;Imposto sobre a Propriedade Predial e Territorial Urbana - Dívida Ativa;Lançamento de Receita;132.108,59;500;Recursos não vinculados de Impostos;"Não ";Não Aplicável
Lucena;201107;Prefeitura Municipal de Lucena;012025;2025;11125003;Imposto sobre a Propriedade Predial e Territorial Urbana - Dívida Ativa;Lançamento de Receita;107.872,12;500;Recursos não vinculados de Impostos;"Não ";Não Aplicável
Lucena;201107;Prefeitura Municipal de Lucena;122025;2025;11125001;Imposto sobre a Propriedade Predial e Territorial Urbana - Principal;Lançamento de Receita;27.218,1;500;Recursos não vinculados de Impostos;"Não ";Não Aplicável
Lucena;201107;Prefeitura Municipal de Lucena;112025;2025;11125001;Imposto sobre a Propriedade Predial e Territorial Urbana - Principal;Lançamento de Receita;12.057,5;500;Recursos não vinculados de Impostos;"Não ";Não Aplicável
Lucena;201107;Prefeitura Municipal de Lucena;102025;2025;11125001;Imposto sobre a Propriedade Predial e Territorial Urbana - Principal;Lançamento de Receita;17.593,79;500;Recursos não vinculados de Impostos;"Não ";Não Aplicável
Lucena;201107;Prefeitura Municipal de Lucena;092025;2025;11125001;Imposto sobre a Propriedade Predial e Territorial Urbana - Principal;Lançamento de Receita;43.297,33;500;Recursos não vinculados de Impostos;"Não ";Não Aplicável
Lucena;201107;Prefeitura Municipal de Lucena;082025;2025;11125001;Imposto sobre a Propriedade Predial e Territorial Urbana - Principal;Lançamento de Receita;63.503,46;500;Recursos não vinculados de Impostos;"Não ";Não Aplicável
Lucena;201107;Prefeitura Municipal de Lucena;072025;2025;11125001;Imposto sobre a Propriedade Predial e Territorial Urbana - Principal;Lançamento de Receita;79.338,34;500;Recursos não vinculados de Impostos;"Não ";Não Aplicável
Lucena;201107;Prefeitura Municipal de Lucena;062025;2025;11125001;Imposto sobre a Propriedade Predial e Territorial Urbana - Principal;Lançamento de Receita;48.384,23;500;Recursos não vinculados de Impostos;"Não ";Não Aplicável
Lucena;201107;Prefeitura Municipal de Lucena;052025;2025;11125001;Imposto sobre a Propriedade Predial e Territorial Urbana - Principal;Lançamento de Receita;92.945,06;500;Recursos não vinculados de Impostos;"Não ";Não Aplicável
Lucena;201107;Prefeitura Municipal de Lucena;042025;2025;11125001;Imposto sobre a Propriedade Predial e Territorial Urbana - Principal;Lançamento de Receita;485.446,91;500;Recursos não vinculados de Impostos;"Não ";Não Aplicável
Lucena;201107;Prefeitura Municipal de Lucena;032025;2025;11125001;Imposto sobre a Propriedade Predial e Territorial Urbana - Principal;Lançamento de Receita;351.890,66;500;Recursos não vinculados de Impostos;"Não ";Não Aplicável
Lucena;201107;Prefeitura Municipal de Lucena;022025;2025;11125001;Imposto sobre a Propriedade Predial e Territorial Urbana - Principal;Lançamento de Receita;103.182,65;500;Recursos não vinculados de Impostos;"Não ";Não Aplicável
Lucena;201107;Prefeitura Municipal de Lucena;012025;2025;11125001;Imposto sobre a Propriedade Predial e Territorial Urbana - Principal;Lançamento de Receita;61.623,89;500;Recursos não vinculados de Impostos;"Não ";Não Aplicável
Lucena;301107;Instituto de Previdência Municipal de Lucena;122025;2025;72155112;Contribuição Patronal - Servidor Civil Ativo - Parcelamentos - Multas e Juros de Mora;Lançamento de Receita;1.212,35;800;Recursos vinculados ao RPPS - Fundo em Capitalização (Plano Previdenciário);1111;Benefícios previdenciários - Poder Executivo – Fundo em Capitalização (Plano Previdenciário)
Lucena;301107;Instituto de Previdência Municipal de Lucena;112025;2025;72155112;Contribuição Patronal - Servidor Civil Ativo - Parcelamentos - Multas e Juros de Mora;Lançamento de Receita;1.206,16;800;Recursos vinculados ao RPPS - Fundo em Capitalização (Plano Previdenciário);1111;Benefícios previdenciários - Poder Executivo – Fundo em Capitalização (Plano Previdenciário)
Lucena;301107;Instituto de Previdência Municipal de Lucena;102025;2025;72155112;Contribuição Patronal - Servidor Civil Ativo - Parcelamentos - Multas e Juros de Mora;Lançamento de Receita;1.195,49;800;Recursos vinculados ao RPPS - Fundo em Capitalização (Plano Previdenciário);1111;Benefícios previdenciários - Poder Executivo – Fundo em Capitalização (Plano Previdenciário)
Lucena;301107;Instituto de Previdência Municipal de Lucena;092025;2025;72155112;Contribuição Patronal - Servidor Civil Ativo - Parcelamentos - Multas e Juros de Mora;Lançamento de Receita;1.191,74;800;Recursos vinculados ao RPPS - Fundo em Capitalização (Plano Previdenciário);1111;Benefícios previdenciários - Poder Executivo – Fundo em Capitalização (Plano Previdenciário)
Lucena;301107;Instituto de Previdência Municipal de Lucena;082025;2025;72155112;Contribuição Patronal - Servidor Civil Ativo - Parcelamentos - Multas e Juros de Mora;Lançamento de Receita;1.183,72;800;Recursos vinculados ao RPPS - Fundo em Capitalização (Plano Previdenciário);1111;Benefícios previdenciários - Poder Executivo – Fundo em Capitalização (Plano Previdenciário)
Lucena;301107;Instituto de Previdência Municipal de Lucena;072025;2025;72155112;Contribuição Patronal - Servidor Civil Ativo - Parcelamentos - Multas e Juros de Mora;Lançamento de Receita;1.219,22;800;Recursos vinculados ao RPPS - Fundo em Capitalização (Plano Previdenciário);1111;Benefícios previdenciários - Poder Executivo – Fundo em Capitalização (Plano Previdenciário)
Lucena;301107;Instituto de Previdência Municipal de Lucena;062025;2025;72155112;Contribuição Patronal - Servidor Civil Ativo - Parcelamentos - Multas e Juros de Mora;Lançamento de Receita;1.167,87;800;Recursos vinculados ao RPPS - Fundo em Capitalização (Plano Previdenciário);1111;Benefícios previdenciários - Poder Executivo – Fundo em Capitalização (Plano Previdenciário)
Lucena;301107;Instituto de Previdência Municipal de Lucena;052025;2025;72155112;Contribuição Patronal - Servidor Civil Ativo - Parcelamentos - Multas e Juros de Mora;Lançamento de Receita;1.157,87;800;Recursos vinculados ao RPPS - Fundo em Capitalização (Plano Previdenciário);1111;Benefícios previdenciários - Poder Executivo – Fundo em Capitalização (Plano Previdenciário)
Lucena;301107;Instituto de Previdência Municipal de Lucena;042025;2025;72155112;Contribuição Patronal - Servidor Civil Ativo - Parcelamentos - Multas e Juros de Mora;Lançamento de Receita;1.146,49;800;Recursos vinculados ao RPPS - Fundo em Capitalização (Plano Previdenciário);1111;Benefícios previdenciários - Poder Executivo – Fundo em Capitalização (Plano Previdenciário)
Lucena;301107;Instituto de Previdência Municipal de Lucena;032025;2025;72155112;Contribuição Patronal - Servidor Civil Ativo - Parcelamentos - Multas e Juros de Mora;Lançamento de Receita;1.131,7;800;Recursos vinculados ao RPPS - Fundo em Capitalização (Plano Previdenciário);1111;Benefícios previdenciários - Poder Executivo – Fundo em Capitalização (Plano Previdenciário)
Lucena;301107;Instituto de Previdência Municipal de Lucena;012025;2025;72155112;Contribuição Patronal - Servidor Civil Ativo - Parcelamentos - Multas e Juros de Mora;Lançamento de Receita;1.109,57;800;Recursos vinculados ao RPPS - Fundo em Capitalização (Plano Previdenciário);1111;Benefícios previdenciários - Poder Executivo – Fundo em Capitalização (Plano Previdenciário)
Lucena;301107;Instituto de Previdência Municipal de Lucena;122025;2025;72155111;Contribuição Patronal - Servidor Civil Ativo - Parcelamentos - Principal;Lançamento de Receita;60.617,57;800;Recursos vinculados ao RPPS - Fundo em Capitalização (Plano Previdenciário);1111;Benefícios previdenciários - Poder Executivo – Fundo em Capitalização (Plano Previdenciário)
Lucena;301107;Instituto de Previdência Municipal de Lucena;112025;2025;72155111;Contribuição Patronal - Servidor Civil Ativo - Parcelamentos - Principal;Lançamento de Receita;60.308,24;800;Recursos vinculados ao RPPS - Fundo em Capitalização (Plano Previdenciário);1111;Benefícios previdenciários - Poder Executivo – Fundo em Capitalização (Plano Previdenciário)
Lucena;301107;Instituto de Previdência Municipal de Lucena;102025;2025;72155111;Contribuição Patronal - Servidor Civil Ativo - Parcelamentos - Principal;Lançamento de Receita;59.774,35;800;Recursos vinculados ao RPPS - Fundo em Capitalização (Plano Previdenciário);1111;Benefícios previdenciários - Poder Executivo – Fundo em Capitalização (Plano Previdenciário)
Lucena;301107;Instituto de Previdência Municipal de Lucena;092025;2025;72155111;Contribuição Patronal - Servidor Civil Ativo - Parcelamentos - Principal;Lançamento de Receita;59.586,78;800;Recursos vinculados ao RPPS - Fundo em Capitalização (Plano Previdenciário);1111;Benefícios previdenciários - Poder Executivo – Fundo em Capitalização (Plano Previdenciário)
Lucena;301107;Instituto de Previdência Municipal de Lucena;082025;2025;72155111;Contribuição Patronal - Servidor Civil Ativo - Parcelamentos - Principal;Lançamento de Receita;59.185,91;800;Recursos vinculados ao RPPS - Fundo em Capitalização (Plano Previdenciário);1111;Benefícios previdenciários - Poder Executivo – Fundo em Capitalização (Plano Previdenciário)
Lucena;301107;Instituto de Previdência Municipal de Lucena;072025;2025;72155111;Contribuição Patronal - Servidor Civil Ativo - Parcelamentos - Principal;Lançamento de Receita;58.791,46;800;Recursos vinculados ao RPPS - Fundo em Capitalização (Plano Previdenciário);1111;Benefícios previdenciários - Poder Executivo – Fundo em Capitalização (Plano Previdenciário)
Lucena;301107;Instituto de Previdência Municipal de Lucena;062025;2025;72155111;Contribuição Patronal - Servidor Civil Ativo - Parcelamentos - Principal;Lançamento de Receita;58.393,11;800;Recursos vinculados ao RPPS - Fundo em Capitalização (Plano Previdenciário);1111;Benefícios previdenciários - Poder Executivo – Fundo em Capitalização (Plano Previdenciário)
Lucena;301107;Instituto de Previdência Municipal de Lucena;052025;2025;72155111;Contribuição Patronal - Servidor Civil Ativo - Parcelamentos - Principal;Lançamento de Receita;57.893,54;800;Recursos vinculados ao RPPS - Fundo em Capitalização (Plano Previdenciário);1111;Benefícios previdenciários - Poder Executivo – Fundo em Capitalização (Plano Previdenciário)
Lucena;301107;Instituto de Previdência Municipal de Lucena;042025;2025;72155111;Contribuição Patronal - Servidor Civil Ativo - Parcelamentos - Principal;Lançamento de Receita;57.324,69;800;Recursos vinculados ao RPPS - Fundo em Capitalização (Plano Previdenciário);1111;Benefícios previdenciários - Poder Executivo – Fundo em Capitalização (Plano Previdenciário)
Lucena;301107;Instituto de Previdência Municipal de Lucena;032025;2025;72155111;Contribuição Patronal - Servidor Civil Ativo - Parcelamentos - Principal;Lançamento de Receita;56.584,85;800;Recursos vinculados ao RPPS - Fundo em Capitalização (Plano Previdenciário);1111;Benefícios previdenciários - Poder Executivo – Fundo em Capitalização (Plano Previdenciário)
Lucena;301107;Instituto de Previdência Municipal de Lucena;022025;2025;72155111;Contribuição Patronal - Servidor Civil Ativo - Parcelamentos - Principal;Lançamento de Receita;57.740,41;800;Recursos vinculados ao RPPS - Fundo em Capitalização (Plano Previdenciário);1111;Benefícios previdenciários - Poder Executivo – Fundo em Capitalização (Plano Previdenciário)
Lucena;301107;Instituto de Previdência Municipal de Lucena;012025;2025;72155111;Contribuição Patronal - Servidor Civil Ativo - Parcelamentos - Principal;Lançamento de Receita;55.478,54;800;Recursos vinculados ao RPPS - Fundo em Capitalização (Plano Previdenciário);1111;Benefícios previdenciários - Poder Executivo – Fundo em Capitalização (Plano Previdenciário)
Lucena;301107;Instituto de Previdência Municipal de Lucena;122025;2025;72150211;Contribuição Patronal - Servidor Civil Ativo - Principal;Lançamento de Receita;964.088,98;800;Recursos vinculados ao RPPS - Fundo em Capitalização (Plano Previdenciário);1111;Benefícios previdenciários - Poder Executivo – Fundo em Capitalização (Plano Previdenciário)
Lucena;301107;Instituto de Previdência Municipal de Lucena;112025;2025;72150211;Contribuição Patronal - Servidor Civil Ativo - Principal;Lançamento de Receita;562.371,06;800;Recursos vinculados ao RPPS - Fundo em Capitalização (Plano Previdenciário);1111;Benefícios previdenciários - Poder Executivo – Fundo em Capitalização (Plano Previdenciário)
Lucena;301107;Instituto de Previdência Municipal de Lucena;102025;2025;72150211;Contribuição Patronal - Servidor Civil Ativo - Principal;Lançamento de Receita;407.038,17;800;Recursos vinculados ao RPPS - Fundo em Capitalização (Plano Previdenciário);1111;Benefícios previdenciários - Poder Executivo – Fundo em Capitalização (Plano Previdenciário)
Lucena;301107;Instituto de Previdência Municipal de Lucena;092025;2025;72150211;Contribuição Patronal - Servidor Civil Ativo - Principal;Lançamento de Receita;360.654,48;800;Recursos vinculados ao RPPS - Fundo em Capitalização (Plano Previdenciário);1111;Benefícios previdenciários - Poder Executivo – Fundo em Capitalização (Plano Previdenciário)
Lucena;301107;Instituto de Previdência Municipal de Lucena;082025;2025;72150211;Contribuição Patronal - Servidor Civil Ativo - Principal;Lançamento de Receita;428.864,59;800;Recursos vinculados ao RPPS - Fundo em Capitalização (Plano Previdenciário);1111;Benefícios previdenciários - Poder Executivo – Fundo em Capitalização (Plano Previdenciário)
Lucena;301107;Instituto de Previdência Municipal de Lucena;072025;2025;72150211;Contribuição Patronal - Servidor Civil Ativo - Principal;Lançamento de Receita;423.986,78;800;Recursos vinculados ao RPPS - Fundo em Capitalização (Plano Previdenciário);1111;Benefícios previdenciários - Poder Executivo – Fundo em Capitalização (Plano Previdenciário)
Lucena;301107;Instituto de Previdência Municipal de Lucena;062025;2025;72150211;Contribuição Patronal - Servidor Civil Ativo - Principal;Lançamento de Receita;385.421,27;800;Recursos vinculados ao RPPS - Fundo em Capitalização (Plano Previdenciário);1111;Benefícios previdenciários - Poder Executivo – Fundo em Capitalização (Plano Previdenciário)
Lucena;301107;Instituto de Previdência Municipal de Lucena;052025;2025;72150211;Contribuição Patronal - Servidor Civil Ativo - Principal;Lançamento de Receita;374.949,18;800;Recursos vinculados ao RPPS - Fundo em Capitalização (Plano Previdenciário);1111;Benefícios previdenciários - Poder Executivo – Fundo em Capitalização (Plano Previdenciário)
Lucena;301107;Instituto de Previdência Municipal de Lucena;042025;2025;72150211;Contribuição Patronal - Servidor Civil Ativo - Principal;Lançamento de Receita;378.377,58;800;Recursos vinculados ao RPPS - Fundo em Capitalização (Plano Previdenciário);1111;Benefícios previdenciários - Poder Executivo – Fundo em Capitalização (Plano Previdenciário)
Lucena;301107;Instituto de Previdência Municipal de Lucena;032025;2025;72150211;Contribuição Patronal - Servidor Civil Ativo - Principal;Lançamento de Receita;375.923,42;800;Recursos vinculados ao RPPS - Fundo em Capitalização (Plano Previdenciário);1111;Benefícios previdenciários - Poder Executivo – Fundo em Capitalização (Plano Previdenciário)
Lucena;301107;Instituto de Previdência Municipal de Lucena;022025;2025;72150211;Contribuição Patronal - Servidor Civil Ativo - Principal;Lançamento de Receita;344.254,71;800;Recursos vinculados ao RPPS - Fundo em Capitalização (Plano Previdenciário);1111;Benefícios previdenciários - Poder Executivo – Fundo em Capitalização (Plano Previdenciário)
Lucena;301107;Instituto de Previdência Municipal de Lucena;012025;2025;72150211;Contribuição Patronal - Servidor Civil Ativo - Principal;Lançamento de Receita;106.847,2;800;Recursos vinculados ao RPPS - Fundo em Capitalização (Plano Previdenciário);1111;Benefícios previdenciários - Poder Executivo – Fundo em Capitalização (Plano Previdenciário)
Lucena;301107;Instituto de Previdência Municipal de Lucena;102025;2025;19990301;Compensações Financeiras entre os Regimes de Previdência - Principal;Lançamento de Receita;392,43;800;Recursos vinculados ao RPPS - Fundo em Capitalização (Plano Previdenciário);1111;Benefícios previdenciários - Poder Executivo – Fundo em Capitalização (Plano Previdenciário)
Lucena;301107;Instituto de Previdência Municipal de Lucena;092025;2025;19990301;Compensações Financeiras entre os Regimes de Previdência - Principal;Lançamento de Receita;392,43;800;Recursos vinculados ao RPPS - Fundo em Capitalização (Plano Previdenciário);1111;Benefícios previdenciários - Poder Executivo – Fundo em Capitalização (Plano Previdenciário)
Lucena;301107;Instituto de Previdência Municipal de Lucena;082025;2025;19990301;Compensações Financeiras entre os Regimes de Previdência - Principal;Lançamento de Receita;392,43;800;Recursos vinculados ao RPPS - Fundo em Capitalização (Plano Previdenciário);1111;Benefícios previdenciários - Poder Executivo – Fundo em Capitalização (Plano Previdenciário)
Lucena;301107;Instituto de Previdência Municipal de Lucena;072025;2025;19990301;Compensações Financeiras entre os Regimes de Previdência - Principal;Lançamento de Receita;784,86;800;Recursos vinculados ao RPPS - Fundo em Capitalização (Plano Previdenciário);1111;Benefícios previdenciários - Poder Executivo – Fundo em Capitalização (Plano Previdenciário)
Lucena;301107;Instituto de Previdência Municipal de Lucena;052025;2025;19990301;Compensações Financeiras entre os Regimes de Previdência - Principal;Lançamento de Receita;392,43;800;Recursos vinculados ao RPPS - Fundo em Capitalização (Plano Previdenciário);1111;Benefícios previdenciários - Poder Executivo – Fundo em Capitalização (Plano Previdenciário)
Lucena;301107;Instituto de Previdência Municipal de Lucena;042025;2025;19990301;Compensações Financeiras entre os Regimes de Previdência - Principal;Lançamento de Receita;392,43;800;Recursos vinculados ao RPPS - Fundo em Capitalização (Plano Previdenciário);1111;Benefícios previdenciários - Poder Executivo – Fundo em Capitalização (Plano Previdenciário)
Lucena;301107;Instituto de Previdência Municipal de Lucena;032025;2025;19990301;Compensações Financeiras entre os Regimes de Previdência - Principal;Lançamento de Receita;392,43;800;Recursos vinculados ao RPPS - Fundo em Capitalização (Plano Previdenciário);1111;Benefícios previdenciários - Poder Executivo – Fundo em Capitalização (Plano Previdenciário)
Lucena;301107;Instituto de Previdência Municipal de Lucena;022025;2025;19990301;Compensações Financeiras entre os Regimes de Previdência - Principal;Lançamento de Receita;19.870,07;800;Recursos vinculados ao RPPS - Fundo em Capitalização (Plano Previdenciário);1111;Benefícios previdenciários - Poder Executivo – Fundo em Capitalização (Plano Previdenciário)
Lucena;301107;Instituto de Previdência Municipal de Lucena;102025;2025;19220301;Restituição de Benefícios Previdenciários - Principal;Lançamento de Receita;65.118,99;800;Recursos vinculados ao RPPS - Fundo em Capitalização (Plano Previdenciário);1111;Benefícios previdenciários - Poder Executivo – Fundo em Capitalização (Plano Previdenciário)
Lucena;301107;Instituto de Previdência Municipal de Lucena;092025;2025;19220301;Restituição de Benefícios Previdenciários - Principal;Lançamento de Receita;23.941,88;800;Recursos vinculados ao RPPS - Fundo em Capitalização (Plano Previdenciário);1111;Benefícios previdenciários - Poder Executivo – Fundo em Capitalização (Plano Previdenciário)
Lucena;301107;Instituto de Previdência Municipal de Lucena;072025;2025;19220301;Restituição de Benefícios Previdenciários - Principal;Lançamento de Receita;2.803,36;800;Recursos vinculados ao RPPS - Fundo em Capitalização (Plano Previdenciário);1111;Benefícios previdenciários - Poder Executivo – Fundo em Capitalização (Plano Previdenciário)
Lucena;301107;Instituto de Previdência Municipal de Lucena;052025;2025;19220301;Restituição de Benefícios Previdenciários - Principal;Lançamento de Receita;275,76;800;Recursos vinculados ao RPPS - Fundo em Capitalização (Plano Previdenciário);1111;Benefícios previdenciários - Poder Executivo – Fundo em Capitalização (Plano Previdenciário)
Lucena;301107;Instituto de Previdência Municipal de Lucena;042025;2025;19220301;Restituição de Benefícios Previdenciários - Principal;Lançamento de Receita;-352,76;800;Recursos vinculados ao RPPS - Fundo em Capitalização (Plano Previdenciário);1111;Benefícios previdenciários - Poder Executivo – Fundo em Capitalização (Plano Previdenciário)
Lucena;301107;Instituto de Previdência Municipal de Lucena;032025;2025;19220301;Restituição de Benefícios Previdenciários - Principal;Lançamento de Receita;6.908,98;800;Recursos vinculados ao RPPS - Fundo em Capitalização (Plano Previdenciário);1111;Benefícios previdenciários - Poder Executivo – Fundo em Capitalização (Plano Previdenciário)
Lucena;301107;Instituto de Previdência Municipal de Lucena;022025;2025;19220301;Restituição de Benefícios Previdenciários - Principal;Lançamento de Receita;352,76;800;Recursos vinculados ao RPPS - Fundo em Capitalização (Plano Previdenciário);1111;Benefícios previdenciários - Poder Executivo – Fundo em Capitalização (Plano Previdenciário)
Lucena;301107;Instituto de Previdência Municipal de Lucena;122025;2025;13210401;Remuneração dos Recursos do Regime Próprio de Previdência Social - RPPS - Principal;Lançamento de Receita;13.303,45;800;Recursos vinculados ao RPPS - Fundo em Capitalização (Plano Previdenciário);1111;Benefícios previdenciários - Poder Executivo – Fundo em Capitalização (Plano Previdenciário)
Lucena;301107;Instituto de Previdência Municipal de Lucena;112025;2025;13210401;Remuneração dos Recursos do Regime Próprio de Previdência Social - RPPS - Principal;Lançamento de Receita;10.284,13;800;Recursos vinculados ao RPPS - Fundo em Capitalização (Plano Previdenciário);1111;Benefícios previdenciários - Poder Executivo – Fundo em Capitalização (Plano Previdenciário)
Lucena;301107;Instituto de Previdência Municipal de Lucena;102025;2025;13210401;Remuneração dos Recursos do Regime Próprio de Previdência Social - RPPS - Principal;Lançamento de Receita;9.918,88;800;Recursos vinculados ao RPPS - Fundo em Capitalização (Plano Previdenciário);1111;Benefícios previdenciários - Poder Executivo – Fundo em Capitalização (Plano Previdenciário)
Lucena;301107;Instituto de Previdência Municipal de Lucena;092025;2025;13210401;Remuneração dos Recursos do Regime Próprio de Previdência Social - RPPS - Principal;Lançamento de Receita;8.220,01;800;Recursos vinculados ao RPPS - Fundo em Capitalização (Plano Previdenciário);1111;Benefícios previdenciários - Poder Executivo – Fundo em Capitalização (Plano Previdenciário)
Lucena;301107;Instituto de Previdência Municipal de Lucena;082025;2025;13210401;Remuneração dos Recursos do Regime Próprio de Previdência Social - RPPS - Principal;Lançamento de Receita;6.894,88;800;Recursos vinculados ao RPPS - Fundo em Capitalização (Plano Previdenciário);1111;Benefícios previdenciários - Poder Executivo – Fundo em Capitalização (Plano Previdenciário)
Lucena;301107;Instituto de Previdência Municipal de Lucena;072025;2025;13210401;Remuneração dos Recursos do Regime Próprio de Previdência Social - RPPS - Principal;Lançamento de Receita;6.379,52;800;Recursos vinculados ao RPPS - Fundo em Capitalização (Plano Previdenciário);1111;Benefícios previdenciários - Poder Executivo – Fundo em Capitalização (Plano Previdenciário)
Lucena;301107;Instituto de Previdência Municipal de Lucena;062025;2025;13210401;Remuneração dos Recursos do Regime Próprio de Previdência Social - RPPS - Principal;Lançamento de Receita;4.308,45;800;Recursos vinculados ao RPPS - Fundo em Capitalização (Plano Previdenciário);1111;Benefícios previdenciários - Poder Executivo – Fundo em Capitalização (Plano Previdenciário)
Lucena;301107;Instituto de Previdência Municipal de Lucena;052025;2025;13210401;Remuneração dos Recursos do Regime Próprio de Previdência Social - RPPS - Principal;Lançamento de Receita;4.443,08;800;Recursos vinculados ao RPPS - Fundo em Capitalização (Plano Previdenciário);1111;Benefícios previdenciários - Poder Executivo – Fundo em Capitalização (Plano Previdenciário)
Lucena;301107;Instituto de Previdência Municipal de Lucena;042025;2025;13210401;Remuneração dos Recursos do Regime Próprio de Previdência Social - RPPS - Principal;Lançamento de Receita;4.493,8;800;Recursos vinculados ao RPPS - Fundo em Capitalização (Plano Previdenciário);1111;Benefícios previdenciários - Poder Executivo – Fundo em Capitalização (Plano Previdenciário)
Lucena;301107;Instituto de Previdência Municipal de Lucena;032025;2025;13210401;Remuneração dos Recursos do Regime Próprio de Previdência Social - RPPS - Principal;Lançamento de Receita;1.844,61;800;Recursos vinculados ao RPPS - Fundo em Capitalização (Plano Previdenciário);1111;Benefícios previdenciários - Poder Executivo – Fundo em Capitalização (Plano Previdenciário)
Lucena;301107;Instituto de Previdência Municipal de Lucena;022025;2025;13210401;Remuneração dos Recursos do Regime Próprio de Previdência Social - RPPS - Principal;Lançamento de Receita;1.813,98;800;Recursos vinculados ao RPPS - Fundo em Capitalização (Plano Previdenciário);1111;Benefícios previdenciários - Poder Executivo – Fundo em Capitalização (Plano Previdenciário)
Lucena;301107;Instituto de Previdência Municipal de Lucena;012025;2025;13210401;Remuneração dos Recursos do Regime Próprio de Previdência Social - RPPS - Principal;Lançamento de Receita;2.523,99;800;Recursos vinculados ao RPPS - Fundo em Capitalização (Plano Previdenciário);1111;Benefícios previdenciários - Poder Executivo – Fundo em Capitalização (Plano Previdenciário)
Lucena;301107;Instituto de Previdência Municipal de Lucena;122025;2025;12150111;Contribuição do Servidor Civil Ativo - Principal;Lançamento de Receita;257.725,46;800;Recursos vinculados ao RPPS - Fundo em Capitalização (Plano Previdenciário);1111;Benefícios previdenciários - Poder Executivo – Fundo em Capitalização (Plano Previdenciário)
Lucena;301107;Instituto de Previdência Municipal de Lucena;112025;2025;12150111;Contribuição do Servidor Civil Ativo - Principal;Lançamento de Receita;147.720,07;800;Recursos vinculados ao RPPS - Fundo em Capitalização (Plano Previdenciário);1111;Benefícios previdenciários - Poder Executivo – Fundo em Capitalização (Plano Previdenciário)
Lucena;301107;Instituto de Previdência Municipal de Lucena;102025;2025;12150111;Contribuição do Servidor Civil Ativo - Principal;Lançamento de Receita;260.658,73;800;Recursos vinculados ao RPPS - Fundo em Capitalização (Plano Previdenciário);1111;Benefícios previdenciários - Poder Executivo – Fundo em Capitalização (Plano Previdenciário)
Lucena;301107;Instituto de Previdência Municipal de Lucena;092025;2025;12150111;Contribuição do Servidor Civil Ativo - Principal;Lançamento de Receita;90.453,24;800;Recursos vinculados ao RPPS - Fundo em Capitalização (Plano Previdenciário);1111;Benefícios previdenciários - Poder Executivo – Fundo em Capitalização (Plano Previdenciário)
Lucena;301107;Instituto de Previdência Municipal de Lucena;082025;2025;12150111;Contribuição do Servidor Civil Ativo - Principal;Lançamento de Receita;151.408,83;800;Recursos vinculados ao RPPS - Fundo em Capitalização (Plano Previdenciário);1111;Benefícios previdenciários - Poder Executivo – Fundo em Capitalização (Plano Previdenciário)
Lucena;301107;Instituto de Previdência Municipal de Lucena;072025;2025;12150111;Contribuição do Servidor Civil Ativo - Principal;Lançamento de Receita;119.620,58;800;Recursos vinculados ao RPPS - Fundo em Capitalização (Plano Previdenciário);1111;Benefícios previdenciários - Poder Executivo – Fundo em Capitalização (Plano Previdenciário)
Lucena;301107;Instituto de Previdência Municipal de Lucena;062025;2025;12150111;Contribuição do Servidor Civil Ativo - Principal;Lançamento de Receita;180.522,8;800;Recursos vinculados ao RPPS - Fundo em Capitalização (Plano Previdenciário);1111;Benefícios previdenciários - Poder Executivo – Fundo em Capitalização (Plano Previdenciário)
Lucena;301107;Instituto de Previdência Municipal de Lucena;052025;2025;12150111;Contribuição do Servidor Civil Ativo - Principal;Lançamento de Receita;178.384,54;800;Recursos vinculados ao RPPS - Fundo em Capitalização (Plano Previdenciário);1111;Benefícios previdenciários - Poder Executivo – Fundo em Capitalização (Plano Previdenciário)
Lucena;301107;Instituto de Previdência Municipal de Lucena;042025;2025;12150111;Contribuição do Servidor Civil Ativo - Principal;Lançamento de Receita;193.612,7;800;Recursos vinculados ao RPPS - Fundo em Capitalização (Plano Previdenciário);1111;Benefícios previdenciários - Poder Executivo – Fundo em Capitalização (Plano Previdenciário)
Lucena;301107;Instituto de Previdência Municipal de Lucena;032025;2025;12150111;Contribuição do Servidor Civil Ativo - Principal;Lançamento de Receita;179.116,72;800;Recursos vinculados ao RPPS - Fundo em Capitalização (Plano Previdenciário);1111;Benefícios previdenciários - Poder Executivo – Fundo em Capitalização (Plano Previdenciário)
Lucena;301107;Instituto de Previdência Municipal de Lucena;022025;2025;12150111;Contribuição do Servidor Civil Ativo - Principal;Lançamento de Receita;183.609,21;800;Recursos vinculados ao RPPS - Fundo em Capitalização (Plano Previdenciário);1111;Benefícios previdenciários - Poder Executivo – Fundo em Capitalização (Plano Previdenciário)
Lucena;301107;Instituto de Previdência Municipal de Lucena;012025;2025;12150111;Contribuição do Servidor Civil Ativo - Principal;Lançamento de Receita;412.162,79;800;Recursos vinculados ao RPPS - Fundo em Capitalização (Plano Previdenciário);1111;Benefícios previdenciários - Poder Executivo – Fundo em Capitalização (Plano Previdenciário)
Lucena;601107;Fundo Municipal de Saúde de Lucena;122025;2025;24115011;Transferências de Recursos do Bloco de Manutenção das Ações e Serviços Públicos de Saúde – Atenção Primária - Principal;Lançamento de Receita;9.000;600;Transferências Fundo a Fundo de Recursos do SUS provenientes do Governo Federal - Bloco de Manutenção das Ações e Serviços Públicos de Saúde;"Não ";Não Aplicável
Lucena;601107;Fundo Municipal de Saúde de Lucena;102025;2025;24115011;Transferências de Recursos do Bloco de Manutenção das Ações e Serviços Públicos de Saúde – Atenção Primária - Principal;Lançamento de Receita;3.000;600;Transferências Fundo a Fundo de Recursos do SUS provenientes do Governo Federal - Bloco de Manutenção das Ações e Serviços Públicos de Saúde;"Não ";Não Aplicável
Lucena;601107;Fundo Municipal de Saúde de Lucena;082025;2025;24115011;Transferências de Recursos do Bloco de Manutenção das Ações e Serviços Públicos de Saúde – Atenção Primária - Principal;Lançamento de Receita;6.000;600;Transferências Fundo a Fundo de Recursos do SUS provenientes do Governo Federal - Bloco de Manutenção das Ações e Serviços Públicos de Saúde;"Não ";Não Aplicável
Lucena;601107;Fundo Municipal de Saúde de Lucena;032025;2025;24115011;Transferências de Recursos do Bloco de Manutenção das Ações e Serviços Públicos de Saúde – Atenção Primária - Principal;Lançamento de Receita;3.000;600;Transferências Fundo a Fundo de Recursos do SUS provenientes do Governo Federal - Bloco de Manutenção das Ações e Serviços Públicos de Saúde;"Não ";Não Aplicável
Lucena;601107;Fundo Municipal de Saúde de Lucena;012025;2025;24115011;Transferências de Recursos do Bloco de Manutenção das Ações e Serviços Públicos de Saúde – Atenção Primária - Principal;Lançamento de Receita;14.461,86;600;Transferências Fundo a Fundo de Recursos do SUS provenientes do Governo Federal - Bloco de Manutenção das Ações e Serviços Públicos de Saúde;"Não ";Não Aplicável
Lucena;601107;Fundo Municipal de Saúde de Lucena;122025;2025;17235001;Transferências de Recursos do Sistema Único de Saúde – SUS - Principal;Lançamento de Receita;30.300,3;621;"Transferências Fundo a Fundo de Recursos do SUS provenientes do Governo Estadual ";"Não ";Não Aplicável
Lucena;601107;Fundo Municipal de Saúde de Lucena;092025;2025;17235001;Transferências de Recursos do Sistema Único de Saúde – SUS - Principal;Lançamento de Receita;18.800,94;621;"Transferências Fundo a Fundo de Recursos do SUS provenientes do Governo Estadual ";"Não ";Não Aplicável
Lucena;601107;Fundo Municipal de Saúde de Lucena;082025;2025;17235001;Transferências de Recursos do Sistema Único de Saúde – SUS - Principal;Lançamento de Receita;9.400,47;621;"Transferências Fundo a Fundo de Recursos do SUS provenientes do Governo Estadual ";"Não ";Não Aplicável
Lucena;601107;Fundo Municipal de Saúde de Lucena;072025;2025;17235001;Transferências de Recursos do Sistema Único de Saúde – SUS - Principal;Lançamento de Receita;9.638,91;621;"Transferências Fundo a Fundo de Recursos do SUS provenientes do Governo Estadual ";"Não ";Não Aplicável
Lucena;601107;Fundo Municipal de Saúde de Lucena;062025;2025;17235001;Transferências de Recursos do Sistema Único de Saúde – SUS - Principal;Lançamento de Receita;9.400,47;621;"Transferências Fundo a Fundo de Recursos do SUS provenientes do Governo Estadual ";"Não ";Não Aplicável
Lucena;601107;Fundo Municipal de Saúde de Lucena;042025;2025;17235001;Transferências de Recursos do Sistema Único de Saúde – SUS - Principal;Lançamento de Receita;9.483,87;621;"Transferências Fundo a Fundo de Recursos do SUS provenientes do Governo Estadual ";"Não ";Não Aplicável
Lucena;601107;Fundo Municipal de Saúde de Lucena;032025;2025;17235001;Transferências de Recursos do Sistema Único de Saúde – SUS - Principal;Lançamento de Receita;9.469,34;621;"Transferências Fundo a Fundo de Recursos do SUS provenientes do Governo Estadual ";"Não ";Não Aplicável
Lucena;601107;Fundo Municipal de Saúde de Lucena;022025;2025;17235001;Transferências de Recursos do Sistema Único de Saúde – SUS - Principal;Lançamento de Receita;9.494,39;621;"Transferências Fundo a Fundo de Recursos do SUS provenientes do Governo Estadual ";"Não ";Não Aplicável
Lucena;601107;Fundo Municipal de Saúde de Lucena;012025;2025;17235001;Transferências de Recursos do Sistema Único de Saúde – SUS - Principal;Lançamento de Receita;9.511,72;621;"Transferências Fundo a Fundo de Recursos do SUS provenientes do Governo Estadual ";"Não ";Não Aplicável
Lucena;601107;Fundo Municipal de Saúde de Lucena;072025;2025;17175001;Transferências de Convênios da União para o Sistema Único de Saúde – SUS - Principal;Lançamento de Receita;800.000;631;"Transferências do Governo Federal referentes a Convênios e outros Repasses vinculados à Saúde ";3110;Identificação das Transferências da União decorrentes de emendas parlamentares individuais
Lucena;601107;Fundo Municipal de Saúde de Lucena;122025;2025;17135051;Transferências de Recursos do Bloco de Manutenção das Ações e Serviços Públicos de Saúde – Gestão do SUS - Principal;Lançamento de Receita;374.881,43;605;Assistência financeira da União destinada à complementação ao pagamento dos pisos salariais para profissionais da enfermagem;"Não ";Não Aplicável
Lucena;601107;Fundo Municipal de Saúde de Lucena;102025;2025;17135051;Transferências de Recursos do Bloco de Manutenção das Ações e Serviços Públicos de Saúde – Gestão do SUS - Principal;Lançamento de Receita;98.594,14;605;Assistência financeira da União destinada à complementação ao pagamento dos pisos salariais para profissionais da enfermagem;"Não ";Não Aplicável
Lucena;601107;Fundo Municipal de Saúde de Lucena;092025;2025;17135051;Transferências de Recursos do Bloco de Manutenção das Ações e Serviços Públicos de Saúde – Gestão do SUS - Principal;Lançamento de Receita;182.438,11;605;Assistência financeira da União destinada à complementação ao pagamento dos pisos salariais para profissionais da enfermagem;"Não ";Não Aplicável
Lucena;601107;Fundo Municipal de Saúde de Lucena;072025;2025;17135051;Transferências de Recursos do Bloco de Manutenção das Ações e Serviços Públicos de Saúde – Gestão do SUS - Principal;Lançamento de Receita;79.798,83;605;Assistência financeira da União destinada à complementação ao pagamento dos pisos salariais para profissionais da enfermagem;"Não ";Não Aplicável
Lucena;601107;Fundo Municipal de Saúde de Lucena;062025;2025;17135051;Transferências de Recursos do Bloco de Manutenção das Ações e Serviços Públicos de Saúde – Gestão do SUS - Principal;Lançamento de Receita;84.293,22;605;Assistência financeira da União destinada à complementação ao pagamento dos pisos salariais para profissionais da enfermagem;"Não ";Não Aplicável
Lucena;601107;Fundo Municipal de Saúde de Lucena;052025;2025;17135051;Transferências de Recursos do Bloco de Manutenção das Ações e Serviços Públicos de Saúde – Gestão do SUS - Principal;Lançamento de Receita;89.729,54;605;Assistência financeira da União destinada à complementação ao pagamento dos pisos salariais para profissionais da enfermagem;"Não ";Não Aplicável
Lucena;601107;Fundo Municipal de Saúde de Lucena;042025;2025;17135051;Transferências de Recursos do Bloco de Manutenção das Ações e Serviços Públicos de Saúde – Gestão do SUS - Principal;Lançamento de Receita;86.559,74;605;Assistência financeira da União destinada à complementação ao pagamento dos pisos salariais para profissionais da enfermagem;"Não ";Não Aplicável
Lucena;601107;Fundo Municipal de Saúde de Lucena;032025;2025;17135051;Transferências de Recursos do Bloco de Manutenção das Ações e Serviços Públicos de Saúde – Gestão do SUS - Principal;Lançamento de Receita;81.249,98;605;Assistência financeira da União destinada à complementação ao pagamento dos pisos salariais para profissionais da enfermagem;"Não ";Não Aplicável
Lucena;601107;Fundo Municipal de Saúde de Lucena;022025;2025;17135051;Transferências de Recursos do Bloco de Manutenção das Ações e Serviços Públicos de Saúde – Gestão do SUS - Principal;Lançamento de Receita;78.110,24;605;Assistência financeira da União destinada à complementação ao pagamento dos pisos salariais para profissionais da enfermagem;"Não ";Não Aplicável
Lucena;601107;Fundo Municipal de Saúde de Lucena;012025;2025;17135051;Transferências de Recursos do Bloco de Manutenção das Ações e Serviços Públicos de Saúde – Gestão do SUS - Principal;Lançamento de Receita;74.218,82;605;Assistência financeira da União destinada à complementação ao pagamento dos pisos salariais para profissionais da enfermagem;"Não ";Não Aplicável
Lucena;601107;Fundo Municipal de Saúde de Lucena;122025;2025;17135041;Transferências de Recursos do Bloco de Manutenção das Ações e Serviços Públicos de Saúde – Assistência Farmacêutica - Principal;Lançamento de Receita;18.421,4;600;Transferências Fundo a Fundo de Recursos do SUS provenientes do Governo Federal - Bloco de Manutenção das Ações e Serviços Públicos de Saúde;"Não ";Não Aplicável
Lucena;601107;Fundo Municipal de Saúde de Lucena;102025;2025;17135041;Transferências de Recursos do Bloco de Manutenção das Ações e Serviços Públicos de Saúde – Assistência Farmacêutica - Principal;Lançamento de Receita;9.210,7;600;Transferências Fundo a Fundo de Recursos do SUS provenientes do Governo Federal - Bloco de Manutenção das Ações e Serviços Públicos de Saúde;"Não ";Não Aplicável
Lucena;601107;Fundo Municipal de Saúde de Lucena;092025;2025;17135041;Transferências de Recursos do Bloco de Manutenção das Ações e Serviços Públicos de Saúde – Assistência Farmacêutica - Principal;Lançamento de Receita;9.210,7;600;Transferências Fundo a Fundo de Recursos do SUS provenientes do Governo Federal - Bloco de Manutenção das Ações e Serviços Públicos de Saúde;"Não ";Não Aplicável
Lucena;601107;Fundo Municipal de Saúde de Lucena;082025;2025;17135041;Transferências de Recursos do Bloco de Manutenção das Ações e Serviços Públicos de Saúde – Assistência Farmacêutica - Principal;Lançamento de Receita;24.701,6;600;Transferências Fundo a Fundo de Recursos do SUS provenientes do Governo Federal - Bloco de Manutenção das Ações e Serviços Públicos de Saúde;"Não ";Não Aplicável
Lucena;601107;Fundo Municipal de Saúde de Lucena;062025;2025;17135041;Transferências de Recursos do Bloco de Manutenção das Ações e Serviços Públicos de Saúde – Assistência Farmacêutica - Principal;Lançamento de Receita;8.164;600;Transferências Fundo a Fundo de Recursos do SUS provenientes do Governo Federal - Bloco de Manutenção das Ações e Serviços Públicos de Saúde;"Não ";Não Aplicável
Lucena;601107;Fundo Municipal de Saúde de Lucena;052025;2025;17135041;Transferências de Recursos do Bloco de Manutenção das Ações e Serviços Públicos de Saúde – Assistência Farmacêutica - Principal;Lançamento de Receita;8.164;600;Transferências Fundo a Fundo de Recursos do SUS provenientes do Governo Federal - Bloco de Manutenção das Ações e Serviços Públicos de Saúde;"Não ";Não Aplicável
Lucena;601107;Fundo Municipal de Saúde de Lucena;042025;2025;17135041;Transferências de Recursos do Bloco de Manutenção das Ações e Serviços Públicos de Saúde – Assistência Farmacêutica - Principal;Lançamento de Receita;8.164;600;Transferências Fundo a Fundo de Recursos do SUS provenientes do Governo Federal - Bloco de Manutenção das Ações e Serviços Públicos de Saúde;"Não ";Não Aplicável
Lucena;601107;Fundo Municipal de Saúde de Lucena;032025;2025;17135041;Transferências de Recursos do Bloco de Manutenção das Ações e Serviços Públicos de Saúde – Assistência Farmacêutica - Principal;Lançamento de Receita;8.164;600;Transferências Fundo a Fundo de Recursos do SUS provenientes do Governo Federal - Bloco de Manutenção das Ações e Serviços Públicos de Saúde;"Não ";Não Aplicável
Lucena;601107;Fundo Municipal de Saúde de Lucena;022025;2025;17135041;Transferências de Recursos do Bloco de Manutenção das Ações e Serviços Públicos de Saúde – Assistência Farmacêutica - Principal;Lançamento de Receita;8.164;600;Transferências Fundo a Fundo de Recursos do SUS provenientes do Governo Federal - Bloco de Manutenção das Ações e Serviços Públicos de Saúde;"Não ";Não Aplicável
Lucena;601107;Fundo Municipal de Saúde de Lucena;012025;2025;17135041;Transferências de Recursos do Bloco de Manutenção das Ações e Serviços Públicos de Saúde – Assistência Farmacêutica - Principal;Lançamento de Receita;8.164;600;Transferências Fundo a Fundo de Recursos do SUS provenientes do Governo Federal - Bloco de Manutenção das Ações e Serviços Públicos de Saúde;"Não ";Não Aplicável
Lucena;601107;Fundo Municipal de Saúde de Lucena;122025;2025;17135031;Transferências de Recursos do Bloco de Manutenção das Ações e Serviços Públicos de Saúde – Vigilância em Saúde - Principal;Lançamento de Receita;68.432,32;600;Transferências Fundo a Fundo de Recursos do SUS provenientes do Governo Federal - Bloco de Manutenção das Ações e Serviços Públicos de Saúde;"Não ";Não Aplicável
Lucena;601107;Fundo Municipal de Saúde de Lucena;102025;2025;17135031;Transferências de Recursos do Bloco de Manutenção das Ações e Serviços Públicos de Saúde – Vigilância em Saúde - Principal;Lançamento de Receita;19.928,25;600;Transferências Fundo a Fundo de Recursos do SUS provenientes do Governo Federal - Bloco de Manutenção das Ações e Serviços Públicos de Saúde;"Não ";Não Aplicável
Lucena;601107;Fundo Municipal de Saúde de Lucena;092025;2025;17135031;Transferências de Recursos do Bloco de Manutenção das Ações e Serviços Públicos de Saúde – Vigilância em Saúde - Principal;Lançamento de Receita;20.928,25;600;Transferências Fundo a Fundo de Recursos do SUS provenientes do Governo Federal - Bloco de Manutenção das Ações e Serviços Públicos de Saúde;"Não ";Não Aplicável
Lucena;601107;Fundo Municipal de Saúde de Lucena;082025;2025;17135031;Transferências de Recursos do Bloco de Manutenção das Ações e Serviços Públicos de Saúde – Vigilância em Saúde - Principal;Lançamento de Receita;21.928,25;600;Transferências Fundo a Fundo de Recursos do SUS provenientes do Governo Federal - Bloco de Manutenção das Ações e Serviços Públicos de Saúde;"Não ";Não Aplicável
Lucena;601107;Fundo Municipal de Saúde de Lucena;072025;2025;17135031;Transferências de Recursos do Bloco de Manutenção das Ações e Serviços Públicos de Saúde – Vigilância em Saúde - Principal;Lançamento de Receita;24.928,25;600;Transferências Fundo a Fundo de Recursos do SUS provenientes do Governo Federal - Bloco de Manutenção das Ações e Serviços Públicos de Saúde;"Não ";Não Aplicável
Lucena;601107;Fundo Municipal de Saúde de Lucena;062025;2025;17135031;Transferências de Recursos do Bloco de Manutenção das Ações e Serviços Públicos de Saúde – Vigilância em Saúde - Principal;Lançamento de Receita;20.928,25;600;Transferências Fundo a Fundo de Recursos do SUS provenientes do Governo Federal - Bloco de Manutenção das Ações e Serviços Públicos de Saúde;"Não ";Não Aplicável
Lucena;601107;Fundo Municipal de Saúde de Lucena;052025;2025;17135031;Transferências de Recursos do Bloco de Manutenção das Ações e Serviços Públicos de Saúde – Vigilância em Saúde - Principal;Lançamento de Receita;19.928,25;600;Transferências Fundo a Fundo de Recursos do SUS provenientes do Governo Federal - Bloco de Manutenção das Ações e Serviços Públicos de Saúde;"Não ";Não Aplicável
Lucena;601107;Fundo Municipal de Saúde de Lucena;042025;2025;17135031;Transferências de Recursos do Bloco de Manutenção das Ações e Serviços Públicos de Saúde – Vigilância em Saúde - Principal;Lançamento de Receita;32.127,44;600;Transferências Fundo a Fundo de Recursos do SUS provenientes do Governo Federal - Bloco de Manutenção das Ações e Serviços Públicos de Saúde;"Não ";Não Aplicável
Lucena;601107;Fundo Municipal de Saúde de Lucena;032025;2025;17135031;Transferências de Recursos do Bloco de Manutenção das Ações e Serviços Públicos de Saúde – Vigilância em Saúde - Principal;Lançamento de Receita;19.928,25;600;Transferências Fundo a Fundo de Recursos do SUS provenientes do Governo Federal - Bloco de Manutenção das Ações e Serviços Públicos de Saúde;"Não ";Não Aplicável
Lucena;601107;Fundo Municipal de Saúde de Lucena;022025;2025;17135031;Transferências de Recursos do Bloco de Manutenção das Ações e Serviços Públicos de Saúde – Vigilância em Saúde - Principal;Lançamento de Receita;19.928,25;600;Transferências Fundo a Fundo de Recursos do SUS provenientes do Governo Federal - Bloco de Manutenção das Ações e Serviços Públicos de Saúde;"Não ";Não Aplicável
Lucena;601107;Fundo Municipal de Saúde de Lucena;012025;2025;17135031;Transferências de Recursos do Bloco de Manutenção das Ações e Serviços Públicos de Saúde – Vigilância em Saúde - Principal;Lançamento de Receita;20.095,65;600;Transferências Fundo a Fundo de Recursos do SUS provenientes do Governo Federal - Bloco de Manutenção das Ações e Serviços Públicos de Saúde;"Não ";Não Aplicável
Lucena;601107;Fundo Municipal de Saúde de Lucena;122025;2025;17135021;Transferências de Recursos do Bloco de Manutenção das Ações e Serviços Públicos de Saúde – Atenção Especializada - Principal;Lançamento de Receita;256.837,28;600;Transferências Fundo a Fundo de Recursos do SUS provenientes do Governo Federal - Bloco de Manutenção das Ações e Serviços Públicos de Saúde;"Não ";Não Aplicável
Lucena;601107;Fundo Municipal de Saúde de Lucena;102025;2025;17135021;Transferências de Recursos do Bloco de Manutenção das Ações e Serviços Públicos de Saúde – Atenção Especializada - Principal;Lançamento de Receita;28.418,64;600;Transferências Fundo a Fundo de Recursos do SUS provenientes do Governo Federal - Bloco de Manutenção das Ações e Serviços Públicos de Saúde;"Não ";Não Aplicável
Lucena;601107;Fundo Municipal de Saúde de Lucena;092025;2025;17135021;Transferências de Recursos do Bloco de Manutenção das Ações e Serviços Públicos de Saúde – Atenção Especializada - Principal;Lançamento de Receita;28.418,64;600;Transferências Fundo a Fundo de Recursos do SUS provenientes do Governo Federal - Bloco de Manutenção das Ações e Serviços Públicos de Saúde;"Não ";Não Aplicável
Lucena;601107;Fundo Municipal de Saúde de Lucena;082025;2025;17135021;Transferências de Recursos do Bloco de Manutenção das Ações e Serviços Públicos de Saúde – Atenção Especializada - Principal;Lançamento de Receita;28.418,64;600;Transferências Fundo a Fundo de Recursos do SUS provenientes do Governo Federal - Bloco de Manutenção das Ações e Serviços Públicos de Saúde;"Não ";Não Aplicável
Lucena;601107;Fundo Municipal de Saúde de Lucena;072025;2025;17135021;Transferências de Recursos do Bloco de Manutenção das Ações e Serviços Públicos de Saúde – Atenção Especializada - Principal;Lançamento de Receita;28.418,64;600;Transferências Fundo a Fundo de Recursos do SUS provenientes do Governo Federal - Bloco de Manutenção das Ações e Serviços Públicos de Saúde;"Não ";Não Aplicável
Lucena;601107;Fundo Municipal de Saúde de Lucena;062025;2025;17135021;Transferências de Recursos do Bloco de Manutenção das Ações e Serviços Públicos de Saúde – Atenção Especializada - Principal;Lançamento de Receita;28.418,64;600;Transferências Fundo a Fundo de Recursos do SUS provenientes do Governo Federal - Bloco de Manutenção das Ações e Serviços Públicos de Saúde;"Não ";Não Aplicável
Lucena;601107;Fundo Municipal de Saúde de Lucena;052025;2025;17135021;Transferências de Recursos do Bloco de Manutenção das Ações e Serviços Públicos de Saúde – Atenção Especializada - Principal;Lançamento de Receita;28.418,64;600;Transferências Fundo a Fundo de Recursos do SUS provenientes do Governo Federal - Bloco de Manutenção das Ações e Serviços Públicos de Saúde;"Não ";Não Aplicável
Lucena;601107;Fundo Municipal de Saúde de Lucena;042025;2025;17135021;Transferências de Recursos do Bloco de Manutenção das Ações e Serviços Públicos de Saúde – Atenção Especializada - Principal;Lançamento de Receita;28.418,64;600;Transferências Fundo a Fundo de Recursos do SUS provenientes do Governo Federal - Bloco de Manutenção das Ações e Serviços Públicos de Saúde;"Não ";Não Aplicável
Lucena;601107;Fundo Municipal de Saúde de Lucena;032025;2025;17135021;Transferências de Recursos do Bloco de Manutenção das Ações e Serviços Públicos de Saúde – Atenção Especializada - Principal;Lançamento de Receita;28.418,64;600;Transferências Fundo a Fundo de Recursos do SUS provenientes do Governo Federal - Bloco de Manutenção das Ações e Serviços Públicos de Saúde;"Não ";Não Aplicável
Lucena;601107;Fundo Municipal de Saúde de Lucena;022025;2025;17135021;Transferências de Recursos do Bloco de Manutenção das Ações e Serviços Públicos de Saúde – Atenção Especializada - Principal;Lançamento de Receita;28.418,64;600;Transferências Fundo a Fundo de Recursos do SUS provenientes do Governo Federal - Bloco de Manutenção das Ações e Serviços Públicos de Saúde;"Não ";Não Aplicável
Lucena;601107;Fundo Municipal de Saúde de Lucena;012025;2025;17135021;Transferências de Recursos do Bloco de Manutenção das Ações e Serviços Públicos de Saúde – Atenção Especializada - Principal;Lançamento de Receita;29.480,4;600;Transferências Fundo a Fundo de Recursos do SUS provenientes do Governo Federal - Bloco de Manutenção das Ações e Serviços Públicos de Saúde;"Não ";Não Aplicável
Lucena;601107;Fundo Municipal de Saúde de Lucena;122025;2025;17135011;Transferências de Recursos do Bloco de Manutenção das Ações e Serviços Públicos de Saúde – Atenção Primária - Principal;Lançamento de Receita;752.049,72;600;Transferências Fundo a Fundo de Recursos do SUS provenientes do Governo Federal - Bloco de Manutenção das Ações e Serviços Públicos de Saúde;"Não ";Não Aplicável
Lucena;601107;Fundo Municipal de Saúde de Lucena;102025;2025;17135011;Transferências de Recursos do Bloco de Manutenção das Ações e Serviços Públicos de Saúde – Atenção Primária - Principal;Lançamento de Receita;3.999.713;631;"Transferências do Governo Federal referentes a Convênios e outros Repasses vinculados à Saúde ";3120;Identificação das Transferências da União decorrentes de emendas parlamentares de bancada
Lucena;601107;Fundo Municipal de Saúde de Lucena;102025;2025;17135011;Transferências de Recursos do Bloco de Manutenção das Ações e Serviços Públicos de Saúde – Atenção Primária - Principal;Lançamento de Receita;1.040.868,03;600;Transferências Fundo a Fundo de Recursos do SUS provenientes do Governo Federal - Bloco de Manutenção das Ações e Serviços Públicos de Saúde;"Não ";Não Aplicável
Lucena;601107;Fundo Municipal de Saúde de Lucena;092025;2025;17135011;Transferências de Recursos do Bloco de Manutenção das Ações e Serviços Públicos de Saúde – Atenção Primária - Principal;Lançamento de Receita;360.523,53;600;Transferências Fundo a Fundo de Recursos do SUS provenientes do Governo Federal - Bloco de Manutenção das Ações e Serviços Públicos de Saúde;"Não ";Não Aplicável
Lucena;601107;Fundo Municipal de Saúde de Lucena;082025;2025;17135011;Transferências de Recursos do Bloco de Manutenção das Ações e Serviços Públicos de Saúde – Atenção Primária - Principal;Lançamento de Receita;372.369,51;600;Transferências Fundo a Fundo de Recursos do SUS provenientes do Governo Federal - Bloco de Manutenção das Ações e Serviços Públicos de Saúde;"Não ";Não Aplicável
Lucena;601107;Fundo Municipal de Saúde de Lucena;072025;2025;17135011;Transferências de Recursos do Bloco de Manutenção das Ações e Serviços Públicos de Saúde – Atenção Primária - Principal;Lançamento de Receita;307.260,03;600;Transferências Fundo a Fundo de Recursos do SUS provenientes do Governo Federal - Bloco de Manutenção das Ações e Serviços Públicos de Saúde;"Não ";Não Aplicável
Lucena;601107;Fundo Municipal de Saúde de Lucena;062025;2025;17135011;Transferências de Recursos do Bloco de Manutenção das Ações e Serviços Públicos de Saúde – Atenção Primária - Principal;Lançamento de Receita;524.118,03;600;Transferências Fundo a Fundo de Recursos do SUS provenientes do Governo Federal - Bloco de Manutenção das Ações e Serviços Públicos de Saúde;"Não ";Não Aplicável
Lucena;601107;Fundo Municipal de Saúde de Lucena;052025;2025;17135011;Transferências de Recursos do Bloco de Manutenção das Ações e Serviços Públicos de Saúde – Atenção Primária - Principal;Lançamento de Receita;356.293,28;600;Transferências Fundo a Fundo de Recursos do SUS provenientes do Governo Federal - Bloco de Manutenção das Ações e Serviços Públicos de Saúde;"Não ";Não Aplicável
Lucena;601107;Fundo Municipal de Saúde de Lucena;042025;2025;17135011;Transferências de Recursos do Bloco de Manutenção das Ações e Serviços Públicos de Saúde – Atenção Primária - Principal;Lançamento de Receita;330.573,28;600;Transferências Fundo a Fundo de Recursos do SUS provenientes do Governo Federal - Bloco de Manutenção das Ações e Serviços Públicos de Saúde;"Não ";Não Aplicável
Lucena;601107;Fundo Municipal de Saúde de Lucena;032025;2025;17135011;Transferências de Recursos do Bloco de Manutenção das Ações e Serviços Públicos de Saúde – Atenção Primária - Principal;Lançamento de Receita;309.198,78;600;Transferências Fundo a Fundo de Recursos do SUS provenientes do Governo Federal - Bloco de Manutenção das Ações e Serviços Públicos de Saúde;"Não ";Não Aplicável
Lucena;601107;Fundo Municipal de Saúde de Lucena;022025;2025;17135011;Transferências de Recursos do Bloco de Manutenção das Ações e Serviços Públicos de Saúde – Atenção Primária - Principal;Lançamento de Receita;334.448,78;600;Transferências Fundo a Fundo de Recursos do SUS provenientes do Governo Federal - Bloco de Manutenção das Ações e Serviços Públicos de Saúde;"Não ";Não Aplicável
Lucena;601107;Fundo Municipal de Saúde de Lucena;012025;2025;17135011;Transferências de Recursos do Bloco de Manutenção das Ações e Serviços Públicos de Saúde – Atenção Primária - Principal;Lançamento de Receita;402.729,56;600;Transferências Fundo a Fundo de Recursos do SUS provenientes do Governo Federal - Bloco de Manutenção das Ações e Serviços Públicos de Saúde;"Não ";Não Aplicável
Lucena;601107;Fundo Municipal de Saúde de Lucena;122025;2025;13210101;Remuneração de Depósitos Bancários - Principal;Lançamento de Receita;105.698,85;600;Transferências Fundo a Fundo de Recursos do SUS provenientes do Governo Federal - Bloco de Manutenção das Ações e Serviços Públicos de Saúde;"Não ";Não Aplicável
Lucena;601107;Fundo Municipal de Saúde de Lucena;122025;2025;13210101;Remuneração de Depósitos Bancários - Principal;Lançamento de Receita;18.674,83;631;"Transferências do Governo Federal referentes a Convênios e outros Repasses vinculados à Saúde ";"Não ";Não Aplicável
Lucena;601107;Fundo Municipal de Saúde de Lucena;072025;2025;13210101;Remuneração de Depósitos Bancários - Principal;Lançamento de Receita;317,03;600;Transferências Fundo a Fundo de Recursos do SUS provenientes do Governo Federal - Bloco de Manutenção das Ações e Serviços Públicos de Saúde;"Não ";Não Aplicável
Lucena;601107;Fundo Municipal de Saúde de Lucena;062025;2025;13210101;Remuneração de Depósitos Bancários - Principal;Lançamento de Receita;5.379,64;631;"Transferências do Governo Federal referentes a Convênios e outros Repasses vinculados à Saúde ";"Não ";Não Aplicável
Lucena;601107;Fundo Municipal de Saúde de Lucena;062025;2025;13210101;Remuneração de Depósitos Bancários - Principal;Lançamento de Receita;8.114,59;600;Transferências Fundo a Fundo de Recursos do SUS provenientes do Governo Federal - Bloco de Manutenção das Ações e Serviços Públicos de Saúde;"Não ";Não Aplicável
Lucena;601107;Fundo Municipal de Saúde de Lucena;042025;2025;13210101;Remuneração de Depósitos Bancários - Principal;Lançamento de Receita;3.647,8;600;Transferências Fundo a Fundo de Recursos do SUS provenientes do Governo Federal - Bloco de Manutenção das Ações e Serviços Públicos de Saúde;"Não ";Não Aplicável
Lucena;601107;Fundo Municipal de Saúde de Lucena;042025;2025;13210101;Remuneração de Depósitos Bancários - Principal;Lançamento de Receita;2.489,18;631;"Transferências do Governo Federal referentes a Convênios e outros Repasses vinculados à Saúde ";"Não ";Não Aplicável
Lucena;601107;Fundo Municipal de Saúde de Lucena;032025;2025;13210101;Remuneração de Depósitos Bancários - Principal;Lançamento de Receita;2.210,44;631;"Transferências do Governo Federal referentes a Convênios e outros Repasses vinculados à Saúde ";"Não ";Não Aplicável
Lucena;601107;Fundo Municipal de Saúde de Lucena;032025;2025;13210101;Remuneração de Depósitos Bancários - Principal;Lançamento de Receita;2.928,64;600;Transferências Fundo a Fundo de Recursos do SUS provenientes do Governo Federal - Bloco de Manutenção das Ações e Serviços Públicos de Saúde;"Não ";Não Aplicável
Lucena;601107;Fundo Municipal de Saúde de Lucena;022025;2025;13210101;Remuneração de Depósitos Bancários - Principal;Lançamento de Receita;2.698,94;600;Transferências Fundo a Fundo de Recursos do SUS provenientes do Governo Federal - Bloco de Manutenção das Ações e Serviços Públicos de Saúde;"Não ";Não Aplicável
Lucena;601107;Fundo Municipal de Saúde de Lucena;022025;2025;13210101;Remuneração de Depósitos Bancários - Principal;Lançamento de Receita;109,44;631;"Transferências do Governo Federal referentes a Convênios e outros Repasses vinculados à Saúde ";"Não ";Não Aplicável
Lucena;601107;Fundo Municipal de Saúde de Lucena;012025;2025;13210101;Remuneração de Depósitos Bancários - Principal;Lançamento de Receita;2.352,76;600;Transferências Fundo a Fundo de Recursos do SUS provenientes do Governo Federal - Bloco de Manutenção das Ações e Serviços Públicos de Saúde;"Não ";Não Aplicável
Lucena;602107;Fundo Municipal de Assistência Social de Lucena;072025;2025;19229901;Outras Restituições - Principal;Lançamento de Receita;6.666,66;660;Transferência de Recursos do Fundo Nacional de Assistência Social - FNAS;"Não ";Não Aplicável
Lucena;602107;Fundo Municipal de Assistência Social de Lucena;122025;2025;17165001;Transferências de Recursos do Fundo Nacional de Assistência Social – FNAS - Principal;Lançamento de Receita;89.110,99;660;Transferência de Recursos do Fundo Nacional de Assistência Social - FNAS;"Não ";Não Aplicável
Lucena;602107;Fundo Municipal de Assistência Social de Lucena;112025;2025;17165001;Transferências de Recursos do Fundo Nacional de Assistência Social – FNAS - Principal;Lançamento de Receita;101.804,85;660;Transferência de Recursos do Fundo Nacional de Assistência Social - FNAS;"Não ";Não Aplicável
Lucena;602107;Fundo Municipal de Assistência Social de Lucena;092025;2025;17165001;Transferências de Recursos do Fundo Nacional de Assistência Social – FNAS - Principal;Lançamento de Receita;11.526;660;Transferência de Recursos do Fundo Nacional de Assistência Social - FNAS;"Não ";Não Aplicável
Lucena;602107;Fundo Municipal de Assistência Social de Lucena;082025;2025;17165001;Transferências de Recursos do Fundo Nacional de Assistência Social – FNAS - Principal;Lançamento de Receita;58.460,71;660;Transferência de Recursos do Fundo Nacional de Assistência Social - FNAS;"Não ";Não Aplicável
Lucena;602107;Fundo Municipal de Assistência Social de Lucena;072025;2025;17165001;Transferências de Recursos do Fundo Nacional de Assistência Social – FNAS - Principal;Lançamento de Receita;89.519,31;660;Transferência de Recursos do Fundo Nacional de Assistência Social - FNAS;"Não ";Não Aplicável
Lucena;602107;Fundo Municipal de Assistência Social de Lucena;052025;2025;17165001;Transferências de Recursos do Fundo Nacional de Assistência Social – FNAS - Principal;Lançamento de Receita;21.036,52;660;Transferência de Recursos do Fundo Nacional de Assistência Social - FNAS;"Não ";Não Aplicável
Lucena;602107;Fundo Municipal de Assistência Social de Lucena;042025;2025;17165001;Transferências de Recursos do Fundo Nacional de Assistência Social – FNAS - Principal;Lançamento de Receita;46.838,13;660;Transferência de Recursos do Fundo Nacional de Assistência Social - FNAS;"Não ";Não Aplicável
Lucena;602107;Fundo Municipal de Assistência Social de Lucena;032025;2025;17165001;Transferências de Recursos do Fundo Nacional de Assistência Social – FNAS - Principal;Lançamento de Receita;22.396,13;660;Transferência de Recursos do Fundo Nacional de Assistência Social - FNAS;"Não ";Não Aplicável
Lucena;602107;Fundo Municipal de Assistência Social de Lucena;022025;2025;17165001;Transferências de Recursos do Fundo Nacional de Assistência Social – FNAS - Principal;Lançamento de Receita;22.287,36;660;Transferência de Recursos do Fundo Nacional de Assistência Social - FNAS;"Não ";Não Aplicável
Lucena;602107;Fundo Municipal de Assistência Social de Lucena;012025;2025;17165001;Transferências de Recursos do Fundo Nacional de Assistência Social – FNAS - Principal;Lançamento de Receita;23.760,7;660;Transferência de Recursos do Fundo Nacional de Assistência Social - FNAS;"Não ";Não Aplicável
Lucena;602107;Fundo Municipal de Assistência Social de Lucena;122025;2025;13210101;Remuneração de Depósitos Bancários - Principal;Lançamento de Receita;801,21;660;Transferência de Recursos do Fundo Nacional de Assistência Social - FNAS;"Não ";Não Aplicável
Lucena;602107;Fundo Municipal de Assistência Social de Lucena;112025;2025;13210101;Remuneração de Depósitos Bancários - Principal;Lançamento de Receita;5.877,33;660;Transferência de Recursos do Fundo Nacional de Assistência Social - FNAS;"Não ";Não Aplicável
Lucena;602107;Fundo Municipal de Assistência Social de Lucena;072025;2025;13210101;Remuneração de Depósitos Bancários - Principal;Lançamento de Receita;3.967,37;660;Transferência de Recursos do Fundo Nacional de Assistência Social - FNAS;"Não ";Não Aplicável
Lucena;602107;Fundo Municipal de Assistência Social de Lucena;042025;2025;13210101;Remuneração de Depósitos Bancários - Principal;Lançamento de Receita;1.906,25;660;Transferência de Recursos do Fundo Nacional de Assistência Social - FNAS;"Não ";Não Aplicável
Lucena;602107;Fundo Municipal de Assistência Social de Lucena;032025;2025;13210101;Remuneração de Depósitos Bancários - Principal;Lançamento de Receita;1.700,64;660;Transferência de Recursos do Fundo Nacional de Assistência Social - FNAS;"Não ";Não Aplicável
Lucena;602107;Fundo Municipal de Assistência Social de Lucena;022025;2025;13210101;Remuneração de Depósitos Bancários - Principal;Lançamento de Receita;1.905,18;660;Transferência de Recursos do Fundo Nacional de Assistência Social - FNAS;"Não ";Não Aplicável
Lucena;602107;Fundo Municipal de Assistência Social de Lucena;012025;2025;13210101;Remuneração de Depósitos Bancários - Principal;Lançamento de Receita;2.153,76;660;Transferência de Recursos do Fundo Nacional de Assistência Social - FNAS;"Não ";Não Aplicável
