municipio;codigo_unidade_gestora;descricao_unidade_gestora;mes_ano;ano;codigo_receita;descricao_receita;tipo_atualizacao_receita;valor;codigo_fonte_recurso;descricao_fonte_recurso;co;descricao_co
Pitimbu;201147;Prefeitura Municipal de Pitimbu;042026;2026;24195101;Transferência Especial da União - Principal;Lançamento de Receita;0;500;Recursos não vinculados de Impostos;"Não ";Não Aplicável
Pitimbu;201147;Prefeitura Municipal de Pitimbu;012026;2026;19999921;Outras Receitas Não Arrecadadas e Não Projetadas pela RFB - Primárias   - Principal;Lançamento de Receita;8.271;500;Recursos não vinculados de Impostos;"Não ";Não Aplicável
Pitimbu;201147;Prefeitura Municipal de Pitimbu;052026;2026;19110101;Multas Previstas em Legislação Específica - Principal;Lançamento de Receita;11.588,2;752;Recursos Vinculados ao Trânsito;"Não ";Não Aplicável
Pitimbu;201147;Prefeitura Municipal de Pitimbu;052026;2026;19110101;Multas Previstas em Legislação Específica - Principal;Lançamento de Receita;640,74;500;Recursos não vinculados de Impostos;"Não ";Não Aplicável
Pitimbu;201147;Prefeitura Municipal de Pitimbu;042026;2026;19110101;Multas Previstas em Legislação Específica - Principal;Lançamento de Receita;8.208,18;752;Recursos Vinculados ao Trânsito;"Não ";Não Aplicável
Pitimbu;201147;Prefeitura Municipal de Pitimbu;042026;2026;19110101;Multas Previstas em Legislação Específica - Principal;Lançamento de Receita;1.134,61;500;Recursos não vinculados de Impostos;"Não ";Não Aplicável
Pitimbu;201147;Prefeitura Municipal de Pitimbu;032026;2026;19110101;Multas Previstas em Legislação Específica - Principal;Lançamento de Receita;30.502;752;Recursos Vinculados ao Trânsito;"Não ";Não Aplicável
Pitimbu;201147;Prefeitura Municipal de Pitimbu;032026;2026;19110101;Multas Previstas em Legislação Específica - Principal;Lançamento de Receita;648,52;500;Recursos não vinculados de Impostos;"Não ";Não Aplicável
Pitimbu;201147;Prefeitura Municipal de Pitimbu;022026;2026;19110101;Multas Previstas em Legislação Específica - Principal;Lançamento de Receita;3.774,94;752;Recursos Vinculados ao Trânsito;"Não ";Não Aplicável
Pitimbu;201147;Prefeitura Municipal de Pitimbu;012026;2026;19110101;Multas Previstas em Legislação Específica - Principal;Lançamento de Receita;2.773,31;752;Recursos Vinculados ao Trânsito;"Não ";Não Aplicável
Pitimbu;201147;Prefeitura Municipal de Pitimbu;012026;2026;19110101;Multas Previstas em Legislação Específica - Principal;Lançamento de Receita;11.868,49;500;Recursos não vinculados de Impostos;"Não ";Não Aplicável
Pitimbu;201147;Prefeitura Municipal de Pitimbu;052026;2026;17515001;Transferências de Recursos do Fundo de Manutenção e Desenvolvimento da Educação Básica e de Valorização dos Profissionais da Educação – FUNDEB - Principal;Lançamento de Receita;1.721.644,47;540;Transferências do FUNDEB - Impostos e Transferências de Impostos;"Não ";Não Aplicável
Pitimbu;201147;Prefeitura Municipal de Pitimbu;042026;2026;17515001;Transferências de Recursos do Fundo de Manutenção e Desenvolvimento da Educação Básica e de Valorização dos Profissionais da Educação – FUNDEB - Principal;Lançamento de Receita;1.897.885,21;540;Transferências do FUNDEB - Impostos e Transferências de Impostos;"Não ";Não Aplicável
Pitimbu;201147;Prefeitura Municipal de Pitimbu;042026;2026;17515001;Transferências de Recursos do Fundo de Manutenção e Desenvolvimento da Educação Básica e de Valorização dos Profissionais da Educação – FUNDEB - Principal;Lançamento de Receita;51.962,23;540;Transferências do FUNDEB - Impostos e Transferências de Impostos;1001;Identificação das despesas com manutenção e desenvolvimento do ensino
Pitimbu;201147;Prefeitura Municipal de Pitimbu;032026;2026;17515001;Transferências de Recursos do Fundo de Manutenção e Desenvolvimento da Educação Básica e de Valorização dos Profissionais da Educação – FUNDEB - Principal;Lançamento de Receita;1.830.519,24;540;Transferências do FUNDEB - Impostos e Transferências de Impostos;"Não ";Não Aplicável
Pitimbu;201147;Prefeitura Municipal de Pitimbu;022026;2026;17515001;Transferências de Recursos do Fundo de Manutenção e Desenvolvimento da Educação Básica e de Valorização dos Profissionais da Educação – FUNDEB - Principal;Lançamento de Receita;2.293.688,12;540;Transferências do FUNDEB - Impostos e Transferências de Impostos;"Não ";Não Aplicável
Pitimbu;201147;Prefeitura Municipal de Pitimbu;012026;2026;17515001;Transferências de Recursos do Fundo de Manutenção e Desenvolvimento da Educação Básica e de Valorização dos Profissionais da Educação – FUNDEB - Principal;Lançamento de Receita;1.625.224,01;540;Transferências do FUNDEB - Impostos e Transferências de Impostos;"Não ";Não Aplicável
Pitimbu;201147;Prefeitura Municipal de Pitimbu;012026;2026;17515001;Transferências de Recursos do Fundo de Manutenção e Desenvolvimento da Educação Básica e de Valorização dos Profissionais da Educação – FUNDEB - Principal;Lançamento de Receita;460.320,68;540;Transferências do FUNDEB - Impostos e Transferências de Impostos;1070;Identificação do percentual aplicado no pagamento da remuneração dos profissionais da educação básica em efetivo exercício
Pitimbu;201147;Prefeitura Municipal de Pitimbu;052026;2026;17295101;Transferências de Estados destinadas à Assistência Social - Principal;Lançamento de Receita;47.737,34;661;Transferência de Recursos dos Fundos Estaduais de Assistência Social;"Não ";Não Aplicável
Pitimbu;201147;Prefeitura Municipal de Pitimbu;042026;2026;17215301;Cota-Parte da Contribuição de Intervenção no Domínio Econômico - Principal;Lançamento de Receita;4.974,28;750;Recursos da Contribuição de Intervenção no Domínio Econômico - CIDE;"Não ";Não Aplicável
Pitimbu;201147;Prefeitura Municipal de Pitimbu;012026;2026;17215301;Cota-Parte da Contribuição de Intervenção no Domínio Econômico - Principal;Lançamento de Receita;6.186,36;750;Recursos da Contribuição de Intervenção no Domínio Econômico - CIDE;"Não ";Não Aplicável
Pitimbu;201147;Prefeitura Municipal de Pitimbu;052026;2026;17215201;Cota-Parte do IPI - Municípios - Principal;Lançamento de Receita;378,43;500;Recursos não vinculados de Impostos;"Não ";Não Aplicável
Pitimbu;201147;Prefeitura Municipal de Pitimbu;052026;2026;17215201;Cota-Parte do IPI - Municípios - Principal;Lançamento de Receita;23,66;500;Recursos não vinculados de Impostos;1001;Identificação das despesas com manutenção e desenvolvimento do ensino
Pitimbu;201147;Prefeitura Municipal de Pitimbu;052026;2026;17215201;Cota-Parte do IPI - Municípios - Principal;Lançamento de Receita;70,96;500;Recursos não vinculados de Impostos;1002;Identificação das despesas com ações e serviços públicos de saúde
Pitimbu;201147;Prefeitura Municipal de Pitimbu;042026;2026;17215201;Cota-Parte do IPI - Municípios - Principal;Lançamento de Receita;35,89;500;Recursos não vinculados de Impostos;1002;Identificação das despesas com ações e serviços públicos de saúde
Pitimbu;201147;Prefeitura Municipal de Pitimbu;042026;2026;17215201;Cota-Parte do IPI - Municípios - Principal;Lançamento de Receita;11,97;500;Recursos não vinculados de Impostos;1001;Identificação das despesas com manutenção e desenvolvimento do ensino
Pitimbu;201147;Prefeitura Municipal de Pitimbu;042026;2026;17215201;Cota-Parte do IPI - Municípios - Principal;Lançamento de Receita;460,5;500;Recursos não vinculados de Impostos;"Não ";Não Aplicável
Pitimbu;201147;Prefeitura Municipal de Pitimbu;032026;2026;17215201;Cota-Parte do IPI - Municípios - Principal;Lançamento de Receita;10,6;500;Recursos não vinculados de Impostos;1001;Identificação das despesas com manutenção e desenvolvimento do ensino
Pitimbu;201147;Prefeitura Municipal de Pitimbu;032026;2026;17215201;Cota-Parte do IPI - Municípios - Principal;Lançamento de Receita;430,18;500;Recursos não vinculados de Impostos;"Não ";Não Aplicável
Pitimbu;201147;Prefeitura Municipal de Pitimbu;032026;2026;17215201;Cota-Parte do IPI - Municípios - Principal;Lançamento de Receita;31,79;500;Recursos não vinculados de Impostos;1002;Identificação das despesas com ações e serviços públicos de saúde
Pitimbu;201147;Prefeitura Municipal de Pitimbu;022026;2026;17215201;Cota-Parte do IPI - Municípios - Principal;Lançamento de Receita;58,54;500;Recursos não vinculados de Impostos;1002;Identificação das despesas com ações e serviços públicos de saúde
Pitimbu;201147;Prefeitura Municipal de Pitimbu;022026;2026;17215201;Cota-Parte do IPI - Municípios - Principal;Lançamento de Receita;449,67;500;Recursos não vinculados de Impostos;"Não ";Não Aplicável
Pitimbu;201147;Prefeitura Municipal de Pitimbu;022026;2026;17215201;Cota-Parte do IPI - Municípios - Principal;Lançamento de Receita;19,52;500;Recursos não vinculados de Impostos;1001;Identificação das despesas com manutenção e desenvolvimento do ensino
Pitimbu;201147;Prefeitura Municipal de Pitimbu;012026;2026;17215201;Cota-Parte do IPI - Municípios - Principal;Lançamento de Receita;468,86;500;Recursos não vinculados de Impostos;"Não ";Não Aplicável
Pitimbu;201147;Prefeitura Municipal de Pitimbu;012026;2026;17215201;Cota-Parte do IPI - Municípios - Principal;Lançamento de Receita;87,91;500;Recursos não vinculados de Impostos;1002;Identificação das despesas com ações e serviços públicos de saúde
Pitimbu;201147;Prefeitura Municipal de Pitimbu;012026;2026;17215201;Cota-Parte do IPI - Municípios - Principal;Lançamento de Receita;29,3;500;Recursos não vinculados de Impostos;1001;Identificação das despesas com manutenção e desenvolvimento do ensino
Pitimbu;201147;Prefeitura Municipal de Pitimbu;052026;2026;17215101;Cota-Parte do IPVA - Principal;Lançamento de Receita;436,59;500;Recursos não vinculados de Impostos;1001;Identificação das despesas com manutenção e desenvolvimento do ensino
Pitimbu;201147;Prefeitura Municipal de Pitimbu;052026;2026;17215101;Cota-Parte do IPVA - Principal;Lançamento de Receita;1.309,78;500;Recursos não vinculados de Impostos;1002;Identificação das despesas com ações e serviços públicos de saúde
Pitimbu;201147;Prefeitura Municipal de Pitimbu;052026;2026;17215101;Cota-Parte do IPVA - Principal;Lançamento de Receita;61.748,45;500;Recursos não vinculados de Impostos;"Não ";Não Aplicável
Pitimbu;201147;Prefeitura Municipal de Pitimbu;042026;2026;17215101;Cota-Parte do IPVA - Principal;Lançamento de Receita;2.061,25;500;Recursos não vinculados de Impostos;1001;Identificação das despesas com manutenção e desenvolvimento do ensino
Pitimbu;201147;Prefeitura Municipal de Pitimbu;042026;2026;17215101;Cota-Parte do IPVA - Principal;Lançamento de Receita;6.183,77;500;Recursos não vinculados de Impostos;1002;Identificação das despesas com ações e serviços públicos de saúde
Pitimbu;201147;Prefeitura Municipal de Pitimbu;042026;2026;17215101;Cota-Parte do IPVA - Principal;Lançamento de Receita;77.430,83;500;Recursos não vinculados de Impostos;"Não ";Não Aplicável
Pitimbu;201147;Prefeitura Municipal de Pitimbu;032026;2026;17215101;Cota-Parte do IPVA - Principal;Lançamento de Receita;73.673,76;500;Recursos não vinculados de Impostos;"Não ";Não Aplicável
Pitimbu;201147;Prefeitura Municipal de Pitimbu;032026;2026;17215101;Cota-Parte do IPVA - Principal;Lançamento de Receita;1.221,82;500;Recursos não vinculados de Impostos;1001;Identificação das despesas com manutenção e desenvolvimento do ensino
Pitimbu;201147;Prefeitura Municipal de Pitimbu;032026;2026;17215101;Cota-Parte do IPVA - Principal;Lançamento de Receita;4.126,79;500;Recursos não vinculados de Impostos;1002;Identificação das despesas com ações e serviços públicos de saúde
Pitimbu;201147;Prefeitura Municipal de Pitimbu;022026;2026;17215101;Cota-Parte do IPVA - Principal;Lançamento de Receita;1.212,98;500;Recursos não vinculados de Impostos;1001;Identificação das despesas com manutenção e desenvolvimento do ensino
Pitimbu;201147;Prefeitura Municipal de Pitimbu;022026;2026;17215101;Cota-Parte do IPVA - Principal;Lançamento de Receita;70.223,07;500;Recursos não vinculados de Impostos;"Não ";Não Aplicável
Pitimbu;201147;Prefeitura Municipal de Pitimbu;022026;2026;17215101;Cota-Parte do IPVA - Principal;Lançamento de Receita;3.638,95;500;Recursos não vinculados de Impostos;1002;Identificação das despesas com ações e serviços públicos de saúde
Pitimbu;201147;Prefeitura Municipal de Pitimbu;012026;2026;17215101;Cota-Parte do IPVA - Principal;Lançamento de Receita;69.727,65;500;Recursos não vinculados de Impostos;"Não ";Não Aplicável
Pitimbu;201147;Prefeitura Municipal de Pitimbu;012026;2026;17215101;Cota-Parte do IPVA - Principal;Lançamento de Receita;1.649,46;500;Recursos não vinculados de Impostos;1001;Identificação das despesas com manutenção e desenvolvimento do ensino
Pitimbu;201147;Prefeitura Municipal de Pitimbu;012026;2026;17215101;Cota-Parte do IPVA - Principal;Lançamento de Receita;4.948,38;500;Recursos não vinculados de Impostos;1002;Identificação das despesas com ações e serviços públicos de saúde
Pitimbu;201147;Prefeitura Municipal de Pitimbu;052026;2026;17215001;Cota-Parte do ICMS - Principal;Lançamento de Receita;2.395.600,8;500;Recursos não vinculados de Impostos;"Não ";Não Aplicável
Pitimbu;201147;Prefeitura Municipal de Pitimbu;052026;2026;17215001;Cota-Parte do ICMS - Principal;Dedução do Fundeb;-479.120,14;500;Recursos não vinculados de Impostos;"Não ";Não Aplicável
Pitimbu;201147;Prefeitura Municipal de Pitimbu;042026;2026;17215001;Cota-Parte do ICMS - Principal;Lançamento de Receita;11.071,16;500;Recursos não vinculados de Impostos;1002;Identificação das despesas com ações e serviços públicos de saúde
Pitimbu;201147;Prefeitura Municipal de Pitimbu;042026;2026;17215001;Cota-Parte do ICMS - Principal;Dedução do Fundeb;-499.154,36;500;Recursos não vinculados de Impostos;"Não ";Não Aplicável
Pitimbu;201147;Prefeitura Municipal de Pitimbu;042026;2026;17215001;Cota-Parte do ICMS - Principal;Lançamento de Receita;3.690,39;500;Recursos não vinculados de Impostos;1001;Identificação das despesas com manutenção e desenvolvimento do ensino
Pitimbu;201147;Prefeitura Municipal de Pitimbu;042026;2026;17215001;Cota-Parte do ICMS - Principal;Lançamento de Receita;2.481.010,34;500;Recursos não vinculados de Impostos;"Não ";Não Aplicável
Pitimbu;201147;Prefeitura Municipal de Pitimbu;032026;2026;17215001;Cota-Parte do ICMS - Principal;Dedução do Fundeb;-517.284,66;500;Recursos não vinculados de Impostos;"Não ";Não Aplicável
Pitimbu;201147;Prefeitura Municipal de Pitimbu;032026;2026;17215001;Cota-Parte do ICMS - Principal;Lançamento de Receita;2.586.423,37;500;Recursos não vinculados de Impostos;"Não ";Não Aplicável
Pitimbu;201147;Prefeitura Municipal de Pitimbu;022026;2026;17215001;Cota-Parte do ICMS - Principal;Dedução do Fundeb;-432.752,46;500;Recursos não vinculados de Impostos;"Não ";Não Aplicável
Pitimbu;201147;Prefeitura Municipal de Pitimbu;022026;2026;17215001;Cota-Parte do ICMS - Principal;Lançamento de Receita;2.163.762,41;500;Recursos não vinculados de Impostos;"Não ";Não Aplicável
Pitimbu;201147;Prefeitura Municipal de Pitimbu;012026;2026;17215001;Cota-Parte do ICMS - Principal;Dedução do Fundeb;-78.481,14;502;Recursos não vinculados da compensação de impostos;"Não ";Não Aplicável
Pitimbu;201147;Prefeitura Municipal de Pitimbu;012026;2026;17215001;Cota-Parte do ICMS - Principal;Lançamento de Receita;363.463,11;500;Recursos não vinculados de Impostos;1002;Identificação das despesas com ações e serviços públicos de saúde
Pitimbu;201147;Prefeitura Municipal de Pitimbu;012026;2026;17215001;Cota-Parte do ICMS - Principal;Dedução do Fundeb;-425.613,84;500;Recursos não vinculados de Impostos;"Não ";Não Aplicável
Pitimbu;201147;Prefeitura Municipal de Pitimbu;012026;2026;17215001;Cota-Parte do ICMS - Principal;Lançamento de Receita;2.035.857,48;500;Recursos não vinculados de Impostos;"Não ";Não Aplicável
Pitimbu;201147;Prefeitura Municipal de Pitimbu;012026;2026;17215001;Cota-Parte do ICMS - Principal;Lançamento de Receita;121.154,37;500;Recursos não vinculados de Impostos;1001;Identificação das despesas com manutenção e desenvolvimento do ensino
Pitimbu;201147;Prefeitura Municipal de Pitimbu;032026;2026;17196001;Transferências da Política Nacional Aldir Blanc de Fomento à Cultura - Lei nº 14.399/2022 - Principal;Lançamento de Receita;147.921,72;719;Transferências da Política Nacional Aldir Blanc de Fomento à Cultura - Lei 14.399/2022;"Não ";Não Aplicável
Pitimbu;201147;Prefeitura Municipal de Pitimbu;042026;2026;17195801;Transferência Obrigatória Decorrente da Lei Complementar nº 176/2020 - Principal;Lançamento de Receita;1.412,62;500;Recursos não vinculados de Impostos;"Não ";Não Aplicável
Pitimbu;201147;Prefeitura Municipal de Pitimbu;032026;2026;17195801;Transferência Obrigatória Decorrente da Lei Complementar nº 176/2020 - Principal;Lançamento de Receita;1.412,62;500;Recursos não vinculados de Impostos;"Não ";Não Aplicável
Pitimbu;201147;Prefeitura Municipal de Pitimbu;022026;2026;17195801;Transferência Obrigatória Decorrente da Lei Complementar nº 176/2020 - Principal;Lançamento de Receita;1.412,62;500;Recursos não vinculados de Impostos;"Não ";Não Aplicável
Pitimbu;201147;Prefeitura Municipal de Pitimbu;012026;2026;17195801;Transferência Obrigatória Decorrente da Lei Complementar nº 176/2020 - Principal;Lançamento de Receita;1.412,62;500;Recursos não vinculados de Impostos;"Não ";Não Aplicável
Pitimbu;201147;Prefeitura Municipal de Pitimbu;012026;2026;17195701;Transferência Especial da União - Principal;Lançamento de Receita;693.000;706;"Transferência Especial da União ";3110;Identificação das Transferências da União decorrentes de emendas parlamentares individuais
Pitimbu;201147;Prefeitura Municipal de Pitimbu;052026;2026;17165001;Transferências de Recursos do Fundo Nacional de Assistência Social – FNAS - Principal;Lançamento de Receita;58.023,2;660;Transferência de Recursos do Fundo Nacional de Assistência Social - FNAS;"Não ";Não Aplicável
Pitimbu;201147;Prefeitura Municipal de Pitimbu;042026;2026;17165001;Transferências de Recursos do Fundo Nacional de Assistência Social – FNAS - Principal;Lançamento de Receita;47.423,83;660;Transferência de Recursos do Fundo Nacional de Assistência Social - FNAS;"Não ";Não Aplicável
Pitimbu;201147;Prefeitura Municipal de Pitimbu;032026;2026;17165001;Transferências de Recursos do Fundo Nacional de Assistência Social – FNAS - Principal;Lançamento de Receita;69.632,73;660;Transferência de Recursos do Fundo Nacional de Assistência Social - FNAS;"Não ";Não Aplicável
Pitimbu;201147;Prefeitura Municipal de Pitimbu;022026;2026;17165001;Transferências de Recursos do Fundo Nacional de Assistência Social – FNAS - Principal;Lançamento de Receita;25.633,85;660;Transferência de Recursos do Fundo Nacional de Assistência Social - FNAS;"Não ";Não Aplicável
Pitimbu;201147;Prefeitura Municipal de Pitimbu;012026;2026;17165001;Transferências de Recursos do Fundo Nacional de Assistência Social – FNAS - Principal;Lançamento de Receita;14.121,8;660;Transferência de Recursos do Fundo Nacional de Assistência Social - FNAS;"Não ";Não Aplicável
Pitimbu;201147;Prefeitura Municipal de Pitimbu;042026;2026;17155101;Transferências de Recursos de Complementação da União ao Fundeb – VAAF - Principal;Lançamento de Receita;218.362,81;541;Transferências do FUNDEB - Complementação da União - VAAF;"Não ";Não Aplicável
Pitimbu;201147;Prefeitura Municipal de Pitimbu;032026;2026;17155101;Transferências de Recursos de Complementação da União ao Fundeb – VAAF - Principal;Lançamento de Receita;92.957,26;541;Transferências do FUNDEB - Complementação da União - VAAF;"Não ";Não Aplicável
Pitimbu;201147;Prefeitura Municipal de Pitimbu;022026;2026;17155101;Transferências de Recursos de Complementação da União ao Fundeb – VAAF - Principal;Lançamento de Receita;85.210,83;541;Transferências do FUNDEB - Complementação da União - VAAF;"Não ";Não Aplicável
Pitimbu;201147;Prefeitura Municipal de Pitimbu;012026;2026;17155101;Transferências de Recursos de Complementação da União ao Fundeb – VAAF - Principal;Lançamento de Receita;226.343,14;541;Transferências do FUNDEB - Complementação da União - VAAF;"Não ";Não Aplicável
Pitimbu;201147;Prefeitura Municipal de Pitimbu;042026;2026;17155001;Transferências de Recursos de Complementação da União ao Fundeb – VAAT - Principal;Lançamento de Receita;273.866,06;542;Transferências do FUNDEB - Complementação da União - VAAT;"Não ";Não Aplicável
Pitimbu;201147;Prefeitura Municipal de Pitimbu;032026;2026;17155001;Transferências de Recursos de Complementação da União ao Fundeb – VAAT - Principal;Lançamento de Receita;235.973,68;542;Transferências do FUNDEB - Complementação da União - VAAT;"Não ";Não Aplicável
Pitimbu;201147;Prefeitura Municipal de Pitimbu;022026;2026;17155001;Transferências de Recursos de Complementação da União ao Fundeb – VAAT - Principal;Lançamento de Receita;216.309,2;542;Transferências do FUNDEB - Complementação da União - VAAT;"Não ";Não Aplicável
Pitimbu;201147;Prefeitura Municipal de Pitimbu;012026;2026;17155001;Transferências de Recursos de Complementação da União ao Fundeb – VAAT - Principal;Lançamento de Receita;1.318.385,01;542;Transferências do FUNDEB - Complementação da União - VAAT;"Não ";Não Aplicável
Pitimbu;201147;Prefeitura Municipal de Pitimbu;042026;2026;17145301;Transferências referentes ao Programa Nacional de Apoio ao Transporte do Escolar – PNATE - Principal;Lançamento de Receita;61.186,37;553;"Transferências de Recursos do FNDE Referentes ao Programa Nacional de Apoio ao Transporte Escolar (PNATE) ";"Não ";Não Aplicável
Pitimbu;201147;Prefeitura Municipal de Pitimbu;052026;2026;17145201;Transferências referentes ao Programa Nacional de Alimentação Escolar – PNAE - Principal;Lançamento de Receita;61.451,75;552;Transferências de Recursos do FNDE Referentes ao Programa Nacional de Alimentação Escolar (PNAE);"Não ";Não Aplicável
Pitimbu;201147;Prefeitura Municipal de Pitimbu;042026;2026;17145201;Transferências referentes ao Programa Nacional de Alimentação Escolar – PNAE - Principal;Lançamento de Receita;61.451,75;552;Transferências de Recursos do FNDE Referentes ao Programa Nacional de Alimentação Escolar (PNAE);"Não ";Não Aplicável
Pitimbu;201147;Prefeitura Municipal de Pitimbu;032026;2026;17145201;Transferências referentes ao Programa Nacional de Alimentação Escolar – PNAE - Principal;Lançamento de Receita;61.451,75;552;Transferências de Recursos do FNDE Referentes ao Programa Nacional de Alimentação Escolar (PNAE);"Não ";Não Aplicável
Pitimbu;201147;Prefeitura Municipal de Pitimbu;022026;2026;17145201;Transferências referentes ao Programa Nacional de Alimentação Escolar – PNAE - Principal;Lançamento de Receita;61.451,75;552;Transferências de Recursos do FNDE Referentes ao Programa Nacional de Alimentação Escolar (PNAE);"Não ";Não Aplicável
Pitimbu;201147;Prefeitura Municipal de Pitimbu;042026;2026;17145001;Transferências do Salário-Educação - Principal;Lançamento de Receita;344.054,35;550;Transferência do Salário-Educação;"Não ";Não Aplicável
Pitimbu;201147;Prefeitura Municipal de Pitimbu;022026;2026;17145001;Transferências do Salário-Educação - Principal;Lançamento de Receita;167.006,59;550;Transferência do Salário-Educação;"Não ";Não Aplicável
Pitimbu;201147;Prefeitura Municipal de Pitimbu;012026;2026;17145001;Transferências do Salário-Educação - Principal;Lançamento de Receita;284.352,9;500;Recursos não vinculados de Impostos;"Não ";Não Aplicável
Pitimbu;201147;Prefeitura Municipal de Pitimbu;042026;2026;17125241;Cota-Parte do Fundo Especial do Petróleo – FEP - Principal;Lançamento de Receita;55.452,35;500;Recursos não vinculados de Impostos;"Não ";Não Aplicável
Pitimbu;201147;Prefeitura Municipal de Pitimbu;032026;2026;17125241;Cota-Parte do Fundo Especial do Petróleo – FEP - Principal;Lançamento de Receita;58.812,04;500;Recursos não vinculados de Impostos;"Não ";Não Aplicável
Pitimbu;201147;Prefeitura Municipal de Pitimbu;022026;2026;17125241;Cota-Parte do Fundo Especial do Petróleo – FEP - Principal;Lançamento de Receita;55.587,92;500;Recursos não vinculados de Impostos;"Não ";Não Aplicável
Pitimbu;201147;Prefeitura Municipal de Pitimbu;012026;2026;17125241;Cota-Parte do Fundo Especial do Petróleo – FEP - Principal;Lançamento de Receita;49.548,34;500;Recursos não vinculados de Impostos;"Não ";Não Aplicável
Pitimbu;201147;Prefeitura Municipal de Pitimbu;052026;2026;17125101;Cota-parte da Compensação Financeira pela Exploração de Recursos Minerais - CFEM - Principal;Lançamento de Receita;48.798,35;500;Recursos não vinculados de Impostos;"Não ";Não Aplicável
Pitimbu;201147;Prefeitura Municipal de Pitimbu;042026;2026;17125101;Cota-parte da Compensação Financeira pela Exploração de Recursos Minerais - CFEM - Principal;Lançamento de Receita;52.654,1;500;Recursos não vinculados de Impostos;"Não ";Não Aplicável
Pitimbu;201147;Prefeitura Municipal de Pitimbu;032026;2026;17125101;Cota-parte da Compensação Financeira pela Exploração de Recursos Minerais - CFEM - Principal;Lançamento de Receita;40.770,42;500;Recursos não vinculados de Impostos;"Não ";Não Aplicável
Pitimbu;201147;Prefeitura Municipal de Pitimbu;022026;2026;17125101;Cota-parte da Compensação Financeira pela Exploração de Recursos Minerais - CFEM - Principal;Lançamento de Receita;49.655,96;500;Recursos não vinculados de Impostos;"Não ";Não Aplicável
Pitimbu;201147;Prefeitura Municipal de Pitimbu;012026;2026;17125101;Cota-parte da Compensação Financeira pela Exploração de Recursos Minerais - CFEM - Principal;Lançamento de Receita;61.962,04;500;Recursos não vinculados de Impostos;"Não ";Não Aplicável
Pitimbu;201147;Prefeitura Municipal de Pitimbu;052026;2026;17115201;Cota-Parte do Imposto Sobre a Propriedade Territorial Rural - Principal;Dedução do Fundeb;-0,02;500;Recursos não vinculados de Impostos;"Não ";Não Aplicável
Pitimbu;201147;Prefeitura Municipal de Pitimbu;052026;2026;17115201;Cota-Parte do Imposto Sobre a Propriedade Territorial Rural - Principal;Lançamento de Receita;0,14;500;Recursos não vinculados de Impostos;"Não ";Não Aplicável
Pitimbu;201147;Prefeitura Municipal de Pitimbu;042026;2026;17115201;Cota-Parte do Imposto Sobre a Propriedade Territorial Rural - Principal;Lançamento de Receita;9,73;500;Recursos não vinculados de Impostos;"Não ";Não Aplicável
Pitimbu;201147;Prefeitura Municipal de Pitimbu;042026;2026;17115201;Cota-Parte do Imposto Sobre a Propriedade Territorial Rural - Principal;Dedução do Fundeb;-1,93;500;Recursos não vinculados de Impostos;"Não ";Não Aplicável
Pitimbu;201147;Prefeitura Municipal de Pitimbu;022026;2026;17115201;Cota-Parte do Imposto Sobre a Propriedade Territorial Rural - Principal;Lançamento de Receita;5,15;500;Recursos não vinculados de Impostos;"Não ";Não Aplicável
Pitimbu;201147;Prefeitura Municipal de Pitimbu;022026;2026;17115201;Cota-Parte do Imposto Sobre a Propriedade Territorial Rural - Principal;Lançamento de Receita;0,96;500;Recursos não vinculados de Impostos;1002;Identificação das despesas com ações e serviços públicos de saúde
Pitimbu;201147;Prefeitura Municipal de Pitimbu;022026;2026;17115201;Cota-Parte do Imposto Sobre a Propriedade Territorial Rural - Principal;Dedução do Fundeb;-1,28;500;Recursos não vinculados de Impostos;"Não ";Não Aplicável
Pitimbu;201147;Prefeitura Municipal de Pitimbu;022026;2026;17115201;Cota-Parte do Imposto Sobre a Propriedade Territorial Rural - Principal;Lançamento de Receita;0,32;500;Recursos não vinculados de Impostos;1001;Identificação das despesas com manutenção e desenvolvimento do ensino
Pitimbu;201147;Prefeitura Municipal de Pitimbu;012026;2026;17115201;Cota-Parte do Imposto Sobre a Propriedade Territorial Rural - Principal;Dedução do Fundeb;-0,02;500;Recursos não vinculados de Impostos;"Não ";Não Aplicável
Pitimbu;201147;Prefeitura Municipal de Pitimbu;012026;2026;17115201;Cota-Parte do Imposto Sobre a Propriedade Territorial Rural - Principal;Lançamento de Receita;0,13;500;Recursos não vinculados de Impostos;"Não ";Não Aplicável
Pitimbu;201147;Prefeitura Municipal de Pitimbu;052026;2026;17115111;Cota-Parte do Fundo de Participação dos Municípios - Cota Mensal - Principal;Lançamento de Receita;2.434.759,95;500;Recursos não vinculados de Impostos;"Não ";Não Aplicável
Pitimbu;201147;Prefeitura Municipal de Pitimbu;052026;2026;17115111;Cota-Parte do Fundo de Participação dos Municípios - Cota Mensal - Principal;Dedução do Fundeb;-486.951,97;500;Recursos não vinculados de Impostos;"Não ";Não Aplicável
Pitimbu;201147;Prefeitura Municipal de Pitimbu;042026;2026;17115111;Cota-Parte do Fundo de Participação dos Municípios - Cota Mensal - Principal;Dedução do Fundeb;-612.170,99;500;Recursos não vinculados de Impostos;"Não ";Não Aplicável
Pitimbu;201147;Prefeitura Municipal de Pitimbu;042026;2026;17115111;Cota-Parte do Fundo de Participação dos Municípios - Cota Mensal - Principal;Lançamento de Receita;3.060.855,05;500;Recursos não vinculados de Impostos;"Não ";Não Aplicável
Pitimbu;201147;Prefeitura Municipal de Pitimbu;032026;2026;17115111;Cota-Parte do Fundo de Participação dos Municípios - Cota Mensal - Principal;Lançamento de Receita;2.599.666,75;500;Recursos não vinculados de Impostos;"Não ";Não Aplicável
Pitimbu;201147;Prefeitura Municipal de Pitimbu;032026;2026;17115111;Cota-Parte do Fundo de Participação dos Municípios - Cota Mensal - Principal;Dedução do Fundeb;-519.933,3;500;Recursos não vinculados de Impostos;"Não ";Não Aplicável
Pitimbu;201147;Prefeitura Municipal de Pitimbu;022026;2026;17115111;Cota-Parte do Fundo de Participação dos Municípios - Cota Mensal - Principal;Lançamento de Receita;4.292.992,4;500;Recursos não vinculados de Impostos;"Não ";Não Aplicável
Pitimbu;201147;Prefeitura Municipal de Pitimbu;022026;2026;17115111;Cota-Parte do Fundo de Participação dos Municípios - Cota Mensal - Principal;Dedução do Fundeb;-858.598,44;500;Recursos não vinculados de Impostos;"Não ";Não Aplicável
Pitimbu;201147;Prefeitura Municipal de Pitimbu;012026;2026;17115111;Cota-Parte do Fundo de Participação dos Municípios - Cota Mensal - Principal;Lançamento de Receita;83.858,13;500;Recursos não vinculados de Impostos;1002;Identificação das despesas com ações e serviços públicos de saúde
Pitimbu;201147;Prefeitura Municipal de Pitimbu;012026;2026;17115111;Cota-Parte do Fundo de Participação dos Municípios - Cota Mensal - Principal;Lançamento de Receita;3.302.643,8;500;Recursos não vinculados de Impostos;"Não ";Não Aplicável
Pitimbu;201147;Prefeitura Municipal de Pitimbu;012026;2026;17115111;Cota-Parte do Fundo de Participação dos Municípios - Cota Mensal - Principal;Lançamento de Receita;27.952,71;500;Recursos não vinculados de Impostos;1001;Identificação das despesas com manutenção e desenvolvimento do ensino
Pitimbu;201147;Prefeitura Municipal de Pitimbu;012026;2026;17115111;Cota-Parte do Fundo de Participação dos Municípios - Cota Mensal - Principal;Dedução do Fundeb;-682.890,89;500;Recursos não vinculados de Impostos;"Não ";Não Aplicável
Pitimbu;201147;Prefeitura Municipal de Pitimbu;042026;2026;13210121;Remuneração de Depósitos Bancários -Salário-Educação- Principal;Lançamento de Receita;2.919,46;550;Transferência do Salário-Educação;"Não ";Não Aplicável
Pitimbu;201147;Prefeitura Municipal de Pitimbu;032026;2026;13210121;Remuneração de Depósitos Bancários -Salário-Educação- Principal;Lançamento de Receita;2.036,19;550;Transferência do Salário-Educação;"Não ";Não Aplicável
Pitimbu;201147;Prefeitura Municipal de Pitimbu;022026;2026;13210121;Remuneração de Depósitos Bancários -Salário-Educação- Principal;Lançamento de Receita;2.109,32;550;Transferência do Salário-Educação;"Não ";Não Aplicável
Pitimbu;201147;Prefeitura Municipal de Pitimbu;012026;2026;13210121;Remuneração de Depósitos Bancários -Salário-Educação- Principal;Lançamento de Receita;1.159,1;550;Transferência do Salário-Educação;"Não ";Não Aplicável
Pitimbu;201147;Prefeitura Municipal de Pitimbu;052026;2026;13210111;Remuneração de Depósitos Bancários - Geral - Principal;Lançamento de Receita;24,6;500;Recursos não vinculados de Impostos;"Não ";Não Aplicável
Pitimbu;201147;Prefeitura Municipal de Pitimbu;042026;2026;13210111;Remuneração de Depósitos Bancários - Geral - Principal;Lançamento de Receita;20.915,91;544;Recursos de Precatórios do FUNDEF;"Não ";Não Aplicável
Pitimbu;201147;Prefeitura Municipal de Pitimbu;042026;2026;13210111;Remuneração de Depósitos Bancários - Geral - Principal;Lançamento de Receita;1.131,19;552;Transferências de Recursos do FNDE Referentes ao Programa Nacional de Alimentação Escolar (PNAE);"Não ";Não Aplicável
Pitimbu;201147;Prefeitura Municipal de Pitimbu;042026;2026;13210111;Remuneração de Depósitos Bancários - Geral - Principal;Lançamento de Receita;49.848,94;500;Recursos não vinculados de Impostos;"Não ";Não Aplicável
Pitimbu;201147;Prefeitura Municipal de Pitimbu;042026;2026;13210111;Remuneração de Depósitos Bancários - Geral - Principal;Lançamento de Receita;1.384,1;719;Transferências da Política Nacional Aldir Blanc de Fomento à Cultura - Lei 14.399/2022;"Não ";Não Aplicável
Pitimbu;201147;Prefeitura Municipal de Pitimbu;042026;2026;13210111;Remuneração de Depósitos Bancários - Geral - Principal;Lançamento de Receita;3.220,96;571;Transferências do Estado referentes a Convênios e outros Repasses vinculados à Educação;"Não ";Não Aplicável
Pitimbu;201147;Prefeitura Municipal de Pitimbu;042026;2026;13210111;Remuneração de Depósitos Bancários - Geral - Principal;Lançamento de Receita;9.442,91;540;Transferências do FUNDEB - Impostos e Transferências de Impostos;"Não ";Não Aplicável
Pitimbu;201147;Prefeitura Municipal de Pitimbu;042026;2026;13210111;Remuneração de Depósitos Bancários - Geral - Principal;Lançamento de Receita;1,33;570;Transferências do Governo Federal referentes a Convênios e outros Repasses vinculados à Educação;"Não ";Não Aplicável
Pitimbu;201147;Prefeitura Municipal de Pitimbu;042026;2026;13210111;Remuneração de Depósitos Bancários - Geral - Principal;Lançamento de Receita;393,42;661;Transferência de Recursos dos Fundos Estaduais de Assistência Social;"Não ";Não Aplicável
Pitimbu;201147;Prefeitura Municipal de Pitimbu;042026;2026;13210111;Remuneração de Depósitos Bancários - Geral - Principal;Lançamento de Receita;484,9;553;"Transferências de Recursos do FNDE Referentes ao Programa Nacional de Apoio ao Transporte Escolar (PNATE) ";"Não ";Não Aplicável
Pitimbu;201147;Prefeitura Municipal de Pitimbu;042026;2026;13210111;Remuneração de Depósitos Bancários - Geral - Principal;Lançamento de Receita;694,61;701;Outras Transferências de Convênios ou Repasses dos Estados;"Não ";Não Aplicável
Pitimbu;201147;Prefeitura Municipal de Pitimbu;042026;2026;13210111;Remuneração de Depósitos Bancários - Geral - Principal;Lançamento de Receita;27.378,09;706;"Transferência Especial da União ";3110;Identificação das Transferências da União decorrentes de emendas parlamentares individuais
Pitimbu;201147;Prefeitura Municipal de Pitimbu;042026;2026;13210111;Remuneração de Depósitos Bancários - Geral - Principal;Lançamento de Receita;3.448,69;569;Outras Transferências de Recursos do FNDE;"Não ";Não Aplicável
Pitimbu;201147;Prefeitura Municipal de Pitimbu;042026;2026;13210111;Remuneração de Depósitos Bancários - Geral - Principal;Lançamento de Receita;7,76;669;Outros Recursos Vinculados à Assistência Social;"Não ";Não Aplicável
Pitimbu;201147;Prefeitura Municipal de Pitimbu;042026;2026;13210111;Remuneração de Depósitos Bancários - Geral - Principal;Lançamento de Receita;4.975,97;710;Transferência Especial dos Estados;"Não ";Não Aplicável
Pitimbu;201147;Prefeitura Municipal de Pitimbu;042026;2026;13210111;Remuneração de Depósitos Bancários - Geral - Principal;Lançamento de Receita;4.080,39;700;Outras Transferências de Convênios ou Repasses da União;"Não ";Não Aplicável
Pitimbu;201147;Prefeitura Municipal de Pitimbu;042026;2026;13210111;Remuneração de Depósitos Bancários - Geral - Principal;Lançamento de Receita;80,54;501;Outros Recursos não Vinculados;"Não ";Não Aplicável
Pitimbu;201147;Prefeitura Municipal de Pitimbu;042026;2026;13210111;Remuneração de Depósitos Bancários - Geral - Principal;Lançamento de Receita;684,97;660;Transferência de Recursos do Fundo Nacional de Assistência Social - FNAS;"Não ";Não Aplicável
Pitimbu;201147;Prefeitura Municipal de Pitimbu;032026;2026;13210111;Remuneração de Depósitos Bancários - Geral - Principal;Lançamento de Receita;12.874,41;500;Recursos não vinculados de Impostos;"Não ";Não Aplicável
Pitimbu;201147;Prefeitura Municipal de Pitimbu;032026;2026;13210111;Remuneração de Depósitos Bancários - Geral - Principal;Lançamento de Receita;21,34;553;"Transferências de Recursos do FNDE Referentes ao Programa Nacional de Apoio ao Transporte Escolar (PNATE) ";"Não ";Não Aplicável
Pitimbu;201147;Prefeitura Municipal de Pitimbu;032026;2026;13210111;Remuneração de Depósitos Bancários - Geral - Principal;Lançamento de Receita;1.376,51;719;Transferências da Política Nacional Aldir Blanc de Fomento à Cultura - Lei 14.399/2022;"Não ";Não Aplicável
Pitimbu;201147;Prefeitura Municipal de Pitimbu;032026;2026;13210111;Remuneração de Depósitos Bancários - Geral - Principal;Lançamento de Receita;772,61;660;Transferência de Recursos do Fundo Nacional de Assistência Social - FNAS;"Não ";Não Aplicável
Pitimbu;201147;Prefeitura Municipal de Pitimbu;032026;2026;13210111;Remuneração de Depósitos Bancários - Geral - Principal;Lançamento de Receita;23.112,07;544;Recursos de Precatórios do FUNDEF;"Não ";Não Aplicável
Pitimbu;201147;Prefeitura Municipal de Pitimbu;032026;2026;13210111;Remuneração de Depósitos Bancários - Geral - Principal;Lançamento de Receita;1,47;570;Transferências do Governo Federal referentes a Convênios e outros Repasses vinculados à Educação;"Não ";Não Aplicável
Pitimbu;201147;Prefeitura Municipal de Pitimbu;032026;2026;13210111;Remuneração de Depósitos Bancários - Geral - Principal;Lançamento de Receita;30.187,3;540;Transferências do FUNDEB - Impostos e Transferências de Impostos;"Não ";Não Aplicável
Pitimbu;201147;Prefeitura Municipal de Pitimbu;032026;2026;13210111;Remuneração de Depósitos Bancários - Geral - Principal;Lançamento de Receita;976,87;552;Transferências de Recursos do FNDE Referentes ao Programa Nacional de Alimentação Escolar (PNAE);"Não ";Não Aplicável
Pitimbu;201147;Prefeitura Municipal de Pitimbu;032026;2026;13210111;Remuneração de Depósitos Bancários - Geral - Principal;Lançamento de Receita;8,58;669;Outros Recursos Vinculados à Assistência Social;"Não ";Não Aplicável
Pitimbu;201147;Prefeitura Municipal de Pitimbu;032026;2026;13210111;Remuneração de Depósitos Bancários - Geral - Principal;Lançamento de Receita;434,72;661;Transferência de Recursos dos Fundos Estaduais de Assistência Social;"Não ";Não Aplicável
Pitimbu;201147;Prefeitura Municipal de Pitimbu;032026;2026;13210111;Remuneração de Depósitos Bancários - Geral - Principal;Lançamento de Receita;13.462,75;706;"Transferência Especial da União ";3110;Identificação das Transferências da União decorrentes de emendas parlamentares individuais
Pitimbu;201147;Prefeitura Municipal de Pitimbu;032026;2026;13210111;Remuneração de Depósitos Bancários - Geral - Principal;Lançamento de Receita;767,56;701;Outras Transferências de Convênios ou Repasses dos Estados;"Não ";Não Aplicável
Pitimbu;201147;Prefeitura Municipal de Pitimbu;032026;2026;13210111;Remuneração de Depósitos Bancários - Geral - Principal;Lançamento de Receita;3.812,9;569;Outras Transferências de Recursos do FNDE;"Não ";Não Aplicável
Pitimbu;201147;Prefeitura Municipal de Pitimbu;032026;2026;13210111;Remuneração de Depósitos Bancários - Geral - Principal;Lançamento de Receita;3.559,16;571;Transferências do Estado referentes a Convênios e outros Repasses vinculados à Educação;"Não ";Não Aplicável
Pitimbu;201147;Prefeitura Municipal de Pitimbu;022026;2026;13210111;Remuneração de Depósitos Bancários - Geral - Principal;Lançamento de Receita;31.840,2;500;Recursos não vinculados de Impostos;"Não ";Não Aplicável
Pitimbu;201147;Prefeitura Municipal de Pitimbu;022026;2026;13210111;Remuneração de Depósitos Bancários - Geral - Principal;Lançamento de Receita;12.175,16;706;"Transferência Especial da União ";3110;Identificação das Transferências da União decorrentes de emendas parlamentares individuais
Pitimbu;201147;Prefeitura Municipal de Pitimbu;022026;2026;13210111;Remuneração de Depósitos Bancários - Geral - Principal;Lançamento de Receita;2.109,87;700;Outras Transferências de Convênios ou Repasses da União;"Não ";Não Aplicável
Pitimbu;201147;Prefeitura Municipal de Pitimbu;022026;2026;13210111;Remuneração de Depósitos Bancários - Geral - Principal;Lançamento de Receita;355,26;661;Transferência de Recursos dos Fundos Estaduais de Assistência Social;"Não ";Não Aplicável
Pitimbu;201147;Prefeitura Municipal de Pitimbu;022026;2026;13210111;Remuneração de Depósitos Bancários - Geral - Principal;Lançamento de Receita;23.549,82;540;Transferências do FUNDEB - Impostos e Transferências de Impostos;"Não ";Não Aplicável
Pitimbu;201147;Prefeitura Municipal de Pitimbu;022026;2026;13210111;Remuneração de Depósitos Bancários - Geral - Principal;Lançamento de Receita;826,37;660;Transferência de Recursos do Fundo Nacional de Assistência Social - FNAS;"Não ";Não Aplicável
Pitimbu;201147;Prefeitura Municipal de Pitimbu;022026;2026;13210111;Remuneração de Depósitos Bancários - Geral - Principal;Lançamento de Receita;18.887,8;544;Recursos de Precatórios do FUNDEF;"Não ";Não Aplicável
Pitimbu;201147;Prefeitura Municipal de Pitimbu;022026;2026;13210111;Remuneração de Depósitos Bancários - Geral - Principal;Lançamento de Receita;2.908,64;571;Transferências do Estado referentes a Convênios e outros Repasses vinculados à Educação;"Não ";Não Aplicável
Pitimbu;201147;Prefeitura Municipal de Pitimbu;022026;2026;13210111;Remuneração de Depósitos Bancários - Geral - Principal;Lançamento de Receita;2.134,68;710;Transferência Especial dos Estados;3210;Identificação das Transferências dos Estados decorrentes de emendas parlamentares individuais
Pitimbu;201147;Prefeitura Municipal de Pitimbu;022026;2026;13210111;Remuneração de Depósitos Bancários - Geral - Principal;Lançamento de Receita;3.116,1;569;Outras Transferências de Recursos do FNDE;"Não ";Não Aplicável
Pitimbu;201147;Prefeitura Municipal de Pitimbu;022026;2026;13210111;Remuneração de Depósitos Bancários - Geral - Principal;Lançamento de Receita;7,01;669;Outros Recursos Vinculados à Assistência Social;"Não ";Não Aplicável
Pitimbu;201147;Prefeitura Municipal de Pitimbu;022026;2026;13210111;Remuneração de Depósitos Bancários - Geral - Principal;Lançamento de Receita;627,26;701;Outras Transferências de Convênios ou Repasses dos Estados;"Não ";Não Aplicável
Pitimbu;201147;Prefeitura Municipal de Pitimbu;022026;2026;13210111;Remuneração de Depósitos Bancários - Geral - Principal;Lançamento de Receita;1,2;570;Transferências do Governo Federal referentes a Convênios e outros Repasses vinculados à Educação;"Não ";Não Aplicável
Pitimbu;201147;Prefeitura Municipal de Pitimbu;022026;2026;13210111;Remuneração de Depósitos Bancários - Geral - Principal;Lançamento de Receita;140,53;552;Transferências de Recursos do FNDE Referentes ao Programa Nacional de Alimentação Escolar (PNAE);"Não ";Não Aplicável
Pitimbu;201147;Prefeitura Municipal de Pitimbu;022026;2026;13210111;Remuneração de Depósitos Bancários - Geral - Principal;Lançamento de Receita;17,44;553;"Transferências de Recursos do FNDE Referentes ao Programa Nacional de Apoio ao Transporte Escolar (PNATE) ";"Não ";Não Aplicável
Pitimbu;201147;Prefeitura Municipal de Pitimbu;012026;2026;13210111;Remuneração de Depósitos Bancários - Geral - Principal;Lançamento de Receita;410,03;661;Transferência de Recursos dos Fundos Estaduais de Assistência Social;"Não ";Não Aplicável
Pitimbu;201147;Prefeitura Municipal de Pitimbu;012026;2026;13210111;Remuneração de Depósitos Bancários - Geral - Principal;Lançamento de Receita;10.458,16;540;Transferências do FUNDEB - Impostos e Transferências de Impostos;"Não ";Não Aplicável
Pitimbu;201147;Prefeitura Municipal de Pitimbu;012026;2026;13210111;Remuneração de Depósitos Bancários - Geral - Principal;Lançamento de Receita;8,09;669;Outros Recursos Vinculados à Assistência Social;"Não ";Não Aplicável
Pitimbu;201147;Prefeitura Municipal de Pitimbu;012026;2026;13210111;Remuneração de Depósitos Bancários - Geral - Principal;Lançamento de Receita;3.596,44;569;Outras Transferências de Recursos do FNDE;"Não ";Não Aplicável
Pitimbu;201147;Prefeitura Municipal de Pitimbu;012026;2026;13210111;Remuneração de Depósitos Bancários - Geral - Principal;Lançamento de Receita;30.741,55;706;"Transferência Especial da União ";3110;Identificação das Transferências da União decorrentes de emendas parlamentares individuais
Pitimbu;201147;Prefeitura Municipal de Pitimbu;012026;2026;13210111;Remuneração de Depósitos Bancários - Geral - Principal;Lançamento de Receita;20,13;553;"Transferências de Recursos do FNDE Referentes ao Programa Nacional de Apoio ao Transporte Escolar (PNATE) ";"Não ";Não Aplicável
Pitimbu;201147;Prefeitura Municipal de Pitimbu;012026;2026;13210111;Remuneração de Depósitos Bancários - Geral - Principal;Lançamento de Receita;3.390,96;571;Transferências do Estado referentes a Convênios e outros Repasses vinculados à Educação;"Não ";Não Aplicável
Pitimbu;201147;Prefeitura Municipal de Pitimbu;012026;2026;13210111;Remuneração de Depósitos Bancários - Geral - Principal;Lançamento de Receita;2.092,05;700;Outras Transferências de Convênios ou Repasses da União;"Não ";Não Aplicável
Pitimbu;201147;Prefeitura Municipal de Pitimbu;012026;2026;13210111;Remuneração de Depósitos Bancários - Geral - Principal;Lançamento de Receita;1,39;570;Transferências do Governo Federal referentes a Convênios e outros Repasses vinculados à Educação;"Não ";Não Aplicável
Pitimbu;201147;Prefeitura Municipal de Pitimbu;012026;2026;13210111;Remuneração de Depósitos Bancários - Geral - Principal;Lançamento de Receita;1.050,72;660;Transferência de Recursos do Fundo Nacional de Assistência Social - FNAS;"Não ";Não Aplicável
Pitimbu;201147;Prefeitura Municipal de Pitimbu;012026;2026;13210111;Remuneração de Depósitos Bancários - Geral - Principal;Lançamento de Receita;1,92;719;Transferências da Política Nacional Aldir Blanc de Fomento à Cultura - Lei 14.399/2022;"Não ";Não Aplicável
Pitimbu;201147;Prefeitura Municipal de Pitimbu;012026;2026;13210111;Remuneração de Depósitos Bancários - Geral - Principal;Lançamento de Receita;11.885,99;500;Recursos não vinculados de Impostos;"Não ";Não Aplicável
Pitimbu;201147;Prefeitura Municipal de Pitimbu;012026;2026;13210111;Remuneração de Depósitos Bancários - Geral - Principal;Lançamento de Receita;725,64;701;Outras Transferências de Convênios ou Repasses dos Estados;"Não ";Não Aplicável
Pitimbu;201147;Prefeitura Municipal de Pitimbu;012026;2026;13210111;Remuneração de Depósitos Bancários - Geral - Principal;Lançamento de Receita;2.463,72;710;Transferência Especial dos Estados;"Não ";Não Aplicável
Pitimbu;201147;Prefeitura Municipal de Pitimbu;012026;2026;13210111;Remuneração de Depósitos Bancários - Geral - Principal;Lançamento de Receita;21.799,32;544;Recursos de Precatórios do FUNDEF;"Não ";Não Aplicável
Pitimbu;201147;Prefeitura Municipal de Pitimbu;012026;2026;13210111;Remuneração de Depósitos Bancários - Geral - Principal;Lançamento de Receita;162,18;552;Transferências de Recursos do FNDE Referentes ao Programa Nacional de Alimentação Escolar (PNAE);"Não ";Não Aplicável
Pitimbu;201147;Prefeitura Municipal de Pitimbu;012026;2026;13210101;Remuneração de Depósitos Bancários - Principal;Lançamento de Receita;24,64;500;Recursos não vinculados de Impostos;"Não ";Não Aplicável
Pitimbu;201147;Prefeitura Municipal de Pitimbu;032026;2026;12415001;Contribuição para o Custeio do Serviço de Iluminação Pública - Principal;Lançamento de Receita;332.778,56;751;Recursos da Contribuição para o Custeio do Serviço de Iluminação Pública - COSIP;"Não ";Não Aplicável
Pitimbu;201147;Prefeitura Municipal de Pitimbu;052026;2026;11220101;Taxas pela Prestação de Serviços em Geral - Principal;Lançamento de Receita;15.700,02;500;Recursos não vinculados de Impostos;"Não ";Não Aplicável
Pitimbu;201147;Prefeitura Municipal de Pitimbu;042026;2026;11220101;Taxas pela Prestação de Serviços em Geral - Principal;Lançamento de Receita;47.721,12;500;Recursos não vinculados de Impostos;"Não ";Não Aplicável
Pitimbu;201147;Prefeitura Municipal de Pitimbu;032026;2026;11220101;Taxas pela Prestação de Serviços em Geral - Principal;Lançamento de Receita;48.419,65;500;Recursos não vinculados de Impostos;"Não ";Não Aplicável
Pitimbu;201147;Prefeitura Municipal de Pitimbu;022026;2026;11220101;Taxas pela Prestação de Serviços em Geral - Principal;Lançamento de Receita;32.980,65;500;Recursos não vinculados de Impostos;"Não ";Não Aplicável
Pitimbu;201147;Prefeitura Municipal de Pitimbu;012026;2026;11220101;Taxas pela Prestação de Serviços em Geral - Principal;Lançamento de Receita;42.257,23;500;Recursos não vinculados de Impostos;"Não ";Não Aplicável
Pitimbu;201147;Prefeitura Municipal de Pitimbu;022026;2026;11210401;Taxa de Controle e Fiscalização Ambiental - Principal;Lançamento de Receita;1.053,12;500;Recursos não vinculados de Impostos;"Não ";Não Aplicável
Pitimbu;201147;Prefeitura Municipal de Pitimbu;052026;2026;11210101;Taxas de Inspeção, Controle e Fiscalização - Principal;Lançamento de Receita;6.238;500;Recursos não vinculados de Impostos;"Não ";Não Aplicável
Pitimbu;201147;Prefeitura Municipal de Pitimbu;042026;2026;11210101;Taxas de Inspeção, Controle e Fiscalização - Principal;Lançamento de Receita;3.927,05;500;Recursos não vinculados de Impostos;"Não ";Não Aplicável
Pitimbu;201147;Prefeitura Municipal de Pitimbu;032026;2026;11210101;Taxas de Inspeção, Controle e Fiscalização - Principal;Lançamento de Receita;9.012,7;500;Recursos não vinculados de Impostos;"Não ";Não Aplicável
Pitimbu;201147;Prefeitura Municipal de Pitimbu;022026;2026;11210101;Taxas de Inspeção, Controle e Fiscalização - Principal;Lançamento de Receita;15.401,7;500;Recursos não vinculados de Impostos;"Não ";Não Aplicável
Pitimbu;201147;Prefeitura Municipal de Pitimbu;012026;2026;11210101;Taxas de Inspeção, Controle e Fiscalização - Principal;Lançamento de Receita;35.878,52;500;Recursos não vinculados de Impostos;"Não ";Não Aplicável
Pitimbu;201147;Prefeitura Municipal de Pitimbu;052026;2026;11199901;Outros Impostos - Principal;Lançamento de Receita;1.441,6;500;Recursos não vinculados de Impostos;"Não ";Não Aplicável
Pitimbu;201147;Prefeitura Municipal de Pitimbu;042026;2026;11199901;Outros Impostos - Principal;Lançamento de Receita;2.833,79;500;Recursos não vinculados de Impostos;"Não ";Não Aplicável
Pitimbu;201147;Prefeitura Municipal de Pitimbu;032026;2026;11199901;Outros Impostos - Principal;Lançamento de Receita;361.631,15;500;Recursos não vinculados de Impostos;"Não ";Não Aplicável
Pitimbu;201147;Prefeitura Municipal de Pitimbu;022026;2026;11199901;Outros Impostos - Principal;Lançamento de Receita;4.568,26;500;Recursos não vinculados de Impostos;"Não ";Não Aplicável
Pitimbu;201147;Prefeitura Municipal de Pitimbu;012026;2026;11199901;Outros Impostos - Principal;Lançamento de Receita;5.739,63;500;Recursos não vinculados de Impostos;"Não ";Não Aplicável
Pitimbu;201147;Prefeitura Municipal de Pitimbu;032026;2026;11145114;Imposto sobre Serviços de Qualquer Natureza - ISSQN - Dívida Ativa - Multas e Juros de Mora da Dívida Ativa;Lançamento de Receita;94,37;500;Recursos não vinculados de Impostos;"Não ";Não Aplicável
Pitimbu;201147;Prefeitura Municipal de Pitimbu;022026;2026;11145114;Imposto sobre Serviços de Qualquer Natureza - ISSQN - Dívida Ativa - Multas e Juros de Mora da Dívida Ativa;Lançamento de Receita;0;500;Recursos não vinculados de Impostos;"Não ";Não Aplicável
Pitimbu;201147;Prefeitura Municipal de Pitimbu;012026;2026;11145114;Imposto sobre Serviços de Qualquer Natureza - ISSQN - Dívida Ativa - Multas e Juros de Mora da Dívida Ativa;Lançamento de Receita;16,84;500;Recursos não vinculados de Impostos;1001;Identificação das despesas com manutenção e desenvolvimento do ensino
Pitimbu;201147;Prefeitura Municipal de Pitimbu;012026;2026;11145114;Imposto sobre Serviços de Qualquer Natureza - ISSQN - Dívida Ativa - Multas e Juros de Mora da Dívida Ativa;Lançamento de Receita;10,1;500;Recursos não vinculados de Impostos;1002;Identificação das despesas com ações e serviços públicos de saúde
Pitimbu;201147;Prefeitura Municipal de Pitimbu;012026;2026;11145114;Imposto sobre Serviços de Qualquer Natureza - ISSQN - Dívida Ativa - Multas e Juros de Mora da Dívida Ativa;Lançamento de Receita;119,04;500;Recursos não vinculados de Impostos;"Não ";Não Aplicável
Pitimbu;201147;Prefeitura Municipal de Pitimbu;022026;2026;11145113;Imposto sobre Serviços de Qualquer Natureza - ISSQN - Dívida Ativa;Lançamento de Receita;16,84;500;Recursos não vinculados de Impostos;1001;Identificação das despesas com manutenção e desenvolvimento do ensino
Pitimbu;201147;Prefeitura Municipal de Pitimbu;022026;2026;11145113;Imposto sobre Serviços de Qualquer Natureza - ISSQN - Dívida Ativa;Lançamento de Receita;608,07;500;Recursos não vinculados de Impostos;"Não ";Não Aplicável
Pitimbu;201147;Prefeitura Municipal de Pitimbu;022026;2026;11145113;Imposto sobre Serviços de Qualquer Natureza - ISSQN - Dívida Ativa;Lançamento de Receita;10,1;500;Recursos não vinculados de Impostos;1002;Identificação das despesas com ações e serviços públicos de saúde
Pitimbu;201147;Prefeitura Municipal de Pitimbu;052026;2026;11145112;Imposto sobre Serviços de Qualquer Natureza - ISSQN - Multas e Juros de Mora;Lançamento de Receita;3,52;500;Recursos não vinculados de Impostos;"Não ";Não Aplicável
Pitimbu;201147;Prefeitura Municipal de Pitimbu;042026;2026;11145112;Imposto sobre Serviços de Qualquer Natureza - ISSQN - Multas e Juros de Mora;Lançamento de Receita;2,56;500;Recursos não vinculados de Impostos;"Não ";Não Aplicável
Pitimbu;201147;Prefeitura Municipal de Pitimbu;022026;2026;11145112;Imposto sobre Serviços de Qualquer Natureza - ISSQN - Multas e Juros de Mora;Lançamento de Receita;283,18;500;Recursos não vinculados de Impostos;"Não ";Não Aplicável
Pitimbu;201147;Prefeitura Municipal de Pitimbu;012026;2026;11145112;Imposto sobre Serviços de Qualquer Natureza - ISSQN - Multas e Juros de Mora;Lançamento de Receita;304,97;500;Recursos não vinculados de Impostos;"Não ";Não Aplicável
Pitimbu;201147;Prefeitura Municipal de Pitimbu;052026;2026;11145111;Imposto sobre Serviços de Qualquer Natureza - ISSQN - Principal;Lançamento de Receita;3.531,58;500;Recursos não vinculados de Impostos;1002;Identificação das despesas com ações e serviços públicos de saúde
Pitimbu;201147;Prefeitura Municipal de Pitimbu;052026;2026;11145111;Imposto sobre Serviços de Qualquer Natureza - ISSQN - Principal;Lançamento de Receita;275.803,27;500;Recursos não vinculados de Impostos;"Não ";Não Aplicável
Pitimbu;201147;Prefeitura Municipal de Pitimbu;052026;2026;11145111;Imposto sobre Serviços de Qualquer Natureza - ISSQN - Principal;Lançamento de Receita;6.001,91;500;Recursos não vinculados de Impostos;1001;Identificação das despesas com manutenção e desenvolvimento do ensino
Pitimbu;201147;Prefeitura Municipal de Pitimbu;042026;2026;11145111;Imposto sobre Serviços de Qualquer Natureza - ISSQN - Principal;Lançamento de Receita;213.318,98;500;Recursos não vinculados de Impostos;"Não ";Não Aplicável
Pitimbu;201147;Prefeitura Municipal de Pitimbu;042026;2026;11145111;Imposto sobre Serviços de Qualquer Natureza - ISSQN - Principal;Lançamento de Receita;13.903,92;500;Recursos não vinculados de Impostos;1002;Identificação das despesas com ações e serviços públicos de saúde
Pitimbu;201147;Prefeitura Municipal de Pitimbu;042026;2026;11145111;Imposto sobre Serviços de Qualquer Natureza - ISSQN - Principal;Lançamento de Receita;25.447,38;500;Recursos não vinculados de Impostos;1001;Identificação das despesas com manutenção e desenvolvimento do ensino
Pitimbu;201147;Prefeitura Municipal de Pitimbu;032026;2026;11145111;Imposto sobre Serviços de Qualquer Natureza - ISSQN - Principal;Lançamento de Receita;202.385,53;500;Recursos não vinculados de Impostos;"Não ";Não Aplicável
Pitimbu;201147;Prefeitura Municipal de Pitimbu;032026;2026;11145111;Imposto sobre Serviços de Qualquer Natureza - ISSQN - Principal;Lançamento de Receita;6.554,89;500;Recursos não vinculados de Impostos;1002;Identificação das despesas com ações e serviços públicos de saúde
Pitimbu;201147;Prefeitura Municipal de Pitimbu;032026;2026;11145111;Imposto sobre Serviços de Qualquer Natureza - ISSQN - Principal;Lançamento de Receita;11.649,03;500;Recursos não vinculados de Impostos;1001;Identificação das despesas com manutenção e desenvolvimento do ensino
Pitimbu;201147;Prefeitura Municipal de Pitimbu;022026;2026;11145111;Imposto sobre Serviços de Qualquer Natureza - ISSQN - Principal;Lançamento de Receita;1.705,22;500;Recursos não vinculados de Impostos;1002;Identificação das despesas com ações e serviços públicos de saúde
Pitimbu;201147;Prefeitura Municipal de Pitimbu;022026;2026;11145111;Imposto sobre Serviços de Qualquer Natureza - ISSQN - Principal;Lançamento de Receita;193.549,57;500;Recursos não vinculados de Impostos;"Não ";Não Aplicável
Pitimbu;201147;Prefeitura Municipal de Pitimbu;022026;2026;11145111;Imposto sobre Serviços de Qualquer Natureza - ISSQN - Principal;Lançamento de Receita;2.923,11;500;Recursos não vinculados de Impostos;1001;Identificação das despesas com manutenção e desenvolvimento do ensino
Pitimbu;201147;Prefeitura Municipal de Pitimbu;012026;2026;11145111;Imposto sobre Serviços de Qualquer Natureza - ISSQN - Principal;Lançamento de Receita;4.740,12;500;Recursos não vinculados de Impostos;1002;Identificação das despesas com ações e serviços públicos de saúde
Pitimbu;201147;Prefeitura Municipal de Pitimbu;012026;2026;11145111;Imposto sobre Serviços de Qualquer Natureza - ISSQN - Principal;Lançamento de Receita;212.715,21;500;Recursos não vinculados de Impostos;"Não ";Não Aplicável
Pitimbu;201147;Prefeitura Municipal de Pitimbu;012026;2026;11145111;Imposto sobre Serviços de Qualquer Natureza - ISSQN - Principal;Lançamento de Receita;7.900,2;500;Recursos não vinculados de Impostos;1001;Identificação das despesas com manutenção e desenvolvimento do ensino
Pitimbu;201147;Prefeitura Municipal de Pitimbu;052026;2026;11130311;Imposto sobre a Renda - Retido na Fonte - Trabalho - Principal;Lançamento de Receita;30.054,07;500;Recursos não vinculados de Impostos;"Não ";Não Aplicável
Pitimbu;201147;Prefeitura Municipal de Pitimbu;052026;2026;11130311;Imposto sobre a Renda - Retido na Fonte - Trabalho - Principal;Lançamento de Receita;121,12;500;Recursos não vinculados de Impostos;1002;Identificação das despesas com ações e serviços públicos de saúde
Pitimbu;201147;Prefeitura Municipal de Pitimbu;052026;2026;11130311;Imposto sobre a Renda - Retido na Fonte - Trabalho - Principal;Lançamento de Receita;201,86;500;Recursos não vinculados de Impostos;1001;Identificação das despesas com manutenção e desenvolvimento do ensino
Pitimbu;201147;Prefeitura Municipal de Pitimbu;042026;2026;11130311;Imposto sobre a Renda - Retido na Fonte - Trabalho - Principal;Lançamento de Receita;3.726,53;500;Recursos não vinculados de Impostos;1001;Identificação das despesas com manutenção e desenvolvimento do ensino
Pitimbu;201147;Prefeitura Municipal de Pitimbu;042026;2026;11130311;Imposto sobre a Renda - Retido na Fonte - Trabalho - Principal;Lançamento de Receita;95.034,12;500;Recursos não vinculados de Impostos;"Não ";Não Aplicável
Pitimbu;201147;Prefeitura Municipal de Pitimbu;042026;2026;11130311;Imposto sobre a Renda - Retido na Fonte - Trabalho - Principal;Lançamento de Receita;1.640,81;500;Recursos não vinculados de Impostos;1002;Identificação das despesas com ações e serviços públicos de saúde
Pitimbu;201147;Prefeitura Municipal de Pitimbu;032026;2026;11130311;Imposto sobre a Renda - Retido na Fonte - Trabalho - Principal;Lançamento de Receita;9.390,54;500;Recursos não vinculados de Impostos;1002;Identificação das despesas com ações e serviços públicos de saúde
Pitimbu;201147;Prefeitura Municipal de Pitimbu;032026;2026;11130311;Imposto sobre a Renda - Retido na Fonte - Trabalho - Principal;Lançamento de Receita;182.216,37;500;Recursos não vinculados de Impostos;"Não ";Não Aplicável
Pitimbu;201147;Prefeitura Municipal de Pitimbu;032026;2026;11130311;Imposto sobre a Renda - Retido na Fonte - Trabalho - Principal;Lançamento de Receita;15.650,91;500;Recursos não vinculados de Impostos;1001;Identificação das despesas com manutenção e desenvolvimento do ensino
Pitimbu;201147;Prefeitura Municipal de Pitimbu;022026;2026;11130311;Imposto sobre a Renda - Retido na Fonte - Trabalho - Principal;Lançamento de Receita;95.846,29;500;Recursos não vinculados de Impostos;"Não ";Não Aplicável
Pitimbu;201147;Prefeitura Municipal de Pitimbu;012026;2026;11130311;Imposto sobre a Renda - Retido na Fonte - Trabalho - Principal;Lançamento de Receita;165.817,02;500;Recursos não vinculados de Impostos;"Não ";Não Aplicável
Pitimbu;201147;Prefeitura Municipal de Pitimbu;052026;2026;11125304;"Impostos sobre Transmissão ""Inter Vivos"" de Bens Imóveis e de Direitos Reais sobre Imóveis - Dívida Ativa - Multas e Juros de Mora da Dívida Ativa";Lançamento de Receita;189,9;500;Recursos não vinculados de Impostos;"Não ";Não Aplicável
Pitimbu;201147;Prefeitura Municipal de Pitimbu;032026;2026;11125304;"Impostos sobre Transmissão ""Inter Vivos"" de Bens Imóveis e de Direitos Reais sobre Imóveis - Dívida Ativa - Multas e Juros de Mora da Dívida Ativa";Lançamento de Receita;108.396,07;500;Recursos não vinculados de Impostos;"Não ";Não Aplicável
Pitimbu;201147;Prefeitura Municipal de Pitimbu;022026;2026;11125304;"Impostos sobre Transmissão ""Inter Vivos"" de Bens Imóveis e de Direitos Reais sobre Imóveis - Dívida Ativa - Multas e Juros de Mora da Dívida Ativa";Lançamento de Receita;7.954,1;500;Recursos não vinculados de Impostos;"Não ";Não Aplicável
Pitimbu;201147;Prefeitura Municipal de Pitimbu;042026;2026;11125302;"Impostos sobre Transmissão ""Inter Vivos"" de Bens Imóveis e de Direitos Reais sobre Imóveis - Multas e Juros de Mora";Lançamento de Receita;9,66;500;Recursos não vinculados de Impostos;1002;Identificação das despesas com ações e serviços públicos de saúde
Pitimbu;201147;Prefeitura Municipal de Pitimbu;042026;2026;11125302;"Impostos sobre Transmissão ""Inter Vivos"" de Bens Imóveis e de Direitos Reais sobre Imóveis - Multas e Juros de Mora";Lançamento de Receita;416,71;500;Recursos não vinculados de Impostos;"Não ";Não Aplicável
Pitimbu;201147;Prefeitura Municipal de Pitimbu;042026;2026;11125302;"Impostos sobre Transmissão ""Inter Vivos"" de Bens Imóveis e de Direitos Reais sobre Imóveis - Multas e Juros de Mora";Lançamento de Receita;16,1;500;Recursos não vinculados de Impostos;1001;Identificação das despesas com manutenção e desenvolvimento do ensino
Pitimbu;201147;Prefeitura Municipal de Pitimbu;032026;2026;11125302;"Impostos sobre Transmissão ""Inter Vivos"" de Bens Imóveis e de Direitos Reais sobre Imóveis - Multas e Juros de Mora";Lançamento de Receita;225,44;500;Recursos não vinculados de Impostos;"Não ";Não Aplicável
Pitimbu;201147;Prefeitura Municipal de Pitimbu;022026;2026;11125302;"Impostos sobre Transmissão ""Inter Vivos"" de Bens Imóveis e de Direitos Reais sobre Imóveis - Multas e Juros de Mora";Lançamento de Receita;18.296,16;500;Recursos não vinculados de Impostos;"Não ";Não Aplicável
Pitimbu;201147;Prefeitura Municipal de Pitimbu;012026;2026;11125302;"Impostos sobre Transmissão ""Inter Vivos"" de Bens Imóveis e de Direitos Reais sobre Imóveis - Multas e Juros de Mora";Lançamento de Receita;81,2;500;Recursos não vinculados de Impostos;"Não ";Não Aplicável
Pitimbu;201147;Prefeitura Municipal de Pitimbu;012026;2026;11125302;"Impostos sobre Transmissão ""Inter Vivos"" de Bens Imóveis e de Direitos Reais sobre Imóveis - Multas e Juros de Mora";Lançamento de Receita;33,84;500;Recursos não vinculados de Impostos;1001;Identificação das despesas com manutenção e desenvolvimento do ensino
Pitimbu;201147;Prefeitura Municipal de Pitimbu;012026;2026;11125302;"Impostos sobre Transmissão ""Inter Vivos"" de Bens Imóveis e de Direitos Reais sobre Imóveis - Multas e Juros de Mora";Lançamento de Receita;20,3;500;Recursos não vinculados de Impostos;1002;Identificação das despesas com ações e serviços públicos de saúde
Pitimbu;201147;Prefeitura Municipal de Pitimbu;052026;2026;11125301;"Impostos sobre Transmissão ""Inter Vivos"" de Bens Imóveis e de Direitos Reais sobre Imóveis - Principal";Lançamento de Receita;59.647,94;500;Recursos não vinculados de Impostos;"Não ";Não Aplicável
Pitimbu;201147;Prefeitura Municipal de Pitimbu;042026;2026;11125301;"Impostos sobre Transmissão ""Inter Vivos"" de Bens Imóveis e de Direitos Reais sobre Imóveis - Principal";Lançamento de Receita;6.014,61;500;Recursos não vinculados de Impostos;1001;Identificação das despesas com manutenção e desenvolvimento do ensino
Pitimbu;201147;Prefeitura Municipal de Pitimbu;042026;2026;11125301;"Impostos sobre Transmissão ""Inter Vivos"" de Bens Imóveis e de Direitos Reais sobre Imóveis - Principal";Lançamento de Receita;3.608,76;500;Recursos não vinculados de Impostos;1002;Identificação das despesas com ações e serviços públicos de saúde
Pitimbu;201147;Prefeitura Municipal de Pitimbu;042026;2026;11125301;"Impostos sobre Transmissão ""Inter Vivos"" de Bens Imóveis e de Direitos Reais sobre Imóveis - Principal";Lançamento de Receita;68.523,45;500;Recursos não vinculados de Impostos;"Não ";Não Aplicável
Pitimbu;201147;Prefeitura Municipal de Pitimbu;032026;2026;11125301;"Impostos sobre Transmissão ""Inter Vivos"" de Bens Imóveis e de Direitos Reais sobre Imóveis - Principal";Lançamento de Receita;6.758,39;500;Recursos não vinculados de Impostos;1001;Identificação das despesas com manutenção e desenvolvimento do ensino
Pitimbu;201147;Prefeitura Municipal de Pitimbu;032026;2026;11125301;"Impostos sobre Transmissão ""Inter Vivos"" de Bens Imóveis e de Direitos Reais sobre Imóveis - Principal";Lançamento de Receita;60.445,78;500;Recursos não vinculados de Impostos;"Não ";Não Aplicável
Pitimbu;201147;Prefeitura Municipal de Pitimbu;032026;2026;11125301;"Impostos sobre Transmissão ""Inter Vivos"" de Bens Imóveis e de Direitos Reais sobre Imóveis - Principal";Lançamento de Receita;4.055,03;500;Recursos não vinculados de Impostos;1002;Identificação das despesas com ações e serviços públicos de saúde
Pitimbu;201147;Prefeitura Municipal de Pitimbu;022026;2026;11125301;"Impostos sobre Transmissão ""Inter Vivos"" de Bens Imóveis e de Direitos Reais sobre Imóveis - Principal";Lançamento de Receita;4.604,63;500;Recursos não vinculados de Impostos;1002;Identificação das despesas com ações e serviços públicos de saúde
Pitimbu;201147;Prefeitura Municipal de Pitimbu;022026;2026;11125301;"Impostos sobre Transmissão ""Inter Vivos"" de Bens Imóveis e de Direitos Reais sobre Imóveis - Principal";Lançamento de Receita;7.674,4;500;Recursos não vinculados de Impostos;1001;Identificação das despesas com manutenção e desenvolvimento do ensino
Pitimbu;201147;Prefeitura Municipal de Pitimbu;022026;2026;11125301;"Impostos sobre Transmissão ""Inter Vivos"" de Bens Imóveis e de Direitos Reais sobre Imóveis - Principal";Lançamento de Receita;177.149,87;500;Recursos não vinculados de Impostos;"Não ";Não Aplicável
Pitimbu;201147;Prefeitura Municipal de Pitimbu;012026;2026;11125301;"Impostos sobre Transmissão ""Inter Vivos"" de Bens Imóveis e de Direitos Reais sobre Imóveis - Principal";Lançamento de Receita;3.556,64;500;Recursos não vinculados de Impostos;1001;Identificação das despesas com manutenção e desenvolvimento do ensino
Pitimbu;201147;Prefeitura Municipal de Pitimbu;012026;2026;11125301;"Impostos sobre Transmissão ""Inter Vivos"" de Bens Imóveis e de Direitos Reais sobre Imóveis - Principal";Lançamento de Receita;2.133,99;500;Recursos não vinculados de Impostos;1002;Identificação das despesas com ações e serviços públicos de saúde
Pitimbu;201147;Prefeitura Municipal de Pitimbu;012026;2026;11125301;"Impostos sobre Transmissão ""Inter Vivos"" de Bens Imóveis e de Direitos Reais sobre Imóveis - Principal";Lançamento de Receita;80.370,07;500;Recursos não vinculados de Impostos;"Não ";Não Aplicável
Pitimbu;201147;Prefeitura Municipal de Pitimbu;052026;2026;11125004;Imposto sobre a Propriedade Predial e Territorial Urbana - Dívida Ativa - Multas e Juros de Mora da Dívida Ativa;Lançamento de Receita;6.547,69;500;Recursos não vinculados de Impostos;"Não ";Não Aplicável
Pitimbu;201147;Prefeitura Municipal de Pitimbu;042026;2026;11125004;Imposto sobre a Propriedade Predial e Territorial Urbana - Dívida Ativa - Multas e Juros de Mora da Dívida Ativa;Lançamento de Receita;361,79;500;Recursos não vinculados de Impostos;1002;Identificação das despesas com ações e serviços públicos de saúde
Pitimbu;201147;Prefeitura Municipal de Pitimbu;042026;2026;11125004;Imposto sobre a Propriedade Predial e Territorial Urbana - Dívida Ativa - Multas e Juros de Mora da Dívida Ativa;Lançamento de Receita;6.523,41;500;Recursos não vinculados de Impostos;"Não ";Não Aplicável
Pitimbu;201147;Prefeitura Municipal de Pitimbu;042026;2026;11125004;Imposto sobre a Propriedade Predial e Territorial Urbana - Dívida Ativa - Multas e Juros de Mora da Dívida Ativa;Lançamento de Receita;603;500;Recursos não vinculados de Impostos;1001;Identificação das despesas com manutenção e desenvolvimento do ensino
Pitimbu;201147;Prefeitura Municipal de Pitimbu;032026;2026;11125004;Imposto sobre a Propriedade Predial e Territorial Urbana - Dívida Ativa - Multas e Juros de Mora da Dívida Ativa;Lançamento de Receita;2.087,05;500;Recursos não vinculados de Impostos;1002;Identificação das despesas com ações e serviços públicos de saúde
Pitimbu;201147;Prefeitura Municipal de Pitimbu;032026;2026;11125004;Imposto sobre a Propriedade Predial e Territorial Urbana - Dívida Ativa - Multas e Juros de Mora da Dívida Ativa;Lançamento de Receita;20.689,21;500;Recursos não vinculados de Impostos;"Não ";Não Aplicável
Pitimbu;201147;Prefeitura Municipal de Pitimbu;032026;2026;11125004;Imposto sobre a Propriedade Predial e Territorial Urbana - Dívida Ativa - Multas e Juros de Mora da Dívida Ativa;Lançamento de Receita;3.478,45;500;Recursos não vinculados de Impostos;1001;Identificação das despesas com manutenção e desenvolvimento do ensino
Pitimbu;201147;Prefeitura Municipal de Pitimbu;022026;2026;11125004;Imposto sobre a Propriedade Predial e Territorial Urbana - Dívida Ativa - Multas e Juros de Mora da Dívida Ativa;Lançamento de Receita;3.258,72;500;Recursos não vinculados de Impostos;1001;Identificação das despesas com manutenção e desenvolvimento do ensino
Pitimbu;201147;Prefeitura Municipal de Pitimbu;022026;2026;11125004;Imposto sobre a Propriedade Predial e Territorial Urbana - Dívida Ativa - Multas e Juros de Mora da Dívida Ativa;Lançamento de Receita;26.483,39;500;Recursos não vinculados de Impostos;"Não ";Não Aplicável
Pitimbu;201147;Prefeitura Municipal de Pitimbu;022026;2026;11125004;Imposto sobre a Propriedade Predial e Territorial Urbana - Dívida Ativa - Multas e Juros de Mora da Dívida Ativa;Lançamento de Receita;1.955,23;500;Recursos não vinculados de Impostos;1002;Identificação das despesas com ações e serviços públicos de saúde
Pitimbu;201147;Prefeitura Municipal de Pitimbu;012026;2026;11125004;Imposto sobre a Propriedade Predial e Territorial Urbana - Dívida Ativa - Multas e Juros de Mora da Dívida Ativa;Lançamento de Receita;696;500;Recursos não vinculados de Impostos;1001;Identificação das despesas com manutenção e desenvolvimento do ensino
Pitimbu;201147;Prefeitura Municipal de Pitimbu;012026;2026;11125004;Imposto sobre a Propriedade Predial e Territorial Urbana - Dívida Ativa - Multas e Juros de Mora da Dívida Ativa;Lançamento de Receita;417,59;500;Recursos não vinculados de Impostos;1002;Identificação das despesas com ações e serviços públicos de saúde
Pitimbu;201147;Prefeitura Municipal de Pitimbu;012026;2026;11125004;Imposto sobre a Propriedade Predial e Territorial Urbana - Dívida Ativa - Multas e Juros de Mora da Dívida Ativa;Lançamento de Receita;10.256,72;500;Recursos não vinculados de Impostos;"Não ";Não Aplicável
Pitimbu;201147;Prefeitura Municipal de Pitimbu;052026;2026;11125003;Imposto sobre a Propriedade Predial e Territorial Urbana - Dívida Ativa;Lançamento de Receita;55.190,84;500;Recursos não vinculados de Impostos;"Não ";Não Aplicável
Pitimbu;201147;Prefeitura Municipal de Pitimbu;052026;2026;11125003;Imposto sobre a Propriedade Predial e Territorial Urbana - Dívida Ativa;Lançamento de Receita;1.423;500;Recursos não vinculados de Impostos;1001;Identificação das despesas com manutenção e desenvolvimento do ensino
Pitimbu;201147;Prefeitura Municipal de Pitimbu;052026;2026;11125003;Imposto sobre a Propriedade Predial e Territorial Urbana - Dívida Ativa;Lançamento de Receita;853,8;500;Recursos não vinculados de Impostos;1002;Identificação das despesas com ações e serviços públicos de saúde
Pitimbu;201147;Prefeitura Municipal de Pitimbu;042026;2026;11125003;Imposto sobre a Propriedade Predial e Territorial Urbana - Dívida Ativa;Lançamento de Receita;43.032,02;500;Recursos não vinculados de Impostos;"Não ";Não Aplicável
Pitimbu;201147;Prefeitura Municipal de Pitimbu;042026;2026;11125003;Imposto sobre a Propriedade Predial e Territorial Urbana - Dívida Ativa;Lançamento de Receita;2.096,88;500;Recursos não vinculados de Impostos;1002;Identificação das despesas com ações e serviços públicos de saúde
Pitimbu;201147;Prefeitura Municipal de Pitimbu;042026;2026;11125003;Imposto sobre a Propriedade Predial e Territorial Urbana - Dívida Ativa;Lançamento de Receita;3.494,82;500;Recursos não vinculados de Impostos;1001;Identificação das despesas com manutenção e desenvolvimento do ensino
Pitimbu;201147;Prefeitura Municipal de Pitimbu;032026;2026;11125003;Imposto sobre a Propriedade Predial e Territorial Urbana - Dívida Ativa;Lançamento de Receita;344,65;500;Recursos não vinculados de Impostos;1001;Identificação das despesas com manutenção e desenvolvimento do ensino
Pitimbu;201147;Prefeitura Municipal de Pitimbu;032026;2026;11125003;Imposto sobre a Propriedade Predial e Territorial Urbana - Dívida Ativa;Lançamento de Receita;206,79;500;Recursos não vinculados de Impostos;1002;Identificação das despesas com ações e serviços públicos de saúde
Pitimbu;201147;Prefeitura Municipal de Pitimbu;032026;2026;11125003;Imposto sobre a Propriedade Predial e Territorial Urbana - Dívida Ativa;Lançamento de Receita;36.817,44;500;Recursos não vinculados de Impostos;"Não ";Não Aplicável
Pitimbu;201147;Prefeitura Municipal de Pitimbu;022026;2026;11125003;Imposto sobre a Propriedade Predial e Territorial Urbana - Dívida Ativa;Lançamento de Receita;139,89;500;Recursos não vinculados de Impostos;1001;Identificação das despesas com manutenção e desenvolvimento do ensino
Pitimbu;201147;Prefeitura Municipal de Pitimbu;022026;2026;11125003;Imposto sobre a Propriedade Predial e Territorial Urbana - Dívida Ativa;Lançamento de Receita;48.892,87;500;Recursos não vinculados de Impostos;"Não ";Não Aplicável
Pitimbu;201147;Prefeitura Municipal de Pitimbu;022026;2026;11125003;Imposto sobre a Propriedade Predial e Territorial Urbana - Dívida Ativa;Lançamento de Receita;83,93;500;Recursos não vinculados de Impostos;1002;Identificação das despesas com ações e serviços públicos de saúde
Pitimbu;201147;Prefeitura Municipal de Pitimbu;012026;2026;11125003;Imposto sobre a Propriedade Predial e Territorial Urbana - Dívida Ativa;Lançamento de Receita;56.054,86;500;Recursos não vinculados de Impostos;"Não ";Não Aplicável
Pitimbu;201147;Prefeitura Municipal de Pitimbu;012026;2026;11125003;Imposto sobre a Propriedade Predial e Territorial Urbana - Dívida Ativa;Lançamento de Receita;2.811,75;500;Recursos não vinculados de Impostos;1001;Identificação das despesas com manutenção e desenvolvimento do ensino
Pitimbu;201147;Prefeitura Municipal de Pitimbu;012026;2026;11125003;Imposto sobre a Propriedade Predial e Territorial Urbana - Dívida Ativa;Lançamento de Receita;1.687,05;500;Recursos não vinculados de Impostos;1002;Identificação das despesas com ações e serviços públicos de saúde
Pitimbu;201147;Prefeitura Municipal de Pitimbu;052026;2026;11125002;Imposto sobre a Propriedade Predial e Territorial Urbana - Multas e Juros de Mora;Lançamento de Receita;28,14;500;Recursos não vinculados de Impostos;1002;Identificação das despesas com ações e serviços públicos de saúde
Pitimbu;201147;Prefeitura Municipal de Pitimbu;052026;2026;11125002;Imposto sobre a Propriedade Predial e Territorial Urbana - Multas e Juros de Mora;Lançamento de Receita;112,54;500;Recursos não vinculados de Impostos;"Não ";Não Aplicável
Pitimbu;201147;Prefeitura Municipal de Pitimbu;052026;2026;11125002;Imposto sobre a Propriedade Predial e Territorial Urbana - Multas e Juros de Mora;Lançamento de Receita;46,9;500;Recursos não vinculados de Impostos;1001;Identificação das despesas com manutenção e desenvolvimento do ensino
Pitimbu;201147;Prefeitura Municipal de Pitimbu;042026;2026;11125002;Imposto sobre a Propriedade Predial e Territorial Urbana - Multas e Juros de Mora;Lançamento de Receita;249,52;500;Recursos não vinculados de Impostos;"Não ";Não Aplicável
Pitimbu;201147;Prefeitura Municipal de Pitimbu;042026;2026;11125002;Imposto sobre a Propriedade Predial e Territorial Urbana - Multas e Juros de Mora;Lançamento de Receita;91,44;500;Recursos não vinculados de Impostos;1001;Identificação das despesas com manutenção e desenvolvimento do ensino
Pitimbu;201147;Prefeitura Municipal de Pitimbu;042026;2026;11125002;Imposto sobre a Propriedade Predial e Territorial Urbana - Multas e Juros de Mora;Lançamento de Receita;54,86;500;Recursos não vinculados de Impostos;1002;Identificação das despesas com ações e serviços públicos de saúde
Pitimbu;201147;Prefeitura Municipal de Pitimbu;032026;2026;11125002;Imposto sobre a Propriedade Predial e Territorial Urbana - Multas e Juros de Mora;Lançamento de Receita;200,04;500;Recursos não vinculados de Impostos;1002;Identificação das despesas com ações e serviços públicos de saúde
Pitimbu;201147;Prefeitura Municipal de Pitimbu;032026;2026;11125002;Imposto sobre a Propriedade Predial e Territorial Urbana - Multas e Juros de Mora;Lançamento de Receita;800,16;500;Recursos não vinculados de Impostos;"Não ";Não Aplicável
Pitimbu;201147;Prefeitura Municipal de Pitimbu;032026;2026;11125002;Imposto sobre a Propriedade Predial e Territorial Urbana - Multas e Juros de Mora;Lançamento de Receita;333,4;500;Recursos não vinculados de Impostos;1001;Identificação das despesas com manutenção e desenvolvimento do ensino
Pitimbu;201147;Prefeitura Municipal de Pitimbu;022026;2026;11125002;Imposto sobre a Propriedade Predial e Territorial Urbana - Multas e Juros de Mora;Lançamento de Receita;29,5;500;Recursos não vinculados de Impostos;1002;Identificação das despesas com ações e serviços públicos de saúde
Pitimbu;201147;Prefeitura Municipal de Pitimbu;022026;2026;11125002;Imposto sobre a Propriedade Predial e Territorial Urbana - Multas e Juros de Mora;Lançamento de Receita;117,99;500;Recursos não vinculados de Impostos;"Não ";Não Aplicável
Pitimbu;201147;Prefeitura Municipal de Pitimbu;022026;2026;11125002;Imposto sobre a Propriedade Predial e Territorial Urbana - Multas e Juros de Mora;Lançamento de Receita;49,16;500;Recursos não vinculados de Impostos;1001;Identificação das despesas com manutenção e desenvolvimento do ensino
Pitimbu;201147;Prefeitura Municipal de Pitimbu;012026;2026;11125002;Imposto sobre a Propriedade Predial e Territorial Urbana - Multas e Juros de Mora;Lançamento de Receita;458,3;500;Recursos não vinculados de Impostos;1002;Identificação das despesas com ações e serviços públicos de saúde
Pitimbu;201147;Prefeitura Municipal de Pitimbu;012026;2026;11125002;Imposto sobre a Propriedade Predial e Territorial Urbana - Multas e Juros de Mora;Lançamento de Receita;1.862,77;500;Recursos não vinculados de Impostos;"Não ";Não Aplicável
Pitimbu;201147;Prefeitura Municipal de Pitimbu;012026;2026;11125002;Imposto sobre a Propriedade Predial e Territorial Urbana - Multas e Juros de Mora;Lançamento de Receita;763,84;500;Recursos não vinculados de Impostos;1001;Identificação das despesas com manutenção e desenvolvimento do ensino
Pitimbu;201147;Prefeitura Municipal de Pitimbu;052026;2026;11125001;Imposto sobre a Propriedade Predial e Territorial Urbana - Principal;Lançamento de Receita;15.936,57;500;Recursos não vinculados de Impostos;"Não ";Não Aplicável
Pitimbu;201147;Prefeitura Municipal de Pitimbu;052026;2026;11125001;Imposto sobre a Propriedade Predial e Territorial Urbana - Principal;Lançamento de Receita;203,33;500;Recursos não vinculados de Impostos;1002;Identificação das despesas com ações e serviços públicos de saúde
Pitimbu;201147;Prefeitura Municipal de Pitimbu;052026;2026;11125001;Imposto sobre a Propriedade Predial e Territorial Urbana - Principal;Lançamento de Receita;338,89;500;Recursos não vinculados de Impostos;1001;Identificação das despesas com manutenção e desenvolvimento do ensino
Pitimbu;201147;Prefeitura Municipal de Pitimbu;042026;2026;11125001;Imposto sobre a Propriedade Predial e Territorial Urbana - Principal;Lançamento de Receita;25.974,95;500;Recursos não vinculados de Impostos;1001;Identificação das despesas com manutenção e desenvolvimento do ensino
Pitimbu;201147;Prefeitura Municipal de Pitimbu;042026;2026;11125001;Imposto sobre a Propriedade Predial e Territorial Urbana - Principal;Lançamento de Receita;15.584,96;500;Recursos não vinculados de Impostos;1002;Identificação das despesas com ações e serviços públicos de saúde
Pitimbu;201147;Prefeitura Municipal de Pitimbu;042026;2026;11125001;Imposto sobre a Propriedade Predial e Territorial Urbana - Principal;Lançamento de Receita;68.858,21;500;Recursos não vinculados de Impostos;"Não ";Não Aplicável
Pitimbu;201147;Prefeitura Municipal de Pitimbu;032026;2026;11125001;Imposto sobre a Propriedade Predial e Territorial Urbana - Principal;Lançamento de Receita;5.626,14;500;Recursos não vinculados de Impostos;1001;Identificação das despesas com manutenção e desenvolvimento do ensino
Pitimbu;201147;Prefeitura Municipal de Pitimbu;032026;2026;11125001;Imposto sobre a Propriedade Predial e Territorial Urbana - Principal;Lançamento de Receita;3.375,69;500;Recursos não vinculados de Impostos;1002;Identificação das despesas com ações e serviços públicos de saúde
Pitimbu;201147;Prefeitura Municipal de Pitimbu;032026;2026;11125001;Imposto sobre a Propriedade Predial e Territorial Urbana - Principal;Lançamento de Receita;67.185,01;500;Recursos não vinculados de Impostos;"Não ";Não Aplicável
Pitimbu;201147;Prefeitura Municipal de Pitimbu;022026;2026;11125001;Imposto sobre a Propriedade Predial e Territorial Urbana - Principal;Lançamento de Receita;40.391,49;500;Recursos não vinculados de Impostos;"Não ";Não Aplicável
Pitimbu;201147;Prefeitura Municipal de Pitimbu;022026;2026;11125001;Imposto sobre a Propriedade Predial e Territorial Urbana - Principal;Lançamento de Receita;6.432,64;500;Recursos não vinculados de Impostos;1001;Identificação das despesas com manutenção e desenvolvimento do ensino
Pitimbu;201147;Prefeitura Municipal de Pitimbu;022026;2026;11125001;Imposto sobre a Propriedade Predial e Territorial Urbana - Principal;Lançamento de Receita;3.859,59;500;Recursos não vinculados de Impostos;1002;Identificação das despesas com ações e serviços públicos de saúde
Pitimbu;201147;Prefeitura Municipal de Pitimbu;012026;2026;11125001;Imposto sobre a Propriedade Predial e Territorial Urbana - Principal;Lançamento de Receita;447,33;500;Recursos não vinculados de Impostos;1002;Identificação das despesas com ações e serviços públicos de saúde
Pitimbu;201147;Prefeitura Municipal de Pitimbu;012026;2026;11125001;Imposto sobre a Propriedade Predial e Territorial Urbana - Principal;Lançamento de Receita;745,56;500;Recursos não vinculados de Impostos;1001;Identificação das despesas com manutenção e desenvolvimento do ensino
Pitimbu;201147;Prefeitura Municipal de Pitimbu;012026;2026;11125001;Imposto sobre a Propriedade Predial e Territorial Urbana - Principal;Lançamento de Receita;28.909,74;500;Recursos não vinculados de Impostos;"Não ";Não Aplicável
Pitimbu;301147;Serviço Autonômo de Água e Esgoto de Pitimbú;012026;2026;19229901;Outras Restituições - Principal;Lançamento de Receita;2.271,3;500;Recursos não vinculados de Impostos;"Não ";Não Aplicável
Pitimbu;301147;Serviço Autonômo de Água e Esgoto de Pitimbú;052026;2026;16110101;Serviços Administrativos e Comerciais Gerais Prestados por Entidades e Órgãos Públicos em Geral - Principal;Lançamento de Receita;71.500,73;500;Recursos não vinculados de Impostos;"Não ";Não Aplicável
Pitimbu;301147;Serviço Autonômo de Água e Esgoto de Pitimbú;042026;2026;16110101;Serviços Administrativos e Comerciais Gerais Prestados por Entidades e Órgãos Públicos em Geral - Principal;Lançamento de Receita;65.062,95;500;Recursos não vinculados de Impostos;"Não ";Não Aplicável
Pitimbu;301147;Serviço Autonômo de Água e Esgoto de Pitimbú;032026;2026;16110101;Serviços Administrativos e Comerciais Gerais Prestados por Entidades e Órgãos Públicos em Geral - Principal;Lançamento de Receita;121.360,04;500;Recursos não vinculados de Impostos;"Não ";Não Aplicável
Pitimbu;301147;Serviço Autonômo de Água e Esgoto de Pitimbú;022026;2026;16110101;Serviços Administrativos e Comerciais Gerais Prestados por Entidades e Órgãos Públicos em Geral - Principal;Lançamento de Receita;62.112,53;500;Recursos não vinculados de Impostos;"Não ";Não Aplicável
Pitimbu;301147;Serviço Autonômo de Água e Esgoto de Pitimbú;012026;2026;16110101;Serviços Administrativos e Comerciais Gerais Prestados por Entidades e Órgãos Públicos em Geral - Principal;Lançamento de Receita;91.099,22;500;Recursos não vinculados de Impostos;"Não ";Não Aplicável
Pitimbu;601147;Fundo Municipal de Saúde de Pitimbu;052026;2026;17235001;Transferências de Recursos do Sistema Único de Saúde – SUS - Principal;Lançamento de Receita;4.201,71;621;"Transferências Fundo a Fundo de Recursos do SUS provenientes do Governo Estadual ";"Não ";Não Aplicável
Pitimbu;601147;Fundo Municipal de Saúde de Pitimbu;042026;2026;17235001;Transferências de Recursos do Sistema Único de Saúde – SUS - Principal;Lançamento de Receita;4.201,71;621;"Transferências Fundo a Fundo de Recursos do SUS provenientes do Governo Estadual ";"Não ";Não Aplicável
Pitimbu;601147;Fundo Municipal de Saúde de Pitimbu;022026;2026;17235001;Transferências de Recursos do Sistema Único de Saúde – SUS - Principal;Lançamento de Receita;4.201,71;621;"Transferências Fundo a Fundo de Recursos do SUS provenientes do Governo Estadual ";"Não ";Não Aplicável
Pitimbu;601147;Fundo Municipal de Saúde de Pitimbu;012026;2026;17235001;Transferências de Recursos do Sistema Único de Saúde – SUS - Principal;Lançamento de Receita;4.201,71;621;"Transferências Fundo a Fundo de Recursos do SUS provenientes do Governo Estadual ";"Não ";Não Aplicável
Pitimbu;601147;Fundo Municipal de Saúde de Pitimbu;052026;2026;17135051;Transferências de Recursos do Bloco de Manutenção das Ações e Serviços Públicos de Saúde – Gestão do SUS - Principal;Lançamento de Receita;130.413,84;605;Assistência financeira da União destinada à complementação ao pagamento dos pisos salariais para profissionais da enfermagem;"Não ";Não Aplicável
Pitimbu;601147;Fundo Municipal de Saúde de Pitimbu;042026;2026;17135051;Transferências de Recursos do Bloco de Manutenção das Ações e Serviços Públicos de Saúde – Gestão do SUS - Principal;Lançamento de Receita;132.895,1;605;Assistência financeira da União destinada à complementação ao pagamento dos pisos salariais para profissionais da enfermagem;"Não ";Não Aplicável
Pitimbu;601147;Fundo Municipal de Saúde de Pitimbu;032026;2026;17135051;Transferências de Recursos do Bloco de Manutenção das Ações e Serviços Públicos de Saúde – Gestão do SUS - Principal;Lançamento de Receita;129.028,69;605;Assistência financeira da União destinada à complementação ao pagamento dos pisos salariais para profissionais da enfermagem;"Não ";Não Aplicável
Pitimbu;601147;Fundo Municipal de Saúde de Pitimbu;022026;2026;17135051;Transferências de Recursos do Bloco de Manutenção das Ações e Serviços Públicos de Saúde – Gestão do SUS - Principal;Lançamento de Receita;127.330,42;605;Assistência financeira da União destinada à complementação ao pagamento dos pisos salariais para profissionais da enfermagem;"Não ";Não Aplicável
Pitimbu;601147;Fundo Municipal de Saúde de Pitimbu;042026;2026;17135041;Transferências de Recursos do Bloco de Manutenção das Ações e Serviços Públicos de Saúde – Assistência Farmacêutica - Principal;Lançamento de Receita;12.587;600;Transferências Fundo a Fundo de Recursos do SUS provenientes do Governo Federal - Bloco de Manutenção das Ações e Serviços Públicos de Saúde;"Não ";Não Aplicável
Pitimbu;601147;Fundo Municipal de Saúde de Pitimbu;032026;2026;17135041;Transferências de Recursos do Bloco de Manutenção das Ações e Serviços Públicos de Saúde – Assistência Farmacêutica - Principal;Lançamento de Receita;12.587;600;Transferências Fundo a Fundo de Recursos do SUS provenientes do Governo Federal - Bloco de Manutenção das Ações e Serviços Públicos de Saúde;"Não ";Não Aplicável
Pitimbu;601147;Fundo Municipal de Saúde de Pitimbu;022026;2026;17135041;Transferências de Recursos do Bloco de Manutenção das Ações e Serviços Públicos de Saúde – Assistência Farmacêutica - Principal;Lançamento de Receita;12.587;600;Transferências Fundo a Fundo de Recursos do SUS provenientes do Governo Federal - Bloco de Manutenção das Ações e Serviços Públicos de Saúde;"Não ";Não Aplicável
Pitimbu;601147;Fundo Municipal de Saúde de Pitimbu;012026;2026;17135041;Transferências de Recursos do Bloco de Manutenção das Ações e Serviços Públicos de Saúde – Assistência Farmacêutica - Principal;Lançamento de Receita;12.587;600;Transferências Fundo a Fundo de Recursos do SUS provenientes do Governo Federal - Bloco de Manutenção das Ações e Serviços Públicos de Saúde;"Não ";Não Aplicável
Pitimbu;601147;Fundo Municipal de Saúde de Pitimbu;052026;2026;17135031;Transferências de Recursos do Bloco de Manutenção das Ações e Serviços Públicos de Saúde – Vigilância em Saúde - Principal;Lançamento de Receita;2.624,63;600;Transferências Fundo a Fundo de Recursos do SUS provenientes do Governo Federal - Bloco de Manutenção das Ações e Serviços Públicos de Saúde;"Não ";Não Aplicável
Pitimbu;601147;Fundo Municipal de Saúde de Pitimbu;042026;2026;17135031;Transferências de Recursos do Bloco de Manutenção das Ações e Serviços Públicos de Saúde – Vigilância em Saúde - Principal;Lançamento de Receita;28.057,54;600;Transferências Fundo a Fundo de Recursos do SUS provenientes do Governo Federal - Bloco de Manutenção das Ações e Serviços Públicos de Saúde;"Não ";Não Aplicável
Pitimbu;601147;Fundo Municipal de Saúde de Pitimbu;032026;2026;17135031;Transferências de Recursos do Bloco de Manutenção das Ações e Serviços Públicos de Saúde – Vigilância em Saúde - Principal;Lançamento de Receita;16.210;604;Transferências provenientes do Governo Federal destinadas ao vencimento dos agentes comunitários de saúde e dos agentes de combate às endemias;"Não ";Não Aplicável
Pitimbu;601147;Fundo Municipal de Saúde de Pitimbu;032026;2026;17135031;Transferências de Recursos do Bloco de Manutenção das Ações e Serviços Públicos de Saúde – Vigilância em Saúde - Principal;Lançamento de Receita;28.603,05;600;Transferências Fundo a Fundo de Recursos do SUS provenientes do Governo Federal - Bloco de Manutenção das Ações e Serviços Públicos de Saúde;"Não ";Não Aplicável
Pitimbu;601147;Fundo Municipal de Saúde de Pitimbu;022026;2026;17135031;Transferências de Recursos do Bloco de Manutenção das Ações e Serviços Públicos de Saúde – Vigilância em Saúde - Principal;Lançamento de Receita;1.381,37;500;Recursos não vinculados de Impostos;"Não ";Não Aplicável
Pitimbu;601147;Fundo Municipal de Saúde de Pitimbu;022026;2026;17135031;Transferências de Recursos do Bloco de Manutenção das Ações e Serviços Públicos de Saúde – Vigilância em Saúde - Principal;Lançamento de Receita;16.210;604;Transferências provenientes do Governo Federal destinadas ao vencimento dos agentes comunitários de saúde e dos agentes de combate às endemias;"Não ";Não Aplicável
Pitimbu;601147;Fundo Municipal de Saúde de Pitimbu;022026;2026;17135031;Transferências de Recursos do Bloco de Manutenção das Ações e Serviços Públicos de Saúde – Vigilância em Saúde - Principal;Lançamento de Receita;7.280,3;600;Transferências Fundo a Fundo de Recursos do SUS provenientes do Governo Federal - Bloco de Manutenção das Ações e Serviços Públicos de Saúde;"Não ";Não Aplicável
Pitimbu;601147;Fundo Municipal de Saúde de Pitimbu;012026;2026;17135031;Transferências de Recursos do Bloco de Manutenção das Ações e Serviços Públicos de Saúde – Vigilância em Saúde - Principal;Lançamento de Receita;16.210;604;Transferências provenientes do Governo Federal destinadas ao vencimento dos agentes comunitários de saúde e dos agentes de combate às endemias;"Não ";Não Aplicável
Pitimbu;601147;Fundo Municipal de Saúde de Pitimbu;012026;2026;17135031;Transferências de Recursos do Bloco de Manutenção das Ações e Serviços Públicos de Saúde – Vigilância em Saúde - Principal;Lançamento de Receita;10.475,34;600;Transferências Fundo a Fundo de Recursos do SUS provenientes do Governo Federal - Bloco de Manutenção das Ações e Serviços Públicos de Saúde;"Não ";Não Aplicável
Pitimbu;601147;Fundo Municipal de Saúde de Pitimbu;052026;2026;17135021;Transferências de Recursos do Bloco de Manutenção das Ações e Serviços Públicos de Saúde – Atenção Especializada - Principal;Lançamento de Receita;91.198,49;600;Transferências Fundo a Fundo de Recursos do SUS provenientes do Governo Federal - Bloco de Manutenção das Ações e Serviços Públicos de Saúde;"Não ";Não Aplicável
Pitimbu;601147;Fundo Municipal de Saúde de Pitimbu;052026;2026;17135021;Transferências de Recursos do Bloco de Manutenção das Ações e Serviços Públicos de Saúde – Atenção Especializada - Principal;Outras Deduções;-1.061,76;600;Transferências Fundo a Fundo de Recursos do SUS provenientes do Governo Federal - Bloco de Manutenção das Ações e Serviços Públicos de Saúde;"Não ";Não Aplicável
Pitimbu;601147;Fundo Municipal de Saúde de Pitimbu;042026;2026;17135021;Transferências de Recursos do Bloco de Manutenção das Ações e Serviços Públicos de Saúde – Atenção Especializada - Principal;Lançamento de Receita;91.198,49;600;Transferências Fundo a Fundo de Recursos do SUS provenientes do Governo Federal - Bloco de Manutenção das Ações e Serviços Públicos de Saúde;"Não ";Não Aplicável
Pitimbu;601147;Fundo Municipal de Saúde de Pitimbu;042026;2026;17135021;Transferências de Recursos do Bloco de Manutenção das Ações e Serviços Públicos de Saúde – Atenção Especializada - Principal;Outras Deduções;-1.061,76;600;Transferências Fundo a Fundo de Recursos do SUS provenientes do Governo Federal - Bloco de Manutenção das Ações e Serviços Públicos de Saúde;"Não ";Não Aplicável
Pitimbu;601147;Fundo Municipal de Saúde de Pitimbu;032026;2026;17135021;Transferências de Recursos do Bloco de Manutenção das Ações e Serviços Públicos de Saúde – Atenção Especializada - Principal;Outras Deduções;-1.061,76;600;Transferências Fundo a Fundo de Recursos do SUS provenientes do Governo Federal - Bloco de Manutenção das Ações e Serviços Públicos de Saúde;"Não ";Não Aplicável
Pitimbu;601147;Fundo Municipal de Saúde de Pitimbu;032026;2026;17135021;Transferências de Recursos do Bloco de Manutenção das Ações e Serviços Públicos de Saúde – Atenção Especializada - Principal;Lançamento de Receita;91.198,49;600;Transferências Fundo a Fundo de Recursos do SUS provenientes do Governo Federal - Bloco de Manutenção das Ações e Serviços Públicos de Saúde;"Não ";Não Aplicável
Pitimbu;601147;Fundo Municipal de Saúde de Pitimbu;022026;2026;17135021;Transferências de Recursos do Bloco de Manutenção das Ações e Serviços Públicos de Saúde – Atenção Especializada - Principal;Lançamento de Receita;91.198,49;600;Transferências Fundo a Fundo de Recursos do SUS provenientes do Governo Federal - Bloco de Manutenção das Ações e Serviços Públicos de Saúde;"Não ";Não Aplicável
Pitimbu;601147;Fundo Municipal de Saúde de Pitimbu;022026;2026;17135021;Transferências de Recursos do Bloco de Manutenção das Ações e Serviços Públicos de Saúde – Atenção Especializada - Principal;Outras Deduções;-1.061,76;600;Transferências Fundo a Fundo de Recursos do SUS provenientes do Governo Federal - Bloco de Manutenção das Ações e Serviços Públicos de Saúde;"Não ";Não Aplicável
Pitimbu;601147;Fundo Municipal de Saúde de Pitimbu;012026;2026;17135021;Transferências de Recursos do Bloco de Manutenção das Ações e Serviços Públicos de Saúde – Atenção Especializada - Principal;Outras Deduções;-1.061,76;600;Transferências Fundo a Fundo de Recursos do SUS provenientes do Governo Federal - Bloco de Manutenção das Ações e Serviços Públicos de Saúde;"Não ";Não Aplicável
Pitimbu;601147;Fundo Municipal de Saúde de Pitimbu;012026;2026;17135021;Transferências de Recursos do Bloco de Manutenção das Ações e Serviços Públicos de Saúde – Atenção Especializada - Principal;Lançamento de Receita;91.198,49;600;Transferências Fundo a Fundo de Recursos do SUS provenientes do Governo Federal - Bloco de Manutenção das Ações e Serviços Públicos de Saúde;"Não ";Não Aplicável
Pitimbu;601147;Fundo Municipal de Saúde de Pitimbu;052026;2026;17135011;Transferências de Recursos do Bloco de Manutenção das Ações e Serviços Públicos de Saúde – Atenção Primária - Principal;Lançamento de Receita;145.079,5;604;Transferências provenientes do Governo Federal destinadas ao vencimento dos agentes comunitários de saúde e dos agentes de combate às endemias;"Não ";Não Aplicável
Pitimbu;601147;Fundo Municipal de Saúde de Pitimbu;052026;2026;17135011;Transferências de Recursos do Bloco de Manutenção das Ações e Serviços Públicos de Saúde – Atenção Primária - Principal;Lançamento de Receita;406.579,48;600;Transferências Fundo a Fundo de Recursos do SUS provenientes do Governo Federal - Bloco de Manutenção das Ações e Serviços Públicos de Saúde;"Não ";Não Aplicável
Pitimbu;601147;Fundo Municipal de Saúde de Pitimbu;042026;2026;17135011;Transferências de Recursos do Bloco de Manutenção das Ações e Serviços Públicos de Saúde – Atenção Primária - Principal;Lançamento de Receita;544.770,96;600;Transferências Fundo a Fundo de Recursos do SUS provenientes do Governo Federal - Bloco de Manutenção das Ações e Serviços Públicos de Saúde;"Não ";Não Aplicável
Pitimbu;601147;Fundo Municipal de Saúde de Pitimbu;032026;2026;17135011;Transferências de Recursos do Bloco de Manutenção das Ações e Serviços Públicos de Saúde – Atenção Primária - Principal;Lançamento de Receita;129.680;604;Transferências provenientes do Governo Federal destinadas ao vencimento dos agentes comunitários de saúde e dos agentes de combate às endemias;"Não ";Não Aplicável
Pitimbu;601147;Fundo Municipal de Saúde de Pitimbu;032026;2026;17135011;Transferências de Recursos do Bloco de Manutenção das Ações e Serviços Públicos de Saúde – Atenção Primária - Principal;Lançamento de Receita;417.049,92;600;Transferências Fundo a Fundo de Recursos do SUS provenientes do Governo Federal - Bloco de Manutenção das Ações e Serviços Públicos de Saúde;"Não ";Não Aplicável
Pitimbu;601147;Fundo Municipal de Saúde de Pitimbu;022026;2026;17135011;Transferências de Recursos do Bloco de Manutenção das Ações e Serviços Públicos de Saúde – Atenção Primária - Principal;Lançamento de Receita;455.618;600;Transferências Fundo a Fundo de Recursos do SUS provenientes do Governo Federal - Bloco de Manutenção das Ações e Serviços Públicos de Saúde;"Não ";Não Aplicável
Pitimbu;601147;Fundo Municipal de Saúde de Pitimbu;022026;2026;17135011;Transferências de Recursos do Bloco de Manutenção das Ações e Serviços Públicos de Saúde – Atenção Primária - Principal;Lançamento de Receita;129.680;604;Transferências provenientes do Governo Federal destinadas ao vencimento dos agentes comunitários de saúde e dos agentes de combate às endemias;"Não ";Não Aplicável
Pitimbu;601147;Fundo Municipal de Saúde de Pitimbu;012026;2026;17135011;Transferências de Recursos do Bloco de Manutenção das Ações e Serviços Públicos de Saúde – Atenção Primária - Principal;Lançamento de Receita;129.680;604;Transferências provenientes do Governo Federal destinadas ao vencimento dos agentes comunitários de saúde e dos agentes de combate às endemias;"Não ";Não Aplicável
Pitimbu;601147;Fundo Municipal de Saúde de Pitimbu;012026;2026;17135011;Transferências de Recursos do Bloco de Manutenção das Ações e Serviços Públicos de Saúde – Atenção Primária - Principal;Lançamento de Receita;416.052,11;600;Transferências Fundo a Fundo de Recursos do SUS provenientes do Governo Federal - Bloco de Manutenção das Ações e Serviços Públicos de Saúde;"Não ";Não Aplicável
Pitimbu;601147;Fundo Municipal de Saúde de Pitimbu;052026;2026;13210111;Remuneração de Depósitos Bancários - Geral - Principal;Lançamento de Receita;216,17;600;Transferências Fundo a Fundo de Recursos do SUS provenientes do Governo Federal - Bloco de Manutenção das Ações e Serviços Públicos de Saúde;"Não ";Não Aplicável
Pitimbu;601147;Fundo Municipal de Saúde de Pitimbu;042026;2026;13210111;Remuneração de Depósitos Bancários - Geral - Principal;Lançamento de Receita;236,04;621;"Transferências Fundo a Fundo de Recursos do SUS provenientes do Governo Estadual ";"Não ";Não Aplicável
Pitimbu;601147;Fundo Municipal de Saúde de Pitimbu;042026;2026;13210111;Remuneração de Depósitos Bancários - Geral - Principal;Lançamento de Receita;6,52;605;Assistência financeira da União destinada à complementação ao pagamento dos pisos salariais para profissionais da enfermagem;"Não ";Não Aplicável
Pitimbu;601147;Fundo Municipal de Saúde de Pitimbu;042026;2026;13210111;Remuneração de Depósitos Bancários - Geral - Principal;Lançamento de Receita;19.479,37;601;Transferências Fundo a Fundo de Recursos do SUS provenientes do Governo Federal - Bloco de Estruturação da Rede de Serviços Públicos de Saúde;"Não ";Não Aplicável
Pitimbu;601147;Fundo Municipal de Saúde de Pitimbu;042026;2026;13210111;Remuneração de Depósitos Bancários - Geral - Principal;Lançamento de Receita;4.440,77;500;Recursos não vinculados de Impostos;"Não ";Não Aplicável
Pitimbu;601147;Fundo Municipal de Saúde de Pitimbu;042026;2026;13210111;Remuneração de Depósitos Bancários - Geral - Principal;Lançamento de Receita;823,95;710;Transferência Especial dos Estados;"Não ";Não Aplicável
Pitimbu;601147;Fundo Municipal de Saúde de Pitimbu;042026;2026;13210111;Remuneração de Depósitos Bancários - Geral - Principal;Lançamento de Receita;17.770,86;600;Transferências Fundo a Fundo de Recursos do SUS provenientes do Governo Federal - Bloco de Manutenção das Ações e Serviços Públicos de Saúde;"Não ";Não Aplicável
Pitimbu;601147;Fundo Municipal de Saúde de Pitimbu;032026;2026;13210111;Remuneração de Depósitos Bancários - Geral - Principal;Lançamento de Receita;68,58;605;Assistência financeira da União destinada à complementação ao pagamento dos pisos salariais para profissionais da enfermagem;"Não ";Não Aplicável
Pitimbu;601147;Fundo Municipal de Saúde de Pitimbu;032026;2026;13210111;Remuneração de Depósitos Bancários - Geral - Principal;Lançamento de Receita;237,6;621;"Transferências Fundo a Fundo de Recursos do SUS provenientes do Governo Estadual ";"Não ";Não Aplicável
Pitimbu;601147;Fundo Municipal de Saúde de Pitimbu;032026;2026;13210111;Remuneração de Depósitos Bancários - Geral - Principal;Lançamento de Receita;4.818,19;500;Recursos não vinculados de Impostos;"Não ";Não Aplicável
Pitimbu;601147;Fundo Municipal de Saúde de Pitimbu;032026;2026;13210111;Remuneração de Depósitos Bancários - Geral - Principal;Lançamento de Receita;981,53;710;Transferência Especial dos Estados;"Não ";Não Aplicável
Pitimbu;601147;Fundo Municipal de Saúde de Pitimbu;032026;2026;13210111;Remuneração de Depósitos Bancários - Geral - Principal;Lançamento de Receita;17.989,99;600;Transferências Fundo a Fundo de Recursos do SUS provenientes do Governo Federal - Bloco de Manutenção das Ações e Serviços Públicos de Saúde;"Não ";Não Aplicável
Pitimbu;601147;Fundo Municipal de Saúde de Pitimbu;032026;2026;13210111;Remuneração de Depósitos Bancários - Geral - Principal;Lançamento de Receita;21.744,3;601;Transferências Fundo a Fundo de Recursos do SUS provenientes do Governo Federal - Bloco de Estruturação da Rede de Serviços Públicos de Saúde;"Não ";Não Aplicável
Pitimbu;601147;Fundo Municipal de Saúde de Pitimbu;022026;2026;13210111;Remuneração de Depósitos Bancários - Geral - Principal;Lançamento de Receita;894,81;600;Transferências Fundo a Fundo de Recursos do SUS provenientes do Governo Federal - Bloco de Manutenção das Ações e Serviços Públicos de Saúde;3110;Identificação das Transferências da União decorrentes de emendas parlamentares individuais
Pitimbu;601147;Fundo Municipal de Saúde de Pitimbu;022026;2026;13210111;Remuneração de Depósitos Bancários - Geral - Principal;Lançamento de Receita;198,15;621;"Transferências Fundo a Fundo de Recursos do SUS provenientes do Governo Estadual ";"Não ";Não Aplicável
Pitimbu;601147;Fundo Municipal de Saúde de Pitimbu;022026;2026;13210111;Remuneração de Depósitos Bancários - Geral - Principal;Lançamento de Receita;15.478,69;600;Transferências Fundo a Fundo de Recursos do SUS provenientes do Governo Federal - Bloco de Manutenção das Ações e Serviços Públicos de Saúde;"Não ";Não Aplicável
Pitimbu;601147;Fundo Municipal de Saúde de Pitimbu;022026;2026;13210111;Remuneração de Depósitos Bancários - Geral - Principal;Lançamento de Receita;903,01;710;Transferência Especial dos Estados;"Não ";Não Aplicável
Pitimbu;601147;Fundo Municipal de Saúde de Pitimbu;022026;2026;13210111;Remuneração de Depósitos Bancários - Geral - Principal;Lançamento de Receita;5.501,44;500;Recursos não vinculados de Impostos;"Não ";Não Aplicável
Pitimbu;601147;Fundo Municipal de Saúde de Pitimbu;022026;2026;13210111;Remuneração de Depósitos Bancários - Geral - Principal;Lançamento de Receita;18.368,69;601;Transferências Fundo a Fundo de Recursos do SUS provenientes do Governo Federal - Bloco de Estruturação da Rede de Serviços Públicos de Saúde;"Não ";Não Aplicável
Pitimbu;601147;Fundo Municipal de Saúde de Pitimbu;022026;2026;13210111;Remuneração de Depósitos Bancários - Geral - Principal;Lançamento de Receita;168,99;605;Assistência financeira da União destinada à complementação ao pagamento dos pisos salariais para profissionais da enfermagem;"Não ";Não Aplicável
Pitimbu;601147;Fundo Municipal de Saúde de Pitimbu;012026;2026;13210111;Remuneração de Depósitos Bancários - Geral - Principal;Lançamento de Receita;233,53;621;"Transferências Fundo a Fundo de Recursos do SUS provenientes do Governo Estadual ";"Não ";Não Aplicável
Pitimbu;601147;Fundo Municipal de Saúde de Pitimbu;012026;2026;13210111;Remuneração de Depósitos Bancários - Geral - Principal;Lançamento de Receita;5.016,64;600;Transferências Fundo a Fundo de Recursos do SUS provenientes do Governo Federal - Bloco de Manutenção das Ações e Serviços Públicos de Saúde;"Não ";Não Aplicável
Pitimbu;601147;Fundo Municipal de Saúde de Pitimbu;012026;2026;13210111;Remuneração de Depósitos Bancários - Geral - Principal;Lançamento de Receita;1.042,21;710;Transferência Especial dos Estados;"Não ";Não Aplicável
Pitimbu;601147;Fundo Municipal de Saúde de Pitimbu;012026;2026;13210111;Remuneração de Depósitos Bancários - Geral - Principal;Lançamento de Receita;5.303,54;500;Recursos não vinculados de Impostos;"Não ";Não Aplicável
Pitimbu;601147;Fundo Municipal de Saúde de Pitimbu;012026;2026;13210111;Remuneração de Depósitos Bancários - Geral - Principal;Lançamento de Receita;22.106,92;601;Transferências Fundo a Fundo de Recursos do SUS provenientes do Governo Federal - Bloco de Estruturação da Rede de Serviços Públicos de Saúde;"Não ";Não Aplicável
Pitimbu;601147;Fundo Municipal de Saúde de Pitimbu;012026;2026;13210111;Remuneração de Depósitos Bancários - Geral - Principal;Lançamento de Receita;274,84;605;Assistência financeira da União destinada à complementação ao pagamento dos pisos salariais para profissionais da enfermagem;"Não ";Não Aplicável
Pitimbu;601147;Fundo Municipal de Saúde de Pitimbu;012026;2026;13210111;Remuneração de Depósitos Bancários - Geral - Principal;Lançamento de Receita;14.167,27;600;Transferências Fundo a Fundo de Recursos do SUS provenientes do Governo Federal - Bloco de Manutenção das Ações e Serviços Públicos de Saúde;3110;Identificação das Transferências da União decorrentes de emendas parlamentares individuais
Pitimbu;601147;Fundo Municipal de Saúde de Pitimbu;012026;2026;13210101;Remuneração de Depósitos Bancários - Principal;Lançamento de Receita;284,86;600;Transferências Fundo a Fundo de Recursos do SUS provenientes do Governo Federal - Bloco de Manutenção das Ações e Serviços Públicos de Saúde;"Não ";Não Aplicável
