municipio;codigo_unidade_gestora;descricao_unidade_gestora;mes_ano;ano;codigo_receita;descricao_receita;tipo_atualizacao_receita;valor;codigo_fonte_recurso;descricao_fonte_recurso;co;descricao_co
Caaporã;201038;Prefeitura Municipal de Caaporã;042026;2026;24299901;Outras Transferências de Recursos dos Estados - Principal;Lançamento de Receita;201.300;701;Outras Transferências de Convênios ou Repasses dos Estados;"Não ";Não Aplicável
Caaporã;201038;Prefeitura Municipal de Caaporã;032026;2026;24299901;Outras Transferências de Recursos dos Estados - Principal;Lançamento de Receita;79.990;701;Outras Transferências de Convênios ou Repasses dos Estados;"Não ";Não Aplicável
Caaporã;201038;Prefeitura Municipal de Caaporã;052026;2026;19229901;Outras Restituições - Principal;Lançamento de Receita;393,49;500;Recursos não vinculados de Impostos;"Não ";Não Aplicável
Caaporã;201038;Prefeitura Municipal de Caaporã;042026;2026;19229901;Outras Restituições - Principal;Lançamento de Receita;491,87;500;Recursos não vinculados de Impostos;"Não ";Não Aplicável
Caaporã;201038;Prefeitura Municipal de Caaporã;032026;2026;19229901;Outras Restituições - Principal;Lançamento de Receita;491,87;500;Recursos não vinculados de Impostos;"Não ";Não Aplicável
Caaporã;201038;Prefeitura Municipal de Caaporã;022026;2026;19229901;Outras Restituições - Principal;Lançamento de Receita;2.627,94;500;Recursos não vinculados de Impostos;"Não ";Não Aplicável
Caaporã;201038;Prefeitura Municipal de Caaporã;012026;2026;19229901;Outras Restituições - Principal;Lançamento de Receita;491,87;500;Recursos não vinculados de Impostos;"Não ";Não Aplicável
Caaporã;201038;Prefeitura Municipal de Caaporã;052026;2026;17515001;Transferências de Recursos do Fundo de Manutenção e Desenvolvimento da Educação Básica e de Valorização dos Profissionais da Educação – FUNDEB - Principal;Lançamento de Receita;455.833,94;540;Transferências do FUNDEB - Impostos e Transferências de Impostos;"Não ";Não Aplicável
Caaporã;201038;Prefeitura Municipal de Caaporã;052026;2026;17515001;Transferências de Recursos do Fundo de Manutenção e Desenvolvimento da Educação Básica e de Valorização dos Profissionais da Educação – FUNDEB - Principal;Lançamento de Receita;1.172.144,46;540;Transferências do FUNDEB - Impostos e Transferências de Impostos;1070;Identificação do percentual aplicado no pagamento da remuneração dos profissionais da educação básica em efetivo exercício
Caaporã;201038;Prefeitura Municipal de Caaporã;042026;2026;17515001;Transferências de Recursos do Fundo de Manutenção e Desenvolvimento da Educação Básica e de Valorização dos Profissionais da Educação – FUNDEB - Principal;Lançamento de Receita;713.302,12;540;Transferências do FUNDEB - Impostos e Transferências de Impostos;"Não ";Não Aplicável
Caaporã;201038;Prefeitura Municipal de Caaporã;042026;2026;17515001;Transferências de Recursos do Fundo de Manutenção e Desenvolvimento da Educação Básica e de Valorização dos Profissionais da Educação – FUNDEB - Principal;Lançamento de Receita;1.834.205,43;540;Transferências do FUNDEB - Impostos e Transferências de Impostos;1070;Identificação do percentual aplicado no pagamento da remuneração dos profissionais da educação básica em efetivo exercício
Caaporã;201038;Prefeitura Municipal de Caaporã;032026;2026;17515001;Transferências de Recursos do Fundo de Manutenção e Desenvolvimento da Educação Básica e de Valorização dos Profissionais da Educação – FUNDEB - Principal;Lançamento de Receita;1.721.954,34;540;Transferências do FUNDEB - Impostos e Transferências de Impostos;1070;Identificação do percentual aplicado no pagamento da remuneração dos profissionais da educação básica em efetivo exercício
Caaporã;201038;Prefeitura Municipal de Caaporã;032026;2026;17515001;Transferências de Recursos do Fundo de Manutenção e Desenvolvimento da Educação Básica e de Valorização dos Profissionais da Educação – FUNDEB - Principal;Lançamento de Receita;669.648,9;540;Transferências do FUNDEB - Impostos e Transferências de Impostos;"Não ";Não Aplicável
Caaporã;201038;Prefeitura Municipal de Caaporã;022026;2026;17515001;Transferências de Recursos do Fundo de Manutenção e Desenvolvimento da Educação Básica e de Valorização dos Profissionais da Educação – FUNDEB - Principal;Lançamento de Receita;2.157.653,48;540;Transferências do FUNDEB - Impostos e Transferências de Impostos;1070;Identificação do percentual aplicado no pagamento da remuneração dos profissionais da educação básica em efetivo exercício
Caaporã;201038;Prefeitura Municipal de Caaporã;022026;2026;17515001;Transferências de Recursos do Fundo de Manutenção e Desenvolvimento da Educação Básica e de Valorização dos Profissionais da Educação – FUNDEB - Principal;Lançamento de Receita;839.087,47;540;Transferências do FUNDEB - Impostos e Transferências de Impostos;"Não ";Não Aplicável
Caaporã;201038;Prefeitura Municipal de Caaporã;012026;2026;17515001;Transferências de Recursos do Fundo de Manutenção e Desenvolvimento da Educação Básica e de Valorização dos Profissionais da Educação – FUNDEB - Principal;Lançamento de Receita;1.957.744,27;540;Transferências do FUNDEB - Impostos e Transferências de Impostos;1070;Identificação do percentual aplicado no pagamento da remuneração dos profissionais da educação básica em efetivo exercício
Caaporã;201038;Prefeitura Municipal de Caaporã;012026;2026;17515001;Transferências de Recursos do Fundo de Manutenção e Desenvolvimento da Educação Básica e de Valorização dos Profissionais da Educação – FUNDEB - Principal;Lançamento de Receita;761.345;540;Transferências do FUNDEB - Impostos e Transferências de Impostos;"Não ";Não Aplicável
Caaporã;201038;Prefeitura Municipal de Caaporã;052026;2026;17295101;Transferências de Estados destinadas à Assistência Social - Principal;Lançamento de Receita;72.099,32;661;Transferência de Recursos dos Fundos Estaduais de Assistência Social;"Não ";Não Aplicável
Caaporã;201038;Prefeitura Municipal de Caaporã;042026;2026;17235001;Transferências de Recursos do Sistema Único de Saúde – SUS - Principal;Lançamento de Receita;5.315,91;621;"Transferências Fundo a Fundo de Recursos do SUS provenientes do Governo Estadual ";"Não ";Não Aplicável
Caaporã;201038;Prefeitura Municipal de Caaporã;032026;2026;17235001;Transferências de Recursos do Sistema Único de Saúde – SUS - Principal;Lançamento de Receita;20.000;621;"Transferências Fundo a Fundo de Recursos do SUS provenientes do Governo Estadual ";"Não ";Não Aplicável
Caaporã;201038;Prefeitura Municipal de Caaporã;022026;2026;17235001;Transferências de Recursos do Sistema Único de Saúde – SUS - Principal;Lançamento de Receita;25.315,91;621;"Transferências Fundo a Fundo de Recursos do SUS provenientes do Governo Estadual ";"Não ";Não Aplicável
Caaporã;201038;Prefeitura Municipal de Caaporã;012026;2026;17235001;Transferências de Recursos do Sistema Único de Saúde – SUS - Principal;Lançamento de Receita;25.315,91;621;"Transferências Fundo a Fundo de Recursos do SUS provenientes do Governo Estadual ";"Não ";Não Aplicável
Caaporã;201038;Prefeitura Municipal de Caaporã;042026;2026;17215301;Cota-Parte da Contribuição de Intervenção no Domínio Econômico - Principal;Lançamento de Receita;5.577,67;750;Recursos da Contribuição de Intervenção no Domínio Econômico - CIDE;"Não ";Não Aplicável
Caaporã;201038;Prefeitura Municipal de Caaporã;012026;2026;17215301;Cota-Parte da Contribuição de Intervenção no Domínio Econômico - Principal;Lançamento de Receita;6.927,54;750;Recursos da Contribuição de Intervenção no Domínio Econômico - CIDE;"Não ";Não Aplicável
Caaporã;201038;Prefeitura Municipal de Caaporã;052026;2026;17215201;Cota-Parte do IPI - Municípios - Principal;Lançamento de Receita;175,5;500;Recursos não vinculados de Impostos;"Não ";Não Aplicável
Caaporã;201038;Prefeitura Municipal de Caaporã;052026;2026;17215201;Cota-Parte do IPI - Municípios - Principal;Lançamento de Receita;87,75;500;Recursos não vinculados de Impostos;1001;Identificação das despesas com manutenção e desenvolvimento do ensino
Caaporã;201038;Prefeitura Municipal de Caaporã;052026;2026;17215201;Cota-Parte do IPI - Municípios - Principal;Lançamento de Receita;61,75;500;Recursos não vinculados de Impostos;1002;Identificação das despesas com ações e serviços públicos de saúde
Caaporã;201038;Prefeitura Municipal de Caaporã;042026;2026;17215201;Cota-Parte do IPI - Municípios - Principal;Lançamento de Receita;84,76;500;Recursos não vinculados de Impostos;1002;Identificação das despesas com ações e serviços públicos de saúde
Caaporã;201038;Prefeitura Municipal de Caaporã;042026;2026;17215201;Cota-Parte do IPI - Municípios - Principal;Lançamento de Receita;240,91;500;Recursos não vinculados de Impostos;"Não ";Não Aplicável
Caaporã;201038;Prefeitura Municipal de Caaporã;042026;2026;17215201;Cota-Parte do IPI - Municípios - Principal;Lançamento de Receita;120,46;500;Recursos não vinculados de Impostos;1001;Identificação das despesas com manutenção e desenvolvimento do ensino
Caaporã;201038;Prefeitura Municipal de Caaporã;032026;2026;17215201;Cota-Parte do IPI - Municípios - Principal;Lançamento de Receita;78,8;500;Recursos não vinculados de Impostos;1002;Identificação das despesas com ações e serviços públicos de saúde
Caaporã;201038;Prefeitura Municipal de Caaporã;032026;2026;17215201;Cota-Parte do IPI - Municípios - Principal;Lançamento de Receita;223,96;500;Recursos não vinculados de Impostos;"Não ";Não Aplicável
Caaporã;201038;Prefeitura Municipal de Caaporã;032026;2026;17215201;Cota-Parte do IPI - Municípios - Principal;Lançamento de Receita;111,98;500;Recursos não vinculados de Impostos;1001;Identificação das despesas com manutenção e desenvolvimento do ensino
Caaporã;201038;Prefeitura Municipal de Caaporã;022026;2026;17215201;Cota-Parte do IPI - Municípios - Principal;Lançamento de Receita;125,04;500;Recursos não vinculados de Impostos;1001;Identificação das despesas com manutenção e desenvolvimento do ensino
Caaporã;201038;Prefeitura Municipal de Caaporã;022026;2026;17215201;Cota-Parte do IPI - Municípios - Principal;Lançamento de Receita;250,1;500;Recursos não vinculados de Impostos;"Não ";Não Aplicável
Caaporã;201038;Prefeitura Municipal de Caaporã;022026;2026;17215201;Cota-Parte do IPI - Municípios - Principal;Lançamento de Receita;88;500;Recursos não vinculados de Impostos;1002;Identificação das despesas com ações e serviços públicos de saúde
Caaporã;201038;Prefeitura Municipal de Caaporã;012026;2026;17215201;Cota-Parte do IPI - Municípios - Principal;Lançamento de Receita;273,87;500;Recursos não vinculados de Impostos;"Não ";Não Aplicável
Caaporã;201038;Prefeitura Municipal de Caaporã;012026;2026;17215201;Cota-Parte do IPI - Municípios - Principal;Lançamento de Receita;136,93;500;Recursos não vinculados de Impostos;1001;Identificação das despesas com manutenção e desenvolvimento do ensino
Caaporã;201038;Prefeitura Municipal de Caaporã;012026;2026;17215201;Cota-Parte do IPI - Municípios - Principal;Lançamento de Receita;96,36;500;Recursos não vinculados de Impostos;1002;Identificação das despesas com ações e serviços públicos de saúde
Caaporã;201038;Prefeitura Municipal de Caaporã;052026;2026;17215101;Cota-Parte do IPVA - Principal;Lançamento de Receita;14.510,4;500;Recursos não vinculados de Impostos;1001;Identificação das despesas com manutenção e desenvolvimento do ensino
Caaporã;201038;Prefeitura Municipal de Caaporã;052026;2026;17215101;Cota-Parte do IPVA - Principal;Lançamento de Receita;10.211,01;500;Recursos não vinculados de Impostos;1002;Identificação das despesas com ações e serviços públicos de saúde
Caaporã;201038;Prefeitura Municipal de Caaporã;052026;2026;17215101;Cota-Parte do IPVA - Principal;Lançamento de Receita;29.020,79;500;Recursos não vinculados de Impostos;"Não ";Não Aplicável
Caaporã;201038;Prefeitura Municipal de Caaporã;042026;2026;17215101;Cota-Parte do IPVA - Principal;Lançamento de Receita;17.375,02;500;Recursos não vinculados de Impostos;1001;Identificação das despesas com manutenção e desenvolvimento do ensino
Caaporã;201038;Prefeitura Municipal de Caaporã;042026;2026;17215101;Cota-Parte do IPVA - Principal;Lançamento de Receita;12.226,9;500;Recursos não vinculados de Impostos;1002;Identificação das despesas com ações e serviços públicos de saúde
Caaporã;201038;Prefeitura Municipal de Caaporã;042026;2026;17215101;Cota-Parte do IPVA - Principal;Lançamento de Receita;34.750,04;500;Recursos não vinculados de Impostos;"Não ";Não Aplicável
Caaporã;201038;Prefeitura Municipal de Caaporã;032026;2026;17215101;Cota-Parte do IPVA - Principal;Lançamento de Receita;14.369,01;500;Recursos não vinculados de Impostos;1002;Identificação das despesas com ações e serviços públicos de saúde
Caaporã;201038;Prefeitura Municipal de Caaporã;032026;2026;17215101;Cota-Parte do IPVA - Principal;Lançamento de Receita;40.838,21;500;Recursos não vinculados de Impostos;"Não ";Não Aplicável
Caaporã;201038;Prefeitura Municipal de Caaporã;032026;2026;17215101;Cota-Parte do IPVA - Principal;Lançamento de Receita;20.419,1;500;Recursos não vinculados de Impostos;1001;Identificação das despesas com manutenção e desenvolvimento do ensino
Caaporã;201038;Prefeitura Municipal de Caaporã;022026;2026;17215101;Cota-Parte do IPVA - Principal;Lançamento de Receita;9.595,31;500;Recursos não vinculados de Impostos;1002;Identificação das despesas com ações e serviços públicos de saúde
Caaporã;201038;Prefeitura Municipal de Caaporã;022026;2026;17215101;Cota-Parte do IPVA - Principal;Lançamento de Receita;27.271,03;500;Recursos não vinculados de Impostos;"Não ";Não Aplicável
Caaporã;201038;Prefeitura Municipal de Caaporã;022026;2026;17215101;Cota-Parte do IPVA - Principal;Lançamento de Receita;13.635,52;500;Recursos não vinculados de Impostos;1001;Identificação das despesas com manutenção e desenvolvimento do ensino
Caaporã;201038;Prefeitura Municipal de Caaporã;012026;2026;17215101;Cota-Parte do IPVA - Principal;Lançamento de Receita;38.977,74;500;Recursos não vinculados de Impostos;"Não ";Não Aplicável
Caaporã;201038;Prefeitura Municipal de Caaporã;012026;2026;17215101;Cota-Parte do IPVA - Principal;Lançamento de Receita;13.714,42;500;Recursos não vinculados de Impostos;1002;Identificação das despesas com ações e serviços públicos de saúde
Caaporã;201038;Prefeitura Municipal de Caaporã;012026;2026;17215101;Cota-Parte do IPVA - Principal;Lançamento de Receita;19.488,87;500;Recursos não vinculados de Impostos;1001;Identificação das despesas com manutenção e desenvolvimento do ensino
Caaporã;201038;Prefeitura Municipal de Caaporã;052026;2026;17215001;Cota-Parte do ICMS - Principal;Lançamento de Receita;667.727,54;500;Recursos não vinculados de Impostos;"Não ";Não Aplicável
Caaporã;201038;Prefeitura Municipal de Caaporã;052026;2026;17215001;Cota-Parte do ICMS - Principal;Dedução do Fundeb;-247.306,49;500;Recursos não vinculados de Impostos;1001;Identificação das despesas com manutenção e desenvolvimento do ensino
Caaporã;201038;Prefeitura Municipal de Caaporã;052026;2026;17215001;Cota-Parte do ICMS - Principal;Lançamento de Receita;234.941,18;500;Recursos não vinculados de Impostos;1002;Identificação das despesas com ações e serviços públicos de saúde
Caaporã;201038;Prefeitura Municipal de Caaporã;052026;2026;17215001;Cota-Parte do ICMS - Principal;Lançamento de Receita;333.863,77;500;Recursos não vinculados de Impostos;1001;Identificação das despesas com manutenção e desenvolvimento do ensino
Caaporã;201038;Prefeitura Municipal de Caaporã;042026;2026;17215001;Cota-Parte do ICMS - Principal;Lançamento de Receita;1.182.739,2;500;Recursos não vinculados de Impostos;"Não ";Não Aplicável
Caaporã;201038;Prefeitura Municipal de Caaporã;042026;2026;17215001;Cota-Parte do ICMS - Principal;Dedução do Fundeb;-438.051,54;500;Recursos não vinculados de Impostos;1001;Identificação das despesas com manutenção e desenvolvimento do ensino
Caaporã;201038;Prefeitura Municipal de Caaporã;042026;2026;17215001;Cota-Parte do ICMS - Principal;Lançamento de Receita;591.369,6;500;Recursos não vinculados de Impostos;1001;Identificação das despesas com manutenção e desenvolvimento do ensino
Caaporã;201038;Prefeitura Municipal de Caaporã;042026;2026;17215001;Cota-Parte do ICMS - Principal;Lançamento de Receita;416.148,97;500;Recursos não vinculados de Impostos;1002;Identificação das despesas com ações e serviços públicos de saúde
Caaporã;201038;Prefeitura Municipal de Caaporã;032026;2026;17215001;Cota-Parte do ICMS - Principal;Lançamento de Receita;431.264,36;500;Recursos não vinculados de Impostos;1002;Identificação das despesas com ações e serviços públicos de saúde
Caaporã;201038;Prefeitura Municipal de Caaporã;032026;2026;17215001;Cota-Parte do ICMS - Principal;Lançamento de Receita;612.849,33;500;Recursos não vinculados de Impostos;1001;Identificação das despesas com manutenção e desenvolvimento do ensino
Caaporã;201038;Prefeitura Municipal de Caaporã;032026;2026;17215001;Cota-Parte do ICMS - Principal;Dedução do Fundeb;-453.962,46;500;Recursos não vinculados de Impostos;1001;Identificação das despesas com manutenção e desenvolvimento do ensino
Caaporã;201038;Prefeitura Municipal de Caaporã;032026;2026;17215001;Cota-Parte do ICMS - Principal;Lançamento de Receita;1.225.698,68;500;Recursos não vinculados de Impostos;"Não ";Não Aplicável
Caaporã;201038;Prefeitura Municipal de Caaporã;022026;2026;17215001;Cota-Parte do ICMS - Principal;Lançamento de Receita;360.789,19;500;Recursos não vinculados de Impostos;1002;Identificação das despesas com ações e serviços públicos de saúde
Caaporã;201038;Prefeitura Municipal de Caaporã;022026;2026;17215001;Cota-Parte do ICMS - Principal;Lançamento de Receita;1.025.400,86;500;Recursos não vinculados de Impostos;"Não ";Não Aplicável
Caaporã;201038;Prefeitura Municipal de Caaporã;022026;2026;17215001;Cota-Parte do ICMS - Principal;Lançamento de Receita;512.700,43;500;Recursos não vinculados de Impostos;1001;Identificação das despesas com manutenção e desenvolvimento do ensino
Caaporã;201038;Prefeitura Municipal de Caaporã;022026;2026;17215001;Cota-Parte do ICMS - Principal;Dedução do Fundeb;-379.778,08;500;Recursos não vinculados de Impostos;1001;Identificação das despesas com manutenção e desenvolvimento do ensino
Caaporã;201038;Prefeitura Municipal de Caaporã;012026;2026;17215001;Cota-Parte do ICMS - Principal;Lançamento de Receita;596.592,61;500;Recursos não vinculados de Impostos;1001;Identificação das despesas com manutenção e desenvolvimento do ensino
Caaporã;201038;Prefeitura Municipal de Caaporã;012026;2026;17215001;Cota-Parte do ICMS - Principal;Lançamento de Receita;419.824,43;500;Recursos não vinculados de Impostos;1002;Identificação das despesas com ações e serviços públicos de saúde
Caaporã;201038;Prefeitura Municipal de Caaporã;012026;2026;17215001;Cota-Parte do ICMS - Principal;Lançamento de Receita;1.193.185,22;500;Recursos não vinculados de Impostos;"Não ";Não Aplicável
Caaporã;201038;Prefeitura Municipal de Caaporã;012026;2026;17215001;Cota-Parte do ICMS - Principal;Dedução do Fundeb;-441.920,43;500;Recursos não vinculados de Impostos;1001;Identificação das despesas com manutenção e desenvolvimento do ensino
Caaporã;201038;Prefeitura Municipal de Caaporã;052026;2026;17199901;Outras Transferências de Recursos da União e de suas Entidades - Principal;Lançamento de Receita;10.358,2;500;Recursos não vinculados de Impostos;"Não ";Não Aplicável
Caaporã;201038;Prefeitura Municipal de Caaporã;042026;2026;17199901;Outras Transferências de Recursos da União e de suas Entidades - Principal;Lançamento de Receita;26.670,12;500;Recursos não vinculados de Impostos;"Não ";Não Aplicável
Caaporã;201038;Prefeitura Municipal de Caaporã;032026;2026;17199901;Outras Transferências de Recursos da União e de suas Entidades - Principal;Lançamento de Receita;20.345,39;500;Recursos não vinculados de Impostos;"Não ";Não Aplicável
Caaporã;201038;Prefeitura Municipal de Caaporã;022026;2026;17199901;Outras Transferências de Recursos da União e de suas Entidades - Principal;Lançamento de Receita;26.249,98;500;Recursos não vinculados de Impostos;"Não ";Não Aplicável
Caaporã;201038;Prefeitura Municipal de Caaporã;012026;2026;17199901;Outras Transferências de Recursos da União e de suas Entidades - Principal;Lançamento de Receita;29.878,15;500;Recursos não vinculados de Impostos;"Não ";Não Aplicável
Caaporã;201038;Prefeitura Municipal de Caaporã;052026;2026;17165001;Transferências de Recursos do Fundo Nacional de Assistência Social – FNAS - Principal;Lançamento de Receita;32.474,59;660;Transferência de Recursos do Fundo Nacional de Assistência Social - FNAS;"Não ";Não Aplicável
Caaporã;201038;Prefeitura Municipal de Caaporã;042026;2026;17165001;Transferências de Recursos do Fundo Nacional de Assistência Social – FNAS - Principal;Lançamento de Receita;117.601,32;660;Transferência de Recursos do Fundo Nacional de Assistência Social - FNAS;"Não ";Não Aplicável
Caaporã;201038;Prefeitura Municipal de Caaporã;032026;2026;17165001;Transferências de Recursos do Fundo Nacional de Assistência Social – FNAS - Principal;Lançamento de Receita;115.027,93;660;Transferência de Recursos do Fundo Nacional de Assistência Social - FNAS;"Não ";Não Aplicável
Caaporã;201038;Prefeitura Municipal de Caaporã;022026;2026;17165001;Transferências de Recursos do Fundo Nacional de Assistência Social – FNAS - Principal;Lançamento de Receita;62.497,15;660;Transferência de Recursos do Fundo Nacional de Assistência Social - FNAS;"Não ";Não Aplicável
Caaporã;201038;Prefeitura Municipal de Caaporã;012026;2026;17165001;Transferências de Recursos do Fundo Nacional de Assistência Social – FNAS - Principal;Lançamento de Receita;18.042,05;660;Transferência de Recursos do Fundo Nacional de Assistência Social - FNAS;"Não ";Não Aplicável
Caaporã;201038;Prefeitura Municipal de Caaporã;012026;2026;17155301;Transferências de Recursos do Fundeb destinados à criação de matrículas em ETI- Principal;Lançamento de Receita;96.005,71;546;Transferências do FUNDEB - complementação da União - Educação Tempo Integral;1072;"Identificação do percentual
aplicado no pagamento da
remuneração dos profissionais
da educação básica em efetivo
exercício e na criação de
matrículas em tempo integral
(ETI) na educação básica. - assicuada a fonte de recurso 540"
Caaporã;201038;Prefeitura Municipal de Caaporã;012026;2026;17155301;Transferências de Recursos do Fundeb destinados à criação de matrículas em ETI- Principal;Lançamento de Receita;41.145,31;546;Transferências do FUNDEB - complementação da União - Educação Tempo Integral;1071;"Identificação do percentual
aplicado na criação de
matrículas em tempo integral
(ETI) na educação básica - associada a FR 540"
Caaporã;201038;Prefeitura Municipal de Caaporã;042026;2026;17155201;Transferências de Recursos de Complementação da União ao Fundeb – VAAR - Principal;Lançamento de Receita;169.347,87;543;Transferências do FUNDEB - Complementação da União - VAAR;"Não ";Não Aplicável
Caaporã;201038;Prefeitura Municipal de Caaporã;032026;2026;17155201;Transferências de Recursos de Complementação da União ao Fundeb – VAAR - Principal;Lançamento de Receita;152.913,44;543;Transferências do FUNDEB - Complementação da União - VAAR;"Não ";Não Aplicável
Caaporã;201038;Prefeitura Municipal de Caaporã;022026;2026;17155201;Transferências de Recursos de Complementação da União ao Fundeb – VAAR - Principal;Lançamento de Receita;140.170,66;543;Transferências do FUNDEB - Complementação da União - VAAR;"Não ";Não Aplicável
Caaporã;201038;Prefeitura Municipal de Caaporã;012026;2026;17155201;Transferências de Recursos de Complementação da União ao Fundeb – VAAR - Principal;Lançamento de Receita;359.213,13;543;Transferências do FUNDEB - Complementação da União - VAAR;"Não ";Não Aplicável
Caaporã;201038;Prefeitura Municipal de Caaporã;042026;2026;17155101;Transferências de Recursos de Complementação da União ao Fundeb – VAAF - Principal;Lançamento de Receita;185.427,32;541;Transferências do FUNDEB - Complementação da União - VAAF;1070;Identificação do percentual aplicado no pagamento da remuneração dos profissionais da educação básica em efetivo exercício
Caaporã;201038;Prefeitura Municipal de Caaporã;042026;2026;17155101;Transferências de Recursos de Complementação da União ao Fundeb – VAAF - Principal;Lançamento de Receita;72.110,63;541;Transferências do FUNDEB - Complementação da União - VAAF;"Não ";Não Aplicável
Caaporã;201038;Prefeitura Municipal de Caaporã;032026;2026;17155101;Transferências de Recursos de Complementação da União ao Fundeb – VAAF - Principal;Lançamento de Receita;87.444,13;541;Transferências do FUNDEB - Complementação da União - VAAF;1070;Identificação do percentual aplicado no pagamento da remuneração dos profissionais da educação básica em efetivo exercício
Caaporã;201038;Prefeitura Municipal de Caaporã;032026;2026;17155101;Transferências de Recursos de Complementação da União ao Fundeb – VAAF - Principal;Lançamento de Receita;34.006,05;541;Transferências do FUNDEB - Complementação da União - VAAF;"Não ";Não Aplicável
Caaporã;201038;Prefeitura Municipal de Caaporã;022026;2026;17155101;Transferências de Recursos de Complementação da União ao Fundeb – VAAF - Principal;Lançamento de Receita;80.157,12;541;Transferências do FUNDEB - Complementação da União - VAAF;1070;Identificação do percentual aplicado no pagamento da remuneração dos profissionais da educação básica em efetivo exercício
Caaporã;201038;Prefeitura Municipal de Caaporã;022026;2026;17155101;Transferências de Recursos de Complementação da União ao Fundeb – VAAF - Principal;Lançamento de Receita;31.172,22;541;Transferências do FUNDEB - Complementação da União - VAAF;"Não ";Não Aplicável
Caaporã;201038;Prefeitura Municipal de Caaporã;012026;2026;17155101;Transferências de Recursos de Complementação da União ao Fundeb – VAAF - Principal;Lançamento de Receita;72.967,85;541;Transferências do FUNDEB - Complementação da União - VAAF;"Não ";Não Aplicável
Caaporã;201038;Prefeitura Municipal de Caaporã;012026;2026;17155101;Transferências de Recursos de Complementação da União ao Fundeb – VAAF - Principal;Lançamento de Receita;187.631,59;541;Transferências do FUNDEB - Complementação da União - VAAF;1070;Identificação do percentual aplicado no pagamento da remuneração dos profissionais da educação básica em efetivo exercício
Caaporã;201038;Prefeitura Municipal de Caaporã;042026;2026;17155001;Transferências de Recursos de Complementação da União ao Fundeb – VAAT - Principal;Lançamento de Receita;280.721,79;542;Transferências do FUNDEB - Complementação da União - VAAT;"Não ";Não Aplicável
Caaporã;201038;Prefeitura Municipal de Caaporã;042026;2026;17155001;Transferências de Recursos de Complementação da União ao Fundeb – VAAT - Principal;Lançamento de Receita;721.856,05;542;Transferências do FUNDEB - Complementação da União - VAAT;1070;Identificação do percentual aplicado no pagamento da remuneração dos profissionais da educação básica em efetivo exercício
Caaporã;201038;Prefeitura Municipal de Caaporã;032026;2026;17155001;Transferências de Recursos de Complementação da União ao Fundeb – VAAT - Principal;Lançamento de Receita;653.526,81;542;Transferências do FUNDEB - Complementação da União - VAAT;1070;Identificação do percentual aplicado no pagamento da remuneração dos profissionais da educação básica em efetivo exercício
Caaporã;201038;Prefeitura Municipal de Caaporã;032026;2026;17155001;Transferências de Recursos de Complementação da União ao Fundeb – VAAT - Principal;Lançamento de Receita;254.149,31;542;Transferências do FUNDEB - Complementação da União - VAAT;"Não ";Não Aplicável
Caaporã;201038;Prefeitura Municipal de Caaporã;022026;2026;17155001;Transferências de Recursos de Complementação da União ao Fundeb – VAAT - Principal;Lançamento de Receita;599.066,24;542;Transferências do FUNDEB - Complementação da União - VAAT;1070;Identificação do percentual aplicado no pagamento da remuneração dos profissionais da educação básica em efetivo exercício
Caaporã;201038;Prefeitura Municipal de Caaporã;022026;2026;17155001;Transferências de Recursos de Complementação da União ao Fundeb – VAAT - Principal;Lançamento de Receita;232.970,2;542;Transferências do FUNDEB - Complementação da União - VAAT;"Não ";Não Aplicável
Caaporã;201038;Prefeitura Municipal de Caaporã;012026;2026;17155001;Transferências de Recursos de Complementação da União ao Fundeb – VAAT - Principal;Lançamento de Receita;1.641.976,78;542;Transferências do FUNDEB - Complementação da União - VAAT;1070;Identificação do percentual aplicado no pagamento da remuneração dos profissionais da educação básica em efetivo exercício
Caaporã;201038;Prefeitura Municipal de Caaporã;012026;2026;17155001;Transferências de Recursos de Complementação da União ao Fundeb – VAAT - Principal;Lançamento de Receita;638.546,53;542;Transferências do FUNDEB - Complementação da União - VAAT;"Não ";Não Aplicável
Caaporã;201038;Prefeitura Municipal de Caaporã;042026;2026;17145301;Transferências referentes ao Programa Nacional de Apoio ao Transporte do Escolar – PNATE - Principal;Lançamento de Receita;26.957,44;553;"Transferências de Recursos do FNDE Referentes ao Programa Nacional de Apoio ao Transporte Escolar (PNATE) ";"Não ";Não Aplicável
Caaporã;201038;Prefeitura Municipal de Caaporã;052026;2026;17145201;Transferências referentes ao Programa Nacional de Alimentação Escolar – PNAE - Principal;Lançamento de Receita;96.902,5;552;Transferências de Recursos do FNDE Referentes ao Programa Nacional de Alimentação Escolar (PNAE);"Não ";Não Aplicável
Caaporã;201038;Prefeitura Municipal de Caaporã;042026;2026;17145201;Transferências referentes ao Programa Nacional de Alimentação Escolar – PNAE - Principal;Lançamento de Receita;96.902,5;552;Transferências de Recursos do FNDE Referentes ao Programa Nacional de Alimentação Escolar (PNAE);"Não ";Não Aplicável
Caaporã;201038;Prefeitura Municipal de Caaporã;032026;2026;17145201;Transferências referentes ao Programa Nacional de Alimentação Escolar – PNAE - Principal;Lançamento de Receita;96.902,5;552;Transferências de Recursos do FNDE Referentes ao Programa Nacional de Alimentação Escolar (PNAE);"Não ";Não Aplicável
Caaporã;201038;Prefeitura Municipal de Caaporã;022026;2026;17145201;Transferências referentes ao Programa Nacional de Alimentação Escolar – PNAE - Principal;Lançamento de Receita;96.902,5;552;Transferências de Recursos do FNDE Referentes ao Programa Nacional de Alimentação Escolar (PNAE);"Não ";Não Aplicável
Caaporã;201038;Prefeitura Municipal de Caaporã;042026;2026;17145001;Transferências do Salário-Educação - Principal;Lançamento de Receita;206.171,4;550;Transferência do Salário-Educação;"Não ";Não Aplicável
Caaporã;201038;Prefeitura Municipal de Caaporã;032026;2026;17145001;Transferências do Salário-Educação - Principal;Lançamento de Receita;206.466,26;550;Transferência do Salário-Educação;"Não ";Não Aplicável
Caaporã;201038;Prefeitura Municipal de Caaporã;022026;2026;17145001;Transferências do Salário-Educação - Principal;Lançamento de Receita;200.297,44;550;Transferência do Salário-Educação;"Não ";Não Aplicável
Caaporã;201038;Prefeitura Municipal de Caaporã;012026;2026;17145001;Transferências do Salário-Educação - Principal;Lançamento de Receita;321.442,4;550;Transferência do Salário-Educação;"Não ";Não Aplicável
Caaporã;201038;Prefeitura Municipal de Caaporã;042026;2026;17135051;Transferências de Recursos do Bloco de Manutenção das Ações e Serviços Públicos de Saúde – Gestão do SUS - Principal;Lançamento de Receita;204.403,76;605;Assistência financeira da União destinada à complementação ao pagamento dos pisos salariais para profissionais da enfermagem;"Não ";Não Aplicável
Caaporã;201038;Prefeitura Municipal de Caaporã;032026;2026;17135051;Transferências de Recursos do Bloco de Manutenção das Ações e Serviços Públicos de Saúde – Gestão do SUS - Principal;Lançamento de Receita;206.396,85;605;Assistência financeira da União destinada à complementação ao pagamento dos pisos salariais para profissionais da enfermagem;"Não ";Não Aplicável
Caaporã;201038;Prefeitura Municipal de Caaporã;022026;2026;17135051;Transferências de Recursos do Bloco de Manutenção das Ações e Serviços Públicos de Saúde – Gestão do SUS - Principal;Lançamento de Receita;200.928,67;605;Assistência financeira da União destinada à complementação ao pagamento dos pisos salariais para profissionais da enfermagem;"Não ";Não Aplicável
Caaporã;201038;Prefeitura Municipal de Caaporã;042026;2026;17135041;Transferências de Recursos do Bloco de Manutenção das Ações e Serviços Públicos de Saúde – Assistência Farmacêutica - Principal;Lançamento de Receita;15.578,9;600;Transferências Fundo a Fundo de Recursos do SUS provenientes do Governo Federal - Bloco de Manutenção das Ações e Serviços Públicos de Saúde;"Não ";Não Aplicável
Caaporã;201038;Prefeitura Municipal de Caaporã;032026;2026;17135041;Transferências de Recursos do Bloco de Manutenção das Ações e Serviços Públicos de Saúde – Assistência Farmacêutica - Principal;Lançamento de Receita;15.578,9;600;Transferências Fundo a Fundo de Recursos do SUS provenientes do Governo Federal - Bloco de Manutenção das Ações e Serviços Públicos de Saúde;"Não ";Não Aplicável
Caaporã;201038;Prefeitura Municipal de Caaporã;022026;2026;17135041;Transferências de Recursos do Bloco de Manutenção das Ações e Serviços Públicos de Saúde – Assistência Farmacêutica - Principal;Lançamento de Receita;15.578,9;600;Transferências Fundo a Fundo de Recursos do SUS provenientes do Governo Federal - Bloco de Manutenção das Ações e Serviços Públicos de Saúde;"Não ";Não Aplicável
Caaporã;201038;Prefeitura Municipal de Caaporã;012026;2026;17135041;Transferências de Recursos do Bloco de Manutenção das Ações e Serviços Públicos de Saúde – Assistência Farmacêutica - Principal;Lançamento de Receita;21.578,9;600;Transferências Fundo a Fundo de Recursos do SUS provenientes do Governo Federal - Bloco de Manutenção das Ações e Serviços Públicos de Saúde;"Não ";Não Aplicável
Caaporã;201038;Prefeitura Municipal de Caaporã;052026;2026;17135031;Transferências de Recursos do Bloco de Manutenção das Ações e Serviços Públicos de Saúde – Vigilância em Saúde - Principal;Lançamento de Receita;5.311,94;600;Transferências Fundo a Fundo de Recursos do SUS provenientes do Governo Federal - Bloco de Manutenção das Ações e Serviços Públicos de Saúde;"Não ";Não Aplicável
Caaporã;201038;Prefeitura Municipal de Caaporã;052026;2026;17135031;Transferências de Recursos do Bloco de Manutenção das Ações e Serviços Públicos de Saúde – Vigilância em Saúde - Principal;Lançamento de Receita;145.890;604;Transferências provenientes do Governo Federal destinadas ao vencimento dos agentes comunitários de saúde e dos agentes de combate às endemias;"Não ";Não Aplicável
Caaporã;201038;Prefeitura Municipal de Caaporã;042026;2026;17135031;Transferências de Recursos do Bloco de Manutenção das Ações e Serviços Públicos de Saúde – Vigilância em Saúde - Principal;Lançamento de Receita;145.890;604;Transferências provenientes do Governo Federal destinadas ao vencimento dos agentes comunitários de saúde e dos agentes de combate às endemias;"Não ";Não Aplicável
Caaporã;201038;Prefeitura Municipal de Caaporã;042026;2026;17135031;Transferências de Recursos do Bloco de Manutenção das Ações e Serviços Públicos de Saúde – Vigilância em Saúde - Principal;Lançamento de Receita;13.400,05;600;Transferências Fundo a Fundo de Recursos do SUS provenientes do Governo Federal - Bloco de Manutenção das Ações e Serviços Públicos de Saúde;"Não ";Não Aplicável
Caaporã;201038;Prefeitura Municipal de Caaporã;032026;2026;17135031;Transferências de Recursos do Bloco de Manutenção das Ações e Serviços Públicos de Saúde – Vigilância em Saúde - Principal;Lançamento de Receita;34.453,82;600;Transferências Fundo a Fundo de Recursos do SUS provenientes do Governo Federal - Bloco de Manutenção das Ações e Serviços Públicos de Saúde;"Não ";Não Aplicável
Caaporã;201038;Prefeitura Municipal de Caaporã;032026;2026;17135031;Transferências de Recursos do Bloco de Manutenção das Ações e Serviços Públicos de Saúde – Vigilância em Saúde - Principal;Lançamento de Receita;145.890;604;Transferências provenientes do Governo Federal destinadas ao vencimento dos agentes comunitários de saúde e dos agentes de combate às endemias;"Não ";Não Aplicável
Caaporã;201038;Prefeitura Municipal de Caaporã;022026;2026;17135031;Transferências de Recursos do Bloco de Manutenção das Ações e Serviços Públicos de Saúde – Vigilância em Saúde - Principal;Lançamento de Receita;12.087,99;600;Transferências Fundo a Fundo de Recursos do SUS provenientes do Governo Federal - Bloco de Manutenção das Ações e Serviços Públicos de Saúde;"Não ";Não Aplicável
Caaporã;201038;Prefeitura Municipal de Caaporã;022026;2026;17135031;Transferências de Recursos do Bloco de Manutenção das Ações e Serviços Públicos de Saúde – Vigilância em Saúde - Principal;Lançamento de Receita;145.890;604;Transferências provenientes do Governo Federal destinadas ao vencimento dos agentes comunitários de saúde e dos agentes de combate às endemias;"Não ";Não Aplicável
Caaporã;201038;Prefeitura Municipal de Caaporã;012026;2026;17135031;Transferências de Recursos do Bloco de Manutenção das Ações e Serviços Públicos de Saúde – Vigilância em Saúde - Principal;Lançamento de Receita;145.890;604;Transferências provenientes do Governo Federal destinadas ao vencimento dos agentes comunitários de saúde e dos agentes de combate às endemias;"Não ";Não Aplicável
Caaporã;201038;Prefeitura Municipal de Caaporã;012026;2026;17135031;Transferências de Recursos do Bloco de Manutenção das Ações e Serviços Públicos de Saúde – Vigilância em Saúde - Principal;Lançamento de Receita;12.543,7;600;Transferências Fundo a Fundo de Recursos do SUS provenientes do Governo Federal - Bloco de Manutenção das Ações e Serviços Públicos de Saúde;"Não ";Não Aplicável
Caaporã;201038;Prefeitura Municipal de Caaporã;052026;2026;17135011;Transferências de Recursos do Bloco de Manutenção das Ações e Serviços Públicos de Saúde – Atenção Primária - Principal;Lançamento de Receita;2.030.944,55;600;Transferências Fundo a Fundo de Recursos do SUS provenientes do Governo Federal - Bloco de Manutenção das Ações e Serviços Públicos de Saúde;"Não ";Não Aplicável
Caaporã;201038;Prefeitura Municipal de Caaporã;042026;2026;17135011;Transferências de Recursos do Bloco de Manutenção das Ações e Serviços Públicos de Saúde – Atenção Primária - Principal;Lançamento de Receita;673.367,69;600;Transferências Fundo a Fundo de Recursos do SUS provenientes do Governo Federal - Bloco de Manutenção das Ações e Serviços Públicos de Saúde;"Não ";Não Aplicável
Caaporã;201038;Prefeitura Municipal de Caaporã;032026;2026;17135011;Transferências de Recursos do Bloco de Manutenção das Ações e Serviços Públicos de Saúde – Atenção Primária - Principal;Lançamento de Receita;667.571,52;600;Transferências Fundo a Fundo de Recursos do SUS provenientes do Governo Federal - Bloco de Manutenção das Ações e Serviços Públicos de Saúde;"Não ";Não Aplicável
Caaporã;201038;Prefeitura Municipal de Caaporã;022026;2026;17135011;Transferências de Recursos do Bloco de Manutenção das Ações e Serviços Públicos de Saúde – Atenção Primária - Principal;Lançamento de Receita;960.653,09;600;Transferências Fundo a Fundo de Recursos do SUS provenientes do Governo Federal - Bloco de Manutenção das Ações e Serviços Públicos de Saúde;"Não ";Não Aplicável
Caaporã;201038;Prefeitura Municipal de Caaporã;012026;2026;17135011;Transferências de Recursos do Bloco de Manutenção das Ações e Serviços Públicos de Saúde – Atenção Primária - Principal;Lançamento de Receita;640.657,31;600;Transferências Fundo a Fundo de Recursos do SUS provenientes do Governo Federal - Bloco de Manutenção das Ações e Serviços Públicos de Saúde;"Não ";Não Aplicável
Caaporã;201038;Prefeitura Municipal de Caaporã;042026;2026;17125241;Cota-Parte do Fundo Especial do Petróleo – FEP - Principal;Lançamento de Receita;10.535,95;500;Recursos não vinculados de Impostos;1002;Identificação das despesas com ações e serviços públicos de saúde
Caaporã;201038;Prefeitura Municipal de Caaporã;042026;2026;17125241;Cota-Parte do Fundo Especial do Petróleo – FEP - Principal;Lançamento de Receita;29.944,27;500;Recursos não vinculados de Impostos;"Não ";Não Aplicável
Caaporã;201038;Prefeitura Municipal de Caaporã;042026;2026;17125241;Cota-Parte do Fundo Especial do Petróleo – FEP - Principal;Lançamento de Receita;14.972,13;500;Recursos não vinculados de Impostos;1001;Identificação das despesas com manutenção e desenvolvimento do ensino
Caaporã;201038;Prefeitura Municipal de Caaporã;032026;2026;17125241;Cota-Parte do Fundo Especial do Petróleo – FEP - Principal;Lançamento de Receita;11.174,29;500;Recursos não vinculados de Impostos;1002;Identificação das despesas com ações e serviços públicos de saúde
Caaporã;201038;Prefeitura Municipal de Caaporã;032026;2026;17125241;Cota-Parte do Fundo Especial do Petróleo – FEP - Principal;Lançamento de Receita;15.879,25;500;Recursos não vinculados de Impostos;1001;Identificação das despesas com manutenção e desenvolvimento do ensino
Caaporã;201038;Prefeitura Municipal de Caaporã;032026;2026;17125241;Cota-Parte do Fundo Especial do Petróleo – FEP - Principal;Lançamento de Receita;31.758,5;500;Recursos não vinculados de Impostos;"Não ";Não Aplicável
Caaporã;201038;Prefeitura Municipal de Caaporã;022026;2026;17125241;Cota-Parte do Fundo Especial do Petróleo – FEP - Principal;Lançamento de Receita;10.561,71;500;Recursos não vinculados de Impostos;1002;Identificação das despesas com ações e serviços públicos de saúde
Caaporã;201038;Prefeitura Municipal de Caaporã;022026;2026;17125241;Cota-Parte do Fundo Especial do Petróleo – FEP - Principal;Lançamento de Receita;15.008,74;500;Recursos não vinculados de Impostos;1001;Identificação das despesas com manutenção e desenvolvimento do ensino
Caaporã;201038;Prefeitura Municipal de Caaporã;022026;2026;17125241;Cota-Parte do Fundo Especial do Petróleo – FEP - Principal;Lançamento de Receita;30.017,47;500;Recursos não vinculados de Impostos;"Não ";Não Aplicável
Caaporã;201038;Prefeitura Municipal de Caaporã;012026;2026;17125241;Cota-Parte do Fundo Especial do Petróleo – FEP - Principal;Lançamento de Receita;13.378,05;500;Recursos não vinculados de Impostos;1001;Identificação das despesas com manutenção e desenvolvimento do ensino
Caaporã;201038;Prefeitura Municipal de Caaporã;012026;2026;17125241;Cota-Parte do Fundo Especial do Petróleo – FEP - Principal;Lançamento de Receita;26.756,11;500;Recursos não vinculados de Impostos;"Não ";Não Aplicável
Caaporã;201038;Prefeitura Municipal de Caaporã;012026;2026;17125241;Cota-Parte do Fundo Especial do Petróleo – FEP - Principal;Lançamento de Receita;9.414,18;500;Recursos não vinculados de Impostos;1002;Identificação das despesas com ações e serviços públicos de saúde
Caaporã;201038;Prefeitura Municipal de Caaporã;052026;2026;17125101;Cota-parte da Compensação Financeira pela Exploração de Recursos Minerais - CFEM - Principal;Lançamento de Receita;15.792,12;500;Recursos não vinculados de Impostos;1001;Identificação das despesas com manutenção e desenvolvimento do ensino
Caaporã;201038;Prefeitura Municipal de Caaporã;052026;2026;17125101;Cota-parte da Compensação Financeira pela Exploração de Recursos Minerais - CFEM - Principal;Lançamento de Receita;31.584,22;500;Recursos não vinculados de Impostos;"Não ";Não Aplicável
Caaporã;201038;Prefeitura Municipal de Caaporã;052026;2026;17125101;Cota-parte da Compensação Financeira pela Exploração de Recursos Minerais - CFEM - Principal;Lançamento de Receita;11.112,97;500;Recursos não vinculados de Impostos;1002;Identificação das despesas com ações e serviços públicos de saúde
Caaporã;201038;Prefeitura Municipal de Caaporã;042026;2026;17125101;Cota-parte da Compensação Financeira pela Exploração de Recursos Minerais - CFEM - Principal;Lançamento de Receita;30.498,9;500;Recursos não vinculados de Impostos;"Não ";Não Aplicável
Caaporã;201038;Prefeitura Municipal de Caaporã;042026;2026;17125101;Cota-parte da Compensação Financeira pela Exploração de Recursos Minerais - CFEM - Principal;Lançamento de Receita;15.249,45;500;Recursos não vinculados de Impostos;1001;Identificação das despesas com manutenção e desenvolvimento do ensino
Caaporã;201038;Prefeitura Municipal de Caaporã;042026;2026;17125101;Cota-parte da Compensação Financeira pela Exploração de Recursos Minerais - CFEM - Principal;Lançamento de Receita;10.731,1;500;Recursos não vinculados de Impostos;1002;Identificação das despesas com ações e serviços públicos de saúde
Caaporã;201038;Prefeitura Municipal de Caaporã;032026;2026;17125101;Cota-parte da Compensação Financeira pela Exploração de Recursos Minerais - CFEM - Principal;Lançamento de Receita;9.794,39;500;Recursos não vinculados de Impostos;1002;Identificação das despesas com ações e serviços públicos de saúde
Caaporã;201038;Prefeitura Municipal de Caaporã;032026;2026;17125101;Cota-parte da Compensação Financeira pela Exploração de Recursos Minerais - CFEM - Principal;Lançamento de Receita;27.836,69;500;Recursos não vinculados de Impostos;"Não ";Não Aplicável
Caaporã;201038;Prefeitura Municipal de Caaporã;032026;2026;17125101;Cota-parte da Compensação Financeira pela Exploração de Recursos Minerais - CFEM - Principal;Lançamento de Receita;13.918,34;500;Recursos não vinculados de Impostos;1001;Identificação das despesas com manutenção e desenvolvimento do ensino
Caaporã;201038;Prefeitura Municipal de Caaporã;022026;2026;17125101;Cota-parte da Compensação Financeira pela Exploração de Recursos Minerais - CFEM - Principal;Lançamento de Receita;9.886,65;500;Recursos não vinculados de Impostos;1002;Identificação das despesas com ações e serviços públicos de saúde
Caaporã;201038;Prefeitura Municipal de Caaporã;022026;2026;17125101;Cota-parte da Compensação Financeira pela Exploração de Recursos Minerais - CFEM - Principal;Lançamento de Receita;14.049,44;500;Recursos não vinculados de Impostos;1001;Identificação das despesas com manutenção e desenvolvimento do ensino
Caaporã;201038;Prefeitura Municipal de Caaporã;022026;2026;17125101;Cota-parte da Compensação Financeira pela Exploração de Recursos Minerais - CFEM - Principal;Lançamento de Receita;28.098,89;500;Recursos não vinculados de Impostos;"Não ";Não Aplicável
Caaporã;201038;Prefeitura Municipal de Caaporã;012026;2026;17125101;Cota-parte da Compensação Financeira pela Exploração de Recursos Minerais - CFEM - Principal;Lançamento de Receita;12.319,65;500;Recursos não vinculados de Impostos;1001;Identificação das despesas com manutenção e desenvolvimento do ensino
Caaporã;201038;Prefeitura Municipal de Caaporã;012026;2026;17125101;Cota-parte da Compensação Financeira pela Exploração de Recursos Minerais - CFEM - Principal;Lançamento de Receita;24.639,3;500;Recursos não vinculados de Impostos;"Não ";Não Aplicável
Caaporã;201038;Prefeitura Municipal de Caaporã;012026;2026;17125101;Cota-parte da Compensação Financeira pela Exploração de Recursos Minerais - CFEM - Principal;Lançamento de Receita;8.669,37;500;Recursos não vinculados de Impostos;1002;Identificação das despesas com ações e serviços públicos de saúde
Caaporã;201038;Prefeitura Municipal de Caaporã;052026;2026;17115201;Cota-Parte do Imposto Sobre a Propriedade Territorial Rural - Principal;Lançamento de Receita;2.773,63;500;Recursos não vinculados de Impostos;1002;Identificação das despesas com ações e serviços públicos de saúde
Caaporã;201038;Prefeitura Municipal de Caaporã;052026;2026;17115201;Cota-Parte do Imposto Sobre a Propriedade Territorial Rural - Principal;Lançamento de Receita;7.882,93;500;Recursos não vinculados de Impostos;"Não ";Não Aplicável
Caaporã;201038;Prefeitura Municipal de Caaporã;052026;2026;17115201;Cota-Parte do Imposto Sobre a Propriedade Territorial Rural - Principal;Lançamento de Receita;3.941,47;500;Recursos não vinculados de Impostos;1001;Identificação das despesas com manutenção e desenvolvimento do ensino
Caaporã;201038;Prefeitura Municipal de Caaporã;052026;2026;17115201;Cota-Parte do Imposto Sobre a Propriedade Territorial Rural - Principal;Dedução do Fundeb;-2.919,59;500;Recursos não vinculados de Impostos;1001;Identificação das despesas com manutenção e desenvolvimento do ensino
Caaporã;201038;Prefeitura Municipal de Caaporã;042026;2026;17115201;Cota-Parte do Imposto Sobre a Propriedade Territorial Rural - Principal;Lançamento de Receita;7.749,72;500;Recursos não vinculados de Impostos;"Não ";Não Aplicável
Caaporã;201038;Prefeitura Municipal de Caaporã;042026;2026;17115201;Cota-Parte do Imposto Sobre a Propriedade Territorial Rural - Principal;Dedução do Fundeb;-2.870,25;500;Recursos não vinculados de Impostos;1001;Identificação das despesas com manutenção e desenvolvimento do ensino
Caaporã;201038;Prefeitura Municipal de Caaporã;042026;2026;17115201;Cota-Parte do Imposto Sobre a Propriedade Territorial Rural - Principal;Lançamento de Receita;3.874,85;500;Recursos não vinculados de Impostos;1001;Identificação das despesas com manutenção e desenvolvimento do ensino
Caaporã;201038;Prefeitura Municipal de Caaporã;042026;2026;17115201;Cota-Parte do Imposto Sobre a Propriedade Territorial Rural - Principal;Lançamento de Receita;2.726,75;500;Recursos não vinculados de Impostos;1002;Identificação das despesas com ações e serviços públicos de saúde
Caaporã;201038;Prefeitura Municipal de Caaporã;032026;2026;17115201;Cota-Parte do Imposto Sobre a Propriedade Territorial Rural - Principal;Lançamento de Receita;2.701,62;500;Recursos não vinculados de Impostos;1002;Identificação das despesas com ações e serviços públicos de saúde
Caaporã;201038;Prefeitura Municipal de Caaporã;032026;2026;17115201;Cota-Parte do Imposto Sobre a Propriedade Territorial Rural - Principal;Dedução do Fundeb;-2.843,8;500;Recursos não vinculados de Impostos;1001;Identificação das despesas com manutenção e desenvolvimento do ensino
Caaporã;201038;Prefeitura Municipal de Caaporã;032026;2026;17115201;Cota-Parte do Imposto Sobre a Propriedade Territorial Rural - Principal;Lançamento de Receita;7.678,29;500;Recursos não vinculados de Impostos;"Não ";Não Aplicável
Caaporã;201038;Prefeitura Municipal de Caaporã;032026;2026;17115201;Cota-Parte do Imposto Sobre a Propriedade Territorial Rural - Principal;Lançamento de Receita;3.839,14;500;Recursos não vinculados de Impostos;1001;Identificação das despesas com manutenção e desenvolvimento do ensino
Caaporã;201038;Prefeitura Municipal de Caaporã;022026;2026;17115201;Cota-Parte do Imposto Sobre a Propriedade Territorial Rural - Principal;Lançamento de Receita;3.801,83;500;Recursos não vinculados de Impostos;1001;Identificação das despesas com manutenção e desenvolvimento do ensino
Caaporã;201038;Prefeitura Municipal de Caaporã;022026;2026;17115201;Cota-Parte do Imposto Sobre a Propriedade Territorial Rural - Principal;Lançamento de Receita;2.675,37;500;Recursos não vinculados de Impostos;1002;Identificação das despesas com ações e serviços públicos de saúde
Caaporã;201038;Prefeitura Municipal de Caaporã;022026;2026;17115201;Cota-Parte do Imposto Sobre a Propriedade Territorial Rural - Principal;Lançamento de Receita;7.603,67;500;Recursos não vinculados de Impostos;"Não ";Não Aplicável
Caaporã;201038;Prefeitura Municipal de Caaporã;022026;2026;17115201;Cota-Parte do Imposto Sobre a Propriedade Territorial Rural - Principal;Dedução do Fundeb;-2.816,17;500;Recursos não vinculados de Impostos;1001;Identificação das despesas com manutenção e desenvolvimento do ensino
Caaporã;201038;Prefeitura Municipal de Caaporã;012026;2026;17115201;Cota-Parte do Imposto Sobre a Propriedade Territorial Rural - Principal;Lançamento de Receita;11.650,38;500;Recursos não vinculados de Impostos;"Não ";Não Aplicável
Caaporã;201038;Prefeitura Municipal de Caaporã;012026;2026;17115201;Cota-Parte do Imposto Sobre a Propriedade Territorial Rural - Principal;Lançamento de Receita;4.099,2;500;Recursos não vinculados de Impostos;1002;Identificação das despesas com ações e serviços públicos de saúde
Caaporã;201038;Prefeitura Municipal de Caaporã;012026;2026;17115201;Cota-Parte do Imposto Sobre a Propriedade Territorial Rural - Principal;Dedução do Fundeb;-4.314,93;500;Recursos não vinculados de Impostos;1001;Identificação das despesas com manutenção e desenvolvimento do ensino
Caaporã;201038;Prefeitura Municipal de Caaporã;012026;2026;17115201;Cota-Parte do Imposto Sobre a Propriedade Territorial Rural - Principal;Lançamento de Receita;5.825,19;500;Recursos não vinculados de Impostos;1001;Identificação das despesas com manutenção e desenvolvimento do ensino
Caaporã;201038;Prefeitura Municipal de Caaporã;052026;2026;17115111;Cota-Parte do Fundo de Participação dos Municípios - Cota Mensal - Principal;Dedução do Fundeb;-399.205,57;500;Recursos não vinculados de Impostos;1001;Identificação das despesas com manutenção e desenvolvimento do ensino
Caaporã;201038;Prefeitura Municipal de Caaporã;052026;2026;17115111;Cota-Parte do Fundo de Participação dos Municípios - Cota Mensal - Principal;Lançamento de Receita;1.077.855,06;500;Recursos não vinculados de Impostos;"Não ";Não Aplicável
Caaporã;201038;Prefeitura Municipal de Caaporã;052026;2026;17115111;Cota-Parte do Fundo de Participação dos Municípios - Cota Mensal - Principal;Lançamento de Receita;379.245,29;500;Recursos não vinculados de Impostos;1002;Identificação das despesas com ações e serviços públicos de saúde
Caaporã;201038;Prefeitura Municipal de Caaporã;052026;2026;17115111;Cota-Parte do Fundo de Participação dos Municípios - Cota Mensal - Principal;Lançamento de Receita;538.927,53;500;Recursos não vinculados de Impostos;1001;Identificação das despesas com manutenção e desenvolvimento do ensino
Caaporã;201038;Prefeitura Municipal de Caaporã;042026;2026;17115111;Cota-Parte do Fundo de Participação dos Municípios - Cota Mensal - Principal;Lançamento de Receita;1.652.861,72;500;Recursos não vinculados de Impostos;"Não ";Não Aplicável
Caaporã;201038;Prefeitura Municipal de Caaporã;042026;2026;17115111;Cota-Parte do Fundo de Participação dos Municípios - Cota Mensal - Principal;Lançamento de Receita;581.562,45;500;Recursos não vinculados de Impostos;1002;Identificação das despesas com ações e serviços públicos de saúde
Caaporã;201038;Prefeitura Municipal de Caaporã;042026;2026;17115111;Cota-Parte do Fundo de Participação dos Municípios - Cota Mensal - Principal;Lançamento de Receita;826.430,88;500;Recursos não vinculados de Impostos;1001;Identificação das despesas com manutenção e desenvolvimento do ensino
Caaporã;201038;Prefeitura Municipal de Caaporã;042026;2026;17115111;Cota-Parte do Fundo de Participação dos Municípios - Cota Mensal - Principal;Dedução do Fundeb;-612.170,99;500;Recursos não vinculados de Impostos;1001;Identificação das despesas com manutenção e desenvolvimento do ensino
Caaporã;201038;Prefeitura Municipal de Caaporã;032026;2026;17115111;Cota-Parte do Fundo de Participação dos Municípios - Cota Mensal - Principal;Lançamento de Receita;701.910,03;500;Recursos não vinculados de Impostos;1001;Identificação das despesas com manutenção e desenvolvimento do ensino
Caaporã;201038;Prefeitura Municipal de Caaporã;032026;2026;17115111;Cota-Parte do Fundo de Participação dos Municípios - Cota Mensal - Principal;Lançamento de Receita;493.936,66;500;Recursos não vinculados de Impostos;1002;Identificação das despesas com ações e serviços públicos de saúde
Caaporã;201038;Prefeitura Municipal de Caaporã;032026;2026;17115111;Cota-Parte do Fundo de Participação dos Municípios - Cota Mensal - Principal;Lançamento de Receita;1.403.820,06;500;Recursos não vinculados de Impostos;"Não ";Não Aplicável
Caaporã;201038;Prefeitura Municipal de Caaporã;032026;2026;17115111;Cota-Parte do Fundo de Participação dos Municípios - Cota Mensal - Principal;Dedução do Fundeb;-519.933,3;500;Recursos não vinculados de Impostos;1001;Identificação das despesas com manutenção e desenvolvimento do ensino
Caaporã;201038;Prefeitura Municipal de Caaporã;022026;2026;17115111;Cota-Parte do Fundo de Participação dos Municípios - Cota Mensal - Principal;Lançamento de Receita;2.318.215,9;500;Recursos não vinculados de Impostos;"Não ";Não Aplicável
Caaporã;201038;Prefeitura Municipal de Caaporã;022026;2026;17115111;Cota-Parte do Fundo de Participação dos Municípios - Cota Mensal - Principal;Lançamento de Receita;1.159.107,95;500;Recursos não vinculados de Impostos;1001;Identificação das despesas com manutenção e desenvolvimento do ensino
Caaporã;201038;Prefeitura Municipal de Caaporã;022026;2026;17115111;Cota-Parte do Fundo de Participação dos Municípios - Cota Mensal - Principal;Lançamento de Receita;815.668,55;500;Recursos não vinculados de Impostos;1002;Identificação das despesas com ações e serviços públicos de saúde
Caaporã;201038;Prefeitura Municipal de Caaporã;022026;2026;17115111;Cota-Parte do Fundo de Participação dos Municípios - Cota Mensal - Principal;Dedução do Fundeb;-858.598,44;500;Recursos não vinculados de Impostos;1001;Identificação das despesas com manutenção e desenvolvimento do ensino
Caaporã;201038;Prefeitura Municipal de Caaporã;012026;2026;17115111;Cota-Parte do Fundo de Participação dos Municípios - Cota Mensal - Principal;Dedução do Fundeb;-682.890,89;500;Recursos não vinculados de Impostos;1001;Identificação das despesas com manutenção e desenvolvimento do ensino
Caaporã;201038;Prefeitura Municipal de Caaporã;012026;2026;17115111;Cota-Parte do Fundo de Participação dos Municípios - Cota Mensal - Principal;Lançamento de Receita;921.902,77;500;Recursos não vinculados de Impostos;1001;Identificação das despesas com manutenção e desenvolvimento do ensino
Caaporã;201038;Prefeitura Municipal de Caaporã;012026;2026;17115111;Cota-Parte do Fundo de Participação dos Municípios - Cota Mensal - Principal;Lançamento de Receita;1.843.805,5;500;Recursos não vinculados de Impostos;"Não ";Não Aplicável
Caaporã;201038;Prefeitura Municipal de Caaporã;012026;2026;17115111;Cota-Parte do Fundo de Participação dos Municípios - Cota Mensal - Principal;Lançamento de Receita;648.746,37;500;Recursos não vinculados de Impostos;1002;Identificação das despesas com ações e serviços públicos de saúde
Caaporã;201038;Prefeitura Municipal de Caaporã;052026;2026;13210101;Remuneração de Depósitos Bancários - Principal;Lançamento de Receita;31.947,08;500;Recursos não vinculados de Impostos;"Não ";Não Aplicável
Caaporã;201038;Prefeitura Municipal de Caaporã;042026;2026;13210101;Remuneração de Depósitos Bancários - Principal;Lançamento de Receita;159.595,1;500;Recursos não vinculados de Impostos;"Não ";Não Aplicável
Caaporã;201038;Prefeitura Municipal de Caaporã;042026;2026;13210101;Remuneração de Depósitos Bancários - Principal;Lançamento de Receita;660,09;600;Transferências Fundo a Fundo de Recursos do SUS provenientes do Governo Federal - Bloco de Manutenção das Ações e Serviços Públicos de Saúde;"Não ";Não Aplicável
Caaporã;201038;Prefeitura Municipal de Caaporã;042026;2026;13210101;Remuneração de Depósitos Bancários - Principal;Lançamento de Receita;2.209,72;621;"Transferências Fundo a Fundo de Recursos do SUS provenientes do Governo Estadual ";"Não ";Não Aplicável
Caaporã;201038;Prefeitura Municipal de Caaporã;032026;2026;13210101;Remuneração de Depósitos Bancários - Principal;Lançamento de Receita;200.299,38;500;Recursos não vinculados de Impostos;"Não ";Não Aplicável
Caaporã;201038;Prefeitura Municipal de Caaporã;032026;2026;13210101;Remuneração de Depósitos Bancários - Principal;Lançamento de Receita;4.041,56;621;"Transferências Fundo a Fundo de Recursos do SUS provenientes do Governo Estadual ";"Não ";Não Aplicável
Caaporã;201038;Prefeitura Municipal de Caaporã;032026;2026;13210101;Remuneração de Depósitos Bancários - Principal;Lançamento de Receita;1.151,22;600;Transferências Fundo a Fundo de Recursos do SUS provenientes do Governo Federal - Bloco de Manutenção das Ações e Serviços Públicos de Saúde;"Não ";Não Aplicável
Caaporã;201038;Prefeitura Municipal de Caaporã;022026;2026;13210101;Remuneração de Depósitos Bancários - Principal;Lançamento de Receita;194.021,81;500;Recursos não vinculados de Impostos;"Não ";Não Aplicável
Caaporã;201038;Prefeitura Municipal de Caaporã;022026;2026;13210101;Remuneração de Depósitos Bancários - Principal;Lançamento de Receita;3.302,83;621;"Transferências Fundo a Fundo de Recursos do SUS provenientes do Governo Estadual ";"Não ";Não Aplicável
Caaporã;201038;Prefeitura Municipal de Caaporã;022026;2026;13210101;Remuneração de Depósitos Bancários - Principal;Lançamento de Receita;3.656,27;600;Transferências Fundo a Fundo de Recursos do SUS provenientes do Governo Federal - Bloco de Manutenção das Ações e Serviços Públicos de Saúde;"Não ";Não Aplicável
Caaporã;201038;Prefeitura Municipal de Caaporã;012026;2026;13210101;Remuneração de Depósitos Bancários - Principal;Lançamento de Receita;838,65;600;Transferências Fundo a Fundo de Recursos do SUS provenientes do Governo Federal - Bloco de Manutenção das Ações e Serviços Públicos de Saúde;"Não ";Não Aplicável
Caaporã;201038;Prefeitura Municipal de Caaporã;012026;2026;13210101;Remuneração de Depósitos Bancários - Principal;Lançamento de Receita;162.689,57;500;Recursos não vinculados de Impostos;"Não ";Não Aplicável
Caaporã;201038;Prefeitura Municipal de Caaporã;012026;2026;13210101;Remuneração de Depósitos Bancários - Principal;Lançamento de Receita;3.811,94;621;"Transferências Fundo a Fundo de Recursos do SUS provenientes do Governo Estadual ";"Não ";Não Aplicável
Caaporã;201038;Prefeitura Municipal de Caaporã;052026;2026;12415001;Contribuição para o Custeio do Serviço de Iluminação Pública - Principal;Lançamento de Receita;117.992,54;751;Recursos da Contribuição para o Custeio do Serviço de Iluminação Pública - COSIP;"Não ";Não Aplicável
Caaporã;201038;Prefeitura Municipal de Caaporã;042026;2026;12415001;Contribuição para o Custeio do Serviço de Iluminação Pública - Principal;Lançamento de Receita;112.479,68;751;Recursos da Contribuição para o Custeio do Serviço de Iluminação Pública - COSIP;"Não ";Não Aplicável
Caaporã;201038;Prefeitura Municipal de Caaporã;032026;2026;12415001;Contribuição para o Custeio do Serviço de Iluminação Pública - Principal;Lançamento de Receita;109.852,39;751;Recursos da Contribuição para o Custeio do Serviço de Iluminação Pública - COSIP;"Não ";Não Aplicável
Caaporã;201038;Prefeitura Municipal de Caaporã;022026;2026;12415001;Contribuição para o Custeio do Serviço de Iluminação Pública - Principal;Lançamento de Receita;63.066,53;751;Recursos da Contribuição para o Custeio do Serviço de Iluminação Pública - COSIP;"Não ";Não Aplicável
Caaporã;201038;Prefeitura Municipal de Caaporã;012026;2026;12415001;Contribuição para o Custeio do Serviço de Iluminação Pública - Principal;Lançamento de Receita;101.411,29;751;Recursos da Contribuição para o Custeio do Serviço de Iluminação Pública - COSIP;"Não ";Não Aplicável
Caaporã;201038;Prefeitura Municipal de Caaporã;052026;2026;12219911;Outras Contribuições Econômicas – Não Arrecadadas e Não Projetadas pela RFB - Principal;Lançamento de Receita;49.264;500;Recursos não vinculados de Impostos;"Não ";Não Aplicável
Caaporã;201038;Prefeitura Municipal de Caaporã;042026;2026;12219911;Outras Contribuições Econômicas – Não Arrecadadas e Não Projetadas pela RFB - Principal;Lançamento de Receita;52.177,16;500;Recursos não vinculados de Impostos;"Não ";Não Aplicável
Caaporã;201038;Prefeitura Municipal de Caaporã;032026;2026;12219911;Outras Contribuições Econômicas – Não Arrecadadas e Não Projetadas pela RFB - Principal;Lançamento de Receita;53.084,69;500;Recursos não vinculados de Impostos;"Não ";Não Aplicável
Caaporã;201038;Prefeitura Municipal de Caaporã;022026;2026;12219911;Outras Contribuições Econômicas – Não Arrecadadas e Não Projetadas pela RFB - Principal;Lançamento de Receita;66.264,03;500;Recursos não vinculados de Impostos;"Não ";Não Aplicável
Caaporã;201038;Prefeitura Municipal de Caaporã;012026;2026;12219911;Outras Contribuições Econômicas – Não Arrecadadas e Não Projetadas pela RFB - Principal;Lançamento de Receita;74.868,46;500;Recursos não vinculados de Impostos;"Não ";Não Aplicável
Caaporã;201038;Prefeitura Municipal de Caaporã;052026;2026;11220101;Taxas pela Prestação de Serviços em Geral - Principal;Lançamento de Receita;506,42;500;Recursos não vinculados de Impostos;1001;Identificação das despesas com manutenção e desenvolvimento do ensino
Caaporã;201038;Prefeitura Municipal de Caaporã;052026;2026;11220101;Taxas pela Prestação de Serviços em Geral - Principal;Lançamento de Receita;356,34;500;Recursos não vinculados de Impostos;1002;Identificação das despesas com ações e serviços públicos de saúde
Caaporã;201038;Prefeitura Municipal de Caaporã;052026;2026;11220101;Taxas pela Prestação de Serviços em Geral - Principal;Lançamento de Receita;4.906,3;500;Recursos não vinculados de Impostos;"Não ";Não Aplicável
Caaporã;201038;Prefeitura Municipal de Caaporã;042026;2026;11220101;Taxas pela Prestação de Serviços em Geral - Principal;Lançamento de Receita;377,27;500;Recursos não vinculados de Impostos;1001;Identificação das despesas com manutenção e desenvolvimento do ensino
Caaporã;201038;Prefeitura Municipal de Caaporã;042026;2026;11220101;Taxas pela Prestação de Serviços em Geral - Principal;Lançamento de Receita;6.327,35;500;Recursos não vinculados de Impostos;"Não ";Não Aplicável
Caaporã;201038;Prefeitura Municipal de Caaporã;042026;2026;11220101;Taxas pela Prestação de Serviços em Geral - Principal;Lançamento de Receita;265,46;500;Recursos não vinculados de Impostos;1002;Identificação das despesas com ações e serviços públicos de saúde
Caaporã;201038;Prefeitura Municipal de Caaporã;032026;2026;11220101;Taxas pela Prestação de Serviços em Geral - Principal;Lançamento de Receita;664,37;500;Recursos não vinculados de Impostos;1001;Identificação das despesas com manutenção e desenvolvimento do ensino
Caaporã;201038;Prefeitura Municipal de Caaporã;032026;2026;11220101;Taxas pela Prestação de Serviços em Geral - Principal;Lançamento de Receita;2.313,75;500;Recursos não vinculados de Impostos;"Não ";Não Aplicável
Caaporã;201038;Prefeitura Municipal de Caaporã;032026;2026;11220101;Taxas pela Prestação de Serviços em Geral - Principal;Lançamento de Receita;467,47;500;Recursos não vinculados de Impostos;1002;Identificação das despesas com ações e serviços públicos de saúde
Caaporã;201038;Prefeitura Municipal de Caaporã;022026;2026;11220101;Taxas pela Prestação de Serviços em Geral - Principal;Lançamento de Receita;1.469,47;500;Recursos não vinculados de Impostos;1002;Identificação das despesas com ações e serviços públicos de saúde
Caaporã;201038;Prefeitura Municipal de Caaporã;022026;2026;11220101;Taxas pela Prestação de Serviços em Geral - Principal;Lançamento de Receita;4.720,67;500;Recursos não vinculados de Impostos;"Não ";Não Aplicável
Caaporã;201038;Prefeitura Municipal de Caaporã;022026;2026;11220101;Taxas pela Prestação de Serviços em Geral - Principal;Lançamento de Receita;2.088,22;500;Recursos não vinculados de Impostos;1001;Identificação das despesas com manutenção e desenvolvimento do ensino
Caaporã;201038;Prefeitura Municipal de Caaporã;012026;2026;11220101;Taxas pela Prestação de Serviços em Geral - Principal;Lançamento de Receita;361,29;500;Recursos não vinculados de Impostos;1002;Identificação das despesas com ações e serviços públicos de saúde
Caaporã;201038;Prefeitura Municipal de Caaporã;012026;2026;11220101;Taxas pela Prestação de Serviços em Geral - Principal;Lançamento de Receita;1.385,9;500;Recursos não vinculados de Impostos;"Não ";Não Aplicável
Caaporã;201038;Prefeitura Municipal de Caaporã;012026;2026;11220101;Taxas pela Prestação de Serviços em Geral - Principal;Lançamento de Receita;513,51;500;Recursos não vinculados de Impostos;1001;Identificação das despesas com manutenção e desenvolvimento do ensino
Caaporã;201038;Prefeitura Municipal de Caaporã;052026;2026;11210101;Taxas de Inspeção, Controle e Fiscalização - Principal;Lançamento de Receita;636,47;500;Recursos não vinculados de Impostos;1002;Identificação das despesas com ações e serviços públicos de saúde
Caaporã;201038;Prefeitura Municipal de Caaporã;052026;2026;11210101;Taxas de Inspeção, Controle e Fiscalização - Principal;Lançamento de Receita;2.340,39;500;Recursos não vinculados de Impostos;"Não ";Não Aplicável
Caaporã;201038;Prefeitura Municipal de Caaporã;052026;2026;11210101;Taxas de Inspeção, Controle e Fiscalização - Principal;Lançamento de Receita;1.017,2;500;Recursos não vinculados de Impostos;1001;Identificação das despesas com manutenção e desenvolvimento do ensino
Caaporã;201038;Prefeitura Municipal de Caaporã;042026;2026;11210101;Taxas de Inspeção, Controle e Fiscalização - Principal;Lançamento de Receita;866,81;500;Recursos não vinculados de Impostos;1002;Identificação das despesas com ações e serviços públicos de saúde
Caaporã;201038;Prefeitura Municipal de Caaporã;042026;2026;11210101;Taxas de Inspeção, Controle e Fiscalização - Principal;Lançamento de Receita;1.342,03;500;Recursos não vinculados de Impostos;1001;Identificação das despesas com manutenção e desenvolvimento do ensino
Caaporã;201038;Prefeitura Municipal de Caaporã;042026;2026;11210101;Taxas de Inspeção, Controle e Fiscalização - Principal;Lançamento de Receita;2.983,16;500;Recursos não vinculados de Impostos;"Não ";Não Aplicável
Caaporã;201038;Prefeitura Municipal de Caaporã;032026;2026;11210101;Taxas de Inspeção, Controle e Fiscalização - Principal;Lançamento de Receita;3.161,31;500;Recursos não vinculados de Impostos;1001;Identificação das despesas com manutenção e desenvolvimento do ensino
Caaporã;201038;Prefeitura Municipal de Caaporã;032026;2026;11210101;Taxas de Inspeção, Controle e Fiscalização - Principal;Lançamento de Receita;9.924,37;500;Recursos não vinculados de Impostos;"Não ";Não Aplicável
Caaporã;201038;Prefeitura Municipal de Caaporã;032026;2026;11210101;Taxas de Inspeção, Controle e Fiscalização - Principal;Lançamento de Receita;1.968,22;500;Recursos não vinculados de Impostos;1002;Identificação das despesas com ações e serviços públicos de saúde
Caaporã;201038;Prefeitura Municipal de Caaporã;022026;2026;11210101;Taxas de Inspeção, Controle e Fiscalização - Principal;Lançamento de Receita;6.433,05;500;Recursos não vinculados de Impostos;1001;Identificação das despesas com manutenção e desenvolvimento do ensino
Caaporã;201038;Prefeitura Municipal de Caaporã;022026;2026;11210101;Taxas de Inspeção, Controle e Fiscalização - Principal;Lançamento de Receita;3.915,07;500;Recursos não vinculados de Impostos;1002;Identificação das despesas com ações e serviços públicos de saúde
Caaporã;201038;Prefeitura Municipal de Caaporã;022026;2026;11210101;Taxas de Inspeção, Controle e Fiscalização - Principal;Lançamento de Receita;15.226,35;500;Recursos não vinculados de Impostos;"Não ";Não Aplicável
Caaporã;201038;Prefeitura Municipal de Caaporã;012026;2026;11210101;Taxas de Inspeção, Controle e Fiscalização - Principal;Lançamento de Receita;13.922,27;500;Recursos não vinculados de Impostos;1001;Identificação das despesas com manutenção e desenvolvimento do ensino
Caaporã;201038;Prefeitura Municipal de Caaporã;012026;2026;11210101;Taxas de Inspeção, Controle e Fiscalização - Principal;Lançamento de Receita;8.436,81;500;Recursos não vinculados de Impostos;1002;Identificação das despesas com ações e serviços públicos de saúde
Caaporã;201038;Prefeitura Municipal de Caaporã;012026;2026;11210101;Taxas de Inspeção, Controle e Fiscalização - Principal;Lançamento de Receita;33.091,58;500;Recursos não vinculados de Impostos;"Não ";Não Aplicável
Caaporã;201038;Prefeitura Municipal de Caaporã;012026;2026;11199901;Outros Impostos - Principal;Lançamento de Receita;29.895,4;502;Recursos não vinculados da compensação de impostos;"Não ";Não Aplicável
Caaporã;201038;Prefeitura Municipal de Caaporã;052026;2026;11145111;Imposto sobre Serviços de Qualquer Natureza - ISSQN - Principal;Lançamento de Receita;45.379,58;500;Recursos não vinculados de Impostos;1002;Identificação das despesas com ações e serviços públicos de saúde
Caaporã;201038;Prefeitura Municipal de Caaporã;052026;2026;11145111;Imposto sobre Serviços de Qualquer Natureza - ISSQN - Principal;Lançamento de Receita;128.973,7;500;Recursos não vinculados de Impostos;"Não ";Não Aplicável
Caaporã;201038;Prefeitura Municipal de Caaporã;052026;2026;11145111;Imposto sobre Serviços de Qualquer Natureza - ISSQN - Principal;Lançamento de Receita;64.486,9;500;Recursos não vinculados de Impostos;1001;Identificação das despesas com manutenção e desenvolvimento do ensino
Caaporã;201038;Prefeitura Municipal de Caaporã;042026;2026;11145111;Imposto sobre Serviços de Qualquer Natureza - ISSQN - Principal;Lançamento de Receita;44.285,17;500;Recursos não vinculados de Impostos;1002;Identificação das despesas com ações e serviços públicos de saúde
Caaporã;201038;Prefeitura Municipal de Caaporã;042026;2026;11145111;Imposto sobre Serviços de Qualquer Natureza - ISSQN - Principal;Lançamento de Receita;125.863,24;500;Recursos não vinculados de Impostos;"Não ";Não Aplicável
Caaporã;201038;Prefeitura Municipal de Caaporã;042026;2026;11145111;Imposto sobre Serviços de Qualquer Natureza - ISSQN - Principal;Lançamento de Receita;62.931,63;500;Recursos não vinculados de Impostos;1001;Identificação das despesas com manutenção e desenvolvimento do ensino
Caaporã;201038;Prefeitura Municipal de Caaporã;032026;2026;11145111;Imposto sobre Serviços de Qualquer Natureza - ISSQN - Principal;Lançamento de Receita;234.331,79;500;Recursos não vinculados de Impostos;"Não ";Não Aplicável
Caaporã;201038;Prefeitura Municipal de Caaporã;032026;2026;11145111;Imposto sobre Serviços de Qualquer Natureza - ISSQN - Principal;Lançamento de Receita;117.165,89;500;Recursos não vinculados de Impostos;1001;Identificação das despesas com manutenção e desenvolvimento do ensino
Caaporã;201038;Prefeitura Municipal de Caaporã;032026;2026;11145111;Imposto sobre Serviços de Qualquer Natureza - ISSQN - Principal;Lançamento de Receita;82.450,07;500;Recursos não vinculados de Impostos;1002;Identificação das despesas com ações e serviços públicos de saúde
Caaporã;201038;Prefeitura Municipal de Caaporã;022026;2026;11145111;Imposto sobre Serviços de Qualquer Natureza - ISSQN - Principal;Lançamento de Receita;123.141,7;500;Recursos não vinculados de Impostos;"Não ";Não Aplicável
Caaporã;201038;Prefeitura Municipal de Caaporã;022026;2026;11145111;Imposto sobre Serviços de Qualquer Natureza - ISSQN - Principal;Lançamento de Receita;61.570,81;500;Recursos não vinculados de Impostos;1001;Identificação das despesas com manutenção e desenvolvimento do ensino
Caaporã;201038;Prefeitura Municipal de Caaporã;022026;2026;11145111;Imposto sobre Serviços de Qualquer Natureza - ISSQN - Principal;Lançamento de Receita;43.327,64;500;Recursos não vinculados de Impostos;1002;Identificação das despesas com ações e serviços públicos de saúde
Caaporã;201038;Prefeitura Municipal de Caaporã;012026;2026;11145111;Imposto sobre Serviços de Qualquer Natureza - ISSQN - Principal;Lançamento de Receita;83.221,08;500;Recursos não vinculados de Impostos;1002;Identificação das despesas com ações e serviços públicos de saúde
Caaporã;201038;Prefeitura Municipal de Caaporã;012026;2026;11145111;Imposto sobre Serviços de Qualquer Natureza - ISSQN - Principal;Lançamento de Receita;118.261,36;500;Recursos não vinculados de Impostos;1001;Identificação das despesas com manutenção e desenvolvimento do ensino
Caaporã;201038;Prefeitura Municipal de Caaporã;012026;2026;11145111;Imposto sobre Serviços de Qualquer Natureza - ISSQN - Principal;Lançamento de Receita;236.522,78;500;Recursos não vinculados de Impostos;"Não ";Não Aplicável
Caaporã;201038;Prefeitura Municipal de Caaporã;052026;2026;11130341;Imposto sobre a Renda - Retido na Fonte - Outros Rendimentos - Principal;Lançamento de Receita;9.460,14;500;Recursos não vinculados de Impostos;1001;Identificação das despesas com manutenção e desenvolvimento do ensino
Caaporã;201038;Prefeitura Municipal de Caaporã;052026;2026;11130341;Imposto sobre a Renda - Retido na Fonte - Outros Rendimentos - Principal;Lançamento de Receita;6.657,11;500;Recursos não vinculados de Impostos;1002;Identificação das despesas com ações e serviços públicos de saúde
Caaporã;201038;Prefeitura Municipal de Caaporã;052026;2026;11130341;Imposto sobre a Renda - Retido na Fonte - Outros Rendimentos - Principal;Lançamento de Receita;18.920,33;500;Recursos não vinculados de Impostos;"Não ";Não Aplicável
Caaporã;201038;Prefeitura Municipal de Caaporã;042026;2026;11130341;Imposto sobre a Renda - Retido na Fonte - Outros Rendimentos - Principal;Lançamento de Receita;73.534,29;500;Recursos não vinculados de Impostos;1002;Identificação das despesas com ações e serviços públicos de saúde
Caaporã;201038;Prefeitura Municipal de Caaporã;042026;2026;11130341;Imposto sobre a Renda - Retido na Fonte - Outros Rendimentos - Principal;Lançamento de Receita;208.992,27;500;Recursos não vinculados de Impostos;"Não ";Não Aplicável
Caaporã;201038;Prefeitura Municipal de Caaporã;042026;2026;11130341;Imposto sobre a Renda - Retido na Fonte - Outros Rendimentos - Principal;Lançamento de Receita;104.496,16;500;Recursos não vinculados de Impostos;1001;Identificação das despesas com manutenção e desenvolvimento do ensino
Caaporã;201038;Prefeitura Municipal de Caaporã;032026;2026;11130341;Imposto sobre a Renda - Retido na Fonte - Outros Rendimentos - Principal;Lançamento de Receita;76.138,02;500;Recursos não vinculados de Impostos;"Não ";Não Aplicável
Caaporã;201038;Prefeitura Municipal de Caaporã;032026;2026;11130341;Imposto sobre a Renda - Retido na Fonte - Outros Rendimentos - Principal;Lançamento de Receita;26.789,36;500;Recursos não vinculados de Impostos;1002;Identificação das despesas com ações e serviços públicos de saúde
Caaporã;201038;Prefeitura Municipal de Caaporã;032026;2026;11130341;Imposto sobre a Renda - Retido na Fonte - Outros Rendimentos - Principal;Lançamento de Receita;38.068,98;500;Recursos não vinculados de Impostos;1001;Identificação das despesas com manutenção e desenvolvimento do ensino
Caaporã;201038;Prefeitura Municipal de Caaporã;022026;2026;11130341;Imposto sobre a Renda - Retido na Fonte - Outros Rendimentos - Principal;Lançamento de Receita;45.070,32;500;Recursos não vinculados de Impostos;1001;Identificação das despesas com manutenção e desenvolvimento do ensino
Caaporã;201038;Prefeitura Municipal de Caaporã;022026;2026;11130341;Imposto sobre a Renda - Retido na Fonte - Outros Rendimentos - Principal;Lançamento de Receita;90.140,73;500;Recursos não vinculados de Impostos;"Não ";Não Aplicável
Caaporã;201038;Prefeitura Municipal de Caaporã;022026;2026;11130341;Imposto sobre a Renda - Retido na Fonte - Outros Rendimentos - Principal;Lançamento de Receita;31.716,16;500;Recursos não vinculados de Impostos;1002;Identificação das despesas com ações e serviços públicos de saúde
Caaporã;201038;Prefeitura Municipal de Caaporã;012026;2026;11130341;Imposto sobre a Renda - Retido na Fonte - Outros Rendimentos - Principal;Lançamento de Receita;44.527,64;500;Recursos não vinculados de Impostos;1001;Identificação das despesas com manutenção e desenvolvimento do ensino
Caaporã;201038;Prefeitura Municipal de Caaporã;012026;2026;11130341;Imposto sobre a Renda - Retido na Fonte - Outros Rendimentos - Principal;Lançamento de Receita;31.334,26;500;Recursos não vinculados de Impostos;1002;Identificação das despesas com ações e serviços públicos de saúde
Caaporã;201038;Prefeitura Municipal de Caaporã;012026;2026;11130341;Imposto sobre a Renda - Retido na Fonte - Outros Rendimentos - Principal;Lançamento de Receita;89.055,32;500;Recursos não vinculados de Impostos;"Não ";Não Aplicável
Caaporã;201038;Prefeitura Municipal de Caaporã;052026;2026;11130311;Imposto sobre a Renda - Retido na Fonte - Trabalho - Principal;Lançamento de Receita;434,55;500;Recursos não vinculados de Impostos;1001;Identificação das despesas com manutenção e desenvolvimento do ensino
Caaporã;201038;Prefeitura Municipal de Caaporã;052026;2026;11130311;Imposto sobre a Renda - Retido na Fonte - Trabalho - Principal;Lançamento de Receita;869,1;500;Recursos não vinculados de Impostos;"Não ";Não Aplicável
Caaporã;201038;Prefeitura Municipal de Caaporã;052026;2026;11130311;Imposto sobre a Renda - Retido na Fonte - Trabalho - Principal;Lançamento de Receita;305,8;500;Recursos não vinculados de Impostos;1002;Identificação das despesas com ações e serviços públicos de saúde
Caaporã;201038;Prefeitura Municipal de Caaporã;042026;2026;11130311;Imposto sobre a Renda - Retido na Fonte - Trabalho - Principal;Lançamento de Receita;3.225,42;500;Recursos não vinculados de Impostos;1002;Identificação das despesas com ações e serviços públicos de saúde
Caaporã;201038;Prefeitura Municipal de Caaporã;042026;2026;11130311;Imposto sobre a Renda - Retido na Fonte - Trabalho - Principal;Lançamento de Receita;4.583,48;500;Recursos não vinculados de Impostos;1001;Identificação das despesas com manutenção e desenvolvimento do ensino
Caaporã;201038;Prefeitura Municipal de Caaporã;042026;2026;11130311;Imposto sobre a Renda - Retido na Fonte - Trabalho - Principal;Lançamento de Receita;9.166,97;500;Recursos não vinculados de Impostos;"Não ";Não Aplicável
Caaporã;201038;Prefeitura Municipal de Caaporã;032026;2026;11130311;Imposto sobre a Renda - Retido na Fonte - Trabalho - Principal;Lançamento de Receita;4.595,15;500;Recursos não vinculados de Impostos;1001;Identificação das despesas com manutenção e desenvolvimento do ensino
Caaporã;201038;Prefeitura Municipal de Caaporã;032026;2026;11130311;Imposto sobre a Renda - Retido na Fonte - Trabalho - Principal;Lançamento de Receita;9.190,3;500;Recursos não vinculados de Impostos;"Não ";Não Aplicável
Caaporã;201038;Prefeitura Municipal de Caaporã;032026;2026;11130311;Imposto sobre a Renda - Retido na Fonte - Trabalho - Principal;Lançamento de Receita;3.233,62;500;Recursos não vinculados de Impostos;1002;Identificação das despesas com ações e serviços públicos de saúde
Caaporã;201038;Prefeitura Municipal de Caaporã;022026;2026;11130311;Imposto sobre a Renda - Retido na Fonte - Trabalho - Principal;Lançamento de Receita;2.919,62;500;Recursos não vinculados de Impostos;1002;Identificação das despesas com ações e serviços públicos de saúde
Caaporã;201038;Prefeitura Municipal de Caaporã;022026;2026;11130311;Imposto sobre a Renda - Retido na Fonte - Trabalho - Principal;Lançamento de Receita;4.148,93;500;Recursos não vinculados de Impostos;1001;Identificação das despesas com manutenção e desenvolvimento do ensino
Caaporã;201038;Prefeitura Municipal de Caaporã;022026;2026;11130311;Imposto sobre a Renda - Retido na Fonte - Trabalho - Principal;Lançamento de Receita;8.297,87;500;Recursos não vinculados de Impostos;"Não ";Não Aplicável
Caaporã;201038;Prefeitura Municipal de Caaporã;012026;2026;11130311;Imposto sobre a Renda - Retido na Fonte - Trabalho - Principal;Lançamento de Receita;5.518,6;500;Recursos não vinculados de Impostos;1001;Identificação das despesas com manutenção e desenvolvimento do ensino
Caaporã;201038;Prefeitura Municipal de Caaporã;012026;2026;11130311;Imposto sobre a Renda - Retido na Fonte - Trabalho - Principal;Lançamento de Receita;3.883,46;500;Recursos não vinculados de Impostos;1002;Identificação das despesas com ações e serviços públicos de saúde
Caaporã;201038;Prefeitura Municipal de Caaporã;012026;2026;11130311;Imposto sobre a Renda - Retido na Fonte - Trabalho - Principal;Lançamento de Receita;11.037,19;500;Recursos não vinculados de Impostos;"Não ";Não Aplicável
Caaporã;201038;Prefeitura Municipal de Caaporã;052026;2026;11125301;"Impostos sobre Transmissão ""Inter Vivos"" de Bens Imóveis e de Direitos Reais sobre Imóveis - Principal";Lançamento de Receita;1.218,24;500;Recursos não vinculados de Impostos;1001;Identificação das despesas com manutenção e desenvolvimento do ensino
Caaporã;201038;Prefeitura Municipal de Caaporã;052026;2026;11125301;"Impostos sobre Transmissão ""Inter Vivos"" de Bens Imóveis e de Direitos Reais sobre Imóveis - Principal";Lançamento de Receita;857,28;500;Recursos não vinculados de Impostos;1002;Identificação das despesas com ações e serviços públicos de saúde
Caaporã;201038;Prefeitura Municipal de Caaporã;052026;2026;11125301;"Impostos sobre Transmissão ""Inter Vivos"" de Bens Imóveis e de Direitos Reais sobre Imóveis - Principal";Lançamento de Receita;2.436,48;500;Recursos não vinculados de Impostos;"Não ";Não Aplicável
Caaporã;201038;Prefeitura Municipal de Caaporã;042026;2026;11125301;"Impostos sobre Transmissão ""Inter Vivos"" de Bens Imóveis e de Direitos Reais sobre Imóveis - Principal";Lançamento de Receita;5.671,89;500;Recursos não vinculados de Impostos;1001;Identificação das despesas com manutenção e desenvolvimento do ensino
Caaporã;201038;Prefeitura Municipal de Caaporã;042026;2026;11125301;"Impostos sobre Transmissão ""Inter Vivos"" de Bens Imóveis e de Direitos Reais sobre Imóveis - Principal";Lançamento de Receita;11.343,77;500;Recursos não vinculados de Impostos;"Não ";Não Aplicável
Caaporã;201038;Prefeitura Municipal de Caaporã;042026;2026;11125301;"Impostos sobre Transmissão ""Inter Vivos"" de Bens Imóveis e de Direitos Reais sobre Imóveis - Principal";Lançamento de Receita;3.991,33;500;Recursos não vinculados de Impostos;1002;Identificação das despesas com ações e serviços públicos de saúde
Caaporã;201038;Prefeitura Municipal de Caaporã;032026;2026;11125301;"Impostos sobre Transmissão ""Inter Vivos"" de Bens Imóveis e de Direitos Reais sobre Imóveis - Principal";Lançamento de Receita;17.462,38;500;Recursos não vinculados de Impostos;1001;Identificação das despesas com manutenção e desenvolvimento do ensino
Caaporã;201038;Prefeitura Municipal de Caaporã;032026;2026;11125301;"Impostos sobre Transmissão ""Inter Vivos"" de Bens Imóveis e de Direitos Reais sobre Imóveis - Principal";Lançamento de Receita;34.924,75;500;Recursos não vinculados de Impostos;"Não ";Não Aplicável
Caaporã;201038;Prefeitura Municipal de Caaporã;032026;2026;11125301;"Impostos sobre Transmissão ""Inter Vivos"" de Bens Imóveis e de Direitos Reais sobre Imóveis - Principal";Lançamento de Receita;12.288,34;500;Recursos não vinculados de Impostos;1002;Identificação das despesas com ações e serviços públicos de saúde
Caaporã;201038;Prefeitura Municipal de Caaporã;012026;2026;11125301;"Impostos sobre Transmissão ""Inter Vivos"" de Bens Imóveis e de Direitos Reais sobre Imóveis - Principal";Lançamento de Receita;3.231,35;500;Recursos não vinculados de Impostos;1002;Identificação das despesas com ações e serviços públicos de saúde
Caaporã;201038;Prefeitura Municipal de Caaporã;012026;2026;11125301;"Impostos sobre Transmissão ""Inter Vivos"" de Bens Imóveis e de Direitos Reais sobre Imóveis - Principal";Lançamento de Receita;9.183,83;500;Recursos não vinculados de Impostos;"Não ";Não Aplicável
Caaporã;201038;Prefeitura Municipal de Caaporã;012026;2026;11125301;"Impostos sobre Transmissão ""Inter Vivos"" de Bens Imóveis e de Direitos Reais sobre Imóveis - Principal";Lançamento de Receita;4.591,91;500;Recursos não vinculados de Impostos;1001;Identificação das despesas com manutenção e desenvolvimento do ensino
Caaporã;201038;Prefeitura Municipal de Caaporã;052026;2026;11125001;Imposto sobre a Propriedade Predial e Territorial Urbana - Principal;Lançamento de Receita;6.787,11;500;Recursos não vinculados de Impostos;"Não ";Não Aplicável
Caaporã;201038;Prefeitura Municipal de Caaporã;052026;2026;11125001;Imposto sobre a Propriedade Predial e Territorial Urbana - Principal;Lançamento de Receita;3.393,55;500;Recursos não vinculados de Impostos;1001;Identificação das despesas com manutenção e desenvolvimento do ensino
Caaporã;201038;Prefeitura Municipal de Caaporã;052026;2026;11125001;Imposto sobre a Propriedade Predial e Territorial Urbana - Principal;Lançamento de Receita;2.388,04;500;Recursos não vinculados de Impostos;1002;Identificação das despesas com ações e serviços públicos de saúde
Caaporã;201038;Prefeitura Municipal de Caaporã;042026;2026;11125001;Imposto sobre a Propriedade Predial e Territorial Urbana - Principal;Lançamento de Receita;2.733,07;500;Recursos não vinculados de Impostos;1002;Identificação das despesas com ações e serviços públicos de saúde
Caaporã;201038;Prefeitura Municipal de Caaporã;042026;2026;11125001;Imposto sobre a Propriedade Predial e Territorial Urbana - Principal;Lançamento de Receita;3.883,84;500;Recursos não vinculados de Impostos;1001;Identificação das despesas com manutenção e desenvolvimento do ensino
Caaporã;201038;Prefeitura Municipal de Caaporã;042026;2026;11125001;Imposto sobre a Propriedade Predial e Territorial Urbana - Principal;Lançamento de Receita;7.767,7;500;Recursos não vinculados de Impostos;"Não ";Não Aplicável
Caaporã;201038;Prefeitura Municipal de Caaporã;032026;2026;11125001;Imposto sobre a Propriedade Predial e Territorial Urbana - Principal;Lançamento de Receita;17.763,94;500;Recursos não vinculados de Impostos;1001;Identificação das despesas com manutenção e desenvolvimento do ensino
Caaporã;201038;Prefeitura Municipal de Caaporã;032026;2026;11125001;Imposto sobre a Propriedade Predial e Territorial Urbana - Principal;Lançamento de Receita;12.500,54;500;Recursos não vinculados de Impostos;1002;Identificação das despesas com ações e serviços públicos de saúde
Caaporã;201038;Prefeitura Municipal de Caaporã;032026;2026;11125001;Imposto sobre a Propriedade Predial e Territorial Urbana - Principal;Lançamento de Receita;35.527,88;500;Recursos não vinculados de Impostos;"Não ";Não Aplicável
Caaporã;201038;Prefeitura Municipal de Caaporã;022026;2026;11125001;Imposto sobre a Propriedade Predial e Territorial Urbana - Principal;Lançamento de Receita;2.120,36;500;Recursos não vinculados de Impostos;"Não ";Não Aplicável
Caaporã;201038;Prefeitura Municipal de Caaporã;022026;2026;11125001;Imposto sobre a Propriedade Predial e Territorial Urbana - Principal;Lançamento de Receita;746,07;500;Recursos não vinculados de Impostos;1002;Identificação das despesas com ações e serviços públicos de saúde
Caaporã;201038;Prefeitura Municipal de Caaporã;022026;2026;11125001;Imposto sobre a Propriedade Predial e Territorial Urbana - Principal;Lançamento de Receita;1.060,18;500;Recursos não vinculados de Impostos;1001;Identificação das despesas com manutenção e desenvolvimento do ensino
Caaporã;201038;Prefeitura Municipal de Caaporã;012026;2026;11125001;Imposto sobre a Propriedade Predial e Territorial Urbana - Principal;Lançamento de Receita;3.138,06;500;Recursos não vinculados de Impostos;"Não ";Não Aplicável
Caaporã;201038;Prefeitura Municipal de Caaporã;012026;2026;11125001;Imposto sobre a Propriedade Predial e Territorial Urbana - Principal;Lançamento de Receita;1.569,01;500;Recursos não vinculados de Impostos;1001;Identificação das despesas com manutenção e desenvolvimento do ensino
Caaporã;201038;Prefeitura Municipal de Caaporã;012026;2026;11125001;Imposto sobre a Propriedade Predial e Territorial Urbana - Principal;Lançamento de Receita;1.104,14;500;Recursos não vinculados de Impostos;1002;Identificação das despesas com ações e serviços públicos de saúde
Caaporã;301038;Instituto de Prev. Social dos Servidores de Caaporã;042026;2026;72155111;Contribuição Patronal - Servidor Civil Ativo - Parcelamentos - Principal;Lançamento de Receita;426.719,33;800;Recursos vinculados ao RPPS - Fundo em Capitalização (Plano Previdenciário);1111;Benefícios previdenciários - Poder Executivo – Fundo em Capitalização (Plano Previdenciário)
Caaporã;301038;Instituto de Prev. Social dos Servidores de Caaporã;042026;2026;72155111;Contribuição Patronal - Servidor Civil Ativo - Parcelamentos - Principal;Lançamento de Receita;13.197,52;802;Recursos vinculados ao RPPS - Taxa de Administração;"Não ";Não Aplicável
Caaporã;301038;Instituto de Prev. Social dos Servidores de Caaporã;042026;2026;72150211;Contribuição Patronal - Servidor Civil Ativo - Principal;Lançamento de Receita;545.212,39;800;Recursos vinculados ao RPPS - Fundo em Capitalização (Plano Previdenciário);1111;Benefícios previdenciários - Poder Executivo – Fundo em Capitalização (Plano Previdenciário)
Caaporã;301038;Instituto de Prev. Social dos Servidores de Caaporã;042026;2026;72150211;Contribuição Patronal - Servidor Civil Ativo - Principal;Lançamento de Receita;28.695,38;802;Recursos vinculados ao RPPS - Taxa de Administração;"Não ";Não Aplicável
Caaporã;301038;Instituto de Prev. Social dos Servidores de Caaporã;032026;2026;72150211;Contribuição Patronal - Servidor Civil Ativo - Principal;Lançamento de Receita;505.225,45;800;Recursos vinculados ao RPPS - Fundo em Capitalização (Plano Previdenciário);1111;Benefícios previdenciários - Poder Executivo – Fundo em Capitalização (Plano Previdenciário)
Caaporã;301038;Instituto de Prev. Social dos Servidores de Caaporã;032026;2026;72150211;Contribuição Patronal - Servidor Civil Ativo - Principal;Lançamento de Receita;26.590,81;802;Recursos vinculados ao RPPS - Taxa de Administração;"Não ";Não Aplicável
Caaporã;301038;Instituto de Prev. Social dos Servidores de Caaporã;022026;2026;72150211;Contribuição Patronal - Servidor Civil Ativo - Principal;Lançamento de Receita;26.855,41;802;Recursos vinculados ao RPPS - Taxa de Administração;"Não ";Não Aplicável
Caaporã;301038;Instituto de Prev. Social dos Servidores de Caaporã;022026;2026;72150211;Contribuição Patronal - Servidor Civil Ativo - Principal;Lançamento de Receita;510.252,94;800;Recursos vinculados ao RPPS - Fundo em Capitalização (Plano Previdenciário);1111;Benefícios previdenciários - Poder Executivo – Fundo em Capitalização (Plano Previdenciário)
Caaporã;301038;Instituto de Prev. Social dos Servidores de Caaporã;012026;2026;72150211;Contribuição Patronal - Servidor Civil Ativo - Principal;Lançamento de Receita;307.870,83;800;Recursos vinculados ao RPPS - Fundo em Capitalização (Plano Previdenciário);1111;Benefícios previdenciários - Poder Executivo – Fundo em Capitalização (Plano Previdenciário)
Caaporã;301038;Instituto de Prev. Social dos Servidores de Caaporã;012026;2026;72150211;Contribuição Patronal - Servidor Civil Ativo - Principal;Lançamento de Receita;16.203,74;802;Recursos vinculados ao RPPS - Taxa de Administração;"Não ";Não Aplicável
Caaporã;301038;Instituto de Prev. Social dos Servidores de Caaporã;052026;2026;19990301;Compensações Financeiras entre os Regimes de Previdência - Principal;Lançamento de Receita;181.715,76;800;Recursos vinculados ao RPPS - Fundo em Capitalização (Plano Previdenciário);1111;Benefícios previdenciários - Poder Executivo – Fundo em Capitalização (Plano Previdenciário)
Caaporã;301038;Instituto de Prev. Social dos Servidores de Caaporã;052026;2026;19990301;Compensações Financeiras entre os Regimes de Previdência - Principal;Lançamento de Receita;5.620,07;802;Recursos vinculados ao RPPS - Taxa de Administração;"Não ";Não Aplicável
Caaporã;301038;Instituto de Prev. Social dos Servidores de Caaporã;042026;2026;19990301;Compensações Financeiras entre os Regimes de Previdência - Principal;Lançamento de Receita;16.632,56;802;Recursos vinculados ao RPPS - Taxa de Administração;"Não ";Não Aplicável
Caaporã;301038;Instituto de Prev. Social dos Servidores de Caaporã;042026;2026;19990301;Compensações Financeiras entre os Regimes de Previdência - Principal;Lançamento de Receita;537.786,09;800;Recursos vinculados ao RPPS - Fundo em Capitalização (Plano Previdenciário);1111;Benefícios previdenciários - Poder Executivo – Fundo em Capitalização (Plano Previdenciário)
Caaporã;301038;Instituto de Prev. Social dos Servidores de Caaporã;022026;2026;19990301;Compensações Financeiras entre os Regimes de Previdência - Principal;Lançamento de Receita;3.302,14;802;Recursos vinculados ao RPPS - Taxa de Administração;"Não ";Não Aplicável
Caaporã;301038;Instituto de Prev. Social dos Servidores de Caaporã;022026;2026;19990301;Compensações Financeiras entre os Regimes de Previdência - Principal;Lançamento de Receita;106.769,11;800;Recursos vinculados ao RPPS - Fundo em Capitalização (Plano Previdenciário);1111;Benefícios previdenciários - Poder Executivo – Fundo em Capitalização (Plano Previdenciário)
Caaporã;301038;Instituto de Prev. Social dos Servidores de Caaporã;012026;2026;19990301;Compensações Financeiras entre os Regimes de Previdência - Principal;Lançamento de Receita;19.203,27;802;Recursos vinculados ao RPPS - Taxa de Administração;"Não ";Não Aplicável
Caaporã;301038;Instituto de Prev. Social dos Servidores de Caaporã;012026;2026;19990301;Compensações Financeiras entre os Regimes de Previdência - Principal;Lançamento de Receita;620.905,58;800;Recursos vinculados ao RPPS - Fundo em Capitalização (Plano Previdenciário);1111;Benefícios previdenciários - Poder Executivo – Fundo em Capitalização (Plano Previdenciário)
Caaporã;301038;Instituto de Prev. Social dos Servidores de Caaporã;012026;2026;19229901;Outras Restituições - Principal;Lançamento de Receita;4,59;802;Recursos vinculados ao RPPS - Taxa de Administração;"Não ";Não Aplicável
Caaporã;301038;Instituto de Prev. Social dos Servidores de Caaporã;012026;2026;19229901;Outras Restituições - Principal;Lançamento de Receita;148,53;800;Recursos vinculados ao RPPS - Fundo em Capitalização (Plano Previdenciário);1111;Benefícios previdenciários - Poder Executivo – Fundo em Capitalização (Plano Previdenciário)
Caaporã;301038;Instituto de Prev. Social dos Servidores de Caaporã;042026;2026;13210401;Remuneração dos Recursos do Regime Próprio de Previdência Social - RPPS - Principal;Lançamento de Receita;146,05;802;Recursos vinculados ao RPPS - Taxa de Administração;"Não ";Não Aplicável
Caaporã;301038;Instituto de Prev. Social dos Servidores de Caaporã;042026;2026;13210401;Remuneração dos Recursos do Regime Próprio de Previdência Social - RPPS - Principal;Lançamento de Receita;4.722,12;800;Recursos vinculados ao RPPS - Fundo em Capitalização (Plano Previdenciário);1111;Benefícios previdenciários - Poder Executivo – Fundo em Capitalização (Plano Previdenciário)
Caaporã;301038;Instituto de Prev. Social dos Servidores de Caaporã;032026;2026;13210401;Remuneração dos Recursos do Regime Próprio de Previdência Social - RPPS - Principal;Lançamento de Receita;3.970,11;800;Recursos vinculados ao RPPS - Fundo em Capitalização (Plano Previdenciário);1111;Benefícios previdenciários - Poder Executivo – Fundo em Capitalização (Plano Previdenciário)
Caaporã;301038;Instituto de Prev. Social dos Servidores de Caaporã;032026;2026;13210401;Remuneração dos Recursos do Regime Próprio de Previdência Social - RPPS - Principal;Lançamento de Receita;122,79;802;Recursos vinculados ao RPPS - Taxa de Administração;"Não ";Não Aplicável
Caaporã;301038;Instituto de Prev. Social dos Servidores de Caaporã;022026;2026;13210401;Remuneração dos Recursos do Regime Próprio de Previdência Social - RPPS - Principal;Lançamento de Receita;29.892,58;800;Recursos vinculados ao RPPS - Fundo em Capitalização (Plano Previdenciário);1111;Benefícios previdenciários - Poder Executivo – Fundo em Capitalização (Plano Previdenciário)
Caaporã;301038;Instituto de Prev. Social dos Servidores de Caaporã;022026;2026;13210401;Remuneração dos Recursos do Regime Próprio de Previdência Social - RPPS - Principal;Lançamento de Receita;924,52;802;Recursos vinculados ao RPPS - Taxa de Administração;"Não ";Não Aplicável
Caaporã;301038;Instituto de Prev. Social dos Servidores de Caaporã;012026;2026;13210401;Remuneração dos Recursos do Regime Próprio de Previdência Social - RPPS - Principal;Lançamento de Receita;3,29;800;Recursos vinculados ao RPPS - Fundo em Capitalização (Plano Previdenciário);1111;Benefícios previdenciários - Poder Executivo – Fundo em Capitalização (Plano Previdenciário)
Caaporã;301038;Instituto de Prev. Social dos Servidores de Caaporã;012026;2026;13210401;Remuneração dos Recursos do Regime Próprio de Previdência Social - RPPS - Principal;Lançamento de Receita;0,1;802;Recursos vinculados ao RPPS - Taxa de Administração;"Não ";Não Aplicável
Caaporã;301038;Instituto de Prev. Social dos Servidores de Caaporã;042026;2026;12150111;Contribuição do Servidor Civil Ativo - Principal;Lançamento de Receita;10.939,83;802;Recursos vinculados ao RPPS - Taxa de Administração;"Não ";Não Aplicável
Caaporã;301038;Instituto de Prev. Social dos Servidores de Caaporã;042026;2026;12150111;Contribuição do Servidor Civil Ativo - Principal;Lançamento de Receita;353.721,08;800;Recursos vinculados ao RPPS - Fundo em Capitalização (Plano Previdenciário);1111;Benefícios previdenciários - Poder Executivo – Fundo em Capitalização (Plano Previdenciário)
Caaporã;301038;Instituto de Prev. Social dos Servidores de Caaporã;032026;2026;12150111;Contribuição do Servidor Civil Ativo - Principal;Lançamento de Receita;10.170,75;802;Recursos vinculados ao RPPS - Taxa de Administração;"Não ";Não Aplicável
Caaporã;301038;Instituto de Prev. Social dos Servidores de Caaporã;032026;2026;12150111;Contribuição do Servidor Civil Ativo - Principal;Lançamento de Receita;328.854;800;Recursos vinculados ao RPPS - Fundo em Capitalização (Plano Previdenciário);1111;Benefícios previdenciários - Poder Executivo – Fundo em Capitalização (Plano Previdenciário)
Caaporã;301038;Instituto de Prev. Social dos Servidores de Caaporã;022026;2026;12150111;Contribuição do Servidor Civil Ativo - Principal;Lançamento de Receita;331.005,89;800;Recursos vinculados ao RPPS - Fundo em Capitalização (Plano Previdenciário);1111;Benefícios previdenciários - Poder Executivo – Fundo em Capitalização (Plano Previdenciário)
Caaporã;301038;Instituto de Prev. Social dos Servidores de Caaporã;022026;2026;12150111;Contribuição do Servidor Civil Ativo - Principal;Lançamento de Receita;10.237,29;802;Recursos vinculados ao RPPS - Taxa de Administração;"Não ";Não Aplicável
Caaporã;301038;Instituto de Prev. Social dos Servidores de Caaporã;012026;2026;12150111;Contribuição do Servidor Civil Ativo - Principal;Lançamento de Receita;9.406,43;802;Recursos vinculados ao RPPS - Taxa de Administração;"Não ";Não Aplicável
Caaporã;301038;Instituto de Prev. Social dos Servidores de Caaporã;012026;2026;12150111;Contribuição do Servidor Civil Ativo - Principal;Lançamento de Receita;304.141,55;800;Recursos vinculados ao RPPS - Fundo em Capitalização (Plano Previdenciário);1111;Benefícios previdenciários - Poder Executivo – Fundo em Capitalização (Plano Previdenciário)
Caaporã;302038;Serviço Autonômo de Água e Esgoto de Cupissura - Caaporã;052026;2026;16110101;Serviços Administrativos e Comerciais Gerais Prestados por Entidades e Órgãos Públicos em Geral - Principal;Lançamento de Receita;58.226,9;500;Recursos não vinculados de Impostos;"Não ";Não Aplicável
Caaporã;302038;Serviço Autonômo de Água e Esgoto de Cupissura - Caaporã;042026;2026;16110101;Serviços Administrativos e Comerciais Gerais Prestados por Entidades e Órgãos Públicos em Geral - Principal;Lançamento de Receita;63.400,06;500;Recursos não vinculados de Impostos;"Não ";Não Aplicável
Caaporã;302038;Serviço Autonômo de Água e Esgoto de Cupissura - Caaporã;032026;2026;16110101;Serviços Administrativos e Comerciais Gerais Prestados por Entidades e Órgãos Públicos em Geral - Principal;Lançamento de Receita;57.095,24;500;Recursos não vinculados de Impostos;"Não ";Não Aplicável
Caaporã;302038;Serviço Autonômo de Água e Esgoto de Cupissura - Caaporã;022026;2026;16110101;Serviços Administrativos e Comerciais Gerais Prestados por Entidades e Órgãos Públicos em Geral - Principal;Lançamento de Receita;55.171,16;500;Recursos não vinculados de Impostos;"Não ";Não Aplicável
Caaporã;302038;Serviço Autonômo de Água e Esgoto de Cupissura - Caaporã;012026;2026;16110101;Serviços Administrativos e Comerciais Gerais Prestados por Entidades e Órgãos Públicos em Geral - Principal;Lançamento de Receita;55.304,92;500;Recursos não vinculados de Impostos;"Não ";Não Aplicável
Caaporã;302038;Serviço Autonômo de Água e Esgoto de Cupissura - Caaporã;042026;2026;13210101;Remuneração de Depósitos Bancários - Principal;Lançamento de Receita;1.968,31;500;Recursos não vinculados de Impostos;"Não ";Não Aplicável
Caaporã;302038;Serviço Autonômo de Água e Esgoto de Cupissura - Caaporã;032026;2026;13210101;Remuneração de Depósitos Bancários - Principal;Lançamento de Receita;2.191,99;500;Recursos não vinculados de Impostos;"Não ";Não Aplicável
Caaporã;302038;Serviço Autonômo de Água e Esgoto de Cupissura - Caaporã;022026;2026;13210101;Remuneração de Depósitos Bancários - Principal;Lançamento de Receita;1.690,82;500;Recursos não vinculados de Impostos;"Não ";Não Aplicável
Caaporã;302038;Serviço Autonômo de Água e Esgoto de Cupissura - Caaporã;012026;2026;13210101;Remuneração de Depósitos Bancários - Principal;Lançamento de Receita;2.025,8;500;Recursos não vinculados de Impostos;"Não ";Não Aplicável
