municipio;codigo_unidade_gestora;descricao_unidade_gestora;mes_ano;ano;codigo_receita;descricao_receita;tipo_atualizacao_receita;valor;codigo_fonte_recurso;descricao_fonte_recurso;co;descricao_co
Pitimbu;201147;Prefeitura Municipal de Pitimbu;102025;2025;24299901;Outras Transferências de Recursos dos Estados - Principal;Lançamento de Receita;270.000;710;Transferência Especial dos Estados;3210;Identificação das Transferências dos Estados decorrentes de emendas parlamentares individuais
Pitimbu;201147;Prefeitura Municipal de Pitimbu;032025;2025;24229901;Outras Transferências de Convênios dos Estados e DF e de Suas Entidades - Principal;Lançamento de Receita;125.000;701;Outras Transferências de Convênios ou Repasses dos Estados;"Não ";Não Aplicável
Pitimbu;201147;Prefeitura Municipal de Pitimbu;102025;2025;24195101;Transferência Especial da União - Principal;Lançamento de Receita;1.386.000;706;"Transferência Especial da União ";3110;Identificação das Transferências da União decorrentes de emendas parlamentares individuais
Pitimbu;201147;Prefeitura Municipal de Pitimbu;092025;2025;24195101;Transferência Especial da União - Principal;Lançamento de Receita;0;700;Outras Transferências de Convênios ou Repasses da União;"Não ";Não Aplicável
Pitimbu;201147;Prefeitura Municipal de Pitimbu;122025;2025;19999921;Outras Receitas Não Arrecadadas e Não Projetadas pela RFB - Primárias   - Principal;Lançamento de Receita;2.500;501;Outros Recursos não Vinculados;"Não ";Não Aplicável
Pitimbu;201147;Prefeitura Municipal de Pitimbu;112025;2025;19999921;Outras Receitas Não Arrecadadas e Não Projetadas pela RFB - Primárias   - Principal;Lançamento de Receita;25.000;501;Outros Recursos não Vinculados;"Não ";Não Aplicável
Pitimbu;201147;Prefeitura Municipal de Pitimbu;102025;2025;19999921;Outras Receitas Não Arrecadadas e Não Projetadas pela RFB - Primárias   - Principal;Lançamento de Receita;86.000;501;Outros Recursos não Vinculados;"Não ";Não Aplicável
Pitimbu;201147;Prefeitura Municipal de Pitimbu;072025;2025;19999921;Outras Receitas Não Arrecadadas e Não Projetadas pela RFB - Primárias   - Principal;Lançamento de Receita;6,48;500;Recursos não vinculados de Impostos;"Não ";Não Aplicável
Pitimbu;201147;Prefeitura Municipal de Pitimbu;122025;2025;19229901;Outras Restituições - Principal;Lançamento de Receita;540;500;Recursos não vinculados de Impostos;"Não ";Não Aplicável
Pitimbu;201147;Prefeitura Municipal de Pitimbu;112025;2025;19229901;Outras Restituições - Principal;Lançamento de Receita;475;500;Recursos não vinculados de Impostos;"Não ";Não Aplicável
Pitimbu;201147;Prefeitura Municipal de Pitimbu;102025;2025;19229901;Outras Restituições - Principal;Lançamento de Receita;280;500;Recursos não vinculados de Impostos;"Não ";Não Aplicável
Pitimbu;201147;Prefeitura Municipal de Pitimbu;072025;2025;19229901;Outras Restituições - Principal;Lançamento de Receita;138,1;500;Recursos não vinculados de Impostos;"Não ";Não Aplicável
Pitimbu;201147;Prefeitura Municipal de Pitimbu;052025;2025;19229901;Outras Restituições - Principal;Lançamento de Receita;2.541,52;500;Recursos não vinculados de Impostos;"Não ";Não Aplicável
Pitimbu;201147;Prefeitura Municipal de Pitimbu;042025;2025;19229901;Outras Restituições - Principal;Lançamento de Receita;4.482,28;500;Recursos não vinculados de Impostos;"Não ";Não Aplicável
Pitimbu;201147;Prefeitura Municipal de Pitimbu;032025;2025;19229901;Outras Restituições - Principal;Lançamento de Receita;139.957,6;500;Recursos não vinculados de Impostos;"Não ";Não Aplicável
Pitimbu;201147;Prefeitura Municipal de Pitimbu;022025;2025;19229901;Outras Restituições - Principal;Lançamento de Receita;2.000;500;Recursos não vinculados de Impostos;"Não ";Não Aplicável
Pitimbu;201147;Prefeitura Municipal de Pitimbu;122025;2025;19110101;Multas Previstas em Legislação Específica - Principal;Lançamento de Receita;16.647,14;752;Recursos Vinculados ao Trânsito;"Não ";Não Aplicável
Pitimbu;201147;Prefeitura Municipal de Pitimbu;112025;2025;19110101;Multas Previstas em Legislação Específica - Principal;Lançamento de Receita;6.410,82;752;Recursos Vinculados ao Trânsito;"Não ";Não Aplicável
Pitimbu;201147;Prefeitura Municipal de Pitimbu;102025;2025;19110101;Multas Previstas em Legislação Específica - Principal;Lançamento de Receita;167,28;500;Recursos não vinculados de Impostos;"Não ";Não Aplicável
Pitimbu;201147;Prefeitura Municipal de Pitimbu;102025;2025;19110101;Multas Previstas em Legislação Específica - Principal;Lançamento de Receita;7.512,07;752;Recursos Vinculados ao Trânsito;"Não ";Não Aplicável
Pitimbu;201147;Prefeitura Municipal de Pitimbu;092025;2025;19110101;Multas Previstas em Legislação Específica - Principal;Lançamento de Receita;7.608,99;752;Recursos Vinculados ao Trânsito;"Não ";Não Aplicável
Pitimbu;201147;Prefeitura Municipal de Pitimbu;092025;2025;19110101;Multas Previstas em Legislação Específica - Principal;Lançamento de Receita;315,66;500;Recursos não vinculados de Impostos;"Não ";Não Aplicável
Pitimbu;201147;Prefeitura Municipal de Pitimbu;082025;2025;19110101;Multas Previstas em Legislação Específica - Principal;Lançamento de Receita;8.405,81;752;Recursos Vinculados ao Trânsito;"Não ";Não Aplicável
Pitimbu;201147;Prefeitura Municipal de Pitimbu;082025;2025;19110101;Multas Previstas em Legislação Específica - Principal;Lançamento de Receita;105,24;500;Recursos não vinculados de Impostos;"Não ";Não Aplicável
Pitimbu;201147;Prefeitura Municipal de Pitimbu;072025;2025;19110101;Multas Previstas em Legislação Específica - Principal;Lançamento de Receita;15.704,64;752;Recursos Vinculados ao Trânsito;"Não ";Não Aplicável
Pitimbu;201147;Prefeitura Municipal de Pitimbu;062025;2025;19110101;Multas Previstas em Legislação Específica - Principal;Lançamento de Receita;11.070,44;752;Recursos Vinculados ao Trânsito;"Não ";Não Aplicável
Pitimbu;201147;Prefeitura Municipal de Pitimbu;052025;2025;19110101;Multas Previstas em Legislação Específica - Principal;Lançamento de Receita;761,76;500;Recursos não vinculados de Impostos;"Não ";Não Aplicável
Pitimbu;201147;Prefeitura Municipal de Pitimbu;052025;2025;19110101;Multas Previstas em Legislação Específica - Principal;Lançamento de Receita;15.948,8;752;Recursos Vinculados ao Trânsito;"Não ";Não Aplicável
Pitimbu;201147;Prefeitura Municipal de Pitimbu;042025;2025;19110101;Multas Previstas em Legislação Específica - Principal;Lançamento de Receita;17.449,34;752;Recursos Vinculados ao Trânsito;"Não ";Não Aplicável
Pitimbu;201147;Prefeitura Municipal de Pitimbu;032025;2025;19110101;Multas Previstas em Legislação Específica - Principal;Lançamento de Receita;18.375,3;752;Recursos Vinculados ao Trânsito;"Não ";Não Aplicável
Pitimbu;201147;Prefeitura Municipal de Pitimbu;022025;2025;19110101;Multas Previstas em Legislação Específica - Principal;Lançamento de Receita;22.392,76;752;Recursos Vinculados ao Trânsito;"Não ";Não Aplicável
Pitimbu;201147;Prefeitura Municipal de Pitimbu;022025;2025;19110101;Multas Previstas em Legislação Específica - Principal;Lançamento de Receita;0;500;Recursos não vinculados de Impostos;"Não ";Não Aplicável
Pitimbu;201147;Prefeitura Municipal de Pitimbu;012025;2025;19110101;Multas Previstas em Legislação Específica - Principal;Lançamento de Receita;4.748,41;752;Recursos Vinculados ao Trânsito;"Não ";Não Aplicável
Pitimbu;201147;Prefeitura Municipal de Pitimbu;122025;2025;17515001;Transferências de Recursos do Fundo de Manutenção e Desenvolvimento da Educação Básica e de Valorização dos Profissionais da Educação – FUNDEB - Principal;Outras Deduções;-343,09;540;Transferências do FUNDEB - Impostos e Transferências de Impostos;"Não ";Não Aplicável
Pitimbu;201147;Prefeitura Municipal de Pitimbu;122025;2025;17515001;Transferências de Recursos do Fundo de Manutenção e Desenvolvimento da Educação Básica e de Valorização dos Profissionais da Educação – FUNDEB - Principal;Lançamento de Receita;2.677.348,19;540;Transferências do FUNDEB - Impostos e Transferências de Impostos;"Não ";Não Aplicável
Pitimbu;201147;Prefeitura Municipal de Pitimbu;112025;2025;17515001;Transferências de Recursos do Fundo de Manutenção e Desenvolvimento da Educação Básica e de Valorização dos Profissionais da Educação – FUNDEB - Principal;Lançamento de Receita;2.180.750,1;540;Transferências do FUNDEB - Impostos e Transferências de Impostos;"Não ";Não Aplicável
Pitimbu;201147;Prefeitura Municipal de Pitimbu;102025;2025;17515001;Transferências de Recursos do Fundo de Manutenção e Desenvolvimento da Educação Básica e de Valorização dos Profissionais da Educação – FUNDEB - Principal;Lançamento de Receita;1.541.335,31;540;Transferências do FUNDEB - Impostos e Transferências de Impostos;"Não ";Não Aplicável
Pitimbu;201147;Prefeitura Municipal de Pitimbu;102025;2025;17515001;Transferências de Recursos do Fundo de Manutenção e Desenvolvimento da Educação Básica e de Valorização dos Profissionais da Educação – FUNDEB - Principal;Lançamento de Receita;355.506,25;540;Transferências do FUNDEB - Impostos e Transferências de Impostos;1070;Identificação do percentual aplicado no pagamento da remuneração dos profissionais da educação básica em efetivo exercício
Pitimbu;201147;Prefeitura Municipal de Pitimbu;092025;2025;17515001;Transferências de Recursos do Fundo de Manutenção e Desenvolvimento da Educação Básica e de Valorização dos Profissionais da Educação – FUNDEB - Principal;Lançamento de Receita;1.931.263,91;540;Transferências do FUNDEB - Impostos e Transferências de Impostos;"Não ";Não Aplicável
Pitimbu;201147;Prefeitura Municipal de Pitimbu;082025;2025;17515001;Transferências de Recursos do Fundo de Manutenção e Desenvolvimento da Educação Básica e de Valorização dos Profissionais da Educação – FUNDEB - Principal;Lançamento de Receita;2.201.572,48;540;Transferências do FUNDEB - Impostos e Transferências de Impostos;"Não ";Não Aplicável
Pitimbu;201147;Prefeitura Municipal de Pitimbu;072025;2025;17515001;Transferências de Recursos do Fundo de Manutenção e Desenvolvimento da Educação Básica e de Valorização dos Profissionais da Educação – FUNDEB - Principal;Lançamento de Receita;1.866.324,58;540;Transferências do FUNDEB - Impostos e Transferências de Impostos;"Não ";Não Aplicável
Pitimbu;201147;Prefeitura Municipal de Pitimbu;062025;2025;17515001;Transferências de Recursos do Fundo de Manutenção e Desenvolvimento da Educação Básica e de Valorização dos Profissionais da Educação – FUNDEB - Principal;Lançamento de Receita;2.341.265,21;540;Transferências do FUNDEB - Impostos e Transferências de Impostos;"Não ";Não Aplicável
Pitimbu;201147;Prefeitura Municipal de Pitimbu;052025;2025;17515001;Transferências de Recursos do Fundo de Manutenção e Desenvolvimento da Educação Básica e de Valorização dos Profissionais da Educação – FUNDEB - Principal;Lançamento de Receita;2.332.747,06;540;Transferências do FUNDEB - Impostos e Transferências de Impostos;"Não ";Não Aplicável
Pitimbu;201147;Prefeitura Municipal de Pitimbu;042025;2025;17515001;Transferências de Recursos do Fundo de Manutenção e Desenvolvimento da Educação Básica e de Valorização dos Profissionais da Educação – FUNDEB - Principal;Lançamento de Receita;413.450,92;540;Transferências do FUNDEB - Impostos e Transferências de Impostos;1070;Identificação do percentual aplicado no pagamento da remuneração dos profissionais da educação básica em efetivo exercício
Pitimbu;201147;Prefeitura Municipal de Pitimbu;042025;2025;17515001;Transferências de Recursos do Fundo de Manutenção e Desenvolvimento da Educação Básica e de Valorização dos Profissionais da Educação – FUNDEB - Principal;Lançamento de Receita;1.616.968,92;540;Transferências do FUNDEB - Impostos e Transferências de Impostos;"Não ";Não Aplicável
Pitimbu;201147;Prefeitura Municipal de Pitimbu;042025;2025;17515001;Transferências de Recursos do Fundo de Manutenção e Desenvolvimento da Educação Básica e de Valorização dos Profissionais da Educação – FUNDEB - Principal;Dedução do Fundeb;0;540;Transferências do FUNDEB - Impostos e Transferências de Impostos;"Não ";Não Aplicável
Pitimbu;201147;Prefeitura Municipal de Pitimbu;032025;2025;17515001;Transferências de Recursos do Fundo de Manutenção e Desenvolvimento da Educação Básica e de Valorização dos Profissionais da Educação – FUNDEB - Principal;Lançamento de Receita;1.743.241,9;540;Transferências do FUNDEB - Impostos e Transferências de Impostos;"Não ";Não Aplicável
Pitimbu;201147;Prefeitura Municipal de Pitimbu;032025;2025;17515001;Transferências de Recursos do Fundo de Manutenção e Desenvolvimento da Educação Básica e de Valorização dos Profissionais da Educação – FUNDEB - Principal;Lançamento de Receita;239.654,8;540;Transferências do FUNDEB - Impostos e Transferências de Impostos;1070;Identificação do percentual aplicado no pagamento da remuneração dos profissionais da educação básica em efetivo exercício
Pitimbu;201147;Prefeitura Municipal de Pitimbu;022025;2025;17515001;Transferências de Recursos do Fundo de Manutenção e Desenvolvimento da Educação Básica e de Valorização dos Profissionais da Educação – FUNDEB - Principal;Dedução do Fundeb;0;540;Transferências do FUNDEB - Impostos e Transferências de Impostos;"Não ";Não Aplicável
Pitimbu;201147;Prefeitura Municipal de Pitimbu;022025;2025;17515001;Transferências de Recursos do Fundo de Manutenção e Desenvolvimento da Educação Básica e de Valorização dos Profissionais da Educação – FUNDEB - Principal;Lançamento de Receita;35.019,87;540;Transferências do FUNDEB - Impostos e Transferências de Impostos;1070;Identificação do percentual aplicado no pagamento da remuneração dos profissionais da educação básica em efetivo exercício
Pitimbu;201147;Prefeitura Municipal de Pitimbu;022025;2025;17515001;Transferências de Recursos do Fundo de Manutenção e Desenvolvimento da Educação Básica e de Valorização dos Profissionais da Educação – FUNDEB - Principal;Lançamento de Receita;2.493.808,34;540;Transferências do FUNDEB - Impostos e Transferências de Impostos;"Não ";Não Aplicável
Pitimbu;201147;Prefeitura Municipal de Pitimbu;012025;2025;17515001;Transferências de Recursos do Fundo de Manutenção e Desenvolvimento da Educação Básica e de Valorização dos Profissionais da Educação – FUNDEB - Principal;Lançamento de Receita;1.844.434,9;540;Transferências do FUNDEB - Impostos e Transferências de Impostos;"Não ";Não Aplicável
Pitimbu;201147;Prefeitura Municipal de Pitimbu;012025;2025;17515001;Transferências de Recursos do Fundo de Manutenção e Desenvolvimento da Educação Básica e de Valorização dos Profissionais da Educação – FUNDEB - Principal;Lançamento de Receita;32.075,66;540;Transferências do FUNDEB - Impostos e Transferências de Impostos;1070;Identificação do percentual aplicado no pagamento da remuneração dos profissionais da educação básica em efetivo exercício
Pitimbu;201147;Prefeitura Municipal de Pitimbu;012025;2025;17515001;Transferências de Recursos do Fundo de Manutenção e Desenvolvimento da Educação Básica e de Valorização dos Profissionais da Educação – FUNDEB - Principal;Lançamento de Receita;324.915,39;500;Recursos não vinculados de Impostos;"Não ";Não Aplicável
Pitimbu;201147;Prefeitura Municipal de Pitimbu;122025;2025;17295201;Transferências de Recursos Destinados a Programas de Educação - Principal;Lançamento de Receita;140.097,1;571;Transferências do Estado referentes a Convênios e outros Repasses vinculados à Educação;"Não ";Não Aplicável
Pitimbu;201147;Prefeitura Municipal de Pitimbu;102025;2025;17295201;Transferências de Recursos Destinados a Programas de Educação - Principal;Lançamento de Receita;70.048,55;571;Transferências do Estado referentes a Convênios e outros Repasses vinculados à Educação;"Não ";Não Aplicável
Pitimbu;201147;Prefeitura Municipal de Pitimbu;062025;2025;17295101;Transferências de Estados destinadas à Assistência Social - Principal;Lançamento de Receita;6.446,19;660;Transferência de Recursos do Fundo Nacional de Assistência Social - FNAS;"Não ";Não Aplicável
Pitimbu;201147;Prefeitura Municipal de Pitimbu;062025;2025;17295101;Transferências de Estados destinadas à Assistência Social - Principal;Lançamento de Receita;35.008,76;661;Transferência de Recursos dos Fundos Estaduais de Assistência Social;"Não ";Não Aplicável
Pitimbu;201147;Prefeitura Municipal de Pitimbu;112025;2025;17249901;Outras Transferências de Convênios dos Estados e DF e de Suas Entidades - Principal;Lançamento de Receita;99.982,7;701;Outras Transferências de Convênios ou Repasses dos Estados;"Não ";Não Aplicável
Pitimbu;201147;Prefeitura Municipal de Pitimbu;102025;2025;17249901;Outras Transferências de Convênios dos Estados e DF e de Suas Entidades - Principal;Lançamento de Receita;31.000;701;Outras Transferências de Convênios ou Repasses dos Estados;3210;Identificação das Transferências dos Estados decorrentes de emendas parlamentares individuais
Pitimbu;201147;Prefeitura Municipal de Pitimbu;072025;2025;17249901;Outras Transferências de Convênios dos Estados e DF e de Suas Entidades - Principal;Lançamento de Receita;0;701;Outras Transferências de Convênios ou Repasses dos Estados;"Não ";Não Aplicável
Pitimbu;201147;Prefeitura Municipal de Pitimbu;062025;2025;17249901;Outras Transferências de Convênios dos Estados e DF e de Suas Entidades - Principal;Lançamento de Receita;99.644,61;701;Outras Transferências de Convênios ou Repasses dos Estados;"Não ";Não Aplicável
Pitimbu;201147;Prefeitura Municipal de Pitimbu;102025;2025;17215301;Cota-Parte da Contribuição de Intervenção no Domínio Econômico - Principal;Lançamento de Receita;5.637,44;750;Recursos da Contribuição de Intervenção no Domínio Econômico - CIDE;"Não ";Não Aplicável
Pitimbu;201147;Prefeitura Municipal de Pitimbu;072025;2025;17215301;Cota-Parte da Contribuição de Intervenção no Domínio Econômico - Principal;Lançamento de Receita;5.346;750;Recursos da Contribuição de Intervenção no Domínio Econômico - CIDE;"Não ";Não Aplicável
Pitimbu;201147;Prefeitura Municipal de Pitimbu;042025;2025;17215301;Cota-Parte da Contribuição de Intervenção no Domínio Econômico - Principal;Lançamento de Receita;4.860,07;750;Recursos da Contribuição de Intervenção no Domínio Econômico - CIDE;"Não ";Não Aplicável
Pitimbu;201147;Prefeitura Municipal de Pitimbu;012025;2025;17215301;Cota-Parte da Contribuição de Intervenção no Domínio Econômico - Principal;Lançamento de Receita;5.206,29;500;Recursos não vinculados de Impostos;"Não ";Não Aplicável
Pitimbu;201147;Prefeitura Municipal de Pitimbu;122025;2025;17215201;Cota-Parte do IPI - Municípios - Principal;Lançamento de Receita;36,47;500;Recursos não vinculados de Impostos;1001;Identificação das despesas com manutenção e desenvolvimento do ensino
Pitimbu;201147;Prefeitura Municipal de Pitimbu;122025;2025;17215201;Cota-Parte do IPI - Municípios - Principal;Lançamento de Receita;109,4;500;Recursos não vinculados de Impostos;1002;Identificação das despesas com ações e serviços públicos de saúde
Pitimbu;201147;Prefeitura Municipal de Pitimbu;122025;2025;17215201;Cota-Parte do IPI - Municípios - Principal;Lançamento de Receita;583,46;500;Recursos não vinculados de Impostos;"Não ";Não Aplicável
Pitimbu;201147;Prefeitura Municipal de Pitimbu;112025;2025;17215201;Cota-Parte do IPI - Municípios - Principal;Lançamento de Receita;31,77;500;Recursos não vinculados de Impostos;1001;Identificação das despesas com manutenção e desenvolvimento do ensino
Pitimbu;201147;Prefeitura Municipal de Pitimbu;112025;2025;17215201;Cota-Parte do IPI - Municípios - Principal;Lançamento de Receita;95,29;500;Recursos não vinculados de Impostos;1002;Identificação das despesas com ações e serviços públicos de saúde
Pitimbu;201147;Prefeitura Municipal de Pitimbu;112025;2025;17215201;Cota-Parte do IPI - Municípios - Principal;Lançamento de Receita;508,22;500;Recursos não vinculados de Impostos;"Não ";Não Aplicável
Pitimbu;201147;Prefeitura Municipal de Pitimbu;102025;2025;17215201;Cota-Parte do IPI - Municípios - Principal;Lançamento de Receita;551,96;500;Recursos não vinculados de Impostos;"Não ";Não Aplicável
Pitimbu;201147;Prefeitura Municipal de Pitimbu;102025;2025;17215201;Cota-Parte do IPI - Municípios - Principal;Lançamento de Receita;103,49;500;Recursos não vinculados de Impostos;1002;Identificação das despesas com ações e serviços públicos de saúde
Pitimbu;201147;Prefeitura Municipal de Pitimbu;102025;2025;17215201;Cota-Parte do IPI - Municípios - Principal;Lançamento de Receita;34,5;500;Recursos não vinculados de Impostos;1001;Identificação das despesas com manutenção e desenvolvimento do ensino
Pitimbu;201147;Prefeitura Municipal de Pitimbu;092025;2025;17215201;Cota-Parte do IPI - Municípios - Principal;Lançamento de Receita;103,87;500;Recursos não vinculados de Impostos;1002;Identificação das despesas com ações e serviços públicos de saúde
Pitimbu;201147;Prefeitura Municipal de Pitimbu;092025;2025;17215201;Cota-Parte do IPI - Municípios - Principal;Lançamento de Receita;553,98;500;Recursos não vinculados de Impostos;"Não ";Não Aplicável
Pitimbu;201147;Prefeitura Municipal de Pitimbu;092025;2025;17215201;Cota-Parte do IPI - Municípios - Principal;Lançamento de Receita;34,62;500;Recursos não vinculados de Impostos;1001;Identificação das despesas com manutenção e desenvolvimento do ensino
Pitimbu;201147;Prefeitura Municipal de Pitimbu;082025;2025;17215201;Cota-Parte do IPI - Municípios - Principal;Lançamento de Receita;28,44;500;Recursos não vinculados de Impostos;1001;Identificação das despesas com manutenção e desenvolvimento do ensino
Pitimbu;201147;Prefeitura Municipal de Pitimbu;082025;2025;17215201;Cota-Parte do IPI - Municípios - Principal;Lançamento de Receita;85,3;500;Recursos não vinculados de Impostos;1002;Identificação das despesas com ações e serviços públicos de saúde
Pitimbu;201147;Prefeitura Municipal de Pitimbu;082025;2025;17215201;Cota-Parte do IPI - Municípios - Principal;Lançamento de Receita;454,89;500;Recursos não vinculados de Impostos;"Não ";Não Aplicável
Pitimbu;201147;Prefeitura Municipal de Pitimbu;072025;2025;17215201;Cota-Parte do IPI - Municípios - Principal;Lançamento de Receita;45,24;500;Recursos não vinculados de Impostos;1002;Identificação das despesas com ações e serviços públicos de saúde
Pitimbu;201147;Prefeitura Municipal de Pitimbu;072025;2025;17215201;Cota-Parte do IPI - Municípios - Principal;Lançamento de Receita;583,27;500;Recursos não vinculados de Impostos;"Não ";Não Aplicável
Pitimbu;201147;Prefeitura Municipal de Pitimbu;072025;2025;17215201;Cota-Parte do IPI - Municípios - Principal;Lançamento de Receita;15,08;500;Recursos não vinculados de Impostos;1001;Identificação das despesas com manutenção e desenvolvimento do ensino
Pitimbu;201147;Prefeitura Municipal de Pitimbu;062025;2025;17215201;Cota-Parte do IPI - Municípios - Principal;Lançamento de Receita;86,45;500;Recursos não vinculados de Impostos;1002;Identificação das despesas com ações e serviços públicos de saúde
Pitimbu;201147;Prefeitura Municipal de Pitimbu;062025;2025;17215201;Cota-Parte do IPI - Municípios - Principal;Lançamento de Receita;581,82;500;Recursos não vinculados de Impostos;"Não ";Não Aplicável
Pitimbu;201147;Prefeitura Municipal de Pitimbu;062025;2025;17215201;Cota-Parte do IPI - Municípios - Principal;Lançamento de Receita;28,82;500;Recursos não vinculados de Impostos;1001;Identificação das despesas com manutenção e desenvolvimento do ensino
Pitimbu;201147;Prefeitura Municipal de Pitimbu;052025;2025;17215201;Cota-Parte do IPI - Municípios - Principal;Lançamento de Receita;432,99;500;Recursos não vinculados de Impostos;"Não ";Não Aplicável
Pitimbu;201147;Prefeitura Municipal de Pitimbu;052025;2025;17215201;Cota-Parte do IPI - Municípios - Principal;Lançamento de Receita;27,07;500;Recursos não vinculados de Impostos;1001;Identificação das despesas com manutenção e desenvolvimento do ensino
Pitimbu;201147;Prefeitura Municipal de Pitimbu;052025;2025;17215201;Cota-Parte do IPI - Municípios - Principal;Lançamento de Receita;81,19;500;Recursos não vinculados de Impostos;1002;Identificação das despesas com ações e serviços públicos de saúde
Pitimbu;201147;Prefeitura Municipal de Pitimbu;042025;2025;17215201;Cota-Parte do IPI - Municípios - Principal;Lançamento de Receita;33,74;500;Recursos não vinculados de Impostos;1001;Identificação das despesas com manutenção e desenvolvimento do ensino
Pitimbu;201147;Prefeitura Municipal de Pitimbu;042025;2025;17215201;Cota-Parte do IPI - Municípios - Principal;Lançamento de Receita;539,87;500;Recursos não vinculados de Impostos;"Não ";Não Aplicável
Pitimbu;201147;Prefeitura Municipal de Pitimbu;042025;2025;17215201;Cota-Parte do IPI - Municípios - Principal;Lançamento de Receita;101,22;500;Recursos não vinculados de Impostos;1002;Identificação das despesas com ações e serviços públicos de saúde
Pitimbu;201147;Prefeitura Municipal de Pitimbu;032025;2025;17215201;Cota-Parte do IPI - Municípios - Principal;Outras Deduções;0;500;Recursos não vinculados de Impostos;"Não ";Não Aplicável
Pitimbu;201147;Prefeitura Municipal de Pitimbu;032025;2025;17215201;Cota-Parte do IPI - Municípios - Principal;Lançamento de Receita;32;500;Recursos não vinculados de Impostos;1001;Identificação das despesas com manutenção e desenvolvimento do ensino
Pitimbu;201147;Prefeitura Municipal de Pitimbu;032025;2025;17215201;Cota-Parte do IPI - Municípios - Principal;Lançamento de Receita;95,99;500;Recursos não vinculados de Impostos;1002;Identificação das despesas com ações e serviços públicos de saúde
Pitimbu;201147;Prefeitura Municipal de Pitimbu;032025;2025;17215201;Cota-Parte do IPI - Municípios - Principal;Lançamento de Receita;511,93;500;Recursos não vinculados de Impostos;"Não ";Não Aplicável
Pitimbu;201147;Prefeitura Municipal de Pitimbu;022025;2025;17215201;Cota-Parte do IPI - Municípios - Principal;Lançamento de Receita;443,79;500;Recursos não vinculados de Impostos;"Não ";Não Aplicável
Pitimbu;201147;Prefeitura Municipal de Pitimbu;022025;2025;17215201;Cota-Parte do IPI - Municípios - Principal;Lançamento de Receita;83,22;500;Recursos não vinculados de Impostos;1002;Identificação das despesas com ações e serviços públicos de saúde
Pitimbu;201147;Prefeitura Municipal de Pitimbu;022025;2025;17215201;Cota-Parte do IPI - Municípios - Principal;Lançamento de Receita;27,74;500;Recursos não vinculados de Impostos;1001;Identificação das despesas com manutenção e desenvolvimento do ensino
Pitimbu;201147;Prefeitura Municipal de Pitimbu;022025;2025;17215201;Cota-Parte do IPI - Municípios - Principal;Outras Deduções;-29,22;500;Recursos não vinculados de Impostos;"Não ";Não Aplicável
Pitimbu;201147;Prefeitura Municipal de Pitimbu;012025;2025;17215201;Cota-Parte do IPI - Municípios - Principal;Lançamento de Receita;23,91;500;Recursos não vinculados de Impostos;1001;Identificação das despesas com manutenção e desenvolvimento do ensino
Pitimbu;201147;Prefeitura Municipal de Pitimbu;012025;2025;17215201;Cota-Parte do IPI - Municípios - Principal;Lançamento de Receita;382,56;500;Recursos não vinculados de Impostos;"Não ";Não Aplicável
Pitimbu;201147;Prefeitura Municipal de Pitimbu;012025;2025;17215201;Cota-Parte do IPI - Municípios - Principal;Lançamento de Receita;71,73;500;Recursos não vinculados de Impostos;1002;Identificação das despesas com ações e serviços públicos de saúde
Pitimbu;201147;Prefeitura Municipal de Pitimbu;122025;2025;17215101;Cota-Parte do IPVA - Principal;Lançamento de Receita;2.877,74;500;Recursos não vinculados de Impostos;1002;Identificação das despesas com ações e serviços públicos de saúde
Pitimbu;201147;Prefeitura Municipal de Pitimbu;122025;2025;17215101;Cota-Parte do IPVA - Principal;Lançamento de Receita;34.806,21;500;Recursos não vinculados de Impostos;"Não ";Não Aplicável
Pitimbu;201147;Prefeitura Municipal de Pitimbu;122025;2025;17215101;Cota-Parte do IPVA - Principal;Lançamento de Receita;959,26;500;Recursos não vinculados de Impostos;1001;Identificação das despesas com manutenção e desenvolvimento do ensino
Pitimbu;201147;Prefeitura Municipal de Pitimbu;112025;2025;17215101;Cota-Parte do IPVA - Principal;Lançamento de Receita;3.643,9;500;Recursos não vinculados de Impostos;1002;Identificação das despesas com ações e serviços públicos de saúde
Pitimbu;201147;Prefeitura Municipal de Pitimbu;112025;2025;17215101;Cota-Parte do IPVA - Principal;Lançamento de Receita;27.146,15;500;Recursos não vinculados de Impostos;"Não ";Não Aplicável
Pitimbu;201147;Prefeitura Municipal de Pitimbu;112025;2025;17215101;Cota-Parte do IPVA - Principal;Lançamento de Receita;1.214,65;500;Recursos não vinculados de Impostos;1001;Identificação das despesas com manutenção e desenvolvimento do ensino
Pitimbu;201147;Prefeitura Municipal de Pitimbu;102025;2025;17215101;Cota-Parte do IPVA - Principal;Lançamento de Receita;7.241,11;500;Recursos não vinculados de Impostos;1002;Identificação das despesas com ações e serviços públicos de saúde
Pitimbu;201147;Prefeitura Municipal de Pitimbu;102025;2025;17215101;Cota-Parte do IPVA - Principal;Lançamento de Receita;53.806,14;500;Recursos não vinculados de Impostos;"Não ";Não Aplicável
Pitimbu;201147;Prefeitura Municipal de Pitimbu;102025;2025;17215101;Cota-Parte do IPVA - Principal;Lançamento de Receita;2.413,7;500;Recursos não vinculados de Impostos;1001;Identificação das despesas com manutenção e desenvolvimento do ensino
Pitimbu;201147;Prefeitura Municipal de Pitimbu;092025;2025;17215101;Cota-Parte do IPVA - Principal;Lançamento de Receita;49.920,89;500;Recursos não vinculados de Impostos;"Não ";Não Aplicável
Pitimbu;201147;Prefeitura Municipal de Pitimbu;092025;2025;17215101;Cota-Parte do IPVA - Principal;Lançamento de Receita;1.509,61;500;Recursos não vinculados de Impostos;1002;Identificação das despesas com ações e serviços públicos de saúde
Pitimbu;201147;Prefeitura Municipal de Pitimbu;092025;2025;17215101;Cota-Parte do IPVA - Principal;Lançamento de Receita;503,2;500;Recursos não vinculados de Impostos;1001;Identificação das despesas com manutenção e desenvolvimento do ensino
Pitimbu;201147;Prefeitura Municipal de Pitimbu;082025;2025;17215101;Cota-Parte do IPVA - Principal;Lançamento de Receita;3.064,92;500;Recursos não vinculados de Impostos;1001;Identificação das despesas com manutenção e desenvolvimento do ensino
Pitimbu;201147;Prefeitura Municipal de Pitimbu;082025;2025;17215101;Cota-Parte do IPVA - Principal;Lançamento de Receita;52.486,79;500;Recursos não vinculados de Impostos;"Não ";Não Aplicável
Pitimbu;201147;Prefeitura Municipal de Pitimbu;082025;2025;17215101;Cota-Parte do IPVA - Principal;Lançamento de Receita;9.194,72;500;Recursos não vinculados de Impostos;1002;Identificação das despesas com ações e serviços públicos de saúde
Pitimbu;201147;Prefeitura Municipal de Pitimbu;072025;2025;17215101;Cota-Parte do IPVA - Principal;Lançamento de Receita;66.660,17;500;Recursos não vinculados de Impostos;"Não ";Não Aplicável
Pitimbu;201147;Prefeitura Municipal de Pitimbu;072025;2025;17215101;Cota-Parte do IPVA - Principal;Lançamento de Receita;2.928,28;500;Recursos não vinculados de Impostos;1001;Identificação das despesas com manutenção e desenvolvimento do ensino
Pitimbu;201147;Prefeitura Municipal de Pitimbu;072025;2025;17215101;Cota-Parte do IPVA - Principal;Lançamento de Receita;8.784,84;500;Recursos não vinculados de Impostos;1002;Identificação das despesas com ações e serviços públicos de saúde
Pitimbu;201147;Prefeitura Municipal de Pitimbu;062025;2025;17215101;Cota-Parte do IPVA - Principal;Lançamento de Receita;10.239,82;500;Recursos não vinculados de Impostos;1002;Identificação das despesas com ações e serviços públicos de saúde
Pitimbu;201147;Prefeitura Municipal de Pitimbu;062025;2025;17215101;Cota-Parte do IPVA - Principal;Lançamento de Receita;54.612,38;500;Recursos não vinculados de Impostos;"Não ";Não Aplicável
Pitimbu;201147;Prefeitura Municipal de Pitimbu;062025;2025;17215101;Cota-Parte do IPVA - Principal;Lançamento de Receita;3.413,27;500;Recursos não vinculados de Impostos;1001;Identificação das despesas com manutenção e desenvolvimento do ensino
Pitimbu;201147;Prefeitura Municipal de Pitimbu;052025;2025;17215101;Cota-Parte do IPVA - Principal;Lançamento de Receita;47.596,16;500;Recursos não vinculados de Impostos;"Não ";Não Aplicável
Pitimbu;201147;Prefeitura Municipal de Pitimbu;052025;2025;17215101;Cota-Parte do IPVA - Principal;Lançamento de Receita;2.673,14;500;Recursos não vinculados de Impostos;1001;Identificação das despesas com manutenção e desenvolvimento do ensino
Pitimbu;201147;Prefeitura Municipal de Pitimbu;052025;2025;17215101;Cota-Parte do IPVA - Principal;Lançamento de Receita;8.019,38;500;Recursos não vinculados de Impostos;1002;Identificação das despesas com ações e serviços públicos de saúde
Pitimbu;201147;Prefeitura Municipal de Pitimbu;042025;2025;17215101;Cota-Parte do IPVA - Principal;Lançamento de Receita;56.180,2;500;Recursos não vinculados de Impostos;"Não ";Não Aplicável
Pitimbu;201147;Prefeitura Municipal de Pitimbu;042025;2025;17215101;Cota-Parte do IPVA - Principal;Lançamento de Receita;3.511,27;500;Recursos não vinculados de Impostos;1001;Identificação das despesas com manutenção e desenvolvimento do ensino
Pitimbu;201147;Prefeitura Municipal de Pitimbu;042025;2025;17215101;Cota-Parte do IPVA - Principal;Lançamento de Receita;10.533,8;500;Recursos não vinculados de Impostos;1002;Identificação das despesas com ações e serviços públicos de saúde
Pitimbu;201147;Prefeitura Municipal de Pitimbu;032025;2025;17215101;Cota-Parte do IPVA - Principal;Lançamento de Receita;9.025,81;500;Recursos não vinculados de Impostos;1002;Identificação das despesas com ações e serviços públicos de saúde
Pitimbu;201147;Prefeitura Municipal de Pitimbu;032025;2025;17215101;Cota-Parte do IPVA - Principal;Lançamento de Receita;55.230,04;500;Recursos não vinculados de Impostos;"Não ";Não Aplicável
Pitimbu;201147;Prefeitura Municipal de Pitimbu;032025;2025;17215101;Cota-Parte do IPVA - Principal;Lançamento de Receita;3.008,6;500;Recursos não vinculados de Impostos;1001;Identificação das despesas com manutenção e desenvolvimento do ensino
Pitimbu;201147;Prefeitura Municipal de Pitimbu;022025;2025;17215101;Cota-Parte do IPVA - Principal;Lançamento de Receita;1.464,82;500;Recursos não vinculados de Impostos;1001;Identificação das despesas com manutenção e desenvolvimento do ensino
Pitimbu;201147;Prefeitura Municipal de Pitimbu;022025;2025;17215101;Cota-Parte do IPVA - Principal;Lançamento de Receita;4.394,45;500;Recursos não vinculados de Impostos;1002;Identificação das despesas com ações e serviços públicos de saúde
Pitimbu;201147;Prefeitura Municipal de Pitimbu;022025;2025;17215101;Cota-Parte do IPVA - Principal;Lançamento de Receita;80.189,27;500;Recursos não vinculados de Impostos;"Não ";Não Aplicável
Pitimbu;201147;Prefeitura Municipal de Pitimbu;012025;2025;17215101;Cota-Parte do IPVA - Principal;Lançamento de Receita;3.546,95;500;Recursos não vinculados de Impostos;1001;Identificação das despesas com manutenção e desenvolvimento do ensino
Pitimbu;201147;Prefeitura Municipal de Pitimbu;012025;2025;17215101;Cota-Parte do IPVA - Principal;Lançamento de Receita;10.640,84;500;Recursos não vinculados de Impostos;1002;Identificação das despesas com ações e serviços públicos de saúde
Pitimbu;201147;Prefeitura Municipal de Pitimbu;012025;2025;17215101;Cota-Parte do IPVA - Principal;Lançamento de Receita;56.751,11;500;Recursos não vinculados de Impostos;"Não ";Não Aplicável
Pitimbu;201147;Prefeitura Municipal de Pitimbu;122025;2025;17215001;Cota-Parte do ICMS - Principal;Dedução do Fundeb;-592.765,76;500;Recursos não vinculados de Impostos;"Não ";Não Aplicável
Pitimbu;201147;Prefeitura Municipal de Pitimbu;122025;2025;17215001;Cota-Parte do ICMS - Principal;Lançamento de Receita;2.963.828,95;500;Recursos não vinculados de Impostos;"Não ";Não Aplicável
Pitimbu;201147;Prefeitura Municipal de Pitimbu;112025;2025;17215001;Cota-Parte do ICMS - Principal;Lançamento de Receita;2.070.871,71;500;Recursos não vinculados de Impostos;"Não ";Não Aplicável
Pitimbu;201147;Prefeitura Municipal de Pitimbu;112025;2025;17215001;Cota-Parte do ICMS - Principal;Dedução do Fundeb;-414.174,32;500;Recursos não vinculados de Impostos;"Não ";Não Aplicável
Pitimbu;201147;Prefeitura Municipal de Pitimbu;102025;2025;17215001;Cota-Parte do ICMS - Principal;Lançamento de Receita;2.262.901,81;500;Recursos não vinculados de Impostos;"Não ";Não Aplicável
Pitimbu;201147;Prefeitura Municipal de Pitimbu;102025;2025;17215001;Cota-Parte do ICMS - Principal;Lançamento de Receita;20.262,21;500;Recursos não vinculados de Impostos;1002;Identificação das despesas com ações e serviços públicos de saúde
Pitimbu;201147;Prefeitura Municipal de Pitimbu;102025;2025;17215001;Cota-Parte do ICMS - Principal;Lançamento de Receita;6.754,07;500;Recursos não vinculados de Impostos;1001;Identificação das despesas com manutenção e desenvolvimento do ensino
Pitimbu;201147;Prefeitura Municipal de Pitimbu;102025;2025;17215001;Cota-Parte do ICMS - Principal;Dedução do Fundeb;-457.983,6;500;Recursos não vinculados de Impostos;"Não ";Não Aplicável
Pitimbu;201147;Prefeitura Municipal de Pitimbu;092025;2025;17215001;Cota-Parte do ICMS - Principal;Dedução do Fundeb;-501.421,48;500;Recursos não vinculados de Impostos;"Não ";Não Aplicável
Pitimbu;201147;Prefeitura Municipal de Pitimbu;092025;2025;17215001;Cota-Parte do ICMS - Principal;Lançamento de Receita;2.507.107,51;500;Recursos não vinculados de Impostos;"Não ";Não Aplicável
Pitimbu;201147;Prefeitura Municipal de Pitimbu;082025;2025;17215001;Cota-Parte do ICMS - Principal;Dedução do Fundeb;-526.858,5;500;Recursos não vinculados de Impostos;"Não ";Não Aplicável
Pitimbu;201147;Prefeitura Municipal de Pitimbu;082025;2025;17215001;Cota-Parte do ICMS - Principal;Lançamento de Receita;2.634.292,53;500;Recursos não vinculados de Impostos;"Não ";Não Aplicável
Pitimbu;201147;Prefeitura Municipal de Pitimbu;072025;2025;17215001;Cota-Parte do ICMS - Principal;Lançamento de Receita;2.251.109,76;500;Recursos não vinculados de Impostos;"Não ";Não Aplicável
Pitimbu;201147;Prefeitura Municipal de Pitimbu;072025;2025;17215001;Cota-Parte do ICMS - Principal;Dedução do Fundeb;-491.460,49;500;Recursos não vinculados de Impostos;"Não ";Não Aplicável
Pitimbu;201147;Prefeitura Municipal de Pitimbu;072025;2025;17215001;Cota-Parte do ICMS - Principal;Lançamento de Receita;154.644,56;500;Recursos não vinculados de Impostos;1002;Identificação das despesas com ações e serviços públicos de saúde
Pitimbu;201147;Prefeitura Municipal de Pitimbu;072025;2025;17215001;Cota-Parte do ICMS - Principal;Lançamento de Receita;51.548,19;500;Recursos não vinculados de Impostos;1001;Identificação das despesas com manutenção e desenvolvimento do ensino
Pitimbu;201147;Prefeitura Municipal de Pitimbu;062025;2025;17215001;Cota-Parte do ICMS - Principal;Lançamento de Receita;1.772.542,62;500;Recursos não vinculados de Impostos;"Não ";Não Aplicável
Pitimbu;201147;Prefeitura Municipal de Pitimbu;062025;2025;17215001;Cota-Parte do ICMS - Principal;Lançamento de Receita;105.548,09;500;Recursos não vinculados de Impostos;1001;Identificação das despesas com manutenção e desenvolvimento do ensino
Pitimbu;201147;Prefeitura Municipal de Pitimbu;062025;2025;17215001;Cota-Parte do ICMS - Principal;Dedução do Fundeb;-438.946,98;500;Recursos não vinculados de Impostos;"Não ";Não Aplicável
Pitimbu;201147;Prefeitura Municipal de Pitimbu;062025;2025;17215001;Cota-Parte do ICMS - Principal;Lançamento de Receita;316.644,25;500;Recursos não vinculados de Impostos;1002;Identificação das despesas com ações e serviços públicos de saúde
Pitimbu;201147;Prefeitura Municipal de Pitimbu;052025;2025;17215001;Cota-Parte do ICMS - Principal;Lançamento de Receita;1.814.099;500;Recursos não vinculados de Impostos;"Não ";Não Aplicável
Pitimbu;201147;Prefeitura Municipal de Pitimbu;052025;2025;17215001;Cota-Parte do ICMS - Principal;Lançamento de Receita;262.682,87;500;Recursos não vinculados de Impostos;1002;Identificação das despesas com ações e serviços públicos de saúde
Pitimbu;201147;Prefeitura Municipal de Pitimbu;052025;2025;17215001;Cota-Parte do ICMS - Principal;Lançamento de Receita;87.560,96;500;Recursos não vinculados de Impostos;1001;Identificação das despesas com manutenção e desenvolvimento do ensino
Pitimbu;201147;Prefeitura Municipal de Pitimbu;052025;2025;17215001;Cota-Parte do ICMS - Principal;Dedução do Fundeb;-432.868,55;500;Recursos não vinculados de Impostos;"Não ";Não Aplicável
Pitimbu;201147;Prefeitura Municipal de Pitimbu;042025;2025;17215001;Cota-Parte do ICMS - Principal;Lançamento de Receita;1.804.287,54;500;Recursos não vinculados de Impostos;"Não ";Não Aplicável
Pitimbu;201147;Prefeitura Municipal de Pitimbu;042025;2025;17215001;Cota-Parte do ICMS - Principal;Lançamento de Receita;112.767,98;500;Recursos não vinculados de Impostos;1001;Identificação das despesas com manutenção e desenvolvimento do ensino
Pitimbu;201147;Prefeitura Municipal de Pitimbu;042025;2025;17215001;Cota-Parte do ICMS - Principal;Lançamento de Receita;338.303,92;500;Recursos não vinculados de Impostos;1002;Identificação das despesas com ações e serviços públicos de saúde
Pitimbu;201147;Prefeitura Municipal de Pitimbu;042025;2025;17215001;Cota-Parte do ICMS - Principal;Dedução do Fundeb;-451.071,88;500;Recursos não vinculados de Impostos;"Não ";Não Aplicável
Pitimbu;201147;Prefeitura Municipal de Pitimbu;032025;2025;17215001;Cota-Parte do ICMS - Principal;Lançamento de Receita;53.344,84;500;Recursos não vinculados de Impostos;1001;Identificação das despesas com manutenção e desenvolvimento do ensino
Pitimbu;201147;Prefeitura Municipal de Pitimbu;032025;2025;17215001;Cota-Parte do ICMS - Principal;Lançamento de Receita;160.034,53;500;Recursos não vinculados de Impostos;1002;Identificação das despesas com ações e serviços públicos de saúde
Pitimbu;201147;Prefeitura Municipal de Pitimbu;032025;2025;17215001;Cota-Parte do ICMS - Principal;Dedução do Fundeb;-443.069,94;500;Recursos não vinculados de Impostos;"Não ";Não Aplicável
Pitimbu;201147;Prefeitura Municipal de Pitimbu;032025;2025;17215001;Cota-Parte do ICMS - Principal;Lançamento de Receita;2.001.970,39;500;Recursos não vinculados de Impostos;"Não ";Não Aplicável
Pitimbu;201147;Prefeitura Municipal de Pitimbu;022025;2025;17215001;Cota-Parte do ICMS - Principal;Lançamento de Receita;53.364,14;500;Recursos não vinculados de Impostos;1001;Identificação das despesas com manutenção e desenvolvimento do ensino
Pitimbu;201147;Prefeitura Municipal de Pitimbu;022025;2025;17215001;Cota-Parte do ICMS - Principal;Dedução do Fundeb;-422.265,04;500;Recursos não vinculados de Impostos;"Não ";Não Aplicável
Pitimbu;201147;Prefeitura Municipal de Pitimbu;022025;2025;17215001;Cota-Parte do ICMS - Principal;Lançamento de Receita;1.897.868,72;500;Recursos não vinculados de Impostos;"Não ";Não Aplicável
Pitimbu;201147;Prefeitura Municipal de Pitimbu;022025;2025;17215001;Cota-Parte do ICMS - Principal;Lançamento de Receita;160.092,42;500;Recursos não vinculados de Impostos;1002;Identificação das despesas com ações e serviços públicos de saúde
Pitimbu;201147;Prefeitura Municipal de Pitimbu;012025;2025;17215001;Cota-Parte do ICMS - Principal;Dedução do Fundeb;-482.483,91;500;Recursos não vinculados de Impostos;"Não ";Não Aplicável
Pitimbu;201147;Prefeitura Municipal de Pitimbu;012025;2025;17215001;Cota-Parte do ICMS - Principal;Lançamento de Receita;361.862,96;500;Recursos não vinculados de Impostos;1002;Identificação das despesas com ações e serviços públicos de saúde
Pitimbu;201147;Prefeitura Municipal de Pitimbu;012025;2025;17215001;Cota-Parte do ICMS - Principal;Lançamento de Receita;1.929.935,75;500;Recursos não vinculados de Impostos;"Não ";Não Aplicável
Pitimbu;201147;Prefeitura Municipal de Pitimbu;012025;2025;17215001;Cota-Parte do ICMS - Principal;Lançamento de Receita;120.620,99;500;Recursos não vinculados de Impostos;1001;Identificação das despesas com manutenção e desenvolvimento do ensino
Pitimbu;201147;Prefeitura Municipal de Pitimbu;122025;2025;17199901;Outras Transferências de Recursos da União e de suas Entidades - Principal;Lançamento de Receita;300.000;700;Outras Transferências de Convênios ou Repasses da União;"Não ";Não Aplicável
Pitimbu;201147;Prefeitura Municipal de Pitimbu;122025;2025;17195801;Transferência Obrigatória Decorrente da Lei Complementar nº 176/2020 - Principal;Lançamento de Receita;1.327,21;500;Recursos não vinculados de Impostos;"Não ";Não Aplicável
Pitimbu;201147;Prefeitura Municipal de Pitimbu;112025;2025;17195801;Transferência Obrigatória Decorrente da Lei Complementar nº 176/2020 - Principal;Lançamento de Receita;1.327,21;500;Recursos não vinculados de Impostos;"Não ";Não Aplicável
Pitimbu;201147;Prefeitura Municipal de Pitimbu;102025;2025;17195801;Transferência Obrigatória Decorrente da Lei Complementar nº 176/2020 - Principal;Lançamento de Receita;1.327,21;500;Recursos não vinculados de Impostos;"Não ";Não Aplicável
Pitimbu;201147;Prefeitura Municipal de Pitimbu;092025;2025;17195801;Transferência Obrigatória Decorrente da Lei Complementar nº 176/2020 - Principal;Lançamento de Receita;1.327,21;500;Recursos não vinculados de Impostos;"Não ";Não Aplicável
Pitimbu;201147;Prefeitura Municipal de Pitimbu;082025;2025;17195801;Transferência Obrigatória Decorrente da Lei Complementar nº 176/2020 - Principal;Lançamento de Receita;1.327,21;500;Recursos não vinculados de Impostos;"Não ";Não Aplicável
Pitimbu;201147;Prefeitura Municipal de Pitimbu;072025;2025;17195801;Transferência Obrigatória Decorrente da Lei Complementar nº 176/2020 - Principal;Lançamento de Receita;1.327,21;500;Recursos não vinculados de Impostos;"Não ";Não Aplicável
Pitimbu;201147;Prefeitura Municipal de Pitimbu;062025;2025;17195801;Transferência Obrigatória Decorrente da Lei Complementar nº 176/2020 - Principal;Lançamento de Receita;1.327,21;500;Recursos não vinculados de Impostos;"Não ";Não Aplicável
Pitimbu;201147;Prefeitura Municipal de Pitimbu;052025;2025;17195801;Transferência Obrigatória Decorrente da Lei Complementar nº 176/2020 - Principal;Lançamento de Receita;1.327,21;500;Recursos não vinculados de Impostos;"Não ";Não Aplicável
Pitimbu;201147;Prefeitura Municipal de Pitimbu;042025;2025;17195801;Transferência Obrigatória Decorrente da Lei Complementar nº 176/2020 - Principal;Lançamento de Receita;1.327,21;500;Recursos não vinculados de Impostos;"Não ";Não Aplicável
Pitimbu;201147;Prefeitura Municipal de Pitimbu;032025;2025;17195801;Transferência Obrigatória Decorrente da Lei Complementar nº 176/2020 - Principal;Lançamento de Receita;1.327,21;500;Recursos não vinculados de Impostos;"Não ";Não Aplicável
Pitimbu;201147;Prefeitura Municipal de Pitimbu;022025;2025;17195801;Transferência Obrigatória Decorrente da Lei Complementar nº 176/2020 - Principal;Lançamento de Receita;1.327,21;500;Recursos não vinculados de Impostos;"Não ";Não Aplicável
Pitimbu;201147;Prefeitura Municipal de Pitimbu;012025;2025;17195801;Transferência Obrigatória Decorrente da Lei Complementar nº 176/2020 - Principal;Lançamento de Receita;1.327,21;500;Recursos não vinculados de Impostos;"Não ";Não Aplicável
Pitimbu;201147;Prefeitura Municipal de Pitimbu;122025;2025;17165001;Transferências de Recursos do Fundo Nacional de Assistência Social – FNAS - Principal;Lançamento de Receita;91.954,62;660;Transferência de Recursos do Fundo Nacional de Assistência Social - FNAS;"Não ";Não Aplicável
Pitimbu;201147;Prefeitura Municipal de Pitimbu;112025;2025;17165001;Transferências de Recursos do Fundo Nacional de Assistência Social – FNAS - Principal;Lançamento de Receita;38.480,19;660;Transferência de Recursos do Fundo Nacional de Assistência Social - FNAS;"Não ";Não Aplicável
Pitimbu;201147;Prefeitura Municipal de Pitimbu;102025;2025;17165001;Transferências de Recursos do Fundo Nacional de Assistência Social – FNAS - Principal;Lançamento de Receita;38.389,65;660;Transferência de Recursos do Fundo Nacional de Assistência Social - FNAS;"Não ";Não Aplicável
Pitimbu;201147;Prefeitura Municipal de Pitimbu;092025;2025;17165001;Transferências de Recursos do Fundo Nacional de Assistência Social – FNAS - Principal;Lançamento de Receita;67.835,76;660;Transferência de Recursos do Fundo Nacional de Assistência Social - FNAS;"Não ";Não Aplicável
Pitimbu;201147;Prefeitura Municipal de Pitimbu;092025;2025;17165001;Transferências de Recursos do Fundo Nacional de Assistência Social – FNAS - Principal;Lançamento de Receita;8.204,32;660;Transferência de Recursos do Fundo Nacional de Assistência Social - FNAS;3120;Identificação das Transferências da União decorrentes de emendas parlamentares de bancada
Pitimbu;201147;Prefeitura Municipal de Pitimbu;082025;2025;17165001;Transferências de Recursos do Fundo Nacional de Assistência Social – FNAS - Principal;Lançamento de Receita;37.069,95;660;Transferência de Recursos do Fundo Nacional de Assistência Social - FNAS;"Não ";Não Aplicável
Pitimbu;201147;Prefeitura Municipal de Pitimbu;072025;2025;17165001;Transferências de Recursos do Fundo Nacional de Assistência Social – FNAS - Principal;Lançamento de Receita;97.516,04;660;Transferência de Recursos do Fundo Nacional de Assistência Social - FNAS;"Não ";Não Aplicável
Pitimbu;201147;Prefeitura Municipal de Pitimbu;062025;2025;17165001;Transferências de Recursos do Fundo Nacional de Assistência Social – FNAS - Principal;Lançamento de Receita;12.644,68;660;Transferência de Recursos do Fundo Nacional de Assistência Social - FNAS;"Não ";Não Aplicável
Pitimbu;201147;Prefeitura Municipal de Pitimbu;052025;2025;17165001;Transferências de Recursos do Fundo Nacional de Assistência Social – FNAS - Principal;Lançamento de Receita;36.308,33;660;Transferência de Recursos do Fundo Nacional de Assistência Social - FNAS;"Não ";Não Aplicável
Pitimbu;201147;Prefeitura Municipal de Pitimbu;042025;2025;17165001;Transferências de Recursos do Fundo Nacional de Assistência Social – FNAS - Principal;Lançamento de Receita;43.106,77;660;Transferência de Recursos do Fundo Nacional de Assistência Social - FNAS;"Não ";Não Aplicável
Pitimbu;201147;Prefeitura Municipal de Pitimbu;032025;2025;17165001;Transferências de Recursos do Fundo Nacional de Assistência Social – FNAS - Principal;Lançamento de Receita;8.985,02;500;Recursos não vinculados de Impostos;"Não ";Não Aplicável
Pitimbu;201147;Prefeitura Municipal de Pitimbu;032025;2025;17165001;Transferências de Recursos do Fundo Nacional de Assistência Social – FNAS - Principal;Lançamento de Receita;21.454,63;660;Transferência de Recursos do Fundo Nacional de Assistência Social - FNAS;"Não ";Não Aplicável
Pitimbu;201147;Prefeitura Municipal de Pitimbu;022025;2025;17165001;Transferências de Recursos do Fundo Nacional de Assistência Social – FNAS - Principal;Lançamento de Receita;32.385,63;660;Transferência de Recursos do Fundo Nacional de Assistência Social - FNAS;"Não ";Não Aplicável
Pitimbu;201147;Prefeitura Municipal de Pitimbu;012025;2025;17165001;Transferências de Recursos do Fundo Nacional de Assistência Social – FNAS - Principal;Lançamento de Receita;21.452,28;660;Transferência de Recursos do Fundo Nacional de Assistência Social - FNAS;"Não ";Não Aplicável
Pitimbu;201147;Prefeitura Municipal de Pitimbu;042025;2025;17155201;Transferências de Recursos de Complementação da União ao Fundeb – VAAR - Principal;Lançamento de Receita;15.901,58;543;Transferências do FUNDEB - Complementação da União - VAAR;"Não ";Não Aplicável
Pitimbu;201147;Prefeitura Municipal de Pitimbu;042025;2025;17155201;Transferências de Recursos de Complementação da União ao Fundeb – VAAR - Principal;Outras Deduções;-2.851,16;543;Transferências do FUNDEB - Complementação da União - VAAR;"Não ";Não Aplicável
Pitimbu;201147;Prefeitura Municipal de Pitimbu;012025;2025;17155201;Transferências de Recursos de Complementação da União ao Fundeb – VAAR - Principal;Lançamento de Receita;138.118,47;543;Transferências do FUNDEB - Complementação da União - VAAR;"Não ";Não Aplicável
Pitimbu;201147;Prefeitura Municipal de Pitimbu;012025;2025;17155201;Transferências de Recursos de Complementação da União ao Fundeb – VAAR - Principal;Dedução do Fundeb;-33.012,55;543;Transferências do FUNDEB - Complementação da União - VAAR;"Não ";Não Aplicável
Pitimbu;201147;Prefeitura Municipal de Pitimbu;122025;2025;17155101;Transferências de Recursos de Complementação da União ao Fundeb – VAAF - Principal;Outras Deduções;-22,46;541;Transferências do FUNDEB - Complementação da União - VAAF;"Não ";Não Aplicável
Pitimbu;201147;Prefeitura Municipal de Pitimbu;122025;2025;17155101;Transferências de Recursos de Complementação da União ao Fundeb – VAAF - Principal;Lançamento de Receita;123.235,18;541;Transferências do FUNDEB - Complementação da União - VAAF;"Não ";Não Aplicável
Pitimbu;201147;Prefeitura Municipal de Pitimbu;112025;2025;17155101;Transferências de Recursos de Complementação da União ao Fundeb – VAAF - Principal;Lançamento de Receita;123.343,36;541;Transferências do FUNDEB - Complementação da União - VAAF;"Não ";Não Aplicável
Pitimbu;201147;Prefeitura Municipal de Pitimbu;102025;2025;17155101;Transferências de Recursos de Complementação da União ao Fundeb – VAAF - Principal;Lançamento de Receita;123.345,22;541;Transferências do FUNDEB - Complementação da União - VAAF;"Não ";Não Aplicável
Pitimbu;201147;Prefeitura Municipal de Pitimbu;092025;2025;17155101;Transferências de Recursos de Complementação da União ao Fundeb – VAAF - Principal;Lançamento de Receita;128.276,25;541;Transferências do FUNDEB - Complementação da União - VAAF;"Não ";Não Aplicável
Pitimbu;201147;Prefeitura Municipal de Pitimbu;082025;2025;17155101;Transferências de Recursos de Complementação da União ao Fundeb – VAAF - Principal;Lançamento de Receita;182.609,6;541;Transferências do FUNDEB - Complementação da União - VAAF;"Não ";Não Aplicável
Pitimbu;201147;Prefeitura Municipal de Pitimbu;072025;2025;17155101;Transferências de Recursos de Complementação da União ao Fundeb – VAAF - Principal;Lançamento de Receita;178.148,88;541;Transferências do FUNDEB - Complementação da União - VAAF;"Não ";Não Aplicável
Pitimbu;201147;Prefeitura Municipal de Pitimbu;062025;2025;17155101;Transferências de Recursos de Complementação da União ao Fundeb – VAAF - Principal;Lançamento de Receita;178.148,88;541;Transferências do FUNDEB - Complementação da União - VAAF;"Não ";Não Aplicável
Pitimbu;201147;Prefeitura Municipal de Pitimbu;052025;2025;17155101;Transferências de Recursos de Complementação da União ao Fundeb – VAAF - Principal;Lançamento de Receita;166.735,78;541;Transferências do FUNDEB - Complementação da União - VAAF;"Não ";Não Aplicável
Pitimbu;201147;Prefeitura Municipal de Pitimbu;042025;2025;17155101;Transferências de Recursos de Complementação da União ao Fundeb – VAAF - Principal;Lançamento de Receita;204.429,34;541;Transferências do FUNDEB - Complementação da União - VAAF;"Não ";Não Aplicável
Pitimbu;201147;Prefeitura Municipal de Pitimbu;032025;2025;17155101;Transferências de Recursos de Complementação da União ao Fundeb – VAAF - Principal;Lançamento de Receita;138.817,12;541;Transferências do FUNDEB - Complementação da União - VAAF;"Não ";Não Aplicável
Pitimbu;201147;Prefeitura Municipal de Pitimbu;022025;2025;17155101;Transferências de Recursos de Complementação da União ao Fundeb – VAAF - Principal;Lançamento de Receita;127.249,03;541;Transferências do FUNDEB - Complementação da União - VAAF;"Não ";Não Aplicável
Pitimbu;201147;Prefeitura Municipal de Pitimbu;012025;2025;17155101;Transferências de Recursos de Complementação da União ao Fundeb – VAAF - Principal;Lançamento de Receita;543.053,65;541;Transferências do FUNDEB - Complementação da União - VAAF;"Não ";Não Aplicável
Pitimbu;201147;Prefeitura Municipal de Pitimbu;122025;2025;17155001;Transferências de Recursos de Complementação da União ao Fundeb – VAAT - Principal;Lançamento de Receita;599.687,46;542;Transferências do FUNDEB - Complementação da União - VAAT;"Não ";Não Aplicável
Pitimbu;201147;Prefeitura Municipal de Pitimbu;112025;2025;17155001;Transferências de Recursos de Complementação da União ao Fundeb – VAAT - Principal;Lançamento de Receita;600.292,76;542;Transferências do FUNDEB - Complementação da União - VAAT;"Não ";Não Aplicável
Pitimbu;201147;Prefeitura Municipal de Pitimbu;102025;2025;17155001;Transferências de Recursos de Complementação da União ao Fundeb – VAAT - Principal;Lançamento de Receita;600.292,76;542;Transferências do FUNDEB - Complementação da União - VAAT;"Não ";Não Aplicável
Pitimbu;201147;Prefeitura Municipal de Pitimbu;092025;2025;17155001;Transferências de Recursos de Complementação da União ao Fundeb – VAAT - Principal;Lançamento de Receita;600.756,23;542;Transferências do FUNDEB - Complementação da União - VAAT;"Não ";Não Aplicável
Pitimbu;201147;Prefeitura Municipal de Pitimbu;082025;2025;17155001;Transferências de Recursos de Complementação da União ao Fundeb – VAAT - Principal;Lançamento de Receita;644.027,05;542;Transferências do FUNDEB - Complementação da União - VAAT;"Não ";Não Aplicável
Pitimbu;201147;Prefeitura Municipal de Pitimbu;072025;2025;17155001;Transferências de Recursos de Complementação da União ao Fundeb – VAAT - Principal;Lançamento de Receita;628.294,98;542;Transferências do FUNDEB - Complementação da União - VAAT;"Não ";Não Aplicável
Pitimbu;201147;Prefeitura Municipal de Pitimbu;062025;2025;17155001;Transferências de Recursos de Complementação da União ao Fundeb – VAAT - Principal;Lançamento de Receita;628.294,98;542;Transferências do FUNDEB - Complementação da União - VAAT;"Não ";Não Aplicável
Pitimbu;201147;Prefeitura Municipal de Pitimbu;052025;2025;17155001;Transferências de Recursos de Complementação da União ao Fundeb – VAAT - Principal;Lançamento de Receita;588.043,29;542;Transferências do FUNDEB - Complementação da União - VAAT;"Não ";Não Aplicável
Pitimbu;201147;Prefeitura Municipal de Pitimbu;042025;2025;17155001;Transferências de Recursos de Complementação da União ao Fundeb – VAAT - Principal;Lançamento de Receita;639.420,78;542;Transferências do FUNDEB - Complementação da União - VAAT;"Não ";Não Aplicável
Pitimbu;201147;Prefeitura Municipal de Pitimbu;032025;2025;17155001;Transferências de Recursos de Complementação da União ao Fundeb – VAAT - Principal;Lançamento de Receita;462.529,65;542;Transferências do FUNDEB - Complementação da União - VAAT;"Não ";Não Aplicável
Pitimbu;201147;Prefeitura Municipal de Pitimbu;022025;2025;17155001;Transferências de Recursos de Complementação da União ao Fundeb – VAAT - Principal;Lançamento de Receita;423.985,51;542;Transferências do FUNDEB - Complementação da União - VAAT;"Não ";Não Aplicável
Pitimbu;201147;Prefeitura Municipal de Pitimbu;012025;2025;17155001;Transferências de Recursos de Complementação da União ao Fundeb – VAAT - Principal;Lançamento de Receita;1.561.568,12;542;Transferências do FUNDEB - Complementação da União - VAAT;"Não ";Não Aplicável
Pitimbu;201147;Prefeitura Municipal de Pitimbu;102025;2025;17149901;Outras Transferências Diretas do Fundo Nacional do Desenvolvimento da Educação - FNDE - Principal;Lançamento de Receita;259.046,27;569;Outras Transferências de Recursos do FNDE;"Não ";Não Aplicável
Pitimbu;201147;Prefeitura Municipal de Pitimbu;092025;2025;17145301;Transferências referentes ao Programa Nacional de Apoio ao Transporte do Escolar – PNATE - Principal;Lançamento de Receita;80.733,41;553;"Transferências de Recursos do FNDE Referentes ao Programa Nacional de Apoio ao Transporte Escolar (PNATE) ";"Não ";Não Aplicável
Pitimbu;201147;Prefeitura Municipal de Pitimbu;032025;2025;17145301;Transferências referentes ao Programa Nacional de Apoio ao Transporte do Escolar – PNATE - Principal;Lançamento de Receita;80.733,43;553;"Transferências de Recursos do FNDE Referentes ao Programa Nacional de Apoio ao Transporte Escolar (PNATE) ";"Não ";Não Aplicável
Pitimbu;201147;Prefeitura Municipal de Pitimbu;122025;2025;17145201;Transferências referentes ao Programa Nacional de Alimentação Escolar – PNAE - Principal;Lançamento de Receita;13.631,5;552;Transferências de Recursos do FNDE Referentes ao Programa Nacional de Alimentação Escolar (PNAE);"Não ";Não Aplicável
Pitimbu;201147;Prefeitura Municipal de Pitimbu;092025;2025;17145201;Transferências referentes ao Programa Nacional de Alimentação Escolar – PNAE - Principal;Lançamento de Receita;61.836,75;552;Transferências de Recursos do FNDE Referentes ao Programa Nacional de Alimentação Escolar (PNAE);"Não ";Não Aplicável
Pitimbu;201147;Prefeitura Municipal de Pitimbu;082025;2025;17145201;Transferências referentes ao Programa Nacional de Alimentação Escolar – PNAE - Principal;Lançamento de Receita;75.468,25;552;Transferências de Recursos do FNDE Referentes ao Programa Nacional de Alimentação Escolar (PNAE);"Não ";Não Aplicável
Pitimbu;201147;Prefeitura Municipal de Pitimbu;072025;2025;17145201;Transferências referentes ao Programa Nacional de Alimentação Escolar – PNAE - Principal;Lançamento de Receita;75.468,25;552;Transferências de Recursos do FNDE Referentes ao Programa Nacional de Alimentação Escolar (PNAE);"Não ";Não Aplicável
Pitimbu;201147;Prefeitura Municipal de Pitimbu;062025;2025;17145201;Transferências referentes ao Programa Nacional de Alimentação Escolar – PNAE - Principal;Lançamento de Receita;75.468,25;552;Transferências de Recursos do FNDE Referentes ao Programa Nacional de Alimentação Escolar (PNAE);"Não ";Não Aplicável
Pitimbu;201147;Prefeitura Municipal de Pitimbu;052025;2025;17145201;Transferências referentes ao Programa Nacional de Alimentação Escolar – PNAE - Principal;Lançamento de Receita;75.468,25;552;Transferências de Recursos do FNDE Referentes ao Programa Nacional de Alimentação Escolar (PNAE);"Não ";Não Aplicável
Pitimbu;201147;Prefeitura Municipal de Pitimbu;042025;2025;17145201;Transferências referentes ao Programa Nacional de Alimentação Escolar – PNAE - Principal;Lançamento de Receita;75.468,25;552;Transferências de Recursos do FNDE Referentes ao Programa Nacional de Alimentação Escolar (PNAE);"Não ";Não Aplicável
Pitimbu;201147;Prefeitura Municipal de Pitimbu;032025;2025;17145201;Transferências referentes ao Programa Nacional de Alimentação Escolar – PNAE - Principal;Lançamento de Receita;75.468,25;552;Transferências de Recursos do FNDE Referentes ao Programa Nacional de Alimentação Escolar (PNAE);"Não ";Não Aplicável
Pitimbu;201147;Prefeitura Municipal de Pitimbu;022025;2025;17145201;Transferências referentes ao Programa Nacional de Alimentação Escolar – PNAE - Principal;Lançamento de Receita;75.468,25;552;Transferências de Recursos do FNDE Referentes ao Programa Nacional de Alimentação Escolar (PNAE);"Não ";Não Aplicável
Pitimbu;201147;Prefeitura Municipal de Pitimbu;122025;2025;17145001;Transferências do Salário-Educação - Principal;Lançamento de Receita;153.017,93;550;Transferência do Salário-Educação;"Não ";Não Aplicável
Pitimbu;201147;Prefeitura Municipal de Pitimbu;112025;2025;17145001;Transferências do Salário-Educação - Principal;Lançamento de Receita;154.576,18;550;Transferência do Salário-Educação;"Não ";Não Aplicável
Pitimbu;201147;Prefeitura Municipal de Pitimbu;102025;2025;17145001;Transferências do Salário-Educação - Principal;Lançamento de Receita;163.058,49;550;Transferência do Salário-Educação;"Não ";Não Aplicável
Pitimbu;201147;Prefeitura Municipal de Pitimbu;092025;2025;17145001;Transferências do Salário-Educação - Principal;Lançamento de Receita;147.917,4;550;Transferência do Salário-Educação;"Não ";Não Aplicável
Pitimbu;201147;Prefeitura Municipal de Pitimbu;082025;2025;17145001;Transferências do Salário-Educação - Principal;Lançamento de Receita;148.871,04;550;Transferência do Salário-Educação;"Não ";Não Aplicável
Pitimbu;201147;Prefeitura Municipal de Pitimbu;072025;2025;17145001;Transferências do Salário-Educação - Principal;Lançamento de Receita;320.498,51;550;Transferência do Salário-Educação;"Não ";Não Aplicável
Pitimbu;201147;Prefeitura Municipal de Pitimbu;052025;2025;17145001;Transferências do Salário-Educação - Principal;Lançamento de Receita;152.927,47;550;Transferência do Salário-Educação;"Não ";Não Aplicável
Pitimbu;201147;Prefeitura Municipal de Pitimbu;042025;2025;17145001;Transferências do Salário-Educação - Principal;Lançamento de Receita;153.286,87;500;Recursos não vinculados de Impostos;"Não ";Não Aplicável
Pitimbu;201147;Prefeitura Municipal de Pitimbu;032025;2025;17145001;Transferências do Salário-Educação - Principal;Lançamento de Receita;154.753;550;Transferência do Salário-Educação;"Não ";Não Aplicável
Pitimbu;201147;Prefeitura Municipal de Pitimbu;022025;2025;17145001;Transferências do Salário-Educação - Principal;Lançamento de Receita;155.049,51;550;Transferência do Salário-Educação;"Não ";Não Aplicável
Pitimbu;201147;Prefeitura Municipal de Pitimbu;012025;2025;17145001;Transferências do Salário-Educação - Principal;Lançamento de Receita;272.075,83;550;Transferência do Salário-Educação;"Não ";Não Aplicável
Pitimbu;201147;Prefeitura Municipal de Pitimbu;122025;2025;17125241;Cota-Parte do Fundo Especial do Petróleo – FEP - Principal;Lançamento de Receita;57.069,51;500;Recursos não vinculados de Impostos;"Não ";Não Aplicável
Pitimbu;201147;Prefeitura Municipal de Pitimbu;112025;2025;17125241;Cota-Parte do Fundo Especial do Petróleo – FEP - Principal;Lançamento de Receita;55.532,65;500;Recursos não vinculados de Impostos;"Não ";Não Aplicável
Pitimbu;201147;Prefeitura Municipal de Pitimbu;102025;2025;17125241;Cota-Parte do Fundo Especial do Petróleo – FEP - Principal;Lançamento de Receita;58.143,12;500;Recursos não vinculados de Impostos;"Não ";Não Aplicável
Pitimbu;201147;Prefeitura Municipal de Pitimbu;092025;2025;17125241;Cota-Parte do Fundo Especial do Petróleo – FEP - Principal;Lançamento de Receita;62.591;500;Recursos não vinculados de Impostos;"Não ";Não Aplicável
Pitimbu;201147;Prefeitura Municipal de Pitimbu;082025;2025;17125241;Cota-Parte do Fundo Especial do Petróleo – FEP - Principal;Lançamento de Receita;58.279,23;500;Recursos não vinculados de Impostos;"Não ";Não Aplicável
Pitimbu;201147;Prefeitura Municipal de Pitimbu;072025;2025;17125241;Cota-Parte do Fundo Especial do Petróleo – FEP - Principal;Lançamento de Receita;54.719,92;500;Recursos não vinculados de Impostos;"Não ";Não Aplicável
Pitimbu;201147;Prefeitura Municipal de Pitimbu;062025;2025;17125241;Cota-Parte do Fundo Especial do Petróleo – FEP - Principal;Lançamento de Receita;55.779,72;500;Recursos não vinculados de Impostos;"Não ";Não Aplicável
Pitimbu;201147;Prefeitura Municipal de Pitimbu;052025;2025;17125241;Cota-Parte do Fundo Especial do Petróleo – FEP - Principal;Lançamento de Receita;61.756,9;500;Recursos não vinculados de Impostos;"Não ";Não Aplicável
Pitimbu;201147;Prefeitura Municipal de Pitimbu;042025;2025;17125241;Cota-Parte do Fundo Especial do Petróleo – FEP - Principal;Lançamento de Receita;55.611,74;500;Recursos não vinculados de Impostos;"Não ";Não Aplicável
Pitimbu;201147;Prefeitura Municipal de Pitimbu;032025;2025;17125241;Cota-Parte do Fundo Especial do Petróleo – FEP - Principal;Lançamento de Receita;66.472,17;500;Recursos não vinculados de Impostos;"Não ";Não Aplicável
Pitimbu;201147;Prefeitura Municipal de Pitimbu;022025;2025;17125241;Cota-Parte do Fundo Especial do Petróleo – FEP - Principal;Lançamento de Receita;62.145,08;500;Recursos não vinculados de Impostos;"Não ";Não Aplicável
Pitimbu;201147;Prefeitura Municipal de Pitimbu;012025;2025;17125241;Cota-Parte do Fundo Especial do Petróleo – FEP - Principal;Lançamento de Receita;56.194;500;Recursos não vinculados de Impostos;"Não ";Não Aplicável
Pitimbu;201147;Prefeitura Municipal de Pitimbu;122025;2025;17125101;Cota-parte da Compensação Financeira pela Exploração de Recursos Minerais - CFEM - Principal;Lançamento de Receita;68.426,74;500;Recursos não vinculados de Impostos;"Não ";Não Aplicável
Pitimbu;201147;Prefeitura Municipal de Pitimbu;112025;2025;17125101;Cota-parte da Compensação Financeira pela Exploração de Recursos Minerais - CFEM - Principal;Lançamento de Receita;80.705,06;500;Recursos não vinculados de Impostos;"Não ";Não Aplicável
Pitimbu;201147;Prefeitura Municipal de Pitimbu;102025;2025;17125101;Cota-parte da Compensação Financeira pela Exploração de Recursos Minerais - CFEM - Principal;Lançamento de Receita;66.213,1;500;Recursos não vinculados de Impostos;"Não ";Não Aplicável
Pitimbu;201147;Prefeitura Municipal de Pitimbu;092025;2025;17125101;Cota-parte da Compensação Financeira pela Exploração de Recursos Minerais - CFEM - Principal;Lançamento de Receita;68.676,58;500;Recursos não vinculados de Impostos;"Não ";Não Aplicável
Pitimbu;201147;Prefeitura Municipal de Pitimbu;082025;2025;17125101;Cota-parte da Compensação Financeira pela Exploração de Recursos Minerais - CFEM - Principal;Lançamento de Receita;54.233,33;500;Recursos não vinculados de Impostos;"Não ";Não Aplicável
Pitimbu;201147;Prefeitura Municipal de Pitimbu;072025;2025;17125101;Cota-parte da Compensação Financeira pela Exploração de Recursos Minerais - CFEM - Principal;Lançamento de Receita;33.396,22;500;Recursos não vinculados de Impostos;"Não ";Não Aplicável
Pitimbu;201147;Prefeitura Municipal de Pitimbu;062025;2025;17125101;Cota-parte da Compensação Financeira pela Exploração de Recursos Minerais - CFEM - Principal;Lançamento de Receita;12.389,86;500;Recursos não vinculados de Impostos;"Não ";Não Aplicável
Pitimbu;201147;Prefeitura Municipal de Pitimbu;052025;2025;17125101;Cota-parte da Compensação Financeira pela Exploração de Recursos Minerais - CFEM - Principal;Lançamento de Receita;66.057,36;500;Recursos não vinculados de Impostos;"Não ";Não Aplicável
Pitimbu;201147;Prefeitura Municipal de Pitimbu;042025;2025;17125101;Cota-parte da Compensação Financeira pela Exploração de Recursos Minerais - CFEM - Principal;Lançamento de Receita;59.092,76;500;Recursos não vinculados de Impostos;"Não ";Não Aplicável
Pitimbu;201147;Prefeitura Municipal de Pitimbu;032025;2025;17125101;Cota-parte da Compensação Financeira pela Exploração de Recursos Minerais - CFEM - Principal;Lançamento de Receita;57.602,98;500;Recursos não vinculados de Impostos;"Não ";Não Aplicável
Pitimbu;201147;Prefeitura Municipal de Pitimbu;022025;2025;17125101;Cota-parte da Compensação Financeira pela Exploração de Recursos Minerais - CFEM - Principal;Lançamento de Receita;56.901,29;500;Recursos não vinculados de Impostos;"Não ";Não Aplicável
Pitimbu;201147;Prefeitura Municipal de Pitimbu;012025;2025;17125101;Cota-parte da Compensação Financeira pela Exploração de Recursos Minerais - CFEM - Principal;Lançamento de Receita;64.562,9;500;Recursos não vinculados de Impostos;"Não ";Não Aplicável
Pitimbu;201147;Prefeitura Municipal de Pitimbu;122025;2025;17115201;Cota-Parte do Imposto Sobre a Propriedade Territorial Rural - Principal;Lançamento de Receita;213,58;500;Recursos não vinculados de Impostos;"Não ";Não Aplicável
Pitimbu;201147;Prefeitura Municipal de Pitimbu;122025;2025;17115201;Cota-Parte do Imposto Sobre a Propriedade Territorial Rural - Principal;Lançamento de Receita;13,34;500;Recursos não vinculados de Impostos;1001;Identificação das despesas com manutenção e desenvolvimento do ensino
Pitimbu;201147;Prefeitura Municipal de Pitimbu;122025;2025;17115201;Cota-Parte do Imposto Sobre a Propriedade Territorial Rural - Principal;Dedução do Fundeb;-53,37;500;Recursos não vinculados de Impostos;"Não ";Não Aplicável
Pitimbu;201147;Prefeitura Municipal de Pitimbu;122025;2025;17115201;Cota-Parte do Imposto Sobre a Propriedade Territorial Rural - Principal;Lançamento de Receita;40,05;500;Recursos não vinculados de Impostos;1002;Identificação das despesas com ações e serviços públicos de saúde
Pitimbu;201147;Prefeitura Municipal de Pitimbu;112025;2025;17115201;Cota-Parte do Imposto Sobre a Propriedade Territorial Rural - Principal;Dedução do Fundeb;-84,35;500;Recursos não vinculados de Impostos;"Não ";Não Aplicável
Pitimbu;201147;Prefeitura Municipal de Pitimbu;112025;2025;17115201;Cota-Parte do Imposto Sobre a Propriedade Territorial Rural - Principal;Lançamento de Receita;8,09;500;Recursos não vinculados de Impostos;1001;Identificação das despesas com manutenção e desenvolvimento do ensino
Pitimbu;201147;Prefeitura Municipal de Pitimbu;112025;2025;17115201;Cota-Parte do Imposto Sobre a Propriedade Territorial Rural - Principal;Lançamento de Receita;389,42;500;Recursos não vinculados de Impostos;"Não ";Não Aplicável
Pitimbu;201147;Prefeitura Municipal de Pitimbu;112025;2025;17115201;Cota-Parte do Imposto Sobre a Propriedade Territorial Rural - Principal;Lançamento de Receita;24,28;500;Recursos não vinculados de Impostos;1002;Identificação das despesas com ações e serviços públicos de saúde
Pitimbu;201147;Prefeitura Municipal de Pitimbu;102025;2025;17115201;Cota-Parte do Imposto Sobre a Propriedade Territorial Rural - Principal;Lançamento de Receita;5.653,95;500;Recursos não vinculados de Impostos;1002;Identificação das despesas com ações e serviços públicos de saúde
Pitimbu;201147;Prefeitura Municipal de Pitimbu;102025;2025;17115201;Cota-Parte do Imposto Sobre a Propriedade Territorial Rural - Principal;Lançamento de Receita;1.884,65;500;Recursos não vinculados de Impostos;1001;Identificação das despesas com manutenção e desenvolvimento do ensino
Pitimbu;201147;Prefeitura Municipal de Pitimbu;102025;2025;17115201;Cota-Parte do Imposto Sobre a Propriedade Territorial Rural - Principal;Lançamento de Receita;30.154,38;500;Recursos não vinculados de Impostos;"Não ";Não Aplicável
Pitimbu;201147;Prefeitura Municipal de Pitimbu;102025;2025;17115201;Cota-Parte do Imposto Sobre a Propriedade Territorial Rural - Principal;Dedução do Fundeb;-7.538,59;500;Recursos não vinculados de Impostos;"Não ";Não Aplicável
Pitimbu;201147;Prefeitura Municipal de Pitimbu;092025;2025;17115201;Cota-Parte do Imposto Sobre a Propriedade Territorial Rural - Principal;Lançamento de Receita;21,61;500;Recursos não vinculados de Impostos;1001;Identificação das despesas com manutenção e desenvolvimento do ensino
Pitimbu;201147;Prefeitura Municipal de Pitimbu;092025;2025;17115201;Cota-Parte do Imposto Sobre a Propriedade Territorial Rural - Principal;Lançamento de Receita;345,66;500;Recursos não vinculados de Impostos;"Não ";Não Aplicável
Pitimbu;201147;Prefeitura Municipal de Pitimbu;092025;2025;17115201;Cota-Parte do Imposto Sobre a Propriedade Territorial Rural - Principal;Dedução do Fundeb;-86,41;500;Recursos não vinculados de Impostos;"Não ";Não Aplicável
Pitimbu;201147;Prefeitura Municipal de Pitimbu;092025;2025;17115201;Cota-Parte do Imposto Sobre a Propriedade Territorial Rural - Principal;Lançamento de Receita;64,82;500;Recursos não vinculados de Impostos;1002;Identificação das despesas com ações e serviços públicos de saúde
Pitimbu;201147;Prefeitura Municipal de Pitimbu;082025;2025;17115201;Cota-Parte do Imposto Sobre a Propriedade Territorial Rural - Principal;Lançamento de Receita;38,93;500;Recursos não vinculados de Impostos;1001;Identificação das despesas com manutenção e desenvolvimento do ensino
Pitimbu;201147;Prefeitura Municipal de Pitimbu;082025;2025;17115201;Cota-Parte do Imposto Sobre a Propriedade Territorial Rural - Principal;Lançamento de Receita;116,8;500;Recursos não vinculados de Impostos;1002;Identificação das despesas com ações e serviços públicos de saúde
Pitimbu;201147;Prefeitura Municipal de Pitimbu;082025;2025;17115201;Cota-Parte do Imposto Sobre a Propriedade Territorial Rural - Principal;Dedução do Fundeb;-155,72;500;Recursos não vinculados de Impostos;"Não ";Não Aplicável
Pitimbu;201147;Prefeitura Municipal de Pitimbu;082025;2025;17115201;Cota-Parte do Imposto Sobre a Propriedade Territorial Rural - Principal;Lançamento de Receita;622,93;500;Recursos não vinculados de Impostos;"Não ";Não Aplicável
Pitimbu;201147;Prefeitura Municipal de Pitimbu;072025;2025;17115201;Cota-Parte do Imposto Sobre a Propriedade Territorial Rural - Principal;Lançamento de Receita;11,91;500;Recursos não vinculados de Impostos;"Não ";Não Aplicável
Pitimbu;201147;Prefeitura Municipal de Pitimbu;072025;2025;17115201;Cota-Parte do Imposto Sobre a Propriedade Territorial Rural - Principal;Lançamento de Receita;0,74;500;Recursos não vinculados de Impostos;1001;Identificação das despesas com manutenção e desenvolvimento do ensino
Pitimbu;201147;Prefeitura Municipal de Pitimbu;072025;2025;17115201;Cota-Parte do Imposto Sobre a Propriedade Territorial Rural - Principal;Dedução do Fundeb;-2,96;500;Recursos não vinculados de Impostos;"Não ";Não Aplicável
Pitimbu;201147;Prefeitura Municipal de Pitimbu;072025;2025;17115201;Cota-Parte do Imposto Sobre a Propriedade Territorial Rural - Principal;Lançamento de Receita;2,21;500;Recursos não vinculados de Impostos;1002;Identificação das despesas com ações e serviços públicos de saúde
Pitimbu;201147;Prefeitura Municipal de Pitimbu;062025;2025;17115201;Cota-Parte do Imposto Sobre a Propriedade Territorial Rural - Principal;Dedução do Fundeb;-51,62;500;Recursos não vinculados de Impostos;"Não ";Não Aplicável
Pitimbu;201147;Prefeitura Municipal de Pitimbu;062025;2025;17115201;Cota-Parte do Imposto Sobre a Propriedade Territorial Rural - Principal;Lançamento de Receita;258,16;500;Recursos não vinculados de Impostos;"Não ";Não Aplicável
Pitimbu;201147;Prefeitura Municipal de Pitimbu;052025;2025;17115201;Cota-Parte do Imposto Sobre a Propriedade Territorial Rural - Principal;Dedução do Fundeb;-0,02;500;Recursos não vinculados de Impostos;"Não ";Não Aplicável
Pitimbu;201147;Prefeitura Municipal de Pitimbu;052025;2025;17115201;Cota-Parte do Imposto Sobre a Propriedade Territorial Rural - Principal;Lançamento de Receita;0,12;500;Recursos não vinculados de Impostos;"Não ";Não Aplicável
Pitimbu;201147;Prefeitura Municipal de Pitimbu;042025;2025;17115201;Cota-Parte do Imposto Sobre a Propriedade Territorial Rural - Principal;Lançamento de Receita;80,7;500;Recursos não vinculados de Impostos;"Não ";Não Aplicável
Pitimbu;201147;Prefeitura Municipal de Pitimbu;042025;2025;17115201;Cota-Parte do Imposto Sobre a Propriedade Territorial Rural - Principal;Lançamento de Receita;5,04;500;Recursos não vinculados de Impostos;1001;Identificação das despesas com manutenção e desenvolvimento do ensino
Pitimbu;201147;Prefeitura Municipal de Pitimbu;042025;2025;17115201;Cota-Parte do Imposto Sobre a Propriedade Territorial Rural - Principal;Dedução do Fundeb;-20,17;500;Recursos não vinculados de Impostos;"Não ";Não Aplicável
Pitimbu;201147;Prefeitura Municipal de Pitimbu;042025;2025;17115201;Cota-Parte do Imposto Sobre a Propriedade Territorial Rural - Principal;Lançamento de Receita;15,13;500;Recursos não vinculados de Impostos;1002;Identificação das despesas com ações e serviços públicos de saúde
Pitimbu;201147;Prefeitura Municipal de Pitimbu;032025;2025;17115201;Cota-Parte do Imposto Sobre a Propriedade Territorial Rural - Principal;Lançamento de Receita;79,93;500;Recursos não vinculados de Impostos;"Não ";Não Aplicável
Pitimbu;201147;Prefeitura Municipal de Pitimbu;032025;2025;17115201;Cota-Parte do Imposto Sobre a Propriedade Territorial Rural - Principal;Lançamento de Receita;14,97;500;Recursos não vinculados de Impostos;1002;Identificação das despesas com ações e serviços públicos de saúde
Pitimbu;201147;Prefeitura Municipal de Pitimbu;032025;2025;17115201;Cota-Parte do Imposto Sobre a Propriedade Territorial Rural - Principal;Dedução do Fundeb;-19,97;500;Recursos não vinculados de Impostos;"Não ";Não Aplicável
Pitimbu;201147;Prefeitura Municipal de Pitimbu;032025;2025;17115201;Cota-Parte do Imposto Sobre a Propriedade Territorial Rural - Principal;Lançamento de Receita;4,99;500;Recursos não vinculados de Impostos;1001;Identificação das despesas com manutenção e desenvolvimento do ensino
Pitimbu;201147;Prefeitura Municipal de Pitimbu;032025;2025;17115201;Cota-Parte do Imposto Sobre a Propriedade Territorial Rural - Principal;Outras Deduções;0;500;Recursos não vinculados de Impostos;"Não ";Não Aplicável
Pitimbu;201147;Prefeitura Municipal de Pitimbu;022025;2025;17115201;Cota-Parte do Imposto Sobre a Propriedade Territorial Rural - Principal;Lançamento de Receita;39,74;500;Recursos não vinculados de Impostos;1001;Identificação das despesas com manutenção e desenvolvimento do ensino
Pitimbu;201147;Prefeitura Municipal de Pitimbu;022025;2025;17115201;Cota-Parte do Imposto Sobre a Propriedade Territorial Rural - Principal;Lançamento de Receita;119,23;500;Recursos não vinculados de Impostos;1002;Identificação das despesas com ações e serviços públicos de saúde
Pitimbu;201147;Prefeitura Municipal de Pitimbu;022025;2025;17115201;Cota-Parte do Imposto Sobre a Propriedade Territorial Rural - Principal;Lançamento de Receita;636,16;500;Recursos não vinculados de Impostos;"Não ";Não Aplicável
Pitimbu;201147;Prefeitura Municipal de Pitimbu;022025;2025;17115201;Cota-Parte do Imposto Sobre a Propriedade Territorial Rural - Principal;Outras Deduções;-0,03;500;Recursos não vinculados de Impostos;"Não ";Não Aplicável
Pitimbu;201147;Prefeitura Municipal de Pitimbu;022025;2025;17115201;Cota-Parte do Imposto Sobre a Propriedade Territorial Rural - Principal;Dedução do Fundeb;-159,02;500;Recursos não vinculados de Impostos;"Não ";Não Aplicável
Pitimbu;201147;Prefeitura Municipal de Pitimbu;122025;2025;17115121;Cota-Parte do Fundo de Participação dos Municípios - Cotas Extraordinárias - Principal;Lançamento de Receita;402.033,8;500;Recursos não vinculados de Impostos;1001;Identificação das despesas com manutenção e desenvolvimento do ensino
Pitimbu;201147;Prefeitura Municipal de Pitimbu;122025;2025;17115121;Cota-Parte do Fundo de Participação dos Municípios - Cotas Extraordinárias - Principal;Lançamento de Receita;1.206.101,4;500;Recursos não vinculados de Impostos;"Não ";Não Aplicável
Pitimbu;201147;Prefeitura Municipal de Pitimbu;112025;2025;17115121;Cota-Parte do Fundo de Participação dos Municípios - Cotas Extraordinárias - Principal;Lançamento de Receita;0;500;Recursos não vinculados de Impostos;"Não ";Não Aplicável
Pitimbu;201147;Prefeitura Municipal de Pitimbu;092025;2025;17115121;Cota-Parte do Fundo de Participação dos Municípios - Cotas Extraordinárias - Principal;Lançamento de Receita;333.062,02;500;Recursos não vinculados de Impostos;1001;Identificação das despesas com manutenção e desenvolvimento do ensino
Pitimbu;201147;Prefeitura Municipal de Pitimbu;092025;2025;17115121;Cota-Parte do Fundo de Participação dos Municípios - Cotas Extraordinárias - Principal;Lançamento de Receita;999.186,07;500;Recursos não vinculados de Impostos;"Não ";Não Aplicável
Pitimbu;201147;Prefeitura Municipal de Pitimbu;072025;2025;17115121;Cota-Parte do Fundo de Participação dos Municípios - Cotas Extraordinárias - Principal;Lançamento de Receita;1.557.855,73;500;Recursos não vinculados de Impostos;"Não ";Não Aplicável
Pitimbu;201147;Prefeitura Municipal de Pitimbu;122025;2025;17115111;Cota-Parte do Fundo de Participação dos Municípios - Cota Mensal - Principal;Lançamento de Receita;62.313,75;500;Recursos não vinculados de Impostos;1001;Identificação das despesas com manutenção e desenvolvimento do ensino
Pitimbu;201147;Prefeitura Municipal de Pitimbu;122025;2025;17115111;Cota-Parte do Fundo de Participação dos Municípios - Cota Mensal - Principal;Lançamento de Receita;186.941,24;500;Recursos não vinculados de Impostos;1002;Identificação das despesas com ações e serviços públicos de saúde
Pitimbu;201147;Prefeitura Municipal de Pitimbu;122025;2025;17115111;Cota-Parte do Fundo de Participação dos Municípios - Cota Mensal - Principal;Dedução do Fundeb;-753.714,87;500;Recursos não vinculados de Impostos;"Não ";Não Aplicável
Pitimbu;201147;Prefeitura Municipal de Pitimbu;122025;2025;17115111;Cota-Parte do Fundo de Participação dos Municípios - Cota Mensal - Principal;Lançamento de Receita;3.519.319,56;500;Recursos não vinculados de Impostos;"Não ";Não Aplicável
Pitimbu;201147;Prefeitura Municipal de Pitimbu;112025;2025;17115111;Cota-Parte do Fundo de Participação dos Municípios - Cota Mensal - Principal;Dedução do Fundeb;-667.759,67;500;Recursos não vinculados de Impostos;"Não ";Não Aplicável
Pitimbu;201147;Prefeitura Municipal de Pitimbu;112025;2025;17115111;Cota-Parte do Fundo de Participação dos Municípios - Cota Mensal - Principal;Lançamento de Receita;3.338.798,54;500;Recursos não vinculados de Impostos;"Não ";Não Aplicável
Pitimbu;201147;Prefeitura Municipal de Pitimbu;102025;2025;17115111;Cota-Parte do Fundo de Participação dos Municípios - Cota Mensal - Principal;Lançamento de Receita;153.097,79;500;Recursos não vinculados de Impostos;1002;Identificação das despesas com ações e serviços públicos de saúde
Pitimbu;201147;Prefeitura Municipal de Pitimbu;102025;2025;17115111;Cota-Parte do Fundo de Participação dos Municípios - Cota Mensal - Principal;Dedução do Fundeb;-491.238,25;500;Recursos não vinculados de Impostos;"Não ";Não Aplicável
Pitimbu;201147;Prefeitura Municipal de Pitimbu;102025;2025;17115111;Cota-Parte do Fundo de Participação dos Municípios - Cota Mensal - Principal;Lançamento de Receita;2.252.061,03;500;Recursos não vinculados de Impostos;"Não ";Não Aplicável
Pitimbu;201147;Prefeitura Municipal de Pitimbu;102025;2025;17115111;Cota-Parte do Fundo de Participação dos Municípios - Cota Mensal - Principal;Lançamento de Receita;51.032,59;500;Recursos não vinculados de Impostos;1001;Identificação das despesas com manutenção e desenvolvimento do ensino
Pitimbu;201147;Prefeitura Municipal de Pitimbu;092025;2025;17115111;Cota-Parte do Fundo de Participação dos Municípios - Cota Mensal - Principal;Lançamento de Receita;116.503,74;500;Recursos não vinculados de Impostos;1001;Identificação das despesas com manutenção e desenvolvimento do ensino
Pitimbu;201147;Prefeitura Municipal de Pitimbu;092025;2025;17115111;Cota-Parte do Fundo de Participação dos Municípios - Cota Mensal - Principal;Dedução do Fundeb;-466.014,95;500;Recursos não vinculados de Impostos;"Não ";Não Aplicável
Pitimbu;201147;Prefeitura Municipal de Pitimbu;092025;2025;17115111;Cota-Parte do Fundo de Participação dos Municípios - Cota Mensal - Principal;Lançamento de Receita;349.511,23;500;Recursos não vinculados de Impostos;1002;Identificação das despesas com ações e serviços públicos de saúde
Pitimbu;201147;Prefeitura Municipal de Pitimbu;092025;2025;17115111;Cota-Parte do Fundo de Participação dos Municípios - Cota Mensal - Principal;Lançamento de Receita;1.864.059,92;500;Recursos não vinculados de Impostos;"Não ";Não Aplicável
Pitimbu;201147;Prefeitura Municipal de Pitimbu;082025;2025;17115111;Cota-Parte do Fundo de Participação dos Municípios - Cota Mensal - Principal;Dedução do Fundeb;-577.180,36;500;Recursos não vinculados de Impostos;"Não ";Não Aplicável
Pitimbu;201147;Prefeitura Municipal de Pitimbu;082025;2025;17115111;Cota-Parte do Fundo de Participação dos Municípios - Cota Mensal - Principal;Lançamento de Receita;432.885,29;500;Recursos não vinculados de Impostos;1002;Identificação das despesas com ações e serviços públicos de saúde
Pitimbu;201147;Prefeitura Municipal de Pitimbu;082025;2025;17115111;Cota-Parte do Fundo de Participação dos Municípios - Cota Mensal - Principal;Lançamento de Receita;2.308.721,63;500;Recursos não vinculados de Impostos;"Não ";Não Aplicável
Pitimbu;201147;Prefeitura Municipal de Pitimbu;082025;2025;17115111;Cota-Parte do Fundo de Participação dos Municípios - Cota Mensal - Principal;Lançamento de Receita;144.295,07;500;Recursos não vinculados de Impostos;1001;Identificação das despesas com manutenção e desenvolvimento do ensino
Pitimbu;201147;Prefeitura Municipal de Pitimbu;072025;2025;17115111;Cota-Parte do Fundo de Participação dos Municípios - Cota Mensal - Principal;Lançamento de Receita;1.749.894,11;500;Recursos não vinculados de Impostos;"Não ";Não Aplicável
Pitimbu;201147;Prefeitura Municipal de Pitimbu;072025;2025;17115111;Cota-Parte do Fundo de Participação dos Municípios - Cota Mensal - Principal;Dedução do Fundeb;-437.473,5;500;Recursos não vinculados de Impostos;"Não ";Não Aplicável
Pitimbu;201147;Prefeitura Municipal de Pitimbu;072025;2025;17115111;Cota-Parte do Fundo de Participação dos Municípios - Cota Mensal - Principal;Lançamento de Receita;109.368,39;500;Recursos não vinculados de Impostos;1001;Identificação das despesas com manutenção e desenvolvimento do ensino
Pitimbu;201147;Prefeitura Municipal de Pitimbu;072025;2025;17115111;Cota-Parte do Fundo de Participação dos Municípios - Cota Mensal - Principal;Lançamento de Receita;328.105,15;500;Recursos não vinculados de Impostos;1002;Identificação das despesas com ações e serviços públicos de saúde
Pitimbu;201147;Prefeitura Municipal de Pitimbu;062025;2025;17115111;Cota-Parte do Fundo de Participação dos Municípios - Cota Mensal - Principal;Lançamento de Receita;534.491,03;500;Recursos não vinculados de Impostos;1002;Identificação das despesas com ações e serviços públicos de saúde
Pitimbu;201147;Prefeitura Municipal de Pitimbu;062025;2025;17115111;Cota-Parte do Fundo de Participação dos Municípios - Cota Mensal - Principal;Dedução do Fundeb;-712.654,69;500;Recursos não vinculados de Impostos;"Não ";Não Aplicável
Pitimbu;201147;Prefeitura Municipal de Pitimbu;062025;2025;17115111;Cota-Parte do Fundo de Participação dos Municípios - Cota Mensal - Principal;Lançamento de Receita;178.163,68;500;Recursos não vinculados de Impostos;1001;Identificação das despesas com manutenção e desenvolvimento do ensino
Pitimbu;201147;Prefeitura Municipal de Pitimbu;062025;2025;17115111;Cota-Parte do Fundo de Participação dos Municípios - Cota Mensal - Principal;Lançamento de Receita;2.850.618,9;500;Recursos não vinculados de Impostos;"Não ";Não Aplicável
Pitimbu;201147;Prefeitura Municipal de Pitimbu;052025;2025;17115111;Cota-Parte do Fundo de Participação dos Municípios - Cota Mensal - Principal;Lançamento de Receita;520.369,57;500;Recursos não vinculados de Impostos;1002;Identificação das despesas com ações e serviços públicos de saúde
Pitimbu;201147;Prefeitura Municipal de Pitimbu;052025;2025;17115111;Cota-Parte do Fundo de Participação dos Municípios - Cota Mensal - Principal;Lançamento de Receita;173.456,52;500;Recursos não vinculados de Impostos;1001;Identificação das despesas com manutenção e desenvolvimento do ensino
Pitimbu;201147;Prefeitura Municipal de Pitimbu;052025;2025;17115111;Cota-Parte do Fundo de Participação dos Municípios - Cota Mensal - Principal;Lançamento de Receita;2.775.304,36;500;Recursos não vinculados de Impostos;"Não ";Não Aplicável
Pitimbu;201147;Prefeitura Municipal de Pitimbu;052025;2025;17115111;Cota-Parte do Fundo de Participação dos Municípios - Cota Mensal - Principal;Dedução do Fundeb;-693.826,05;500;Recursos não vinculados de Impostos;"Não ";Não Aplicável
Pitimbu;201147;Prefeitura Municipal de Pitimbu;042025;2025;17115111;Cota-Parte do Fundo de Participação dos Municípios - Cota Mensal - Principal;Lançamento de Receita;2.175.614,18;500;Recursos não vinculados de Impostos;"Não ";Não Aplicável
Pitimbu;201147;Prefeitura Municipal de Pitimbu;042025;2025;17115111;Cota-Parte do Fundo de Participação dos Municípios - Cota Mensal - Principal;Dedução do Fundeb;-14.787,27;500;Recursos não vinculados de Impostos;1002;Identificação das despesas com ações e serviços públicos de saúde
Pitimbu;201147;Prefeitura Municipal de Pitimbu;042025;2025;17115111;Cota-Parte do Fundo de Participação dos Municípios - Cota Mensal - Principal;Lançamento de Receita;407.927,65;500;Recursos não vinculados de Impostos;1002;Identificação das despesas com ações e serviços públicos de saúde
Pitimbu;201147;Prefeitura Municipal de Pitimbu;042025;2025;17115111;Cota-Parte do Fundo de Participação dos Municípios - Cota Mensal - Principal;Dedução do Fundeb;-4.929,09;500;Recursos não vinculados de Impostos;1001;Identificação das despesas com manutenção e desenvolvimento do ensino
Pitimbu;201147;Prefeitura Municipal de Pitimbu;042025;2025;17115111;Cota-Parte do Fundo de Participação dos Municípios - Cota Mensal - Principal;Dedução do Fundeb;-524.187,13;500;Recursos não vinculados de Impostos;"Não ";Não Aplicável
Pitimbu;201147;Prefeitura Municipal de Pitimbu;042025;2025;17115111;Cota-Parte do Fundo de Participação dos Municípios - Cota Mensal - Principal;Lançamento de Receita;135.975,88;500;Recursos não vinculados de Impostos;1001;Identificação das despesas com manutenção e desenvolvimento do ensino
Pitimbu;201147;Prefeitura Municipal de Pitimbu;032025;2025;17115111;Cota-Parte do Fundo de Participação dos Municípios - Cota Mensal - Principal;Lançamento de Receita;401.436,19;500;Recursos não vinculados de Impostos;1002;Identificação das despesas com ações e serviços públicos de saúde
Pitimbu;201147;Prefeitura Municipal de Pitimbu;032025;2025;17115111;Cota-Parte do Fundo de Participação dos Municípios - Cota Mensal - Principal;Lançamento de Receita;133.812,06;500;Recursos não vinculados de Impostos;1001;Identificação das despesas com manutenção e desenvolvimento do ensino
Pitimbu;201147;Prefeitura Municipal de Pitimbu;032025;2025;17115111;Cota-Parte do Fundo de Participação dos Municípios - Cota Mensal - Principal;Lançamento de Receita;2.140.992,95;500;Recursos não vinculados de Impostos;"Não ";Não Aplicável
Pitimbu;201147;Prefeitura Municipal de Pitimbu;032025;2025;17115111;Cota-Parte do Fundo de Participação dos Municípios - Cota Mensal - Principal;Dedução do Fundeb;-535.248,2;500;Recursos não vinculados de Impostos;"Não ";Não Aplicável
Pitimbu;201147;Prefeitura Municipal de Pitimbu;022025;2025;17115111;Cota-Parte do Fundo de Participação dos Municípios - Cota Mensal - Principal;Dedução do Fundeb;-812.772,69;500;Recursos não vinculados de Impostos;"Não ";Não Aplicável
Pitimbu;201147;Prefeitura Municipal de Pitimbu;022025;2025;17115111;Cota-Parte do Fundo de Participação dos Municípios - Cota Mensal - Principal;Lançamento de Receita;609.579,55;500;Recursos não vinculados de Impostos;1002;Identificação das despesas com ações e serviços públicos de saúde
Pitimbu;201147;Prefeitura Municipal de Pitimbu;022025;2025;17115111;Cota-Parte do Fundo de Participação dos Municípios - Cota Mensal - Principal;Lançamento de Receita;3.251.090,95;500;Recursos não vinculados de Impostos;"Não ";Não Aplicável
Pitimbu;201147;Prefeitura Municipal de Pitimbu;022025;2025;17115111;Cota-Parte do Fundo de Participação dos Municípios - Cota Mensal - Principal;Lançamento de Receita;203.193,18;500;Recursos não vinculados de Impostos;1001;Identificação das despesas com manutenção e desenvolvimento do ensino
Pitimbu;201147;Prefeitura Municipal de Pitimbu;012025;2025;17115111;Cota-Parte do Fundo de Participação dos Municípios - Cota Mensal - Principal;Lançamento de Receita;454.271,25;500;Recursos não vinculados de Impostos;1002;Identificação das despesas com ações e serviços públicos de saúde
Pitimbu;201147;Prefeitura Municipal de Pitimbu;012025;2025;17115111;Cota-Parte do Fundo de Participação dos Municípios - Cota Mensal - Principal;Lançamento de Receita;151.423,76;500;Recursos não vinculados de Impostos;1001;Identificação das despesas com manutenção e desenvolvimento do ensino
Pitimbu;201147;Prefeitura Municipal de Pitimbu;012025;2025;17115111;Cota-Parte do Fundo de Participação dos Municípios - Cota Mensal - Principal;Dedução do Fundeb;-605.694,96;500;Recursos não vinculados de Impostos;"Não ";Não Aplicável
Pitimbu;201147;Prefeitura Municipal de Pitimbu;012025;2025;17115111;Cota-Parte do Fundo de Participação dos Municípios - Cota Mensal - Principal;Lançamento de Receita;2.422.779,94;500;Recursos não vinculados de Impostos;"Não ";Não Aplicável
Pitimbu;201147;Prefeitura Municipal de Pitimbu;122025;2025;13210101;Remuneração de Depósitos Bancários - Principal;Lançamento de Receita;267,63;550;Transferência do Salário-Educação;"Não ";Não Aplicável
Pitimbu;201147;Prefeitura Municipal de Pitimbu;122025;2025;13210101;Remuneração de Depósitos Bancários - Principal;Lançamento de Receita;20,85;553;"Transferências de Recursos do FNDE Referentes ao Programa Nacional de Apoio ao Transporte Escolar (PNATE) ";"Não ";Não Aplicável
Pitimbu;201147;Prefeitura Municipal de Pitimbu;122025;2025;13210101;Remuneração de Depósitos Bancários - Principal;Lançamento de Receita;2,61;719;Transferências da Política Nacional Aldir Blanc de Fomento à Cultura - Lei 14.399/2022;"Não ";Não Aplicável
Pitimbu;201147;Prefeitura Municipal de Pitimbu;122025;2025;13210101;Remuneração de Depósitos Bancários - Principal;Lançamento de Receita;150,5;552;Transferências de Recursos do FNDE Referentes ao Programa Nacional de Alimentação Escolar (PNAE);"Não ";Não Aplicável
Pitimbu;201147;Prefeitura Municipal de Pitimbu;122025;2025;13210101;Remuneração de Depósitos Bancários - Principal;Lançamento de Receita;116,04;669;Outros Recursos Vinculados à Assistência Social;"Não ";Não Aplicável
Pitimbu;201147;Prefeitura Municipal de Pitimbu;122025;2025;13210101;Remuneração de Depósitos Bancários - Principal;Lançamento de Receita;20.885,99;500;Recursos não vinculados de Impostos;"Não ";Não Aplicável
Pitimbu;201147;Prefeitura Municipal de Pitimbu;122025;2025;13210101;Remuneração de Depósitos Bancários - Principal;Lançamento de Receita;1.445,58;660;Transferência de Recursos do Fundo Nacional de Assistência Social - FNAS;"Não ";Não Aplicável
Pitimbu;201147;Prefeitura Municipal de Pitimbu;122025;2025;13210101;Remuneração de Depósitos Bancários - Principal;Lançamento de Receita;22.582,39;544;Recursos de Precatórios do FUNDEF;"Não ";Não Aplicável
Pitimbu;201147;Prefeitura Municipal de Pitimbu;122025;2025;13210101;Remuneração de Depósitos Bancários - Principal;Lançamento de Receita;13.873,35;706;"Transferência Especial da União ";3110;Identificação das Transferências da União decorrentes de emendas parlamentares individuais
Pitimbu;201147;Prefeitura Municipal de Pitimbu;122025;2025;13210101;Remuneração de Depósitos Bancários - Principal;Lançamento de Receita;1.180,98;701;Outras Transferências de Convênios ou Repasses dos Estados;"Não ";Não Aplicável
Pitimbu;201147;Prefeitura Municipal de Pitimbu;122025;2025;13210101;Remuneração de Depósitos Bancários - Principal;Lançamento de Receita;424,76;661;Transferência de Recursos dos Fundos Estaduais de Assistência Social;"Não ";Não Aplicável
Pitimbu;201147;Prefeitura Municipal de Pitimbu;122025;2025;13210101;Remuneração de Depósitos Bancários - Principal;Lançamento de Receita;26.433,83;540;Transferências do FUNDEB - Impostos e Transferências de Impostos;"Não ";Não Aplicável
Pitimbu;201147;Prefeitura Municipal de Pitimbu;122025;2025;13210101;Remuneração de Depósitos Bancários - Principal;Lançamento de Receita;3.787,26;749;Outras vinculações de transferências;3110;Identificação das Transferências da União decorrentes de emendas parlamentares individuais
Pitimbu;201147;Prefeitura Municipal de Pitimbu;122025;2025;13210101;Remuneração de Depósitos Bancários - Principal;Lançamento de Receita;1.902,04;700;Outras Transferências de Convênios ou Repasses da União;"Não ";Não Aplicável
Pitimbu;201147;Prefeitura Municipal de Pitimbu;122025;2025;13210101;Remuneração de Depósitos Bancários - Principal;Lançamento de Receita;4.033,28;571;Transferências do Estado referentes a Convênios e outros Repasses vinculados à Educação;"Não ";Não Aplicável
Pitimbu;201147;Prefeitura Municipal de Pitimbu;122025;2025;13210101;Remuneração de Depósitos Bancários - Principal;Lançamento de Receita;5.219,25;710;Transferência Especial dos Estados;"Não ";Não Aplicável
Pitimbu;201147;Prefeitura Municipal de Pitimbu;122025;2025;13210101;Remuneração de Depósitos Bancários - Principal;Lançamento de Receita;1,44;570;Transferências do Governo Federal referentes a Convênios e outros Repasses vinculados à Educação;"Não ";Não Aplicável
Pitimbu;201147;Prefeitura Municipal de Pitimbu;122025;2025;13210101;Remuneração de Depósitos Bancários - Principal;Lançamento de Receita;3.728,11;569;Outras Transferências de Recursos do FNDE;"Não ";Não Aplicável
Pitimbu;201147;Prefeitura Municipal de Pitimbu;122025;2025;13210101;Remuneração de Depósitos Bancários - Principal;Lançamento de Receita;1.001,24;501;Outros Recursos não Vinculados;"Não ";Não Aplicável
Pitimbu;201147;Prefeitura Municipal de Pitimbu;112025;2025;13210101;Remuneração de Depósitos Bancários - Principal;Lançamento de Receita;432,16;701;Outras Transferências de Convênios ou Repasses dos Estados;3210;Identificação das Transferências dos Estados decorrentes de emendas parlamentares individuais
Pitimbu;201147;Prefeitura Municipal de Pitimbu;112025;2025;13210101;Remuneração de Depósitos Bancários - Principal;Lançamento de Receita;2,24;719;Transferências da Política Nacional Aldir Blanc de Fomento à Cultura - Lei 14.399/2022;"Não ";Não Aplicável
Pitimbu;201147;Prefeitura Municipal de Pitimbu;112025;2025;13210101;Remuneração de Depósitos Bancários - Principal;Lançamento de Receita;17,9;553;"Transferências de Recursos do FNDE Referentes ao Programa Nacional de Apoio ao Transporte Escolar (PNATE) ";"Não ";Não Aplicável
Pitimbu;201147;Prefeitura Municipal de Pitimbu;112025;2025;13210101;Remuneração de Depósitos Bancários - Principal;Lançamento de Receita;1.544,82;660;Transferência de Recursos do Fundo Nacional de Assistência Social - FNAS;"Não ";Não Aplicável
Pitimbu;201147;Prefeitura Municipal de Pitimbu;112025;2025;13210101;Remuneração de Depósitos Bancários - Principal;Lançamento de Receita;1.170,64;701;Outras Transferências de Convênios ou Repasses dos Estados;"Não ";Não Aplicável
Pitimbu;201147;Prefeitura Municipal de Pitimbu;112025;2025;13210101;Remuneração de Depósitos Bancários - Principal;Lançamento de Receita;364,64;661;Transferência de Recursos dos Fundos Estaduais de Assistência Social;"Não ";Não Aplicável
Pitimbu;201147;Prefeitura Municipal de Pitimbu;112025;2025;13210101;Remuneração de Depósitos Bancários - Principal;Lançamento de Receita;33,61;552;Transferências de Recursos do FNDE Referentes ao Programa Nacional de Alimentação Escolar (PNAE);"Não ";Não Aplicável
Pitimbu;201147;Prefeitura Municipal de Pitimbu;112025;2025;13210101;Remuneração de Depósitos Bancários - Principal;Lançamento de Receita;19.386,25;544;Recursos de Precatórios do FUNDEF;"Não ";Não Aplicável
Pitimbu;201147;Prefeitura Municipal de Pitimbu;112025;2025;13210101;Remuneração de Depósitos Bancários - Principal;Lançamento de Receita;1,23;570;Transferências do Governo Federal referentes a Convênios e outros Repasses vinculados à Educação;"Não ";Não Aplicável
Pitimbu;201147;Prefeitura Municipal de Pitimbu;112025;2025;13210101;Remuneração de Depósitos Bancários - Principal;Lançamento de Receita;11.925,87;706;"Transferência Especial da União ";3110;Identificação das Transferências da União decorrentes de emendas parlamentares individuais
Pitimbu;201147;Prefeitura Municipal de Pitimbu;112025;2025;13210101;Remuneração de Depósitos Bancários - Principal;Lançamento de Receita;4.552,32;710;Transferência Especial dos Estados;"Não ";Não Aplicável
Pitimbu;201147;Prefeitura Municipal de Pitimbu;112025;2025;13210101;Remuneração de Depósitos Bancários - Principal;Lançamento de Receita;13.363,14;500;Recursos não vinculados de Impostos;"Não ";Não Aplicável
Pitimbu;201147;Prefeitura Municipal de Pitimbu;112025;2025;13210101;Remuneração de Depósitos Bancários - Principal;Lançamento de Receita;3.204,2;571;Transferências do Estado referentes a Convênios e outros Repasses vinculados à Educação;"Não ";Não Aplicável
Pitimbu;201147;Prefeitura Municipal de Pitimbu;112025;2025;13210101;Remuneração de Depósitos Bancários - Principal;Lançamento de Receita;108,84;669;Outros Recursos Vinculados à Assistência Social;"Não ";Não Aplicável
Pitimbu;201147;Prefeitura Municipal de Pitimbu;112025;2025;13210101;Remuneração de Depósitos Bancários - Principal;Lançamento de Receita;3.231,98;749;Outras vinculações de transferências;"Não ";Não Aplicável
Pitimbu;201147;Prefeitura Municipal de Pitimbu;112025;2025;13210101;Remuneração de Depósitos Bancários - Principal;Lançamento de Receita;800,34;501;Outros Recursos não Vinculados;"Não ";Não Aplicável
Pitimbu;201147;Prefeitura Municipal de Pitimbu;112025;2025;13210101;Remuneração de Depósitos Bancários - Principal;Lançamento de Receita;26.557,34;540;Transferências do FUNDEB - Impostos e Transferências de Impostos;"Não ";Não Aplicável
Pitimbu;201147;Prefeitura Municipal de Pitimbu;112025;2025;13210101;Remuneração de Depósitos Bancários - Principal;Lançamento de Receita;685,55;550;Transferência do Salário-Educação;"Não ";Não Aplicável
Pitimbu;201147;Prefeitura Municipal de Pitimbu;112025;2025;13210101;Remuneração de Depósitos Bancários - Principal;Lançamento de Receita;3.201,09;569;Outras Transferências de Recursos do FNDE;"Não ";Não Aplicável
Pitimbu;201147;Prefeitura Municipal de Pitimbu;112025;2025;13210101;Remuneração de Depósitos Bancários - Principal;Lançamento de Receita;2.276,26;700;Outras Transferências de Convênios ou Repasses da União;"Não ";Não Aplicável
Pitimbu;201147;Prefeitura Municipal de Pitimbu;102025;2025;13210101;Remuneração de Depósitos Bancários - Principal;Lançamento de Receita;7.615,47;571;Transferências do Estado referentes a Convênios e outros Repasses vinculados à Educação;"Não ";Não Aplicável
Pitimbu;201147;Prefeitura Municipal de Pitimbu;102025;2025;13210101;Remuneração de Depósitos Bancários - Principal;Lançamento de Receita;1.874,11;501;Outros Recursos não Vinculados;"Não ";Não Aplicável
Pitimbu;201147;Prefeitura Municipal de Pitimbu;102025;2025;13210101;Remuneração de Depósitos Bancários - Principal;Lançamento de Receita;1.402,85;701;Outras Transferências de Convênios ou Repasses dos Estados;"Não ";Não Aplicável
Pitimbu;201147;Prefeitura Municipal de Pitimbu;102025;2025;13210101;Remuneração de Depósitos Bancários - Principal;Lançamento de Receita;6.261,03;569;Outras Transferências de Recursos do FNDE;"Não ";Não Aplicável
Pitimbu;201147;Prefeitura Municipal de Pitimbu;102025;2025;13210101;Remuneração de Depósitos Bancários - Principal;Lançamento de Receita;14.864,51;706;"Transferência Especial da União ";3110;Identificação das Transferências da União decorrentes de emendas parlamentares individuais
Pitimbu;201147;Prefeitura Municipal de Pitimbu;102025;2025;13210101;Remuneração de Depósitos Bancários - Principal;Lançamento de Receita;1,48;570;Transferências do Governo Federal referentes a Convênios e outros Repasses vinculados à Educação;"Não ";Não Aplicável
Pitimbu;201147;Prefeitura Municipal de Pitimbu;102025;2025;13210101;Remuneração de Depósitos Bancários - Principal;Lançamento de Receita;24.352,97;500;Recursos não vinculados de Impostos;"Não ";Não Aplicável
Pitimbu;201147;Prefeitura Municipal de Pitimbu;102025;2025;13210101;Remuneração de Depósitos Bancários - Principal;Lançamento de Receita;436,97;661;Transferência de Recursos dos Fundos Estaduais de Assistência Social;"Não ";Não Aplicável
Pitimbu;201147;Prefeitura Municipal de Pitimbu;102025;2025;13210101;Remuneração de Depósitos Bancários - Principal;Lançamento de Receita;23.231,56;544;Recursos de Precatórios do FUNDEF;"Não ";Não Aplicável
Pitimbu;201147;Prefeitura Municipal de Pitimbu;102025;2025;13210101;Remuneração de Depósitos Bancários - Principal;Lançamento de Receita;5.946,03;710;Transferência Especial dos Estados;"Não ";Não Aplicável
Pitimbu;201147;Prefeitura Municipal de Pitimbu;102025;2025;13210101;Remuneração de Depósitos Bancários - Principal;Lançamento de Receita;33.418,54;540;Transferências do FUNDEB - Impostos e Transferências de Impostos;"Não ";Não Aplicável
Pitimbu;201147;Prefeitura Municipal de Pitimbu;102025;2025;13210101;Remuneração de Depósitos Bancários - Principal;Lançamento de Receita;3.831,76;749;Outras vinculações de transferências;"Não ";Não Aplicável
Pitimbu;201147;Prefeitura Municipal de Pitimbu;102025;2025;13210101;Remuneração de Depósitos Bancários - Principal;Lançamento de Receita;2,69;719;Transferências da Política Nacional Aldir Blanc de Fomento à Cultura - Lei 14.399/2022;"Não ";Não Aplicável
Pitimbu;201147;Prefeitura Municipal de Pitimbu;102025;2025;13210101;Remuneração de Depósitos Bancários - Principal;Lançamento de Receita;9.008,85;701;Outras Transferências de Convênios ou Repasses dos Estados;3210;Identificação das Transferências dos Estados decorrentes de emendas parlamentares individuais
Pitimbu;201147;Prefeitura Municipal de Pitimbu;102025;2025;13210101;Remuneração de Depósitos Bancários - Principal;Lançamento de Receita;130,44;669;Outros Recursos Vinculados à Assistência Social;"Não ";Não Aplicável
Pitimbu;201147;Prefeitura Municipal de Pitimbu;102025;2025;13210101;Remuneração de Depósitos Bancários - Principal;Lançamento de Receita;2.086,7;660;Transferência de Recursos do Fundo Nacional de Assistência Social - FNAS;"Não ";Não Aplicável
Pitimbu;201147;Prefeitura Municipal de Pitimbu;102025;2025;13210101;Remuneração de Depósitos Bancários - Principal;Lançamento de Receita;1.171,94;550;Transferência do Salário-Educação;"Não ";Não Aplicável
Pitimbu;201147;Prefeitura Municipal de Pitimbu;102025;2025;13210101;Remuneração de Depósitos Bancários - Principal;Lançamento de Receita;40,28;552;Transferências de Recursos do FNDE Referentes ao Programa Nacional de Alimentação Escolar (PNAE);"Não ";Não Aplicável
Pitimbu;201147;Prefeitura Municipal de Pitimbu;102025;2025;13210101;Remuneração de Depósitos Bancários - Principal;Lançamento de Receita;2.080,56;700;Outras Transferências de Convênios ou Repasses da União;"Não ";Não Aplicável
Pitimbu;201147;Prefeitura Municipal de Pitimbu;102025;2025;13210101;Remuneração de Depósitos Bancários - Principal;Lançamento de Receita;1.191,67;553;"Transferências de Recursos do FNDE Referentes ao Programa Nacional de Apoio ao Transporte Escolar (PNATE) ";"Não ";Não Aplicável
Pitimbu;201147;Prefeitura Municipal de Pitimbu;102025;2025;13210101;Remuneração de Depósitos Bancários - Principal;Lançamento de Receita;33.338,12;710;Transferência Especial dos Estados;3210;Identificação das Transferências dos Estados decorrentes de emendas parlamentares individuais
Pitimbu;201147;Prefeitura Municipal de Pitimbu;092025;2025;13210101;Remuneração de Depósitos Bancários - Principal;Lançamento de Receita;27.156,15;500;Recursos não vinculados de Impostos;"Não ";Não Aplicável
Pitimbu;201147;Prefeitura Municipal de Pitimbu;092025;2025;13210101;Remuneração de Depósitos Bancários - Principal;Lançamento de Receita;123,66;669;Outros Recursos Vinculados à Assistência Social;"Não ";Não Aplicável
Pitimbu;201147;Prefeitura Municipal de Pitimbu;092025;2025;13210101;Remuneração de Depósitos Bancários - Principal;Lançamento de Receita;4,96;719;Transferências da Política Nacional Aldir Blanc de Fomento à Cultura - Lei 14.399/2022;"Não ";Não Aplicável
Pitimbu;201147;Prefeitura Municipal de Pitimbu;092025;2025;13210101;Remuneração de Depósitos Bancários - Principal;Lançamento de Receita;958,89;701;Outras Transferências de Convênios ou Repasses dos Estados;"Não ";Não Aplicável
Pitimbu;201147;Prefeitura Municipal de Pitimbu;092025;2025;13210101;Remuneração de Depósitos Bancários - Principal;Lançamento de Receita;2.785,88;710;Transferência Especial dos Estados;"Não ";Não Aplicável
Pitimbu;201147;Prefeitura Municipal de Pitimbu;092025;2025;13210101;Remuneração de Depósitos Bancários - Principal;Lançamento de Receita;808,76;550;Transferência do Salário-Educação;"Não ";Não Aplicável
Pitimbu;201147;Prefeitura Municipal de Pitimbu;092025;2025;13210101;Remuneração de Depósitos Bancários - Principal;Lançamento de Receita;33.642,77;540;Transferências do FUNDEB - Impostos e Transferências de Impostos;"Não ";Não Aplicável
Pitimbu;201147;Prefeitura Municipal de Pitimbu;092025;2025;13210101;Remuneração de Depósitos Bancários - Principal;Lançamento de Receita;1.887,98;660;Transferência de Recursos do Fundo Nacional de Assistência Social - FNAS;"Não ";Não Aplicável
Pitimbu;201147;Prefeitura Municipal de Pitimbu;092025;2025;13210101;Remuneração de Depósitos Bancários - Principal;Lançamento de Receita;3.479,03;749;Outras vinculações de transferências;"Não ";Não Aplicável
Pitimbu;201147;Prefeitura Municipal de Pitimbu;092025;2025;13210101;Remuneração de Depósitos Bancários - Principal;Lançamento de Receita;1.562,87;553;"Transferências de Recursos do FNDE Referentes ao Programa Nacional de Apoio ao Transporte Escolar (PNATE) ";"Não ";Não Aplicável
Pitimbu;201147;Prefeitura Municipal de Pitimbu;092025;2025;13210101;Remuneração de Depósitos Bancários - Principal;Lançamento de Receita;89,26;552;Transferências de Recursos do FNDE Referentes ao Programa Nacional de Alimentação Escolar (PNAE);"Não ";Não Aplicável
Pitimbu;201147;Prefeitura Municipal de Pitimbu;092025;2025;13210101;Remuneração de Depósitos Bancários - Principal;Lançamento de Receita;1.882,44;700;Outras Transferências de Convênios ou Repasses da União;"Não ";Não Aplicável
Pitimbu;201147;Prefeitura Municipal de Pitimbu;092025;2025;13210101;Remuneração de Depósitos Bancários - Principal;Lançamento de Receita;22.024,52;544;Recursos de Precatórios do FUNDEF;"Não ";Não Aplicável
Pitimbu;201147;Prefeitura Municipal de Pitimbu;092025;2025;13210101;Remuneração de Depósitos Bancários - Principal;Lançamento de Receita;3.723,48;569;Outras Transferências de Recursos do FNDE;"Não ";Não Aplicável
Pitimbu;201147;Prefeitura Municipal de Pitimbu;092025;2025;13210101;Remuneração de Depósitos Bancários - Principal;Lançamento de Receita;3.512,67;571;Transferências do Estado referentes a Convênios e outros Repasses vinculados à Educação;"Não ";Não Aplicável
Pitimbu;201147;Prefeitura Municipal de Pitimbu;092025;2025;13210101;Remuneração de Depósitos Bancários - Principal;Lançamento de Receita;10.369,58;706;"Transferência Especial da União ";3110;Identificação das Transferências da União decorrentes de emendas parlamentares individuais
Pitimbu;201147;Prefeitura Municipal de Pitimbu;092025;2025;13210101;Remuneração de Depósitos Bancários - Principal;Lançamento de Receita;1,4;570;Transferências do Governo Federal referentes a Convênios e outros Repasses vinculados à Educação;"Não ";Não Aplicável
Pitimbu;201147;Prefeitura Municipal de Pitimbu;092025;2025;13210101;Remuneração de Depósitos Bancários - Principal;Lançamento de Receita;414,27;661;Transferência de Recursos dos Fundos Estaduais de Assistência Social;"Não ";Não Aplicável
Pitimbu;201147;Prefeitura Municipal de Pitimbu;082025;2025;13210101;Remuneração de Depósitos Bancários - Principal;Lançamento de Receita;2.636,43;710;Transferência Especial dos Estados;"Não ";Não Aplicável
Pitimbu;201147;Prefeitura Municipal de Pitimbu;082025;2025;13210101;Remuneração de Depósitos Bancários - Principal;Lançamento de Receita;1.831,38;660;Transferência de Recursos do Fundo Nacional de Assistência Social - FNAS;"Não ";Não Aplicável
Pitimbu;201147;Prefeitura Municipal de Pitimbu;082025;2025;13210101;Remuneração de Depósitos Bancários - Principal;Lançamento de Receita;116,86;552;Transferências de Recursos do FNDE Referentes ao Programa Nacional de Alimentação Escolar (PNAE);"Não ";Não Aplicável
Pitimbu;201147;Prefeitura Municipal de Pitimbu;082025;2025;13210101;Remuneração de Depósitos Bancários - Principal;Lançamento de Receita;789,42;553;"Transferências de Recursos do FNDE Referentes ao Programa Nacional de Apoio ao Transporte Escolar (PNATE) ";"Não ";Não Aplicável
Pitimbu;201147;Prefeitura Municipal de Pitimbu;082025;2025;13210101;Remuneração de Depósitos Bancários - Principal;Lançamento de Receita;3.518,14;569;Outras Transferências de Recursos do FNDE;"Não ";Não Aplicável
Pitimbu;201147;Prefeitura Municipal de Pitimbu;082025;2025;13210101;Remuneração de Depósitos Bancários - Principal;Lançamento de Receita;20.843,04;544;Recursos de Precatórios do FUNDEF;"Não ";Não Aplicável
Pitimbu;201147;Prefeitura Municipal de Pitimbu;082025;2025;13210101;Remuneração de Depósitos Bancários - Principal;Lançamento de Receita;9.082,43;500;Recursos não vinculados de Impostos;"Não ";Não Aplicável
Pitimbu;201147;Prefeitura Municipal de Pitimbu;082025;2025;13210101;Remuneração de Depósitos Bancários - Principal;Lançamento de Receita;1,33;570;Transferências do Governo Federal referentes a Convênios e outros Repasses vinculados à Educação;"Não ";Não Aplicável
Pitimbu;201147;Prefeitura Municipal de Pitimbu;082025;2025;13210101;Remuneração de Depósitos Bancários - Principal;Lançamento de Receita;908,2;701;Outras Transferências de Convênios ou Repasses dos Estados;"Não ";Não Aplicável
Pitimbu;201147;Prefeitura Municipal de Pitimbu;082025;2025;13210101;Remuneração de Depósitos Bancários - Principal;Lançamento de Receita;32.792,65;540;Transferências do FUNDEB - Impostos e Transferências de Impostos;"Não ";Não Aplicável
Pitimbu;201147;Prefeitura Municipal de Pitimbu;082025;2025;13210101;Remuneração de Depósitos Bancários - Principal;Lançamento de Receita;5.793,41;700;Outras Transferências de Convênios ou Repasses da União;"Não ";Não Aplicável
Pitimbu;201147;Prefeitura Municipal de Pitimbu;082025;2025;13210101;Remuneração de Depósitos Bancários - Principal;Lançamento de Receita;37.659,84;706;"Transferência Especial da União ";3110;Identificação das Transferências da União decorrentes de emendas parlamentares individuais
Pitimbu;201147;Prefeitura Municipal de Pitimbu;082025;2025;13210101;Remuneração de Depósitos Bancários - Principal;Lançamento de Receita;3.324,25;571;Transferências do Estado referentes a Convênios e outros Repasses vinculados à Educação;"Não ";Não Aplicável
Pitimbu;201147;Prefeitura Municipal de Pitimbu;082025;2025;13210101;Remuneração de Depósitos Bancários - Principal;Lançamento de Receita;1.037,21;550;Transferência do Salário-Educação;"Não ";Não Aplicável
Pitimbu;201147;Prefeitura Municipal de Pitimbu;082025;2025;13210101;Remuneração de Depósitos Bancários - Principal;Lançamento de Receita;392,04;661;Transferência de Recursos dos Fundos Estaduais de Assistência Social;"Não ";Não Aplicável
Pitimbu;201147;Prefeitura Municipal de Pitimbu;082025;2025;13210101;Remuneração de Depósitos Bancários - Principal;Lançamento de Receita;117,02;669;Outros Recursos Vinculados à Assistência Social;"Não ";Não Aplicável
Pitimbu;201147;Prefeitura Municipal de Pitimbu;072025;2025;13210101;Remuneração de Depósitos Bancários - Principal;Lançamento de Receita;2.157,82;660;Transferência de Recursos do Fundo Nacional de Assistência Social - FNAS;"Não ";Não Aplicável
Pitimbu;201147;Prefeitura Municipal de Pitimbu;072025;2025;13210101;Remuneração de Depósitos Bancários - Principal;Lançamento de Receita;3.818,39;569;Outras Transferências de Recursos do FNDE;"Não ";Não Aplicável
Pitimbu;201147;Prefeitura Municipal de Pitimbu;072025;2025;13210101;Remuneração de Depósitos Bancários - Principal;Lançamento de Receita;6.225,77;700;Outras Transferências de Convênios ou Repasses da União;"Não ";Não Aplicável
Pitimbu;201147;Prefeitura Municipal de Pitimbu;072025;2025;13210101;Remuneração de Depósitos Bancários - Principal;Lançamento de Receita;1.540,98;701;Outras Transferências de Convênios ou Repasses dos Estados;"Não ";Não Aplicável
Pitimbu;201147;Prefeitura Municipal de Pitimbu;072025;2025;13210101;Remuneração de Depósitos Bancários - Principal;Lançamento de Receita;1,44;570;Transferências do Governo Federal referentes a Convênios e outros Repasses vinculados à Educação;"Não ";Não Aplicável
Pitimbu;201147;Prefeitura Municipal de Pitimbu;072025;2025;13210101;Remuneração de Depósitos Bancários - Principal;Lançamento de Receita;425,49;661;Transferência de Recursos dos Fundos Estaduais de Assistência Social;"Não ";Não Aplicável
Pitimbu;201147;Prefeitura Municipal de Pitimbu;072025;2025;13210101;Remuneração de Depósitos Bancários - Principal;Lançamento de Receita;127,01;669;Outros Recursos Vinculados à Assistência Social;"Não ";Não Aplicável
Pitimbu;201147;Prefeitura Municipal de Pitimbu;072025;2025;13210101;Remuneração de Depósitos Bancários - Principal;Lançamento de Receita;0,53;715;Transferências Destinadas ao Setor Cultural - LC nº 195/2022 - Art. 5º - Audiovisual;"Não ";Não Aplicável
Pitimbu;201147;Prefeitura Municipal de Pitimbu;072025;2025;13210101;Remuneração de Depósitos Bancários - Principal;Lançamento de Receita;953,48;550;Transferência do Salário-Educação;"Não ";Não Aplicável
Pitimbu;201147;Prefeitura Municipal de Pitimbu;072025;2025;13210101;Remuneração de Depósitos Bancários - Principal;Lançamento de Receita;0,08;716;Transferências Destinadas ao Setor cultural - LC nº 195/2022 - Art. 8º - Demais Setores da Cultura;"Não ";Não Aplicável
Pitimbu;201147;Prefeitura Municipal de Pitimbu;072025;2025;13210101;Remuneração de Depósitos Bancários - Principal;Lançamento de Receita;856,79;553;"Transferências de Recursos do FNDE Referentes ao Programa Nacional de Apoio ao Transporte Escolar (PNATE) ";"Não ";Não Aplicável
Pitimbu;201147;Prefeitura Municipal de Pitimbu;072025;2025;13210101;Remuneração de Depósitos Bancários - Principal;Lançamento de Receita;3.607,92;571;Transferências do Estado referentes a Convênios e outros Repasses vinculados à Educação;"Não ";Não Aplicável
Pitimbu;201147;Prefeitura Municipal de Pitimbu;072025;2025;13210101;Remuneração de Depósitos Bancários - Principal;Lançamento de Receita;101,52;552;Transferências de Recursos do FNDE Referentes ao Programa Nacional de Alimentação Escolar (PNAE);"Não ";Não Aplicável
Pitimbu;201147;Prefeitura Municipal de Pitimbu;072025;2025;13210101;Remuneração de Depósitos Bancários - Principal;Lançamento de Receita;39.098,76;540;Transferências do FUNDEB - Impostos e Transferências de Impostos;"Não ";Não Aplicável
Pitimbu;201147;Prefeitura Municipal de Pitimbu;072025;2025;13210101;Remuneração de Depósitos Bancários - Principal;Lançamento de Receita;31.067,23;500;Recursos não vinculados de Impostos;"Não ";Não Aplicável
Pitimbu;201147;Prefeitura Municipal de Pitimbu;072025;2025;13210101;Remuneração de Depósitos Bancários - Principal;Lançamento de Receita;2,61;719;Transferências da Política Nacional Aldir Blanc de Fomento à Cultura - Lei 14.399/2022;"Não ";Não Aplicável
Pitimbu;201147;Prefeitura Municipal de Pitimbu;072025;2025;13210101;Remuneração de Depósitos Bancários - Principal;Lançamento de Receita;22.621,66;544;Recursos de Precatórios do FUNDEF;"Não ";Não Aplicável
Pitimbu;201147;Prefeitura Municipal de Pitimbu;072025;2025;13210101;Remuneração de Depósitos Bancários - Principal;Lançamento de Receita;2.861,42;710;Transferência Especial dos Estados;"Não ";Não Aplicável
Pitimbu;201147;Prefeitura Municipal de Pitimbu;062025;2025;13210101;Remuneração de Depósitos Bancários - Principal;Lançamento de Receita;19.267,16;544;Recursos de Precatórios do FUNDEF;"Não ";Não Aplicável
Pitimbu;201147;Prefeitura Municipal de Pitimbu;062025;2025;13210101;Remuneração de Depósitos Bancários - Principal;Lançamento de Receita;1,72;715;Transferências Destinadas ao Setor Cultural - LC nº 195/2022 - Art. 5º - Audiovisual;"Não ";Não Aplicável
Pitimbu;201147;Prefeitura Municipal de Pitimbu;062025;2025;13210101;Remuneração de Depósitos Bancários - Principal;Lançamento de Receita;727,22;553;"Transferências de Recursos do FNDE Referentes ao Programa Nacional de Apoio ao Transporte Escolar (PNATE) ";"Não ";Não Aplicável
Pitimbu;201147;Prefeitura Municipal de Pitimbu;062025;2025;13210101;Remuneração de Depósitos Bancários - Principal;Lançamento de Receita;874,09;701;Outras Transferências de Convênios ou Repasses dos Estados;"Não ";Não Aplicável
Pitimbu;201147;Prefeitura Municipal de Pitimbu;062025;2025;13210101;Remuneração de Depósitos Bancários - Principal;Lançamento de Receita;2.428,7;710;Transferência Especial dos Estados;"Não ";Não Aplicável
Pitimbu;201147;Prefeitura Municipal de Pitimbu;062025;2025;13210101;Remuneração de Depósitos Bancários - Principal;Lançamento de Receita;3.240,97;569;Outras Transferências de Recursos do FNDE;"Não ";Não Aplicável
Pitimbu;201147;Prefeitura Municipal de Pitimbu;062025;2025;13210101;Remuneração de Depósitos Bancários - Principal;Lançamento de Receita;78,03;669;Outros Recursos Vinculados à Assistência Social;"Não ";Não Aplicável
Pitimbu;201147;Prefeitura Municipal de Pitimbu;062025;2025;13210101;Remuneração de Depósitos Bancários - Principal;Lançamento de Receita;1,22;570;Transferências do Governo Federal referentes a Convênios e outros Repasses vinculados à Educação;"Não ";Não Aplicável
Pitimbu;201147;Prefeitura Municipal de Pitimbu;062025;2025;13210101;Remuneração de Depósitos Bancários - Principal;Lançamento de Receita;467,09;719;Transferências da Política Nacional Aldir Blanc de Fomento à Cultura - Lei 14.399/2022;"Não ";Não Aplicável
Pitimbu;201147;Prefeitura Municipal de Pitimbu;062025;2025;13210101;Remuneração de Depósitos Bancários - Principal;Lançamento de Receita;1.588,75;660;Transferência de Recursos do Fundo Nacional de Assistência Social - FNAS;"Não ";Não Aplicável
Pitimbu;201147;Prefeitura Municipal de Pitimbu;062025;2025;13210101;Remuneração de Depósitos Bancários - Principal;Lançamento de Receita;172,91;550;Transferência do Salário-Educação;"Não ";Não Aplicável
Pitimbu;201147;Prefeitura Municipal de Pitimbu;062025;2025;13210101;Remuneração de Depósitos Bancários - Principal;Lançamento de Receita;5.923,48;700;Outras Transferências de Convênios ou Repasses da União;"Não ";Não Aplicável
Pitimbu;201147;Prefeitura Municipal de Pitimbu;062025;2025;13210101;Remuneração de Depósitos Bancários - Principal;Lançamento de Receita;7.176,98;500;Recursos não vinculados de Impostos;"Não ";Não Aplicável
Pitimbu;201147;Prefeitura Municipal de Pitimbu;062025;2025;13210101;Remuneração de Depósitos Bancários - Principal;Lançamento de Receita;0,29;716;Transferências Destinadas ao Setor cultural - LC nº 195/2022 - Art. 8º - Demais Setores da Cultura;"Não ";Não Aplicável
Pitimbu;201147;Prefeitura Municipal de Pitimbu;062025;2025;13210101;Remuneração de Depósitos Bancários - Principal;Lançamento de Receita;36.070,14;540;Transferências do FUNDEB - Impostos e Transferências de Impostos;"Não ";Não Aplicável
Pitimbu;201147;Prefeitura Municipal de Pitimbu;062025;2025;13210101;Remuneração de Depósitos Bancários - Principal;Lançamento de Receita;358,59;552;Transferências de Recursos do FNDE Referentes ao Programa Nacional de Alimentação Escolar (PNAE);"Não ";Não Aplicável
Pitimbu;201147;Prefeitura Municipal de Pitimbu;062025;2025;13210101;Remuneração de Depósitos Bancários - Principal;Lançamento de Receita;27.939,41;706;"Transferência Especial da União ";3110;Identificação das Transferências da União decorrentes de emendas parlamentares individuais
Pitimbu;201147;Prefeitura Municipal de Pitimbu;062025;2025;13210101;Remuneração de Depósitos Bancários - Principal;Lançamento de Receita;3.062,31;571;Transferências do Estado referentes a Convênios e outros Repasses vinculados à Educação;"Não ";Não Aplicável
Pitimbu;201147;Prefeitura Municipal de Pitimbu;062025;2025;13210101;Remuneração de Depósitos Bancários - Principal;Lançamento de Receita;203,2;661;Transferência de Recursos dos Fundos Estaduais de Assistência Social;"Não ";Não Aplicável
Pitimbu;201147;Prefeitura Municipal de Pitimbu;052025;2025;13210101;Remuneração de Depósitos Bancários - Principal;Lançamento de Receita;602,38;719;Transferências da Política Nacional Aldir Blanc de Fomento à Cultura - Lei 14.399/2022;"Não ";Não Aplicável
Pitimbu;201147;Prefeitura Municipal de Pitimbu;052025;2025;13210101;Remuneração de Depósitos Bancários - Principal;Lançamento de Receita;0,29;716;Transferências Destinadas ao Setor cultural - LC nº 195/2022 - Art. 8º - Demais Setores da Cultura;"Não ";Não Aplicável
Pitimbu;201147;Prefeitura Municipal de Pitimbu;052025;2025;13210101;Remuneração de Depósitos Bancários - Principal;Lançamento de Receita;2.486,48;710;Transferência Especial dos Estados;"Não ";Não Aplicável
Pitimbu;201147;Prefeitura Municipal de Pitimbu;052025;2025;13210101;Remuneração de Depósitos Bancários - Principal;Lançamento de Receita;20.772,3;544;Recursos de Precatórios do FUNDEF;"Não ";Não Aplicável
Pitimbu;201147;Prefeitura Municipal de Pitimbu;052025;2025;13210101;Remuneração de Depósitos Bancários - Principal;Lançamento de Receita;744,52;553;"Transferências de Recursos do FNDE Referentes ao Programa Nacional de Apoio ao Transporte Escolar (PNATE) ";"Não ";Não Aplicável
Pitimbu;201147;Prefeitura Municipal de Pitimbu;052025;2025;13210101;Remuneração de Depósitos Bancários - Principal;Lançamento de Receita;1.750,73;660;Transferência de Recursos do Fundo Nacional de Assistência Social - FNAS;"Não ";Não Aplicável
Pitimbu;201147;Prefeitura Municipal de Pitimbu;052025;2025;13210101;Remuneração de Depósitos Bancários - Principal;Lançamento de Receita;36.343,37;540;Transferências do FUNDEB - Impostos e Transferências de Impostos;"Não ";Não Aplicável
Pitimbu;201147;Prefeitura Municipal de Pitimbu;052025;2025;13210101;Remuneração de Depósitos Bancários - Principal;Lançamento de Receita;29.226,52;706;"Transferência Especial da União ";3110;Identificação das Transferências da União decorrentes de emendas parlamentares individuais
Pitimbu;201147;Prefeitura Municipal de Pitimbu;052025;2025;13210101;Remuneração de Depósitos Bancários - Principal;Lançamento de Receita;1.666,41;552;Transferências de Recursos do FNDE Referentes ao Programa Nacional de Alimentação Escolar (PNAE);"Não ";Não Aplicável
Pitimbu;201147;Prefeitura Municipal de Pitimbu;052025;2025;13210101;Remuneração de Depósitos Bancários - Principal;Lançamento de Receita;332,13;550;Transferência do Salário-Educação;"Não ";Não Aplicável
Pitimbu;201147;Prefeitura Municipal de Pitimbu;052025;2025;13210101;Remuneração de Depósitos Bancários - Principal;Lançamento de Receita;5.917,2;700;Outras Transferências de Convênios ou Repasses da União;"Não ";Não Aplicável
Pitimbu;201147;Prefeitura Municipal de Pitimbu;052025;2025;13210101;Remuneração de Depósitos Bancários - Principal;Lançamento de Receita;3.135,17;571;Transferências do Estado referentes a Convênios e outros Repasses vinculados à Educação;"Não ";Não Aplicável
Pitimbu;201147;Prefeitura Municipal de Pitimbu;052025;2025;13210101;Remuneração de Depósitos Bancários - Principal;Lançamento de Receita;5.045,46;500;Recursos não vinculados de Impostos;"Não ";Não Aplicável
Pitimbu;201147;Prefeitura Municipal de Pitimbu;052025;2025;13210101;Remuneração de Depósitos Bancários - Principal;Lançamento de Receita;1,25;570;Transferências do Governo Federal referentes a Convênios e outros Repasses vinculados à Educação;"Não ";Não Aplicável
Pitimbu;201147;Prefeitura Municipal de Pitimbu;052025;2025;13210101;Remuneração de Depósitos Bancários - Principal;Lançamento de Receita;1,77;715;Transferências Destinadas ao Setor Cultural - LC nº 195/2022 - Art. 5º - Audiovisual;"Não ";Não Aplicável
Pitimbu;201147;Prefeitura Municipal de Pitimbu;052025;2025;13210101;Remuneração de Depósitos Bancários - Principal;Lançamento de Receita;66,41;661;Transferência de Recursos dos Fundos Estaduais de Assistência Social;"Não ";Não Aplicável
Pitimbu;201147;Prefeitura Municipal de Pitimbu;052025;2025;13210101;Remuneração de Depósitos Bancários - Principal;Lançamento de Receita;3.318,07;569;Outras Transferências de Recursos do FNDE;"Não ";Não Aplicável
Pitimbu;201147;Prefeitura Municipal de Pitimbu;052025;2025;13210101;Remuneração de Depósitos Bancários - Principal;Lançamento de Receita;851,38;701;Outras Transferências de Convênios ou Repasses dos Estados;"Não ";Não Aplicável
Pitimbu;201147;Prefeitura Municipal de Pitimbu;052025;2025;13210101;Remuneração de Depósitos Bancários - Principal;Lançamento de Receita;54,52;669;Outros Recursos Vinculados à Assistência Social;"Não ";Não Aplicável
Pitimbu;201147;Prefeitura Municipal de Pitimbu;042025;2025;13210101;Remuneração de Depósitos Bancários - Principal;Lançamento de Receita;1.940,38;660;Transferência de Recursos do Fundo Nacional de Assistência Social - FNAS;"Não ";Não Aplicável
Pitimbu;201147;Prefeitura Municipal de Pitimbu;042025;2025;13210101;Remuneração de Depósitos Bancários - Principal;Lançamento de Receita;679,73;553;"Transferências de Recursos do FNDE Referentes ao Programa Nacional de Apoio ao Transporte Escolar (PNATE) ";"Não ";Não Aplicável
Pitimbu;201147;Prefeitura Municipal de Pitimbu;042025;2025;13210101;Remuneração de Depósitos Bancários - Principal;Lançamento de Receita;0,27;716;Transferências Destinadas ao Setor cultural - LC nº 195/2022 - Art. 8º - Demais Setores da Cultura;"Não ";Não Aplicável
Pitimbu;201147;Prefeitura Municipal de Pitimbu;042025;2025;13210101;Remuneração de Depósitos Bancários - Principal;Lançamento de Receita;5.648,08;700;Outras Transferências de Convênios ou Repasses da União;"Não ";Não Aplicável
Pitimbu;201147;Prefeitura Municipal de Pitimbu;042025;2025;13210101;Remuneração de Depósitos Bancários - Principal;Lançamento de Receita;887,68;701;Outras Transferências de Convênios ou Repasses dos Estados;"Não ";Não Aplicável
Pitimbu;201147;Prefeitura Municipal de Pitimbu;042025;2025;13210101;Remuneração de Depósitos Bancários - Principal;Lançamento de Receita;3.029,42;569;Outras Transferências de Recursos do FNDE;"Não ";Não Aplicável
Pitimbu;201147;Prefeitura Municipal de Pitimbu;042025;2025;13210101;Remuneração de Depósitos Bancários - Principal;Lançamento de Receita;665,68;719;Transferências da Política Nacional Aldir Blanc de Fomento à Cultura - Lei 14.399/2022;"Não ";Não Aplicável
Pitimbu;201147;Prefeitura Municipal de Pitimbu;042025;2025;13210101;Remuneração de Depósitos Bancários - Principal;Lançamento de Receita;0,86;700;Outras Transferências de Convênios ou Repasses da União;3110;Identificação das Transferências da União decorrentes de emendas parlamentares individuais
Pitimbu;201147;Prefeitura Municipal de Pitimbu;042025;2025;13210101;Remuneração de Depósitos Bancários - Principal;Lançamento de Receita;1,61;715;Transferências Destinadas ao Setor Cultural - LC nº 195/2022 - Art. 5º - Audiovisual;"Não ";Não Aplicável
Pitimbu;201147;Prefeitura Municipal de Pitimbu;042025;2025;13210101;Remuneração de Depósitos Bancários - Principal;Lançamento de Receita;32.490,43;540;Transferências do FUNDEB - Impostos e Transferências de Impostos;"Não ";Não Aplicável
Pitimbu;201147;Prefeitura Municipal de Pitimbu;042025;2025;13210101;Remuneração de Depósitos Bancários - Principal;Lançamento de Receita;26.756,64;706;"Transferência Especial da União ";3120;Identificação das Transferências da União decorrentes de emendas parlamentares de bancada
Pitimbu;201147;Prefeitura Municipal de Pitimbu;042025;2025;13210101;Remuneração de Depósitos Bancários - Principal;Lançamento de Receita;4.974,54;500;Recursos não vinculados de Impostos;"Não ";Não Aplicável
Pitimbu;201147;Prefeitura Municipal de Pitimbu;042025;2025;13210101;Remuneração de Depósitos Bancários - Principal;Lançamento de Receita;20.797,65;544;Recursos de Precatórios do FUNDEF;"Não ";Não Aplicável
Pitimbu;201147;Prefeitura Municipal de Pitimbu;042025;2025;13210101;Remuneração de Depósitos Bancários - Principal;Lançamento de Receita;1,14;570;Transferências do Governo Federal referentes a Convênios e outros Repasses vinculados à Educação;"Não ";Não Aplicável
Pitimbu;201147;Prefeitura Municipal de Pitimbu;042025;2025;13210101;Remuneração de Depósitos Bancários - Principal;Lançamento de Receita;1.609,27;552;Transferências de Recursos do FNDE Referentes ao Programa Nacional de Alimentação Escolar (PNAE);"Não ";Não Aplicável
Pitimbu;201147;Prefeitura Municipal de Pitimbu;042025;2025;13210101;Remuneração de Depósitos Bancários - Principal;Lançamento de Receita;2.270,11;710;Transferência Especial dos Estados;"Não ";Não Aplicável
Pitimbu;201147;Prefeitura Municipal de Pitimbu;042025;2025;13210101;Remuneração de Depósitos Bancários - Principal;Lançamento de Receita;49,78;669;Outros Recursos Vinculados à Assistência Social;"Não ";Não Aplicável
Pitimbu;201147;Prefeitura Municipal de Pitimbu;042025;2025;13210101;Remuneração de Depósitos Bancários - Principal;Lançamento de Receita;2.862,35;571;Transferências do Estado referentes a Convênios e outros Repasses vinculados à Educação;"Não ";Não Aplicável
Pitimbu;201147;Prefeitura Municipal de Pitimbu;042025;2025;13210101;Remuneração de Depósitos Bancários - Principal;Lançamento de Receita;1.226,53;550;Transferência do Salário-Educação;"Não ";Não Aplicável
Pitimbu;201147;Prefeitura Municipal de Pitimbu;042025;2025;13210101;Remuneração de Depósitos Bancários - Principal;Lançamento de Receita;60,62;661;Transferência de Recursos dos Fundos Estaduais de Assistência Social;"Não ";Não Aplicável
Pitimbu;201147;Prefeitura Municipal de Pitimbu;032025;2025;13210101;Remuneração de Depósitos Bancários - Principal;Lançamento de Receita;54,02;661;Transferência de Recursos dos Fundos Estaduais de Assistência Social;"Não ";Não Aplicável
Pitimbu;201147;Prefeitura Municipal de Pitimbu;032025;2025;13210101;Remuneração de Depósitos Bancários - Principal;Lançamento de Receita;1,02;570;Transferências do Governo Federal referentes a Convênios e outros Repasses vinculados à Educação;"Não ";Não Aplicável
Pitimbu;201147;Prefeitura Municipal de Pitimbu;032025;2025;13210101;Remuneração de Depósitos Bancários - Principal;Lançamento de Receita;5.306,78;700;Outras Transferências de Convênios ou Repasses da União;"Não ";Não Aplicável
Pitimbu;201147;Prefeitura Municipal de Pitimbu;032025;2025;13210101;Remuneração de Depósitos Bancários - Principal;Lançamento de Receita;2.022,51;710;Transferência Especial dos Estados;"Não ";Não Aplicável
Pitimbu;201147;Prefeitura Municipal de Pitimbu;032025;2025;13210101;Remuneração de Depósitos Bancários - Principal;Lançamento de Receita;1.365,96;550;Transferência do Salário-Educação;"Não ";Não Aplicável
Pitimbu;201147;Prefeitura Municipal de Pitimbu;032025;2025;13210101;Remuneração de Depósitos Bancários - Principal;Lançamento de Receita;18.529,28;544;Recursos de Precatórios do FUNDEF;"Não ";Não Aplicável
Pitimbu;201147;Prefeitura Municipal de Pitimbu;032025;2025;13210101;Remuneração de Depósitos Bancários - Principal;Lançamento de Receita;2.699;569;Outras Transferências de Recursos do FNDE;"Não ";Não Aplicável
Pitimbu;201147;Prefeitura Municipal de Pitimbu;032025;2025;13210101;Remuneração de Depósitos Bancários - Principal;Lançamento de Receita;44,35;669;Outros Recursos Vinculados à Assistência Social;"Não ";Não Aplicável
Pitimbu;201147;Prefeitura Municipal de Pitimbu;032025;2025;13210101;Remuneração de Depósitos Bancários - Principal;Lançamento de Receita;1,44;715;Transferências Destinadas ao Setor Cultural - LC nº 195/2022 - Art. 5º - Audiovisual;"Não ";Não Aplicável
Pitimbu;201147;Prefeitura Municipal de Pitimbu;032025;2025;13210101;Remuneração de Depósitos Bancários - Principal;Lançamento de Receita;31.591,74;540;Transferências do FUNDEB - Impostos e Transferências de Impostos;"Não ";Não Aplicável
Pitimbu;201147;Prefeitura Municipal de Pitimbu;032025;2025;13210101;Remuneração de Depósitos Bancários - Principal;Lançamento de Receita;5.698,09;500;Recursos não vinculados de Impostos;"Não ";Não Aplicável
Pitimbu;201147;Prefeitura Municipal de Pitimbu;032025;2025;13210101;Remuneração de Depósitos Bancários - Principal;Lançamento de Receita;632,22;701;Outras Transferências de Convênios ou Repasses dos Estados;"Não ";Não Aplicável
Pitimbu;201147;Prefeitura Municipal de Pitimbu;032025;2025;13210101;Remuneração de Depósitos Bancários - Principal;Lançamento de Receita;2.550,16;571;Transferências do Estado referentes a Convênios e outros Repasses vinculados à Educação;"Não ";Não Aplicável
Pitimbu;201147;Prefeitura Municipal de Pitimbu;032025;2025;13210101;Remuneração de Depósitos Bancários - Principal;Lançamento de Receita;23.862,63;706;"Transferência Especial da União ";3110;Identificação das Transferências da União decorrentes de emendas parlamentares individuais
Pitimbu;201147;Prefeitura Municipal de Pitimbu;032025;2025;13210101;Remuneração de Depósitos Bancários - Principal;Lançamento de Receita;99,23;553;"Transferências de Recursos do FNDE Referentes ao Programa Nacional de Apoio ao Transporte Escolar (PNATE) ";"Não ";Não Aplicável
Pitimbu;201147;Prefeitura Municipal de Pitimbu;032025;2025;13210101;Remuneração de Depósitos Bancários - Principal;Lançamento de Receita;0,24;716;Transferências Destinadas ao Setor cultural - LC nº 195/2022 - Art. 8º - Demais Setores da Cultura;"Não ";Não Aplicável
Pitimbu;201147;Prefeitura Municipal de Pitimbu;032025;2025;13210101;Remuneração de Depósitos Bancários - Principal;Lançamento de Receita;1.040,5;552;Transferências de Recursos do FNDE Referentes ao Programa Nacional de Alimentação Escolar (PNAE);"Não ";Não Aplicável
Pitimbu;201147;Prefeitura Municipal de Pitimbu;032025;2025;13210101;Remuneração de Depósitos Bancários - Principal;Lançamento de Receita;1.748,26;660;Transferência de Recursos do Fundo Nacional de Assistência Social - FNAS;"Não ";Não Aplicável
Pitimbu;201147;Prefeitura Municipal de Pitimbu;032025;2025;13210101;Remuneração de Depósitos Bancários - Principal;Lançamento de Receita;858;719;Transferências da Política Nacional Aldir Blanc de Fomento à Cultura - Lei 14.399/2022;"Não ";Não Aplicável
Pitimbu;201147;Prefeitura Municipal de Pitimbu;022025;2025;13210101;Remuneração de Depósitos Bancários - Principal;Lançamento de Receita;1.379,11;550;Transferência do Salário-Educação;"Não ";Não Aplicável
Pitimbu;201147;Prefeitura Municipal de Pitimbu;022025;2025;13210101;Remuneração de Depósitos Bancários - Principal;Lançamento de Receita;421,36;552;Transferências de Recursos do FNDE Referentes ao Programa Nacional de Alimentação Escolar (PNAE);"Não ";Não Aplicável
Pitimbu;201147;Prefeitura Municipal de Pitimbu;022025;2025;13210101;Remuneração de Depósitos Bancários - Principal;Lançamento de Receita;2.581,98;571;Transferências do Estado referentes a Convênios e outros Repasses vinculados à Educação;"Não ";Não Aplicável
Pitimbu;201147;Prefeitura Municipal de Pitimbu;022025;2025;13210101;Remuneração de Depósitos Bancários - Principal;Lançamento de Receita;54,7;661;Transferência de Recursos dos Fundos Estaduais de Assistência Social;"Não ";Não Aplicável
Pitimbu;201147;Prefeitura Municipal de Pitimbu;022025;2025;13210101;Remuneração de Depósitos Bancários - Principal;Lançamento de Receita;1.791,02;660;Transferência de Recursos do Fundo Nacional de Assistência Social - FNAS;"Não ";Não Aplicável
Pitimbu;201147;Prefeitura Municipal de Pitimbu;022025;2025;13210101;Remuneração de Depósitos Bancários - Principal;Lançamento de Receita;5.612,89;700;Outras Transferências de Convênios ou Repasses da União;"Não ";Não Aplicável
Pitimbu;201147;Prefeitura Municipal de Pitimbu;022025;2025;13210101;Remuneração de Depósitos Bancários - Principal;Lançamento de Receita;6.786,32;500;Recursos não vinculados de Impostos;"Não ";Não Aplicável
Pitimbu;201147;Prefeitura Municipal de Pitimbu;022025;2025;13210101;Remuneração de Depósitos Bancários - Principal;Lançamento de Receita;24.564,7;706;"Transferência Especial da União ";3110;Identificação das Transferências da União decorrentes de emendas parlamentares individuais
Pitimbu;201147;Prefeitura Municipal de Pitimbu;022025;2025;13210101;Remuneração de Depósitos Bancários - Principal;Lançamento de Receita;1,03;570;Transferências do Governo Federal referentes a Convênios e outros Repasses vinculados à Educação;"Não ";Não Aplicável
Pitimbu;201147;Prefeitura Municipal de Pitimbu;022025;2025;13210101;Remuneração de Depósitos Bancários - Principal;Lançamento de Receita;29.663,94;540;Transferências do FUNDEB - Impostos e Transferências de Impostos;"Não ";Não Aplicável
Pitimbu;201147;Prefeitura Municipal de Pitimbu;022025;2025;13210101;Remuneração de Depósitos Bancários - Principal;Lançamento de Receita;0,24;716;Transferências Destinadas ao Setor cultural - LC nº 195/2022 - Art. 8º - Demais Setores da Cultura;"Não ";Não Aplicável
Pitimbu;201147;Prefeitura Municipal de Pitimbu;022025;2025;13210101;Remuneração de Depósitos Bancários - Principal;Lançamento de Receita;868,72;719;Transferências da Política Nacional Aldir Blanc de Fomento à Cultura - Lei 14.399/2022;"Não ";Não Aplicável
Pitimbu;201147;Prefeitura Municipal de Pitimbu;022025;2025;13210101;Remuneração de Depósitos Bancários - Principal;Lançamento de Receita;2.732,7;569;Outras Transferências de Recursos do FNDE;"Não ";Não Aplicável
Pitimbu;201147;Prefeitura Municipal de Pitimbu;022025;2025;13210101;Remuneração de Depósitos Bancários - Principal;Lançamento de Receita;658,45;701;Outras Transferências de Convênios ou Repasses dos Estados;"Não ";Não Aplicável
Pitimbu;201147;Prefeitura Municipal de Pitimbu;022025;2025;13210101;Remuneração de Depósitos Bancários - Principal;Lançamento de Receita;44,9;669;Outros Recursos Vinculados à Assistência Social;"Não ";Não Aplicável
Pitimbu;201147;Prefeitura Municipal de Pitimbu;022025;2025;13210101;Remuneração de Depósitos Bancários - Principal;Lançamento de Receita;18.927,12;544;Recursos de Precatórios do FUNDEF;"Não ";Não Aplicável
Pitimbu;201147;Prefeitura Municipal de Pitimbu;022025;2025;13210101;Remuneração de Depósitos Bancários - Principal;Lançamento de Receita;24,1;553;"Transferências de Recursos do FNDE Referentes ao Programa Nacional de Apoio ao Transporte Escolar (PNATE) ";"Não ";Não Aplicável
Pitimbu;201147;Prefeitura Municipal de Pitimbu;022025;2025;13210101;Remuneração de Depósitos Bancários - Principal;Lançamento de Receita;1,45;715;Transferências Destinadas ao Setor Cultural - LC nº 195/2022 - Art. 5º - Audiovisual;"Não ";Não Aplicável
Pitimbu;201147;Prefeitura Municipal de Pitimbu;022025;2025;13210101;Remuneração de Depósitos Bancários - Principal;Lançamento de Receita;2.047,76;710;Transferência Especial dos Estados;"Não ";Não Aplicável
Pitimbu;201147;Prefeitura Municipal de Pitimbu;012025;2025;13210101;Remuneração de Depósitos Bancários - Principal;Lançamento de Receita;900,64;550;Transferência do Salário-Educação;"Não ";Não Aplicável
Pitimbu;201147;Prefeitura Municipal de Pitimbu;012025;2025;13210101;Remuneração de Depósitos Bancários - Principal;Lançamento de Receita;5.583,62;700;Outras Transferências de Convênios ou Repasses da União;"Não ";Não Aplicável
Pitimbu;201147;Prefeitura Municipal de Pitimbu;012025;2025;13210101;Remuneração de Depósitos Bancários - Principal;Lançamento de Receita;1.621,13;660;Transferência de Recursos do Fundo Nacional de Assistência Social - FNAS;"Não ";Não Aplicável
Pitimbu;201147;Prefeitura Municipal de Pitimbu;012025;2025;13210101;Remuneração de Depósitos Bancários - Principal;Lançamento de Receita;54,21;661;Transferência de Recursos dos Fundos Estaduais de Assistência Social;"Não ";Não Aplicável
Pitimbu;201147;Prefeitura Municipal de Pitimbu;012025;2025;13210101;Remuneração de Depósitos Bancários - Principal;Lançamento de Receita;4.293,17;500;Recursos não vinculados de Impostos;"Não ";Não Aplicável
Pitimbu;201147;Prefeitura Municipal de Pitimbu;012025;2025;13210101;Remuneração de Depósitos Bancários - Principal;Lançamento de Receita;10,3;552;Transferências de Recursos do FNDE Referentes ao Programa Nacional de Alimentação Escolar (PNAE);"Não ";Não Aplicável
Pitimbu;201147;Prefeitura Municipal de Pitimbu;012025;2025;13210101;Remuneração de Depósitos Bancários - Principal;Lançamento de Receita;7.107,74;540;Transferências do FUNDEB - Impostos e Transferências de Impostos;"Não ";Não Aplicável
Pitimbu;201147;Prefeitura Municipal de Pitimbu;012025;2025;13210101;Remuneração de Depósitos Bancários - Principal;Lançamento de Receita;19.942,41;544;Recursos de Precatórios do FUNDEF;"Não ";Não Aplicável
Pitimbu;201147;Prefeitura Municipal de Pitimbu;012025;2025;13210101;Remuneração de Depósitos Bancários - Principal;Lançamento de Receita;2.559,36;571;Transferências do Estado referentes a Convênios e outros Repasses vinculados à Educação;"Não ";Não Aplicável
Pitimbu;201147;Prefeitura Municipal de Pitimbu;012025;2025;13210101;Remuneração de Depósitos Bancários - Principal;Lançamento de Receita;21.517,05;706;"Transferência Especial da União ";3110;Identificação das Transferências da União decorrentes de emendas parlamentares individuais
Pitimbu;201147;Prefeitura Municipal de Pitimbu;012025;2025;13210101;Remuneração de Depósitos Bancários - Principal;Lançamento de Receita;44,51;669;Outros Recursos Vinculados à Assistência Social;"Não ";Não Aplicável
Pitimbu;201147;Prefeitura Municipal de Pitimbu;012025;2025;13210101;Remuneração de Depósitos Bancários - Principal;Lançamento de Receita;615,86;701;Outras Transferências de Convênios ou Repasses dos Estados;"Não ";Não Aplicável
Pitimbu;201147;Prefeitura Municipal de Pitimbu;012025;2025;13210101;Remuneração de Depósitos Bancários - Principal;Lançamento de Receita;3.242,49;706;"Transferência Especial da União ";3120;Identificação das Transferências da União decorrentes de emendas parlamentares de bancada
Pitimbu;201147;Prefeitura Municipal de Pitimbu;012025;2025;13210101;Remuneração de Depósitos Bancários - Principal;Lançamento de Receita;196,72;715;Transferências Destinadas ao Setor Cultural - LC nº 195/2022 - Art. 5º - Audiovisual;"Não ";Não Aplicável
Pitimbu;201147;Prefeitura Municipal de Pitimbu;012025;2025;13210101;Remuneração de Depósitos Bancários - Principal;Lançamento de Receita;23,88;553;"Transferências de Recursos do FNDE Referentes ao Programa Nacional de Apoio ao Transporte Escolar (PNATE) ";"Não ";Não Aplicável
Pitimbu;201147;Prefeitura Municipal de Pitimbu;012025;2025;13210101;Remuneração de Depósitos Bancários - Principal;Lançamento de Receita;2.029,81;710;Transferência Especial dos Estados;"Não ";Não Aplicável
Pitimbu;201147;Prefeitura Municipal de Pitimbu;012025;2025;13210101;Remuneração de Depósitos Bancários - Principal;Lançamento de Receita;2.708,85;569;Outras Transferências de Recursos do FNDE;"Não ";Não Aplicável
Pitimbu;201147;Prefeitura Municipal de Pitimbu;012025;2025;13210101;Remuneração de Depósitos Bancários - Principal;Lançamento de Receita;861,1;719;Transferências da Política Nacional Aldir Blanc de Fomento à Cultura - Lei 14.399/2022;"Não ";Não Aplicável
Pitimbu;201147;Prefeitura Municipal de Pitimbu;012025;2025;13210101;Remuneração de Depósitos Bancários - Principal;Lançamento de Receita;1,02;570;Transferências do Governo Federal referentes a Convênios e outros Repasses vinculados à Educação;"Não ";Não Aplicável
Pitimbu;201147;Prefeitura Municipal de Pitimbu;012025;2025;13210101;Remuneração de Depósitos Bancários - Principal;Lançamento de Receita;32,61;716;Transferências Destinadas ao Setor cultural - LC nº 195/2022 - Art. 8º - Demais Setores da Cultura;"Não ";Não Aplicável
Pitimbu;201147;Prefeitura Municipal de Pitimbu;112025;2025;12415001;Contribuição para o Custeio do Serviço de Iluminação Pública - Principal;Lançamento de Receita;130.715,37;751;Recursos da Contribuição para o Custeio do Serviço de Iluminação Pública - COSIP;"Não ";Não Aplicável
Pitimbu;201147;Prefeitura Municipal de Pitimbu;102025;2025;12415001;Contribuição para o Custeio do Serviço de Iluminação Pública - Principal;Lançamento de Receita;113.850,22;751;Recursos da Contribuição para o Custeio do Serviço de Iluminação Pública - COSIP;"Não ";Não Aplicável
Pitimbu;201147;Prefeitura Municipal de Pitimbu;092025;2025;12415001;Contribuição para o Custeio do Serviço de Iluminação Pública - Principal;Lançamento de Receita;122.942,77;751;Recursos da Contribuição para o Custeio do Serviço de Iluminação Pública - COSIP;"Não ";Não Aplicável
Pitimbu;201147;Prefeitura Municipal de Pitimbu;082025;2025;12415001;Contribuição para o Custeio do Serviço de Iluminação Pública - Principal;Lançamento de Receita;131.739,41;751;Recursos da Contribuição para o Custeio do Serviço de Iluminação Pública - COSIP;"Não ";Não Aplicável
Pitimbu;201147;Prefeitura Municipal de Pitimbu;072025;2025;12415001;Contribuição para o Custeio do Serviço de Iluminação Pública - Principal;Lançamento de Receita;129.828,67;751;Recursos da Contribuição para o Custeio do Serviço de Iluminação Pública - COSIP;"Não ";Não Aplicável
Pitimbu;201147;Prefeitura Municipal de Pitimbu;062025;2025;12415001;Contribuição para o Custeio do Serviço de Iluminação Pública - Principal;Lançamento de Receita;137.407,67;751;Recursos da Contribuição para o Custeio do Serviço de Iluminação Pública - COSIP;"Não ";Não Aplicável
Pitimbu;201147;Prefeitura Municipal de Pitimbu;052025;2025;12415001;Contribuição para o Custeio do Serviço de Iluminação Pública - Principal;Lançamento de Receita;152.451,69;751;Recursos da Contribuição para o Custeio do Serviço de Iluminação Pública - COSIP;"Não ";Não Aplicável
Pitimbu;201147;Prefeitura Municipal de Pitimbu;042025;2025;12415001;Contribuição para o Custeio do Serviço de Iluminação Pública - Principal;Lançamento de Receita;145.257,89;751;Recursos da Contribuição para o Custeio do Serviço de Iluminação Pública - COSIP;"Não ";Não Aplicável
Pitimbu;201147;Prefeitura Municipal de Pitimbu;022025;2025;12415001;Contribuição para o Custeio do Serviço de Iluminação Pública - Principal;Lançamento de Receita;138.644,9;751;Recursos da Contribuição para o Custeio do Serviço de Iluminação Pública - COSIP;"Não ";Não Aplicável
Pitimbu;201147;Prefeitura Municipal de Pitimbu;122025;2025;11220101;Taxas pela Prestação de Serviços em Geral - Principal;Lançamento de Receita;19.181,07;500;Recursos não vinculados de Impostos;"Não ";Não Aplicável
Pitimbu;201147;Prefeitura Municipal de Pitimbu;112025;2025;11220101;Taxas pela Prestação de Serviços em Geral - Principal;Lançamento de Receita;11.666,86;500;Recursos não vinculados de Impostos;"Não ";Não Aplicável
Pitimbu;201147;Prefeitura Municipal de Pitimbu;102025;2025;11220101;Taxas pela Prestação de Serviços em Geral - Principal;Lançamento de Receita;27.269,09;500;Recursos não vinculados de Impostos;"Não ";Não Aplicável
Pitimbu;201147;Prefeitura Municipal de Pitimbu;092025;2025;11220101;Taxas pela Prestação de Serviços em Geral - Principal;Lançamento de Receita;16.185,26;500;Recursos não vinculados de Impostos;"Não ";Não Aplicável
Pitimbu;201147;Prefeitura Municipal de Pitimbu;082025;2025;11220101;Taxas pela Prestação de Serviços em Geral - Principal;Lançamento de Receita;5.158,84;500;Recursos não vinculados de Impostos;"Não ";Não Aplicável
Pitimbu;201147;Prefeitura Municipal de Pitimbu;072025;2025;11220101;Taxas pela Prestação de Serviços em Geral - Principal;Lançamento de Receita;35.699,7;500;Recursos não vinculados de Impostos;"Não ";Não Aplicável
Pitimbu;201147;Prefeitura Municipal de Pitimbu;062025;2025;11220101;Taxas pela Prestação de Serviços em Geral - Principal;Lançamento de Receita;35.128,85;500;Recursos não vinculados de Impostos;"Não ";Não Aplicável
Pitimbu;201147;Prefeitura Municipal de Pitimbu;052025;2025;11220101;Taxas pela Prestação de Serviços em Geral - Principal;Lançamento de Receita;17.621,61;500;Recursos não vinculados de Impostos;"Não ";Não Aplicável
Pitimbu;201147;Prefeitura Municipal de Pitimbu;042025;2025;11220101;Taxas pela Prestação de Serviços em Geral - Principal;Lançamento de Receita;21.486,45;500;Recursos não vinculados de Impostos;"Não ";Não Aplicável
Pitimbu;201147;Prefeitura Municipal de Pitimbu;032025;2025;11220101;Taxas pela Prestação de Serviços em Geral - Principal;Lançamento de Receita;22.462,82;500;Recursos não vinculados de Impostos;"Não ";Não Aplicável
Pitimbu;201147;Prefeitura Municipal de Pitimbu;022025;2025;11220101;Taxas pela Prestação de Serviços em Geral - Principal;Lançamento de Receita;22.963,11;500;Recursos não vinculados de Impostos;"Não ";Não Aplicável
Pitimbu;201147;Prefeitura Municipal de Pitimbu;012025;2025;11220101;Taxas pela Prestação de Serviços em Geral - Principal;Lançamento de Receita;47.620,79;500;Recursos não vinculados de Impostos;"Não ";Não Aplicável
Pitimbu;201147;Prefeitura Municipal de Pitimbu;122025;2025;11210401;Taxa de Controle e Fiscalização Ambiental - Principal;Lançamento de Receita;279,89;500;Recursos não vinculados de Impostos;"Não ";Não Aplicável
Pitimbu;201147;Prefeitura Municipal de Pitimbu;122025;2025;11210101;Taxas de Inspeção, Controle e Fiscalização - Principal;Lançamento de Receita;4.244,88;500;Recursos não vinculados de Impostos;"Não ";Não Aplicável
Pitimbu;201147;Prefeitura Municipal de Pitimbu;112025;2025;11210101;Taxas de Inspeção, Controle e Fiscalização - Principal;Lançamento de Receita;12.630,46;500;Recursos não vinculados de Impostos;"Não ";Não Aplicável
Pitimbu;201147;Prefeitura Municipal de Pitimbu;102025;2025;11210101;Taxas de Inspeção, Controle e Fiscalização - Principal;Lançamento de Receita;8.245,98;500;Recursos não vinculados de Impostos;"Não ";Não Aplicável
Pitimbu;201147;Prefeitura Municipal de Pitimbu;092025;2025;11210101;Taxas de Inspeção, Controle e Fiscalização - Principal;Lançamento de Receita;15.031,71;500;Recursos não vinculados de Impostos;"Não ";Não Aplicável
Pitimbu;201147;Prefeitura Municipal de Pitimbu;082025;2025;11210101;Taxas de Inspeção, Controle e Fiscalização - Principal;Lançamento de Receita;19.668,3;500;Recursos não vinculados de Impostos;"Não ";Não Aplicável
Pitimbu;201147;Prefeitura Municipal de Pitimbu;072025;2025;11210101;Taxas de Inspeção, Controle e Fiscalização - Principal;Lançamento de Receita;14.766,97;500;Recursos não vinculados de Impostos;"Não ";Não Aplicável
Pitimbu;201147;Prefeitura Municipal de Pitimbu;062025;2025;11210101;Taxas de Inspeção, Controle e Fiscalização - Principal;Lançamento de Receita;18.430,47;500;Recursos não vinculados de Impostos;"Não ";Não Aplicável
Pitimbu;201147;Prefeitura Municipal de Pitimbu;052025;2025;11210101;Taxas de Inspeção, Controle e Fiscalização - Principal;Lançamento de Receita;24.185,18;500;Recursos não vinculados de Impostos;"Não ";Não Aplicável
Pitimbu;201147;Prefeitura Municipal de Pitimbu;042025;2025;11210101;Taxas de Inspeção, Controle e Fiscalização - Principal;Lançamento de Receita;8.341,58;500;Recursos não vinculados de Impostos;"Não ";Não Aplicável
Pitimbu;201147;Prefeitura Municipal de Pitimbu;032025;2025;11210101;Taxas de Inspeção, Controle e Fiscalização - Principal;Lançamento de Receita;19.971,43;500;Recursos não vinculados de Impostos;"Não ";Não Aplicável
Pitimbu;201147;Prefeitura Municipal de Pitimbu;022025;2025;11210101;Taxas de Inspeção, Controle e Fiscalização - Principal;Lançamento de Receita;24.141,05;500;Recursos não vinculados de Impostos;"Não ";Não Aplicável
Pitimbu;201147;Prefeitura Municipal de Pitimbu;012025;2025;11210101;Taxas de Inspeção, Controle e Fiscalização - Principal;Lançamento de Receita;50.123,11;500;Recursos não vinculados de Impostos;"Não ";Não Aplicável
Pitimbu;201147;Prefeitura Municipal de Pitimbu;122025;2025;11199901;Outros Impostos - Principal;Lançamento de Receita;7.003,16;500;Recursos não vinculados de Impostos;"Não ";Não Aplicável
Pitimbu;201147;Prefeitura Municipal de Pitimbu;112025;2025;11199901;Outros Impostos - Principal;Lançamento de Receita;7.276,58;500;Recursos não vinculados de Impostos;"Não ";Não Aplicável
Pitimbu;201147;Prefeitura Municipal de Pitimbu;102025;2025;11199901;Outros Impostos - Principal;Lançamento de Receita;3.667,54;500;Recursos não vinculados de Impostos;"Não ";Não Aplicável
Pitimbu;201147;Prefeitura Municipal de Pitimbu;092025;2025;11199901;Outros Impostos - Principal;Lançamento de Receita;2.119,5;500;Recursos não vinculados de Impostos;"Não ";Não Aplicável
Pitimbu;201147;Prefeitura Municipal de Pitimbu;082025;2025;11199901;Outros Impostos - Principal;Lançamento de Receita;2.765,49;500;Recursos não vinculados de Impostos;"Não ";Não Aplicável
Pitimbu;201147;Prefeitura Municipal de Pitimbu;072025;2025;11199901;Outros Impostos - Principal;Lançamento de Receita;3.168,37;500;Recursos não vinculados de Impostos;"Não ";Não Aplicável
Pitimbu;201147;Prefeitura Municipal de Pitimbu;062025;2025;11199901;Outros Impostos - Principal;Lançamento de Receita;2.359,39;500;Recursos não vinculados de Impostos;"Não ";Não Aplicável
Pitimbu;201147;Prefeitura Municipal de Pitimbu;052025;2025;11199901;Outros Impostos - Principal;Lançamento de Receita;6.693,42;500;Recursos não vinculados de Impostos;"Não ";Não Aplicável
Pitimbu;201147;Prefeitura Municipal de Pitimbu;042025;2025;11199901;Outros Impostos - Principal;Lançamento de Receita;2.265,94;500;Recursos não vinculados de Impostos;"Não ";Não Aplicável
Pitimbu;201147;Prefeitura Municipal de Pitimbu;032025;2025;11199901;Outros Impostos - Principal;Lançamento de Receita;4.022,84;500;Recursos não vinculados de Impostos;"Não ";Não Aplicável
Pitimbu;201147;Prefeitura Municipal de Pitimbu;022025;2025;11199901;Outros Impostos - Principal;Lançamento de Receita;11.038,19;500;Recursos não vinculados de Impostos;"Não ";Não Aplicável
Pitimbu;201147;Prefeitura Municipal de Pitimbu;012025;2025;11199901;Outros Impostos - Principal;Lançamento de Receita;5.009,86;500;Recursos não vinculados de Impostos;"Não ";Não Aplicável
Pitimbu;201147;Prefeitura Municipal de Pitimbu;082025;2025;11145114;Imposto sobre Serviços de Qualquer Natureza - ISSQN - Dívida Ativa - Multas e Juros de Mora da Dívida Ativa;Lançamento de Receita;24,47;500;Recursos não vinculados de Impostos;1002;Identificação das despesas com ações e serviços públicos de saúde
Pitimbu;201147;Prefeitura Municipal de Pitimbu;082025;2025;11145114;Imposto sobre Serviços de Qualquer Natureza - ISSQN - Dívida Ativa - Multas e Juros de Mora da Dívida Ativa;Lançamento de Receita;40,79;500;Recursos não vinculados de Impostos;1001;Identificação das despesas com manutenção e desenvolvimento do ensino
Pitimbu;201147;Prefeitura Municipal de Pitimbu;082025;2025;11145114;Imposto sobre Serviços de Qualquer Natureza - ISSQN - Dívida Ativa - Multas e Juros de Mora da Dívida Ativa;Lançamento de Receita;97,88;500;Recursos não vinculados de Impostos;"Não ";Não Aplicável
Pitimbu;201147;Prefeitura Municipal de Pitimbu;042025;2025;11145114;Imposto sobre Serviços de Qualquer Natureza - ISSQN - Dívida Ativa - Multas e Juros de Mora da Dívida Ativa;Lançamento de Receita;208,74;500;Recursos não vinculados de Impostos;"Não ";Não Aplicável
Pitimbu;201147;Prefeitura Municipal de Pitimbu;042025;2025;11145114;Imposto sobre Serviços de Qualquer Natureza - ISSQN - Dívida Ativa - Multas e Juros de Mora da Dívida Ativa;Lançamento de Receita;86,98;500;Recursos não vinculados de Impostos;1001;Identificação das despesas com manutenção e desenvolvimento do ensino
Pitimbu;201147;Prefeitura Municipal de Pitimbu;042025;2025;11145114;Imposto sobre Serviços de Qualquer Natureza - ISSQN - Dívida Ativa - Multas e Juros de Mora da Dívida Ativa;Lançamento de Receita;52,19;500;Recursos não vinculados de Impostos;1002;Identificação das despesas com ações e serviços públicos de saúde
Pitimbu;201147;Prefeitura Municipal de Pitimbu;032025;2025;11145114;Imposto sobre Serviços de Qualquer Natureza - ISSQN - Dívida Ativa - Multas e Juros de Mora da Dívida Ativa;Lançamento de Receita;52,19;500;Recursos não vinculados de Impostos;1002;Identificação das despesas com ações e serviços públicos de saúde
Pitimbu;201147;Prefeitura Municipal de Pitimbu;032025;2025;11145114;Imposto sobre Serviços de Qualquer Natureza - ISSQN - Dívida Ativa - Multas e Juros de Mora da Dívida Ativa;Lançamento de Receita;86,98;500;Recursos não vinculados de Impostos;1001;Identificação das despesas com manutenção e desenvolvimento do ensino
Pitimbu;201147;Prefeitura Municipal de Pitimbu;032025;2025;11145114;Imposto sobre Serviços de Qualquer Natureza - ISSQN - Dívida Ativa - Multas e Juros de Mora da Dívida Ativa;Lançamento de Receita;208,74;500;Recursos não vinculados de Impostos;"Não ";Não Aplicável
Pitimbu;201147;Prefeitura Municipal de Pitimbu;022025;2025;11145114;Imposto sobre Serviços de Qualquer Natureza - ISSQN - Dívida Ativa - Multas e Juros de Mora da Dívida Ativa;Lançamento de Receita;86,98;500;Recursos não vinculados de Impostos;1001;Identificação das despesas com manutenção e desenvolvimento do ensino
Pitimbu;201147;Prefeitura Municipal de Pitimbu;022025;2025;11145114;Imposto sobre Serviços de Qualquer Natureza - ISSQN - Dívida Ativa - Multas e Juros de Mora da Dívida Ativa;Lançamento de Receita;208,74;500;Recursos não vinculados de Impostos;"Não ";Não Aplicável
Pitimbu;201147;Prefeitura Municipal de Pitimbu;022025;2025;11145114;Imposto sobre Serviços de Qualquer Natureza - ISSQN - Dívida Ativa - Multas e Juros de Mora da Dívida Ativa;Lançamento de Receita;52,19;500;Recursos não vinculados de Impostos;1002;Identificação das despesas com ações e serviços públicos de saúde
Pitimbu;201147;Prefeitura Municipal de Pitimbu;112025;2025;11145113;Imposto sobre Serviços de Qualquer Natureza - ISSQN - Dívida Ativa;Lançamento de Receita;361,53;500;Recursos não vinculados de Impostos;"Não ";Não Aplicável
Pitimbu;201147;Prefeitura Municipal de Pitimbu;112025;2025;11145113;Imposto sobre Serviços de Qualquer Natureza - ISSQN - Dívida Ativa;Lançamento de Receita;90,38;500;Recursos não vinculados de Impostos;1002;Identificação das despesas com ações e serviços públicos de saúde
Pitimbu;201147;Prefeitura Municipal de Pitimbu;112025;2025;11145113;Imposto sobre Serviços de Qualquer Natureza - ISSQN - Dívida Ativa;Lançamento de Receita;150,64;500;Recursos não vinculados de Impostos;1001;Identificação das despesas com manutenção e desenvolvimento do ensino
Pitimbu;201147;Prefeitura Municipal de Pitimbu;102025;2025;11145113;Imposto sobre Serviços de Qualquer Natureza - ISSQN - Dívida Ativa;Lançamento de Receita;337,24;500;Recursos não vinculados de Impostos;"Não ";Não Aplicável
Pitimbu;201147;Prefeitura Municipal de Pitimbu;102025;2025;11145113;Imposto sobre Serviços de Qualquer Natureza - ISSQN - Dívida Ativa;Lançamento de Receita;140,52;500;Recursos não vinculados de Impostos;1001;Identificação das despesas com manutenção e desenvolvimento do ensino
Pitimbu;201147;Prefeitura Municipal de Pitimbu;102025;2025;11145113;Imposto sobre Serviços de Qualquer Natureza - ISSQN - Dívida Ativa;Lançamento de Receita;84,31;500;Recursos não vinculados de Impostos;1002;Identificação das despesas com ações e serviços públicos de saúde
Pitimbu;201147;Prefeitura Municipal de Pitimbu;092025;2025;11145113;Imposto sobre Serviços de Qualquer Natureza - ISSQN - Dívida Ativa;Lançamento de Receita;567,61;500;Recursos não vinculados de Impostos;"Não ";Não Aplicável
Pitimbu;201147;Prefeitura Municipal de Pitimbu;082025;2025;11145113;Imposto sobre Serviços de Qualquer Natureza - ISSQN - Dívida Ativa;Lançamento de Receita;54,47;500;Recursos não vinculados de Impostos;1001;Identificação das despesas com manutenção e desenvolvimento do ensino
Pitimbu;201147;Prefeitura Municipal de Pitimbu;082025;2025;11145113;Imposto sobre Serviços de Qualquer Natureza - ISSQN - Dívida Ativa;Lançamento de Receita;32,68;500;Recursos não vinculados de Impostos;1002;Identificação das despesas com ações e serviços públicos de saúde
Pitimbu;201147;Prefeitura Municipal de Pitimbu;082025;2025;11145113;Imposto sobre Serviços de Qualquer Natureza - ISSQN - Dívida Ativa;Lançamento de Receita;130,73;500;Recursos não vinculados de Impostos;"Não ";Não Aplicável
Pitimbu;201147;Prefeitura Municipal de Pitimbu;072025;2025;11145113;Imposto sobre Serviços de Qualquer Natureza - ISSQN - Dívida Ativa;Lançamento de Receita;347,87;500;Recursos não vinculados de Impostos;"Não ";Não Aplicável
Pitimbu;201147;Prefeitura Municipal de Pitimbu;062025;2025;11145113;Imposto sobre Serviços de Qualquer Natureza - ISSQN - Dívida Ativa;Lançamento de Receita;130,73;500;Recursos não vinculados de Impostos;"Não ";Não Aplicável
Pitimbu;201147;Prefeitura Municipal de Pitimbu;062025;2025;11145113;Imposto sobre Serviços de Qualquer Natureza - ISSQN - Dívida Ativa;Lançamento de Receita;32,68;500;Recursos não vinculados de Impostos;1002;Identificação das despesas com ações e serviços públicos de saúde
Pitimbu;201147;Prefeitura Municipal de Pitimbu;062025;2025;11145113;Imposto sobre Serviços de Qualquer Natureza - ISSQN - Dívida Ativa;Lançamento de Receita;54,47;500;Recursos não vinculados de Impostos;1001;Identificação das despesas com manutenção e desenvolvimento do ensino
Pitimbu;201147;Prefeitura Municipal de Pitimbu;052025;2025;11145113;Imposto sobre Serviços de Qualquer Natureza - ISSQN - Dívida Ativa;Lançamento de Receita;218,62;500;Recursos não vinculados de Impostos;"Não ";Não Aplicável
Pitimbu;201147;Prefeitura Municipal de Pitimbu;042025;2025;11145113;Imposto sobre Serviços de Qualquer Natureza - ISSQN - Dívida Ativa;Lançamento de Receita;130,73;500;Recursos não vinculados de Impostos;"Não ";Não Aplicável
Pitimbu;201147;Prefeitura Municipal de Pitimbu;042025;2025;11145113;Imposto sobre Serviços de Qualquer Natureza - ISSQN - Dívida Ativa;Lançamento de Receita;32,69;500;Recursos não vinculados de Impostos;1002;Identificação das despesas com ações e serviços públicos de saúde
Pitimbu;201147;Prefeitura Municipal de Pitimbu;042025;2025;11145113;Imposto sobre Serviços de Qualquer Natureza - ISSQN - Dívida Ativa;Lançamento de Receita;54,48;500;Recursos não vinculados de Impostos;1001;Identificação das despesas com manutenção e desenvolvimento do ensino
Pitimbu;201147;Prefeitura Municipal de Pitimbu;032025;2025;11145113;Imposto sobre Serviços de Qualquer Natureza - ISSQN - Dívida Ativa;Lançamento de Receita;54,48;500;Recursos não vinculados de Impostos;1001;Identificação das despesas com manutenção e desenvolvimento do ensino
Pitimbu;201147;Prefeitura Municipal de Pitimbu;032025;2025;11145113;Imposto sobre Serviços de Qualquer Natureza - ISSQN - Dívida Ativa;Lançamento de Receita;32,69;500;Recursos não vinculados de Impostos;1002;Identificação das despesas com ações e serviços públicos de saúde
Pitimbu;201147;Prefeitura Municipal de Pitimbu;032025;2025;11145113;Imposto sobre Serviços de Qualquer Natureza - ISSQN - Dívida Ativa;Lançamento de Receita;130,73;500;Recursos não vinculados de Impostos;"Não ";Não Aplicável
Pitimbu;201147;Prefeitura Municipal de Pitimbu;022025;2025;11145113;Imposto sobre Serviços de Qualquer Natureza - ISSQN - Dívida Ativa;Lançamento de Receita;32,69;500;Recursos não vinculados de Impostos;1002;Identificação das despesas com ações e serviços públicos de saúde
Pitimbu;201147;Prefeitura Municipal de Pitimbu;022025;2025;11145113;Imposto sobre Serviços de Qualquer Natureza - ISSQN - Dívida Ativa;Lançamento de Receita;54,48;500;Recursos não vinculados de Impostos;1001;Identificação das despesas com manutenção e desenvolvimento do ensino
Pitimbu;201147;Prefeitura Municipal de Pitimbu;022025;2025;11145113;Imposto sobre Serviços de Qualquer Natureza - ISSQN - Dívida Ativa;Lançamento de Receita;130,73;500;Recursos não vinculados de Impostos;"Não ";Não Aplicável
Pitimbu;201147;Prefeitura Municipal de Pitimbu;012025;2025;11145113;Imposto sobre Serviços de Qualquer Natureza - ISSQN - Dívida Ativa;Lançamento de Receita;37,33;500;Recursos não vinculados de Impostos;1002;Identificação das despesas com ações e serviços públicos de saúde
Pitimbu;201147;Prefeitura Municipal de Pitimbu;012025;2025;11145113;Imposto sobre Serviços de Qualquer Natureza - ISSQN - Dívida Ativa;Lançamento de Receita;62,22;500;Recursos não vinculados de Impostos;1001;Identificação das despesas com manutenção e desenvolvimento do ensino
Pitimbu;201147;Prefeitura Municipal de Pitimbu;012025;2025;11145113;Imposto sobre Serviços de Qualquer Natureza - ISSQN - Dívida Ativa;Lançamento de Receita;149,34;500;Recursos não vinculados de Impostos;"Não ";Não Aplicável
Pitimbu;201147;Prefeitura Municipal de Pitimbu;122025;2025;11145112;Imposto sobre Serviços de Qualquer Natureza - ISSQN - Multas e Juros de Mora;Lançamento de Receita;196,45;500;Recursos não vinculados de Impostos;1001;Identificação das despesas com manutenção e desenvolvimento do ensino
Pitimbu;201147;Prefeitura Municipal de Pitimbu;122025;2025;11145112;Imposto sobre Serviços de Qualquer Natureza - ISSQN - Multas e Juros de Mora;Lançamento de Receita;117,86;500;Recursos não vinculados de Impostos;1002;Identificação das despesas com ações e serviços públicos de saúde
Pitimbu;201147;Prefeitura Municipal de Pitimbu;122025;2025;11145112;Imposto sobre Serviços de Qualquer Natureza - ISSQN - Multas e Juros de Mora;Lançamento de Receita;2.053,58;500;Recursos não vinculados de Impostos;"Não ";Não Aplicável
Pitimbu;201147;Prefeitura Municipal de Pitimbu;112025;2025;11145112;Imposto sobre Serviços de Qualquer Natureza - ISSQN - Multas e Juros de Mora;Lançamento de Receita;915,19;500;Recursos não vinculados de Impostos;"Não ";Não Aplicável
Pitimbu;201147;Prefeitura Municipal de Pitimbu;112025;2025;11145112;Imposto sobre Serviços de Qualquer Natureza - ISSQN - Multas e Juros de Mora;Lançamento de Receita;60,14;500;Recursos não vinculados de Impostos;1001;Identificação das despesas com manutenção e desenvolvimento do ensino
Pitimbu;201147;Prefeitura Municipal de Pitimbu;112025;2025;11145112;Imposto sobre Serviços de Qualquer Natureza - ISSQN - Multas e Juros de Mora;Lançamento de Receita;36,09;500;Recursos não vinculados de Impostos;1002;Identificação das despesas com ações e serviços públicos de saúde
Pitimbu;201147;Prefeitura Municipal de Pitimbu;102025;2025;11145112;Imposto sobre Serviços de Qualquer Natureza - ISSQN - Multas e Juros de Mora;Lançamento de Receita;46,91;500;Recursos não vinculados de Impostos;"Não ";Não Aplicável
Pitimbu;201147;Prefeitura Municipal de Pitimbu;102025;2025;11145112;Imposto sobre Serviços de Qualquer Natureza - ISSQN - Multas e Juros de Mora;Lançamento de Receita;11,65;500;Recursos não vinculados de Impostos;1002;Identificação das despesas com ações e serviços públicos de saúde
Pitimbu;201147;Prefeitura Municipal de Pitimbu;102025;2025;11145112;Imposto sobre Serviços de Qualquer Natureza - ISSQN - Multas e Juros de Mora;Lançamento de Receita;19,42;500;Recursos não vinculados de Impostos;1001;Identificação das despesas com manutenção e desenvolvimento do ensino
Pitimbu;201147;Prefeitura Municipal de Pitimbu;082025;2025;11145112;Imposto sobre Serviços de Qualquer Natureza - ISSQN - Multas e Juros de Mora;Lançamento de Receita;93,03;500;Recursos não vinculados de Impostos;1001;Identificação das despesas com manutenção e desenvolvimento do ensino
Pitimbu;201147;Prefeitura Municipal de Pitimbu;082025;2025;11145112;Imposto sobre Serviços de Qualquer Natureza - ISSQN - Multas e Juros de Mora;Lançamento de Receita;55,81;500;Recursos não vinculados de Impostos;1002;Identificação das despesas com ações e serviços públicos de saúde
Pitimbu;201147;Prefeitura Municipal de Pitimbu;082025;2025;11145112;Imposto sobre Serviços de Qualquer Natureza - ISSQN - Multas e Juros de Mora;Lançamento de Receita;223,25;500;Recursos não vinculados de Impostos;"Não ";Não Aplicável
Pitimbu;201147;Prefeitura Municipal de Pitimbu;072025;2025;11145112;Imposto sobre Serviços de Qualquer Natureza - ISSQN - Multas e Juros de Mora;Lançamento de Receita;224,66;500;Recursos não vinculados de Impostos;"Não ";Não Aplicável
Pitimbu;201147;Prefeitura Municipal de Pitimbu;062025;2025;11145112;Imposto sobre Serviços de Qualquer Natureza - ISSQN - Multas e Juros de Mora;Lançamento de Receita;5,84;500;Recursos não vinculados de Impostos;1002;Identificação das despesas com ações e serviços públicos de saúde
Pitimbu;201147;Prefeitura Municipal de Pitimbu;062025;2025;11145112;Imposto sobre Serviços de Qualquer Natureza - ISSQN - Multas e Juros de Mora;Lançamento de Receita;23,58;500;Recursos não vinculados de Impostos;"Não ";Não Aplicável
Pitimbu;201147;Prefeitura Municipal de Pitimbu;062025;2025;11145112;Imposto sobre Serviços de Qualquer Natureza - ISSQN - Multas e Juros de Mora;Lançamento de Receita;9,73;500;Recursos não vinculados de Impostos;1001;Identificação das despesas com manutenção e desenvolvimento do ensino
Pitimbu;201147;Prefeitura Municipal de Pitimbu;052025;2025;11145112;Imposto sobre Serviços de Qualquer Natureza - ISSQN - Multas e Juros de Mora;Lançamento de Receita;382,11;500;Recursos não vinculados de Impostos;1002;Identificação das despesas com ações e serviços públicos de saúde
Pitimbu;201147;Prefeitura Municipal de Pitimbu;052025;2025;11145112;Imposto sobre Serviços de Qualquer Natureza - ISSQN - Multas e Juros de Mora;Lançamento de Receita;382,11;500;Recursos não vinculados de Impostos;1001;Identificação das despesas com manutenção e desenvolvimento do ensino
Pitimbu;201147;Prefeitura Municipal de Pitimbu;052025;2025;11145112;Imposto sobre Serviços de Qualquer Natureza - ISSQN - Multas e Juros de Mora;Lançamento de Receita;2.004,75;500;Recursos não vinculados de Impostos;"Não ";Não Aplicável
Pitimbu;201147;Prefeitura Municipal de Pitimbu;042025;2025;11145112;Imposto sobre Serviços de Qualquer Natureza - ISSQN - Multas e Juros de Mora;Lançamento de Receita;1,02;500;Recursos não vinculados de Impostos;1002;Identificação das despesas com ações e serviços públicos de saúde
Pitimbu;201147;Prefeitura Municipal de Pitimbu;042025;2025;11145112;Imposto sobre Serviços de Qualquer Natureza - ISSQN - Multas e Juros de Mora;Lançamento de Receita;4,07;500;Recursos não vinculados de Impostos;"Não ";Não Aplicável
Pitimbu;201147;Prefeitura Municipal de Pitimbu;042025;2025;11145112;Imposto sobre Serviços de Qualquer Natureza - ISSQN - Multas e Juros de Mora;Lançamento de Receita;1,7;500;Recursos não vinculados de Impostos;1001;Identificação das despesas com manutenção e desenvolvimento do ensino
Pitimbu;201147;Prefeitura Municipal de Pitimbu;032025;2025;11145112;Imposto sobre Serviços de Qualquer Natureza - ISSQN - Multas e Juros de Mora;Lançamento de Receita;16,62;500;Recursos não vinculados de Impostos;"Não ";Não Aplicável
Pitimbu;201147;Prefeitura Municipal de Pitimbu;032025;2025;11145112;Imposto sobre Serviços de Qualquer Natureza - ISSQN - Multas e Juros de Mora;Lançamento de Receita;4,16;500;Recursos não vinculados de Impostos;1002;Identificação das despesas com ações e serviços públicos de saúde
Pitimbu;201147;Prefeitura Municipal de Pitimbu;032025;2025;11145112;Imposto sobre Serviços de Qualquer Natureza - ISSQN - Multas e Juros de Mora;Lançamento de Receita;6,94;500;Recursos não vinculados de Impostos;1001;Identificação das despesas com manutenção e desenvolvimento do ensino
Pitimbu;201147;Prefeitura Municipal de Pitimbu;022025;2025;11145112;Imposto sobre Serviços de Qualquer Natureza - ISSQN - Multas e Juros de Mora;Lançamento de Receita;71,31;500;Recursos não vinculados de Impostos;1002;Identificação das despesas com ações e serviços públicos de saúde
Pitimbu;201147;Prefeitura Municipal de Pitimbu;022025;2025;11145112;Imposto sobre Serviços de Qualquer Natureza - ISSQN - Multas e Juros de Mora;Lançamento de Receita;346,45;500;Recursos não vinculados de Impostos;"Não ";Não Aplicável
Pitimbu;201147;Prefeitura Municipal de Pitimbu;022025;2025;11145112;Imposto sobre Serviços de Qualquer Natureza - ISSQN - Multas e Juros de Mora;Lançamento de Receita;118,86;500;Recursos não vinculados de Impostos;1001;Identificação das despesas com manutenção e desenvolvimento do ensino
Pitimbu;201147;Prefeitura Municipal de Pitimbu;012025;2025;11145112;Imposto sobre Serviços de Qualquer Natureza - ISSQN - Multas e Juros de Mora;Lançamento de Receita;64,81;500;Recursos não vinculados de Impostos;1002;Identificação das despesas com ações e serviços públicos de saúde
Pitimbu;201147;Prefeitura Municipal de Pitimbu;012025;2025;11145112;Imposto sobre Serviços de Qualquer Natureza - ISSQN - Multas e Juros de Mora;Lançamento de Receita;285,23;500;Recursos não vinculados de Impostos;"Não ";Não Aplicável
Pitimbu;201147;Prefeitura Municipal de Pitimbu;012025;2025;11145112;Imposto sobre Serviços de Qualquer Natureza - ISSQN - Multas e Juros de Mora;Lançamento de Receita;108,02;500;Recursos não vinculados de Impostos;1001;Identificação das despesas com manutenção e desenvolvimento do ensino
Pitimbu;201147;Prefeitura Municipal de Pitimbu;122025;2025;11145111;Imposto sobre Serviços de Qualquer Natureza - ISSQN - Principal;Lançamento de Receita;382.832,81;500;Recursos não vinculados de Impostos;"Não ";Não Aplicável
Pitimbu;201147;Prefeitura Municipal de Pitimbu;122025;2025;11145111;Imposto sobre Serviços de Qualquer Natureza - ISSQN - Principal;Lançamento de Receita;78.738,71;500;Recursos não vinculados de Impostos;1001;Identificação das despesas com manutenção e desenvolvimento do ensino
Pitimbu;201147;Prefeitura Municipal de Pitimbu;122025;2025;11145111;Imposto sobre Serviços de Qualquer Natureza - ISSQN - Principal;Lançamento de Receita;47.185,52;500;Recursos não vinculados de Impostos;1002;Identificação das despesas com ações e serviços públicos de saúde
Pitimbu;201147;Prefeitura Municipal de Pitimbu;112025;2025;11145111;Imposto sobre Serviços de Qualquer Natureza - ISSQN - Principal;Lançamento de Receita;37.668,32;500;Recursos não vinculados de Impostos;1001;Identificação das despesas com manutenção e desenvolvimento do ensino
Pitimbu;201147;Prefeitura Municipal de Pitimbu;112025;2025;11145111;Imposto sobre Serviços de Qualquer Natureza - ISSQN - Principal;Lançamento de Receita;187.098,88;500;Recursos não vinculados de Impostos;"Não ";Não Aplicável
Pitimbu;201147;Prefeitura Municipal de Pitimbu;112025;2025;11145111;Imposto sobre Serviços de Qualquer Natureza - ISSQN - Principal;Lançamento de Receita;22.600,99;500;Recursos não vinculados de Impostos;1002;Identificação das despesas com ações e serviços públicos de saúde
Pitimbu;201147;Prefeitura Municipal de Pitimbu;102025;2025;11145111;Imposto sobre Serviços de Qualquer Natureza - ISSQN - Principal;Lançamento de Receita;29.716,99;500;Recursos não vinculados de Impostos;1001;Identificação das despesas com manutenção e desenvolvimento do ensino
Pitimbu;201147;Prefeitura Municipal de Pitimbu;102025;2025;11145111;Imposto sobre Serviços de Qualquer Natureza - ISSQN - Principal;Lançamento de Receita;17.830,21;500;Recursos não vinculados de Impostos;1002;Identificação das despesas com ações e serviços públicos de saúde
Pitimbu;201147;Prefeitura Municipal de Pitimbu;102025;2025;11145111;Imposto sobre Serviços de Qualquer Natureza - ISSQN - Principal;Lançamento de Receita;98.865,17;500;Recursos não vinculados de Impostos;"Não ";Não Aplicável
Pitimbu;201147;Prefeitura Municipal de Pitimbu;092025;2025;11145111;Imposto sobre Serviços de Qualquer Natureza - ISSQN - Principal;Lançamento de Receita;3.475,94;500;Recursos não vinculados de Impostos;1001;Identificação das despesas com manutenção e desenvolvimento do ensino
Pitimbu;201147;Prefeitura Municipal de Pitimbu;092025;2025;11145111;Imposto sobre Serviços de Qualquer Natureza - ISSQN - Principal;Lançamento de Receita;2.613,23;500;Recursos não vinculados de Impostos;1002;Identificação das despesas com ações e serviços públicos de saúde
Pitimbu;201147;Prefeitura Municipal de Pitimbu;092025;2025;11145111;Imposto sobre Serviços de Qualquer Natureza - ISSQN - Principal;Lançamento de Receita;183.705,66;500;Recursos não vinculados de Impostos;"Não ";Não Aplicável
Pitimbu;201147;Prefeitura Municipal de Pitimbu;082025;2025;11145111;Imposto sobre Serviços de Qualquer Natureza - ISSQN - Principal;Lançamento de Receita;32.443,67;500;Recursos não vinculados de Impostos;1002;Identificação das despesas com ações e serviços públicos de saúde
Pitimbu;201147;Prefeitura Municipal de Pitimbu;082025;2025;11145111;Imposto sobre Serviços de Qualquer Natureza - ISSQN - Principal;Lançamento de Receita;162.585,4;500;Recursos não vinculados de Impostos;"Não ";Não Aplicável
Pitimbu;201147;Prefeitura Municipal de Pitimbu;082025;2025;11145111;Imposto sobre Serviços de Qualquer Natureza - ISSQN - Principal;Lançamento de Receita;54.072,79;500;Recursos não vinculados de Impostos;1001;Identificação das despesas com manutenção e desenvolvimento do ensino
Pitimbu;201147;Prefeitura Municipal de Pitimbu;072025;2025;11145111;Imposto sobre Serviços de Qualquer Natureza - ISSQN - Principal;Lançamento de Receita;61.695,12;500;Recursos não vinculados de Impostos;1001;Identificação das despesas com manutenção e desenvolvimento do ensino
Pitimbu;201147;Prefeitura Municipal de Pitimbu;072025;2025;11145111;Imposto sobre Serviços de Qualquer Natureza - ISSQN - Principal;Lançamento de Receita;160.555,96;500;Recursos não vinculados de Impostos;"Não ";Não Aplicável
Pitimbu;201147;Prefeitura Municipal de Pitimbu;072025;2025;11145111;Imposto sobre Serviços de Qualquer Natureza - ISSQN - Principal;Lançamento de Receita;25.771,57;500;Recursos não vinculados de Impostos;1002;Identificação das despesas com ações e serviços públicos de saúde
Pitimbu;201147;Prefeitura Municipal de Pitimbu;062025;2025;11145111;Imposto sobre Serviços de Qualquer Natureza - ISSQN - Principal;Dedução do Fundeb;0;500;Recursos não vinculados de Impostos;"Não ";Não Aplicável
Pitimbu;201147;Prefeitura Municipal de Pitimbu;062025;2025;11145111;Imposto sobre Serviços de Qualquer Natureza - ISSQN - Principal;Lançamento de Receita;92.151,91;500;Recursos não vinculados de Impostos;1002;Identificação das despesas com ações e serviços públicos de saúde
Pitimbu;201147;Prefeitura Municipal de Pitimbu;062025;2025;11145111;Imposto sobre Serviços de Qualquer Natureza - ISSQN - Principal;Lançamento de Receita;378.774,31;500;Recursos não vinculados de Impostos;"Não ";Não Aplicável
Pitimbu;201147;Prefeitura Municipal de Pitimbu;062025;2025;11145111;Imposto sobre Serviços de Qualquer Natureza - ISSQN - Principal;Lançamento de Receita;153.586,52;500;Recursos não vinculados de Impostos;1001;Identificação das despesas com manutenção e desenvolvimento do ensino
Pitimbu;201147;Prefeitura Municipal de Pitimbu;052025;2025;11145111;Imposto sobre Serviços de Qualquer Natureza - ISSQN - Principal;Lançamento de Receita;42.518,22;500;Recursos não vinculados de Impostos;1002;Identificação das despesas com ações e serviços públicos de saúde
Pitimbu;201147;Prefeitura Municipal de Pitimbu;052025;2025;11145111;Imposto sobre Serviços de Qualquer Natureza - ISSQN - Principal;Lançamento de Receita;42.904,98;500;Recursos não vinculados de Impostos;1001;Identificação das despesas com manutenção e desenvolvimento do ensino
Pitimbu;201147;Prefeitura Municipal de Pitimbu;052025;2025;11145111;Imposto sobre Serviços de Qualquer Natureza - ISSQN - Principal;Lançamento de Receita;223.874,61;500;Recursos não vinculados de Impostos;"Não ";Não Aplicável
Pitimbu;201147;Prefeitura Municipal de Pitimbu;042025;2025;11145111;Imposto sobre Serviços de Qualquer Natureza - ISSQN - Principal;Lançamento de Receita;31.192,09;500;Recursos não vinculados de Impostos;1002;Identificação das despesas com ações e serviços públicos de saúde
Pitimbu;201147;Prefeitura Municipal de Pitimbu;042025;2025;11145111;Imposto sobre Serviços de Qualquer Natureza - ISSQN - Principal;Lançamento de Receita;50.129,67;500;Recursos não vinculados de Impostos;1001;Identificação das despesas com manutenção e desenvolvimento do ensino
Pitimbu;201147;Prefeitura Municipal de Pitimbu;042025;2025;11145111;Imposto sobre Serviços de Qualquer Natureza - ISSQN - Principal;Lançamento de Receita;134.273,21;500;Recursos não vinculados de Impostos;"Não ";Não Aplicável
Pitimbu;201147;Prefeitura Municipal de Pitimbu;032025;2025;11145111;Imposto sobre Serviços de Qualquer Natureza - ISSQN - Principal;Lançamento de Receita;21.724,17;500;Recursos não vinculados de Impostos;1001;Identificação das despesas com manutenção e desenvolvimento do ensino
Pitimbu;201147;Prefeitura Municipal de Pitimbu;032025;2025;11145111;Imposto sobre Serviços de Qualquer Natureza - ISSQN - Principal;Lançamento de Receita;12.944,48;500;Recursos não vinculados de Impostos;1002;Identificação das despesas com ações e serviços públicos de saúde
Pitimbu;201147;Prefeitura Municipal de Pitimbu;032025;2025;11145111;Imposto sobre Serviços de Qualquer Natureza - ISSQN - Principal;Lançamento de Receita;110.454,3;500;Recursos não vinculados de Impostos;"Não ";Não Aplicável
Pitimbu;201147;Prefeitura Municipal de Pitimbu;022025;2025;11145111;Imposto sobre Serviços de Qualquer Natureza - ISSQN - Principal;Lançamento de Receita;163.408,91;500;Recursos não vinculados de Impostos;"Não ";Não Aplicável
Pitimbu;201147;Prefeitura Municipal de Pitimbu;022025;2025;11145111;Imposto sobre Serviços de Qualquer Natureza - ISSQN - Principal;Lançamento de Receita;37.714,85;500;Recursos não vinculados de Impostos;1001;Identificação das despesas com manutenção e desenvolvimento do ensino
Pitimbu;201147;Prefeitura Municipal de Pitimbu;022025;2025;11145111;Imposto sobre Serviços de Qualquer Natureza - ISSQN - Principal;Lançamento de Receita;22.553,51;500;Recursos não vinculados de Impostos;1002;Identificação das despesas com ações e serviços públicos de saúde
Pitimbu;201147;Prefeitura Municipal de Pitimbu;012025;2025;11145111;Imposto sobre Serviços de Qualquer Natureza - ISSQN - Principal;Lançamento de Receita;145.799,76;500;Recursos não vinculados de Impostos;"Não ";Não Aplicável
Pitimbu;201147;Prefeitura Municipal de Pitimbu;012025;2025;11145111;Imposto sobre Serviços de Qualquer Natureza - ISSQN - Principal;Lançamento de Receita;32.078,54;500;Recursos não vinculados de Impostos;1002;Identificação das despesas com ações e serviços públicos de saúde
Pitimbu;201147;Prefeitura Municipal de Pitimbu;012025;2025;11145111;Imposto sobre Serviços de Qualquer Natureza - ISSQN - Principal;Lançamento de Receita;53.464,27;500;Recursos não vinculados de Impostos;1001;Identificação das despesas com manutenção e desenvolvimento do ensino
Pitimbu;201147;Prefeitura Municipal de Pitimbu;122025;2025;11130311;Imposto sobre a Renda - Retido na Fonte - Trabalho - Principal;Lançamento de Receita;15.450,28;500;Recursos não vinculados de Impostos;1001;Identificação das despesas com manutenção e desenvolvimento do ensino
Pitimbu;201147;Prefeitura Municipal de Pitimbu;122025;2025;11130311;Imposto sobre a Renda - Retido na Fonte - Trabalho - Principal;Lançamento de Receita;3.256,31;500;Recursos não vinculados de Impostos;1002;Identificação das despesas com ações e serviços públicos de saúde
Pitimbu;201147;Prefeitura Municipal de Pitimbu;122025;2025;11130311;Imposto sobre a Renda - Retido na Fonte - Trabalho - Principal;Lançamento de Receita;266.197,17;500;Recursos não vinculados de Impostos;"Não ";Não Aplicável
Pitimbu;201147;Prefeitura Municipal de Pitimbu;112025;2025;11130311;Imposto sobre a Renda - Retido na Fonte - Trabalho - Principal;Lançamento de Receita;7.103,38;500;Recursos não vinculados de Impostos;1001;Identificação das despesas com manutenção e desenvolvimento do ensino
Pitimbu;201147;Prefeitura Municipal de Pitimbu;112025;2025;11130311;Imposto sobre a Renda - Retido na Fonte - Trabalho - Principal;Lançamento de Receita;53,5;500;Recursos não vinculados de Impostos;1002;Identificação das despesas com ações e serviços públicos de saúde
Pitimbu;201147;Prefeitura Municipal de Pitimbu;112025;2025;11130311;Imposto sobre a Renda - Retido na Fonte - Trabalho - Principal;Lançamento de Receita;165.293,72;500;Recursos não vinculados de Impostos;"Não ";Não Aplicável
Pitimbu;201147;Prefeitura Municipal de Pitimbu;102025;2025;11130311;Imposto sobre a Renda - Retido na Fonte - Trabalho - Principal;Lançamento de Receita;158.043,41;500;Recursos não vinculados de Impostos;"Não ";Não Aplicável
Pitimbu;201147;Prefeitura Municipal de Pitimbu;102025;2025;11130311;Imposto sobre a Renda - Retido na Fonte - Trabalho - Principal;Lançamento de Receita;2.459,21;500;Recursos não vinculados de Impostos;1002;Identificação das despesas com ações e serviços públicos de saúde
Pitimbu;201147;Prefeitura Municipal de Pitimbu;102025;2025;11130311;Imposto sobre a Renda - Retido na Fonte - Trabalho - Principal;Lançamento de Receita;14.706,74;500;Recursos não vinculados de Impostos;1001;Identificação das despesas com manutenção e desenvolvimento do ensino
Pitimbu;201147;Prefeitura Municipal de Pitimbu;092025;2025;11130311;Imposto sobre a Renda - Retido na Fonte - Trabalho - Principal;Lançamento de Receita;4.448,89;500;Recursos não vinculados de Impostos;1002;Identificação das despesas com ações e serviços públicos de saúde
Pitimbu;201147;Prefeitura Municipal de Pitimbu;092025;2025;11130311;Imposto sobre a Renda - Retido na Fonte - Trabalho - Principal;Lançamento de Receita;7.472,47;500;Recursos não vinculados de Impostos;1001;Identificação das despesas com manutenção e desenvolvimento do ensino
Pitimbu;201147;Prefeitura Municipal de Pitimbu;092025;2025;11130311;Imposto sobre a Renda - Retido na Fonte - Trabalho - Principal;Lançamento de Receita;127.942,76;500;Recursos não vinculados de Impostos;"Não ";Não Aplicável
Pitimbu;201147;Prefeitura Municipal de Pitimbu;082025;2025;11130311;Imposto sobre a Renda - Retido na Fonte - Trabalho - Principal;Lançamento de Receita;6.489,51;500;Recursos não vinculados de Impostos;1002;Identificação das despesas com ações e serviços públicos de saúde
Pitimbu;201147;Prefeitura Municipal de Pitimbu;082025;2025;11130311;Imposto sobre a Renda - Retido na Fonte - Trabalho - Principal;Lançamento de Receita;10.873,5;500;Recursos não vinculados de Impostos;1001;Identificação das despesas com manutenção e desenvolvimento do ensino
Pitimbu;201147;Prefeitura Municipal de Pitimbu;082025;2025;11130311;Imposto sobre a Renda - Retido na Fonte - Trabalho - Principal;Lançamento de Receita;139.308,66;500;Recursos não vinculados de Impostos;"Não ";Não Aplicável
Pitimbu;201147;Prefeitura Municipal de Pitimbu;072025;2025;11130311;Imposto sobre a Renda - Retido na Fonte - Trabalho - Principal;Lançamento de Receita;3.076,55;500;Recursos não vinculados de Impostos;1002;Identificação das despesas com ações e serviços públicos de saúde
Pitimbu;201147;Prefeitura Municipal de Pitimbu;072025;2025;11130311;Imposto sobre a Renda - Retido na Fonte - Trabalho - Principal;Lançamento de Receita;129.775,69;500;Recursos não vinculados de Impostos;"Não ";Não Aplicável
Pitimbu;201147;Prefeitura Municipal de Pitimbu;072025;2025;11130311;Imposto sobre a Renda - Retido na Fonte - Trabalho - Principal;Lançamento de Receita;23.166,5;500;Recursos não vinculados de Impostos;1001;Identificação das despesas com manutenção e desenvolvimento do ensino
Pitimbu;201147;Prefeitura Municipal de Pitimbu;062025;2025;11130311;Imposto sobre a Renda - Retido na Fonte - Trabalho - Principal;Lançamento de Receita;3.572,73;500;Recursos não vinculados de Impostos;1002;Identificação das despesas com ações e serviços públicos de saúde
Pitimbu;201147;Prefeitura Municipal de Pitimbu;062025;2025;11130311;Imposto sobre a Renda - Retido na Fonte - Trabalho - Principal;Lançamento de Receita;5.994,31;500;Recursos não vinculados de Impostos;1001;Identificação das despesas com manutenção e desenvolvimento do ensino
Pitimbu;201147;Prefeitura Municipal de Pitimbu;062025;2025;11130311;Imposto sobre a Renda - Retido na Fonte - Trabalho - Principal;Lançamento de Receita;149.051,05;500;Recursos não vinculados de Impostos;"Não ";Não Aplicável
Pitimbu;201147;Prefeitura Municipal de Pitimbu;052025;2025;11130311;Imposto sobre a Renda - Retido na Fonte - Trabalho - Principal;Lançamento de Receita;136.819,34;500;Recursos não vinculados de Impostos;"Não ";Não Aplicável
Pitimbu;201147;Prefeitura Municipal de Pitimbu;052025;2025;11130311;Imposto sobre a Renda - Retido na Fonte - Trabalho - Principal;Lançamento de Receita;2.890,63;500;Recursos não vinculados de Impostos;1002;Identificação das despesas com ações e serviços públicos de saúde
Pitimbu;201147;Prefeitura Municipal de Pitimbu;052025;2025;11130311;Imposto sobre a Renda - Retido na Fonte - Trabalho - Principal;Lançamento de Receita;4.857,48;500;Recursos não vinculados de Impostos;1001;Identificação das despesas com manutenção e desenvolvimento do ensino
Pitimbu;201147;Prefeitura Municipal de Pitimbu;042025;2025;11130311;Imposto sobre a Renda - Retido na Fonte - Trabalho - Principal;Lançamento de Receita;2.951,96;500;Recursos não vinculados de Impostos;1001;Identificação das despesas com manutenção e desenvolvimento do ensino
Pitimbu;201147;Prefeitura Municipal de Pitimbu;042025;2025;11130311;Imposto sobre a Renda - Retido na Fonte - Trabalho - Principal;Lançamento de Receita;2.893,12;500;Recursos não vinculados de Impostos;1002;Identificação das despesas com ações e serviços públicos de saúde
Pitimbu;201147;Prefeitura Municipal de Pitimbu;042025;2025;11130311;Imposto sobre a Renda - Retido na Fonte - Trabalho - Principal;Lançamento de Receita;170.579,22;500;Recursos não vinculados de Impostos;"Não ";Não Aplicável
Pitimbu;201147;Prefeitura Municipal de Pitimbu;032025;2025;11130311;Imposto sobre a Renda - Retido na Fonte - Trabalho - Principal;Lançamento de Receita;8.937,51;500;Recursos não vinculados de Impostos;1001;Identificação das despesas com manutenção e desenvolvimento do ensino
Pitimbu;201147;Prefeitura Municipal de Pitimbu;032025;2025;11130311;Imposto sobre a Renda - Retido na Fonte - Trabalho - Principal;Lançamento de Receita;5.327,2;500;Recursos não vinculados de Impostos;1002;Identificação das despesas com ações e serviços públicos de saúde
Pitimbu;201147;Prefeitura Municipal de Pitimbu;032025;2025;11130311;Imposto sobre a Renda - Retido na Fonte - Trabalho - Principal;Lançamento de Receita;119.694,82;500;Recursos não vinculados de Impostos;"Não ";Não Aplicável
Pitimbu;201147;Prefeitura Municipal de Pitimbu;022025;2025;11130311;Imposto sobre a Renda - Retido na Fonte - Trabalho - Principal;Lançamento de Receita;104.550,36;500;Recursos não vinculados de Impostos;"Não ";Não Aplicável
Pitimbu;201147;Prefeitura Municipal de Pitimbu;012025;2025;11130311;Imposto sobre a Renda - Retido na Fonte - Trabalho - Principal;Lançamento de Receita;2.849,11;500;Recursos não vinculados de Impostos;1002;Identificação das despesas com ações e serviços públicos de saúde
Pitimbu;201147;Prefeitura Municipal de Pitimbu;012025;2025;11130311;Imposto sobre a Renda - Retido na Fonte - Trabalho - Principal;Lançamento de Receita;172.183,63;500;Recursos não vinculados de Impostos;"Não ";Não Aplicável
Pitimbu;201147;Prefeitura Municipal de Pitimbu;012025;2025;11130311;Imposto sobre a Renda - Retido na Fonte - Trabalho - Principal;Lançamento de Receita;4.999;500;Recursos não vinculados de Impostos;1001;Identificação das despesas com manutenção e desenvolvimento do ensino
Pitimbu;201147;Prefeitura Municipal de Pitimbu;122025;2025;11125304;"Impostos sobre Transmissão ""Inter Vivos"" de Bens Imóveis e de Direitos Reais sobre Imóveis - Dívida Ativa - Multas e Juros de Mora da Dívida Ativa";Lançamento de Receita;9.239,56;500;Recursos não vinculados de Impostos;"Não ";Não Aplicável
Pitimbu;201147;Prefeitura Municipal de Pitimbu;092025;2025;11125304;"Impostos sobre Transmissão ""Inter Vivos"" de Bens Imóveis e de Direitos Reais sobre Imóveis - Dívida Ativa - Multas e Juros de Mora da Dívida Ativa";Lançamento de Receita;9.494,54;500;Recursos não vinculados de Impostos;"Não ";Não Aplicável
Pitimbu;201147;Prefeitura Municipal de Pitimbu;072025;2025;11125304;"Impostos sobre Transmissão ""Inter Vivos"" de Bens Imóveis e de Direitos Reais sobre Imóveis - Dívida Ativa - Multas e Juros de Mora da Dívida Ativa";Lançamento de Receita;5.538,44;500;Recursos não vinculados de Impostos;"Não ";Não Aplicável
Pitimbu;201147;Prefeitura Municipal de Pitimbu;122025;2025;11125302;"Impostos sobre Transmissão ""Inter Vivos"" de Bens Imóveis e de Direitos Reais sobre Imóveis - Multas e Juros de Mora";Lançamento de Receita;269,99;500;Recursos não vinculados de Impostos;"Não ";Não Aplicável
Pitimbu;201147;Prefeitura Municipal de Pitimbu;102025;2025;11125302;"Impostos sobre Transmissão ""Inter Vivos"" de Bens Imóveis e de Direitos Reais sobre Imóveis - Multas e Juros de Mora";Lançamento de Receita;347,59;500;Recursos não vinculados de Impostos;"Não ";Não Aplicável
Pitimbu;201147;Prefeitura Municipal de Pitimbu;092025;2025;11125302;"Impostos sobre Transmissão ""Inter Vivos"" de Bens Imóveis e de Direitos Reais sobre Imóveis - Multas e Juros de Mora";Lançamento de Receita;5.184,63;500;Recursos não vinculados de Impostos;"Não ";Não Aplicável
Pitimbu;201147;Prefeitura Municipal de Pitimbu;092025;2025;11125302;"Impostos sobre Transmissão ""Inter Vivos"" de Bens Imóveis e de Direitos Reais sobre Imóveis - Multas e Juros de Mora";Lançamento de Receita;8,19;500;Recursos não vinculados de Impostos;1002;Identificação das despesas com ações e serviços públicos de saúde
Pitimbu;201147;Prefeitura Municipal de Pitimbu;092025;2025;11125302;"Impostos sobre Transmissão ""Inter Vivos"" de Bens Imóveis e de Direitos Reais sobre Imóveis - Multas e Juros de Mora";Lançamento de Receita;13,66;500;Recursos não vinculados de Impostos;1001;Identificação das despesas com manutenção e desenvolvimento do ensino
Pitimbu;201147;Prefeitura Municipal de Pitimbu;082025;2025;11125302;"Impostos sobre Transmissão ""Inter Vivos"" de Bens Imóveis e de Direitos Reais sobre Imóveis - Multas e Juros de Mora";Lançamento de Receita;744,22;500;Recursos não vinculados de Impostos;"Não ";Não Aplicável
Pitimbu;201147;Prefeitura Municipal de Pitimbu;082025;2025;11125302;"Impostos sobre Transmissão ""Inter Vivos"" de Bens Imóveis e de Direitos Reais sobre Imóveis - Multas e Juros de Mora";Lançamento de Receita;122,28;500;Recursos não vinculados de Impostos;1002;Identificação das despesas com ações e serviços públicos de saúde
Pitimbu;201147;Prefeitura Municipal de Pitimbu;082025;2025;11125302;"Impostos sobre Transmissão ""Inter Vivos"" de Bens Imóveis e de Direitos Reais sobre Imóveis - Multas e Juros de Mora";Lançamento de Receita;203,81;500;Recursos não vinculados de Impostos;1001;Identificação das despesas com manutenção e desenvolvimento do ensino
Pitimbu;201147;Prefeitura Municipal de Pitimbu;072025;2025;11125302;"Impostos sobre Transmissão ""Inter Vivos"" de Bens Imóveis e de Direitos Reais sobre Imóveis - Multas e Juros de Mora";Lançamento de Receita;49,21;500;Recursos não vinculados de Impostos;1001;Identificação das despesas com manutenção e desenvolvimento do ensino
Pitimbu;201147;Prefeitura Municipal de Pitimbu;072025;2025;11125302;"Impostos sobre Transmissão ""Inter Vivos"" de Bens Imóveis e de Direitos Reais sobre Imóveis - Multas e Juros de Mora";Lançamento de Receita;118,1;500;Recursos não vinculados de Impostos;"Não ";Não Aplicável
Pitimbu;201147;Prefeitura Municipal de Pitimbu;072025;2025;11125302;"Impostos sobre Transmissão ""Inter Vivos"" de Bens Imóveis e de Direitos Reais sobre Imóveis - Multas e Juros de Mora";Lançamento de Receita;29,53;500;Recursos não vinculados de Impostos;1002;Identificação das despesas com ações e serviços públicos de saúde
Pitimbu;201147;Prefeitura Municipal de Pitimbu;062025;2025;11125302;"Impostos sobre Transmissão ""Inter Vivos"" de Bens Imóveis e de Direitos Reais sobre Imóveis - Multas e Juros de Mora";Lançamento de Receita;1.479,71;500;Recursos não vinculados de Impostos;1001;Identificação das despesas com manutenção e desenvolvimento do ensino
Pitimbu;201147;Prefeitura Municipal de Pitimbu;062025;2025;11125302;"Impostos sobre Transmissão ""Inter Vivos"" de Bens Imóveis e de Direitos Reais sobre Imóveis - Multas e Juros de Mora";Lançamento de Receita;887,82;500;Recursos não vinculados de Impostos;1002;Identificação das despesas com ações e serviços públicos de saúde
Pitimbu;201147;Prefeitura Municipal de Pitimbu;062025;2025;11125302;"Impostos sobre Transmissão ""Inter Vivos"" de Bens Imóveis e de Direitos Reais sobre Imóveis - Multas e Juros de Mora";Lançamento de Receita;3.551,29;500;Recursos não vinculados de Impostos;"Não ";Não Aplicável
Pitimbu;201147;Prefeitura Municipal de Pitimbu;052025;2025;11125302;"Impostos sobre Transmissão ""Inter Vivos"" de Bens Imóveis e de Direitos Reais sobre Imóveis - Multas e Juros de Mora";Lançamento de Receita;116,74;500;Recursos não vinculados de Impostos;"Não ";Não Aplicável
Pitimbu;201147;Prefeitura Municipal de Pitimbu;052025;2025;11125302;"Impostos sobre Transmissão ""Inter Vivos"" de Bens Imóveis e de Direitos Reais sobre Imóveis - Multas e Juros de Mora";Lançamento de Receita;9,69;500;Recursos não vinculados de Impostos;1002;Identificação das despesas com ações e serviços públicos de saúde
Pitimbu;201147;Prefeitura Municipal de Pitimbu;052025;2025;11125302;"Impostos sobre Transmissão ""Inter Vivos"" de Bens Imóveis e de Direitos Reais sobre Imóveis - Multas e Juros de Mora";Lançamento de Receita;9,69;500;Recursos não vinculados de Impostos;1001;Identificação das despesas com manutenção e desenvolvimento do ensino
Pitimbu;201147;Prefeitura Municipal de Pitimbu;022025;2025;11125302;"Impostos sobre Transmissão ""Inter Vivos"" de Bens Imóveis e de Direitos Reais sobre Imóveis - Multas e Juros de Mora";Lançamento de Receita;26.574,07;500;Recursos não vinculados de Impostos;"Não ";Não Aplicável
Pitimbu;201147;Prefeitura Municipal de Pitimbu;122025;2025;11125301;"Impostos sobre Transmissão ""Inter Vivos"" de Bens Imóveis e de Direitos Reais sobre Imóveis - Principal";Lançamento de Receita;85.720,57;500;Recursos não vinculados de Impostos;"Não ";Não Aplicável
Pitimbu;201147;Prefeitura Municipal de Pitimbu;122025;2025;11125301;"Impostos sobre Transmissão ""Inter Vivos"" de Bens Imóveis e de Direitos Reais sobre Imóveis - Principal";Lançamento de Receita;14.319,96;500;Recursos não vinculados de Impostos;1001;Identificação das despesas com manutenção e desenvolvimento do ensino
Pitimbu;201147;Prefeitura Municipal de Pitimbu;122025;2025;11125301;"Impostos sobre Transmissão ""Inter Vivos"" de Bens Imóveis e de Direitos Reais sobre Imóveis - Principal";Lançamento de Receita;8.591,96;500;Recursos não vinculados de Impostos;1002;Identificação das despesas com ações e serviços públicos de saúde
Pitimbu;201147;Prefeitura Municipal de Pitimbu;112025;2025;11125301;"Impostos sobre Transmissão ""Inter Vivos"" de Bens Imóveis e de Direitos Reais sobre Imóveis - Principal";Lançamento de Receita;65.714,97;500;Recursos não vinculados de Impostos;"Não ";Não Aplicável
Pitimbu;201147;Prefeitura Municipal de Pitimbu;112025;2025;11125301;"Impostos sobre Transmissão ""Inter Vivos"" de Bens Imóveis e de Direitos Reais sobre Imóveis - Principal";Lançamento de Receita;4.010,76;500;Recursos não vinculados de Impostos;1002;Identificação das despesas com ações e serviços públicos de saúde
Pitimbu;201147;Prefeitura Municipal de Pitimbu;112025;2025;11125301;"Impostos sobre Transmissão ""Inter Vivos"" de Bens Imóveis e de Direitos Reais sobre Imóveis - Principal";Lançamento de Receita;6.684,6;500;Recursos não vinculados de Impostos;1001;Identificação das despesas com manutenção e desenvolvimento do ensino
Pitimbu;201147;Prefeitura Municipal de Pitimbu;102025;2025;11125301;"Impostos sobre Transmissão ""Inter Vivos"" de Bens Imóveis e de Direitos Reais sobre Imóveis - Principal";Lançamento de Receita;6.864,8;500;Recursos não vinculados de Impostos;1002;Identificação das despesas com ações e serviços públicos de saúde
Pitimbu;201147;Prefeitura Municipal de Pitimbu;102025;2025;11125301;"Impostos sobre Transmissão ""Inter Vivos"" de Bens Imóveis e de Direitos Reais sobre Imóveis - Principal";Lançamento de Receita;11.441,32;500;Recursos não vinculados de Impostos;1001;Identificação das despesas com manutenção e desenvolvimento do ensino
Pitimbu;201147;Prefeitura Municipal de Pitimbu;102025;2025;11125301;"Impostos sobre Transmissão ""Inter Vivos"" de Bens Imóveis e de Direitos Reais sobre Imóveis - Principal";Lançamento de Receita;41.567,42;500;Recursos não vinculados de Impostos;"Não ";Não Aplicável
Pitimbu;201147;Prefeitura Municipal de Pitimbu;092025;2025;11125301;"Impostos sobre Transmissão ""Inter Vivos"" de Bens Imóveis e de Direitos Reais sobre Imóveis - Principal";Lançamento de Receita;67.089,88;500;Recursos não vinculados de Impostos;"Não ";Não Aplicável
Pitimbu;201147;Prefeitura Municipal de Pitimbu;092025;2025;11125301;"Impostos sobre Transmissão ""Inter Vivos"" de Bens Imóveis e de Direitos Reais sobre Imóveis - Principal";Lançamento de Receita;1.481,12;500;Recursos não vinculados de Impostos;1002;Identificação das despesas com ações e serviços públicos de saúde
Pitimbu;201147;Prefeitura Municipal de Pitimbu;092025;2025;11125301;"Impostos sobre Transmissão ""Inter Vivos"" de Bens Imóveis e de Direitos Reais sobre Imóveis - Principal";Lançamento de Receita;2.468,54;500;Recursos não vinculados de Impostos;1001;Identificação das despesas com manutenção e desenvolvimento do ensino
Pitimbu;201147;Prefeitura Municipal de Pitimbu;082025;2025;11125301;"Impostos sobre Transmissão ""Inter Vivos"" de Bens Imóveis e de Direitos Reais sobre Imóveis - Principal";Lançamento de Receita;14.907,31;500;Recursos não vinculados de Impostos;1002;Identificação das despesas com ações e serviços públicos de saúde
Pitimbu;201147;Prefeitura Municipal de Pitimbu;082025;2025;11125301;"Impostos sobre Transmissão ""Inter Vivos"" de Bens Imóveis e de Direitos Reais sobre Imóveis - Principal";Lançamento de Receita;24.845,57;500;Recursos não vinculados de Impostos;1001;Identificação das despesas com manutenção e desenvolvimento do ensino
Pitimbu;201147;Prefeitura Municipal de Pitimbu;082025;2025;11125301;"Impostos sobre Transmissão ""Inter Vivos"" de Bens Imóveis e de Direitos Reais sobre Imóveis - Principal";Lançamento de Receita;73.605,85;500;Recursos não vinculados de Impostos;"Não ";Não Aplicável
Pitimbu;201147;Prefeitura Municipal de Pitimbu;072025;2025;11125301;"Impostos sobre Transmissão ""Inter Vivos"" de Bens Imóveis e de Direitos Reais sobre Imóveis - Principal";Lançamento de Receita;49.707,4;500;Recursos não vinculados de Impostos;"Não ";Não Aplicável
Pitimbu;201147;Prefeitura Municipal de Pitimbu;072025;2025;11125301;"Impostos sobre Transmissão ""Inter Vivos"" de Bens Imóveis e de Direitos Reais sobre Imóveis - Principal";Lançamento de Receita;8.695,75;500;Recursos não vinculados de Impostos;1002;Identificação das despesas com ações e serviços públicos de saúde
Pitimbu;201147;Prefeitura Municipal de Pitimbu;072025;2025;11125301;"Impostos sobre Transmissão ""Inter Vivos"" de Bens Imóveis e de Direitos Reais sobre Imóveis - Principal";Lançamento de Receita;14.492,93;500;Recursos não vinculados de Impostos;1001;Identificação das despesas com manutenção e desenvolvimento do ensino
Pitimbu;201147;Prefeitura Municipal de Pitimbu;062025;2025;11125301;"Impostos sobre Transmissão ""Inter Vivos"" de Bens Imóveis e de Direitos Reais sobre Imóveis - Principal";Lançamento de Receita;86.680,92;500;Recursos não vinculados de Impostos;"Não ";Não Aplicável
Pitimbu;201147;Prefeitura Municipal de Pitimbu;062025;2025;11125301;"Impostos sobre Transmissão ""Inter Vivos"" de Bens Imóveis e de Direitos Reais sobre Imóveis - Principal";Lançamento de Receita;31.791,81;500;Recursos não vinculados de Impostos;1001;Identificação das despesas com manutenção e desenvolvimento do ensino
Pitimbu;201147;Prefeitura Municipal de Pitimbu;062025;2025;11125301;"Impostos sobre Transmissão ""Inter Vivos"" de Bens Imóveis e de Direitos Reais sobre Imóveis - Principal";Lançamento de Receita;19.075,08;500;Recursos não vinculados de Impostos;1002;Identificação das despesas com ações e serviços públicos de saúde
Pitimbu;201147;Prefeitura Municipal de Pitimbu;052025;2025;11125301;"Impostos sobre Transmissão ""Inter Vivos"" de Bens Imóveis e de Direitos Reais sobre Imóveis - Principal";Lançamento de Receita;5.423,03;500;Recursos não vinculados de Impostos;1002;Identificação das despesas com ações e serviços públicos de saúde
Pitimbu;201147;Prefeitura Municipal de Pitimbu;052025;2025;11125301;"Impostos sobre Transmissão ""Inter Vivos"" de Bens Imóveis e de Direitos Reais sobre Imóveis - Principal";Lançamento de Receita;5.423,03;500;Recursos não vinculados de Impostos;1001;Identificação das despesas com manutenção e desenvolvimento do ensino
Pitimbu;201147;Prefeitura Municipal de Pitimbu;052025;2025;11125301;"Impostos sobre Transmissão ""Inter Vivos"" de Bens Imóveis e de Direitos Reais sobre Imóveis - Principal";Lançamento de Receita;75.161,7;500;Recursos não vinculados de Impostos;"Não ";Não Aplicável
Pitimbu;201147;Prefeitura Municipal de Pitimbu;042025;2025;11125301;"Impostos sobre Transmissão ""Inter Vivos"" de Bens Imóveis e de Direitos Reais sobre Imóveis - Principal";Lançamento de Receita;13.421,03;500;Recursos não vinculados de Impostos;1002;Identificação das despesas com ações e serviços públicos de saúde
Pitimbu;201147;Prefeitura Municipal de Pitimbu;042025;2025;11125301;"Impostos sobre Transmissão ""Inter Vivos"" de Bens Imóveis e de Direitos Reais sobre Imóveis - Principal";Lançamento de Receita;62.530,97;500;Recursos não vinculados de Impostos;"Não ";Não Aplicável
Pitimbu;201147;Prefeitura Municipal de Pitimbu;042025;2025;11125301;"Impostos sobre Transmissão ""Inter Vivos"" de Bens Imóveis e de Direitos Reais sobre Imóveis - Principal";Lançamento de Receita;16.400,9;500;Recursos não vinculados de Impostos;1001;Identificação das despesas com manutenção e desenvolvimento do ensino
Pitimbu;201147;Prefeitura Municipal de Pitimbu;032025;2025;11125301;"Impostos sobre Transmissão ""Inter Vivos"" de Bens Imóveis e de Direitos Reais sobre Imóveis - Principal";Lançamento de Receita;63.306,6;500;Recursos não vinculados de Impostos;"Não ";Não Aplicável
Pitimbu;201147;Prefeitura Municipal de Pitimbu;032025;2025;11125301;"Impostos sobre Transmissão ""Inter Vivos"" de Bens Imóveis e de Direitos Reais sobre Imóveis - Principal";Lançamento de Receita;12.500,24;500;Recursos não vinculados de Impostos;1001;Identificação das despesas com manutenção e desenvolvimento do ensino
Pitimbu;201147;Prefeitura Municipal de Pitimbu;032025;2025;11125301;"Impostos sobre Transmissão ""Inter Vivos"" de Bens Imóveis e de Direitos Reais sobre Imóveis - Principal";Lançamento de Receita;7.500,15;500;Recursos não vinculados de Impostos;1002;Identificação das despesas com ações e serviços públicos de saúde
Pitimbu;201147;Prefeitura Municipal de Pitimbu;022025;2025;11125301;"Impostos sobre Transmissão ""Inter Vivos"" de Bens Imóveis e de Direitos Reais sobre Imóveis - Principal";Lançamento de Receita;7.054,22;500;Recursos não vinculados de Impostos;1001;Identificação das despesas com manutenção e desenvolvimento do ensino
Pitimbu;201147;Prefeitura Municipal de Pitimbu;022025;2025;11125301;"Impostos sobre Transmissão ""Inter Vivos"" de Bens Imóveis e de Direitos Reais sobre Imóveis - Principal";Lançamento de Receita;47.459,73;500;Recursos não vinculados de Impostos;"Não ";Não Aplicável
Pitimbu;201147;Prefeitura Municipal de Pitimbu;022025;2025;11125301;"Impostos sobre Transmissão ""Inter Vivos"" de Bens Imóveis e de Direitos Reais sobre Imóveis - Principal";Lançamento de Receita;4.232,52;500;Recursos não vinculados de Impostos;1002;Identificação das despesas com ações e serviços públicos de saúde
Pitimbu;201147;Prefeitura Municipal de Pitimbu;012025;2025;11125301;"Impostos sobre Transmissão ""Inter Vivos"" de Bens Imóveis e de Direitos Reais sobre Imóveis - Principal";Lançamento de Receita;49.421,87;500;Recursos não vinculados de Impostos;"Não ";Não Aplicável
Pitimbu;201147;Prefeitura Municipal de Pitimbu;012025;2025;11125301;"Impostos sobre Transmissão ""Inter Vivos"" de Bens Imóveis e de Direitos Reais sobre Imóveis - Principal";Lançamento de Receita;8.536,66;500;Recursos não vinculados de Impostos;1002;Identificação das despesas com ações e serviços públicos de saúde
Pitimbu;201147;Prefeitura Municipal de Pitimbu;012025;2025;11125301;"Impostos sobre Transmissão ""Inter Vivos"" de Bens Imóveis e de Direitos Reais sobre Imóveis - Principal";Lançamento de Receita;14.227,78;500;Recursos não vinculados de Impostos;1001;Identificação das despesas com manutenção e desenvolvimento do ensino
Pitimbu;201147;Prefeitura Municipal de Pitimbu;122025;2025;11125004;Imposto sobre a Propriedade Predial e Territorial Urbana - Dívida Ativa - Multas e Juros de Mora da Dívida Ativa;Lançamento de Receita;13.991,95;500;Recursos não vinculados de Impostos;"Não ";Não Aplicável
Pitimbu;201147;Prefeitura Municipal de Pitimbu;122025;2025;11125004;Imposto sobre a Propriedade Predial e Territorial Urbana - Dívida Ativa - Multas e Juros de Mora da Dívida Ativa;Lançamento de Receita;2.519,29;500;Recursos não vinculados de Impostos;1002;Identificação das despesas com ações e serviços públicos de saúde
Pitimbu;201147;Prefeitura Municipal de Pitimbu;122025;2025;11125004;Imposto sobre a Propriedade Predial e Territorial Urbana - Dívida Ativa - Multas e Juros de Mora da Dívida Ativa;Lançamento de Receita;4.198,83;500;Recursos não vinculados de Impostos;1001;Identificação das despesas com manutenção e desenvolvimento do ensino
Pitimbu;201147;Prefeitura Municipal de Pitimbu;112025;2025;11125004;Imposto sobre a Propriedade Predial e Territorial Urbana - Dívida Ativa - Multas e Juros de Mora da Dívida Ativa;Lançamento de Receita;4.992,84;500;Recursos não vinculados de Impostos;"Não ";Não Aplicável
Pitimbu;201147;Prefeitura Municipal de Pitimbu;112025;2025;11125004;Imposto sobre a Propriedade Predial e Territorial Urbana - Dívida Ativa - Multas e Juros de Mora da Dívida Ativa;Lançamento de Receita;1.233,11;500;Recursos não vinculados de Impostos;1001;Identificação das despesas com manutenção e desenvolvimento do ensino
Pitimbu;201147;Prefeitura Municipal de Pitimbu;112025;2025;11125004;Imposto sobre a Propriedade Predial e Territorial Urbana - Dívida Ativa - Multas e Juros de Mora da Dívida Ativa;Lançamento de Receita;739,87;500;Recursos não vinculados de Impostos;1002;Identificação das despesas com ações e serviços públicos de saúde
Pitimbu;201147;Prefeitura Municipal de Pitimbu;102025;2025;11125004;Imposto sobre a Propriedade Predial e Territorial Urbana - Dívida Ativa - Multas e Juros de Mora da Dívida Ativa;Lançamento de Receita;2.275,6;500;Recursos não vinculados de Impostos;1001;Identificação das despesas com manutenção e desenvolvimento do ensino
Pitimbu;201147;Prefeitura Municipal de Pitimbu;102025;2025;11125004;Imposto sobre a Propriedade Predial e Territorial Urbana - Dívida Ativa - Multas e Juros de Mora da Dívida Ativa;Lançamento de Receita;1.365,34;500;Recursos não vinculados de Impostos;1002;Identificação das despesas com ações e serviços públicos de saúde
Pitimbu;201147;Prefeitura Municipal de Pitimbu;102025;2025;11125004;Imposto sobre a Propriedade Predial e Territorial Urbana - Dívida Ativa - Multas e Juros de Mora da Dívida Ativa;Lançamento de Receita;7.464,88;500;Recursos não vinculados de Impostos;"Não ";Não Aplicável
Pitimbu;201147;Prefeitura Municipal de Pitimbu;092025;2025;11125004;Imposto sobre a Propriedade Predial e Territorial Urbana - Dívida Ativa - Multas e Juros de Mora da Dívida Ativa;Lançamento de Receita;771,93;500;Recursos não vinculados de Impostos;1001;Identificação das despesas com manutenção e desenvolvimento do ensino
Pitimbu;201147;Prefeitura Municipal de Pitimbu;092025;2025;11125004;Imposto sobre a Propriedade Predial e Territorial Urbana - Dívida Ativa - Multas e Juros de Mora da Dívida Ativa;Lançamento de Receita;5.622,68;500;Recursos não vinculados de Impostos;"Não ";Não Aplicável
Pitimbu;201147;Prefeitura Municipal de Pitimbu;092025;2025;11125004;Imposto sobre a Propriedade Predial e Territorial Urbana - Dívida Ativa - Multas e Juros de Mora da Dívida Ativa;Lançamento de Receita;463,15;500;Recursos não vinculados de Impostos;1002;Identificação das despesas com ações e serviços públicos de saúde
Pitimbu;201147;Prefeitura Municipal de Pitimbu;082025;2025;11125004;Imposto sobre a Propriedade Predial e Territorial Urbana - Dívida Ativa - Multas e Juros de Mora da Dívida Ativa;Lançamento de Receita;581,43;500;Recursos não vinculados de Impostos;1002;Identificação das despesas com ações e serviços públicos de saúde
Pitimbu;201147;Prefeitura Municipal de Pitimbu;082025;2025;11125004;Imposto sobre a Propriedade Predial e Territorial Urbana - Dívida Ativa - Multas e Juros de Mora da Dívida Ativa;Lançamento de Receita;4.270,33;500;Recursos não vinculados de Impostos;"Não ";Não Aplicável
Pitimbu;201147;Prefeitura Municipal de Pitimbu;082025;2025;11125004;Imposto sobre a Propriedade Predial e Territorial Urbana - Dívida Ativa - Multas e Juros de Mora da Dívida Ativa;Lançamento de Receita;969,04;500;Recursos não vinculados de Impostos;1001;Identificação das despesas com manutenção e desenvolvimento do ensino
Pitimbu;201147;Prefeitura Municipal de Pitimbu;072025;2025;11125004;Imposto sobre a Propriedade Predial e Territorial Urbana - Dívida Ativa - Multas e Juros de Mora da Dívida Ativa;Lançamento de Receita;4.024,95;500;Recursos não vinculados de Impostos;1001;Identificação das despesas com manutenção e desenvolvimento do ensino
Pitimbu;201147;Prefeitura Municipal de Pitimbu;072025;2025;11125004;Imposto sobre a Propriedade Predial e Territorial Urbana - Dívida Ativa - Multas e Juros de Mora da Dívida Ativa;Lançamento de Receita;18.777,92;500;Recursos não vinculados de Impostos;"Não ";Não Aplicável
Pitimbu;201147;Prefeitura Municipal de Pitimbu;072025;2025;11125004;Imposto sobre a Propriedade Predial e Territorial Urbana - Dívida Ativa - Multas e Juros de Mora da Dívida Ativa;Lançamento de Receita;2.414,94;500;Recursos não vinculados de Impostos;1002;Identificação das despesas com ações e serviços públicos de saúde
Pitimbu;201147;Prefeitura Municipal de Pitimbu;062025;2025;11125004;Imposto sobre a Propriedade Predial e Territorial Urbana - Dívida Ativa - Multas e Juros de Mora da Dívida Ativa;Lançamento de Receita;1.537,46;500;Recursos não vinculados de Impostos;1002;Identificação das despesas com ações e serviços públicos de saúde
Pitimbu;201147;Prefeitura Municipal de Pitimbu;062025;2025;11125004;Imposto sobre a Propriedade Predial e Territorial Urbana - Dívida Ativa - Multas e Juros de Mora da Dívida Ativa;Lançamento de Receita;10.303,87;500;Recursos não vinculados de Impostos;"Não ";Não Aplicável
Pitimbu;201147;Prefeitura Municipal de Pitimbu;062025;2025;11125004;Imposto sobre a Propriedade Predial e Territorial Urbana - Dívida Ativa - Multas e Juros de Mora da Dívida Ativa;Lançamento de Receita;2.562,43;500;Recursos não vinculados de Impostos;1001;Identificação das despesas com manutenção e desenvolvimento do ensino
Pitimbu;201147;Prefeitura Municipal de Pitimbu;052025;2025;11125004;Imposto sobre a Propriedade Predial e Territorial Urbana - Dívida Ativa - Multas e Juros de Mora da Dívida Ativa;Lançamento de Receita;739,34;500;Recursos não vinculados de Impostos;1001;Identificação das despesas com manutenção e desenvolvimento do ensino
Pitimbu;201147;Prefeitura Municipal de Pitimbu;052025;2025;11125004;Imposto sobre a Propriedade Predial e Territorial Urbana - Dívida Ativa - Multas e Juros de Mora da Dívida Ativa;Lançamento de Receita;7.721,46;500;Recursos não vinculados de Impostos;"Não ";Não Aplicável
Pitimbu;201147;Prefeitura Municipal de Pitimbu;052025;2025;11125004;Imposto sobre a Propriedade Predial e Territorial Urbana - Dívida Ativa - Multas e Juros de Mora da Dívida Ativa;Lançamento de Receita;733,84;500;Recursos não vinculados de Impostos;1002;Identificação das despesas com ações e serviços públicos de saúde
Pitimbu;201147;Prefeitura Municipal de Pitimbu;042025;2025;11125004;Imposto sobre a Propriedade Predial e Territorial Urbana - Dívida Ativa - Multas e Juros de Mora da Dívida Ativa;Lançamento de Receita;3.028,57;500;Recursos não vinculados de Impostos;1001;Identificação das despesas com manutenção e desenvolvimento do ensino
Pitimbu;201147;Prefeitura Municipal de Pitimbu;042025;2025;11125004;Imposto sobre a Propriedade Predial e Territorial Urbana - Dívida Ativa - Multas e Juros de Mora da Dívida Ativa;Lançamento de Receita;13.373,61;500;Recursos não vinculados de Impostos;"Não ";Não Aplicável
Pitimbu;201147;Prefeitura Municipal de Pitimbu;042025;2025;11125004;Imposto sobre a Propriedade Predial e Territorial Urbana - Dívida Ativa - Multas e Juros de Mora da Dívida Ativa;Lançamento de Receita;2.138,71;500;Recursos não vinculados de Impostos;1002;Identificação das despesas com ações e serviços públicos de saúde
Pitimbu;201147;Prefeitura Municipal de Pitimbu;032025;2025;11125004;Imposto sobre a Propriedade Predial e Territorial Urbana - Dívida Ativa - Multas e Juros de Mora da Dívida Ativa;Lançamento de Receita;1.429,31;500;Recursos não vinculados de Impostos;1002;Identificação das despesas com ações e serviços públicos de saúde
Pitimbu;201147;Prefeitura Municipal de Pitimbu;032025;2025;11125004;Imposto sobre a Propriedade Predial e Territorial Urbana - Dívida Ativa - Multas e Juros de Mora da Dívida Ativa;Lançamento de Receita;2.382,2;500;Recursos não vinculados de Impostos;1001;Identificação das despesas com manutenção e desenvolvimento do ensino
Pitimbu;201147;Prefeitura Municipal de Pitimbu;032025;2025;11125004;Imposto sobre a Propriedade Predial e Territorial Urbana - Dívida Ativa - Multas e Juros de Mora da Dívida Ativa;Lançamento de Receita;11.824,31;500;Recursos não vinculados de Impostos;"Não ";Não Aplicável
Pitimbu;201147;Prefeitura Municipal de Pitimbu;022025;2025;11125004;Imposto sobre a Propriedade Predial e Territorial Urbana - Dívida Ativa - Multas e Juros de Mora da Dívida Ativa;Lançamento de Receita;711,4;500;Recursos não vinculados de Impostos;1002;Identificação das despesas com ações e serviços públicos de saúde
Pitimbu;201147;Prefeitura Municipal de Pitimbu;022025;2025;11125004;Imposto sobre a Propriedade Predial e Territorial Urbana - Dívida Ativa - Multas e Juros de Mora da Dívida Ativa;Lançamento de Receita;1.185,67;500;Recursos não vinculados de Impostos;1001;Identificação das despesas com manutenção e desenvolvimento do ensino
Pitimbu;201147;Prefeitura Municipal de Pitimbu;022025;2025;11125004;Imposto sobre a Propriedade Predial e Territorial Urbana - Dívida Ativa - Multas e Juros de Mora da Dívida Ativa;Lançamento de Receita;14.458,22;500;Recursos não vinculados de Impostos;"Não ";Não Aplicável
Pitimbu;201147;Prefeitura Municipal de Pitimbu;012025;2025;11125004;Imposto sobre a Propriedade Predial e Territorial Urbana - Dívida Ativa - Multas e Juros de Mora da Dívida Ativa;Lançamento de Receita;7.281,76;500;Recursos não vinculados de Impostos;"Não ";Não Aplicável
Pitimbu;201147;Prefeitura Municipal de Pitimbu;012025;2025;11125004;Imposto sobre a Propriedade Predial e Territorial Urbana - Dívida Ativa - Multas e Juros de Mora da Dívida Ativa;Lançamento de Receita;875,4;500;Recursos não vinculados de Impostos;1002;Identificação das despesas com ações e serviços públicos de saúde
Pitimbu;201147;Prefeitura Municipal de Pitimbu;012025;2025;11125004;Imposto sobre a Propriedade Predial e Territorial Urbana - Dívida Ativa - Multas e Juros de Mora da Dívida Ativa;Lançamento de Receita;1.458,96;500;Recursos não vinculados de Impostos;1001;Identificação das despesas com manutenção e desenvolvimento do ensino
Pitimbu;201147;Prefeitura Municipal de Pitimbu;122025;2025;11125003;Imposto sobre a Propriedade Predial e Territorial Urbana - Dívida Ativa;Lançamento de Receita;2.821,13;500;Recursos não vinculados de Impostos;1002;Identificação das despesas com ações e serviços públicos de saúde
Pitimbu;201147;Prefeitura Municipal de Pitimbu;122025;2025;11125003;Imposto sobre a Propriedade Predial e Territorial Urbana - Dívida Ativa;Lançamento de Receita;4.701,89;500;Recursos não vinculados de Impostos;1001;Identificação das despesas com manutenção e desenvolvimento do ensino
Pitimbu;201147;Prefeitura Municipal de Pitimbu;122025;2025;11125003;Imposto sobre a Propriedade Predial e Territorial Urbana - Dívida Ativa;Lançamento de Receita;35.658,67;500;Recursos não vinculados de Impostos;"Não ";Não Aplicável
Pitimbu;201147;Prefeitura Municipal de Pitimbu;112025;2025;11125003;Imposto sobre a Propriedade Predial e Territorial Urbana - Dívida Ativa;Lançamento de Receita;2.911,17;500;Recursos não vinculados de Impostos;1002;Identificação das despesas com ações e serviços públicos de saúde
Pitimbu;201147;Prefeitura Municipal de Pitimbu;112025;2025;11125003;Imposto sobre a Propriedade Predial e Territorial Urbana - Dívida Ativa;Lançamento de Receita;4.851,98;500;Recursos não vinculados de Impostos;1001;Identificação das despesas com manutenção e desenvolvimento do ensino
Pitimbu;201147;Prefeitura Municipal de Pitimbu;112025;2025;11125003;Imposto sobre a Propriedade Predial e Territorial Urbana - Dívida Ativa;Lançamento de Receita;41.667,08;500;Recursos não vinculados de Impostos;"Não ";Não Aplicável
Pitimbu;201147;Prefeitura Municipal de Pitimbu;102025;2025;11125003;Imposto sobre a Propriedade Predial e Territorial Urbana - Dívida Ativa;Lançamento de Receita;9.029,89;500;Recursos não vinculados de Impostos;1001;Identificação das despesas com manutenção e desenvolvimento do ensino
Pitimbu;201147;Prefeitura Municipal de Pitimbu;102025;2025;11125003;Imposto sobre a Propriedade Predial e Territorial Urbana - Dívida Ativa;Lançamento de Receita;47.085,93;500;Recursos não vinculados de Impostos;"Não ";Não Aplicável
Pitimbu;201147;Prefeitura Municipal de Pitimbu;102025;2025;11125003;Imposto sobre a Propriedade Predial e Territorial Urbana - Dívida Ativa;Lançamento de Receita;5.417,92;500;Recursos não vinculados de Impostos;1002;Identificação das despesas com ações e serviços públicos de saúde
Pitimbu;201147;Prefeitura Municipal de Pitimbu;092025;2025;11125003;Imposto sobre a Propriedade Predial e Territorial Urbana - Dívida Ativa;Lançamento de Receita;2.598,36;500;Recursos não vinculados de Impostos;1002;Identificação das despesas com ações e serviços públicos de saúde
Pitimbu;201147;Prefeitura Municipal de Pitimbu;092025;2025;11125003;Imposto sobre a Propriedade Predial e Territorial Urbana - Dívida Ativa;Lançamento de Receita;4.330,61;500;Recursos não vinculados de Impostos;1001;Identificação das despesas com manutenção e desenvolvimento do ensino
Pitimbu;201147;Prefeitura Municipal de Pitimbu;092025;2025;11125003;Imposto sobre a Propriedade Predial e Territorial Urbana - Dívida Ativa;Lançamento de Receita;49.760,08;500;Recursos não vinculados de Impostos;"Não ";Não Aplicável
Pitimbu;201147;Prefeitura Municipal de Pitimbu;082025;2025;11125003;Imposto sobre a Propriedade Predial e Territorial Urbana - Dívida Ativa;Lançamento de Receita;9.738,6;500;Recursos não vinculados de Impostos;1002;Identificação das despesas com ações e serviços públicos de saúde
Pitimbu;201147;Prefeitura Municipal de Pitimbu;082025;2025;11125003;Imposto sobre a Propriedade Predial e Territorial Urbana - Dívida Ativa;Lançamento de Receita;16.230,96;500;Recursos não vinculados de Impostos;1001;Identificação das despesas com manutenção e desenvolvimento do ensino
Pitimbu;201147;Prefeitura Municipal de Pitimbu;082025;2025;11125003;Imposto sobre a Propriedade Predial e Territorial Urbana - Dívida Ativa;Lançamento de Receita;52.371,08;500;Recursos não vinculados de Impostos;"Não ";Não Aplicável
Pitimbu;201147;Prefeitura Municipal de Pitimbu;072025;2025;11125003;Imposto sobre a Propriedade Predial e Territorial Urbana - Dívida Ativa;Lançamento de Receita;39.301,66;500;Recursos não vinculados de Impostos;"Não ";Não Aplicável
Pitimbu;201147;Prefeitura Municipal de Pitimbu;072025;2025;11125003;Imposto sobre a Propriedade Predial e Territorial Urbana - Dívida Ativa;Lançamento de Receita;8.919,04;500;Recursos não vinculados de Impostos;1001;Identificação das despesas com manutenção e desenvolvimento do ensino
Pitimbu;201147;Prefeitura Municipal de Pitimbu;072025;2025;11125003;Imposto sobre a Propriedade Predial e Territorial Urbana - Dívida Ativa;Lançamento de Receita;5.351,41;500;Recursos não vinculados de Impostos;1002;Identificação das despesas com ações e serviços públicos de saúde
Pitimbu;201147;Prefeitura Municipal de Pitimbu;062025;2025;11125003;Imposto sobre a Propriedade Predial e Territorial Urbana - Dívida Ativa;Lançamento de Receita;8.271,14;500;Recursos não vinculados de Impostos;1002;Identificação das despesas com ações e serviços públicos de saúde
Pitimbu;201147;Prefeitura Municipal de Pitimbu;062025;2025;11125003;Imposto sobre a Propriedade Predial e Territorial Urbana - Dívida Ativa;Lançamento de Receita;13.785,25;500;Recursos não vinculados de Impostos;1001;Identificação das despesas com manutenção e desenvolvimento do ensino
Pitimbu;201147;Prefeitura Municipal de Pitimbu;062025;2025;11125003;Imposto sobre a Propriedade Predial e Territorial Urbana - Dívida Ativa;Lançamento de Receita;46.263,34;500;Recursos não vinculados de Impostos;"Não ";Não Aplicável
Pitimbu;201147;Prefeitura Municipal de Pitimbu;052025;2025;11125003;Imposto sobre a Propriedade Predial e Territorial Urbana - Dívida Ativa;Lançamento de Receita;49.861,49;500;Recursos não vinculados de Impostos;"Não ";Não Aplicável
Pitimbu;201147;Prefeitura Municipal de Pitimbu;052025;2025;11125003;Imposto sobre a Propriedade Predial e Territorial Urbana - Dívida Ativa;Lançamento de Receita;4.495,64;500;Recursos não vinculados de Impostos;1001;Identificação das despesas com manutenção e desenvolvimento do ensino
Pitimbu;201147;Prefeitura Municipal de Pitimbu;052025;2025;11125003;Imposto sobre a Propriedade Predial e Territorial Urbana - Dívida Ativa;Lançamento de Receita;4.429,68;500;Recursos não vinculados de Impostos;1002;Identificação das despesas com ações e serviços públicos de saúde
Pitimbu;201147;Prefeitura Municipal de Pitimbu;042025;2025;11125003;Imposto sobre a Propriedade Predial e Territorial Urbana - Dívida Ativa;Lançamento de Receita;10.841,32;500;Recursos não vinculados de Impostos;1001;Identificação das despesas com manutenção e desenvolvimento do ensino
Pitimbu;201147;Prefeitura Municipal de Pitimbu;042025;2025;11125003;Imposto sobre a Propriedade Predial e Territorial Urbana - Dívida Ativa;Lançamento de Receita;8.628,15;500;Recursos não vinculados de Impostos;1002;Identificação das despesas com ações e serviços públicos de saúde
Pitimbu;201147;Prefeitura Municipal de Pitimbu;042025;2025;11125003;Imposto sobre a Propriedade Predial e Territorial Urbana - Dívida Ativa;Lançamento de Receita;49.590,45;500;Recursos não vinculados de Impostos;"Não ";Não Aplicável
Pitimbu;201147;Prefeitura Municipal de Pitimbu;032025;2025;11125003;Imposto sobre a Propriedade Predial e Territorial Urbana - Dívida Ativa;Lançamento de Receita;4.795,2;500;Recursos não vinculados de Impostos;1002;Identificação das despesas com ações e serviços públicos de saúde
Pitimbu;201147;Prefeitura Municipal de Pitimbu;032025;2025;11125003;Imposto sobre a Propriedade Predial e Territorial Urbana - Dívida Ativa;Lançamento de Receita;7.992,02;500;Recursos não vinculados de Impostos;1001;Identificação das despesas com manutenção e desenvolvimento do ensino
Pitimbu;201147;Prefeitura Municipal de Pitimbu;032025;2025;11125003;Imposto sobre a Propriedade Predial e Territorial Urbana - Dívida Ativa;Lançamento de Receita;37.128,96;500;Recursos não vinculados de Impostos;"Não ";Não Aplicável
Pitimbu;201147;Prefeitura Municipal de Pitimbu;022025;2025;11125003;Imposto sobre a Propriedade Predial e Territorial Urbana - Dívida Ativa;Lançamento de Receita;2.316,55;500;Recursos não vinculados de Impostos;1002;Identificação das despesas com ações e serviços públicos de saúde
Pitimbu;201147;Prefeitura Municipal de Pitimbu;022025;2025;11125003;Imposto sobre a Propriedade Predial e Territorial Urbana - Dívida Ativa;Lançamento de Receita;44.095,73;500;Recursos não vinculados de Impostos;"Não ";Não Aplicável
Pitimbu;201147;Prefeitura Municipal de Pitimbu;022025;2025;11125003;Imposto sobre a Propriedade Predial e Territorial Urbana - Dívida Ativa;Lançamento de Receita;3.860,93;500;Recursos não vinculados de Impostos;1001;Identificação das despesas com manutenção e desenvolvimento do ensino
Pitimbu;201147;Prefeitura Municipal de Pitimbu;012025;2025;11125003;Imposto sobre a Propriedade Predial e Territorial Urbana - Dívida Ativa;Lançamento de Receita;6.886,56;500;Recursos não vinculados de Impostos;1002;Identificação das despesas com ações e serviços públicos de saúde
Pitimbu;201147;Prefeitura Municipal de Pitimbu;012025;2025;11125003;Imposto sobre a Propriedade Predial e Territorial Urbana - Dívida Ativa;Lançamento de Receita;11.477,66;500;Recursos não vinculados de Impostos;1001;Identificação das despesas com manutenção e desenvolvimento do ensino
Pitimbu;201147;Prefeitura Municipal de Pitimbu;012025;2025;11125003;Imposto sobre a Propriedade Predial e Territorial Urbana - Dívida Ativa;Lançamento de Receita;46.024,41;500;Recursos não vinculados de Impostos;"Não ";Não Aplicável
Pitimbu;201147;Prefeitura Municipal de Pitimbu;122025;2025;11125002;Imposto sobre a Propriedade Predial e Territorial Urbana - Multas e Juros de Mora;Lançamento de Receita;369,41;500;Recursos não vinculados de Impostos;1002;Identificação das despesas com ações e serviços públicos de saúde
Pitimbu;201147;Prefeitura Municipal de Pitimbu;122025;2025;11125002;Imposto sobre a Propriedade Predial e Territorial Urbana - Multas e Juros de Mora;Lançamento de Receita;2.336,63;500;Recursos não vinculados de Impostos;"Não ";Não Aplicável
Pitimbu;201147;Prefeitura Municipal de Pitimbu;122025;2025;11125002;Imposto sobre a Propriedade Predial e Territorial Urbana - Multas e Juros de Mora;Lançamento de Receita;615,68;500;Recursos não vinculados de Impostos;1001;Identificação das despesas com manutenção e desenvolvimento do ensino
Pitimbu;201147;Prefeitura Municipal de Pitimbu;112025;2025;11125002;Imposto sobre a Propriedade Predial e Territorial Urbana - Multas e Juros de Mora;Lançamento de Receita;261,95;500;Recursos não vinculados de Impostos;1001;Identificação das despesas com manutenção e desenvolvimento do ensino
Pitimbu;201147;Prefeitura Municipal de Pitimbu;112025;2025;11125002;Imposto sobre a Propriedade Predial e Territorial Urbana - Multas e Juros de Mora;Lançamento de Receita;1.387,28;500;Recursos não vinculados de Impostos;"Não ";Não Aplicável
Pitimbu;201147;Prefeitura Municipal de Pitimbu;112025;2025;11125002;Imposto sobre a Propriedade Predial e Territorial Urbana - Multas e Juros de Mora;Lançamento de Receita;157,17;500;Recursos não vinculados de Impostos;1002;Identificação das despesas com ações e serviços públicos de saúde
Pitimbu;201147;Prefeitura Municipal de Pitimbu;102025;2025;11125002;Imposto sobre a Propriedade Predial e Territorial Urbana - Multas e Juros de Mora;Lançamento de Receita;1.917,33;500;Recursos não vinculados de Impostos;"Não ";Não Aplicável
Pitimbu;201147;Prefeitura Municipal de Pitimbu;102025;2025;11125002;Imposto sobre a Propriedade Predial e Territorial Urbana - Multas e Juros de Mora;Lançamento de Receita;259,7;500;Recursos não vinculados de Impostos;1002;Identificação das despesas com ações e serviços públicos de saúde
Pitimbu;201147;Prefeitura Municipal de Pitimbu;102025;2025;11125002;Imposto sobre a Propriedade Predial e Territorial Urbana - Multas e Juros de Mora;Lançamento de Receita;432,87;500;Recursos não vinculados de Impostos;1001;Identificação das despesas com manutenção e desenvolvimento do ensino
Pitimbu;201147;Prefeitura Municipal de Pitimbu;092025;2025;11125002;Imposto sobre a Propriedade Predial e Territorial Urbana - Multas e Juros de Mora;Lançamento de Receita;910,01;500;Recursos não vinculados de Impostos;"Não ";Não Aplicável
Pitimbu;201147;Prefeitura Municipal de Pitimbu;092025;2025;11125002;Imposto sobre a Propriedade Predial e Territorial Urbana - Multas e Juros de Mora;Lançamento de Receita;76,51;500;Recursos não vinculados de Impostos;1001;Identificação das despesas com manutenção e desenvolvimento do ensino
Pitimbu;201147;Prefeitura Municipal de Pitimbu;092025;2025;11125002;Imposto sobre a Propriedade Predial e Territorial Urbana - Multas e Juros de Mora;Lançamento de Receita;45,9;500;Recursos não vinculados de Impostos;1002;Identificação das despesas com ações e serviços públicos de saúde
Pitimbu;201147;Prefeitura Municipal de Pitimbu;082025;2025;11125002;Imposto sobre a Propriedade Predial e Territorial Urbana - Multas e Juros de Mora;Lançamento de Receita;840,6;500;Recursos não vinculados de Impostos;1001;Identificação das despesas com manutenção e desenvolvimento do ensino
Pitimbu;201147;Prefeitura Municipal de Pitimbu;082025;2025;11125002;Imposto sobre a Propriedade Predial e Territorial Urbana - Multas e Juros de Mora;Lançamento de Receita;2.025,35;500;Recursos não vinculados de Impostos;"Não ";Não Aplicável
Pitimbu;201147;Prefeitura Municipal de Pitimbu;082025;2025;11125002;Imposto sobre a Propriedade Predial e Territorial Urbana - Multas e Juros de Mora;Lançamento de Receita;504,36;500;Recursos não vinculados de Impostos;1002;Identificação das despesas com ações e serviços públicos de saúde
Pitimbu;201147;Prefeitura Municipal de Pitimbu;072025;2025;11125002;Imposto sobre a Propriedade Predial e Territorial Urbana - Multas e Juros de Mora;Lançamento de Receita;539,12;500;Recursos não vinculados de Impostos;1001;Identificação das despesas com manutenção e desenvolvimento do ensino
Pitimbu;201147;Prefeitura Municipal de Pitimbu;072025;2025;11125002;Imposto sobre a Propriedade Predial e Territorial Urbana - Multas e Juros de Mora;Lançamento de Receita;323,47;500;Recursos não vinculados de Impostos;1002;Identificação das despesas com ações e serviços públicos de saúde
Pitimbu;201147;Prefeitura Municipal de Pitimbu;072025;2025;11125002;Imposto sobre a Propriedade Predial e Territorial Urbana - Multas e Juros de Mora;Lançamento de Receita;1.311,2;500;Recursos não vinculados de Impostos;"Não ";Não Aplicável
Pitimbu;201147;Prefeitura Municipal de Pitimbu;062025;2025;11125002;Imposto sobre a Propriedade Predial e Territorial Urbana - Multas e Juros de Mora;Lançamento de Receita;32,18;500;Recursos não vinculados de Impostos;1002;Identificação das despesas com ações e serviços públicos de saúde
Pitimbu;201147;Prefeitura Municipal de Pitimbu;062025;2025;11125002;Imposto sobre a Propriedade Predial e Territorial Urbana - Multas e Juros de Mora;Lançamento de Receita;128,69;500;Recursos não vinculados de Impostos;"Não ";Não Aplicável
Pitimbu;201147;Prefeitura Municipal de Pitimbu;062025;2025;11125002;Imposto sobre a Propriedade Predial e Territorial Urbana - Multas e Juros de Mora;Lançamento de Receita;53,63;500;Recursos não vinculados de Impostos;1001;Identificação das despesas com manutenção e desenvolvimento do ensino
Pitimbu;201147;Prefeitura Municipal de Pitimbu;042025;2025;11125002;Imposto sobre a Propriedade Predial e Territorial Urbana - Multas e Juros de Mora;Lançamento de Receita;40,18;500;Recursos não vinculados de Impostos;1001;Identificação das despesas com manutenção e desenvolvimento do ensino
Pitimbu;201147;Prefeitura Municipal de Pitimbu;042025;2025;11125002;Imposto sobre a Propriedade Predial e Territorial Urbana - Multas e Juros de Mora;Lançamento de Receita;187,57;500;Recursos não vinculados de Impostos;"Não ";Não Aplicável
Pitimbu;201147;Prefeitura Municipal de Pitimbu;042025;2025;11125002;Imposto sobre a Propriedade Predial e Territorial Urbana - Multas e Juros de Mora;Lançamento de Receita;40,18;500;Recursos não vinculados de Impostos;1002;Identificação das despesas com ações e serviços públicos de saúde
Pitimbu;201147;Prefeitura Municipal de Pitimbu;032025;2025;11125002;Imposto sobre a Propriedade Predial e Territorial Urbana - Multas e Juros de Mora;Lançamento de Receita;644,53;500;Recursos não vinculados de Impostos;1001;Identificação das despesas com manutenção e desenvolvimento do ensino
Pitimbu;201147;Prefeitura Municipal de Pitimbu;032025;2025;11125002;Imposto sobre a Propriedade Predial e Territorial Urbana - Multas e Juros de Mora;Lançamento de Receita;386,72;500;Recursos não vinculados de Impostos;1002;Identificação das despesas com ações e serviços públicos de saúde
Pitimbu;201147;Prefeitura Municipal de Pitimbu;032025;2025;11125002;Imposto sobre a Propriedade Predial e Territorial Urbana - Multas e Juros de Mora;Lançamento de Receita;1.546,86;500;Recursos não vinculados de Impostos;"Não ";Não Aplicável
Pitimbu;201147;Prefeitura Municipal de Pitimbu;022025;2025;11125002;Imposto sobre a Propriedade Predial e Territorial Urbana - Multas e Juros de Mora;Lançamento de Receita;417,68;500;Recursos não vinculados de Impostos;1001;Identificação das despesas com manutenção e desenvolvimento do ensino
Pitimbu;201147;Prefeitura Municipal de Pitimbu;022025;2025;11125002;Imposto sobre a Propriedade Predial e Territorial Urbana - Multas e Juros de Mora;Lançamento de Receita;1.942,59;500;Recursos não vinculados de Impostos;"Não ";Não Aplicável
Pitimbu;201147;Prefeitura Municipal de Pitimbu;022025;2025;11125002;Imposto sobre a Propriedade Predial e Territorial Urbana - Multas e Juros de Mora;Lançamento de Receita;250,61;500;Recursos não vinculados de Impostos;1002;Identificação das despesas com ações e serviços públicos de saúde
Pitimbu;201147;Prefeitura Municipal de Pitimbu;012025;2025;11125002;Imposto sobre a Propriedade Predial e Territorial Urbana - Multas e Juros de Mora;Lançamento de Receita;435,33;500;Recursos não vinculados de Impostos;1001;Identificação das despesas com manutenção e desenvolvimento do ensino
Pitimbu;201147;Prefeitura Municipal de Pitimbu;012025;2025;11125002;Imposto sobre a Propriedade Predial e Territorial Urbana - Multas e Juros de Mora;Lançamento de Receita;261,2;500;Recursos não vinculados de Impostos;1002;Identificação das despesas com ações e serviços públicos de saúde
Pitimbu;201147;Prefeitura Municipal de Pitimbu;012025;2025;11125002;Imposto sobre a Propriedade Predial e Territorial Urbana - Multas e Juros de Mora;Lançamento de Receita;2.239,23;500;Recursos não vinculados de Impostos;"Não ";Não Aplicável
Pitimbu;201147;Prefeitura Municipal de Pitimbu;122025;2025;11125001;Imposto sobre a Propriedade Predial e Territorial Urbana - Principal;Lançamento de Receita;815,82;500;Recursos não vinculados de Impostos;1002;Identificação das despesas com ações e serviços públicos de saúde
Pitimbu;201147;Prefeitura Municipal de Pitimbu;122025;2025;11125001;Imposto sobre a Propriedade Predial e Territorial Urbana - Principal;Lançamento de Receita;1.359,72;500;Recursos não vinculados de Impostos;1001;Identificação das despesas com manutenção e desenvolvimento do ensino
Pitimbu;201147;Prefeitura Municipal de Pitimbu;122025;2025;11125001;Imposto sobre a Propriedade Predial e Territorial Urbana - Principal;Lançamento de Receita;6.847,2;500;Recursos não vinculados de Impostos;"Não ";Não Aplicável
Pitimbu;201147;Prefeitura Municipal de Pitimbu;112025;2025;11125001;Imposto sobre a Propriedade Predial e Territorial Urbana - Principal;Lançamento de Receita;1.393,05;500;Recursos não vinculados de Impostos;1001;Identificação das despesas com manutenção e desenvolvimento do ensino
Pitimbu;201147;Prefeitura Municipal de Pitimbu;112025;2025;11125001;Imposto sobre a Propriedade Predial e Territorial Urbana - Principal;Lançamento de Receita;7.811,98;500;Recursos não vinculados de Impostos;"Não ";Não Aplicável
Pitimbu;201147;Prefeitura Municipal de Pitimbu;112025;2025;11125001;Imposto sobre a Propriedade Predial e Territorial Urbana - Principal;Lançamento de Receita;835,82;500;Recursos não vinculados de Impostos;1002;Identificação das despesas com ações e serviços públicos de saúde
Pitimbu;201147;Prefeitura Municipal de Pitimbu;102025;2025;11125001;Imposto sobre a Propriedade Predial e Territorial Urbana - Principal;Lançamento de Receita;2.384,28;500;Recursos não vinculados de Impostos;1001;Identificação das despesas com manutenção e desenvolvimento do ensino
Pitimbu;201147;Prefeitura Municipal de Pitimbu;102025;2025;11125001;Imposto sobre a Propriedade Predial e Territorial Urbana - Principal;Lançamento de Receita;1.430,55;500;Recursos não vinculados de Impostos;1002;Identificação das despesas com ações e serviços públicos de saúde
Pitimbu;201147;Prefeitura Municipal de Pitimbu;102025;2025;11125001;Imposto sobre a Propriedade Predial e Territorial Urbana - Principal;Lançamento de Receita;9.975,53;500;Recursos não vinculados de Impostos;"Não ";Não Aplicável
Pitimbu;201147;Prefeitura Municipal de Pitimbu;092025;2025;11125001;Imposto sobre a Propriedade Predial e Territorial Urbana - Principal;Lançamento de Receita;27.367,78;500;Recursos não vinculados de Impostos;"Não ";Não Aplicável
Pitimbu;201147;Prefeitura Municipal de Pitimbu;092025;2025;11125001;Imposto sobre a Propriedade Predial e Territorial Urbana - Principal;Lançamento de Receita;362,24;500;Recursos não vinculados de Impostos;1002;Identificação das despesas com ações e serviços públicos de saúde
Pitimbu;201147;Prefeitura Municipal de Pitimbu;092025;2025;11125001;Imposto sobre a Propriedade Predial e Territorial Urbana - Principal;Lançamento de Receita;603,73;500;Recursos não vinculados de Impostos;1001;Identificação das despesas com manutenção e desenvolvimento do ensino
Pitimbu;201147;Prefeitura Municipal de Pitimbu;082025;2025;11125001;Imposto sobre a Propriedade Predial e Territorial Urbana - Principal;Lançamento de Receita;21.082,77;500;Recursos não vinculados de Impostos;"Não ";Não Aplicável
Pitimbu;201147;Prefeitura Municipal de Pitimbu;082025;2025;11125001;Imposto sobre a Propriedade Predial e Territorial Urbana - Principal;Lançamento de Receita;5.805,16;500;Recursos não vinculados de Impostos;1001;Identificação das despesas com manutenção e desenvolvimento do ensino
Pitimbu;201147;Prefeitura Municipal de Pitimbu;082025;2025;11125001;Imposto sobre a Propriedade Predial e Territorial Urbana - Principal;Lançamento de Receita;3.533,96;500;Recursos não vinculados de Impostos;1002;Identificação das despesas com ações e serviços públicos de saúde
Pitimbu;201147;Prefeitura Municipal de Pitimbu;072025;2025;11125001;Imposto sobre a Propriedade Predial e Territorial Urbana - Principal;Lançamento de Receita;25.062,13;500;Recursos não vinculados de Impostos;1001;Identificação das despesas com manutenção e desenvolvimento do ensino
Pitimbu;201147;Prefeitura Municipal de Pitimbu;072025;2025;11125001;Imposto sobre a Propriedade Predial e Territorial Urbana - Principal;Lançamento de Receita;79.863,19;500;Recursos não vinculados de Impostos;"Não ";Não Aplicável
Pitimbu;201147;Prefeitura Municipal de Pitimbu;072025;2025;11125001;Imposto sobre a Propriedade Predial e Territorial Urbana - Principal;Lançamento de Receita;15.037,26;500;Recursos não vinculados de Impostos;1002;Identificação das despesas com ações e serviços públicos de saúde
Pitimbu;201147;Prefeitura Municipal de Pitimbu;062025;2025;11125001;Imposto sobre a Propriedade Predial e Territorial Urbana - Principal;Lançamento de Receita;9.709;500;Recursos não vinculados de Impostos;1002;Identificação das despesas com ações e serviços públicos de saúde
Pitimbu;201147;Prefeitura Municipal de Pitimbu;062025;2025;11125001;Imposto sobre a Propriedade Predial e Territorial Urbana - Principal;Lançamento de Receita;16.181,68;500;Recursos não vinculados de Impostos;1001;Identificação das despesas com manutenção e desenvolvimento do ensino
Pitimbu;201147;Prefeitura Municipal de Pitimbu;062025;2025;11125001;Imposto sobre a Propriedade Predial e Territorial Urbana - Principal;Lançamento de Receita;56.007,46;500;Recursos não vinculados de Impostos;"Não ";Não Aplicável
Pitimbu;201147;Prefeitura Municipal de Pitimbu;052025;2025;11125001;Imposto sobre a Propriedade Predial e Territorial Urbana - Principal;Lançamento de Receita;22.638,25;500;Recursos não vinculados de Impostos;"Não ";Não Aplicável
Pitimbu;201147;Prefeitura Municipal de Pitimbu;052025;2025;11125001;Imposto sobre a Propriedade Predial e Territorial Urbana - Principal;Lançamento de Receita;1.977,38;500;Recursos não vinculados de Impostos;1001;Identificação das despesas com manutenção e desenvolvimento do ensino
Pitimbu;201147;Prefeitura Municipal de Pitimbu;052025;2025;11125001;Imposto sobre a Propriedade Predial e Territorial Urbana - Principal;Lançamento de Receita;1.960,64;500;Recursos não vinculados de Impostos;1002;Identificação das despesas com ações e serviços públicos de saúde
Pitimbu;201147;Prefeitura Municipal de Pitimbu;042025;2025;11125001;Imposto sobre a Propriedade Predial e Territorial Urbana - Principal;Lançamento de Receita;15.396,54;500;Recursos não vinculados de Impostos;"Não ";Não Aplicável
Pitimbu;201147;Prefeitura Municipal de Pitimbu;042025;2025;11125001;Imposto sobre a Propriedade Predial e Territorial Urbana - Principal;Lançamento de Receita;3.063,25;500;Recursos não vinculados de Impostos;1001;Identificação das despesas com manutenção e desenvolvimento do ensino
Pitimbu;201147;Prefeitura Municipal de Pitimbu;042025;2025;11125001;Imposto sobre a Propriedade Predial e Territorial Urbana - Principal;Lançamento de Receita;2.344,67;500;Recursos não vinculados de Impostos;1002;Identificação das despesas com ações e serviços públicos de saúde
Pitimbu;201147;Prefeitura Municipal de Pitimbu;032025;2025;11125001;Imposto sobre a Propriedade Predial e Territorial Urbana - Principal;Lançamento de Receita;3.079,68;500;Recursos não vinculados de Impostos;1002;Identificação das despesas com ações e serviços públicos de saúde
Pitimbu;201147;Prefeitura Municipal de Pitimbu;032025;2025;11125001;Imposto sobre a Propriedade Predial e Territorial Urbana - Principal;Lançamento de Receita;5.132,81;500;Recursos não vinculados de Impostos;1001;Identificação das despesas com manutenção e desenvolvimento do ensino
Pitimbu;201147;Prefeitura Municipal de Pitimbu;032025;2025;11125001;Imposto sobre a Propriedade Predial e Territorial Urbana - Principal;Lançamento de Receita;24.437,02;500;Recursos não vinculados de Impostos;"Não ";Não Aplicável
Pitimbu;201147;Prefeitura Municipal de Pitimbu;022025;2025;11125001;Imposto sobre a Propriedade Predial e Territorial Urbana - Principal;Lançamento de Receita;30.788,79;500;Recursos não vinculados de Impostos;"Não ";Não Aplicável
Pitimbu;201147;Prefeitura Municipal de Pitimbu;022025;2025;11125001;Imposto sobre a Propriedade Predial e Territorial Urbana - Principal;Lançamento de Receita;1.240,85;500;Recursos não vinculados de Impostos;1002;Identificação das despesas com ações e serviços públicos de saúde
Pitimbu;201147;Prefeitura Municipal de Pitimbu;022025;2025;11125001;Imposto sobre a Propriedade Predial e Territorial Urbana - Principal;Lançamento de Receita;2.068,12;500;Recursos não vinculados de Impostos;1001;Identificação das despesas com manutenção e desenvolvimento do ensino
Pitimbu;201147;Prefeitura Municipal de Pitimbu;012025;2025;11125001;Imposto sobre a Propriedade Predial e Territorial Urbana - Principal;Lançamento de Receita;2.983,04;500;Recursos não vinculados de Impostos;1002;Identificação das despesas com ações e serviços públicos de saúde
Pitimbu;201147;Prefeitura Municipal de Pitimbu;012025;2025;11125001;Imposto sobre a Propriedade Predial e Territorial Urbana - Principal;Lançamento de Receita;4.971,75;500;Recursos não vinculados de Impostos;1001;Identificação das despesas com manutenção e desenvolvimento do ensino
Pitimbu;201147;Prefeitura Municipal de Pitimbu;012025;2025;11125001;Imposto sobre a Propriedade Predial e Territorial Urbana - Principal;Lançamento de Receita;16.577,75;500;Recursos não vinculados de Impostos;"Não ";Não Aplicável
Pitimbu;301147;Serviço Autonômo de Água e Esgoto de Pitimbú;122025;2025;16110101;Serviços Administrativos e Comerciais Gerais Prestados por Entidades e Órgãos Públicos em Geral - Principal;Lançamento de Receita;106.587,08;500;Recursos não vinculados de Impostos;"Não ";Não Aplicável
Pitimbu;301147;Serviço Autonômo de Água e Esgoto de Pitimbú;112025;2025;16110101;Serviços Administrativos e Comerciais Gerais Prestados por Entidades e Órgãos Públicos em Geral - Principal;Lançamento de Receita;80.794,22;500;Recursos não vinculados de Impostos;"Não ";Não Aplicável
Pitimbu;301147;Serviço Autonômo de Água e Esgoto de Pitimbú;102025;2025;16110101;Serviços Administrativos e Comerciais Gerais Prestados por Entidades e Órgãos Públicos em Geral - Principal;Lançamento de Receita;66.881,95;500;Recursos não vinculados de Impostos;"Não ";Não Aplicável
Pitimbu;301147;Serviço Autonômo de Água e Esgoto de Pitimbú;092025;2025;16110101;Serviços Administrativos e Comerciais Gerais Prestados por Entidades e Órgãos Públicos em Geral - Principal;Lançamento de Receita;102.130,43;500;Recursos não vinculados de Impostos;"Não ";Não Aplicável
Pitimbu;301147;Serviço Autonômo de Água e Esgoto de Pitimbú;082025;2025;16110101;Serviços Administrativos e Comerciais Gerais Prestados por Entidades e Órgãos Públicos em Geral - Principal;Lançamento de Receita;61.987,4;500;Recursos não vinculados de Impostos;"Não ";Não Aplicável
Pitimbu;301147;Serviço Autonômo de Água e Esgoto de Pitimbú;072025;2025;16110101;Serviços Administrativos e Comerciais Gerais Prestados por Entidades e Órgãos Públicos em Geral - Principal;Lançamento de Receita;62.076,29;500;Recursos não vinculados de Impostos;"Não ";Não Aplicável
Pitimbu;301147;Serviço Autonômo de Água e Esgoto de Pitimbú;062025;2025;16110101;Serviços Administrativos e Comerciais Gerais Prestados por Entidades e Órgãos Públicos em Geral - Principal;Lançamento de Receita;88.215,94;500;Recursos não vinculados de Impostos;"Não ";Não Aplicável
Pitimbu;301147;Serviço Autonômo de Água e Esgoto de Pitimbú;052025;2025;16110101;Serviços Administrativos e Comerciais Gerais Prestados por Entidades e Órgãos Públicos em Geral - Principal;Lançamento de Receita;72.841,62;500;Recursos não vinculados de Impostos;"Não ";Não Aplicável
Pitimbu;301147;Serviço Autonômo de Água e Esgoto de Pitimbú;042025;2025;16110101;Serviços Administrativos e Comerciais Gerais Prestados por Entidades e Órgãos Públicos em Geral - Principal;Lançamento de Receita;50.761,21;500;Recursos não vinculados de Impostos;"Não ";Não Aplicável
Pitimbu;301147;Serviço Autonômo de Água e Esgoto de Pitimbú;032025;2025;16110101;Serviços Administrativos e Comerciais Gerais Prestados por Entidades e Órgãos Públicos em Geral - Principal;Lançamento de Receita;63.310,73;500;Recursos não vinculados de Impostos;"Não ";Não Aplicável
Pitimbu;301147;Serviço Autonômo de Água e Esgoto de Pitimbú;022025;2025;16110101;Serviços Administrativos e Comerciais Gerais Prestados por Entidades e Órgãos Públicos em Geral - Principal;Lançamento de Receita;93.858,63;500;Recursos não vinculados de Impostos;"Não ";Não Aplicável
Pitimbu;301147;Serviço Autonômo de Água e Esgoto de Pitimbú;012025;2025;16110101;Serviços Administrativos e Comerciais Gerais Prestados por Entidades e Órgãos Públicos em Geral - Principal;Lançamento de Receita;89.421,92;500;Recursos não vinculados de Impostos;"Não ";Não Aplicável
Pitimbu;601147;Fundo Municipal de Saúde de Pitimbu;102025;2025;24299901;Outras Transferências de Recursos dos Estados - Principal;Lançamento de Receita;290.000;710;Transferência Especial dos Estados;"Não ";Não Aplicável
Pitimbu;601147;Fundo Municipal de Saúde de Pitimbu;102025;2025;24299901;Outras Transferências de Recursos dos Estados - Principal;Lançamento de Receita;100.171;710;Transferência Especial dos Estados;3210;Identificação das Transferências dos Estados decorrentes de emendas parlamentares individuais
Pitimbu;601147;Fundo Municipal de Saúde de Pitimbu;122025;2025;24115121;Transferências de Recursos do Bloco de Estruturação da Rede de Serviços Públicos de Saúde - Atenção Especializada - Principal;Lançamento de Receita;-536.400;601;Transferências Fundo a Fundo de Recursos do SUS provenientes do Governo Federal - Bloco de Estruturação da Rede de Serviços Públicos de Saúde;"Não ";Não Aplicável
Pitimbu;601147;Fundo Municipal de Saúde de Pitimbu;122025;2025;24115121;Transferências de Recursos do Bloco de Estruturação da Rede de Serviços Públicos de Saúde - Atenção Especializada - Principal;Lançamento de Receita;536.400;601;Transferências Fundo a Fundo de Recursos do SUS provenientes do Governo Federal - Bloco de Estruturação da Rede de Serviços Públicos de Saúde;3110;Identificação das Transferências da União decorrentes de emendas parlamentares individuais
Pitimbu;601147;Fundo Municipal de Saúde de Pitimbu;112025;2025;24115121;Transferências de Recursos do Bloco de Estruturação da Rede de Serviços Públicos de Saúde - Atenção Especializada - Principal;Lançamento de Receita;536.400;601;Transferências Fundo a Fundo de Recursos do SUS provenientes do Governo Federal - Bloco de Estruturação da Rede de Serviços Públicos de Saúde;"Não ";Não Aplicável
Pitimbu;601147;Fundo Municipal de Saúde de Pitimbu;062025;2025;24115111;Transferências de Recursos do Bloco de Estruturação da Rede de Serviços Públicos de Saúde - Atenção Primária - Principal;Lançamento de Receita;1.816.494;601;Transferências Fundo a Fundo de Recursos do SUS provenientes do Governo Federal - Bloco de Estruturação da Rede de Serviços Públicos de Saúde;"Não ";Não Aplicável
Pitimbu;601147;Fundo Municipal de Saúde de Pitimbu;082025;2025;19229901;Outras Restituições - Principal;Lançamento de Receita;0;500;Recursos não vinculados de Impostos;"Não ";Não Aplicável
Pitimbu;601147;Fundo Municipal de Saúde de Pitimbu;122025;2025;17235001;Transferências de Recursos do Sistema Único de Saúde – SUS - Principal;Lançamento de Receita;4.201,71;621;"Transferências Fundo a Fundo de Recursos do SUS provenientes do Governo Estadual ";"Não ";Não Aplicável
Pitimbu;601147;Fundo Municipal de Saúde de Pitimbu;112025;2025;17235001;Transferências de Recursos do Sistema Único de Saúde – SUS - Principal;Lançamento de Receita;4.201,71;621;"Transferências Fundo a Fundo de Recursos do SUS provenientes do Governo Estadual ";"Não ";Não Aplicável
Pitimbu;601147;Fundo Municipal de Saúde de Pitimbu;102025;2025;17235001;Transferências de Recursos do Sistema Único de Saúde – SUS - Principal;Lançamento de Receita;8.403,42;621;"Transferências Fundo a Fundo de Recursos do SUS provenientes do Governo Estadual ";"Não ";Não Aplicável
Pitimbu;601147;Fundo Municipal de Saúde de Pitimbu;082025;2025;17235001;Transferências de Recursos do Sistema Único de Saúde – SUS - Principal;Lançamento de Receita;4.201,71;621;"Transferências Fundo a Fundo de Recursos do SUS provenientes do Governo Estadual ";"Não ";Não Aplicável
Pitimbu;601147;Fundo Municipal de Saúde de Pitimbu;072025;2025;17235001;Transferências de Recursos do Sistema Único de Saúde – SUS - Principal;Lançamento de Receita;4.201,71;621;"Transferências Fundo a Fundo de Recursos do SUS provenientes do Governo Estadual ";"Não ";Não Aplicável
Pitimbu;601147;Fundo Municipal de Saúde de Pitimbu;062025;2025;17235001;Transferências de Recursos do Sistema Único de Saúde – SUS - Principal;Lançamento de Receita;4.201,71;621;"Transferências Fundo a Fundo de Recursos do SUS provenientes do Governo Estadual ";"Não ";Não Aplicável
Pitimbu;601147;Fundo Municipal de Saúde de Pitimbu;052025;2025;17235001;Transferências de Recursos do Sistema Único de Saúde – SUS - Principal;Lançamento de Receita;4.201,71;621;"Transferências Fundo a Fundo de Recursos do SUS provenientes do Governo Estadual ";"Não ";Não Aplicável
Pitimbu;601147;Fundo Municipal de Saúde de Pitimbu;042025;2025;17235001;Transferências de Recursos do Sistema Único de Saúde – SUS - Principal;Lançamento de Receita;4.201,71;621;"Transferências Fundo a Fundo de Recursos do SUS provenientes do Governo Estadual ";"Não ";Não Aplicável
Pitimbu;601147;Fundo Municipal de Saúde de Pitimbu;032025;2025;17235001;Transferências de Recursos do Sistema Único de Saúde – SUS - Principal;Lançamento de Receita;4.201,71;621;"Transferências Fundo a Fundo de Recursos do SUS provenientes do Governo Estadual ";"Não ";Não Aplicável
Pitimbu;601147;Fundo Municipal de Saúde de Pitimbu;022025;2025;17235001;Transferências de Recursos do Sistema Único de Saúde – SUS - Principal;Lançamento de Receita;4.201,71;621;"Transferências Fundo a Fundo de Recursos do SUS provenientes do Governo Estadual ";"Não ";Não Aplicável
Pitimbu;601147;Fundo Municipal de Saúde de Pitimbu;012025;2025;17235001;Transferências de Recursos do Sistema Único de Saúde – SUS - Principal;Lançamento de Receita;4.201,71;621;"Transferências Fundo a Fundo de Recursos do SUS provenientes do Governo Estadual ";"Não ";Não Aplicável
Pitimbu;601147;Fundo Municipal de Saúde de Pitimbu;022025;2025;17135121;Transferências de Recursos do Bloco de Estruturação da Rede de Serviços Públicos de Saúde - Atenção Especializada - Principal;Lançamento de Receita;160.000;600;Transferências Fundo a Fundo de Recursos do SUS provenientes do Governo Federal - Bloco de Manutenção das Ações e Serviços Públicos de Saúde;3120;Identificação das Transferências da União decorrentes de emendas parlamentares de bancada
Pitimbu;601147;Fundo Municipal de Saúde de Pitimbu;122025;2025;17135051;Transferências de Recursos do Bloco de Manutenção das Ações e Serviços Públicos de Saúde – Gestão do SUS - Principal;Lançamento de Receita;397.556,41;605;Assistência financeira da União destinada à complementação ao pagamento dos pisos salariais para profissionais da enfermagem;"Não ";Não Aplicável
Pitimbu;601147;Fundo Municipal de Saúde de Pitimbu;112025;2025;17135051;Transferências de Recursos do Bloco de Manutenção das Ações e Serviços Públicos de Saúde – Gestão do SUS - Principal;Lançamento de Receita;131.679,51;605;Assistência financeira da União destinada à complementação ao pagamento dos pisos salariais para profissionais da enfermagem;"Não ";Não Aplicável
Pitimbu;601147;Fundo Municipal de Saúde de Pitimbu;102025;2025;17135051;Transferências de Recursos do Bloco de Manutenção das Ações e Serviços Públicos de Saúde – Gestão do SUS - Principal;Lançamento de Receita;137.447,69;605;Assistência financeira da União destinada à complementação ao pagamento dos pisos salariais para profissionais da enfermagem;"Não ";Não Aplicável
Pitimbu;601147;Fundo Municipal de Saúde de Pitimbu;082025;2025;17135051;Transferências de Recursos do Bloco de Manutenção das Ações e Serviços Públicos de Saúde – Gestão do SUS - Principal;Lançamento de Receita;138.952,42;605;Assistência financeira da União destinada à complementação ao pagamento dos pisos salariais para profissionais da enfermagem;"Não ";Não Aplicável
Pitimbu;601147;Fundo Municipal de Saúde de Pitimbu;072025;2025;17135051;Transferências de Recursos do Bloco de Manutenção das Ações e Serviços Públicos de Saúde – Gestão do SUS - Principal;Lançamento de Receita;272.227,2;605;Assistência financeira da União destinada à complementação ao pagamento dos pisos salariais para profissionais da enfermagem;"Não ";Não Aplicável
Pitimbu;601147;Fundo Municipal de Saúde de Pitimbu;062025;2025;17135051;Transferências de Recursos do Bloco de Manutenção das Ações e Serviços Públicos de Saúde – Gestão do SUS - Principal;Lançamento de Receita;135.942,96;605;Assistência financeira da União destinada à complementação ao pagamento dos pisos salariais para profissionais da enfermagem;"Não ";Não Aplicável
Pitimbu;601147;Fundo Municipal de Saúde de Pitimbu;052025;2025;17135051;Transferências de Recursos do Bloco de Manutenção das Ações e Serviços Públicos de Saúde – Gestão do SUS - Principal;Lançamento de Receita;135.942,96;605;Assistência financeira da União destinada à complementação ao pagamento dos pisos salariais para profissionais da enfermagem;"Não ";Não Aplicável
Pitimbu;601147;Fundo Municipal de Saúde de Pitimbu;042025;2025;17135051;Transferências de Recursos do Bloco de Manutenção das Ações e Serviços Públicos de Saúde – Gestão do SUS - Principal;Lançamento de Receita;132.501,68;605;Assistência financeira da União destinada à complementação ao pagamento dos pisos salariais para profissionais da enfermagem;"Não ";Não Aplicável
Pitimbu;601147;Fundo Municipal de Saúde de Pitimbu;032025;2025;17135051;Transferências de Recursos do Bloco de Manutenção das Ações e Serviços Públicos de Saúde – Gestão do SUS - Principal;Lançamento de Receita;132.261,14;605;Assistência financeira da União destinada à complementação ao pagamento dos pisos salariais para profissionais da enfermagem;"Não ";Não Aplicável
Pitimbu;601147;Fundo Municipal de Saúde de Pitimbu;022025;2025;17135051;Transferências de Recursos do Bloco de Manutenção das Ações e Serviços Públicos de Saúde – Gestão do SUS - Principal;Lançamento de Receita;122.786,16;605;Assistência financeira da União destinada à complementação ao pagamento dos pisos salariais para profissionais da enfermagem;"Não ";Não Aplicável
Pitimbu;601147;Fundo Municipal de Saúde de Pitimbu;012025;2025;17135051;Transferências de Recursos do Bloco de Manutenção das Ações e Serviços Públicos de Saúde – Gestão do SUS - Principal;Lançamento de Receita;129.730,16;605;Assistência financeira da União destinada à complementação ao pagamento dos pisos salariais para profissionais da enfermagem;"Não ";Não Aplicável
Pitimbu;601147;Fundo Municipal de Saúde de Pitimbu;122025;2025;17135041;Transferências de Recursos do Bloco de Manutenção das Ações e Serviços Públicos de Saúde – Assistência Farmacêutica - Principal;Lançamento de Receita;12.284,1;600;Transferências Fundo a Fundo de Recursos do SUS provenientes do Governo Federal - Bloco de Manutenção das Ações e Serviços Públicos de Saúde;"Não ";Não Aplicável
Pitimbu;601147;Fundo Municipal de Saúde de Pitimbu;112025;2025;17135041;Transferências de Recursos do Bloco de Manutenção das Ações e Serviços Públicos de Saúde – Assistência Farmacêutica - Principal;Lançamento de Receita;12.284,1;600;Transferências Fundo a Fundo de Recursos do SUS provenientes do Governo Federal - Bloco de Manutenção das Ações e Serviços Públicos de Saúde;"Não ";Não Aplicável
Pitimbu;601147;Fundo Municipal de Saúde de Pitimbu;102025;2025;17135041;Transferências de Recursos do Bloco de Manutenção das Ações e Serviços Públicos de Saúde – Assistência Farmacêutica - Principal;Lançamento de Receita;12.284,1;600;Transferências Fundo a Fundo de Recursos do SUS provenientes do Governo Federal - Bloco de Manutenção das Ações e Serviços Públicos de Saúde;"Não ";Não Aplicável
Pitimbu;601147;Fundo Municipal de Saúde de Pitimbu;092025;2025;17135041;Transferências de Recursos do Bloco de Manutenção das Ações e Serviços Públicos de Saúde – Assistência Farmacêutica - Principal;Lançamento de Receita;12.284,1;600;Transferências Fundo a Fundo de Recursos do SUS provenientes do Governo Federal - Bloco de Manutenção das Ações e Serviços Públicos de Saúde;"Não ";Não Aplicável
Pitimbu;601147;Fundo Municipal de Saúde de Pitimbu;082025;2025;17135041;Transferências de Recursos do Bloco de Manutenção das Ações e Serviços Públicos de Saúde – Assistência Farmacêutica - Principal;Lançamento de Receita;20.659,8;600;Transferências Fundo a Fundo de Recursos do SUS provenientes do Governo Federal - Bloco de Manutenção das Ações e Serviços Públicos de Saúde;"Não ";Não Aplicável
Pitimbu;601147;Fundo Municipal de Saúde de Pitimbu;072025;2025;17135041;Transferências de Recursos do Bloco de Manutenção das Ações e Serviços Públicos de Saúde – Assistência Farmacêutica - Principal;Lançamento de Receita;12.284,1;600;Transferências Fundo a Fundo de Recursos do SUS provenientes do Governo Federal - Bloco de Manutenção das Ações e Serviços Públicos de Saúde;"Não ";Não Aplicável
Pitimbu;601147;Fundo Municipal de Saúde de Pitimbu;062025;2025;17135041;Transferências de Recursos do Bloco de Manutenção das Ações e Serviços Públicos de Saúde – Assistência Farmacêutica - Principal;Lançamento de Receita;10.888,15;600;Transferências Fundo a Fundo de Recursos do SUS provenientes do Governo Federal - Bloco de Manutenção das Ações e Serviços Públicos de Saúde;"Não ";Não Aplicável
Pitimbu;601147;Fundo Municipal de Saúde de Pitimbu;052025;2025;17135041;Transferências de Recursos do Bloco de Manutenção das Ações e Serviços Públicos de Saúde – Assistência Farmacêutica - Principal;Lançamento de Receita;10.888,15;600;Transferências Fundo a Fundo de Recursos do SUS provenientes do Governo Federal - Bloco de Manutenção das Ações e Serviços Públicos de Saúde;"Não ";Não Aplicável
Pitimbu;601147;Fundo Municipal de Saúde de Pitimbu;042025;2025;17135041;Transferências de Recursos do Bloco de Manutenção das Ações e Serviços Públicos de Saúde – Assistência Farmacêutica - Principal;Lançamento de Receita;10.888,15;600;Transferências Fundo a Fundo de Recursos do SUS provenientes do Governo Federal - Bloco de Manutenção das Ações e Serviços Públicos de Saúde;"Não ";Não Aplicável
Pitimbu;601147;Fundo Municipal de Saúde de Pitimbu;032025;2025;17135041;Transferências de Recursos do Bloco de Manutenção das Ações e Serviços Públicos de Saúde – Assistência Farmacêutica - Principal;Lançamento de Receita;10.888,15;600;Transferências Fundo a Fundo de Recursos do SUS provenientes do Governo Federal - Bloco de Manutenção das Ações e Serviços Públicos de Saúde;"Não ";Não Aplicável
Pitimbu;601147;Fundo Municipal de Saúde de Pitimbu;022025;2025;17135041;Transferências de Recursos do Bloco de Manutenção das Ações e Serviços Públicos de Saúde – Assistência Farmacêutica - Principal;Lançamento de Receita;10.888,15;600;Transferências Fundo a Fundo de Recursos do SUS provenientes do Governo Federal - Bloco de Manutenção das Ações e Serviços Públicos de Saúde;"Não ";Não Aplicável
Pitimbu;601147;Fundo Municipal de Saúde de Pitimbu;012025;2025;17135041;Transferências de Recursos do Bloco de Manutenção das Ações e Serviços Públicos de Saúde – Assistência Farmacêutica - Principal;Lançamento de Receita;10.888,15;600;Transferências Fundo a Fundo de Recursos do SUS provenientes do Governo Federal - Bloco de Manutenção das Ações e Serviços Públicos de Saúde;"Não ";Não Aplicável
Pitimbu;601147;Fundo Municipal de Saúde de Pitimbu;122025;2025;17135031;Transferências de Recursos do Bloco de Manutenção das Ações e Serviços Públicos de Saúde – Vigilância em Saúde - Principal;Lançamento de Receita;45.540;604;Transferências provenientes do Governo Federal destinadas ao vencimento dos agentes comunitários de saúde e dos agentes de combate às endemias;"Não ";Não Aplicável
Pitimbu;601147;Fundo Municipal de Saúde de Pitimbu;122025;2025;17135031;Transferências de Recursos do Bloco de Manutenção das Ações e Serviços Públicos de Saúde – Vigilância em Saúde - Principal;Lançamento de Receita;12.727,19;600;Transferências Fundo a Fundo de Recursos do SUS provenientes do Governo Federal - Bloco de Manutenção das Ações e Serviços Públicos de Saúde;"Não ";Não Aplicável
Pitimbu;601147;Fundo Municipal de Saúde de Pitimbu;112025;2025;17135031;Transferências de Recursos do Bloco de Manutenção das Ações e Serviços Públicos de Saúde – Vigilância em Saúde - Principal;Lançamento de Receita;24.840,87;600;Transferências Fundo a Fundo de Recursos do SUS provenientes do Governo Federal - Bloco de Manutenção das Ações e Serviços Públicos de Saúde;"Não ";Não Aplicável
Pitimbu;601147;Fundo Municipal de Saúde de Pitimbu;102025;2025;17135031;Transferências de Recursos do Bloco de Manutenção das Ações e Serviços Públicos de Saúde – Vigilância em Saúde - Principal;Lançamento de Receita;15.180;604;Transferências provenientes do Governo Federal destinadas ao vencimento dos agentes comunitários de saúde e dos agentes de combate às endemias;"Não ";Não Aplicável
Pitimbu;601147;Fundo Municipal de Saúde de Pitimbu;102025;2025;17135031;Transferências de Recursos do Bloco de Manutenção das Ações e Serviços Públicos de Saúde – Vigilância em Saúde - Principal;Lançamento de Receita;8.660,87;600;Transferências Fundo a Fundo de Recursos do SUS provenientes do Governo Federal - Bloco de Manutenção das Ações e Serviços Públicos de Saúde;"Não ";Não Aplicável
Pitimbu;601147;Fundo Municipal de Saúde de Pitimbu;092025;2025;17135031;Transferências de Recursos do Bloco de Manutenção das Ações e Serviços Públicos de Saúde – Vigilância em Saúde - Principal;Lançamento de Receita;9.660,87;600;Transferências Fundo a Fundo de Recursos do SUS provenientes do Governo Federal - Bloco de Manutenção das Ações e Serviços Públicos de Saúde;"Não ";Não Aplicável
Pitimbu;601147;Fundo Municipal de Saúde de Pitimbu;092025;2025;17135031;Transferências de Recursos do Bloco de Manutenção das Ações e Serviços Públicos de Saúde – Vigilância em Saúde - Principal;Lançamento de Receita;15.180;604;Transferências provenientes do Governo Federal destinadas ao vencimento dos agentes comunitários de saúde e dos agentes de combate às endemias;"Não ";Não Aplicável
Pitimbu;601147;Fundo Municipal de Saúde de Pitimbu;082025;2025;17135031;Transferências de Recursos do Bloco de Manutenção das Ações e Serviços Públicos de Saúde – Vigilância em Saúde - Principal;Lançamento de Receita;10.660,87;600;Transferências Fundo a Fundo de Recursos do SUS provenientes do Governo Federal - Bloco de Manutenção das Ações e Serviços Públicos de Saúde;"Não ";Não Aplicável
Pitimbu;601147;Fundo Municipal de Saúde de Pitimbu;082025;2025;17135031;Transferências de Recursos do Bloco de Manutenção das Ações e Serviços Públicos de Saúde – Vigilância em Saúde - Principal;Lançamento de Receita;15.180;604;Transferências provenientes do Governo Federal destinadas ao vencimento dos agentes comunitários de saúde e dos agentes de combate às endemias;"Não ";Não Aplicável
Pitimbu;601147;Fundo Municipal de Saúde de Pitimbu;072025;2025;17135031;Transferências de Recursos do Bloco de Manutenção das Ações e Serviços Públicos de Saúde – Vigilância em Saúde - Principal;Lançamento de Receita;23.026,74;604;Transferências provenientes do Governo Federal destinadas ao vencimento dos agentes comunitários de saúde e dos agentes de combate às endemias;"Não ";Não Aplicável
Pitimbu;601147;Fundo Municipal de Saúde de Pitimbu;072025;2025;17135031;Transferências de Recursos do Bloco de Manutenção das Ações e Serviços Públicos de Saúde – Vigilância em Saúde - Principal;Lançamento de Receita;7.628,26;600;Transferências Fundo a Fundo de Recursos do SUS provenientes do Governo Federal - Bloco de Manutenção das Ações e Serviços Públicos de Saúde;"Não ";Não Aplicável
Pitimbu;601147;Fundo Municipal de Saúde de Pitimbu;062025;2025;17135031;Transferências de Recursos do Bloco de Manutenção das Ações e Serviços Públicos de Saúde – Vigilância em Saúde - Principal;Lançamento de Receita;15.180;604;Transferências provenientes do Governo Federal destinadas ao vencimento dos agentes comunitários de saúde e dos agentes de combate às endemias;"Não ";Não Aplicável
Pitimbu;601147;Fundo Municipal de Saúde de Pitimbu;062025;2025;17135031;Transferências de Recursos do Bloco de Manutenção das Ações e Serviços Públicos de Saúde – Vigilância em Saúde - Principal;Lançamento de Receita;7.846,74;600;Transferências Fundo a Fundo de Recursos do SUS provenientes do Governo Federal - Bloco de Manutenção das Ações e Serviços Públicos de Saúde;"Não ";Não Aplicável
Pitimbu;601147;Fundo Municipal de Saúde de Pitimbu;052025;2025;17135031;Transferências de Recursos do Bloco de Manutenção das Ações e Serviços Públicos de Saúde – Vigilância em Saúde - Principal;Lançamento de Receita;16.994,13;604;Transferências provenientes do Governo Federal destinadas ao vencimento dos agentes comunitários de saúde e dos agentes de combate às endemias;"Não ";Não Aplicável
Pitimbu;601147;Fundo Municipal de Saúde de Pitimbu;052025;2025;17135031;Transferências de Recursos do Bloco de Manutenção das Ações e Serviços Públicos de Saúde – Vigilância em Saúde - Principal;Lançamento de Receita;6.846,74;600;Transferências Fundo a Fundo de Recursos do SUS provenientes do Governo Federal - Bloco de Manutenção das Ações e Serviços Públicos de Saúde;"Não ";Não Aplicável
Pitimbu;601147;Fundo Municipal de Saúde de Pitimbu;042025;2025;17135031;Transferências de Recursos do Bloco de Manutenção das Ações e Serviços Públicos de Saúde – Vigilância em Saúde - Principal;Lançamento de Receita;15.180;604;Transferências provenientes do Governo Federal destinadas ao vencimento dos agentes comunitários de saúde e dos agentes de combate às endemias;"Não ";Não Aplicável
Pitimbu;601147;Fundo Municipal de Saúde de Pitimbu;042025;2025;17135031;Transferências de Recursos do Bloco de Manutenção das Ações e Serviços Públicos de Saúde – Vigilância em Saúde - Principal;Lançamento de Receita;26.788,12;600;Transferências Fundo a Fundo de Recursos do SUS provenientes do Governo Federal - Bloco de Manutenção das Ações e Serviços Públicos de Saúde;"Não ";Não Aplicável
Pitimbu;601147;Fundo Municipal de Saúde de Pitimbu;032025;2025;17135031;Transferências de Recursos do Bloco de Manutenção das Ações e Serviços Públicos de Saúde – Vigilância em Saúde - Principal;Lançamento de Receita;8.660,87;600;Transferências Fundo a Fundo de Recursos do SUS provenientes do Governo Federal - Bloco de Manutenção das Ações e Serviços Públicos de Saúde;"Não ";Não Aplicável
Pitimbu;601147;Fundo Municipal de Saúde de Pitimbu;032025;2025;17135031;Transferências de Recursos do Bloco de Manutenção das Ações e Serviços Públicos de Saúde – Vigilância em Saúde - Principal;Lançamento de Receita;15.180;604;Transferências provenientes do Governo Federal destinadas ao vencimento dos agentes comunitários de saúde e dos agentes de combate às endemias;"Não ";Não Aplicável
Pitimbu;601147;Fundo Municipal de Saúde de Pitimbu;022025;2025;17135031;Transferências de Recursos do Bloco de Manutenção das Ações e Serviços Públicos de Saúde – Vigilância em Saúde - Principal;Lançamento de Receita;432,76;601;Transferências Fundo a Fundo de Recursos do SUS provenientes do Governo Federal - Bloco de Estruturação da Rede de Serviços Públicos de Saúde;"Não ";Não Aplicável
Pitimbu;601147;Fundo Municipal de Saúde de Pitimbu;022025;2025;17135031;Transferências de Recursos do Bloco de Manutenção das Ações e Serviços Públicos de Saúde – Vigilância em Saúde - Principal;Lançamento de Receita;15.180;604;Transferências provenientes do Governo Federal destinadas ao vencimento dos agentes comunitários de saúde e dos agentes de combate às endemias;"Não ";Não Aplicável
Pitimbu;601147;Fundo Municipal de Saúde de Pitimbu;022025;2025;17135031;Transferências de Recursos do Bloco de Manutenção das Ações e Serviços Públicos de Saúde – Vigilância em Saúde - Principal;Lançamento de Receita;8.228,11;600;Transferências Fundo a Fundo de Recursos do SUS provenientes do Governo Federal - Bloco de Manutenção das Ações e Serviços Públicos de Saúde;"Não ";Não Aplicável
Pitimbu;601147;Fundo Municipal de Saúde de Pitimbu;012025;2025;17135031;Transferências de Recursos do Bloco de Manutenção das Ações e Serviços Públicos de Saúde – Vigilância em Saúde - Principal;Lançamento de Receita;7.011,48;600;Transferências Fundo a Fundo de Recursos do SUS provenientes do Governo Federal - Bloco de Manutenção das Ações e Serviços Públicos de Saúde;"Não ";Não Aplicável
Pitimbu;601147;Fundo Municipal de Saúde de Pitimbu;012025;2025;17135031;Transferências de Recursos do Bloco de Manutenção das Ações e Serviços Públicos de Saúde – Vigilância em Saúde - Principal;Lançamento de Receita;15.180;604;Transferências provenientes do Governo Federal destinadas ao vencimento dos agentes comunitários de saúde e dos agentes de combate às endemias;"Não ";Não Aplicável
Pitimbu;601147;Fundo Municipal de Saúde de Pitimbu;122025;2025;17135021;Transferências de Recursos do Bloco de Manutenção das Ações e Serviços Públicos de Saúde – Atenção Especializada - Principal;Lançamento de Receita;92.670,32;600;Transferências Fundo a Fundo de Recursos do SUS provenientes do Governo Federal - Bloco de Manutenção das Ações e Serviços Públicos de Saúde;"Não ";Não Aplicável
Pitimbu;601147;Fundo Municipal de Saúde de Pitimbu;122025;2025;17135021;Transferências de Recursos do Bloco de Manutenção das Ações e Serviços Públicos de Saúde – Atenção Especializada - Principal;Outras Deduções;-1.061,76;600;Transferências Fundo a Fundo de Recursos do SUS provenientes do Governo Federal - Bloco de Manutenção das Ações e Serviços Públicos de Saúde;"Não ";Não Aplicável
Pitimbu;601147;Fundo Municipal de Saúde de Pitimbu;112025;2025;17135021;Transferências de Recursos do Bloco de Manutenção das Ações e Serviços Públicos de Saúde – Atenção Especializada - Principal;Outras Deduções;-1.061,76;600;Transferências Fundo a Fundo de Recursos do SUS provenientes do Governo Federal - Bloco de Manutenção das Ações e Serviços Públicos de Saúde;"Não ";Não Aplicável
Pitimbu;601147;Fundo Municipal de Saúde de Pitimbu;112025;2025;17135021;Transferências de Recursos do Bloco de Manutenção das Ações e Serviços Públicos de Saúde – Atenção Especializada - Principal;Lançamento de Receita;92.670,32;600;Transferências Fundo a Fundo de Recursos do SUS provenientes do Governo Federal - Bloco de Manutenção das Ações e Serviços Públicos de Saúde;"Não ";Não Aplicável
Pitimbu;601147;Fundo Municipal de Saúde de Pitimbu;102025;2025;17135021;Transferências de Recursos do Bloco de Manutenção das Ações e Serviços Públicos de Saúde – Atenção Especializada - Principal;Lançamento de Receita;92.670,32;600;Transferências Fundo a Fundo de Recursos do SUS provenientes do Governo Federal - Bloco de Manutenção das Ações e Serviços Públicos de Saúde;"Não ";Não Aplicável
Pitimbu;601147;Fundo Municipal de Saúde de Pitimbu;102025;2025;17135021;Transferências de Recursos do Bloco de Manutenção das Ações e Serviços Públicos de Saúde – Atenção Especializada - Principal;Outras Deduções;-1.061,76;600;Transferências Fundo a Fundo de Recursos do SUS provenientes do Governo Federal - Bloco de Manutenção das Ações e Serviços Públicos de Saúde;"Não ";Não Aplicável
Pitimbu;601147;Fundo Municipal de Saúde de Pitimbu;092025;2025;17135021;Transferências de Recursos do Bloco de Manutenção das Ações e Serviços Públicos de Saúde – Atenção Especializada - Principal;Outras Deduções;-1.061,76;600;Transferências Fundo a Fundo de Recursos do SUS provenientes do Governo Federal - Bloco de Manutenção das Ações e Serviços Públicos de Saúde;"Não ";Não Aplicável
Pitimbu;601147;Fundo Municipal de Saúde de Pitimbu;092025;2025;17135021;Transferências de Recursos do Bloco de Manutenção das Ações e Serviços Públicos de Saúde – Atenção Especializada - Principal;Lançamento de Receita;92.670,32;600;Transferências Fundo a Fundo de Recursos do SUS provenientes do Governo Federal - Bloco de Manutenção das Ações e Serviços Públicos de Saúde;"Não ";Não Aplicável
Pitimbu;601147;Fundo Municipal de Saúde de Pitimbu;082025;2025;17135021;Transferências de Recursos do Bloco de Manutenção das Ações e Serviços Públicos de Saúde – Atenção Especializada - Principal;Outras Deduções;-1.061,76;600;Transferências Fundo a Fundo de Recursos do SUS provenientes do Governo Federal - Bloco de Manutenção das Ações e Serviços Públicos de Saúde;"Não ";Não Aplicável
Pitimbu;601147;Fundo Municipal de Saúde de Pitimbu;082025;2025;17135021;Transferências de Recursos do Bloco de Manutenção das Ações e Serviços Públicos de Saúde – Atenção Especializada - Principal;Lançamento de Receita;92.670,32;600;Transferências Fundo a Fundo de Recursos do SUS provenientes do Governo Federal - Bloco de Manutenção das Ações e Serviços Públicos de Saúde;"Não ";Não Aplicável
Pitimbu;601147;Fundo Municipal de Saúde de Pitimbu;072025;2025;17135021;Transferências de Recursos do Bloco de Manutenção das Ações e Serviços Públicos de Saúde – Atenção Especializada - Principal;Lançamento de Receita;92.670,32;600;Transferências Fundo a Fundo de Recursos do SUS provenientes do Governo Federal - Bloco de Manutenção das Ações e Serviços Públicos de Saúde;"Não ";Não Aplicável
Pitimbu;601147;Fundo Municipal de Saúde de Pitimbu;072025;2025;17135021;Transferências de Recursos do Bloco de Manutenção das Ações e Serviços Públicos de Saúde – Atenção Especializada - Principal;Outras Deduções;-1.061,76;600;Transferências Fundo a Fundo de Recursos do SUS provenientes do Governo Federal - Bloco de Manutenção das Ações e Serviços Públicos de Saúde;"Não ";Não Aplicável
Pitimbu;601147;Fundo Municipal de Saúde de Pitimbu;062025;2025;17135021;Transferências de Recursos do Bloco de Manutenção das Ações e Serviços Públicos de Saúde – Atenção Especializada - Principal;Outras Deduções;-1.061,76;600;Transferências Fundo a Fundo de Recursos do SUS provenientes do Governo Federal - Bloco de Manutenção das Ações e Serviços Públicos de Saúde;"Não ";Não Aplicável
Pitimbu;601147;Fundo Municipal de Saúde de Pitimbu;062025;2025;17135021;Transferências de Recursos do Bloco de Manutenção das Ações e Serviços Públicos de Saúde – Atenção Especializada - Principal;Lançamento de Receita;92.670,32;600;Transferências Fundo a Fundo de Recursos do SUS provenientes do Governo Federal - Bloco de Manutenção das Ações e Serviços Públicos de Saúde;"Não ";Não Aplicável
Pitimbu;601147;Fundo Municipal de Saúde de Pitimbu;052025;2025;17135021;Transferências de Recursos do Bloco de Manutenção das Ações e Serviços Públicos de Saúde – Atenção Especializada - Principal;Lançamento de Receita;92.670,32;600;Transferências Fundo a Fundo de Recursos do SUS provenientes do Governo Federal - Bloco de Manutenção das Ações e Serviços Públicos de Saúde;"Não ";Não Aplicável
Pitimbu;601147;Fundo Municipal de Saúde de Pitimbu;052025;2025;17135021;Transferências de Recursos do Bloco de Manutenção das Ações e Serviços Públicos de Saúde – Atenção Especializada - Principal;Outras Deduções;-1.061,76;500;Recursos não vinculados de Impostos;"Não ";Não Aplicável
Pitimbu;601147;Fundo Municipal de Saúde de Pitimbu;042025;2025;17135021;Transferências de Recursos do Bloco de Manutenção das Ações e Serviços Públicos de Saúde – Atenção Especializada - Principal;Outras Deduções;-1.061,76;600;Transferências Fundo a Fundo de Recursos do SUS provenientes do Governo Federal - Bloco de Manutenção das Ações e Serviços Públicos de Saúde;"Não ";Não Aplicável
Pitimbu;601147;Fundo Municipal de Saúde de Pitimbu;042025;2025;17135021;Transferências de Recursos do Bloco de Manutenção das Ações e Serviços Públicos de Saúde – Atenção Especializada - Principal;Lançamento de Receita;92.670,32;600;Transferências Fundo a Fundo de Recursos do SUS provenientes do Governo Federal - Bloco de Manutenção das Ações e Serviços Públicos de Saúde;"Não ";Não Aplicável
Pitimbu;601147;Fundo Municipal de Saúde de Pitimbu;032025;2025;17135021;Transferências de Recursos do Bloco de Manutenção das Ações e Serviços Públicos de Saúde – Atenção Especializada - Principal;Lançamento de Receita;92.670,32;600;Transferências Fundo a Fundo de Recursos do SUS provenientes do Governo Federal - Bloco de Manutenção das Ações e Serviços Públicos de Saúde;"Não ";Não Aplicável
Pitimbu;601147;Fundo Municipal de Saúde de Pitimbu;032025;2025;17135021;Transferências de Recursos do Bloco de Manutenção das Ações e Serviços Públicos de Saúde – Atenção Especializada - Principal;Outras Deduções;-1.061,76;600;Transferências Fundo a Fundo de Recursos do SUS provenientes do Governo Federal - Bloco de Manutenção das Ações e Serviços Públicos de Saúde;"Não ";Não Aplicável
Pitimbu;601147;Fundo Municipal de Saúde de Pitimbu;022025;2025;17135021;Transferências de Recursos do Bloco de Manutenção das Ações e Serviços Públicos de Saúde – Atenção Especializada - Principal;Outras Deduções;-1.061,76;600;Transferências Fundo a Fundo de Recursos do SUS provenientes do Governo Federal - Bloco de Manutenção das Ações e Serviços Públicos de Saúde;"Não ";Não Aplicável
Pitimbu;601147;Fundo Municipal de Saúde de Pitimbu;022025;2025;17135021;Transferências de Recursos do Bloco de Manutenção das Ações e Serviços Públicos de Saúde – Atenção Especializada - Principal;Lançamento de Receita;92.670,32;600;Transferências Fundo a Fundo de Recursos do SUS provenientes do Governo Federal - Bloco de Manutenção das Ações e Serviços Públicos de Saúde;"Não ";Não Aplicável
Pitimbu;601147;Fundo Municipal de Saúde de Pitimbu;012025;2025;17135021;Transferências de Recursos do Bloco de Manutenção das Ações e Serviços Públicos de Saúde – Atenção Especializada - Principal;Lançamento de Receita;92.670,32;600;Transferências Fundo a Fundo de Recursos do SUS provenientes do Governo Federal - Bloco de Manutenção das Ações e Serviços Públicos de Saúde;"Não ";Não Aplicável
Pitimbu;601147;Fundo Municipal de Saúde de Pitimbu;012025;2025;17135021;Transferências de Recursos do Bloco de Manutenção das Ações e Serviços Públicos de Saúde – Atenção Especializada - Principal;Outras Deduções;-758,4;600;Transferências Fundo a Fundo de Recursos do SUS provenientes do Governo Federal - Bloco de Manutenção das Ações e Serviços Públicos de Saúde;"Não ";Não Aplicável
Pitimbu;601147;Fundo Municipal de Saúde de Pitimbu;122025;2025;17135011;Transferências de Recursos do Bloco de Manutenção das Ações e Serviços Públicos de Saúde – Atenção Primária - Principal;Lançamento de Receita;1.000.000;600;Transferências Fundo a Fundo de Recursos do SUS provenientes do Governo Federal - Bloco de Manutenção das Ações e Serviços Públicos de Saúde;3120;Identificação das Transferências da União decorrentes de emendas parlamentares de bancada
Pitimbu;601147;Fundo Municipal de Saúde de Pitimbu;122025;2025;17135011;Transferências de Recursos do Bloco de Manutenção das Ações e Serviços Públicos de Saúde – Atenção Primária - Principal;Lançamento de Receita;294.193,39;600;Transferências Fundo a Fundo de Recursos do SUS provenientes do Governo Federal - Bloco de Manutenção das Ações e Serviços Públicos de Saúde;"Não ";Não Aplicável
Pitimbu;601147;Fundo Municipal de Saúde de Pitimbu;122025;2025;17135011;Transferências de Recursos do Bloco de Manutenção das Ações e Serviços Públicos de Saúde – Atenção Primária - Principal;Lançamento de Receita;500.000;600;Transferências Fundo a Fundo de Recursos do SUS provenientes do Governo Federal - Bloco de Manutenção das Ações e Serviços Públicos de Saúde;3130;Identificação das Transferências da União decorrentes de emendas parlamentares de comissão
Pitimbu;601147;Fundo Municipal de Saúde de Pitimbu;122025;2025;17135011;Transferências de Recursos do Bloco de Manutenção das Ações e Serviços Públicos de Saúde – Atenção Primária - Principal;Lançamento de Receita;364.320;604;Transferências provenientes do Governo Federal destinadas ao vencimento dos agentes comunitários de saúde e dos agentes de combate às endemias;"Não ";Não Aplicável
Pitimbu;601147;Fundo Municipal de Saúde de Pitimbu;112025;2025;17135011;Transferências de Recursos do Bloco de Manutenção das Ações e Serviços Públicos de Saúde – Atenção Primária - Principal;Lançamento de Receita;394.669,52;600;Transferências Fundo a Fundo de Recursos do SUS provenientes do Governo Federal - Bloco de Manutenção das Ações e Serviços Públicos de Saúde;"Não ";Não Aplicável
Pitimbu;601147;Fundo Municipal de Saúde de Pitimbu;112025;2025;17135011;Transferências de Recursos do Bloco de Manutenção das Ações e Serviços Públicos de Saúde – Atenção Primária - Principal;Lançamento de Receita;121.440;604;Transferências provenientes do Governo Federal destinadas ao vencimento dos agentes comunitários de saúde e dos agentes de combate às endemias;"Não ";Não Aplicável
Pitimbu;601147;Fundo Municipal de Saúde de Pitimbu;112025;2025;17135011;Transferências de Recursos do Bloco de Manutenção das Ações e Serviços Públicos de Saúde – Atenção Primária - Principal;Lançamento de Receita;100.000;600;Transferências Fundo a Fundo de Recursos do SUS provenientes do Governo Federal - Bloco de Manutenção das Ações e Serviços Públicos de Saúde;3110;Identificação das Transferências da União decorrentes de emendas parlamentares individuais
Pitimbu;601147;Fundo Municipal de Saúde de Pitimbu;102025;2025;17135011;Transferências de Recursos do Bloco de Manutenção das Ações e Serviços Públicos de Saúde – Atenção Primária - Principal;Lançamento de Receita;121.440;604;Transferências provenientes do Governo Federal destinadas ao vencimento dos agentes comunitários de saúde e dos agentes de combate às endemias;"Não ";Não Aplicável
Pitimbu;601147;Fundo Municipal de Saúde de Pitimbu;102025;2025;17135011;Transferências de Recursos do Bloco de Manutenção das Ações e Serviços Públicos de Saúde – Atenção Primária - Principal;Lançamento de Receita;389.669,52;600;Transferências Fundo a Fundo de Recursos do SUS provenientes do Governo Federal - Bloco de Manutenção das Ações e Serviços Públicos de Saúde;"Não ";Não Aplicável
Pitimbu;601147;Fundo Municipal de Saúde de Pitimbu;092025;2025;17135011;Transferências de Recursos do Bloco de Manutenção das Ações e Serviços Públicos de Saúde – Atenção Primária - Principal;Lançamento de Receita;404.061,07;600;Transferências Fundo a Fundo de Recursos do SUS provenientes do Governo Federal - Bloco de Manutenção das Ações e Serviços Públicos de Saúde;"Não ";Não Aplicável
Pitimbu;601147;Fundo Municipal de Saúde de Pitimbu;092025;2025;17135011;Transferências de Recursos do Bloco de Manutenção das Ações e Serviços Públicos de Saúde – Atenção Primária - Principal;Lançamento de Receita;118.404;604;Transferências provenientes do Governo Federal destinadas ao vencimento dos agentes comunitários de saúde e dos agentes de combate às endemias;"Não ";Não Aplicável
Pitimbu;601147;Fundo Municipal de Saúde de Pitimbu;082025;2025;17135011;Transferências de Recursos do Bloco de Manutenção das Ações e Serviços Públicos de Saúde – Atenção Primária - Principal;Lançamento de Receita;1.395.619,52;600;Transferências Fundo a Fundo de Recursos do SUS provenientes do Governo Federal - Bloco de Manutenção das Ações e Serviços Públicos de Saúde;"Não ";Não Aplicável
Pitimbu;601147;Fundo Municipal de Saúde de Pitimbu;082025;2025;17135011;Transferências de Recursos do Bloco de Manutenção das Ações e Serviços Públicos de Saúde – Atenção Primária - Principal;Lançamento de Receita;127.512;604;Transferências provenientes do Governo Federal destinadas ao vencimento dos agentes comunitários de saúde e dos agentes de combate às endemias;"Não ";Não Aplicável
Pitimbu;601147;Fundo Municipal de Saúde de Pitimbu;072025;2025;17135011;Transferências de Recursos do Bloco de Manutenção das Ações e Serviços Públicos de Saúde – Atenção Primária - Principal;Lançamento de Receita;452.607,75;600;Transferências Fundo a Fundo de Recursos do SUS provenientes do Governo Federal - Bloco de Manutenção das Ações e Serviços Públicos de Saúde;"Não ";Não Aplicável
Pitimbu;601147;Fundo Municipal de Saúde de Pitimbu;072025;2025;17135011;Transferências de Recursos do Bloco de Manutenção das Ações e Serviços Públicos de Saúde – Atenção Primária - Principal;Lançamento de Receita;124.476;604;Transferências provenientes do Governo Federal destinadas ao vencimento dos agentes comunitários de saúde e dos agentes de combate às endemias;"Não ";Não Aplicável
Pitimbu;601147;Fundo Municipal de Saúde de Pitimbu;062025;2025;17135011;Transferências de Recursos do Bloco de Manutenção das Ações e Serviços Públicos de Saúde – Atenção Primária - Principal;Lançamento de Receita;121.440;604;Transferências provenientes do Governo Federal destinadas ao vencimento dos agentes comunitários de saúde e dos agentes de combate às endemias;"Não ";Não Aplicável
Pitimbu;601147;Fundo Municipal de Saúde de Pitimbu;062025;2025;17135011;Transferências de Recursos do Bloco de Manutenção das Ações e Serviços Públicos de Saúde – Atenção Primária - Principal;Lançamento de Receita;396.219,52;600;Transferências Fundo a Fundo de Recursos do SUS provenientes do Governo Federal - Bloco de Manutenção das Ações e Serviços Públicos de Saúde;"Não ";Não Aplicável
Pitimbu;601147;Fundo Municipal de Saúde de Pitimbu;052025;2025;17135011;Transferências de Recursos do Bloco de Manutenção das Ações e Serviços Públicos de Saúde – Atenção Primária - Principal;Lançamento de Receita;403.464,09;600;Transferências Fundo a Fundo de Recursos do SUS provenientes do Governo Federal - Bloco de Manutenção das Ações e Serviços Públicos de Saúde;"Não ";Não Aplicável
Pitimbu;601147;Fundo Municipal de Saúde de Pitimbu;052025;2025;17135011;Transferências de Recursos do Bloco de Manutenção das Ações e Serviços Públicos de Saúde – Atenção Primária - Principal;Lançamento de Receita;121.440;604;Transferências provenientes do Governo Federal destinadas ao vencimento dos agentes comunitários de saúde e dos agentes de combate às endemias;"Não ";Não Aplicável
Pitimbu;601147;Fundo Municipal de Saúde de Pitimbu;042025;2025;17135011;Transferências de Recursos do Bloco de Manutenção das Ações e Serviços Públicos de Saúde – Atenção Primária - Principal;Lançamento de Receita;487.393,87;600;Transferências Fundo a Fundo de Recursos do SUS provenientes do Governo Federal - Bloco de Manutenção das Ações e Serviços Públicos de Saúde;"Não ";Não Aplicável
Pitimbu;601147;Fundo Municipal de Saúde de Pitimbu;032025;2025;17135011;Transferências de Recursos do Bloco de Manutenção das Ações e Serviços Públicos de Saúde – Atenção Primária - Principal;Lançamento de Receita;121.440;604;Transferências provenientes do Governo Federal destinadas ao vencimento dos agentes comunitários de saúde e dos agentes de combate às endemias;"Não ";Não Aplicável
Pitimbu;601147;Fundo Municipal de Saúde de Pitimbu;032025;2025;17135011;Transferências de Recursos do Bloco de Manutenção das Ações e Serviços Públicos de Saúde – Atenção Primária - Principal;Lançamento de Receita;512.801,91;600;Transferências Fundo a Fundo de Recursos do SUS provenientes do Governo Federal - Bloco de Manutenção das Ações e Serviços Públicos de Saúde;"Não ";Não Aplicável
Pitimbu;601147;Fundo Municipal de Saúde de Pitimbu;022025;2025;17135011;Transferências de Recursos do Bloco de Manutenção das Ações e Serviços Públicos de Saúde – Atenção Primária - Principal;Lançamento de Receita;121.440;604;Transferências provenientes do Governo Federal destinadas ao vencimento dos agentes comunitários de saúde e dos agentes de combate às endemias;"Não ";Não Aplicável
Pitimbu;601147;Fundo Municipal de Saúde de Pitimbu;022025;2025;17135011;Transferências de Recursos do Bloco de Manutenção das Ações e Serviços Públicos de Saúde – Atenção Primária - Principal;Lançamento de Receita;11.250;601;Transferências Fundo a Fundo de Recursos do SUS provenientes do Governo Federal - Bloco de Estruturação da Rede de Serviços Públicos de Saúde;"Não ";Não Aplicável
Pitimbu;601147;Fundo Municipal de Saúde de Pitimbu;022025;2025;17135011;Transferências de Recursos do Bloco de Manutenção das Ações e Serviços Públicos de Saúde – Atenção Primária - Principal;Lançamento de Receita;348.932,91;600;Transferências Fundo a Fundo de Recursos do SUS provenientes do Governo Federal - Bloco de Manutenção das Ações e Serviços Públicos de Saúde;"Não ";Não Aplicável
Pitimbu;601147;Fundo Municipal de Saúde de Pitimbu;012025;2025;17135011;Transferências de Recursos do Bloco de Manutenção das Ações e Serviços Públicos de Saúde – Atenção Primária - Principal;Lançamento de Receita;419.318,07;600;Transferências Fundo a Fundo de Recursos do SUS provenientes do Governo Federal - Bloco de Manutenção das Ações e Serviços Públicos de Saúde;"Não ";Não Aplicável
Pitimbu;601147;Fundo Municipal de Saúde de Pitimbu;012025;2025;17135011;Transferências de Recursos do Bloco de Manutenção das Ações e Serviços Públicos de Saúde – Atenção Primária - Principal;Lançamento de Receita;121.440;604;Transferências provenientes do Governo Federal destinadas ao vencimento dos agentes comunitários de saúde e dos agentes de combate às endemias;"Não ";Não Aplicável
Pitimbu;601147;Fundo Municipal de Saúde de Pitimbu;122025;2025;13210101;Remuneração de Depósitos Bancários - Principal;Lançamento de Receita;5.100,41;710;Transferência Especial dos Estados;"Não ";Não Aplicável
Pitimbu;601147;Fundo Municipal de Saúde de Pitimbu;122025;2025;13210101;Remuneração de Depósitos Bancários - Principal;Lançamento de Receita;15.877,41;600;Transferências Fundo a Fundo de Recursos do SUS provenientes do Governo Federal - Bloco de Manutenção das Ações e Serviços Públicos de Saúde;"Não ";Não Aplicável
Pitimbu;601147;Fundo Municipal de Saúde de Pitimbu;122025;2025;13210101;Remuneração de Depósitos Bancários - Principal;Lançamento de Receita;3.265,96;500;Recursos não vinculados de Impostos;"Não ";Não Aplicável
Pitimbu;601147;Fundo Municipal de Saúde de Pitimbu;122025;2025;13210101;Remuneração de Depósitos Bancários - Principal;Lançamento de Receita;23.520,87;601;Transferências Fundo a Fundo de Recursos do SUS provenientes do Governo Federal - Bloco de Estruturação da Rede de Serviços Públicos de Saúde;"Não ";Não Aplicável
Pitimbu;601147;Fundo Municipal de Saúde de Pitimbu;122025;2025;13210101;Remuneração de Depósitos Bancários - Principal;Lançamento de Receita;550,86;605;Assistência financeira da União destinada à complementação ao pagamento dos pisos salariais para profissionais da enfermagem;"Não ";Não Aplicável
Pitimbu;601147;Fundo Municipal de Saúde de Pitimbu;122025;2025;13210101;Remuneração de Depósitos Bancários - Principal;Lançamento de Receita;3.122;600;Transferências Fundo a Fundo de Recursos do SUS provenientes do Governo Federal - Bloco de Manutenção das Ações e Serviços Públicos de Saúde;3130;Identificação das Transferências da União decorrentes de emendas parlamentares de comissão
Pitimbu;601147;Fundo Municipal de Saúde de Pitimbu;122025;2025;13210101;Remuneração de Depósitos Bancários - Principal;Lançamento de Receita;411,53;621;"Transferências Fundo a Fundo de Recursos do SUS provenientes do Governo Estadual ";"Não ";Não Aplicável
Pitimbu;601147;Fundo Municipal de Saúde de Pitimbu;112025;2025;13210101;Remuneração de Depósitos Bancários - Principal;Lançamento de Receita;3.206,65;500;Recursos não vinculados de Impostos;"Não ";Não Aplicável
Pitimbu;601147;Fundo Municipal de Saúde de Pitimbu;112025;2025;13210101;Remuneração de Depósitos Bancários - Principal;Lançamento de Receita;4.529,24;600;Transferências Fundo a Fundo de Recursos do SUS provenientes do Governo Federal - Bloco de Manutenção das Ações e Serviços Públicos de Saúde;"Não ";Não Aplicável
Pitimbu;601147;Fundo Municipal de Saúde de Pitimbu;112025;2025;13210101;Remuneração de Depósitos Bancários - Principal;Lançamento de Receita;94,41;605;Assistência financeira da União destinada à complementação ao pagamento dos pisos salariais para profissionais da enfermagem;"Não ";Não Aplicável
Pitimbu;601147;Fundo Municipal de Saúde de Pitimbu;112025;2025;13210101;Remuneração de Depósitos Bancários - Principal;Lançamento de Receita;980,86;710;Transferência Especial dos Estados;"Não ";Não Aplicável
Pitimbu;601147;Fundo Municipal de Saúde de Pitimbu;112025;2025;13210101;Remuneração de Depósitos Bancários - Principal;Lançamento de Receita;28.469,43;601;Transferências Fundo a Fundo de Recursos do SUS provenientes do Governo Federal - Bloco de Estruturação da Rede de Serviços Públicos de Saúde;"Não ";Não Aplicável
Pitimbu;601147;Fundo Municipal de Saúde de Pitimbu;112025;2025;13210101;Remuneração de Depósitos Bancários - Principal;Lançamento de Receita;768,53;600;Transferências Fundo a Fundo de Recursos do SUS provenientes do Governo Federal - Bloco de Manutenção das Ações e Serviços Públicos de Saúde;3110;Identificação das Transferências da União decorrentes de emendas parlamentares individuais
Pitimbu;601147;Fundo Municipal de Saúde de Pitimbu;112025;2025;13210101;Remuneração de Depósitos Bancários - Principal;Lançamento de Receita;3.661,41;710;Transferência Especial dos Estados;3210;Identificação das Transferências dos Estados decorrentes de emendas parlamentares individuais
Pitimbu;601147;Fundo Municipal de Saúde de Pitimbu;112025;2025;13210101;Remuneração de Depósitos Bancários - Principal;Lançamento de Receita;518,48;621;"Transferências Fundo a Fundo de Recursos do SUS provenientes do Governo Estadual ";"Não ";Não Aplicável
Pitimbu;601147;Fundo Municipal de Saúde de Pitimbu;102025;2025;13210101;Remuneração de Depósitos Bancários - Principal;Lançamento de Receita;9.453,19;600;Transferências Fundo a Fundo de Recursos do SUS provenientes do Governo Federal - Bloco de Manutenção das Ações e Serviços Públicos de Saúde;"Não ";Não Aplicável
Pitimbu;601147;Fundo Municipal de Saúde de Pitimbu;102025;2025;13210101;Remuneração de Depósitos Bancários - Principal;Lançamento de Receita;21.652,23;710;Transferência Especial dos Estados;3210;Identificação das Transferências dos Estados decorrentes de emendas parlamentares individuais
Pitimbu;601147;Fundo Municipal de Saúde de Pitimbu;102025;2025;13210101;Remuneração de Depósitos Bancários - Principal;Lançamento de Receita;20.532,14;601;Transferências Fundo a Fundo de Recursos do SUS provenientes do Governo Federal - Bloco de Estruturação da Rede de Serviços Públicos de Saúde;"Não ";Não Aplicável
Pitimbu;601147;Fundo Municipal de Saúde de Pitimbu;102025;2025;13210101;Remuneração de Depósitos Bancários - Principal;Lançamento de Receita;665,19;621;"Transferências Fundo a Fundo de Recursos do SUS provenientes do Governo Estadual ";"Não ";Não Aplicável
Pitimbu;601147;Fundo Municipal de Saúde de Pitimbu;102025;2025;13210101;Remuneração de Depósitos Bancários - Principal;Lançamento de Receita;4.431,46;710;Transferência Especial dos Estados;"Não ";Não Aplicável
Pitimbu;601147;Fundo Municipal de Saúde de Pitimbu;102025;2025;13210101;Remuneração de Depósitos Bancários - Principal;Lançamento de Receita;377,74;605;Assistência financeira da União destinada à complementação ao pagamento dos pisos salariais para profissionais da enfermagem;"Não ";Não Aplicável
Pitimbu;601147;Fundo Municipal de Saúde de Pitimbu;102025;2025;13210101;Remuneração de Depósitos Bancários - Principal;Lançamento de Receita;18.790,84;500;Recursos não vinculados de Impostos;"Não ";Não Aplicável
Pitimbu;601147;Fundo Municipal de Saúde de Pitimbu;092025;2025;13210101;Remuneração de Depósitos Bancários - Principal;Lançamento de Receita;509,05;605;Assistência financeira da União destinada à complementação ao pagamento dos pisos salariais para profissionais da enfermagem;"Não ";Não Aplicável
Pitimbu;601147;Fundo Municipal de Saúde de Pitimbu;092025;2025;13210101;Remuneração de Depósitos Bancários - Principal;Lançamento de Receita;10.604,47;600;Transferências Fundo a Fundo de Recursos do SUS provenientes do Governo Federal - Bloco de Manutenção das Ações e Serviços Públicos de Saúde;"Não ";Não Aplicável
Pitimbu;601147;Fundo Municipal de Saúde de Pitimbu;092025;2025;13210101;Remuneração de Depósitos Bancários - Principal;Lançamento de Receita;1.114,35;710;Transferência Especial dos Estados;"Não ";Não Aplicável
Pitimbu;601147;Fundo Municipal de Saúde de Pitimbu;092025;2025;13210101;Remuneração de Depósitos Bancários - Principal;Lançamento de Receita;19.784,13;601;Transferências Fundo a Fundo de Recursos do SUS provenientes do Governo Federal - Bloco de Estruturação da Rede de Serviços Públicos de Saúde;"Não ";Não Aplicável
Pitimbu;601147;Fundo Municipal de Saúde de Pitimbu;092025;2025;13210101;Remuneração de Depósitos Bancários - Principal;Lançamento de Receita;846,1;500;Recursos não vinculados de Impostos;"Não ";Não Aplicável
Pitimbu;601147;Fundo Municipal de Saúde de Pitimbu;092025;2025;13210101;Remuneração de Depósitos Bancários - Principal;Lançamento de Receita;702,97;621;"Transferências Fundo a Fundo de Recursos do SUS provenientes do Governo Estadual ";"Não ";Não Aplicável
Pitimbu;601147;Fundo Municipal de Saúde de Pitimbu;082025;2025;13210101;Remuneração de Depósitos Bancários - Principal;Lançamento de Receita;13.486,4;600;Transferências Fundo a Fundo de Recursos do SUS provenientes do Governo Federal - Bloco de Manutenção das Ações e Serviços Públicos de Saúde;"Não ";Não Aplicável
Pitimbu;601147;Fundo Municipal de Saúde de Pitimbu;082025;2025;13210101;Remuneração de Depósitos Bancários - Principal;Lançamento de Receita;420,35;500;Recursos não vinculados de Impostos;"Não ";Não Aplicável
Pitimbu;601147;Fundo Municipal de Saúde de Pitimbu;082025;2025;13210101;Remuneração de Depósitos Bancários - Principal;Lançamento de Receita;18.601,4;601;Transferências Fundo a Fundo de Recursos do SUS provenientes do Governo Federal - Bloco de Estruturação da Rede de Serviços Públicos de Saúde;"Não ";Não Aplicável
Pitimbu;601147;Fundo Municipal de Saúde de Pitimbu;082025;2025;13210101;Remuneração de Depósitos Bancários - Principal;Lançamento de Receita;673,74;605;Assistência financeira da União destinada à complementação ao pagamento dos pisos salariais para profissionais da enfermagem;"Não ";Não Aplicável
Pitimbu;601147;Fundo Municipal de Saúde de Pitimbu;082025;2025;13210101;Remuneração de Depósitos Bancários - Principal;Lançamento de Receita;2.199,14;710;Transferência Especial dos Estados;"Não ";Não Aplicável
Pitimbu;601147;Fundo Municipal de Saúde de Pitimbu;082025;2025;13210101;Remuneração de Depósitos Bancários - Principal;Lançamento de Receita;677,08;621;"Transferências Fundo a Fundo de Recursos do SUS provenientes do Governo Estadual ";"Não ";Não Aplicável
Pitimbu;601147;Fundo Municipal de Saúde de Pitimbu;072025;2025;13210101;Remuneração de Depósitos Bancários - Principal;Lançamento de Receita;21.869,38;601;Transferências Fundo a Fundo de Recursos do SUS provenientes do Governo Federal - Bloco de Estruturação da Rede de Serviços Públicos de Saúde;"Não ";Não Aplicável
Pitimbu;601147;Fundo Municipal de Saúde de Pitimbu;072025;2025;13210101;Remuneração de Depósitos Bancários - Principal;Lançamento de Receita;429,14;500;Recursos não vinculados de Impostos;"Não ";Não Aplicável
Pitimbu;601147;Fundo Municipal de Saúde de Pitimbu;072025;2025;13210101;Remuneração de Depósitos Bancários - Principal;Lançamento de Receita;993,04;605;Assistência financeira da União destinada à complementação ao pagamento dos pisos salariais para profissionais da enfermagem;"Não ";Não Aplicável
Pitimbu;601147;Fundo Municipal de Saúde de Pitimbu;072025;2025;13210101;Remuneração de Depósitos Bancários - Principal;Lançamento de Receita;739,93;621;"Transferências Fundo a Fundo de Recursos do SUS provenientes do Governo Estadual ";"Não ";Não Aplicável
Pitimbu;601147;Fundo Municipal de Saúde de Pitimbu;072025;2025;13210101;Remuneração de Depósitos Bancários - Principal;Lançamento de Receita;6.728,1;600;Transferências Fundo a Fundo de Recursos do SUS provenientes do Governo Federal - Bloco de Manutenção das Ações e Serviços Públicos de Saúde;"Não ";Não Aplicável
Pitimbu;601147;Fundo Municipal de Saúde de Pitimbu;062025;2025;13210101;Remuneração de Depósitos Bancários - Principal;Lançamento de Receita;577,28;621;"Transferências Fundo a Fundo de Recursos do SUS provenientes do Governo Estadual ";"Não ";Não Aplicável
Pitimbu;601147;Fundo Municipal de Saúde de Pitimbu;062025;2025;13210101;Remuneração de Depósitos Bancários - Principal;Lançamento de Receita;7.195,38;600;Transferências Fundo a Fundo de Recursos do SUS provenientes do Governo Federal - Bloco de Manutenção das Ações e Serviços Públicos de Saúde;"Não ";Não Aplicável
Pitimbu;601147;Fundo Municipal de Saúde de Pitimbu;062025;2025;13210101;Remuneração de Depósitos Bancários - Principal;Lançamento de Receita;7.781,64;601;Transferências Fundo a Fundo de Recursos do SUS provenientes do Governo Federal - Bloco de Estruturação da Rede de Serviços Públicos de Saúde;"Não ";Não Aplicável
Pitimbu;601147;Fundo Municipal de Saúde de Pitimbu;062025;2025;13210101;Remuneração de Depósitos Bancários - Principal;Lançamento de Receita;971,48;710;Transferência Especial dos Estados;3210;Identificação das Transferências dos Estados decorrentes de emendas parlamentares individuais
Pitimbu;601147;Fundo Municipal de Saúde de Pitimbu;062025;2025;13210101;Remuneração de Depósitos Bancários - Principal;Lançamento de Receita;425,77;500;Recursos não vinculados de Impostos;"Não ";Não Aplicável
Pitimbu;601147;Fundo Municipal de Saúde de Pitimbu;062025;2025;13210101;Remuneração de Depósitos Bancários - Principal;Lançamento de Receita;867,18;605;Assistência financeira da União destinada à complementação ao pagamento dos pisos salariais para profissionais da enfermagem;"Não ";Não Aplicável
Pitimbu;601147;Fundo Municipal de Saúde de Pitimbu;052025;2025;13210101;Remuneração de Depósitos Bancários - Principal;Lançamento de Receita;568,6;621;"Transferências Fundo a Fundo de Recursos do SUS provenientes do Governo Estadual ";"Não ";Não Aplicável
Pitimbu;601147;Fundo Municipal de Saúde de Pitimbu;052025;2025;13210101;Remuneração de Depósitos Bancários - Principal;Lançamento de Receita;9.947,72;600;Transferências Fundo a Fundo de Recursos do SUS provenientes do Governo Federal - Bloco de Manutenção das Ações e Serviços Públicos de Saúde;"Não ";Não Aplicável
Pitimbu;601147;Fundo Municipal de Saúde de Pitimbu;052025;2025;13210101;Remuneração de Depósitos Bancários - Principal;Lançamento de Receita;994,59;710;Transferência Especial dos Estados;"Não ";Não Aplicável
Pitimbu;601147;Fundo Municipal de Saúde de Pitimbu;052025;2025;13210101;Remuneração de Depósitos Bancários - Principal;Lançamento de Receita;1.171,18;605;Assistência financeira da União destinada à complementação ao pagamento dos pisos salariais para profissionais da enfermagem;"Não ";Não Aplicável
Pitimbu;601147;Fundo Municipal de Saúde de Pitimbu;052025;2025;13210101;Remuneração de Depósitos Bancários - Principal;Lançamento de Receita;4.012,15;601;Transferências Fundo a Fundo de Recursos do SUS provenientes do Governo Federal - Bloco de Estruturação da Rede de Serviços Públicos de Saúde;"Não ";Não Aplicável
Pitimbu;601147;Fundo Municipal de Saúde de Pitimbu;052025;2025;13210101;Remuneração de Depósitos Bancários - Principal;Lançamento de Receita;718,15;500;Recursos não vinculados de Impostos;"Não ";Não Aplicável
Pitimbu;601147;Fundo Municipal de Saúde de Pitimbu;042025;2025;13210101;Remuneração de Depósitos Bancários - Principal;Lançamento de Receita;908,05;710;Transferência Especial dos Estados;"Não ";Não Aplicável
Pitimbu;601147;Fundo Municipal de Saúde de Pitimbu;042025;2025;13210101;Remuneração de Depósitos Bancários - Principal;Lançamento de Receita;1.285,53;605;Assistência financeira da União destinada à complementação ao pagamento dos pisos salariais para profissionais da enfermagem;"Não ";Não Aplicável
Pitimbu;601147;Fundo Municipal de Saúde de Pitimbu;042025;2025;13210101;Remuneração de Depósitos Bancários - Principal;Lançamento de Receita;8.749,88;600;Transferências Fundo a Fundo de Recursos do SUS provenientes do Governo Federal - Bloco de Manutenção das Ações e Serviços Públicos de Saúde;"Não ";Não Aplicável
Pitimbu;601147;Fundo Municipal de Saúde de Pitimbu;042025;2025;13210101;Remuneração de Depósitos Bancários - Principal;Lançamento de Receita;427,14;500;Recursos não vinculados de Impostos;"Não ";Não Aplicável
Pitimbu;601147;Fundo Municipal de Saúde de Pitimbu;042025;2025;13210101;Remuneração de Depósitos Bancários - Principal;Lançamento de Receita;3.663,4;601;Transferências Fundo a Fundo de Recursos do SUS provenientes do Governo Federal - Bloco de Estruturação da Rede de Serviços Públicos de Saúde;"Não ";Não Aplicável
Pitimbu;601147;Fundo Municipal de Saúde de Pitimbu;042025;2025;13210101;Remuneração de Depósitos Bancários - Principal;Lançamento de Receita;486,26;621;"Transferências Fundo a Fundo de Recursos do SUS provenientes do Governo Estadual ";"Não ";Não Aplicável
Pitimbu;601147;Fundo Municipal de Saúde de Pitimbu;032025;2025;13210101;Remuneração de Depósitos Bancários - Principal;Lançamento de Receita;809;710;Transferência Especial dos Estados;"Não ";Não Aplicável
Pitimbu;601147;Fundo Municipal de Saúde de Pitimbu;032025;2025;13210101;Remuneração de Depósitos Bancários - Principal;Lançamento de Receita;2.104,71;500;Recursos não vinculados de Impostos;"Não ";Não Aplicável
Pitimbu;601147;Fundo Municipal de Saúde de Pitimbu;032025;2025;13210101;Remuneração de Depósitos Bancários - Principal;Lançamento de Receita;8.118,83;600;Transferências Fundo a Fundo de Recursos do SUS provenientes do Governo Federal - Bloco de Manutenção das Ações e Serviços Públicos de Saúde;"Não ";Não Aplicável
Pitimbu;601147;Fundo Municipal de Saúde de Pitimbu;032025;2025;13210101;Remuneração de Depósitos Bancários - Principal;Lançamento de Receita;1.374,4;605;Assistência financeira da União destinada à complementação ao pagamento dos pisos salariais para profissionais da enfermagem;"Não ";Não Aplicável
Pitimbu;601147;Fundo Municipal de Saúde de Pitimbu;032025;2025;13210101;Remuneração de Depósitos Bancários - Principal;Lançamento de Receita;3.308,36;601;Transferências Fundo a Fundo de Recursos do SUS provenientes do Governo Federal - Bloco de Estruturação da Rede de Serviços Públicos de Saúde;"Não ";Não Aplicável
Pitimbu;601147;Fundo Municipal de Saúde de Pitimbu;032025;2025;13210101;Remuneração de Depósitos Bancários - Principal;Lançamento de Receita;421,03;621;"Transferências Fundo a Fundo de Recursos do SUS provenientes do Governo Estadual ";"Não ";Não Aplicável
Pitimbu;601147;Fundo Municipal de Saúde de Pitimbu;022025;2025;13210101;Remuneração de Depósitos Bancários - Principal;Lançamento de Receita;1.422,02;605;Assistência financeira da União destinada à complementação ao pagamento dos pisos salariais para profissionais da enfermagem;"Não ";Não Aplicável
Pitimbu;601147;Fundo Municipal de Saúde de Pitimbu;022025;2025;13210101;Remuneração de Depósitos Bancários - Principal;Lançamento de Receita;6.693,21;600;Transferências Fundo a Fundo de Recursos do SUS provenientes do Governo Federal - Bloco de Manutenção das Ações e Serviços Públicos de Saúde;"Não ";Não Aplicável
Pitimbu;601147;Fundo Municipal de Saúde de Pitimbu;022025;2025;13210101;Remuneração de Depósitos Bancários - Principal;Lançamento de Receita;819,1;710;Transferência Especial dos Estados;"Não ";Não Aplicável
Pitimbu;601147;Fundo Municipal de Saúde de Pitimbu;022025;2025;13210101;Remuneração de Depósitos Bancários - Principal;Lançamento de Receita;4.308,9;500;Recursos não vinculados de Impostos;"Não ";Não Aplicável
Pitimbu;601147;Fundo Municipal de Saúde de Pitimbu;022025;2025;13210101;Remuneração de Depósitos Bancários - Principal;Lançamento de Receita;490,22;621;"Transferências Fundo a Fundo de Recursos do SUS provenientes do Governo Estadual ";"Não ";Não Aplicável
Pitimbu;601147;Fundo Municipal de Saúde de Pitimbu;022025;2025;13210101;Remuneração de Depósitos Bancários - Principal;Lançamento de Receita;3.355,7;601;Transferências Fundo a Fundo de Recursos do SUS provenientes do Governo Federal - Bloco de Estruturação da Rede de Serviços Públicos de Saúde;"Não ";Não Aplicável
Pitimbu;601147;Fundo Municipal de Saúde de Pitimbu;012025;2025;13210101;Remuneração de Depósitos Bancários - Principal;Lançamento de Receita;2.147,68;500;Recursos não vinculados de Impostos;"Não ";Não Aplicável
Pitimbu;601147;Fundo Municipal de Saúde de Pitimbu;012025;2025;13210101;Remuneração de Depósitos Bancários - Principal;Lançamento de Receita;1.199,32;605;Assistência financeira da União destinada à complementação ao pagamento dos pisos salariais para profissionais da enfermagem;"Não ";Não Aplicável
Pitimbu;601147;Fundo Municipal de Saúde de Pitimbu;012025;2025;13210101;Remuneração de Depósitos Bancários - Principal;Lançamento de Receita;4.521,13;600;Transferências Fundo a Fundo de Recursos do SUS provenientes do Governo Federal - Bloco de Manutenção das Ações e Serviços Públicos de Saúde;"Não ";Não Aplicável
Pitimbu;601147;Fundo Municipal de Saúde de Pitimbu;012025;2025;13210101;Remuneração de Depósitos Bancários - Principal;Lançamento de Receita;3.328,28;601;Transferências Fundo a Fundo de Recursos do SUS provenientes do Governo Federal - Bloco de Estruturação da Rede de Serviços Públicos de Saúde;"Não ";Não Aplicável
Pitimbu;601147;Fundo Municipal de Saúde de Pitimbu;012025;2025;13210101;Remuneração de Depósitos Bancários - Principal;Lançamento de Receita;811,93;710;Transferência Especial dos Estados;"Não ";Não Aplicável
Pitimbu;601147;Fundo Municipal de Saúde de Pitimbu;012025;2025;13210101;Remuneração de Depósitos Bancários - Principal;Lançamento de Receita;450,52;621;"Transferências Fundo a Fundo de Recursos do SUS provenientes do Governo Estadual ";"Não ";Não Aplicável
