municipio;codigo_unidade_gestora;descricao_unidade_gestora;mes_ano;ano;codigo_receita;descricao_receita;tipo_atualizacao_receita;valor;codigo_fonte_recurso;descricao_fonte_recurso;co;descricao_co
Santa Rita;201171;Prefeitura Municipal de Santa Rita;122025;2025;23110601;Amortização de Empréstimos Contratuais - Principal;Lançamento de Receita;3.656,46;501;Outros Recursos não Vinculados;"Não ";Não Aplicável
Santa Rita;201171;Prefeitura Municipal de Santa Rita;112025;2025;23110601;Amortização de Empréstimos Contratuais - Principal;Lançamento de Receita;4.013,43;501;Outros Recursos não Vinculados;"Não ";Não Aplicável
Santa Rita;201171;Prefeitura Municipal de Santa Rita;102025;2025;23110601;Amortização de Empréstimos Contratuais - Principal;Lançamento de Receita;3.504,89;501;Outros Recursos não Vinculados;"Não ";Não Aplicável
Santa Rita;201171;Prefeitura Municipal de Santa Rita;092025;2025;23110601;Amortização de Empréstimos Contratuais - Principal;Lançamento de Receita;4.245,16;501;Outros Recursos não Vinculados;"Não ";Não Aplicável
Santa Rita;201171;Prefeitura Municipal de Santa Rita;082025;2025;23110601;Amortização de Empréstimos Contratuais - Principal;Lançamento de Receita;4.217,93;501;Outros Recursos não Vinculados;"Não ";Não Aplicável
Santa Rita;201171;Prefeitura Municipal de Santa Rita;072025;2025;23110601;Amortização de Empréstimos Contratuais - Principal;Lançamento de Receita;5.026,28;501;Outros Recursos não Vinculados;"Não ";Não Aplicável
Santa Rita;201171;Prefeitura Municipal de Santa Rita;062025;2025;23110601;Amortização de Empréstimos Contratuais - Principal;Lançamento de Receita;7.400,11;501;Outros Recursos não Vinculados;"Não ";Não Aplicável
Santa Rita;201171;Prefeitura Municipal de Santa Rita;052025;2025;23110601;Amortização de Empréstimos Contratuais - Principal;Lançamento de Receita;4.122,73;501;Outros Recursos não Vinculados;"Não ";Não Aplicável
Santa Rita;201171;Prefeitura Municipal de Santa Rita;042025;2025;23110601;Amortização de Empréstimos Contratuais - Principal;Lançamento de Receita;4.515,73;501;Outros Recursos não Vinculados;"Não ";Não Aplicável
Santa Rita;201171;Prefeitura Municipal de Santa Rita;032025;2025;23110601;Amortização de Empréstimos Contratuais - Principal;Lançamento de Receita;3.665,06;501;Outros Recursos não Vinculados;"Não ";Não Aplicável
Santa Rita;201171;Prefeitura Municipal de Santa Rita;022025;2025;23110601;Amortização de Empréstimos Contratuais - Principal;Lançamento de Receita;5.583,36;501;Outros Recursos não Vinculados;"Não ";Não Aplicável
Santa Rita;201171;Prefeitura Municipal de Santa Rita;012025;2025;23110601;Amortização de Empréstimos Contratuais - Principal;Lançamento de Receita;5.914,27;501;Outros Recursos não Vinculados;"Não ";Não Aplicável
Santa Rita;201171;Prefeitura Municipal de Santa Rita;122025;2025;19999931;Outras Receitas Não Arrecadadas e Não Projetadas pela RFB - Financeiras - Principal;Lançamento de Receita;6.120.903,4;501;Outros Recursos não Vinculados;"Não ";Não Aplicável
Santa Rita;201171;Prefeitura Municipal de Santa Rita;112025;2025;19999931;Outras Receitas Não Arrecadadas e Não Projetadas pela RFB - Financeiras - Principal;Lançamento de Receita;76.769,75;501;Outros Recursos não Vinculados;"Não ";Não Aplicável
Santa Rita;201171;Prefeitura Municipal de Santa Rita;102025;2025;19999931;Outras Receitas Não Arrecadadas e Não Projetadas pela RFB - Financeiras - Principal;Lançamento de Receita;41.497,41;501;Outros Recursos não Vinculados;"Não ";Não Aplicável
Santa Rita;201171;Prefeitura Municipal de Santa Rita;092025;2025;19999931;Outras Receitas Não Arrecadadas e Não Projetadas pela RFB - Financeiras - Principal;Lançamento de Receita;115.049;501;Outros Recursos não Vinculados;"Não ";Não Aplicável
Santa Rita;201171;Prefeitura Municipal de Santa Rita;072025;2025;19999931;Outras Receitas Não Arrecadadas e Não Projetadas pela RFB - Financeiras - Principal;Lançamento de Receita;345.270,43;501;Outros Recursos não Vinculados;"Não ";Não Aplicável
Santa Rita;201171;Prefeitura Municipal de Santa Rita;062025;2025;19999931;Outras Receitas Não Arrecadadas e Não Projetadas pela RFB - Financeiras - Principal;Lançamento de Receita;55.557,71;501;Outros Recursos não Vinculados;"Não ";Não Aplicável
Santa Rita;201171;Prefeitura Municipal de Santa Rita;052025;2025;19999931;Outras Receitas Não Arrecadadas e Não Projetadas pela RFB - Financeiras - Principal;Lançamento de Receita;164.594,24;501;Outros Recursos não Vinculados;"Não ";Não Aplicável
Santa Rita;201171;Prefeitura Municipal de Santa Rita;042025;2025;19999931;Outras Receitas Não Arrecadadas e Não Projetadas pela RFB - Financeiras - Principal;Lançamento de Receita;51.832,98;501;Outros Recursos não Vinculados;"Não ";Não Aplicável
Santa Rita;201171;Prefeitura Municipal de Santa Rita;032025;2025;19999931;Outras Receitas Não Arrecadadas e Não Projetadas pela RFB - Financeiras - Principal;Lançamento de Receita;47.998,07;501;Outros Recursos não Vinculados;"Não ";Não Aplicável
Santa Rita;201171;Prefeitura Municipal de Santa Rita;022025;2025;19999931;Outras Receitas Não Arrecadadas e Não Projetadas pela RFB - Financeiras - Principal;Lançamento de Receita;80.686,47;501;Outros Recursos não Vinculados;"Não ";Não Aplicável
Santa Rita;201171;Prefeitura Municipal de Santa Rita;082025;2025;19999921;Outras Receitas Não Arrecadadas e Não Projetadas pela RFB - Primárias   - Principal;Lançamento de Receita;940,61;500;Recursos não vinculados de Impostos;"Não ";Não Aplicável
Santa Rita;201171;Prefeitura Municipal de Santa Rita;062025;2025;19999921;Outras Receitas Não Arrecadadas e Não Projetadas pela RFB - Primárias   - Principal;Lançamento de Receita;500;500;Recursos não vinculados de Impostos;"Não ";Não Aplicável
Santa Rita;201171;Prefeitura Municipal de Santa Rita;112025;2025;19220111;Restituição de Convênios - Primárias - Principal;Lançamento de Receita;13.862,85;501;Outros Recursos não Vinculados;"Não ";Não Aplicável
Santa Rita;201171;Prefeitura Municipal de Santa Rita;102025;2025;19220111;Restituição de Convênios - Primárias - Principal;Lançamento de Receita;17.363,64;501;Outros Recursos não Vinculados;"Não ";Não Aplicável
Santa Rita;201171;Prefeitura Municipal de Santa Rita;122025;2025;17515001;Transferências de Recursos do Fundo de Manutenção e Desenvolvimento da Educação Básica e de Valorização dos Profissionais da Educação – FUNDEB - Principal;Lançamento de Receita;9.360.726,16;540;Transferências do FUNDEB - Impostos e Transferências de Impostos;"Não ";Não Aplicável
Santa Rita;201171;Prefeitura Municipal de Santa Rita;112025;2025;17515001;Transferências de Recursos do Fundo de Manutenção e Desenvolvimento da Educação Básica e de Valorização dos Profissionais da Educação – FUNDEB - Principal;Lançamento de Receita;7.644.414,53;540;Transferências do FUNDEB - Impostos e Transferências de Impostos;"Não ";Não Aplicável
Santa Rita;201171;Prefeitura Municipal de Santa Rita;102025;2025;17515001;Transferências de Recursos do Fundo de Manutenção e Desenvolvimento da Educação Básica e de Valorização dos Profissionais da Educação – FUNDEB - Principal;Lançamento de Receita;6.649.725,12;540;Transferências do FUNDEB - Impostos e Transferências de Impostos;"Não ";Não Aplicável
Santa Rita;201171;Prefeitura Municipal de Santa Rita;092025;2025;17515001;Transferências de Recursos do Fundo de Manutenção e Desenvolvimento da Educação Básica e de Valorização dos Profissionais da Educação – FUNDEB - Principal;Lançamento de Receita;6.770.399,06;540;Transferências do FUNDEB - Impostos e Transferências de Impostos;"Não ";Não Aplicável
Santa Rita;201171;Prefeitura Municipal de Santa Rita;082025;2025;17515001;Transferências de Recursos do Fundo de Manutenção e Desenvolvimento da Educação Básica e de Valorização dos Profissionais da Educação – FUNDEB - Principal;Lançamento de Receita;7.718.015,1;540;Transferências do FUNDEB - Impostos e Transferências de Impostos;"Não ";Não Aplicável
Santa Rita;201171;Prefeitura Municipal de Santa Rita;072025;2025;17515001;Transferências de Recursos do Fundo de Manutenção e Desenvolvimento da Educação Básica e de Valorização dos Profissionais da Educação – FUNDEB - Principal;Lançamento de Receita;6.542.742,25;540;Transferências do FUNDEB - Impostos e Transferências de Impostos;"Não ";Não Aplicável
Santa Rita;201171;Prefeitura Municipal de Santa Rita;062025;2025;17515001;Transferências de Recursos do Fundo de Manutenção e Desenvolvimento da Educação Básica e de Valorização dos Profissionais da Educação – FUNDEB - Principal;Lançamento de Receita;8.207.733,35;540;Transferências do FUNDEB - Impostos e Transferências de Impostos;"Não ";Não Aplicável
Santa Rita;201171;Prefeitura Municipal de Santa Rita;052025;2025;17515001;Transferências de Recursos do Fundo de Manutenção e Desenvolvimento da Educação Básica e de Valorização dos Profissionais da Educação – FUNDEB - Principal;Lançamento de Receita;8.182.198,74;540;Transferências do FUNDEB - Impostos e Transferências de Impostos;"Não ";Não Aplicável
Santa Rita;201171;Prefeitura Municipal de Santa Rita;042025;2025;17515001;Transferências de Recursos do Fundo de Manutenção e Desenvolvimento da Educação Básica e de Valorização dos Profissionais da Educação – FUNDEB - Principal;Lançamento de Receita;7.118.008,07;540;Transferências do FUNDEB - Impostos e Transferências de Impostos;"Não ";Não Aplicável
Santa Rita;201171;Prefeitura Municipal de Santa Rita;032025;2025;17515001;Transferências de Recursos do Fundo de Manutenção e Desenvolvimento da Educação Básica e de Valorização dos Profissionais da Educação – FUNDEB - Principal;Lançamento de Receita;6.951.407,11;540;Transferências do FUNDEB - Impostos e Transferências de Impostos;"Não ";Não Aplicável
Santa Rita;201171;Prefeitura Municipal de Santa Rita;022025;2025;17515001;Transferências de Recursos do Fundo de Manutenção e Desenvolvimento da Educação Básica e de Valorização dos Profissionais da Educação – FUNDEB - Principal;Lançamento de Receita;8.865.269,79;540;Transferências do FUNDEB - Impostos e Transferências de Impostos;"Não ";Não Aplicável
Santa Rita;201171;Prefeitura Municipal de Santa Rita;012025;2025;17515001;Transferências de Recursos do Fundo de Manutenção e Desenvolvimento da Educação Básica e de Valorização dos Profissionais da Educação – FUNDEB - Principal;Lançamento de Receita;7.719.887,85;540;Transferências do FUNDEB - Impostos e Transferências de Impostos;"Não ";Não Aplicável
Santa Rita;201171;Prefeitura Municipal de Santa Rita;122025;2025;17225201;Cota-parte Royalties – Compensação Financeira pela Produção do Petróleo  - Principal;Lançamento de Receita;254.046,45;573;Royalties e Participação Especial de Petróleo e Gás Natural Vinculados à Educação - Lei nº 12.858/2013;"Não ";Não Aplicável
Santa Rita;201171;Prefeitura Municipal de Santa Rita;112025;2025;17225201;Cota-parte Royalties – Compensação Financeira pela Produção do Petróleo  - Principal;Lançamento de Receita;409.659,54;573;Royalties e Participação Especial de Petróleo e Gás Natural Vinculados à Educação - Lei nº 12.858/2013;"Não ";Não Aplicável
Santa Rita;201171;Prefeitura Municipal de Santa Rita;102025;2025;17225201;Cota-parte Royalties – Compensação Financeira pela Produção do Petróleo  - Principal;Lançamento de Receita;441.986,21;573;Royalties e Participação Especial de Petróleo e Gás Natural Vinculados à Educação - Lei nº 12.858/2013;"Não ";Não Aplicável
Santa Rita;201171;Prefeitura Municipal de Santa Rita;092025;2025;17225201;Cota-parte Royalties – Compensação Financeira pela Produção do Petróleo  - Principal;Lançamento de Receita;499.353,36;573;Royalties e Participação Especial de Petróleo e Gás Natural Vinculados à Educação - Lei nº 12.858/2013;"Não ";Não Aplicável
Santa Rita;201171;Prefeitura Municipal de Santa Rita;082025;2025;17225201;Cota-parte Royalties – Compensação Financeira pela Produção do Petróleo  - Principal;Lançamento de Receita;408.406,74;573;Royalties e Participação Especial de Petróleo e Gás Natural Vinculados à Educação - Lei nº 12.858/2013;"Não ";Não Aplicável
Santa Rita;201171;Prefeitura Municipal de Santa Rita;072025;2025;17225201;Cota-parte Royalties – Compensação Financeira pela Produção do Petróleo  - Principal;Lançamento de Receita;373.227,02;573;Royalties e Participação Especial de Petróleo e Gás Natural Vinculados à Educação - Lei nº 12.858/2013;"Não ";Não Aplicável
Santa Rita;201171;Prefeitura Municipal de Santa Rita;062025;2025;17225201;Cota-parte Royalties – Compensação Financeira pela Produção do Petróleo  - Principal;Lançamento de Receita;444.641,53;573;Royalties e Participação Especial de Petróleo e Gás Natural Vinculados à Educação - Lei nº 12.858/2013;"Não ";Não Aplicável
Santa Rita;201171;Prefeitura Municipal de Santa Rita;052025;2025;17225201;Cota-parte Royalties – Compensação Financeira pela Produção do Petróleo  - Principal;Lançamento de Receita;511.312,01;573;Royalties e Participação Especial de Petróleo e Gás Natural Vinculados à Educação - Lei nº 12.858/2013;"Não ";Não Aplicável
Santa Rita;201171;Prefeitura Municipal de Santa Rita;042025;2025;17225201;Cota-parte Royalties – Compensação Financeira pela Produção do Petróleo  - Principal;Lançamento de Receita;465.166,5;573;Royalties e Participação Especial de Petróleo e Gás Natural Vinculados à Educação - Lei nº 12.858/2013;"Não ";Não Aplicável
Santa Rita;201171;Prefeitura Municipal de Santa Rita;032025;2025;17225201;Cota-parte Royalties – Compensação Financeira pela Produção do Petróleo  - Principal;Lançamento de Receita;549.315,74;573;Royalties e Participação Especial de Petróleo e Gás Natural Vinculados à Educação - Lei nº 12.858/2013;"Não ";Não Aplicável
Santa Rita;201171;Prefeitura Municipal de Santa Rita;022025;2025;17225201;Cota-parte Royalties – Compensação Financeira pela Produção do Petróleo  - Principal;Lançamento de Receita;703.033,31;573;Royalties e Participação Especial de Petróleo e Gás Natural Vinculados à Educação - Lei nº 12.858/2013;"Não ";Não Aplicável
Santa Rita;201171;Prefeitura Municipal de Santa Rita;012025;2025;17225201;Cota-parte Royalties – Compensação Financeira pela Produção do Petróleo  - Principal;Lançamento de Receita;489.532,47;573;Royalties e Participação Especial de Petróleo e Gás Natural Vinculados à Educação - Lei nº 12.858/2013;"Não ";Não Aplicável
Santa Rita;201171;Prefeitura Municipal de Santa Rita;102025;2025;17215301;Cota-Parte da Contribuição de Intervenção no Domínio Econômico - Principal;Lançamento de Receita;44.152,13;750;Recursos da Contribuição de Intervenção no Domínio Econômico - CIDE;"Não ";Não Aplicável
Santa Rita;201171;Prefeitura Municipal de Santa Rita;072025;2025;17215301;Cota-Parte da Contribuição de Intervenção no Domínio Econômico - Principal;Lançamento de Receita;41.869,59;750;Recursos da Contribuição de Intervenção no Domínio Econômico - CIDE;"Não ";Não Aplicável
Santa Rita;201171;Prefeitura Municipal de Santa Rita;042025;2025;17215301;Cota-Parte da Contribuição de Intervenção no Domínio Econômico - Principal;Lançamento de Receita;38.063,79;750;Recursos da Contribuição de Intervenção no Domínio Econômico - CIDE;"Não ";Não Aplicável
Santa Rita;201171;Prefeitura Municipal de Santa Rita;012025;2025;17215301;Cota-Parte da Contribuição de Intervenção no Domínio Econômico - Principal;Lançamento de Receita;39.965,41;750;Recursos da Contribuição de Intervenção no Domínio Econômico - CIDE;"Não ";Não Aplicável
Santa Rita;201171;Prefeitura Municipal de Santa Rita;122025;2025;17215201;Cota-Parte do IPI - Municípios - Principal;Lançamento de Receita;11.320,64;500;Recursos não vinculados de Impostos;"Não ";Não Aplicável
Santa Rita;201171;Prefeitura Municipal de Santa Rita;122025;2025;17215201;Cota-Parte do IPI - Municípios - Principal;Dedução do Fundeb;-8.839,24;500;Recursos não vinculados de Impostos;1001;Identificação das despesas com manutenção e desenvolvimento do ensino
Santa Rita;201171;Prefeitura Municipal de Santa Rita;112025;2025;17215201;Cota-Parte do IPI - Municípios - Principal;Lançamento de Receita;2.161,37;500;Recursos não vinculados de Impostos;"Não ";Não Aplicável
Santa Rita;201171;Prefeitura Municipal de Santa Rita;102025;2025;17215201;Cota-Parte do IPI - Municípios - Principal;Lançamento de Receita;2.347,39;500;Recursos não vinculados de Impostos;"Não ";Não Aplicável
Santa Rita;201171;Prefeitura Municipal de Santa Rita;092025;2025;17215201;Cota-Parte do IPI - Municípios - Principal;Lançamento de Receita;2.355,93;500;Recursos não vinculados de Impostos;"Não ";Não Aplicável
Santa Rita;201171;Prefeitura Municipal de Santa Rita;082025;2025;17215201;Cota-Parte do IPI - Municípios - Principal;Lançamento de Receita;1.934,64;500;Recursos não vinculados de Impostos;"Não ";Não Aplicável
Santa Rita;201171;Prefeitura Municipal de Santa Rita;072025;2025;17215201;Cota-Parte do IPI - Municípios - Principal;Lançamento de Receita;2.189,66;500;Recursos não vinculados de Impostos;"Não ";Não Aplicável
Santa Rita;201171;Prefeitura Municipal de Santa Rita;062025;2025;17215201;Cota-Parte do IPI - Municípios - Principal;Lançamento de Receita;2.371,72;500;Recursos não vinculados de Impostos;"Não ";Não Aplicável
Santa Rita;201171;Prefeitura Municipal de Santa Rita;052025;2025;17215201;Cota-Parte do IPI - Municípios - Principal;Lançamento de Receita;1.841,5;500;Recursos não vinculados de Impostos;"Não ";Não Aplicável
Santa Rita;201171;Prefeitura Municipal de Santa Rita;042025;2025;17215201;Cota-Parte do IPI - Municípios - Principal;Lançamento de Receita;2.295,98;500;Recursos não vinculados de Impostos;"Não ";Não Aplicável
Santa Rita;201171;Prefeitura Municipal de Santa Rita;032025;2025;17215201;Cota-Parte do IPI - Municípios - Principal;Lançamento de Receita;2.177,16;500;Recursos não vinculados de Impostos;"Não ";Não Aplicável
Santa Rita;201171;Prefeitura Municipal de Santa Rita;022025;2025;17215201;Cota-Parte do IPI - Municípios - Principal;Lançamento de Receita;6.402,93;500;Recursos não vinculados de Impostos;"Não ";Não Aplicável
Santa Rita;201171;Prefeitura Municipal de Santa Rita;012025;2025;17215201;Cota-Parte do IPI - Municípios - Principal;Lançamento de Receita;6.142,53;500;Recursos não vinculados de Impostos;"Não ";Não Aplicável
Santa Rita;201171;Prefeitura Municipal de Santa Rita;122025;2025;17215101;Cota-Parte do IPVA - Principal;Dedução do Fundeb;-1.594.541,21;500;Recursos não vinculados de Impostos;1001;Identificação das despesas com manutenção e desenvolvimento do ensino
Santa Rita;201171;Prefeitura Municipal de Santa Rita;122025;2025;17215101;Cota-Parte do IPVA - Principal;Lançamento de Receita;1.942.050,51;500;Recursos não vinculados de Impostos;"Não ";Não Aplicável
Santa Rita;201171;Prefeitura Municipal de Santa Rita;112025;2025;17215101;Cota-Parte do IPVA - Principal;Lançamento de Receita;320.380,55;500;Recursos não vinculados de Impostos;"Não ";Não Aplicável
Santa Rita;201171;Prefeitura Municipal de Santa Rita;102025;2025;17215101;Cota-Parte do IPVA - Principal;Lançamento de Receita;505.956,06;500;Recursos não vinculados de Impostos;"Não ";Não Aplicável
Santa Rita;201171;Prefeitura Municipal de Santa Rita;092025;2025;17215101;Cota-Parte do IPVA - Principal;Lançamento de Receita;455.069,77;500;Recursos não vinculados de Impostos;"Não ";Não Aplicável
Santa Rita;201171;Prefeitura Municipal de Santa Rita;082025;2025;17215101;Cota-Parte do IPVA - Principal;Lançamento de Receita;458.436,52;500;Recursos não vinculados de Impostos;"Não ";Não Aplicável
Santa Rita;201171;Prefeitura Municipal de Santa Rita;072025;2025;17215101;Cota-Parte do IPVA - Principal;Lançamento de Receita;635.154,09;500;Recursos não vinculados de Impostos;"Não ";Não Aplicável
Santa Rita;201171;Prefeitura Municipal de Santa Rita;062025;2025;17215101;Cota-Parte do IPVA - Principal;Lançamento de Receita;548.259,35;500;Recursos não vinculados de Impostos;"Não ";Não Aplicável
Santa Rita;201171;Prefeitura Municipal de Santa Rita;052025;2025;17215101;Cota-Parte do IPVA - Principal;Lançamento de Receita;621.016,47;500;Recursos não vinculados de Impostos;"Não ";Não Aplicável
Santa Rita;201171;Prefeitura Municipal de Santa Rita;042025;2025;17215101;Cota-Parte do IPVA - Principal;Lançamento de Receita;581.749,99;500;Recursos não vinculados de Impostos;"Não ";Não Aplicável
Santa Rita;201171;Prefeitura Municipal de Santa Rita;032025;2025;17215101;Cota-Parte do IPVA - Principal;Lançamento de Receita;572.645,84;500;Recursos não vinculados de Impostos;"Não ";Não Aplicável
Santa Rita;201171;Prefeitura Municipal de Santa Rita;022025;2025;17215101;Cota-Parte do IPVA - Principal;Lançamento de Receita;545.576,57;500;Recursos não vinculados de Impostos;"Não ";Não Aplicável
Santa Rita;201171;Prefeitura Municipal de Santa Rita;012025;2025;17215101;Cota-Parte do IPVA - Principal;Lançamento de Receita;530.898,58;500;Recursos não vinculados de Impostos;"Não ";Não Aplicável
Santa Rita;201171;Prefeitura Municipal de Santa Rita;122025;2025;17215001;Cota-Parte do ICMS - Principal;Dedução do Fundeb;-2.016.752,9;500;Recursos não vinculados de Impostos;1001;Identificação das despesas com manutenção e desenvolvimento do ensino
Santa Rita;201171;Prefeitura Municipal de Santa Rita;122025;2025;17215001;Cota-Parte do ICMS - Principal;Lançamento de Receita;10.083.764,59;500;Recursos não vinculados de Impostos;"Não ";Não Aplicável
Santa Rita;201171;Prefeitura Municipal de Santa Rita;112025;2025;17215001;Cota-Parte do ICMS - Principal;Dedução do Fundeb;-1.409.135,47;500;Recursos não vinculados de Impostos;1001;Identificação das despesas com manutenção e desenvolvimento do ensino
Santa Rita;201171;Prefeitura Municipal de Santa Rita;112025;2025;17215001;Cota-Parte do ICMS - Principal;Lançamento de Receita;7.045.677,43;500;Recursos não vinculados de Impostos;"Não ";Não Aplicável
Santa Rita;201171;Prefeitura Municipal de Santa Rita;102025;2025;17215001;Cota-Parte do ICMS - Principal;Lançamento de Receita;7.790.933,71;500;Recursos não vinculados de Impostos;"Não ";Não Aplicável
Santa Rita;201171;Prefeitura Municipal de Santa Rita;102025;2025;17215001;Cota-Parte do ICMS - Principal;Dedução do Fundeb;-1.558.186,72;500;Recursos não vinculados de Impostos;1001;Identificação das despesas com manutenção e desenvolvimento do ensino
Santa Rita;201171;Prefeitura Municipal de Santa Rita;092025;2025;17215001;Cota-Parte do ICMS - Principal;Dedução do Fundeb;-1.705.974,4;500;Recursos não vinculados de Impostos;1001;Identificação das despesas com manutenção e desenvolvimento do ensino
Santa Rita;201171;Prefeitura Municipal de Santa Rita;092025;2025;17215001;Cota-Parte do ICMS - Principal;Lançamento de Receita;8.529.872,09;500;Recursos não vinculados de Impostos;"Não ";Não Aplicável
Santa Rita;201171;Prefeitura Municipal de Santa Rita;082025;2025;17215001;Cota-Parte do ICMS - Principal;Dedução do Fundeb;-1.792.518,11;500;Recursos não vinculados de Impostos;1001;Identificação das despesas com manutenção e desenvolvimento do ensino
Santa Rita;201171;Prefeitura Municipal de Santa Rita;082025;2025;17215001;Cota-Parte do ICMS - Principal;Lançamento de Receita;8.962.590,6;500;Recursos não vinculados de Impostos;"Não ";Não Aplicável
Santa Rita;201171;Prefeitura Municipal de Santa Rita;072025;2025;17215001;Cota-Parte do ICMS - Principal;Dedução do Fundeb;-1.672.084,32;500;Recursos não vinculados de Impostos;1001;Identificação das despesas com manutenção e desenvolvimento do ensino
Santa Rita;201171;Prefeitura Municipal de Santa Rita;072025;2025;17215001;Cota-Parte do ICMS - Principal;Lançamento de Receita;8.360.421,68;500;Recursos não vinculados de Impostos;"Não ";Não Aplicável
Santa Rita;201171;Prefeitura Municipal de Santa Rita;062025;2025;17215001;Cota-Parte do ICMS - Principal;Lançamento de Receita;7.467.094,4;500;Recursos não vinculados de Impostos;"Não ";Não Aplicável
Santa Rita;201171;Prefeitura Municipal de Santa Rita;062025;2025;17215001;Cota-Parte do ICMS - Principal;Dedução do Fundeb;-1.493.418,86;500;Recursos não vinculados de Impostos;1001;Identificação das despesas com manutenção e desenvolvimento do ensino
Santa Rita;201171;Prefeitura Municipal de Santa Rita;052025;2025;17215001;Cota-Parte do ICMS - Principal;Dedução do Fundeb;-1.472.738,37;500;Recursos não vinculados de Impostos;1001;Identificação das despesas com manutenção e desenvolvimento do ensino
Santa Rita;201171;Prefeitura Municipal de Santa Rita;052025;2025;17215001;Cota-Parte do ICMS - Principal;Lançamento de Receita;7.363.691,97;500;Recursos não vinculados de Impostos;"Não ";Não Aplicável
Santa Rita;201171;Prefeitura Municipal de Santa Rita;042025;2025;17215001;Cota-Parte do ICMS - Principal;Dedução do Fundeb;-1.534.671,1;500;Recursos não vinculados de Impostos;1001;Identificação das despesas com manutenção e desenvolvimento do ensino
Santa Rita;201171;Prefeitura Municipal de Santa Rita;042025;2025;17215001;Cota-Parte do ICMS - Principal;Lançamento de Receita;7.673.355,61;500;Recursos não vinculados de Impostos;"Não ";Não Aplicável
Santa Rita;201171;Prefeitura Municipal de Santa Rita;032025;2025;17215001;Cota-Parte do ICMS - Principal;Dedução do Fundeb;-1.507.446,32;500;Recursos não vinculados de Impostos;1001;Identificação das despesas com manutenção e desenvolvimento do ensino
Santa Rita;201171;Prefeitura Municipal de Santa Rita;032025;2025;17215001;Cota-Parte do ICMS - Principal;Lançamento de Receita;7.537.231,65;500;Recursos não vinculados de Impostos;"Não ";Não Aplicável
Santa Rita;201171;Prefeitura Municipal de Santa Rita;022025;2025;17215001;Cota-Parte do ICMS - Principal;Lançamento de Receita;7.183.311,64;500;Recursos não vinculados de Impostos;"Não ";Não Aplicável
Santa Rita;201171;Prefeitura Municipal de Santa Rita;022025;2025;17215001;Cota-Parte do ICMS - Principal;Dedução do Fundeb;-1.436.662,32;500;Recursos não vinculados de Impostos;1001;Identificação das despesas com manutenção e desenvolvimento do ensino
Santa Rita;201171;Prefeitura Municipal de Santa Rita;012025;2025;17215001;Cota-Parte do ICMS - Principal;Lançamento de Receita;8.201.475,95;500;Recursos não vinculados de Impostos;"Não ";Não Aplicável
Santa Rita;201171;Prefeitura Municipal de Santa Rita;012025;2025;17215001;Cota-Parte do ICMS - Principal;Dedução do Fundeb;-1.640.295,18;500;Recursos não vinculados de Impostos;1001;Identificação das despesas com manutenção e desenvolvimento do ensino
Santa Rita;201171;Prefeitura Municipal de Santa Rita;122025;2025;17199901;Outras Transferências de Recursos da União e de suas Entidades - Principal;Lançamento de Receita;457.136,72;501;Outros Recursos não Vinculados;"Não ";Não Aplicável
Santa Rita;201171;Prefeitura Municipal de Santa Rita;112025;2025;17199901;Outras Transferências de Recursos da União e de suas Entidades - Principal;Lançamento de Receita;245.437,62;501;Outros Recursos não Vinculados;"Não ";Não Aplicável
Santa Rita;201171;Prefeitura Municipal de Santa Rita;102025;2025;17199901;Outras Transferências de Recursos da União e de suas Entidades - Principal;Lançamento de Receita;221.447,9;501;Outros Recursos não Vinculados;"Não ";Não Aplicável
Santa Rita;201171;Prefeitura Municipal de Santa Rita;092025;2025;17199901;Outras Transferências de Recursos da União e de suas Entidades - Principal;Lançamento de Receita;238.093,13;501;Outros Recursos não Vinculados;"Não ";Não Aplicável
Santa Rita;201171;Prefeitura Municipal de Santa Rita;082025;2025;17199901;Outras Transferências de Recursos da União e de suas Entidades - Principal;Lançamento de Receita;420.783,38;501;Outros Recursos não Vinculados;"Não ";Não Aplicável
Santa Rita;201171;Prefeitura Municipal de Santa Rita;072025;2025;17199901;Outras Transferências de Recursos da União e de suas Entidades - Principal;Lançamento de Receita;210.949,3;501;Outros Recursos não Vinculados;"Não ";Não Aplicável
Santa Rita;201171;Prefeitura Municipal de Santa Rita;062025;2025;17199901;Outras Transferências de Recursos da União e de suas Entidades - Principal;Lançamento de Receita;214.914,44;501;Outros Recursos não Vinculados;"Não ";Não Aplicável
Santa Rita;201171;Prefeitura Municipal de Santa Rita;052025;2025;17199901;Outras Transferências de Recursos da União e de suas Entidades - Principal;Lançamento de Receita;214.525,14;501;Outros Recursos não Vinculados;"Não ";Não Aplicável
Santa Rita;201171;Prefeitura Municipal de Santa Rita;042025;2025;17199901;Outras Transferências de Recursos da União e de suas Entidades - Principal;Lançamento de Receita;198.551,65;501;Outros Recursos não Vinculados;"Não ";Não Aplicável
Santa Rita;201171;Prefeitura Municipal de Santa Rita;032025;2025;17199901;Outras Transferências de Recursos da União e de suas Entidades - Principal;Lançamento de Receita;207.945,87;501;Outros Recursos não Vinculados;"Não ";Não Aplicável
Santa Rita;201171;Prefeitura Municipal de Santa Rita;022025;2025;17199901;Outras Transferências de Recursos da União e de suas Entidades - Principal;Lançamento de Receita;186.008,52;501;Outros Recursos não Vinculados;"Não ";Não Aplicável
Santa Rita;201171;Prefeitura Municipal de Santa Rita;012025;2025;17199901;Outras Transferências de Recursos da União e de suas Entidades - Principal;Lançamento de Receita;234.936,25;501;Outros Recursos não Vinculados;"Não ";Não Aplicável
Santa Rita;201171;Prefeitura Municipal de Santa Rita;072025;2025;17196001;Transferências da Política Nacional Aldir Blanc de Fomento à Cultura - Lei nº 14.399/2022 - Principal;Lançamento de Receita;1.152.486,23;719;Transferências da Política Nacional Aldir Blanc de Fomento à Cultura - Lei 14.399/2022;"Não ";Não Aplicável
Santa Rita;201171;Prefeitura Municipal de Santa Rita;122025;2025;17195801;Transferência Obrigatória Decorrente da Lei Complementar nº 176/2020 - Principal;Lançamento de Receita;4.515,54;501;Outros Recursos não Vinculados;"Não ";Não Aplicável
Santa Rita;201171;Prefeitura Municipal de Santa Rita;112025;2025;17195801;Transferência Obrigatória Decorrente da Lei Complementar nº 176/2020 - Principal;Lançamento de Receita;4.515,54;501;Outros Recursos não Vinculados;"Não ";Não Aplicável
Santa Rita;201171;Prefeitura Municipal de Santa Rita;102025;2025;17195801;Transferência Obrigatória Decorrente da Lei Complementar nº 176/2020 - Principal;Lançamento de Receita;4.515,54;501;Outros Recursos não Vinculados;"Não ";Não Aplicável
Santa Rita;201171;Prefeitura Municipal de Santa Rita;092025;2025;17195801;Transferência Obrigatória Decorrente da Lei Complementar nº 176/2020 - Principal;Lançamento de Receita;4.515,54;501;Outros Recursos não Vinculados;"Não ";Não Aplicável
Santa Rita;201171;Prefeitura Municipal de Santa Rita;082025;2025;17195801;Transferência Obrigatória Decorrente da Lei Complementar nº 176/2020 - Principal;Lançamento de Receita;4.515,54;501;Outros Recursos não Vinculados;"Não ";Não Aplicável
Santa Rita;201171;Prefeitura Municipal de Santa Rita;072025;2025;17195801;Transferência Obrigatória Decorrente da Lei Complementar nº 176/2020 - Principal;Lançamento de Receita;4.515,54;501;Outros Recursos não Vinculados;"Não ";Não Aplicável
Santa Rita;201171;Prefeitura Municipal de Santa Rita;062025;2025;17195801;Transferência Obrigatória Decorrente da Lei Complementar nº 176/2020 - Principal;Lançamento de Receita;4.515,54;501;Outros Recursos não Vinculados;"Não ";Não Aplicável
Santa Rita;201171;Prefeitura Municipal de Santa Rita;052025;2025;17195801;Transferência Obrigatória Decorrente da Lei Complementar nº 176/2020 - Principal;Lançamento de Receita;4.515,54;501;Outros Recursos não Vinculados;"Não ";Não Aplicável
Santa Rita;201171;Prefeitura Municipal de Santa Rita;042025;2025;17195801;Transferência Obrigatória Decorrente da Lei Complementar nº 176/2020 - Principal;Lançamento de Receita;4.515,54;501;Outros Recursos não Vinculados;"Não ";Não Aplicável
Santa Rita;201171;Prefeitura Municipal de Santa Rita;032025;2025;17195801;Transferência Obrigatória Decorrente da Lei Complementar nº 176/2020 - Principal;Lançamento de Receita;4.515,54;501;Outros Recursos não Vinculados;"Não ";Não Aplicável
Santa Rita;201171;Prefeitura Municipal de Santa Rita;102025;2025;17155301;Transferências de Recursos do Fundeb destinados à criação de matrículas em ETI - Principal;Lançamento de Receita;1.116.849,56;546;Transferências do FUNDEB - complementação da União - Educação Tempo Integral;"Não ";Não Aplicável
Santa Rita;201171;Prefeitura Municipal de Santa Rita;122025;2025;17155101;Transferências de Recursos de Complementação da União ao Fundeb – VAAF - Principal;Lançamento de Receita;431.914,03;541;Transferências do FUNDEB - Complementação da União - VAAF;"Não ";Não Aplicável
Santa Rita;201171;Prefeitura Municipal de Santa Rita;112025;2025;17155101;Transferências de Recursos de Complementação da União ao Fundeb – VAAF - Principal;Lançamento de Receita;432.293,15;541;Transferências do FUNDEB - Complementação da União - VAAF;"Não ";Não Aplicável
Santa Rita;201171;Prefeitura Municipal de Santa Rita;102025;2025;17155101;Transferências de Recursos de Complementação da União ao Fundeb – VAAF - Principal;Lançamento de Receita;432.409,23;541;Transferências do FUNDEB - Complementação da União - VAAF;"Não ";Não Aplicável
Santa Rita;201171;Prefeitura Municipal de Santa Rita;092025;2025;17155101;Transferências de Recursos de Complementação da União ao Fundeb – VAAF - Principal;Lançamento de Receita;449.695,87;541;Transferências do FUNDEB - Complementação da União - VAAF;"Não ";Não Aplicável
Santa Rita;201171;Prefeitura Municipal de Santa Rita;082025;2025;17155101;Transferências de Recursos de Complementação da União ao Fundeb – VAAF - Principal;Lançamento de Receita;640.171,36;541;Transferências do FUNDEB - Complementação da União - VAAF;"Não ";Não Aplicável
Santa Rita;201171;Prefeitura Municipal de Santa Rita;072025;2025;17155101;Transferências de Recursos de Complementação da União ao Fundeb – VAAF - Principal;Lançamento de Receita;624.533,48;541;Transferências do FUNDEB - Complementação da União - VAAF;"Não ";Não Aplicável
Santa Rita;201171;Prefeitura Municipal de Santa Rita;062025;2025;17155101;Transferências de Recursos de Complementação da União ao Fundeb – VAAF - Principal;Lançamento de Receita;624.533,48;541;Transferências do FUNDEB - Complementação da União - VAAF;"Não ";Não Aplicável
Santa Rita;201171;Prefeitura Municipal de Santa Rita;052025;2025;17155101;Transferências de Recursos de Complementação da União ao Fundeb – VAAF - Principal;Lançamento de Receita;584.522,77;541;Transferências do FUNDEB - Complementação da União - VAAF;"Não ";Não Aplicável
Santa Rita;201171;Prefeitura Municipal de Santa Rita;042025;2025;17155101;Transferências de Recursos de Complementação da União ao Fundeb – VAAF - Principal;Lançamento de Receita;724.701,09;541;Transferências do FUNDEB - Complementação da União - VAAF;"Não ";Não Aplicável
Santa Rita;201171;Prefeitura Municipal de Santa Rita;032025;2025;17155101;Transferências de Recursos de Complementação da União ao Fundeb – VAAF - Principal;Lançamento de Receita;486.648,82;541;Transferências do FUNDEB - Complementação da União - VAAF;"Não ";Não Aplicável
Santa Rita;201171;Prefeitura Municipal de Santa Rita;022025;2025;17155101;Transferências de Recursos de Complementação da União ao Fundeb – VAAF - Principal;Lançamento de Receita;446.094,75;541;Transferências do FUNDEB - Complementação da União - VAAF;"Não ";Não Aplicável
Santa Rita;201171;Prefeitura Municipal de Santa Rita;012025;2025;17155101;Transferências de Recursos de Complementação da União ao Fundeb – VAAF - Principal;Lançamento de Receita;1.967.326,48;541;Transferências do FUNDEB - Complementação da União - VAAF;"Não ";Não Aplicável
Santa Rita;201171;Prefeitura Municipal de Santa Rita;122025;2025;17155001;Transferências de Recursos de Complementação da União ao Fundeb – VAAT - Principal;Lançamento de Receita;1.164.697,96;542;Transferências do FUNDEB - Complementação da União - VAAT;"Não ";Não Aplicável
Santa Rita;201171;Prefeitura Municipal de Santa Rita;112025;2025;17155001;Transferências de Recursos de Complementação da União ao Fundeb – VAAT - Principal;Lançamento de Receita;1.178.443,25;542;Transferências do FUNDEB - Complementação da União - VAAT;"Não ";Não Aplicável
Santa Rita;201171;Prefeitura Municipal de Santa Rita;102025;2025;17155001;Transferências de Recursos de Complementação da União ao Fundeb – VAAT - Principal;Lançamento de Receita;1.178.443,25;542;Transferências do FUNDEB - Complementação da União - VAAT;"Não ";Não Aplicável
Santa Rita;201171;Prefeitura Municipal de Santa Rita;092025;2025;17155001;Transferências de Recursos de Complementação da União ao Fundeb – VAAT - Principal;Lançamento de Receita;1.179.353,1;542;Transferências do FUNDEB - Complementação da União - VAAT;"Não ";Não Aplicável
Santa Rita;201171;Prefeitura Municipal de Santa Rita;082025;2025;17155001;Transferências de Recursos de Complementação da União ao Fundeb – VAAT - Principal;Lançamento de Receita;1.311.330,81;542;Transferências do FUNDEB - Complementação da União - VAAT;"Não ";Não Aplicável
Santa Rita;201171;Prefeitura Municipal de Santa Rita;072025;2025;17155001;Transferências de Recursos de Complementação da União ao Fundeb – VAAT - Principal;Lançamento de Receita;1.279.298,09;542;Transferências do FUNDEB - Complementação da União - VAAT;"Não ";Não Aplicável
Santa Rita;201171;Prefeitura Municipal de Santa Rita;062025;2025;17155001;Transferências de Recursos de Complementação da União ao Fundeb – VAAT - Principal;Lançamento de Receita;1.279.298,09;542;Transferências do FUNDEB - Complementação da União - VAAT;"Não ";Não Aplicável
Santa Rita;201171;Prefeitura Municipal de Santa Rita;052025;2025;17155001;Transferências de Recursos de Complementação da União ao Fundeb – VAAT - Principal;Lançamento de Receita;1.197.339,91;542;Transferências do FUNDEB - Complementação da União - VAAT;"Não ";Não Aplicável
Santa Rita;201171;Prefeitura Municipal de Santa Rita;042025;2025;17155001;Transferências de Recursos de Complementação da União ao Fundeb – VAAT - Principal;Lançamento de Receita;1.484.239,73;542;Transferências do FUNDEB - Complementação da União - VAAT;"Não ";Não Aplicável
Santa Rita;201171;Prefeitura Municipal de Santa Rita;032025;2025;17155001;Transferências de Recursos de Complementação da União ao Fundeb – VAAT - Principal;Lançamento de Receita;907.177,54;542;Transferências do FUNDEB - Complementação da União - VAAT;"Não ";Não Aplicável
Santa Rita;201171;Prefeitura Municipal de Santa Rita;022025;2025;17155001;Transferências de Recursos de Complementação da União ao Fundeb – VAAT - Principal;Lançamento de Receita;831.579,41;542;Transferências do FUNDEB - Complementação da União - VAAT;"Não ";Não Aplicável
Santa Rita;201171;Prefeitura Municipal de Santa Rita;012025;2025;17155001;Transferências de Recursos de Complementação da União ao Fundeb – VAAT - Principal;Lançamento de Receita;4.420.450,94;542;Transferências do FUNDEB - Complementação da União - VAAT;"Não ";Não Aplicável
Santa Rita;201171;Prefeitura Municipal de Santa Rita;122025;2025;17149901;Outras Transferências Diretas do Fundo Nacional do Desenvolvimento da Educação - FNDE - Principal;Lançamento de Receita;558.433,05;569;Outras Transferências de Recursos do FNDE;"Não ";Não Aplicável
Santa Rita;201171;Prefeitura Municipal de Santa Rita;112025;2025;17149901;Outras Transferências Diretas do Fundo Nacional do Desenvolvimento da Educação - FNDE - Principal;Lançamento de Receita;558.431,88;569;Outras Transferências de Recursos do FNDE;"Não ";Não Aplicável
Santa Rita;201171;Prefeitura Municipal de Santa Rita;102025;2025;17149901;Outras Transferências Diretas do Fundo Nacional do Desenvolvimento da Educação - FNDE - Principal;Lançamento de Receita;8,51;569;Outras Transferências de Recursos do FNDE;"Não ";Não Aplicável
Santa Rita;201171;Prefeitura Municipal de Santa Rita;092025;2025;17149901;Outras Transferências Diretas do Fundo Nacional do Desenvolvimento da Educação - FNDE - Principal;Lançamento de Receita;8,06;569;Outras Transferências de Recursos do FNDE;"Não ";Não Aplicável
Santa Rita;201171;Prefeitura Municipal de Santa Rita;082025;2025;17149901;Outras Transferências Diretas do Fundo Nacional do Desenvolvimento da Educação - FNDE - Principal;Lançamento de Receita;7,63;569;Outras Transferências de Recursos do FNDE;"Não ";Não Aplicável
Santa Rita;201171;Prefeitura Municipal de Santa Rita;072025;2025;17149901;Outras Transferências Diretas do Fundo Nacional do Desenvolvimento da Educação - FNDE - Principal;Lançamento de Receita;8,28;569;Outras Transferências de Recursos do FNDE;"Não ";Não Aplicável
Santa Rita;201171;Prefeitura Municipal de Santa Rita;062025;2025;17149901;Outras Transferências Diretas do Fundo Nacional do Desenvolvimento da Educação - FNDE - Principal;Lançamento de Receita;7,04;569;Outras Transferências de Recursos do FNDE;"Não ";Não Aplicável
Santa Rita;201171;Prefeitura Municipal de Santa Rita;052025;2025;17149901;Outras Transferências Diretas do Fundo Nacional do Desenvolvimento da Educação - FNDE - Principal;Lançamento de Receita;7,19;569;Outras Transferências de Recursos do FNDE;"Não ";Não Aplicável
Santa Rita;201171;Prefeitura Municipal de Santa Rita;042025;2025;17149901;Outras Transferências Diretas do Fundo Nacional do Desenvolvimento da Educação - FNDE - Principal;Lançamento de Receita;6,57;569;Outras Transferências de Recursos do FNDE;"Não ";Não Aplicável
Santa Rita;201171;Prefeitura Municipal de Santa Rita;032025;2025;17149901;Outras Transferências Diretas do Fundo Nacional do Desenvolvimento da Educação - FNDE - Principal;Lançamento de Receita;5,86;569;Outras Transferências de Recursos do FNDE;"Não ";Não Aplicável
Santa Rita;201171;Prefeitura Municipal de Santa Rita;022025;2025;17149901;Outras Transferências Diretas do Fundo Nacional do Desenvolvimento da Educação - FNDE - Principal;Lançamento de Receita;5,93;569;Outras Transferências de Recursos do FNDE;"Não ";Não Aplicável
Santa Rita;201171;Prefeitura Municipal de Santa Rita;012025;2025;17149901;Outras Transferências Diretas do Fundo Nacional do Desenvolvimento da Educação - FNDE - Principal;Lançamento de Receita;5.901,14;569;Outras Transferências de Recursos do FNDE;"Não ";Não Aplicável
Santa Rita;201171;Prefeitura Municipal de Santa Rita;122025;2025;17145201;Transferências referentes ao Programa Nacional de Alimentação Escolar – PNAE - Principal;Lançamento de Receita;1.726.328;552;Transferências de Recursos do FNDE Referentes ao Programa Nacional de Alimentação Escolar (PNAE);"Não ";Não Aplicável
Santa Rita;201171;Prefeitura Municipal de Santa Rita;122025;2025;17145001;Transferências do Salário-Educação - Principal;Lançamento de Receita;616.701,81;550;Transferência do Salário-Educação;"Não ";Não Aplicável
Santa Rita;201171;Prefeitura Municipal de Santa Rita;112025;2025;17145001;Transferências do Salário-Educação - Principal;Lançamento de Receita;622.981,98;550;Transferência do Salário-Educação;"Não ";Não Aplicável
Santa Rita;201171;Prefeitura Municipal de Santa Rita;102025;2025;17145001;Transferências do Salário-Educação - Principal;Lançamento de Receita;657.167,85;550;Transferência do Salário-Educação;"Não ";Não Aplicável
Santa Rita;201171;Prefeitura Municipal de Santa Rita;092025;2025;17145001;Transferências do Salário-Educação - Principal;Lançamento de Receita;596.145,35;550;Transferência do Salário-Educação;"Não ";Não Aplicável
Santa Rita;201171;Prefeitura Municipal de Santa Rita;082025;2025;17145001;Transferências do Salário-Educação - Principal;Lançamento de Receita;599.988,78;550;Transferência do Salário-Educação;"Não ";Não Aplicável
Santa Rita;201171;Prefeitura Municipal de Santa Rita;072025;2025;17145001;Transferências do Salário-Educação - Principal;Lançamento de Receita;1.291.691,88;550;Transferência do Salário-Educação;"Não ";Não Aplicável
Santa Rita;201171;Prefeitura Municipal de Santa Rita;052025;2025;17145001;Transferências do Salário-Educação - Principal;Lançamento de Receita;616.337,25;550;Transferência do Salário-Educação;"Não ";Não Aplicável
Santa Rita;201171;Prefeitura Municipal de Santa Rita;042025;2025;17145001;Transferências do Salário-Educação - Principal;Lançamento de Receita;617.785,7;550;Transferência do Salário-Educação;"Não ";Não Aplicável
Santa Rita;201171;Prefeitura Municipal de Santa Rita;032025;2025;17145001;Transferências do Salário-Educação - Principal;Lançamento de Receita;623.694,6;550;Transferência do Salário-Educação;"Não ";Não Aplicável
Santa Rita;201171;Prefeitura Municipal de Santa Rita;022025;2025;17145001;Transferências do Salário-Educação - Principal;Lançamento de Receita;624.889,61;550;Transferência do Salário-Educação;"Não ";Não Aplicável
Santa Rita;201171;Prefeitura Municipal de Santa Rita;012025;2025;17145001;Transferências do Salário-Educação - Principal;Lançamento de Receita;1.088.842,55;550;Transferência do Salário-Educação;"Não ";Não Aplicável
Santa Rita;201171;Prefeitura Municipal de Santa Rita;122025;2025;17125241;Cota-Parte do Fundo Especial do Petróleo – FEP - Principal;Lançamento de Receita;326.862,5;720;Transferências da União Referentes às participações na exploração de Petróleo e Gás Natural destinadas ao FEP - Lei 9.478/1997;"Não ";Não Aplicável
Santa Rita;201171;Prefeitura Municipal de Santa Rita;112025;2025;17125241;Cota-Parte do Fundo Especial do Petróleo – FEP - Principal;Lançamento de Receita;318.060,19;720;Transferências da União Referentes às participações na exploração de Petróleo e Gás Natural destinadas ao FEP - Lei 9.478/1997;"Não ";Não Aplicável
Santa Rita;201171;Prefeitura Municipal de Santa Rita;102025;2025;17125241;Cota-Parte do Fundo Especial do Petróleo – FEP - Principal;Lançamento de Receita;333.011,54;720;Transferências da União Referentes às participações na exploração de Petróleo e Gás Natural destinadas ao FEP - Lei 9.478/1997;"Não ";Não Aplicável
Santa Rita;201171;Prefeitura Municipal de Santa Rita;092025;2025;17125241;Cota-Parte do Fundo Especial do Petróleo – FEP - Principal;Lançamento de Receita;358.486,55;720;Transferências da União Referentes às participações na exploração de Petróleo e Gás Natural destinadas ao FEP - Lei 9.478/1997;"Não ";Não Aplicável
Santa Rita;201171;Prefeitura Municipal de Santa Rita;082025;2025;17125241;Cota-Parte do Fundo Especial do Petróleo – FEP - Principal;Lançamento de Receita;333.791,07;720;Transferências da União Referentes às participações na exploração de Petróleo e Gás Natural destinadas ao FEP - Lei 9.478/1997;"Não ";Não Aplicável
Santa Rita;201171;Prefeitura Municipal de Santa Rita;072025;2025;17125241;Cota-Parte do Fundo Especial do Petróleo – FEP - Principal;Lançamento de Receita;313.405,33;720;Transferências da União Referentes às participações na exploração de Petróleo e Gás Natural destinadas ao FEP - Lei 9.478/1997;"Não ";Não Aplicável
Santa Rita;201171;Prefeitura Municipal de Santa Rita;062025;2025;17125241;Cota-Parte do Fundo Especial do Petróleo – FEP - Principal;Lançamento de Receita;319.475,26;720;Transferências da União Referentes às participações na exploração de Petróleo e Gás Natural destinadas ao FEP - Lei 9.478/1997;"Não ";Não Aplicável
Santa Rita;201171;Prefeitura Municipal de Santa Rita;052025;2025;17125241;Cota-Parte do Fundo Especial do Petróleo – FEP - Principal;Lançamento de Receita;353.709,28;720;Transferências da União Referentes às participações na exploração de Petróleo e Gás Natural destinadas ao FEP - Lei 9.478/1997;"Não ";Não Aplicável
Santa Rita;201171;Prefeitura Municipal de Santa Rita;042025;2025;17125241;Cota-Parte do Fundo Especial do Petróleo – FEP - Principal;Lançamento de Receita;318.513,16;720;Transferências da União Referentes às participações na exploração de Petróleo e Gás Natural destinadas ao FEP - Lei 9.478/1997;"Não ";Não Aplicável
Santa Rita;201171;Prefeitura Municipal de Santa Rita;032025;2025;17125241;Cota-Parte do Fundo Especial do Petróleo – FEP - Principal;Lançamento de Receita;380.715,73;720;Transferências da União Referentes às participações na exploração de Petróleo e Gás Natural destinadas ao FEP - Lei 9.478/1997;"Não ";Não Aplicável
Santa Rita;201171;Prefeitura Municipal de Santa Rita;022025;2025;17125241;Cota-Parte do Fundo Especial do Petróleo – FEP - Principal;Lançamento de Receita;210.469,79;720;Transferências da União Referentes às participações na exploração de Petróleo e Gás Natural destinadas ao FEP - Lei 9.478/1997;"Não ";Não Aplicável
Santa Rita;201171;Prefeitura Municipal de Santa Rita;012025;2025;17125241;Cota-Parte do Fundo Especial do Petróleo – FEP - Principal;Lançamento de Receita;321.848,05;720;Transferências da União Referentes às participações na exploração de Petróleo e Gás Natural destinadas ao FEP - Lei 9.478/1997;"Não ";Não Aplicável
Santa Rita;201171;Prefeitura Municipal de Santa Rita;122025;2025;17125101;Cota-parte da Compensação Financeira pela Exploração de Recursos Minerais - CFEM - Principal;Lançamento de Receita;91.131,49;720;Transferências da União Referentes às participações na exploração de Petróleo e Gás Natural destinadas ao FEP - Lei 9.478/1997;"Não ";Não Aplicável
Santa Rita;201171;Prefeitura Municipal de Santa Rita;112025;2025;17125101;Cota-parte da Compensação Financeira pela Exploração de Recursos Minerais - CFEM - Principal;Lançamento de Receita;5.739.645,7;720;Transferências da União Referentes às participações na exploração de Petróleo e Gás Natural destinadas ao FEP - Lei 9.478/1997;"Não ";Não Aplicável
Santa Rita;201171;Prefeitura Municipal de Santa Rita;102025;2025;17125101;Cota-parte da Compensação Financeira pela Exploração de Recursos Minerais - CFEM - Principal;Lançamento de Receita;65.782,85;720;Transferências da União Referentes às participações na exploração de Petróleo e Gás Natural destinadas ao FEP - Lei 9.478/1997;"Não ";Não Aplicável
Santa Rita;201171;Prefeitura Municipal de Santa Rita;092025;2025;17125101;Cota-parte da Compensação Financeira pela Exploração de Recursos Minerais - CFEM - Principal;Lançamento de Receita;156.332,83;720;Transferências da União Referentes às participações na exploração de Petróleo e Gás Natural destinadas ao FEP - Lei 9.478/1997;"Não ";Não Aplicável
Santa Rita;201171;Prefeitura Municipal de Santa Rita;082025;2025;17125101;Cota-parte da Compensação Financeira pela Exploração de Recursos Minerais - CFEM - Principal;Lançamento de Receita;125.079,66;720;Transferências da União Referentes às participações na exploração de Petróleo e Gás Natural destinadas ao FEP - Lei 9.478/1997;"Não ";Não Aplicável
Santa Rita;201171;Prefeitura Municipal de Santa Rita;072025;2025;17125101;Cota-parte da Compensação Financeira pela Exploração de Recursos Minerais - CFEM - Principal;Lançamento de Receita;61.652,3;720;Transferências da União Referentes às participações na exploração de Petróleo e Gás Natural destinadas ao FEP - Lei 9.478/1997;"Não ";Não Aplicável
Santa Rita;201171;Prefeitura Municipal de Santa Rita;062025;2025;17125101;Cota-parte da Compensação Financeira pela Exploração de Recursos Minerais - CFEM - Principal;Lançamento de Receita;71.805,79;720;Transferências da União Referentes às participações na exploração de Petróleo e Gás Natural destinadas ao FEP - Lei 9.478/1997;"Não ";Não Aplicável
Santa Rita;201171;Prefeitura Municipal de Santa Rita;052025;2025;17125101;Cota-parte da Compensação Financeira pela Exploração de Recursos Minerais - CFEM - Principal;Lançamento de Receita;82.048;720;Transferências da União Referentes às participações na exploração de Petróleo e Gás Natural destinadas ao FEP - Lei 9.478/1997;"Não ";Não Aplicável
Santa Rita;201171;Prefeitura Municipal de Santa Rita;042025;2025;17125101;Cota-parte da Compensação Financeira pela Exploração de Recursos Minerais - CFEM - Principal;Lançamento de Receita;105.705,04;720;Transferências da União Referentes às participações na exploração de Petróleo e Gás Natural destinadas ao FEP - Lei 9.478/1997;"Não ";Não Aplicável
Santa Rita;201171;Prefeitura Municipal de Santa Rita;032025;2025;17125101;Cota-parte da Compensação Financeira pela Exploração de Recursos Minerais - CFEM - Principal;Lançamento de Receita;90.168,18;720;Transferências da União Referentes às participações na exploração de Petróleo e Gás Natural destinadas ao FEP - Lei 9.478/1997;"Não ";Não Aplicável
Santa Rita;201171;Prefeitura Municipal de Santa Rita;022025;2025;17125101;Cota-parte da Compensação Financeira pela Exploração de Recursos Minerais - CFEM - Principal;Lançamento de Receita;92.020,52;720;Transferências da União Referentes às participações na exploração de Petróleo e Gás Natural destinadas ao FEP - Lei 9.478/1997;"Não ";Não Aplicável
Santa Rita;201171;Prefeitura Municipal de Santa Rita;012025;2025;17125101;Cota-parte da Compensação Financeira pela Exploração de Recursos Minerais - CFEM - Principal;Lançamento de Receita;157.832,04;720;Transferências da União Referentes às participações na exploração de Petróleo e Gás Natural destinadas ao FEP - Lei 9.478/1997;"Não ";Não Aplicável
Santa Rita;201171;Prefeitura Municipal de Santa Rita;122025;2025;17115201;Cota-Parte do Imposto Sobre a Propriedade Territorial Rural - Principal;Lançamento de Receita;12.688,14;500;Recursos não vinculados de Impostos;"Não ";Não Aplicável
Santa Rita;201171;Prefeitura Municipal de Santa Rita;122025;2025;17115201;Cota-Parte do Imposto Sobre a Propriedade Territorial Rural - Principal;Dedução do Fundeb;-2.537,61;500;Recursos não vinculados de Impostos;1001;Identificação das despesas com manutenção e desenvolvimento do ensino
Santa Rita;201171;Prefeitura Municipal de Santa Rita;112025;2025;17115201;Cota-Parte do Imposto Sobre a Propriedade Territorial Rural - Principal;Lançamento de Receita;36.123,15;500;Recursos não vinculados de Impostos;"Não ";Não Aplicável
Santa Rita;201171;Prefeitura Municipal de Santa Rita;112025;2025;17115201;Cota-Parte do Imposto Sobre a Propriedade Territorial Rural - Principal;Dedução do Fundeb;-7.224,62;500;Recursos não vinculados de Impostos;1001;Identificação das despesas com manutenção e desenvolvimento do ensino
Santa Rita;201171;Prefeitura Municipal de Santa Rita;102025;2025;17115201;Cota-Parte do Imposto Sobre a Propriedade Territorial Rural - Principal;Dedução do Fundeb;-18.221,04;500;Recursos não vinculados de Impostos;1001;Identificação das despesas com manutenção e desenvolvimento do ensino
Santa Rita;201171;Prefeitura Municipal de Santa Rita;102025;2025;17115201;Cota-Parte do Imposto Sobre a Propriedade Territorial Rural - Principal;Lançamento de Receita;91.105,24;500;Recursos não vinculados de Impostos;"Não ";Não Aplicável
Santa Rita;201171;Prefeitura Municipal de Santa Rita;092025;2025;17115201;Cota-Parte do Imposto Sobre a Propriedade Territorial Rural - Principal;Dedução do Fundeb;-1.052,98;500;Recursos não vinculados de Impostos;1001;Identificação das despesas com manutenção e desenvolvimento do ensino
Santa Rita;201171;Prefeitura Municipal de Santa Rita;092025;2025;17115201;Cota-Parte do Imposto Sobre a Propriedade Territorial Rural - Principal;Lançamento de Receita;5.264,94;500;Recursos não vinculados de Impostos;"Não ";Não Aplicável
Santa Rita;201171;Prefeitura Municipal de Santa Rita;082025;2025;17115201;Cota-Parte do Imposto Sobre a Propriedade Territorial Rural - Principal;Lançamento de Receita;2.762,7;500;Recursos não vinculados de Impostos;"Não ";Não Aplicável
Santa Rita;201171;Prefeitura Municipal de Santa Rita;082025;2025;17115201;Cota-Parte do Imposto Sobre a Propriedade Territorial Rural - Principal;Dedução do Fundeb;-552,53;500;Recursos não vinculados de Impostos;1001;Identificação das despesas com manutenção e desenvolvimento do ensino
Santa Rita;201171;Prefeitura Municipal de Santa Rita;072025;2025;17115201;Cota-Parte do Imposto Sobre a Propriedade Territorial Rural - Principal;Lançamento de Receita;658,3;500;Recursos não vinculados de Impostos;"Não ";Não Aplicável
Santa Rita;201171;Prefeitura Municipal de Santa Rita;072025;2025;17115201;Cota-Parte do Imposto Sobre a Propriedade Territorial Rural - Principal;Dedução do Fundeb;-131,66;500;Recursos não vinculados de Impostos;1001;Identificação das despesas com manutenção e desenvolvimento do ensino
Santa Rita;201171;Prefeitura Municipal de Santa Rita;062025;2025;17115201;Cota-Parte do Imposto Sobre a Propriedade Territorial Rural - Principal;Lançamento de Receita;11.761,04;500;Recursos não vinculados de Impostos;"Não ";Não Aplicável
Santa Rita;201171;Prefeitura Municipal de Santa Rita;062025;2025;17115201;Cota-Parte do Imposto Sobre a Propriedade Territorial Rural - Principal;Dedução do Fundeb;-2.352,2;500;Recursos não vinculados de Impostos;1001;Identificação das despesas com manutenção e desenvolvimento do ensino
Santa Rita;201171;Prefeitura Municipal de Santa Rita;052025;2025;17115201;Cota-Parte do Imposto Sobre a Propriedade Territorial Rural - Principal;Dedução do Fundeb;-1.856,2;500;Recursos não vinculados de Impostos;1001;Identificação das despesas com manutenção e desenvolvimento do ensino
Santa Rita;201171;Prefeitura Municipal de Santa Rita;052025;2025;17115201;Cota-Parte do Imposto Sobre a Propriedade Territorial Rural - Principal;Lançamento de Receita;9.281,05;500;Recursos não vinculados de Impostos;"Não ";Não Aplicável
Santa Rita;201171;Prefeitura Municipal de Santa Rita;042025;2025;17115201;Cota-Parte do Imposto Sobre a Propriedade Territorial Rural - Principal;Dedução do Fundeb;-7.006,65;500;Recursos não vinculados de Impostos;1001;Identificação das despesas com manutenção e desenvolvimento do ensino
Santa Rita;201171;Prefeitura Municipal de Santa Rita;042025;2025;17115201;Cota-Parte do Imposto Sobre a Propriedade Territorial Rural - Principal;Lançamento de Receita;35.033,26;500;Recursos não vinculados de Impostos;"Não ";Não Aplicável
Santa Rita;201171;Prefeitura Municipal de Santa Rita;032025;2025;17115201;Cota-Parte do Imposto Sobre a Propriedade Territorial Rural - Principal;Dedução do Fundeb;-1.056,63;500;Recursos não vinculados de Impostos;1001;Identificação das despesas com manutenção e desenvolvimento do ensino
Santa Rita;201171;Prefeitura Municipal de Santa Rita;032025;2025;17115201;Cota-Parte do Imposto Sobre a Propriedade Territorial Rural - Principal;Lançamento de Receita;5.283,2;500;Recursos não vinculados de Impostos;"Não ";Não Aplicável
Santa Rita;201171;Prefeitura Municipal de Santa Rita;022025;2025;17115201;Cota-Parte do Imposto Sobre a Propriedade Territorial Rural - Principal;Lançamento de Receita;5.326,42;500;Recursos não vinculados de Impostos;"Não ";Não Aplicável
Santa Rita;201171;Prefeitura Municipal de Santa Rita;022025;2025;17115201;Cota-Parte do Imposto Sobre a Propriedade Territorial Rural - Principal;Dedução do Fundeb;-1.065,28;500;Recursos não vinculados de Impostos;1001;Identificação das despesas com manutenção e desenvolvimento do ensino
Santa Rita;201171;Prefeitura Municipal de Santa Rita;012025;2025;17115201;Cota-Parte do Imposto Sobre a Propriedade Territorial Rural - Principal;Dedução do Fundeb;-13.609,14;500;Recursos não vinculados de Impostos;1001;Identificação das despesas com manutenção e desenvolvimento do ensino
Santa Rita;201171;Prefeitura Municipal de Santa Rita;012025;2025;17115201;Cota-Parte do Imposto Sobre a Propriedade Territorial Rural - Principal;Lançamento de Receita;68.045,76;500;Recursos não vinculados de Impostos;"Não ";Não Aplicável
Santa Rita;201171;Prefeitura Municipal de Santa Rita;122025;2025;17115121;Cota-Parte do Fundo de Participação dos Municípios - Cotas Extraordinárias - Principal;Lançamento de Receita;9.233.198,65;500;Recursos não vinculados de Impostos;"Não ";Não Aplicável
Santa Rita;201171;Prefeitura Municipal de Santa Rita;102025;2025;17115121;Cota-Parte do Fundo de Participação dos Municípios - Cotas Extraordinárias - Principal;Lançamento de Receita;16.593.693,52;500;Recursos não vinculados de Impostos;"Não ";Não Aplicável
Santa Rita;201171;Prefeitura Municipal de Santa Rita;122025;2025;17115111;Cota-Parte do Fundo de Participação dos Municípios - Cota Mensal - Principal;Dedução do Fundeb;-4.327.496,45;500;Recursos não vinculados de Impostos;1001;Identificação das despesas com manutenção e desenvolvimento do ensino
Santa Rita;201171;Prefeitura Municipal de Santa Rita;122025;2025;17115111;Cota-Parte do Fundo de Participação dos Municípios - Cota Mensal - Principal;Lançamento de Receita;21.637.482,62;500;Recursos não vinculados de Impostos;"Não ";Não Aplicável
Santa Rita;201171;Prefeitura Municipal de Santa Rita;112025;2025;17115111;Cota-Parte do Fundo de Participação dos Municípios - Cota Mensal - Principal;Lançamento de Receita;19.169.899,44;500;Recursos não vinculados de Impostos;"Não ";Não Aplicável
Santa Rita;201171;Prefeitura Municipal de Santa Rita;112025;2025;17115111;Cota-Parte do Fundo de Participação dos Municípios - Cota Mensal - Principal;Dedução do Fundeb;-3.833.979,8;500;Recursos não vinculados de Impostos;1001;Identificação das despesas com manutenção e desenvolvimento do ensino
Santa Rita;201171;Prefeitura Municipal de Santa Rita;102025;2025;17115111;Cota-Parte do Fundo de Participação dos Municípios - Cota Mensal - Principal;Lançamento de Receita;-2.491.332,62;500;Recursos não vinculados de Impostos;"Não ";Não Aplicável
Santa Rita;201171;Prefeitura Municipal de Santa Rita;102025;2025;17115111;Cota-Parte do Fundo de Participação dos Municípios - Cota Mensal - Principal;Dedução do Fundeb;-2.820.472,1;500;Recursos não vinculados de Impostos;1001;Identificação das despesas com manutenção e desenvolvimento do ensino
Santa Rita;201171;Prefeitura Municipal de Santa Rita;092025;2025;17115111;Cota-Parte do Fundo de Participação dos Municípios - Cota Mensal - Principal;Dedução do Fundeb;-2.675.651,16;500;Recursos não vinculados de Impostos;1001;Identificação das despesas com manutenção e desenvolvimento do ensino
Santa Rita;201171;Prefeitura Municipal de Santa Rita;092025;2025;17115111;Cota-Parte do Fundo de Participação dos Municípios - Cota Mensal - Principal;Lançamento de Receita;21.027.433,28;500;Recursos não vinculados de Impostos;"Não ";Não Aplicável
Santa Rita;201171;Prefeitura Municipal de Santa Rita;082025;2025;17115111;Cota-Parte do Fundo de Participação dos Municípios - Cota Mensal - Principal;Lançamento de Receita;16.569.568,39;500;Recursos não vinculados de Impostos;"Não ";Não Aplicável
Santa Rita;201171;Prefeitura Municipal de Santa Rita;082025;2025;17115111;Cota-Parte do Fundo de Participação dos Municípios - Cota Mensal - Principal;Dedução do Fundeb;-3.313.913,61;500;Recursos não vinculados de Impostos;1001;Identificação das despesas com manutenção e desenvolvimento do ensino
Santa Rita;201171;Prefeitura Municipal de Santa Rita;072025;2025;17115111;Cota-Parte do Fundo de Participação dos Municípios - Cota Mensal - Principal;Dedução do Fundeb;-2.511.778,78;500;Recursos não vinculados de Impostos;1001;Identificação das despesas com manutenção e desenvolvimento do ensino
Santa Rita;201171;Prefeitura Municipal de Santa Rita;072025;2025;17115111;Cota-Parte do Fundo de Participação dos Municípios - Cota Mensal - Principal;Lançamento de Receita;21.503.410,5;500;Recursos não vinculados de Impostos;"Não ";Não Aplicável
Santa Rita;201171;Prefeitura Municipal de Santa Rita;062025;2025;17115111;Cota-Parte do Fundo de Participação dos Municípios - Cota Mensal - Principal;Dedução do Fundeb;-4.091.747,05;500;Recursos não vinculados de Impostos;1001;Identificação das despesas com manutenção e desenvolvimento do ensino
Santa Rita;201171;Prefeitura Municipal de Santa Rita;062025;2025;17115111;Cota-Parte do Fundo de Participação dos Municípios - Cota Mensal - Principal;Lançamento de Receita;20.458.735,62;500;Recursos não vinculados de Impostos;"Não ";Não Aplicável
Santa Rita;201171;Prefeitura Municipal de Santa Rita;052025;2025;17115111;Cota-Parte do Fundo de Participação dos Municípios - Cota Mensal - Principal;Dedução do Fundeb;-3.983.641,4;500;Recursos não vinculados de Impostos;1001;Identificação das despesas com manutenção e desenvolvimento do ensino
Santa Rita;201171;Prefeitura Municipal de Santa Rita;052025;2025;17115111;Cota-Parte do Fundo de Participação dos Municípios - Cota Mensal - Principal;Lançamento de Receita;19.918.207,37;500;Recursos não vinculados de Impostos;"Não ";Não Aplicável
Santa Rita;201171;Prefeitura Municipal de Santa Rita;042025;2025;17115111;Cota-Parte do Fundo de Participação dos Municípios - Cota Mensal - Principal;Dedução do Fundeb;-3.122.852,68;500;Recursos não vinculados de Impostos;1001;Identificação das despesas com manutenção e desenvolvimento do ensino
Santa Rita;201171;Prefeitura Municipal de Santa Rita;042025;2025;17115111;Cota-Parte do Fundo de Participação dos Municípios - Cota Mensal - Principal;Lançamento de Receita;15.614.263,77;500;Recursos não vinculados de Impostos;"Não ";Não Aplicável
Santa Rita;201171;Prefeitura Municipal de Santa Rita;032025;2025;17115111;Cota-Parte do Fundo de Participação dos Municípios - Cota Mensal - Principal;Dedução do Fundeb;-3.073.157,75;500;Recursos não vinculados de Impostos;1001;Identificação das despesas com manutenção e desenvolvimento do ensino
Santa Rita;201171;Prefeitura Municipal de Santa Rita;032025;2025;17115111;Cota-Parte do Fundo de Participação dos Municípios - Cota Mensal - Principal;Lançamento de Receita;15.365.789,15;500;Recursos não vinculados de Impostos;"Não ";Não Aplicável
Santa Rita;201171;Prefeitura Municipal de Santa Rita;022025;2025;17115111;Cota-Parte do Fundo de Participação dos Municípios - Cota Mensal - Principal;Dedução do Fundeb;-4.666.580,25;500;Recursos não vinculados de Impostos;1001;Identificação das despesas com manutenção e desenvolvimento do ensino
Santa Rita;201171;Prefeitura Municipal de Santa Rita;022025;2025;17115111;Cota-Parte do Fundo de Participação dos Municípios - Cota Mensal - Principal;Lançamento de Receita;23.332.901,63;500;Recursos não vinculados de Impostos;"Não ";Não Aplicável
Santa Rita;201171;Prefeitura Municipal de Santa Rita;012025;2025;17115111;Cota-Parte do Fundo de Participação dos Municípios - Cota Mensal - Principal;Lançamento de Receita;17.388.159,05;500;Recursos não vinculados de Impostos;"Não ";Não Aplicável
Santa Rita;201171;Prefeitura Municipal de Santa Rita;012025;2025;17115111;Cota-Parte do Fundo de Participação dos Municípios - Cota Mensal - Principal;Dedução do Fundeb;-3.477.631,73;500;Recursos não vinculados de Impostos;1001;Identificação das despesas com manutenção e desenvolvimento do ensino
Santa Rita;201171;Prefeitura Municipal de Santa Rita;122025;2025;13210101;Remuneração de Depósitos Bancários - Principal;Lançamento de Receita;203.169,08;500;Recursos não vinculados de Impostos;"Não ";Não Aplicável
Santa Rita;201171;Prefeitura Municipal de Santa Rita;122025;2025;13210101;Remuneração de Depósitos Bancários - Principal;Lançamento de Receita;45.901,26;540;Transferências do FUNDEB - Impostos e Transferências de Impostos;"Não ";Não Aplicável
Santa Rita;201171;Prefeitura Municipal de Santa Rita;122025;2025;13210101;Remuneração de Depósitos Bancários - Principal;Lançamento de Receita;26.344,55;550;Transferência do Salário-Educação;"Não ";Não Aplicável
Santa Rita;201171;Prefeitura Municipal de Santa Rita;122025;2025;13210101;Remuneração de Depósitos Bancários - Principal;Lançamento de Receita;2.711,45;569;Outras Transferências de Recursos do FNDE;"Não ";Não Aplicável
Santa Rita;201171;Prefeitura Municipal de Santa Rita;122025;2025;13210101;Remuneração de Depósitos Bancários - Principal;Lançamento de Receita;-1.692.824,86;552;Transferências de Recursos do FNDE Referentes ao Programa Nacional de Alimentação Escolar (PNAE);"Não ";Não Aplicável
Santa Rita;201171;Prefeitura Municipal de Santa Rita;112025;2025;13210101;Remuneração de Depósitos Bancários - Principal;Lançamento de Receita;25.732,52;540;Transferências do FUNDEB - Impostos e Transferências de Impostos;"Não ";Não Aplicável
Santa Rita;201171;Prefeitura Municipal de Santa Rita;112025;2025;13210101;Remuneração de Depósitos Bancários - Principal;Lançamento de Receita;106.448,23;500;Recursos não vinculados de Impostos;"Não ";Não Aplicável
Santa Rita;201171;Prefeitura Municipal de Santa Rita;112025;2025;13210101;Remuneração de Depósitos Bancários - Principal;Lançamento de Receita;2.370,36;569;Outras Transferências de Recursos do FNDE;"Não ";Não Aplicável
Santa Rita;201171;Prefeitura Municipal de Santa Rita;112025;2025;13210101;Remuneração de Depósitos Bancários - Principal;Lançamento de Receita;24.246,21;550;Transferência do Salário-Educação;"Não ";Não Aplicável
Santa Rita;201171;Prefeitura Municipal de Santa Rita;112025;2025;13210101;Remuneração de Depósitos Bancários - Principal;Lançamento de Receita;1.075,11;552;Transferências de Recursos do FNDE Referentes ao Programa Nacional de Alimentação Escolar (PNAE);"Não ";Não Aplicável
Santa Rita;201171;Prefeitura Municipal de Santa Rita;102025;2025;13210101;Remuneração de Depósitos Bancários - Principal;Lançamento de Receita;56.983,64;569;Outras Transferências de Recursos do FNDE;"Não ";Não Aplicável
Santa Rita;201171;Prefeitura Municipal de Santa Rita;102025;2025;13210101;Remuneração de Depósitos Bancários - Principal;Lançamento de Receita;19.775,07;540;Transferências do FUNDEB - Impostos e Transferências de Impostos;"Não ";Não Aplicável
Santa Rita;201171;Prefeitura Municipal de Santa Rita;102025;2025;13210101;Remuneração de Depósitos Bancários - Principal;Lançamento de Receita;27.111,75;550;Transferência do Salário-Educação;"Não ";Não Aplicável
Santa Rita;201171;Prefeitura Municipal de Santa Rita;102025;2025;13210101;Remuneração de Depósitos Bancários - Principal;Lançamento de Receita;104.910,36;500;Recursos não vinculados de Impostos;"Não ";Não Aplicável
Santa Rita;201171;Prefeitura Municipal de Santa Rita;102025;2025;13210101;Remuneração de Depósitos Bancários - Principal;Lançamento de Receita;1.628,3;552;Transferências de Recursos do FNDE Referentes ao Programa Nacional de Alimentação Escolar (PNAE);"Não ";Não Aplicável
Santa Rita;201171;Prefeitura Municipal de Santa Rita;092025;2025;13210101;Remuneração de Depósitos Bancários - Principal;Lançamento de Receita;20.905,29;540;Transferências do FUNDEB - Impostos e Transferências de Impostos;"Não ";Não Aplicável
Santa Rita;201171;Prefeitura Municipal de Santa Rita;092025;2025;13210101;Remuneração de Depósitos Bancários - Principal;Lançamento de Receita;331.823,3;552;Transferências de Recursos do FNDE Referentes ao Programa Nacional de Alimentação Escolar (PNAE);"Não ";Não Aplicável
Santa Rita;201171;Prefeitura Municipal de Santa Rita;092025;2025;13210101;Remuneração de Depósitos Bancários - Principal;Lançamento de Receita;20.218,43;550;Transferência do Salário-Educação;"Não ";Não Aplicável
Santa Rita;201171;Prefeitura Municipal de Santa Rita;092025;2025;13210101;Remuneração de Depósitos Bancários - Principal;Lançamento de Receita;108.669,38;500;Recursos não vinculados de Impostos;"Não ";Não Aplicável
Santa Rita;201171;Prefeitura Municipal de Santa Rita;092025;2025;13210101;Remuneração de Depósitos Bancários - Principal;Lançamento de Receita;10.664,19;569;Outras Transferências de Recursos do FNDE;"Não ";Não Aplicável
Santa Rita;201171;Prefeitura Municipal de Santa Rita;082025;2025;13210101;Remuneração de Depósitos Bancários - Principal;Lançamento de Receita;220.116,15;552;Transferências de Recursos do FNDE Referentes ao Programa Nacional de Alimentação Escolar (PNAE);"Não ";Não Aplicável
Santa Rita;201171;Prefeitura Municipal de Santa Rita;082025;2025;13210101;Remuneração de Depósitos Bancários - Principal;Lançamento de Receita;16.336,4;540;Transferências do FUNDEB - Impostos e Transferências de Impostos;"Não ";Não Aplicável
Santa Rita;201171;Prefeitura Municipal de Santa Rita;082025;2025;13210101;Remuneração de Depósitos Bancários - Principal;Lançamento de Receita;16.322,64;550;Transferência do Salário-Educação;"Não ";Não Aplicável
Santa Rita;201171;Prefeitura Municipal de Santa Rita;082025;2025;13210101;Remuneração de Depósitos Bancários - Principal;Lançamento de Receita;10.092,12;569;Outras Transferências de Recursos do FNDE;"Não ";Não Aplicável
Santa Rita;201171;Prefeitura Municipal de Santa Rita;082025;2025;13210101;Remuneração de Depósitos Bancários - Principal;Lançamento de Receita;110.702,13;500;Recursos não vinculados de Impostos;"Não ";Não Aplicável
Santa Rita;201171;Prefeitura Municipal de Santa Rita;072025;2025;13210101;Remuneração de Depósitos Bancários - Principal;Lançamento de Receita;11.603,36;569;Outras Transferências de Recursos do FNDE;"Não ";Não Aplicável
Santa Rita;201171;Prefeitura Municipal de Santa Rita;072025;2025;13210101;Remuneração de Depósitos Bancários - Principal;Lançamento de Receita;15.833,48;550;Transferência do Salário-Educação;"Não ";Não Aplicável
Santa Rita;201171;Prefeitura Municipal de Santa Rita;072025;2025;13210101;Remuneração de Depósitos Bancários - Principal;Lançamento de Receita;17.604,58;540;Transferências do FUNDEB - Impostos e Transferências de Impostos;"Não ";Não Aplicável
Santa Rita;201171;Prefeitura Municipal de Santa Rita;072025;2025;13210101;Remuneração de Depósitos Bancários - Principal;Lançamento de Receita;222.192,41;552;Transferências de Recursos do FNDE Referentes ao Programa Nacional de Alimentação Escolar (PNAE);"Não ";Não Aplicável
Santa Rita;201171;Prefeitura Municipal de Santa Rita;072025;2025;13210101;Remuneração de Depósitos Bancários - Principal;Lançamento de Receita;429.596,17;500;Recursos não vinculados de Impostos;"Não ";Não Aplicável
Santa Rita;201171;Prefeitura Municipal de Santa Rita;062025;2025;13210101;Remuneração de Depósitos Bancários - Principal;Lançamento de Receita;181.373,24;500;Recursos não vinculados de Impostos;"Não ";Não Aplicável
Santa Rita;201171;Prefeitura Municipal de Santa Rita;062025;2025;13210101;Remuneração de Depósitos Bancários - Principal;Lançamento de Receita;11.477,33;550;Transferência do Salário-Educação;"Não ";Não Aplicável
Santa Rita;201171;Prefeitura Municipal de Santa Rita;062025;2025;13210101;Remuneração de Depósitos Bancários - Principal;Lançamento de Receita;15.704,91;540;Transferências do FUNDEB - Impostos e Transferências de Impostos;"Não ";Não Aplicável
Santa Rita;201171;Prefeitura Municipal de Santa Rita;062025;2025;13210101;Remuneração de Depósitos Bancários - Principal;Lançamento de Receita;11.115,43;569;Outras Transferências de Recursos do FNDE;"Não ";Não Aplicável
Santa Rita;201171;Prefeitura Municipal de Santa Rita;062025;2025;13210101;Remuneração de Depósitos Bancários - Principal;Lançamento de Receita;221.488,9;552;Transferências de Recursos do FNDE Referentes ao Programa Nacional de Alimentação Escolar (PNAE);"Não ";Não Aplicável
Santa Rita;201171;Prefeitura Municipal de Santa Rita;052025;2025;13210101;Remuneração de Depósitos Bancários - Principal;Lançamento de Receita;19.958,77;540;Transferências do FUNDEB - Impostos e Transferências de Impostos;"Não ";Não Aplicável
Santa Rita;201171;Prefeitura Municipal de Santa Rita;052025;2025;13210101;Remuneração de Depósitos Bancários - Principal;Lançamento de Receita;212.054,95;500;Recursos não vinculados de Impostos;"Não ";Não Aplicável
Santa Rita;201171;Prefeitura Municipal de Santa Rita;052025;2025;13210101;Remuneração de Depósitos Bancários - Principal;Lançamento de Receita;11.379,86;569;Outras Transferências de Recursos do FNDE;"Não ";Não Aplicável
Santa Rita;201171;Prefeitura Municipal de Santa Rita;052025;2025;13210101;Remuneração de Depósitos Bancários - Principal;Lançamento de Receita;14.107,9;550;Transferência do Salário-Educação;"Não ";Não Aplicável
Santa Rita;201171;Prefeitura Municipal de Santa Rita;052025;2025;13210101;Remuneração de Depósitos Bancários - Principal;Lançamento de Receita;222.374,16;552;Transferências de Recursos do FNDE Referentes ao Programa Nacional de Alimentação Escolar (PNAE);"Não ";Não Aplicável
Santa Rita;201171;Prefeitura Municipal de Santa Rita;042025;2025;13210101;Remuneração de Depósitos Bancários - Principal;Lançamento de Receita;18.263,32;550;Transferência do Salário-Educação;"Não ";Não Aplicável
Santa Rita;201171;Prefeitura Municipal de Santa Rita;042025;2025;13210101;Remuneração de Depósitos Bancários - Principal;Lançamento de Receita;220.184,11;552;Transferências de Recursos do FNDE Referentes ao Programa Nacional de Alimentação Escolar (PNAE);"Não ";Não Aplicável
Santa Rita;201171;Prefeitura Municipal de Santa Rita;042025;2025;13210101;Remuneração de Depósitos Bancários - Principal;Lançamento de Receita;20.648,71;540;Transferências do FUNDEB - Impostos e Transferências de Impostos;"Não ";Não Aplicável
Santa Rita;201171;Prefeitura Municipal de Santa Rita;042025;2025;13210101;Remuneração de Depósitos Bancários - Principal;Lançamento de Receita;216.091,66;500;Recursos não vinculados de Impostos;"Não ";Não Aplicável
Santa Rita;201171;Prefeitura Municipal de Santa Rita;042025;2025;13210101;Remuneração de Depósitos Bancários - Principal;Lançamento de Receita;10.389,63;569;Outras Transferências de Recursos do FNDE;"Não ";Não Aplicável
Santa Rita;201171;Prefeitura Municipal de Santa Rita;032025;2025;13210101;Remuneração de Depósitos Bancários - Principal;Lançamento de Receita;12.670,62;569;Outras Transferências de Recursos do FNDE;"Não ";Não Aplicável
Santa Rita;201171;Prefeitura Municipal de Santa Rita;032025;2025;13210101;Remuneração de Depósitos Bancários - Principal;Lançamento de Receita;164.297,4;500;Recursos não vinculados de Impostos;"Não ";Não Aplicável
Santa Rita;201171;Prefeitura Municipal de Santa Rita;032025;2025;13210101;Remuneração de Depósitos Bancários - Principal;Lançamento de Receita;363.569,71;552;Transferências de Recursos do FNDE Referentes ao Programa Nacional de Alimentação Escolar (PNAE);"Não ";Não Aplicável
Santa Rita;201171;Prefeitura Municipal de Santa Rita;032025;2025;13210101;Remuneração de Depósitos Bancários - Principal;Lançamento de Receita;16.864,89;550;Transferência do Salário-Educação;"Não ";Não Aplicável
Santa Rita;201171;Prefeitura Municipal de Santa Rita;032025;2025;13210101;Remuneração de Depósitos Bancários - Principal;Lançamento de Receita;38.457,82;540;Transferências do FUNDEB - Impostos e Transferências de Impostos;"Não ";Não Aplicável
Santa Rita;201171;Prefeitura Municipal de Santa Rita;022025;2025;13210101;Remuneração de Depósitos Bancários - Principal;Lançamento de Receita;15.023,35;569;Outras Transferências de Recursos do FNDE;"Não ";Não Aplicável
Santa Rita;201171;Prefeitura Municipal de Santa Rita;022025;2025;13210101;Remuneração de Depósitos Bancários - Principal;Lançamento de Receita;217.144,96;552;Transferências de Recursos do FNDE Referentes ao Programa Nacional de Alimentação Escolar (PNAE);"Não ";Não Aplicável
Santa Rita;201171;Prefeitura Municipal de Santa Rita;022025;2025;13210101;Remuneração de Depósitos Bancários - Principal;Lançamento de Receita;18.402,35;550;Transferência do Salário-Educação;"Não ";Não Aplicável
Santa Rita;201171;Prefeitura Municipal de Santa Rita;022025;2025;13210101;Remuneração de Depósitos Bancários - Principal;Lançamento de Receita;55.002,25;540;Transferências do FUNDEB - Impostos e Transferências de Impostos;"Não ";Não Aplicável
Santa Rita;201171;Prefeitura Municipal de Santa Rita;022025;2025;13210101;Remuneração de Depósitos Bancários - Principal;Lançamento de Receita;164.236,09;500;Recursos não vinculados de Impostos;"Não ";Não Aplicável
Santa Rita;201171;Prefeitura Municipal de Santa Rita;012025;2025;13210101;Remuneração de Depósitos Bancários - Principal;Lançamento de Receita;14,62;500;Recursos não vinculados de Impostos;1001;Identificação das despesas com manutenção e desenvolvimento do ensino
Santa Rita;201171;Prefeitura Municipal de Santa Rita;012025;2025;13210101;Remuneração de Depósitos Bancários - Principal;Lançamento de Receita;17.945,96;540;Transferências do FUNDEB - Impostos e Transferências de Impostos;"Não ";Não Aplicável
Santa Rita;201171;Prefeitura Municipal de Santa Rita;012025;2025;13210101;Remuneração de Depósitos Bancários - Principal;Lançamento de Receita;9.792,5;569;Outras Transferências de Recursos do FNDE;"Não ";Não Aplicável
Santa Rita;201171;Prefeitura Municipal de Santa Rita;012025;2025;13210101;Remuneração de Depósitos Bancários - Principal;Lançamento de Receita;103.082,15;500;Recursos não vinculados de Impostos;"Não ";Não Aplicável
Santa Rita;201171;Prefeitura Municipal de Santa Rita;012025;2025;13210101;Remuneração de Depósitos Bancários - Principal;Lançamento de Receita;11.973,11;550;Transferência do Salário-Educação;"Não ";Não Aplicável
Santa Rita;201171;Prefeitura Municipal de Santa Rita;012025;2025;13210101;Remuneração de Depósitos Bancários - Principal;Lançamento de Receita;431,55;552;Transferências de Recursos do FNDE Referentes ao Programa Nacional de Alimentação Escolar (PNAE);"Não ";Não Aplicável
Santa Rita;201171;Prefeitura Municipal de Santa Rita;122025;2025;12415001;Contribuição para o Custeio do Serviço de Iluminação Pública - Principal;Lançamento de Receita;2.205.403,01;751;Recursos da Contribuição para o Custeio do Serviço de Iluminação Pública - COSIP;"Não ";Não Aplicável
Santa Rita;201171;Prefeitura Municipal de Santa Rita;112025;2025;12415001;Contribuição para o Custeio do Serviço de Iluminação Pública - Principal;Lançamento de Receita;385.719,58;751;Recursos da Contribuição para o Custeio do Serviço de Iluminação Pública - COSIP;"Não ";Não Aplicável
Santa Rita;201171;Prefeitura Municipal de Santa Rita;102025;2025;12415001;Contribuição para o Custeio do Serviço de Iluminação Pública - Principal;Lançamento de Receita;904.787,41;751;Recursos da Contribuição para o Custeio do Serviço de Iluminação Pública - COSIP;"Não ";Não Aplicável
Santa Rita;201171;Prefeitura Municipal de Santa Rita;092025;2025;12415001;Contribuição para o Custeio do Serviço de Iluminação Pública - Principal;Lançamento de Receita;271.141,65;751;Recursos da Contribuição para o Custeio do Serviço de Iluminação Pública - COSIP;"Não ";Não Aplicável
Santa Rita;201171;Prefeitura Municipal de Santa Rita;082025;2025;12415001;Contribuição para o Custeio do Serviço de Iluminação Pública - Principal;Lançamento de Receita;824.608,76;751;Recursos da Contribuição para o Custeio do Serviço de Iluminação Pública - COSIP;"Não ";Não Aplicável
Santa Rita;201171;Prefeitura Municipal de Santa Rita;072025;2025;12415001;Contribuição para o Custeio do Serviço de Iluminação Pública - Principal;Lançamento de Receita;892.612,42;751;Recursos da Contribuição para o Custeio do Serviço de Iluminação Pública - COSIP;"Não ";Não Aplicável
Santa Rita;201171;Prefeitura Municipal de Santa Rita;062025;2025;12415001;Contribuição para o Custeio do Serviço de Iluminação Pública - Principal;Lançamento de Receita;2.595.615,52;751;Recursos da Contribuição para o Custeio do Serviço de Iluminação Pública - COSIP;"Não ";Não Aplicável
Santa Rita;201171;Prefeitura Municipal de Santa Rita;052025;2025;12415001;Contribuição para o Custeio do Serviço de Iluminação Pública - Principal;Lançamento de Receita;453.148,59;751;Recursos da Contribuição para o Custeio do Serviço de Iluminação Pública - COSIP;"Não ";Não Aplicável
Santa Rita;201171;Prefeitura Municipal de Santa Rita;042025;2025;12415001;Contribuição para o Custeio do Serviço de Iluminação Pública - Principal;Lançamento de Receita;518.152,66;751;Recursos da Contribuição para o Custeio do Serviço de Iluminação Pública - COSIP;"Não ";Não Aplicável
Santa Rita;201171;Prefeitura Municipal de Santa Rita;032025;2025;12415001;Contribuição para o Custeio do Serviço de Iluminação Pública - Principal;Lançamento de Receita;436.052,72;751;Recursos da Contribuição para o Custeio do Serviço de Iluminação Pública - COSIP;"Não ";Não Aplicável
Santa Rita;201171;Prefeitura Municipal de Santa Rita;022025;2025;12415001;Contribuição para o Custeio do Serviço de Iluminação Pública - Principal;Lançamento de Receita;470.453,07;751;Recursos da Contribuição para o Custeio do Serviço de Iluminação Pública - COSIP;"Não ";Não Aplicável
Santa Rita;201171;Prefeitura Municipal de Santa Rita;012025;2025;12415001;Contribuição para o Custeio do Serviço de Iluminação Pública - Principal;Lançamento de Receita;516.661,79;751;Recursos da Contribuição para o Custeio do Serviço de Iluminação Pública - COSIP;"Não ";Não Aplicável
Santa Rita;201171;Prefeitura Municipal de Santa Rita;122025;2025;12219911;Outras Contribuições Econômicas – Não Arrecadadas e Não Projetadas pela RFB - Principal;Lançamento de Receita;339.680,43;501;Outros Recursos não Vinculados;"Não ";Não Aplicável
Santa Rita;201171;Prefeitura Municipal de Santa Rita;112025;2025;12219911;Outras Contribuições Econômicas – Não Arrecadadas e Não Projetadas pela RFB - Principal;Lançamento de Receita;131.530,87;501;Outros Recursos não Vinculados;"Não ";Não Aplicável
Santa Rita;201171;Prefeitura Municipal de Santa Rita;102025;2025;12219911;Outras Contribuições Econômicas – Não Arrecadadas e Não Projetadas pela RFB - Principal;Lançamento de Receita;106.766,08;501;Outros Recursos não Vinculados;"Não ";Não Aplicável
Santa Rita;201171;Prefeitura Municipal de Santa Rita;092025;2025;12219911;Outras Contribuições Econômicas – Não Arrecadadas e Não Projetadas pela RFB - Principal;Lançamento de Receita;145.164,11;501;Outros Recursos não Vinculados;"Não ";Não Aplicável
Santa Rita;201171;Prefeitura Municipal de Santa Rita;082025;2025;12219911;Outras Contribuições Econômicas – Não Arrecadadas e Não Projetadas pela RFB - Principal;Lançamento de Receita;111.396,62;501;Outros Recursos não Vinculados;"Não ";Não Aplicável
Santa Rita;201171;Prefeitura Municipal de Santa Rita;072025;2025;12219911;Outras Contribuições Econômicas – Não Arrecadadas e Não Projetadas pela RFB - Principal;Lançamento de Receita;301.019,72;501;Outros Recursos não Vinculados;"Não ";Não Aplicável
Santa Rita;201171;Prefeitura Municipal de Santa Rita;062025;2025;12219911;Outras Contribuições Econômicas – Não Arrecadadas e Não Projetadas pela RFB - Principal;Lançamento de Receita;145.264,82;501;Outros Recursos não Vinculados;"Não ";Não Aplicável
Santa Rita;201171;Prefeitura Municipal de Santa Rita;052025;2025;12219911;Outras Contribuições Econômicas – Não Arrecadadas e Não Projetadas pela RFB - Principal;Lançamento de Receita;161.333,48;501;Outros Recursos não Vinculados;"Não ";Não Aplicável
Santa Rita;201171;Prefeitura Municipal de Santa Rita;042025;2025;12219911;Outras Contribuições Econômicas – Não Arrecadadas e Não Projetadas pela RFB - Principal;Lançamento de Receita;136.217,28;501;Outros Recursos não Vinculados;"Não ";Não Aplicável
Santa Rita;201171;Prefeitura Municipal de Santa Rita;032025;2025;12219911;Outras Contribuições Econômicas – Não Arrecadadas e Não Projetadas pela RFB - Principal;Lançamento de Receita;128.855,45;501;Outros Recursos não Vinculados;"Não ";Não Aplicável
Santa Rita;201171;Prefeitura Municipal de Santa Rita;022025;2025;12219911;Outras Contribuições Econômicas – Não Arrecadadas e Não Projetadas pela RFB - Principal;Lançamento de Receita;128.227,85;501;Outros Recursos não Vinculados;"Não ";Não Aplicável
Santa Rita;201171;Prefeitura Municipal de Santa Rita;122025;2025;11220101;Taxas pela Prestação de Serviços em Geral - Principal;Lançamento de Receita;433.912,7;501;Outros Recursos não Vinculados;"Não ";Não Aplicável
Santa Rita;201171;Prefeitura Municipal de Santa Rita;112025;2025;11220101;Taxas pela Prestação de Serviços em Geral - Principal;Lançamento de Receita;220.981,54;501;Outros Recursos não Vinculados;"Não ";Não Aplicável
Santa Rita;201171;Prefeitura Municipal de Santa Rita;102025;2025;11220101;Taxas pela Prestação de Serviços em Geral - Principal;Lançamento de Receita;253.791,65;501;Outros Recursos não Vinculados;"Não ";Não Aplicável
Santa Rita;201171;Prefeitura Municipal de Santa Rita;092025;2025;11220101;Taxas pela Prestação de Serviços em Geral - Principal;Lançamento de Receita;282.842,26;501;Outros Recursos não Vinculados;"Não ";Não Aplicável
Santa Rita;201171;Prefeitura Municipal de Santa Rita;082025;2025;11220101;Taxas pela Prestação de Serviços em Geral - Principal;Lançamento de Receita;230.899,81;501;Outros Recursos não Vinculados;"Não ";Não Aplicável
Santa Rita;201171;Prefeitura Municipal de Santa Rita;072025;2025;11220101;Taxas pela Prestação de Serviços em Geral - Principal;Lançamento de Receita;219.423,09;501;Outros Recursos não Vinculados;"Não ";Não Aplicável
Santa Rita;201171;Prefeitura Municipal de Santa Rita;062025;2025;11220101;Taxas pela Prestação de Serviços em Geral - Principal;Lançamento de Receita;314.153,16;501;Outros Recursos não Vinculados;"Não ";Não Aplicável
Santa Rita;201171;Prefeitura Municipal de Santa Rita;052025;2025;11220101;Taxas pela Prestação de Serviços em Geral - Principal;Lançamento de Receita;188.408,93;501;Outros Recursos não Vinculados;"Não ";Não Aplicável
Santa Rita;201171;Prefeitura Municipal de Santa Rita;042025;2025;11220101;Taxas pela Prestação de Serviços em Geral - Principal;Lançamento de Receita;191.124,68;501;Outros Recursos não Vinculados;"Não ";Não Aplicável
Santa Rita;201171;Prefeitura Municipal de Santa Rita;032025;2025;11220101;Taxas pela Prestação de Serviços em Geral - Principal;Lançamento de Receita;210.238,2;501;Outros Recursos não Vinculados;"Não ";Não Aplicável
Santa Rita;201171;Prefeitura Municipal de Santa Rita;022025;2025;11220101;Taxas pela Prestação de Serviços em Geral - Principal;Lançamento de Receita;142.656,58;501;Outros Recursos não Vinculados;"Não ";Não Aplicável
Santa Rita;201171;Prefeitura Municipal de Santa Rita;012025;2025;11220101;Taxas pela Prestação de Serviços em Geral - Principal;Lançamento de Receita;209.037,74;501;Outros Recursos não Vinculados;"Não ";Não Aplicável
Santa Rita;201171;Prefeitura Municipal de Santa Rita;122025;2025;11145113;Imposto sobre Serviços de Qualquer Natureza - ISSQN - Dívida Ativa;Lançamento de Receita;60.819,29;500;Recursos não vinculados de Impostos;"Não ";Não Aplicável
Santa Rita;201171;Prefeitura Municipal de Santa Rita;112025;2025;11145113;Imposto sobre Serviços de Qualquer Natureza - ISSQN - Dívida Ativa;Lançamento de Receita;2.505,9;500;Recursos não vinculados de Impostos;"Não ";Não Aplicável
Santa Rita;201171;Prefeitura Municipal de Santa Rita;102025;2025;11145113;Imposto sobre Serviços de Qualquer Natureza - ISSQN - Dívida Ativa;Lançamento de Receita;3.610,15;500;Recursos não vinculados de Impostos;"Não ";Não Aplicável
Santa Rita;201171;Prefeitura Municipal de Santa Rita;092025;2025;11145113;Imposto sobre Serviços de Qualquer Natureza - ISSQN - Dívida Ativa;Lançamento de Receita;1.550,37;500;Recursos não vinculados de Impostos;"Não ";Não Aplicável
Santa Rita;201171;Prefeitura Municipal de Santa Rita;082025;2025;11145113;Imposto sobre Serviços de Qualquer Natureza - ISSQN - Dívida Ativa;Lançamento de Receita;4.825,26;500;Recursos não vinculados de Impostos;"Não ";Não Aplicável
Santa Rita;201171;Prefeitura Municipal de Santa Rita;072025;2025;11145113;Imposto sobre Serviços de Qualquer Natureza - ISSQN - Dívida Ativa;Lançamento de Receita;5.283,73;500;Recursos não vinculados de Impostos;"Não ";Não Aplicável
Santa Rita;201171;Prefeitura Municipal de Santa Rita;062025;2025;11145113;Imposto sobre Serviços de Qualquer Natureza - ISSQN - Dívida Ativa;Lançamento de Receita;12.362,43;500;Recursos não vinculados de Impostos;"Não ";Não Aplicável
Santa Rita;201171;Prefeitura Municipal de Santa Rita;052025;2025;11145113;Imposto sobre Serviços de Qualquer Natureza - ISSQN - Dívida Ativa;Lançamento de Receita;3.768,01;500;Recursos não vinculados de Impostos;"Não ";Não Aplicável
Santa Rita;201171;Prefeitura Municipal de Santa Rita;042025;2025;11145113;Imposto sobre Serviços de Qualquer Natureza - ISSQN - Dívida Ativa;Lançamento de Receita;2.109,51;500;Recursos não vinculados de Impostos;"Não ";Não Aplicável
Santa Rita;201171;Prefeitura Municipal de Santa Rita;032025;2025;11145113;Imposto sobre Serviços de Qualquer Natureza - ISSQN - Dívida Ativa;Lançamento de Receita;1.903,29;500;Recursos não vinculados de Impostos;"Não ";Não Aplicável
Santa Rita;201171;Prefeitura Municipal de Santa Rita;022025;2025;11145113;Imposto sobre Serviços de Qualquer Natureza - ISSQN - Dívida Ativa;Lançamento de Receita;2.739,76;500;Recursos não vinculados de Impostos;"Não ";Não Aplicável
Santa Rita;201171;Prefeitura Municipal de Santa Rita;012025;2025;11145113;Imposto sobre Serviços de Qualquer Natureza - ISSQN - Dívida Ativa;Lançamento de Receita;3.134,31;500;Recursos não vinculados de Impostos;"Não ";Não Aplicável
Santa Rita;201171;Prefeitura Municipal de Santa Rita;122025;2025;11145112;Imposto sobre Serviços de Qualquer Natureza - ISSQN - Multas e Juros de Mora;Lançamento de Receita;28.315,95;500;Recursos não vinculados de Impostos;"Não ";Não Aplicável
Santa Rita;201171;Prefeitura Municipal de Santa Rita;112025;2025;11145112;Imposto sobre Serviços de Qualquer Natureza - ISSQN - Multas e Juros de Mora;Lançamento de Receita;13.053,45;500;Recursos não vinculados de Impostos;"Não ";Não Aplicável
Santa Rita;201171;Prefeitura Municipal de Santa Rita;102025;2025;11145112;Imposto sobre Serviços de Qualquer Natureza - ISSQN - Multas e Juros de Mora;Lançamento de Receita;7.397,92;500;Recursos não vinculados de Impostos;"Não ";Não Aplicável
Santa Rita;201171;Prefeitura Municipal de Santa Rita;092025;2025;11145112;Imposto sobre Serviços de Qualquer Natureza - ISSQN - Multas e Juros de Mora;Lançamento de Receita;9.621,35;500;Recursos não vinculados de Impostos;"Não ";Não Aplicável
Santa Rita;201171;Prefeitura Municipal de Santa Rita;082025;2025;11145112;Imposto sobre Serviços de Qualquer Natureza - ISSQN - Multas e Juros de Mora;Lançamento de Receita;15.296,52;500;Recursos não vinculados de Impostos;"Não ";Não Aplicável
Santa Rita;201171;Prefeitura Municipal de Santa Rita;072025;2025;11145112;Imposto sobre Serviços de Qualquer Natureza - ISSQN - Multas e Juros de Mora;Lançamento de Receita;31.209,41;500;Recursos não vinculados de Impostos;"Não ";Não Aplicável
Santa Rita;201171;Prefeitura Municipal de Santa Rita;062025;2025;11145112;Imposto sobre Serviços de Qualquer Natureza - ISSQN - Multas e Juros de Mora;Lançamento de Receita;27.857,26;500;Recursos não vinculados de Impostos;"Não ";Não Aplicável
Santa Rita;201171;Prefeitura Municipal de Santa Rita;052025;2025;11145112;Imposto sobre Serviços de Qualquer Natureza - ISSQN - Multas e Juros de Mora;Lançamento de Receita;24.686,8;500;Recursos não vinculados de Impostos;"Não ";Não Aplicável
Santa Rita;201171;Prefeitura Municipal de Santa Rita;042025;2025;11145112;Imposto sobre Serviços de Qualquer Natureza - ISSQN - Multas e Juros de Mora;Lançamento de Receita;12.580,95;500;Recursos não vinculados de Impostos;"Não ";Não Aplicável
Santa Rita;201171;Prefeitura Municipal de Santa Rita;032025;2025;11145112;Imposto sobre Serviços de Qualquer Natureza - ISSQN - Multas e Juros de Mora;Lançamento de Receita;19.459,74;500;Recursos não vinculados de Impostos;"Não ";Não Aplicável
Santa Rita;201171;Prefeitura Municipal de Santa Rita;022025;2025;11145112;Imposto sobre Serviços de Qualquer Natureza - ISSQN - Multas e Juros de Mora;Lançamento de Receita;32.947,35;500;Recursos não vinculados de Impostos;"Não ";Não Aplicável
Santa Rita;201171;Prefeitura Municipal de Santa Rita;012025;2025;11145112;Imposto sobre Serviços de Qualquer Natureza - ISSQN - Multas e Juros de Mora;Lançamento de Receita;20.058,38;500;Recursos não vinculados de Impostos;"Não ";Não Aplicável
Santa Rita;201171;Prefeitura Municipal de Santa Rita;122025;2025;11145111;Imposto sobre Serviços de Qualquer Natureza - ISSQN - Principal;Lançamento de Receita;2.541.800,86;500;Recursos não vinculados de Impostos;"Não ";Não Aplicável
Santa Rita;201171;Prefeitura Municipal de Santa Rita;112025;2025;11145111;Imposto sobre Serviços de Qualquer Natureza - ISSQN - Principal;Lançamento de Receita;1.733.173,31;500;Recursos não vinculados de Impostos;"Não ";Não Aplicável
Santa Rita;201171;Prefeitura Municipal de Santa Rita;102025;2025;11145111;Imposto sobre Serviços de Qualquer Natureza - ISSQN - Principal;Lançamento de Receita;1.493.092,39;500;Recursos não vinculados de Impostos;"Não ";Não Aplicável
Santa Rita;201171;Prefeitura Municipal de Santa Rita;092025;2025;11145111;Imposto sobre Serviços de Qualquer Natureza - ISSQN - Principal;Lançamento de Receita;1.731.714,49;500;Recursos não vinculados de Impostos;"Não ";Não Aplicável
Santa Rita;201171;Prefeitura Municipal de Santa Rita;082025;2025;11145111;Imposto sobre Serviços de Qualquer Natureza - ISSQN - Principal;Lançamento de Receita;1.022.969,5;500;Recursos não vinculados de Impostos;"Não ";Não Aplicável
Santa Rita;201171;Prefeitura Municipal de Santa Rita;072025;2025;11145111;Imposto sobre Serviços de Qualquer Natureza - ISSQN - Principal;Lançamento de Receita;2.004.386,1;500;Recursos não vinculados de Impostos;"Não ";Não Aplicável
Santa Rita;201171;Prefeitura Municipal de Santa Rita;062025;2025;11145111;Imposto sobre Serviços de Qualquer Natureza - ISSQN - Principal;Lançamento de Receita;1.230.784,63;500;Recursos não vinculados de Impostos;"Não ";Não Aplicável
Santa Rita;201171;Prefeitura Municipal de Santa Rita;052025;2025;11145111;Imposto sobre Serviços de Qualquer Natureza - ISSQN - Principal;Lançamento de Receita;1.940.440,77;500;Recursos não vinculados de Impostos;"Não ";Não Aplicável
Santa Rita;201171;Prefeitura Municipal de Santa Rita;042025;2025;11145111;Imposto sobre Serviços de Qualquer Natureza - ISSQN - Principal;Lançamento de Receita;1.288.763,43;500;Recursos não vinculados de Impostos;"Não ";Não Aplicável
Santa Rita;201171;Prefeitura Municipal de Santa Rita;032025;2025;11145111;Imposto sobre Serviços de Qualquer Natureza - ISSQN - Principal;Lançamento de Receita;1.452.867,96;500;Recursos não vinculados de Impostos;"Não ";Não Aplicável
Santa Rita;201171;Prefeitura Municipal de Santa Rita;022025;2025;11145111;Imposto sobre Serviços de Qualquer Natureza - ISSQN - Principal;Lançamento de Receita;1.249.134,08;500;Recursos não vinculados de Impostos;"Não ";Não Aplicável
Santa Rita;201171;Prefeitura Municipal de Santa Rita;012025;2025;11145111;Imposto sobre Serviços de Qualquer Natureza - ISSQN - Principal;Lançamento de Receita;1.104.547,36;500;Recursos não vinculados de Impostos;"Não ";Não Aplicável
Santa Rita;201171;Prefeitura Municipal de Santa Rita;122025;2025;11130341;Imposto sobre a Renda - Retido na Fonte - Outros Rendimentos - Principal;Lançamento de Receita;570.774,82;500;Recursos não vinculados de Impostos;"Não ";Não Aplicável
Santa Rita;201171;Prefeitura Municipal de Santa Rita;112025;2025;11130341;Imposto sobre a Renda - Retido na Fonte - Outros Rendimentos - Principal;Lançamento de Receita;200.952,15;500;Recursos não vinculados de Impostos;"Não ";Não Aplicável
Santa Rita;201171;Prefeitura Municipal de Santa Rita;102025;2025;11130341;Imposto sobre a Renda - Retido na Fonte - Outros Rendimentos - Principal;Lançamento de Receita;221.783,8;500;Recursos não vinculados de Impostos;"Não ";Não Aplicável
Santa Rita;201171;Prefeitura Municipal de Santa Rita;092025;2025;11130341;Imposto sobre a Renda - Retido na Fonte - Outros Rendimentos - Principal;Lançamento de Receita;275.505,93;500;Recursos não vinculados de Impostos;"Não ";Não Aplicável
Santa Rita;201171;Prefeitura Municipal de Santa Rita;082025;2025;11130341;Imposto sobre a Renda - Retido na Fonte - Outros Rendimentos - Principal;Lançamento de Receita;165.301,49;500;Recursos não vinculados de Impostos;"Não ";Não Aplicável
Santa Rita;201171;Prefeitura Municipal de Santa Rita;072025;2025;11130341;Imposto sobre a Renda - Retido na Fonte - Outros Rendimentos - Principal;Lançamento de Receita;509.115,62;500;Recursos não vinculados de Impostos;"Não ";Não Aplicável
Santa Rita;201171;Prefeitura Municipal de Santa Rita;062025;2025;11130341;Imposto sobre a Renda - Retido na Fonte - Outros Rendimentos - Principal;Lançamento de Receita;215.682,03;500;Recursos não vinculados de Impostos;"Não ";Não Aplicável
Santa Rita;201171;Prefeitura Municipal de Santa Rita;052025;2025;11130341;Imposto sobre a Renda - Retido na Fonte - Outros Rendimentos - Principal;Lançamento de Receita;293.639,02;500;Recursos não vinculados de Impostos;"Não ";Não Aplicável
Santa Rita;201171;Prefeitura Municipal de Santa Rita;042025;2025;11130341;Imposto sobre a Renda - Retido na Fonte - Outros Rendimentos - Principal;Lançamento de Receita;253.070,53;500;Recursos não vinculados de Impostos;"Não ";Não Aplicável
Santa Rita;201171;Prefeitura Municipal de Santa Rita;032025;2025;11130341;Imposto sobre a Renda - Retido na Fonte - Outros Rendimentos - Principal;Lançamento de Receita;233.317,31;500;Recursos não vinculados de Impostos;"Não ";Não Aplicável
Santa Rita;201171;Prefeitura Municipal de Santa Rita;022025;2025;11130341;Imposto sobre a Renda - Retido na Fonte - Outros Rendimentos - Principal;Lançamento de Receita;300.524,02;500;Recursos não vinculados de Impostos;"Não ";Não Aplicável
Santa Rita;201171;Prefeitura Municipal de Santa Rita;012025;2025;11130341;Imposto sobre a Renda - Retido na Fonte - Outros Rendimentos - Principal;Lançamento de Receita;63,33;500;Recursos não vinculados de Impostos;"Não ";Não Aplicável
Santa Rita;201171;Prefeitura Municipal de Santa Rita;122025;2025;11130311;Imposto sobre a Renda - Retido na Fonte - Trabalho - Principal;Lançamento de Receita;2.706.190,28;500;Recursos não vinculados de Impostos;"Não ";Não Aplicável
Santa Rita;201171;Prefeitura Municipal de Santa Rita;112025;2025;11130311;Imposto sobre a Renda - Retido na Fonte - Trabalho - Principal;Lançamento de Receita;1.492.296,98;500;Recursos não vinculados de Impostos;"Não ";Não Aplicável
Santa Rita;201171;Prefeitura Municipal de Santa Rita;102025;2025;11130311;Imposto sobre a Renda - Retido na Fonte - Trabalho - Principal;Lançamento de Receita;840.383,87;500;Recursos não vinculados de Impostos;"Não ";Não Aplicável
Santa Rita;201171;Prefeitura Municipal de Santa Rita;092025;2025;11130311;Imposto sobre a Renda - Retido na Fonte - Trabalho - Principal;Lançamento de Receita;4.446.434,83;500;Recursos não vinculados de Impostos;"Não ";Não Aplicável
Santa Rita;201171;Prefeitura Municipal de Santa Rita;082025;2025;11130311;Imposto sobre a Renda - Retido na Fonte - Trabalho - Principal;Lançamento de Receita;673.314,72;500;Recursos não vinculados de Impostos;"Não ";Não Aplicável
Santa Rita;201171;Prefeitura Municipal de Santa Rita;072025;2025;11130311;Imposto sobre a Renda - Retido na Fonte - Trabalho - Principal;Lançamento de Receita;1.431.058,79;500;Recursos não vinculados de Impostos;"Não ";Não Aplicável
Santa Rita;201171;Prefeitura Municipal de Santa Rita;062025;2025;11130311;Imposto sobre a Renda - Retido na Fonte - Trabalho - Principal;Lançamento de Receita;1.737.621,73;500;Recursos não vinculados de Impostos;"Não ";Não Aplicável
Santa Rita;201171;Prefeitura Municipal de Santa Rita;052025;2025;11130311;Imposto sobre a Renda - Retido na Fonte - Trabalho - Principal;Lançamento de Receita;642.463,19;500;Recursos não vinculados de Impostos;"Não ";Não Aplicável
Santa Rita;201171;Prefeitura Municipal de Santa Rita;042025;2025;11130311;Imposto sobre a Renda - Retido na Fonte - Trabalho - Principal;Lançamento de Receita;648.022,98;500;Recursos não vinculados de Impostos;"Não ";Não Aplicável
Santa Rita;201171;Prefeitura Municipal de Santa Rita;032025;2025;11130311;Imposto sobre a Renda - Retido na Fonte - Trabalho - Principal;Lançamento de Receita;754.819,58;500;Recursos não vinculados de Impostos;"Não ";Não Aplicável
Santa Rita;201171;Prefeitura Municipal de Santa Rita;022025;2025;11130311;Imposto sobre a Renda - Retido na Fonte - Trabalho - Principal;Lançamento de Receita;580.767,03;500;Recursos não vinculados de Impostos;"Não ";Não Aplicável
Santa Rita;201171;Prefeitura Municipal de Santa Rita;012025;2025;11130311;Imposto sobre a Renda - Retido na Fonte - Trabalho - Principal;Lançamento de Receita;622.921,39;500;Recursos não vinculados de Impostos;"Não ";Não Aplicável
Santa Rita;201171;Prefeitura Municipal de Santa Rita;122025;2025;11125302;"Impostos sobre Transmissão ""Inter Vivos"" de Bens Imóveis e de Direitos Reais sobre Imóveis - Multas e Juros de Mora";Lançamento de Receita;2.550,81;500;Recursos não vinculados de Impostos;"Não ";Não Aplicável
Santa Rita;201171;Prefeitura Municipal de Santa Rita;112025;2025;11125302;"Impostos sobre Transmissão ""Inter Vivos"" de Bens Imóveis e de Direitos Reais sobre Imóveis - Multas e Juros de Mora";Lançamento de Receita;1.460,17;500;Recursos não vinculados de Impostos;"Não ";Não Aplicável
Santa Rita;201171;Prefeitura Municipal de Santa Rita;102025;2025;11125302;"Impostos sobre Transmissão ""Inter Vivos"" de Bens Imóveis e de Direitos Reais sobre Imóveis - Multas e Juros de Mora";Lançamento de Receita;487,68;500;Recursos não vinculados de Impostos;"Não ";Não Aplicável
Santa Rita;201171;Prefeitura Municipal de Santa Rita;092025;2025;11125302;"Impostos sobre Transmissão ""Inter Vivos"" de Bens Imóveis e de Direitos Reais sobre Imóveis - Multas e Juros de Mora";Lançamento de Receita;1.513,2;500;Recursos não vinculados de Impostos;"Não ";Não Aplicável
Santa Rita;201171;Prefeitura Municipal de Santa Rita;082025;2025;11125302;"Impostos sobre Transmissão ""Inter Vivos"" de Bens Imóveis e de Direitos Reais sobre Imóveis - Multas e Juros de Mora";Lançamento de Receita;5.253,4;500;Recursos não vinculados de Impostos;"Não ";Não Aplicável
Santa Rita;201171;Prefeitura Municipal de Santa Rita;072025;2025;11125302;"Impostos sobre Transmissão ""Inter Vivos"" de Bens Imóveis e de Direitos Reais sobre Imóveis - Multas e Juros de Mora";Lançamento de Receita;426,23;500;Recursos não vinculados de Impostos;"Não ";Não Aplicável
Santa Rita;201171;Prefeitura Municipal de Santa Rita;062025;2025;11125302;"Impostos sobre Transmissão ""Inter Vivos"" de Bens Imóveis e de Direitos Reais sobre Imóveis - Multas e Juros de Mora";Lançamento de Receita;3.396,5;500;Recursos não vinculados de Impostos;"Não ";Não Aplicável
Santa Rita;201171;Prefeitura Municipal de Santa Rita;052025;2025;11125302;"Impostos sobre Transmissão ""Inter Vivos"" de Bens Imóveis e de Direitos Reais sobre Imóveis - Multas e Juros de Mora";Lançamento de Receita;756,37;500;Recursos não vinculados de Impostos;"Não ";Não Aplicável
Santa Rita;201171;Prefeitura Municipal de Santa Rita;042025;2025;11125302;"Impostos sobre Transmissão ""Inter Vivos"" de Bens Imóveis e de Direitos Reais sobre Imóveis - Multas e Juros de Mora";Lançamento de Receita;7.213,71;500;Recursos não vinculados de Impostos;"Não ";Não Aplicável
Santa Rita;201171;Prefeitura Municipal de Santa Rita;032025;2025;11125302;"Impostos sobre Transmissão ""Inter Vivos"" de Bens Imóveis e de Direitos Reais sobre Imóveis - Multas e Juros de Mora";Lançamento de Receita;2.258,58;500;Recursos não vinculados de Impostos;"Não ";Não Aplicável
Santa Rita;201171;Prefeitura Municipal de Santa Rita;022025;2025;11125302;"Impostos sobre Transmissão ""Inter Vivos"" de Bens Imóveis e de Direitos Reais sobre Imóveis - Multas e Juros de Mora";Lançamento de Receita;358,46;500;Recursos não vinculados de Impostos;"Não ";Não Aplicável
Santa Rita;201171;Prefeitura Municipal de Santa Rita;012025;2025;11125302;"Impostos sobre Transmissão ""Inter Vivos"" de Bens Imóveis e de Direitos Reais sobre Imóveis - Multas e Juros de Mora";Lançamento de Receita;984,86;500;Recursos não vinculados de Impostos;"Não ";Não Aplicável
Santa Rita;201171;Prefeitura Municipal de Santa Rita;122025;2025;11125301;"Impostos sobre Transmissão ""Inter Vivos"" de Bens Imóveis e de Direitos Reais sobre Imóveis - Principal";Lançamento de Receita;456.449,56;500;Recursos não vinculados de Impostos;"Não ";Não Aplicável
Santa Rita;201171;Prefeitura Municipal de Santa Rita;112025;2025;11125301;"Impostos sobre Transmissão ""Inter Vivos"" de Bens Imóveis e de Direitos Reais sobre Imóveis - Principal";Lançamento de Receita;295.034,73;500;Recursos não vinculados de Impostos;"Não ";Não Aplicável
Santa Rita;201171;Prefeitura Municipal de Santa Rita;102025;2025;11125301;"Impostos sobre Transmissão ""Inter Vivos"" de Bens Imóveis e de Direitos Reais sobre Imóveis - Principal";Lançamento de Receita;389.322,61;500;Recursos não vinculados de Impostos;"Não ";Não Aplicável
Santa Rita;201171;Prefeitura Municipal de Santa Rita;092025;2025;11125301;"Impostos sobre Transmissão ""Inter Vivos"" de Bens Imóveis e de Direitos Reais sobre Imóveis - Principal";Lançamento de Receita;1.114.466,03;500;Recursos não vinculados de Impostos;"Não ";Não Aplicável
Santa Rita;201171;Prefeitura Municipal de Santa Rita;082025;2025;11125301;"Impostos sobre Transmissão ""Inter Vivos"" de Bens Imóveis e de Direitos Reais sobre Imóveis - Principal";Lançamento de Receita;304.538,81;500;Recursos não vinculados de Impostos;"Não ";Não Aplicável
Santa Rita;201171;Prefeitura Municipal de Santa Rita;072025;2025;11125301;"Impostos sobre Transmissão ""Inter Vivos"" de Bens Imóveis e de Direitos Reais sobre Imóveis - Principal";Lançamento de Receita;350.629,69;500;Recursos não vinculados de Impostos;"Não ";Não Aplicável
Santa Rita;201171;Prefeitura Municipal de Santa Rita;062025;2025;11125301;"Impostos sobre Transmissão ""Inter Vivos"" de Bens Imóveis e de Direitos Reais sobre Imóveis - Principal";Lançamento de Receita;478.513,82;500;Recursos não vinculados de Impostos;"Não ";Não Aplicável
Santa Rita;201171;Prefeitura Municipal de Santa Rita;052025;2025;11125301;"Impostos sobre Transmissão ""Inter Vivos"" de Bens Imóveis e de Direitos Reais sobre Imóveis - Principal";Lançamento de Receita;295.628,26;500;Recursos não vinculados de Impostos;"Não ";Não Aplicável
Santa Rita;201171;Prefeitura Municipal de Santa Rita;042025;2025;11125301;"Impostos sobre Transmissão ""Inter Vivos"" de Bens Imóveis e de Direitos Reais sobre Imóveis - Principal";Lançamento de Receita;368.330,05;500;Recursos não vinculados de Impostos;"Não ";Não Aplicável
Santa Rita;201171;Prefeitura Municipal de Santa Rita;032025;2025;11125301;"Impostos sobre Transmissão ""Inter Vivos"" de Bens Imóveis e de Direitos Reais sobre Imóveis - Principal";Lançamento de Receita;223.469,22;500;Recursos não vinculados de Impostos;"Não ";Não Aplicável
Santa Rita;201171;Prefeitura Municipal de Santa Rita;022025;2025;11125301;"Impostos sobre Transmissão ""Inter Vivos"" de Bens Imóveis e de Direitos Reais sobre Imóveis - Principal";Lançamento de Receita;279.718,37;500;Recursos não vinculados de Impostos;"Não ";Não Aplicável
Santa Rita;201171;Prefeitura Municipal de Santa Rita;012025;2025;11125301;"Impostos sobre Transmissão ""Inter Vivos"" de Bens Imóveis e de Direitos Reais sobre Imóveis - Principal";Lançamento de Receita;299.409,02;500;Recursos não vinculados de Impostos;"Não ";Não Aplicável
Santa Rita;201171;Prefeitura Municipal de Santa Rita;122025;2025;11125003;Imposto sobre a Propriedade Predial e Territorial Urbana - Dívida Ativa;Lançamento de Receita;1.899.642,09;500;Recursos não vinculados de Impostos;"Não ";Não Aplicável
Santa Rita;201171;Prefeitura Municipal de Santa Rita;112025;2025;11125003;Imposto sobre a Propriedade Predial e Territorial Urbana - Dívida Ativa;Lançamento de Receita;162.654,44;500;Recursos não vinculados de Impostos;"Não ";Não Aplicável
Santa Rita;201171;Prefeitura Municipal de Santa Rita;102025;2025;11125003;Imposto sobre a Propriedade Predial e Territorial Urbana - Dívida Ativa;Lançamento de Receita;165.281,25;500;Recursos não vinculados de Impostos;"Não ";Não Aplicável
Santa Rita;201171;Prefeitura Municipal de Santa Rita;092025;2025;11125003;Imposto sobre a Propriedade Predial e Territorial Urbana - Dívida Ativa;Lançamento de Receita;96.451,33;500;Recursos não vinculados de Impostos;"Não ";Não Aplicável
Santa Rita;201171;Prefeitura Municipal de Santa Rita;082025;2025;11125003;Imposto sobre a Propriedade Predial e Territorial Urbana - Dívida Ativa;Lançamento de Receita;139.219,98;500;Recursos não vinculados de Impostos;"Não ";Não Aplicável
Santa Rita;201171;Prefeitura Municipal de Santa Rita;072025;2025;11125003;Imposto sobre a Propriedade Predial e Territorial Urbana - Dívida Ativa;Lançamento de Receita;124.047,48;500;Recursos não vinculados de Impostos;"Não ";Não Aplicável
Santa Rita;201171;Prefeitura Municipal de Santa Rita;062025;2025;11125003;Imposto sobre a Propriedade Predial e Territorial Urbana - Dívida Ativa;Lançamento de Receita;90.467,7;500;Recursos não vinculados de Impostos;"Não ";Não Aplicável
Santa Rita;201171;Prefeitura Municipal de Santa Rita;052025;2025;11125003;Imposto sobre a Propriedade Predial e Territorial Urbana - Dívida Ativa;Lançamento de Receita;130.503,71;500;Recursos não vinculados de Impostos;"Não ";Não Aplicável
Santa Rita;201171;Prefeitura Municipal de Santa Rita;042025;2025;11125003;Imposto sobre a Propriedade Predial e Territorial Urbana - Dívida Ativa;Lançamento de Receita;111.922,14;500;Recursos não vinculados de Impostos;"Não ";Não Aplicável
Santa Rita;201171;Prefeitura Municipal de Santa Rita;032025;2025;11125003;Imposto sobre a Propriedade Predial e Territorial Urbana - Dívida Ativa;Lançamento de Receita;104.210,2;500;Recursos não vinculados de Impostos;"Não ";Não Aplicável
Santa Rita;201171;Prefeitura Municipal de Santa Rita;022025;2025;11125003;Imposto sobre a Propriedade Predial e Territorial Urbana - Dívida Ativa;Lançamento de Receita;133.475,81;500;Recursos não vinculados de Impostos;"Não ";Não Aplicável
Santa Rita;201171;Prefeitura Municipal de Santa Rita;012025;2025;11125003;Imposto sobre a Propriedade Predial e Territorial Urbana - Dívida Ativa;Lançamento de Receita;103.387,96;500;Recursos não vinculados de Impostos;"Não ";Não Aplicável
Santa Rita;201171;Prefeitura Municipal de Santa Rita;122025;2025;11125002;Imposto sobre a Propriedade Predial e Territorial Urbana - Multas e Juros de Mora;Lançamento de Receita;156.674,9;500;Recursos não vinculados de Impostos;"Não ";Não Aplicável
Santa Rita;201171;Prefeitura Municipal de Santa Rita;112025;2025;11125002;Imposto sobre a Propriedade Predial e Territorial Urbana - Multas e Juros de Mora;Lançamento de Receita;53.486,1;500;Recursos não vinculados de Impostos;"Não ";Não Aplicável
Santa Rita;201171;Prefeitura Municipal de Santa Rita;102025;2025;11125002;Imposto sobre a Propriedade Predial e Territorial Urbana - Multas e Juros de Mora;Lançamento de Receita;82.585,77;500;Recursos não vinculados de Impostos;"Não ";Não Aplicável
Santa Rita;201171;Prefeitura Municipal de Santa Rita;092025;2025;11125002;Imposto sobre a Propriedade Predial e Territorial Urbana - Multas e Juros de Mora;Lançamento de Receita;85.188,33;500;Recursos não vinculados de Impostos;"Não ";Não Aplicável
Santa Rita;201171;Prefeitura Municipal de Santa Rita;082025;2025;11125002;Imposto sobre a Propriedade Predial e Territorial Urbana - Multas e Juros de Mora;Lançamento de Receita;95.621,18;500;Recursos não vinculados de Impostos;"Não ";Não Aplicável
Santa Rita;201171;Prefeitura Municipal de Santa Rita;072025;2025;11125002;Imposto sobre a Propriedade Predial e Territorial Urbana - Multas e Juros de Mora;Lançamento de Receita;97.831,98;500;Recursos não vinculados de Impostos;"Não ";Não Aplicável
Santa Rita;201171;Prefeitura Municipal de Santa Rita;062025;2025;11125002;Imposto sobre a Propriedade Predial e Territorial Urbana - Multas e Juros de Mora;Lançamento de Receita;74.946,67;500;Recursos não vinculados de Impostos;"Não ";Não Aplicável
Santa Rita;201171;Prefeitura Municipal de Santa Rita;052025;2025;11125002;Imposto sobre a Propriedade Predial e Territorial Urbana - Multas e Juros de Mora;Lançamento de Receita;101.680,74;500;Recursos não vinculados de Impostos;"Não ";Não Aplicável
Santa Rita;201171;Prefeitura Municipal de Santa Rita;042025;2025;11125002;Imposto sobre a Propriedade Predial e Territorial Urbana - Multas e Juros de Mora;Lançamento de Receita;83.147,1;500;Recursos não vinculados de Impostos;"Não ";Não Aplicável
Santa Rita;201171;Prefeitura Municipal de Santa Rita;032025;2025;11125002;Imposto sobre a Propriedade Predial e Territorial Urbana - Multas e Juros de Mora;Lançamento de Receita;76.490,83;500;Recursos não vinculados de Impostos;"Não ";Não Aplicável
Santa Rita;201171;Prefeitura Municipal de Santa Rita;022025;2025;11125002;Imposto sobre a Propriedade Predial e Territorial Urbana - Multas e Juros de Mora;Lançamento de Receita;86.406,07;500;Recursos não vinculados de Impostos;"Não ";Não Aplicável
Santa Rita;201171;Prefeitura Municipal de Santa Rita;012025;2025;11125002;Imposto sobre a Propriedade Predial e Territorial Urbana - Multas e Juros de Mora;Lançamento de Receita;97.879,99;500;Recursos não vinculados de Impostos;"Não ";Não Aplicável
Santa Rita;201171;Prefeitura Municipal de Santa Rita;122025;2025;11125001;Imposto sobre a Propriedade Predial e Territorial Urbana - Principal;Lançamento de Receita;53.965,58;500;Recursos não vinculados de Impostos;"Não ";Não Aplicável
Santa Rita;201171;Prefeitura Municipal de Santa Rita;112025;2025;11125001;Imposto sobre a Propriedade Predial e Territorial Urbana - Principal;Lançamento de Receita;157.179,13;500;Recursos não vinculados de Impostos;"Não ";Não Aplicável
Santa Rita;201171;Prefeitura Municipal de Santa Rita;102025;2025;11125001;Imposto sobre a Propriedade Predial e Territorial Urbana - Principal;Lançamento de Receita;158.398,25;500;Recursos não vinculados de Impostos;"Não ";Não Aplicável
Santa Rita;201171;Prefeitura Municipal de Santa Rita;092025;2025;11125001;Imposto sobre a Propriedade Predial e Territorial Urbana - Principal;Lançamento de Receita;130.104,28;500;Recursos não vinculados de Impostos;"Não ";Não Aplicável
Santa Rita;201171;Prefeitura Municipal de Santa Rita;082025;2025;11125001;Imposto sobre a Propriedade Predial e Territorial Urbana - Principal;Lançamento de Receita;606.676,78;500;Recursos não vinculados de Impostos;"Não ";Não Aplicável
Santa Rita;201171;Prefeitura Municipal de Santa Rita;072025;2025;11125001;Imposto sobre a Propriedade Predial e Territorial Urbana - Principal;Lançamento de Receita;263.105,85;500;Recursos não vinculados de Impostos;"Não ";Não Aplicável
Santa Rita;201171;Prefeitura Municipal de Santa Rita;062025;2025;11125001;Imposto sobre a Propriedade Predial e Territorial Urbana - Principal;Lançamento de Receita;47.134,43;500;Recursos não vinculados de Impostos;"Não ";Não Aplicável
Santa Rita;201171;Prefeitura Municipal de Santa Rita;052025;2025;11125001;Imposto sobre a Propriedade Predial e Territorial Urbana - Principal;Lançamento de Receita;58.136,63;500;Recursos não vinculados de Impostos;"Não ";Não Aplicável
Santa Rita;201171;Prefeitura Municipal de Santa Rita;042025;2025;11125001;Imposto sobre a Propriedade Predial e Territorial Urbana - Principal;Lançamento de Receita;57.573,98;500;Recursos não vinculados de Impostos;"Não ";Não Aplicável
Santa Rita;201171;Prefeitura Municipal de Santa Rita;032025;2025;11125001;Imposto sobre a Propriedade Predial e Territorial Urbana - Principal;Lançamento de Receita;92.690,06;500;Recursos não vinculados de Impostos;"Não ";Não Aplicável
Santa Rita;201171;Prefeitura Municipal de Santa Rita;022025;2025;11125001;Imposto sobre a Propriedade Predial e Territorial Urbana - Principal;Lançamento de Receita;9.965,35;500;Recursos não vinculados de Impostos;"Não ";Não Aplicável
Santa Rita;201171;Prefeitura Municipal de Santa Rita;012025;2025;11125001;Imposto sobre a Propriedade Predial e Territorial Urbana - Principal;Lançamento de Receita;154.560,97;500;Recursos não vinculados de Impostos;"Não ";Não Aplicável
Santa Rita;301171;Instituto de Previdência Social do Município de Santa Rita;122025;2025;72155111;Contribuição Patronal - Servidor Civil Ativo - Parcelamentos - Principal;Lançamento de Receita;1.020.612,81;800;Recursos vinculados ao RPPS - Fundo em Capitalização (Plano Previdenciário);1111;Benefícios previdenciários - Poder Executivo – Fundo em Capitalização (Plano Previdenciário)
Santa Rita;301171;Instituto de Previdência Social do Município de Santa Rita;092025;2025;72155111;Contribuição Patronal - Servidor Civil Ativo - Parcelamentos - Principal;Lançamento de Receita;507.055,73;800;Recursos vinculados ao RPPS - Fundo em Capitalização (Plano Previdenciário);1111;Benefícios previdenciários - Poder Executivo – Fundo em Capitalização (Plano Previdenciário)
Santa Rita;301171;Instituto de Previdência Social do Município de Santa Rita;062025;2025;72155111;Contribuição Patronal - Servidor Civil Ativo - Parcelamentos - Principal;Lançamento de Receita;1.010.269,76;800;Recursos vinculados ao RPPS - Fundo em Capitalização (Plano Previdenciário);1111;Benefícios previdenciários - Poder Executivo – Fundo em Capitalização (Plano Previdenciário)
Santa Rita;301171;Instituto de Previdência Social do Município de Santa Rita;052025;2025;72155111;Contribuição Patronal - Servidor Civil Ativo - Parcelamentos - Principal;Lançamento de Receita;503.854,31;800;Recursos vinculados ao RPPS - Fundo em Capitalização (Plano Previdenciário);1111;Benefícios previdenciários - Poder Executivo – Fundo em Capitalização (Plano Previdenciário)
Santa Rita;301171;Instituto de Previdência Social do Município de Santa Rita;042025;2025;72155111;Contribuição Patronal - Servidor Civil Ativo - Parcelamentos - Principal;Lançamento de Receita;501.736,45;800;Recursos vinculados ao RPPS - Fundo em Capitalização (Plano Previdenciário);1111;Benefícios previdenciários - Poder Executivo – Fundo em Capitalização (Plano Previdenciário)
Santa Rita;301171;Instituto de Previdência Social do Município de Santa Rita;032025;2025;72155111;Contribuição Patronal - Servidor Civil Ativo - Parcelamentos - Principal;Lançamento de Receita;498.978,3;800;Recursos vinculados ao RPPS - Fundo em Capitalização (Plano Previdenciário);1111;Benefícios previdenciários - Poder Executivo – Fundo em Capitalização (Plano Previdenciário)
Santa Rita;301171;Instituto de Previdência Social do Município de Santa Rita;022025;2025;72155111;Contribuição Patronal - Servidor Civil Ativo - Parcelamentos - Principal;Lançamento de Receita;492.526,21;800;Recursos vinculados ao RPPS - Fundo em Capitalização (Plano Previdenciário);1111;Benefícios previdenciários - Poder Executivo – Fundo em Capitalização (Plano Previdenciário)
Santa Rita;301171;Instituto de Previdência Social do Município de Santa Rita;122025;2025;72155011;Contribuição Patronal - Servidor Civil - Inativo - Principal;Lançamento de Receita;3.019.527,61;800;Recursos vinculados ao RPPS - Fundo em Capitalização (Plano Previdenciário);1111;Benefícios previdenciários - Poder Executivo – Fundo em Capitalização (Plano Previdenciário)
Santa Rita;301171;Instituto de Previdência Social do Município de Santa Rita;112025;2025;72155011;Contribuição Patronal - Servidor Civil - Inativo - Principal;Lançamento de Receita;2.948.215,65;800;Recursos vinculados ao RPPS - Fundo em Capitalização (Plano Previdenciário);1111;Benefícios previdenciários - Poder Executivo – Fundo em Capitalização (Plano Previdenciário)
Santa Rita;301171;Instituto de Previdência Social do Município de Santa Rita;102025;2025;72155011;Contribuição Patronal - Servidor Civil - Inativo - Principal;Lançamento de Receita;2.815.125,17;800;Recursos vinculados ao RPPS - Fundo em Capitalização (Plano Previdenciário);1111;Benefícios previdenciários - Poder Executivo – Fundo em Capitalização (Plano Previdenciário)
Santa Rita;301171;Instituto de Previdência Social do Município de Santa Rita;092025;2025;72155011;Contribuição Patronal - Servidor Civil - Inativo - Principal;Lançamento de Receita;2.864.124,71;800;Recursos vinculados ao RPPS - Fundo em Capitalização (Plano Previdenciário);1111;Benefícios previdenciários - Poder Executivo – Fundo em Capitalização (Plano Previdenciário)
Santa Rita;301171;Instituto de Previdência Social do Município de Santa Rita;082025;2025;72155011;Contribuição Patronal - Servidor Civil - Inativo - Principal;Lançamento de Receita;3.041.165,2;800;Recursos vinculados ao RPPS - Fundo em Capitalização (Plano Previdenciário);1111;Benefícios previdenciários - Poder Executivo – Fundo em Capitalização (Plano Previdenciário)
Santa Rita;301171;Instituto de Previdência Social do Município de Santa Rita;072025;2025;72155011;Contribuição Patronal - Servidor Civil - Inativo - Principal;Lançamento de Receita;3.040.860,88;800;Recursos vinculados ao RPPS - Fundo em Capitalização (Plano Previdenciário);1111;Benefícios previdenciários - Poder Executivo – Fundo em Capitalização (Plano Previdenciário)
Santa Rita;301171;Instituto de Previdência Social do Município de Santa Rita;122025;2025;72150211;Contribuição Patronal - Servidor Civil Ativo - Principal;Lançamento de Receita;1.519.899,27;800;Recursos vinculados ao RPPS - Fundo em Capitalização (Plano Previdenciário);1111;Benefícios previdenciários - Poder Executivo – Fundo em Capitalização (Plano Previdenciário)
Santa Rita;301171;Instituto de Previdência Social do Município de Santa Rita;112025;2025;72150211;Contribuição Patronal - Servidor Civil Ativo - Principal;Lançamento de Receita;1.411.524,07;800;Recursos vinculados ao RPPS - Fundo em Capitalização (Plano Previdenciário);1111;Benefícios previdenciários - Poder Executivo – Fundo em Capitalização (Plano Previdenciário)
Santa Rita;301171;Instituto de Previdência Social do Município de Santa Rita;102025;2025;72150211;Contribuição Patronal - Servidor Civil Ativo - Principal;Lançamento de Receita;1.351.812,15;800;Recursos vinculados ao RPPS - Fundo em Capitalização (Plano Previdenciário);1111;Benefícios previdenciários - Poder Executivo – Fundo em Capitalização (Plano Previdenciário)
Santa Rita;301171;Instituto de Previdência Social do Município de Santa Rita;092025;2025;72150211;Contribuição Patronal - Servidor Civil Ativo - Principal;Lançamento de Receita;1.341.828,49;800;Recursos vinculados ao RPPS - Fundo em Capitalização (Plano Previdenciário);1111;Benefícios previdenciários - Poder Executivo – Fundo em Capitalização (Plano Previdenciário)
Santa Rita;301171;Instituto de Previdência Social do Município de Santa Rita;082025;2025;72150211;Contribuição Patronal - Servidor Civil Ativo - Principal;Lançamento de Receita;1.769.265,57;800;Recursos vinculados ao RPPS - Fundo em Capitalização (Plano Previdenciário);1111;Benefícios previdenciários - Poder Executivo – Fundo em Capitalização (Plano Previdenciário)
Santa Rita;301171;Instituto de Previdência Social do Município de Santa Rita;072025;2025;72150211;Contribuição Patronal - Servidor Civil Ativo - Principal;Lançamento de Receita;1.269.354,95;800;Recursos vinculados ao RPPS - Fundo em Capitalização (Plano Previdenciário);1111;Benefícios previdenciários - Poder Executivo – Fundo em Capitalização (Plano Previdenciário)
Santa Rita;301171;Instituto de Previdência Social do Município de Santa Rita;062025;2025;72150211;Contribuição Patronal - Servidor Civil Ativo - Principal;Lançamento de Receita;5.500.517,29;800;Recursos vinculados ao RPPS - Fundo em Capitalização (Plano Previdenciário);1111;Benefícios previdenciários - Poder Executivo – Fundo em Capitalização (Plano Previdenciário)
Santa Rita;301171;Instituto de Previdência Social do Município de Santa Rita;052025;2025;72150211;Contribuição Patronal - Servidor Civil Ativo - Principal;Lançamento de Receita;5.417.013,87;800;Recursos vinculados ao RPPS - Fundo em Capitalização (Plano Previdenciário);1111;Benefícios previdenciários - Poder Executivo – Fundo em Capitalização (Plano Previdenciário)
Santa Rita;301171;Instituto de Previdência Social do Município de Santa Rita;042025;2025;72150211;Contribuição Patronal - Servidor Civil Ativo - Principal;Lançamento de Receita;5.689.580,32;800;Recursos vinculados ao RPPS - Fundo em Capitalização (Plano Previdenciário);1111;Benefícios previdenciários - Poder Executivo – Fundo em Capitalização (Plano Previdenciário)
Santa Rita;301171;Instituto de Previdência Social do Município de Santa Rita;032025;2025;72150211;Contribuição Patronal - Servidor Civil Ativo - Principal;Lançamento de Receita;5.324.004,89;800;Recursos vinculados ao RPPS - Fundo em Capitalização (Plano Previdenciário);1111;Benefícios previdenciários - Poder Executivo – Fundo em Capitalização (Plano Previdenciário)
Santa Rita;301171;Instituto de Previdência Social do Município de Santa Rita;022025;2025;72150211;Contribuição Patronal - Servidor Civil Ativo - Principal;Lançamento de Receita;6.127.062,12;800;Recursos vinculados ao RPPS - Fundo em Capitalização (Plano Previdenciário);1111;Benefícios previdenciários - Poder Executivo – Fundo em Capitalização (Plano Previdenciário)
Santa Rita;301171;Instituto de Previdência Social do Município de Santa Rita;012025;2025;72150211;Contribuição Patronal - Servidor Civil Ativo - Principal;Lançamento de Receita;5.183.322,49;800;Recursos vinculados ao RPPS - Fundo em Capitalização (Plano Previdenciário);1111;Benefícios previdenciários - Poder Executivo – Fundo em Capitalização (Plano Previdenciário)
Santa Rita;301171;Instituto de Previdência Social do Município de Santa Rita;122025;2025;19990301;Compensações Financeiras entre os Regimes de Previdência - Principal;Lançamento de Receita;730.120,25;800;Recursos vinculados ao RPPS - Fundo em Capitalização (Plano Previdenciário);1111;Benefícios previdenciários - Poder Executivo – Fundo em Capitalização (Plano Previdenciário)
Santa Rita;301171;Instituto de Previdência Social do Município de Santa Rita;112025;2025;19990301;Compensações Financeiras entre os Regimes de Previdência - Principal;Lançamento de Receita;777.476,53;800;Recursos vinculados ao RPPS - Fundo em Capitalização (Plano Previdenciário);1111;Benefícios previdenciários - Poder Executivo – Fundo em Capitalização (Plano Previdenciário)
Santa Rita;301171;Instituto de Previdência Social do Município de Santa Rita;102025;2025;19990301;Compensações Financeiras entre os Regimes de Previdência - Principal;Lançamento de Receita;76.772,28;800;Recursos vinculados ao RPPS - Fundo em Capitalização (Plano Previdenciário);1111;Benefícios previdenciários - Poder Executivo – Fundo em Capitalização (Plano Previdenciário)
Santa Rita;301171;Instituto de Previdência Social do Município de Santa Rita;092025;2025;19990301;Compensações Financeiras entre os Regimes de Previdência - Principal;Lançamento de Receita;55.761,33;800;Recursos vinculados ao RPPS - Fundo em Capitalização (Plano Previdenciário);1111;Benefícios previdenciários - Poder Executivo – Fundo em Capitalização (Plano Previdenciário)
Santa Rita;301171;Instituto de Previdência Social do Município de Santa Rita;082025;2025;19990301;Compensações Financeiras entre os Regimes de Previdência - Principal;Lançamento de Receita;55.790,59;800;Recursos vinculados ao RPPS - Fundo em Capitalização (Plano Previdenciário);1111;Benefícios previdenciários - Poder Executivo – Fundo em Capitalização (Plano Previdenciário)
Santa Rita;301171;Instituto de Previdência Social do Município de Santa Rita;072025;2025;19990301;Compensações Financeiras entre os Regimes de Previdência - Principal;Lançamento de Receita;88.060,93;800;Recursos vinculados ao RPPS - Fundo em Capitalização (Plano Previdenciário);1111;Benefícios previdenciários - Poder Executivo – Fundo em Capitalização (Plano Previdenciário)
Santa Rita;301171;Instituto de Previdência Social do Município de Santa Rita;062025;2025;19990301;Compensações Financeiras entre os Regimes de Previdência - Principal;Lançamento de Receita;74.284,46;800;Recursos vinculados ao RPPS - Fundo em Capitalização (Plano Previdenciário);1111;Benefícios previdenciários - Poder Executivo – Fundo em Capitalização (Plano Previdenciário)
Santa Rita;301171;Instituto de Previdência Social do Município de Santa Rita;052025;2025;19990301;Compensações Financeiras entre os Regimes de Previdência - Principal;Lançamento de Receita;600.624,86;800;Recursos vinculados ao RPPS - Fundo em Capitalização (Plano Previdenciário);1111;Benefícios previdenciários - Poder Executivo – Fundo em Capitalização (Plano Previdenciário)
Santa Rita;301171;Instituto de Previdência Social do Município de Santa Rita;042025;2025;19990301;Compensações Financeiras entre os Regimes de Previdência - Principal;Lançamento de Receita;62.249,6;800;Recursos vinculados ao RPPS - Fundo em Capitalização (Plano Previdenciário);1111;Benefícios previdenciários - Poder Executivo – Fundo em Capitalização (Plano Previdenciário)
Santa Rita;301171;Instituto de Previdência Social do Município de Santa Rita;032025;2025;19990301;Compensações Financeiras entre os Regimes de Previdência - Principal;Lançamento de Receita;76.588,76;800;Recursos vinculados ao RPPS - Fundo em Capitalização (Plano Previdenciário);1111;Benefícios previdenciários - Poder Executivo – Fundo em Capitalização (Plano Previdenciário)
Santa Rita;301171;Instituto de Previdência Social do Município de Santa Rita;022025;2025;19990301;Compensações Financeiras entre os Regimes de Previdência - Principal;Lançamento de Receita;50.788,66;800;Recursos vinculados ao RPPS - Fundo em Capitalização (Plano Previdenciário);1111;Benefícios previdenciários - Poder Executivo – Fundo em Capitalização (Plano Previdenciário)
Santa Rita;301171;Instituto de Previdência Social do Município de Santa Rita;012025;2025;19990301;Compensações Financeiras entre os Regimes de Previdência - Principal;Lançamento de Receita;45.708,25;800;Recursos vinculados ao RPPS - Fundo em Capitalização (Plano Previdenciário);1111;Benefícios previdenciários - Poder Executivo – Fundo em Capitalização (Plano Previdenciário)
Santa Rita;301171;Instituto de Previdência Social do Município de Santa Rita;122025;2025;19219901;Outras Indenizações - Principal;Lançamento de Receita;1.138,11;800;Recursos vinculados ao RPPS - Fundo em Capitalização (Plano Previdenciário);1111;Benefícios previdenciários - Poder Executivo – Fundo em Capitalização (Plano Previdenciário)
Santa Rita;301171;Instituto de Previdência Social do Município de Santa Rita;112025;2025;19219901;Outras Indenizações - Principal;Lançamento de Receita;1.138,11;800;Recursos vinculados ao RPPS - Fundo em Capitalização (Plano Previdenciário);1111;Benefícios previdenciários - Poder Executivo – Fundo em Capitalização (Plano Previdenciário)
Santa Rita;301171;Instituto de Previdência Social do Município de Santa Rita;102025;2025;19219901;Outras Indenizações - Principal;Lançamento de Receita;1.138,11;800;Recursos vinculados ao RPPS - Fundo em Capitalização (Plano Previdenciário);1111;Benefícios previdenciários - Poder Executivo – Fundo em Capitalização (Plano Previdenciário)
Santa Rita;301171;Instituto de Previdência Social do Município de Santa Rita;092025;2025;19219901;Outras Indenizações - Principal;Lançamento de Receita;1.138,11;800;Recursos vinculados ao RPPS - Fundo em Capitalização (Plano Previdenciário);1111;Benefícios previdenciários - Poder Executivo – Fundo em Capitalização (Plano Previdenciário)
Santa Rita;301171;Instituto de Previdência Social do Município de Santa Rita;082025;2025;19219901;Outras Indenizações - Principal;Lançamento de Receita;70,41;800;Recursos vinculados ao RPPS - Fundo em Capitalização (Plano Previdenciário);1111;Benefícios previdenciários - Poder Executivo – Fundo em Capitalização (Plano Previdenciário)
Santa Rita;301171;Instituto de Previdência Social do Município de Santa Rita;122025;2025;13210401;Remuneração dos Recursos do Regime Próprio de Previdência Social - RPPS - Principal;Lançamento de Receita;753.379,03;800;Recursos vinculados ao RPPS - Fundo em Capitalização (Plano Previdenciário);1111;Benefícios previdenciários - Poder Executivo – Fundo em Capitalização (Plano Previdenciário)
Santa Rita;301171;Instituto de Previdência Social do Município de Santa Rita;112025;2025;13210401;Remuneração dos Recursos do Regime Próprio de Previdência Social - RPPS - Principal;Lançamento de Receita;704.746,95;800;Recursos vinculados ao RPPS - Fundo em Capitalização (Plano Previdenciário);1111;Benefícios previdenciários - Poder Executivo – Fundo em Capitalização (Plano Previdenciário)
Santa Rita;301171;Instituto de Previdência Social do Município de Santa Rita;102025;2025;13210401;Remuneração dos Recursos do Regime Próprio de Previdência Social - RPPS - Principal;Lançamento de Receita;762.730,54;800;Recursos vinculados ao RPPS - Fundo em Capitalização (Plano Previdenciário);1111;Benefícios previdenciários - Poder Executivo – Fundo em Capitalização (Plano Previdenciário)
Santa Rita;301171;Instituto de Previdência Social do Município de Santa Rita;092025;2025;13210401;Remuneração dos Recursos do Regime Próprio de Previdência Social - RPPS - Principal;Lançamento de Receita;703.617,77;800;Recursos vinculados ao RPPS - Fundo em Capitalização (Plano Previdenciário);1111;Benefícios previdenciários - Poder Executivo – Fundo em Capitalização (Plano Previdenciário)
Santa Rita;301171;Instituto de Previdência Social do Município de Santa Rita;082025;2025;13210401;Remuneração dos Recursos do Regime Próprio de Previdência Social - RPPS - Principal;Lançamento de Receita;681.221,8;800;Recursos vinculados ao RPPS - Fundo em Capitalização (Plano Previdenciário);1111;Benefícios previdenciários - Poder Executivo – Fundo em Capitalização (Plano Previdenciário)
Santa Rita;301171;Instituto de Previdência Social do Município de Santa Rita;072025;2025;13210401;Remuneração dos Recursos do Regime Próprio de Previdência Social - RPPS - Principal;Dedução Investimento;-40.953,39;800;Recursos vinculados ao RPPS - Fundo em Capitalização (Plano Previdenciário);1111;Benefícios previdenciários - Poder Executivo – Fundo em Capitalização (Plano Previdenciário)
Santa Rita;301171;Instituto de Previdência Social do Município de Santa Rita;072025;2025;13210401;Remuneração dos Recursos do Regime Próprio de Previdência Social - RPPS - Principal;Lançamento de Receita;622.952,15;800;Recursos vinculados ao RPPS - Fundo em Capitalização (Plano Previdenciário);1111;Benefícios previdenciários - Poder Executivo – Fundo em Capitalização (Plano Previdenciário)
Santa Rita;301171;Instituto de Previdência Social do Município de Santa Rita;062025;2025;13210401;Remuneração dos Recursos do Regime Próprio de Previdência Social - RPPS - Principal;Lançamento de Receita;486.688,07;800;Recursos vinculados ao RPPS - Fundo em Capitalização (Plano Previdenciário);1111;Benefícios previdenciários - Poder Executivo – Fundo em Capitalização (Plano Previdenciário)
Santa Rita;301171;Instituto de Previdência Social do Município de Santa Rita;062025;2025;13210401;Remuneração dos Recursos do Regime Próprio de Previdência Social - RPPS - Principal;Dedução Investimento;-614,67;800;Recursos vinculados ao RPPS - Fundo em Capitalização (Plano Previdenciário);1111;Benefícios previdenciários - Poder Executivo – Fundo em Capitalização (Plano Previdenciário)
Santa Rita;301171;Instituto de Previdência Social do Município de Santa Rita;052025;2025;13210401;Remuneração dos Recursos do Regime Próprio de Previdência Social - RPPS - Principal;Lançamento de Receita;609.690,09;800;Recursos vinculados ao RPPS - Fundo em Capitalização (Plano Previdenciário);1111;Benefícios previdenciários - Poder Executivo – Fundo em Capitalização (Plano Previdenciário)
Santa Rita;301171;Instituto de Previdência Social do Município de Santa Rita;042025;2025;13210401;Remuneração dos Recursos do Regime Próprio de Previdência Social - RPPS - Principal;Lançamento de Receita;617.103,96;800;Recursos vinculados ao RPPS - Fundo em Capitalização (Plano Previdenciário);1111;Benefícios previdenciários - Poder Executivo – Fundo em Capitalização (Plano Previdenciário)
Santa Rita;301171;Instituto de Previdência Social do Município de Santa Rita;032025;2025;13210401;Remuneração dos Recursos do Regime Próprio de Previdência Social - RPPS - Principal;Lançamento de Receita;289.088,14;800;Recursos vinculados ao RPPS - Fundo em Capitalização (Plano Previdenciário);1111;Benefícios previdenciários - Poder Executivo – Fundo em Capitalização (Plano Previdenciário)
Santa Rita;301171;Instituto de Previdência Social do Município de Santa Rita;022025;2025;13210401;Remuneração dos Recursos do Regime Próprio de Previdência Social - RPPS - Principal;Lançamento de Receita;314.465,19;800;Recursos vinculados ao RPPS - Fundo em Capitalização (Plano Previdenciário);1111;Benefícios previdenciários - Poder Executivo – Fundo em Capitalização (Plano Previdenciário)
Santa Rita;301171;Instituto de Previdência Social do Município de Santa Rita;012025;2025;13210401;Remuneração dos Recursos do Regime Próprio de Previdência Social - RPPS - Principal;Lançamento de Receita;509.778,04;800;Recursos vinculados ao RPPS - Fundo em Capitalização (Plano Previdenciário);1111;Benefícios previdenciários - Poder Executivo – Fundo em Capitalização (Plano Previdenciário)
Santa Rita;301171;Instituto de Previdência Social do Município de Santa Rita;122025;2025;12199911;Demais Contribuições Sociais Não Arrecadadas e Não Projetadas pela RFB - Principal;Lançamento de Receita;2.814,01;800;Recursos vinculados ao RPPS - Fundo em Capitalização (Plano Previdenciário);1111;Benefícios previdenciários - Poder Executivo – Fundo em Capitalização (Plano Previdenciário)
Santa Rita;301171;Instituto de Previdência Social do Município de Santa Rita;112025;2025;12199911;Demais Contribuições Sociais Não Arrecadadas e Não Projetadas pela RFB - Principal;Lançamento de Receita;1.858,33;800;Recursos vinculados ao RPPS - Fundo em Capitalização (Plano Previdenciário);1111;Benefícios previdenciários - Poder Executivo – Fundo em Capitalização (Plano Previdenciário)
Santa Rita;301171;Instituto de Previdência Social do Município de Santa Rita;102025;2025;12199911;Demais Contribuições Sociais Não Arrecadadas e Não Projetadas pela RFB - Principal;Lançamento de Receita;3.082,25;800;Recursos vinculados ao RPPS - Fundo em Capitalização (Plano Previdenciário);1111;Benefícios previdenciários - Poder Executivo – Fundo em Capitalização (Plano Previdenciário)
Santa Rita;301171;Instituto de Previdência Social do Município de Santa Rita;092025;2025;12199911;Demais Contribuições Sociais Não Arrecadadas e Não Projetadas pela RFB - Principal;Lançamento de Receita;3.642,25;800;Recursos vinculados ao RPPS - Fundo em Capitalização (Plano Previdenciário);1111;Benefícios previdenciários - Poder Executivo – Fundo em Capitalização (Plano Previdenciário)
Santa Rita;301171;Instituto de Previdência Social do Município de Santa Rita;082025;2025;12199911;Demais Contribuições Sociais Não Arrecadadas e Não Projetadas pela RFB - Principal;Lançamento de Receita;1.858,33;800;Recursos vinculados ao RPPS - Fundo em Capitalização (Plano Previdenciário);1111;Benefícios previdenciários - Poder Executivo – Fundo em Capitalização (Plano Previdenciário)
Santa Rita;301171;Instituto de Previdência Social do Município de Santa Rita;072025;2025;12199911;Demais Contribuições Sociais Não Arrecadadas e Não Projetadas pela RFB - Principal;Lançamento de Receita;2.380,19;800;Recursos vinculados ao RPPS - Fundo em Capitalização (Plano Previdenciário);1111;Benefícios previdenciários - Poder Executivo – Fundo em Capitalização (Plano Previdenciário)
Santa Rita;301171;Instituto de Previdência Social do Município de Santa Rita;062025;2025;12199911;Demais Contribuições Sociais Não Arrecadadas e Não Projetadas pela RFB - Principal;Lançamento de Receita;2.228,43;800;Recursos vinculados ao RPPS - Fundo em Capitalização (Plano Previdenciário);1111;Benefícios previdenciários - Poder Executivo – Fundo em Capitalização (Plano Previdenciário)
Santa Rita;301171;Instituto de Previdência Social do Município de Santa Rita;052025;2025;12199911;Demais Contribuições Sociais Não Arrecadadas e Não Projetadas pela RFB - Principal;Lançamento de Receita;1.680;800;Recursos vinculados ao RPPS - Fundo em Capitalização (Plano Previdenciário);1111;Benefícios previdenciários - Poder Executivo – Fundo em Capitalização (Plano Previdenciário)
Santa Rita;301171;Instituto de Previdência Social do Município de Santa Rita;042025;2025;12199911;Demais Contribuições Sociais Não Arrecadadas e Não Projetadas pela RFB - Principal;Lançamento de Receita;776,47;800;Recursos vinculados ao RPPS - Fundo em Capitalização (Plano Previdenciário);1111;Benefícios previdenciários - Poder Executivo – Fundo em Capitalização (Plano Previdenciário)
Santa Rita;301171;Instituto de Previdência Social do Município de Santa Rita;032025;2025;12199911;Demais Contribuições Sociais Não Arrecadadas e Não Projetadas pela RFB - Principal;Lançamento de Receita;1.858,33;800;Recursos vinculados ao RPPS - Fundo em Capitalização (Plano Previdenciário);1111;Benefícios previdenciários - Poder Executivo – Fundo em Capitalização (Plano Previdenciário)
Santa Rita;301171;Instituto de Previdência Social do Município de Santa Rita;022025;2025;12199911;Demais Contribuições Sociais Não Arrecadadas e Não Projetadas pela RFB - Principal;Lançamento de Receita;1.120;800;Recursos vinculados ao RPPS - Fundo em Capitalização (Plano Previdenciário);1111;Benefícios previdenciários - Poder Executivo – Fundo em Capitalização (Plano Previdenciário)
Santa Rita;301171;Instituto de Previdência Social do Município de Santa Rita;012025;2025;12199911;Demais Contribuições Sociais Não Arrecadadas e Não Projetadas pela RFB - Principal;Lançamento de Receita;1.120;800;Recursos vinculados ao RPPS - Fundo em Capitalização (Plano Previdenciário);1111;Benefícios previdenciários - Poder Executivo – Fundo em Capitalização (Plano Previdenciário)
Santa Rita;301171;Instituto de Previdência Social do Município de Santa Rita;032025;2025;12155124;Contribuição Patronal - Servidor Civil Inativo - Parcelamentos - Dívida Ativa - Multas e Juros de Mora da Dívida Ativa;Lançamento de Receita;235,09;800;Recursos vinculados ao RPPS - Fundo em Capitalização (Plano Previdenciário);1111;Benefícios previdenciários - Poder Executivo – Fundo em Capitalização (Plano Previdenciário)
Santa Rita;301171;Instituto de Previdência Social do Município de Santa Rita;122025;2025;12150111;Contribuição do Servidor Civil Ativo - Principal;Lançamento de Receita;1.277.935,56;800;Recursos vinculados ao RPPS - Fundo em Capitalização (Plano Previdenciário);1111;Benefícios previdenciários - Poder Executivo – Fundo em Capitalização (Plano Previdenciário)
Santa Rita;301171;Instituto de Previdência Social do Município de Santa Rita;112025;2025;12150111;Contribuição do Servidor Civil Ativo - Principal;Lançamento de Receita;1.303.280,46;800;Recursos vinculados ao RPPS - Fundo em Capitalização (Plano Previdenciário);1111;Benefícios previdenciários - Poder Executivo – Fundo em Capitalização (Plano Previdenciário)
Santa Rita;301171;Instituto de Previdência Social do Município de Santa Rita;102025;2025;12150111;Contribuição do Servidor Civil Ativo - Principal;Lançamento de Receita;1.342.398,01;800;Recursos vinculados ao RPPS - Fundo em Capitalização (Plano Previdenciário);1111;Benefícios previdenciários - Poder Executivo – Fundo em Capitalização (Plano Previdenciário)
Santa Rita;301171;Instituto de Previdência Social do Município de Santa Rita;092025;2025;12150111;Contribuição do Servidor Civil Ativo - Principal;Lançamento de Receita;1.357.593,53;800;Recursos vinculados ao RPPS - Fundo em Capitalização (Plano Previdenciário);1111;Benefícios previdenciários - Poder Executivo – Fundo em Capitalização (Plano Previdenciário)
Santa Rita;301171;Instituto de Previdência Social do Município de Santa Rita;082025;2025;12150111;Contribuição do Servidor Civil Ativo - Principal;Lançamento de Receita;1.265.450,03;800;Recursos vinculados ao RPPS - Fundo em Capitalização (Plano Previdenciário);1111;Benefícios previdenciários - Poder Executivo – Fundo em Capitalização (Plano Previdenciário)
Santa Rita;301171;Instituto de Previdência Social do Município de Santa Rita;072025;2025;12150111;Contribuição do Servidor Civil Ativo - Principal;Lançamento de Receita;1.261.028,29;800;Recursos vinculados ao RPPS - Fundo em Capitalização (Plano Previdenciário);1111;Benefícios previdenciários - Poder Executivo – Fundo em Capitalização (Plano Previdenciário)
Santa Rita;301171;Instituto de Previdência Social do Município de Santa Rita;062025;2025;12150111;Contribuição do Servidor Civil Ativo - Principal;Lançamento de Receita;3.886,34;800;Recursos vinculados ao RPPS - Fundo em Capitalização (Plano Previdenciário);1111;Benefícios previdenciários - Poder Executivo – Fundo em Capitalização (Plano Previdenciário)
Santa Rita;301171;Instituto de Previdência Social do Município de Santa Rita;052025;2025;12150111;Contribuição do Servidor Civil Ativo - Principal;Lançamento de Receita;4.448,74;800;Recursos vinculados ao RPPS - Fundo em Capitalização (Plano Previdenciário);1111;Benefícios previdenciários - Poder Executivo – Fundo em Capitalização (Plano Previdenciário)
Santa Rita;301171;Instituto de Previdência Social do Município de Santa Rita;042025;2025;12150111;Contribuição do Servidor Civil Ativo - Principal;Lançamento de Receita;4.165,73;800;Recursos vinculados ao RPPS - Fundo em Capitalização (Plano Previdenciário);1111;Benefícios previdenciários - Poder Executivo – Fundo em Capitalização (Plano Previdenciário)
Santa Rita;301171;Instituto de Previdência Social do Município de Santa Rita;032025;2025;12150111;Contribuição do Servidor Civil Ativo - Principal;Lançamento de Receita;4.307,24;800;Recursos vinculados ao RPPS - Fundo em Capitalização (Plano Previdenciário);1111;Benefícios previdenciários - Poder Executivo – Fundo em Capitalização (Plano Previdenciário)
Santa Rita;301171;Instituto de Previdência Social do Município de Santa Rita;022025;2025;12150111;Contribuição do Servidor Civil Ativo - Principal;Lançamento de Receita;6.143,52;800;Recursos vinculados ao RPPS - Fundo em Capitalização (Plano Previdenciário);1111;Benefícios previdenciários - Poder Executivo – Fundo em Capitalização (Plano Previdenciário)
Santa Rita;301171;Instituto de Previdência Social do Município de Santa Rita;012025;2025;12150111;Contribuição do Servidor Civil Ativo - Principal;Lançamento de Receita;3.389,1;800;Recursos vinculados ao RPPS - Fundo em Capitalização (Plano Previdenciário);1111;Benefícios previdenciários - Poder Executivo – Fundo em Capitalização (Plano Previdenciário)
Santa Rita;302171;Instituto de Proteção e Defesa do Consumidor do Município de Santa Rita- PROCON-SR;122025;2025;19110401;Multas Previstas na Legislação sobre Defesa dos Direitos Difusos - Principal;Lançamento de Receita;15.618,81;759;Recursos vinculados a fundos;"Não ";Não Aplicável
Santa Rita;302171;Instituto de Proteção e Defesa do Consumidor do Município de Santa Rita- PROCON-SR;112025;2025;19110401;Multas Previstas na Legislação sobre Defesa dos Direitos Difusos - Principal;Lançamento de Receita;48.047,64;759;Recursos vinculados a fundos;"Não ";Não Aplicável
Santa Rita;302171;Instituto de Proteção e Defesa do Consumidor do Município de Santa Rita- PROCON-SR;102025;2025;19110401;Multas Previstas na Legislação sobre Defesa dos Direitos Difusos - Principal;Lançamento de Receita;33.810,83;759;Recursos vinculados a fundos;"Não ";Não Aplicável
Santa Rita;302171;Instituto de Proteção e Defesa do Consumidor do Município de Santa Rita- PROCON-SR;092025;2025;19110401;Multas Previstas na Legislação sobre Defesa dos Direitos Difusos - Principal;Lançamento de Receita;22.365;759;Recursos vinculados a fundos;"Não ";Não Aplicável
Santa Rita;302171;Instituto de Proteção e Defesa do Consumidor do Município de Santa Rita- PROCON-SR;082025;2025;19110401;Multas Previstas na Legislação sobre Defesa dos Direitos Difusos - Principal;Lançamento de Receita;2.400;759;Recursos vinculados a fundos;"Não ";Não Aplicável
Santa Rita;302171;Instituto de Proteção e Defesa do Consumidor do Município de Santa Rita- PROCON-SR;072025;2025;19110401;Multas Previstas na Legislação sobre Defesa dos Direitos Difusos - Principal;Lançamento de Receita;19.021,06;759;Recursos vinculados a fundos;"Não ";Não Aplicável
Santa Rita;302171;Instituto de Proteção e Defesa do Consumidor do Município de Santa Rita- PROCON-SR;062025;2025;19110401;Multas Previstas na Legislação sobre Defesa dos Direitos Difusos - Principal;Lançamento de Receita;12.225,25;759;Recursos vinculados a fundos;"Não ";Não Aplicável
Santa Rita;302171;Instituto de Proteção e Defesa do Consumidor do Município de Santa Rita- PROCON-SR;052025;2025;19110401;Multas Previstas na Legislação sobre Defesa dos Direitos Difusos - Principal;Lançamento de Receita;9.700,01;759;Recursos vinculados a fundos;"Não ";Não Aplicável
Santa Rita;302171;Instituto de Proteção e Defesa do Consumidor do Município de Santa Rita- PROCON-SR;022025;2025;19110401;Multas Previstas na Legislação sobre Defesa dos Direitos Difusos - Principal;Lançamento de Receita;11.000,04;759;Recursos vinculados a fundos;"Não ";Não Aplicável
Santa Rita;302171;Instituto de Proteção e Defesa do Consumidor do Município de Santa Rita- PROCON-SR;012025;2025;19110401;Multas Previstas na Legislação sobre Defesa dos Direitos Difusos - Principal;Lançamento de Receita;55.200,04;759;Recursos vinculados a fundos;"Não ";Não Aplicável
Santa Rita;302171;Instituto de Proteção e Defesa do Consumidor do Município de Santa Rita- PROCON-SR;122025;2025;13210101;Remuneração de Depósitos Bancários - Principal;Lançamento de Receita;1.325,58;501;Outros Recursos não Vinculados;"Não ";Não Aplicável
Santa Rita;302171;Instituto de Proteção e Defesa do Consumidor do Município de Santa Rita- PROCON-SR;112025;2025;13210101;Remuneração de Depósitos Bancários - Principal;Lançamento de Receita;1.167,07;501;Outros Recursos não Vinculados;"Não ";Não Aplicável
Santa Rita;302171;Instituto de Proteção e Defesa do Consumidor do Município de Santa Rita- PROCON-SR;102025;2025;13210101;Remuneração de Depósitos Bancários - Principal;Lançamento de Receita;1.127,72;501;Outros Recursos não Vinculados;"Não ";Não Aplicável
Santa Rita;302171;Instituto de Proteção e Defesa do Consumidor do Município de Santa Rita- PROCON-SR;092025;2025;13210101;Remuneração de Depósitos Bancários - Principal;Lançamento de Receita;938,71;501;Outros Recursos não Vinculados;"Não ";Não Aplicável
Santa Rita;302171;Instituto de Proteção e Defesa do Consumidor do Município de Santa Rita- PROCON-SR;082025;2025;13210101;Remuneração de Depósitos Bancários - Principal;Lançamento de Receita;954,1;501;Outros Recursos não Vinculados;"Não ";Não Aplicável
Santa Rita;302171;Instituto de Proteção e Defesa do Consumidor do Município de Santa Rita- PROCON-SR;072025;2025;13210101;Remuneração de Depósitos Bancários - Principal;Lançamento de Receita;1.209,01;501;Outros Recursos não Vinculados;"Não ";Não Aplicável
Santa Rita;302171;Instituto de Proteção e Defesa do Consumidor do Município de Santa Rita- PROCON-SR;062025;2025;13210101;Remuneração de Depósitos Bancários - Principal;Lançamento de Receita;1.033,72;501;Outros Recursos não Vinculados;"Não ";Não Aplicável
Santa Rita;302171;Instituto de Proteção e Defesa do Consumidor do Município de Santa Rita- PROCON-SR;052025;2025;13210101;Remuneração de Depósitos Bancários - Principal;Lançamento de Receita;1.198,33;501;Outros Recursos não Vinculados;"Não ";Não Aplicável
Santa Rita;302171;Instituto de Proteção e Defesa do Consumidor do Município de Santa Rita- PROCON-SR;042025;2025;13210101;Remuneração de Depósitos Bancários - Principal;Lançamento de Receita;1.324,25;501;Outros Recursos não Vinculados;"Não ";Não Aplicável
Santa Rita;302171;Instituto de Proteção e Defesa do Consumidor do Município de Santa Rita- PROCON-SR;032025;2025;13210101;Remuneração de Depósitos Bancários - Principal;Lançamento de Receita;1.353,93;501;Outros Recursos não Vinculados;"Não ";Não Aplicável
Santa Rita;302171;Instituto de Proteção e Defesa do Consumidor do Município de Santa Rita- PROCON-SR;022025;2025;13210101;Remuneração de Depósitos Bancários - Principal;Lançamento de Receita;1.486,18;501;Outros Recursos não Vinculados;"Não ";Não Aplicável
Santa Rita;302171;Instituto de Proteção e Defesa do Consumidor do Município de Santa Rita- PROCON-SR;012025;2025;13210101;Remuneração de Depósitos Bancários - Principal;Lançamento de Receita;1.297,32;501;Outros Recursos não Vinculados;"Não ";Não Aplicável
Santa Rita;303171;SEMOB-SR - Superintendência Executiva de Mobilidade Urbana do Município de Santa Rita;122025;2025;19110101;Multas Previstas em Legislação Específica - Principal;Lançamento de Receita;75.568,42;752;Recursos Vinculados ao Trânsito;"Não ";Não Aplicável
Santa Rita;303171;SEMOB-SR - Superintendência Executiva de Mobilidade Urbana do Município de Santa Rita;112025;2025;19110101;Multas Previstas em Legislação Específica - Principal;Lançamento de Receita;65.799,96;752;Recursos Vinculados ao Trânsito;"Não ";Não Aplicável
Santa Rita;303171;SEMOB-SR - Superintendência Executiva de Mobilidade Urbana do Município de Santa Rita;102025;2025;19110101;Multas Previstas em Legislação Específica - Principal;Lançamento de Receita;89.330,09;752;Recursos Vinculados ao Trânsito;"Não ";Não Aplicável
Santa Rita;303171;SEMOB-SR - Superintendência Executiva de Mobilidade Urbana do Município de Santa Rita;092025;2025;19110101;Multas Previstas em Legislação Específica - Principal;Lançamento de Receita;92.194,83;752;Recursos Vinculados ao Trânsito;"Não ";Não Aplicável
Santa Rita;303171;SEMOB-SR - Superintendência Executiva de Mobilidade Urbana do Município de Santa Rita;082025;2025;19110101;Multas Previstas em Legislação Específica - Principal;Lançamento de Receita;97.828,22;752;Recursos Vinculados ao Trânsito;"Não ";Não Aplicável
Santa Rita;303171;SEMOB-SR - Superintendência Executiva de Mobilidade Urbana do Município de Santa Rita;072025;2025;19110101;Multas Previstas em Legislação Específica - Principal;Lançamento de Receita;111.740,64;752;Recursos Vinculados ao Trânsito;"Não ";Não Aplicável
Santa Rita;303171;SEMOB-SR - Superintendência Executiva de Mobilidade Urbana do Município de Santa Rita;062025;2025;19110101;Multas Previstas em Legislação Específica - Principal;Lançamento de Receita;101.086,12;752;Recursos Vinculados ao Trânsito;"Não ";Não Aplicável
Santa Rita;303171;SEMOB-SR - Superintendência Executiva de Mobilidade Urbana do Município de Santa Rita;052025;2025;19110101;Multas Previstas em Legislação Específica - Principal;Lançamento de Receita;114.297,73;752;Recursos Vinculados ao Trânsito;"Não ";Não Aplicável
Santa Rita;303171;SEMOB-SR - Superintendência Executiva de Mobilidade Urbana do Município de Santa Rita;042025;2025;19110101;Multas Previstas em Legislação Específica - Principal;Lançamento de Receita;148.789,72;752;Recursos Vinculados ao Trânsito;"Não ";Não Aplicável
Santa Rita;303171;SEMOB-SR - Superintendência Executiva de Mobilidade Urbana do Município de Santa Rita;032025;2025;19110101;Multas Previstas em Legislação Específica - Principal;Lançamento de Receita;118.942,92;752;Recursos Vinculados ao Trânsito;"Não ";Não Aplicável
Santa Rita;303171;SEMOB-SR - Superintendência Executiva de Mobilidade Urbana do Município de Santa Rita;022025;2025;19110101;Multas Previstas em Legislação Específica - Principal;Lançamento de Receita;114.342,59;752;Recursos Vinculados ao Trânsito;"Não ";Não Aplicável
Santa Rita;303171;SEMOB-SR - Superintendência Executiva de Mobilidade Urbana do Município de Santa Rita;012025;2025;19110101;Multas Previstas em Legislação Específica - Principal;Lançamento de Receita;131.753,66;752;Recursos Vinculados ao Trânsito;"Não ";Não Aplicável
Santa Rita;303171;SEMOB-SR - Superintendência Executiva de Mobilidade Urbana do Município de Santa Rita;122025;2025;13210101;Remuneração de Depósitos Bancários - Principal;Lançamento de Receita;7.063,52;752;Recursos Vinculados ao Trânsito;"Não ";Não Aplicável
Santa Rita;303171;SEMOB-SR - Superintendência Executiva de Mobilidade Urbana do Município de Santa Rita;122025;2025;13210101;Remuneração de Depósitos Bancários - Principal;Lançamento de Receita;405,97;501;Outros Recursos não Vinculados;"Não ";Não Aplicável
Santa Rita;303171;SEMOB-SR - Superintendência Executiva de Mobilidade Urbana do Município de Santa Rita;112025;2025;13210101;Remuneração de Depósitos Bancários - Principal;Lançamento de Receita;5.945,24;752;Recursos Vinculados ao Trânsito;"Não ";Não Aplicável
Santa Rita;303171;SEMOB-SR - Superintendência Executiva de Mobilidade Urbana do Município de Santa Rita;112025;2025;13210101;Remuneração de Depósitos Bancários - Principal;Lançamento de Receita;215,75;501;Outros Recursos não Vinculados;"Não ";Não Aplicável
Santa Rita;303171;SEMOB-SR - Superintendência Executiva de Mobilidade Urbana do Município de Santa Rita;102025;2025;13210101;Remuneração de Depósitos Bancários - Principal;Lançamento de Receita;66,66;501;Outros Recursos não Vinculados;"Não ";Não Aplicável
Santa Rita;303171;SEMOB-SR - Superintendência Executiva de Mobilidade Urbana do Município de Santa Rita;102025;2025;13210101;Remuneração de Depósitos Bancários - Principal;Lançamento de Receita;6.954,02;752;Recursos Vinculados ao Trânsito;"Não ";Não Aplicável
Santa Rita;303171;SEMOB-SR - Superintendência Executiva de Mobilidade Urbana do Município de Santa Rita;092025;2025;13210101;Remuneração de Depósitos Bancários - Principal;Lançamento de Receita;257,98;501;Outros Recursos não Vinculados;"Não ";Não Aplicável
Santa Rita;303171;SEMOB-SR - Superintendência Executiva de Mobilidade Urbana do Município de Santa Rita;092025;2025;13210101;Remuneração de Depósitos Bancários - Principal;Lançamento de Receita;6.573,74;752;Recursos Vinculados ao Trânsito;"Não ";Não Aplicável
Santa Rita;303171;SEMOB-SR - Superintendência Executiva de Mobilidade Urbana do Município de Santa Rita;082025;2025;13210101;Remuneração de Depósitos Bancários - Principal;Lançamento de Receita;6.455,11;752;Recursos Vinculados ao Trânsito;"Não ";Não Aplicável
Santa Rita;303171;SEMOB-SR - Superintendência Executiva de Mobilidade Urbana do Município de Santa Rita;082025;2025;13210101;Remuneração de Depósitos Bancários - Principal;Lançamento de Receita;159,3;501;Outros Recursos não Vinculados;"Não ";Não Aplicável
Santa Rita;303171;SEMOB-SR - Superintendência Executiva de Mobilidade Urbana do Município de Santa Rita;072025;2025;13210101;Remuneração de Depósitos Bancários - Principal;Lançamento de Receita;6.423,78;752;Recursos Vinculados ao Trânsito;"Não ";Não Aplicável
Santa Rita;303171;SEMOB-SR - Superintendência Executiva de Mobilidade Urbana do Município de Santa Rita;072025;2025;13210101;Remuneração de Depósitos Bancários - Principal;Lançamento de Receita;305,68;501;Outros Recursos não Vinculados;"Não ";Não Aplicável
Santa Rita;303171;SEMOB-SR - Superintendência Executiva de Mobilidade Urbana do Município de Santa Rita;062025;2025;13210101;Remuneração de Depósitos Bancários - Principal;Lançamento de Receita;5.011,2;752;Recursos Vinculados ao Trânsito;"Não ";Não Aplicável
Santa Rita;303171;SEMOB-SR - Superintendência Executiva de Mobilidade Urbana do Município de Santa Rita;062025;2025;13210101;Remuneração de Depósitos Bancários - Principal;Lançamento de Receita;87,14;501;Outros Recursos não Vinculados;"Não ";Não Aplicável
Santa Rita;303171;SEMOB-SR - Superintendência Executiva de Mobilidade Urbana do Município de Santa Rita;052025;2025;13210101;Remuneração de Depósitos Bancários - Principal;Lançamento de Receita;5.855,57;752;Recursos Vinculados ao Trânsito;"Não ";Não Aplicável
Santa Rita;303171;SEMOB-SR - Superintendência Executiva de Mobilidade Urbana do Município de Santa Rita;052025;2025;13210101;Remuneração de Depósitos Bancários - Principal;Lançamento de Receita;198,26;501;Outros Recursos não Vinculados;"Não ";Não Aplicável
Santa Rita;303171;SEMOB-SR - Superintendência Executiva de Mobilidade Urbana do Município de Santa Rita;042025;2025;13210101;Remuneração de Depósitos Bancários - Principal;Lançamento de Receita;5.084,28;752;Recursos Vinculados ao Trânsito;"Não ";Não Aplicável
Santa Rita;303171;SEMOB-SR - Superintendência Executiva de Mobilidade Urbana do Município de Santa Rita;042025;2025;13210101;Remuneração de Depósitos Bancários - Principal;Lançamento de Receita;162,1;501;Outros Recursos não Vinculados;"Não ";Não Aplicável
Santa Rita;303171;SEMOB-SR - Superintendência Executiva de Mobilidade Urbana do Município de Santa Rita;032025;2025;13210101;Remuneração de Depósitos Bancários - Principal;Lançamento de Receita;3.942,25;752;Recursos Vinculados ao Trânsito;"Não ";Não Aplicável
Santa Rita;303171;SEMOB-SR - Superintendência Executiva de Mobilidade Urbana do Município de Santa Rita;032025;2025;13210101;Remuneração de Depósitos Bancários - Principal;Lançamento de Receita;257,58;501;Outros Recursos não Vinculados;"Não ";Não Aplicável
Santa Rita;303171;SEMOB-SR - Superintendência Executiva de Mobilidade Urbana do Município de Santa Rita;022025;2025;13210101;Remuneração de Depósitos Bancários - Principal;Lançamento de Receita;401,03;501;Outros Recursos não Vinculados;"Não ";Não Aplicável
Santa Rita;303171;SEMOB-SR - Superintendência Executiva de Mobilidade Urbana do Município de Santa Rita;022025;2025;13210101;Remuneração de Depósitos Bancários - Principal;Lançamento de Receita;3.802,67;752;Recursos Vinculados ao Trânsito;"Não ";Não Aplicável
Santa Rita;303171;SEMOB-SR - Superintendência Executiva de Mobilidade Urbana do Município de Santa Rita;012025;2025;13210101;Remuneração de Depósitos Bancários - Principal;Lançamento de Receita;155,48;501;Outros Recursos não Vinculados;"Não ";Não Aplicável
Santa Rita;303171;SEMOB-SR - Superintendência Executiva de Mobilidade Urbana do Município de Santa Rita;012025;2025;13210101;Remuneração de Depósitos Bancários - Principal;Lançamento de Receita;3.049,99;752;Recursos Vinculados ao Trânsito;"Não ";Não Aplicável
Santa Rita;601171;Fundo Municipal de Assistência Social de Santa Rita;122025;2025;19999921;Outras Receitas Não Arrecadadas e Não Projetadas pela RFB - Primárias   - Principal;Lançamento de Receita;145,14;501;Outros Recursos não Vinculados;"Não ";Não Aplicável
Santa Rita;601171;Fundo Municipal de Assistência Social de Santa Rita;112025;2025;19999921;Outras Receitas Não Arrecadadas e Não Projetadas pela RFB - Primárias   - Principal;Lançamento de Receita;13.226,77;501;Outros Recursos não Vinculados;"Não ";Não Aplicável
Santa Rita;601171;Fundo Municipal de Assistência Social de Santa Rita;102025;2025;19999921;Outras Receitas Não Arrecadadas e Não Projetadas pela RFB - Primárias   - Principal;Lançamento de Receita;1;501;Outros Recursos não Vinculados;"Não ";Não Aplicável
Santa Rita;601171;Fundo Municipal de Assistência Social de Santa Rita;082025;2025;19229901;Outras Restituições - Principal;Lançamento de Receita;158.918,86;501;Outros Recursos não Vinculados;"Não ";Não Aplicável
Santa Rita;601171;Fundo Municipal de Assistência Social de Santa Rita;122025;2025;17165001;Transferências de Recursos do Fundo Nacional de Assistência Social – FNAS - Principal;Lançamento de Receita;639.611,56;660;Transferência de Recursos do Fundo Nacional de Assistência Social - FNAS;"Não ";Não Aplicável
Santa Rita;601171;Fundo Municipal de Assistência Social de Santa Rita;112025;2025;17165001;Transferências de Recursos do Fundo Nacional de Assistência Social – FNAS - Principal;Lançamento de Receita;199.808,29;660;Transferência de Recursos do Fundo Nacional de Assistência Social - FNAS;"Não ";Não Aplicável
Santa Rita;601171;Fundo Municipal de Assistência Social de Santa Rita;102025;2025;17165001;Transferências de Recursos do Fundo Nacional de Assistência Social – FNAS - Principal;Lançamento de Receita;2.972.286;660;Transferência de Recursos do Fundo Nacional de Assistência Social - FNAS;3110;Identificação das Transferências da União decorrentes de emendas parlamentares individuais
Santa Rita;601171;Fundo Municipal de Assistência Social de Santa Rita;102025;2025;17165001;Transferências de Recursos do Fundo Nacional de Assistência Social – FNAS - Principal;Lançamento de Receita;195.406,55;660;Transferência de Recursos do Fundo Nacional de Assistência Social - FNAS;"Não ";Não Aplicável
Santa Rita;601171;Fundo Municipal de Assistência Social de Santa Rita;092025;2025;17165001;Transferências de Recursos do Fundo Nacional de Assistência Social – FNAS - Principal;Lançamento de Receita;195.649,49;660;Transferência de Recursos do Fundo Nacional de Assistência Social - FNAS;"Não ";Não Aplicável
Santa Rita;601171;Fundo Municipal de Assistência Social de Santa Rita;082025;2025;17165001;Transferências de Recursos do Fundo Nacional de Assistência Social – FNAS - Principal;Lançamento de Receita;189.129,87;660;Transferência de Recursos do Fundo Nacional de Assistência Social - FNAS;"Não ";Não Aplicável
Santa Rita;601171;Fundo Municipal de Assistência Social de Santa Rita;072025;2025;17165001;Transferências de Recursos do Fundo Nacional de Assistência Social – FNAS - Principal;Lançamento de Receita;381.318,51;660;Transferência de Recursos do Fundo Nacional de Assistência Social - FNAS;"Não ";Não Aplicável
Santa Rita;601171;Fundo Municipal de Assistência Social de Santa Rita;062025;2025;17165001;Transferências de Recursos do Fundo Nacional de Assistência Social – FNAS - Principal;Lançamento de Receita;41.068,1;660;Transferência de Recursos do Fundo Nacional de Assistência Social - FNAS;"Não ";Não Aplicável
Santa Rita;601171;Fundo Municipal de Assistência Social de Santa Rita;052025;2025;17165001;Transferências de Recursos do Fundo Nacional de Assistência Social – FNAS - Principal;Lançamento de Receita;159.563,84;660;Transferência de Recursos do Fundo Nacional de Assistência Social - FNAS;"Não ";Não Aplicável
Santa Rita;601171;Fundo Municipal de Assistência Social de Santa Rita;042025;2025;17165001;Transferências de Recursos do Fundo Nacional de Assistência Social – FNAS - Principal;Lançamento de Receita;133.643,27;660;Transferência de Recursos do Fundo Nacional de Assistência Social - FNAS;"Não ";Não Aplicável
Santa Rita;601171;Fundo Municipal de Assistência Social de Santa Rita;032025;2025;17165001;Transferências de Recursos do Fundo Nacional de Assistência Social – FNAS - Principal;Lançamento de Receita;142.824,54;660;Transferência de Recursos do Fundo Nacional de Assistência Social - FNAS;"Não ";Não Aplicável
Santa Rita;601171;Fundo Municipal de Assistência Social de Santa Rita;022025;2025;17165001;Transferências de Recursos do Fundo Nacional de Assistência Social – FNAS - Principal;Lançamento de Receita;143.376,63;660;Transferência de Recursos do Fundo Nacional de Assistência Social - FNAS;"Não ";Não Aplicável
Santa Rita;601171;Fundo Municipal de Assistência Social de Santa Rita;012025;2025;17165001;Transferências de Recursos do Fundo Nacional de Assistência Social – FNAS - Principal;Lançamento de Receita;84.757,69;660;Transferência de Recursos do Fundo Nacional de Assistência Social - FNAS;"Não ";Não Aplicável
Santa Rita;601171;Fundo Municipal de Assistência Social de Santa Rita;122025;2025;13210101;Remuneração de Depósitos Bancários - Principal;Lançamento de Receita;49.542,69;660;Transferência de Recursos do Fundo Nacional de Assistência Social - FNAS;"Não ";Não Aplicável
Santa Rita;601171;Fundo Municipal de Assistência Social de Santa Rita;112025;2025;13210101;Remuneração de Depósitos Bancários - Principal;Lançamento de Receita;48.664,06;660;Transferência de Recursos do Fundo Nacional de Assistência Social - FNAS;"Não ";Não Aplicável
Santa Rita;601171;Fundo Municipal de Assistência Social de Santa Rita;102025;2025;13210101;Remuneração de Depósitos Bancários - Principal;Lançamento de Receita;58.267,52;660;Transferência de Recursos do Fundo Nacional de Assistência Social - FNAS;"Não ";Não Aplicável
Santa Rita;601171;Fundo Municipal de Assistência Social de Santa Rita;092025;2025;13210101;Remuneração de Depósitos Bancários - Principal;Lançamento de Receita;30.131,01;660;Transferência de Recursos do Fundo Nacional de Assistência Social - FNAS;"Não ";Não Aplicável
Santa Rita;601171;Fundo Municipal de Assistência Social de Santa Rita;082025;2025;13210101;Remuneração de Depósitos Bancários - Principal;Lançamento de Receita;28.898,53;660;Transferência de Recursos do Fundo Nacional de Assistência Social - FNAS;"Não ";Não Aplicável
Santa Rita;601171;Fundo Municipal de Assistência Social de Santa Rita;072025;2025;13210101;Remuneração de Depósitos Bancários - Principal;Lançamento de Receita;32.177,49;660;Transferência de Recursos do Fundo Nacional de Assistência Social - FNAS;"Não ";Não Aplicável
Santa Rita;601171;Fundo Municipal de Assistência Social de Santa Rita;062025;2025;13210101;Remuneração de Depósitos Bancários - Principal;Lançamento de Receita;26.100,44;660;Transferência de Recursos do Fundo Nacional de Assistência Social - FNAS;"Não ";Não Aplicável
Santa Rita;601171;Fundo Municipal de Assistência Social de Santa Rita;052025;2025;13210101;Remuneração de Depósitos Bancários - Principal;Lançamento de Receita;27.246,04;660;Transferência de Recursos do Fundo Nacional de Assistência Social - FNAS;"Não ";Não Aplicável
Santa Rita;601171;Fundo Municipal de Assistência Social de Santa Rita;042025;2025;13210101;Remuneração de Depósitos Bancários - Principal;Lançamento de Receita;26.275,59;660;Transferência de Recursos do Fundo Nacional de Assistência Social - FNAS;"Não ";Não Aplicável
Santa Rita;601171;Fundo Municipal de Assistência Social de Santa Rita;032025;2025;13210101;Remuneração de Depósitos Bancários - Principal;Lançamento de Receita;21.430,58;660;Transferência de Recursos do Fundo Nacional de Assistência Social - FNAS;"Não ";Não Aplicável
Santa Rita;601171;Fundo Municipal de Assistência Social de Santa Rita;022025;2025;13210101;Remuneração de Depósitos Bancários - Principal;Lançamento de Receita;23.820,28;660;Transferência de Recursos do Fundo Nacional de Assistência Social - FNAS;"Não ";Não Aplicável
Santa Rita;601171;Fundo Municipal de Assistência Social de Santa Rita;012025;2025;13210101;Remuneração de Depósitos Bancários - Principal;Lançamento de Receita;25.946,83;660;Transferência de Recursos do Fundo Nacional de Assistência Social - FNAS;"Não ";Não Aplicável
Santa Rita;602171;Fundo Municipal de Saúde de Santa Rita;122025;2025;19999921;Outras Receitas Não Arrecadadas e Não Projetadas pela RFB - Primárias   - Principal;Lançamento de Receita;131.496,93;501;Outros Recursos não Vinculados;"Não ";Não Aplicável
Santa Rita;602171;Fundo Municipal de Saúde de Santa Rita;112025;2025;19999921;Outras Receitas Não Arrecadadas e Não Projetadas pela RFB - Primárias   - Principal;Lançamento de Receita;148.264,61;501;Outros Recursos não Vinculados;"Não ";Não Aplicável
Santa Rita;602171;Fundo Municipal de Saúde de Santa Rita;102025;2025;19999921;Outras Receitas Não Arrecadadas e Não Projetadas pela RFB - Primárias   - Principal;Lançamento de Receita;131.496,93;501;Outros Recursos não Vinculados;"Não ";Não Aplicável
Santa Rita;602171;Fundo Municipal de Saúde de Santa Rita;092025;2025;19999921;Outras Receitas Não Arrecadadas e Não Projetadas pela RFB - Primárias   - Principal;Lançamento de Receita;131.496,93;501;Outros Recursos não Vinculados;"Não ";Não Aplicável
Santa Rita;602171;Fundo Municipal de Saúde de Santa Rita;082025;2025;19999921;Outras Receitas Não Arrecadadas e Não Projetadas pela RFB - Primárias   - Principal;Lançamento de Receita;131.496,93;501;Outros Recursos não Vinculados;"Não ";Não Aplicável
Santa Rita;602171;Fundo Municipal de Saúde de Santa Rita;072025;2025;19999921;Outras Receitas Não Arrecadadas e Não Projetadas pela RFB - Primárias   - Principal;Lançamento de Receita;131.496,93;501;Outros Recursos não Vinculados;"Não ";Não Aplicável
Santa Rita;602171;Fundo Municipal de Saúde de Santa Rita;062025;2025;19999921;Outras Receitas Não Arrecadadas e Não Projetadas pela RFB - Primárias   - Principal;Lançamento de Receita;131.496,93;501;Outros Recursos não Vinculados;"Não ";Não Aplicável
Santa Rita;602171;Fundo Municipal de Saúde de Santa Rita;052025;2025;19999921;Outras Receitas Não Arrecadadas e Não Projetadas pela RFB - Primárias   - Principal;Lançamento de Receita;134.080,7;501;Outros Recursos não Vinculados;"Não ";Não Aplicável
Santa Rita;602171;Fundo Municipal de Saúde de Santa Rita;042025;2025;19999921;Outras Receitas Não Arrecadadas e Não Projetadas pela RFB - Primárias   - Principal;Lançamento de Receita;96.901,53;501;Outros Recursos não Vinculados;"Não ";Não Aplicável
Santa Rita;602171;Fundo Municipal de Saúde de Santa Rita;032025;2025;19999921;Outras Receitas Não Arrecadadas e Não Projetadas pela RFB - Primárias   - Principal;Lançamento de Receita;97.612,29;501;Outros Recursos não Vinculados;"Não ";Não Aplicável
Santa Rita;602171;Fundo Municipal de Saúde de Santa Rita;022025;2025;19999921;Outras Receitas Não Arrecadadas e Não Projetadas pela RFB - Primárias   - Principal;Lançamento de Receita;94.317,76;501;Outros Recursos não Vinculados;"Não ";Não Aplicável
Santa Rita;602171;Fundo Municipal de Saúde de Santa Rita;122025;2025;19229901;Outras Restituições - Principal;Lançamento de Receita;14.593,4;501;Outros Recursos não Vinculados;"Não ";Não Aplicável
Santa Rita;602171;Fundo Municipal de Saúde de Santa Rita;112025;2025;19229901;Outras Restituições - Principal;Lançamento de Receita;11.319,97;501;Outros Recursos não Vinculados;"Não ";Não Aplicável
Santa Rita;602171;Fundo Municipal de Saúde de Santa Rita;102025;2025;19229901;Outras Restituições - Principal;Lançamento de Receita;11.473,1;501;Outros Recursos não Vinculados;"Não ";Não Aplicável
Santa Rita;602171;Fundo Municipal de Saúde de Santa Rita;092025;2025;19229901;Outras Restituições - Principal;Lançamento de Receita;18.621,82;501;Outros Recursos não Vinculados;"Não ";Não Aplicável
Santa Rita;602171;Fundo Municipal de Saúde de Santa Rita;082025;2025;19229901;Outras Restituições - Principal;Lançamento de Receita;15.597,08;501;Outros Recursos não Vinculados;"Não ";Não Aplicável
Santa Rita;602171;Fundo Municipal de Saúde de Santa Rita;072025;2025;19229901;Outras Restituições - Principal;Lançamento de Receita;13.658,05;501;Outros Recursos não Vinculados;"Não ";Não Aplicável
Santa Rita;602171;Fundo Municipal de Saúde de Santa Rita;062025;2025;19229901;Outras Restituições - Principal;Lançamento de Receita;8.985;501;Outros Recursos não Vinculados;"Não ";Não Aplicável
Santa Rita;602171;Fundo Municipal de Saúde de Santa Rita;052025;2025;19229901;Outras Restituições - Principal;Lançamento de Receita;16.280,61;501;Outros Recursos não Vinculados;"Não ";Não Aplicável
Santa Rita;602171;Fundo Municipal de Saúde de Santa Rita;042025;2025;19229901;Outras Restituições - Principal;Lançamento de Receita;18.834,96;501;Outros Recursos não Vinculados;"Não ";Não Aplicável
Santa Rita;602171;Fundo Municipal de Saúde de Santa Rita;032025;2025;19229901;Outras Restituições - Principal;Lançamento de Receita;8.291,13;501;Outros Recursos não Vinculados;"Não ";Não Aplicável
Santa Rita;602171;Fundo Municipal de Saúde de Santa Rita;022025;2025;19229901;Outras Restituições - Principal;Lançamento de Receita;13.403,73;501;Outros Recursos não Vinculados;"Não ";Não Aplicável
Santa Rita;602171;Fundo Municipal de Saúde de Santa Rita;012025;2025;19229901;Outras Restituições - Principal;Lançamento de Receita;5.580,49;501;Outros Recursos não Vinculados;"Não ";Não Aplicável
Santa Rita;602171;Fundo Municipal de Saúde de Santa Rita;122025;2025;17299901;Outras Transferências dos Estados e DF - Principal;Lançamento de Receita;2.453.000;710;Transferência Especial dos Estados;3210;Identificação das Transferências dos Estados decorrentes de emendas parlamentares individuais
Santa Rita;602171;Fundo Municipal de Saúde de Santa Rita;122025;2025;17135051;Transferências de Recursos do Bloco de Manutenção das Ações e Serviços Públicos de Saúde – Gestão do SUS - Principal;Lançamento de Receita;1.860.182,27;605;Assistência financeira da União destinada à complementação ao pagamento dos pisos salariais para profissionais da enfermagem;"Não ";Não Aplicável
Santa Rita;602171;Fundo Municipal de Saúde de Santa Rita;122025;2025;17135051;Transferências de Recursos do Bloco de Manutenção das Ações e Serviços Públicos de Saúde – Gestão do SUS - Principal;Lançamento de Receita;18.263,26;600;Transferências Fundo a Fundo de Recursos do SUS provenientes do Governo Federal - Bloco de Manutenção das Ações e Serviços Públicos de Saúde;"Não ";Não Aplicável
Santa Rita;602171;Fundo Municipal de Saúde de Santa Rita;112025;2025;17135051;Transferências de Recursos do Bloco de Manutenção das Ações e Serviços Públicos de Saúde – Gestão do SUS - Principal;Lançamento de Receita;634.821,42;605;Assistência financeira da União destinada à complementação ao pagamento dos pisos salariais para profissionais da enfermagem;"Não ";Não Aplicável
Santa Rita;602171;Fundo Municipal de Saúde de Santa Rita;102025;2025;17135051;Transferências de Recursos do Bloco de Manutenção das Ações e Serviços Públicos de Saúde – Gestão do SUS - Principal;Lançamento de Receita;626.342,01;605;Assistência financeira da União destinada à complementação ao pagamento dos pisos salariais para profissionais da enfermagem;"Não ";Não Aplicável
Santa Rita;602171;Fundo Municipal de Saúde de Santa Rita;082025;2025;17135051;Transferências de Recursos do Bloco de Manutenção das Ações e Serviços Públicos de Saúde – Gestão do SUS - Principal;Lançamento de Receita;619.971,71;605;Assistência financeira da União destinada à complementação ao pagamento dos pisos salariais para profissionais da enfermagem;"Não ";Não Aplicável
Santa Rita;602171;Fundo Municipal de Saúde de Santa Rita;072025;2025;17135051;Transferências de Recursos do Bloco de Manutenção das Ações e Serviços Públicos de Saúde – Gestão do SUS - Principal;Lançamento de Receita;1.254.121,65;605;Assistência financeira da União destinada à complementação ao pagamento dos pisos salariais para profissionais da enfermagem;"Não ";Não Aplicável
Santa Rita;602171;Fundo Municipal de Saúde de Santa Rita;062025;2025;17135051;Transferências de Recursos do Bloco de Manutenção das Ações e Serviços Públicos de Saúde – Gestão do SUS - Principal;Lançamento de Receita;637.696,77;605;Assistência financeira da União destinada à complementação ao pagamento dos pisos salariais para profissionais da enfermagem;"Não ";Não Aplicável
Santa Rita;602171;Fundo Municipal de Saúde de Santa Rita;052025;2025;17135051;Transferências de Recursos do Bloco de Manutenção das Ações e Serviços Públicos de Saúde – Gestão do SUS - Principal;Lançamento de Receita;31.090,74;600;Transferências Fundo a Fundo de Recursos do SUS provenientes do Governo Federal - Bloco de Manutenção das Ações e Serviços Públicos de Saúde;"Não ";Não Aplicável
Santa Rita;602171;Fundo Municipal de Saúde de Santa Rita;052025;2025;17135051;Transferências de Recursos do Bloco de Manutenção das Ações e Serviços Públicos de Saúde – Gestão do SUS - Principal;Lançamento de Receita;620.067,38;605;Assistência financeira da União destinada à complementação ao pagamento dos pisos salariais para profissionais da enfermagem;"Não ";Não Aplicável
Santa Rita;602171;Fundo Municipal de Saúde de Santa Rita;042025;2025;17135051;Transferências de Recursos do Bloco de Manutenção das Ações e Serviços Públicos de Saúde – Gestão do SUS - Principal;Lançamento de Receita;613.338,29;605;Assistência financeira da União destinada à complementação ao pagamento dos pisos salariais para profissionais da enfermagem;"Não ";Não Aplicável
Santa Rita;602171;Fundo Municipal de Saúde de Santa Rita;032025;2025;17135051;Transferências de Recursos do Bloco de Manutenção das Ações e Serviços Públicos de Saúde – Gestão do SUS - Principal;Lançamento de Receita;583.887,47;605;Assistência financeira da União destinada à complementação ao pagamento dos pisos salariais para profissionais da enfermagem;"Não ";Não Aplicável
Santa Rita;602171;Fundo Municipal de Saúde de Santa Rita;022025;2025;17135051;Transferências de Recursos do Bloco de Manutenção das Ações e Serviços Públicos de Saúde – Gestão do SUS - Principal;Lançamento de Receita;526.786,73;605;Assistência financeira da União destinada à complementação ao pagamento dos pisos salariais para profissionais da enfermagem;"Não ";Não Aplicável
Santa Rita;602171;Fundo Municipal de Saúde de Santa Rita;012025;2025;17135051;Transferências de Recursos do Bloco de Manutenção das Ações e Serviços Públicos de Saúde – Gestão do SUS - Principal;Lançamento de Receita;512.636,49;605;Assistência financeira da União destinada à complementação ao pagamento dos pisos salariais para profissionais da enfermagem;"Não ";Não Aplicável
Santa Rita;602171;Fundo Municipal de Saúde de Santa Rita;122025;2025;17135041;Transferências de Recursos do Bloco de Manutenção das Ações e Serviços Públicos de Saúde – Assistência Farmacêutica - Principal;Lançamento de Receita;144.413,33;600;Transferências Fundo a Fundo de Recursos do SUS provenientes do Governo Federal - Bloco de Manutenção das Ações e Serviços Públicos de Saúde;"Não ";Não Aplicável
Santa Rita;602171;Fundo Municipal de Saúde de Santa Rita;112025;2025;17135041;Transferências de Recursos do Bloco de Manutenção das Ações e Serviços Públicos de Saúde – Assistência Farmacêutica - Principal;Lançamento de Receita;150.413,33;600;Transferências Fundo a Fundo de Recursos do SUS provenientes do Governo Federal - Bloco de Manutenção das Ações e Serviços Públicos de Saúde;"Não ";Não Aplicável
Santa Rita;602171;Fundo Municipal de Saúde de Santa Rita;102025;2025;17135041;Transferências de Recursos do Bloco de Manutenção das Ações e Serviços Públicos de Saúde – Assistência Farmacêutica - Principal;Lançamento de Receita;188.015,76;600;Transferências Fundo a Fundo de Recursos do SUS provenientes do Governo Federal - Bloco de Manutenção das Ações e Serviços Públicos de Saúde;"Não ";Não Aplicável
Santa Rita;602171;Fundo Municipal de Saúde de Santa Rita;092025;2025;17135041;Transferências de Recursos do Bloco de Manutenção das Ações e Serviços Públicos de Saúde – Assistência Farmacêutica - Principal;Lançamento de Receita;196.756,9;600;Transferências Fundo a Fundo de Recursos do SUS provenientes do Governo Federal - Bloco de Manutenção das Ações e Serviços Públicos de Saúde;"Não ";Não Aplicável
Santa Rita;602171;Fundo Municipal de Saúde de Santa Rita;082025;2025;17135041;Transferências de Recursos do Bloco de Manutenção das Ações e Serviços Públicos de Saúde – Assistência Farmacêutica - Principal;Lançamento de Receita;219.368,45;600;Transferências Fundo a Fundo de Recursos do SUS provenientes do Governo Federal - Bloco de Manutenção das Ações e Serviços Públicos de Saúde;"Não ";Não Aplicável
Santa Rita;602171;Fundo Municipal de Saúde de Santa Rita;072025;2025;17135041;Transferências de Recursos do Bloco de Manutenção das Ações e Serviços Públicos de Saúde – Assistência Farmacêutica - Principal;Lançamento de Receita;144.413,33;600;Transferências Fundo a Fundo de Recursos do SUS provenientes do Governo Federal - Bloco de Manutenção das Ações e Serviços Públicos de Saúde;"Não ";Não Aplicável
Santa Rita;602171;Fundo Municipal de Saúde de Santa Rita;062025;2025;17135041;Transferências de Recursos do Bloco de Manutenção das Ações e Serviços Públicos de Saúde – Assistência Farmacêutica - Principal;Lançamento de Receita;131.920,81;600;Transferências Fundo a Fundo de Recursos do SUS provenientes do Governo Federal - Bloco de Manutenção das Ações e Serviços Públicos de Saúde;"Não ";Não Aplicável
Santa Rita;602171;Fundo Municipal de Saúde de Santa Rita;052025;2025;17135041;Transferências de Recursos do Bloco de Manutenção das Ações e Serviços Públicos de Saúde – Assistência Farmacêutica - Principal;Lançamento de Receita;137.920,81;600;Transferências Fundo a Fundo de Recursos do SUS provenientes do Governo Federal - Bloco de Manutenção das Ações e Serviços Públicos de Saúde;"Não ";Não Aplicável
Santa Rita;602171;Fundo Municipal de Saúde de Santa Rita;042025;2025;17135041;Transferências de Recursos do Bloco de Manutenção das Ações e Serviços Públicos de Saúde – Assistência Farmacêutica - Principal;Lançamento de Receita;131.920,81;600;Transferências Fundo a Fundo de Recursos do SUS provenientes do Governo Federal - Bloco de Manutenção das Ações e Serviços Públicos de Saúde;"Não ";Não Aplicável
Santa Rita;602171;Fundo Municipal de Saúde de Santa Rita;032025;2025;17135041;Transferências de Recursos do Bloco de Manutenção das Ações e Serviços Públicos de Saúde – Assistência Farmacêutica - Principal;Lançamento de Receita;131.920,81;600;Transferências Fundo a Fundo de Recursos do SUS provenientes do Governo Federal - Bloco de Manutenção das Ações e Serviços Públicos de Saúde;"Não ";Não Aplicável
Santa Rita;602171;Fundo Municipal de Saúde de Santa Rita;022025;2025;17135041;Transferências de Recursos do Bloco de Manutenção das Ações e Serviços Públicos de Saúde – Assistência Farmacêutica - Principal;Lançamento de Receita;131.920,81;600;Transferências Fundo a Fundo de Recursos do SUS provenientes do Governo Federal - Bloco de Manutenção das Ações e Serviços Públicos de Saúde;"Não ";Não Aplicável
Santa Rita;602171;Fundo Municipal de Saúde de Santa Rita;012025;2025;17135041;Transferências de Recursos do Bloco de Manutenção das Ações e Serviços Públicos de Saúde – Assistência Farmacêutica - Principal;Lançamento de Receita;137.920,81;600;Transferências Fundo a Fundo de Recursos do SUS provenientes do Governo Federal - Bloco de Manutenção das Ações e Serviços Públicos de Saúde;"Não ";Não Aplicável
Santa Rita;602171;Fundo Municipal de Saúde de Santa Rita;122025;2025;17135031;Transferências de Recursos do Bloco de Manutenção das Ações e Serviços Públicos de Saúde – Vigilância em Saúde - Principal;Lançamento de Receita;652.166,62;600;Transferências Fundo a Fundo de Recursos do SUS provenientes do Governo Federal - Bloco de Manutenção das Ações e Serviços Públicos de Saúde;"Não ";Não Aplicável
Santa Rita;602171;Fundo Municipal de Saúde de Santa Rita;112025;2025;17135031;Transferências de Recursos do Bloco de Manutenção das Ações e Serviços Públicos de Saúde – Vigilância em Saúde - Principal;Lançamento de Receita;298.067,88;600;Transferências Fundo a Fundo de Recursos do SUS provenientes do Governo Federal - Bloco de Manutenção das Ações e Serviços Públicos de Saúde;"Não ";Não Aplicável
Santa Rita;602171;Fundo Municipal de Saúde de Santa Rita;102025;2025;17135031;Transferências de Recursos do Bloco de Manutenção das Ações e Serviços Públicos de Saúde – Vigilância em Saúde - Principal;Lançamento de Receita;290.110,88;600;Transferências Fundo a Fundo de Recursos do SUS provenientes do Governo Federal - Bloco de Manutenção das Ações e Serviços Públicos de Saúde;"Não ";Não Aplicável
Santa Rita;602171;Fundo Municipal de Saúde de Santa Rita;092025;2025;17135031;Transferências de Recursos do Bloco de Manutenção das Ações e Serviços Públicos de Saúde – Vigilância em Saúde - Principal;Lançamento de Receita;298.067,88;600;Transferências Fundo a Fundo de Recursos do SUS provenientes do Governo Federal - Bloco de Manutenção das Ações e Serviços Públicos de Saúde;"Não ";Não Aplicável
Santa Rita;602171;Fundo Municipal de Saúde de Santa Rita;082025;2025;17135031;Transferências de Recursos do Bloco de Manutenção das Ações e Serviços Públicos de Saúde – Vigilância em Saúde - Principal;Lançamento de Receita;306.024,88;600;Transferências Fundo a Fundo de Recursos do SUS provenientes do Governo Federal - Bloco de Manutenção das Ações e Serviços Públicos de Saúde;"Não ";Não Aplicável
Santa Rita;602171;Fundo Municipal de Saúde de Santa Rita;072025;2025;17135031;Transferências de Recursos do Bloco de Manutenção das Ações e Serviços Públicos de Saúde – Vigilância em Saúde - Principal;Lançamento de Receita;343.216,82;600;Transferências Fundo a Fundo de Recursos do SUS provenientes do Governo Federal - Bloco de Manutenção das Ações e Serviços Públicos de Saúde;"Não ";Não Aplicável
Santa Rita;602171;Fundo Municipal de Saúde de Santa Rita;062025;2025;17135031;Transferências de Recursos do Bloco de Manutenção das Ações e Serviços Públicos de Saúde – Vigilância em Saúde - Principal;Lançamento de Receita;284.746,94;600;Transferências Fundo a Fundo de Recursos do SUS provenientes do Governo Federal - Bloco de Manutenção das Ações e Serviços Públicos de Saúde;"Não ";Não Aplicável
Santa Rita;602171;Fundo Municipal de Saúde de Santa Rita;052025;2025;17135031;Transferências de Recursos do Bloco de Manutenção das Ações e Serviços Públicos de Saúde – Vigilância em Saúde - Principal;Lançamento de Receita;290.110,88;600;Transferências Fundo a Fundo de Recursos do SUS provenientes do Governo Federal - Bloco de Manutenção das Ações e Serviços Públicos de Saúde;"Não ";Não Aplicável
Santa Rita;602171;Fundo Municipal de Saúde de Santa Rita;042025;2025;17135031;Transferências de Recursos do Bloco de Manutenção das Ações e Serviços Públicos de Saúde – Vigilância em Saúde - Principal;Lançamento de Receita;377.142,87;600;Transferências Fundo a Fundo de Recursos do SUS provenientes do Governo Federal - Bloco de Manutenção das Ações e Serviços Públicos de Saúde;"Não ";Não Aplicável
Santa Rita;602171;Fundo Municipal de Saúde de Santa Rita;032025;2025;17135031;Transferências de Recursos do Bloco de Manutenção das Ações e Serviços Públicos de Saúde – Vigilância em Saúde - Principal;Lançamento de Receita;290.110,88;600;Transferências Fundo a Fundo de Recursos do SUS provenientes do Governo Federal - Bloco de Manutenção das Ações e Serviços Públicos de Saúde;"Não ";Não Aplicável
Santa Rita;602171;Fundo Municipal de Saúde de Santa Rita;022025;2025;17135031;Transferências de Recursos do Bloco de Manutenção das Ações e Serviços Públicos de Saúde – Vigilância em Saúde - Principal;Lançamento de Receita;290.110,88;600;Transferências Fundo a Fundo de Recursos do SUS provenientes do Governo Federal - Bloco de Manutenção das Ações e Serviços Públicos de Saúde;"Não ";Não Aplicável
Santa Rita;602171;Fundo Municipal de Saúde de Santa Rita;012025;2025;17135031;Transferências de Recursos do Bloco de Manutenção das Ações e Serviços Públicos de Saúde – Vigilância em Saúde - Principal;Lançamento de Receita;279.983,08;600;Transferências Fundo a Fundo de Recursos do SUS provenientes do Governo Federal - Bloco de Manutenção das Ações e Serviços Públicos de Saúde;"Não ";Não Aplicável
Santa Rita;602171;Fundo Municipal de Saúde de Santa Rita;122025;2025;17135021;Transferências de Recursos do Bloco de Manutenção das Ações e Serviços Públicos de Saúde – Atenção Especializada - Principal;Lançamento de Receita;20.953.253,18;600;Transferências Fundo a Fundo de Recursos do SUS provenientes do Governo Federal - Bloco de Manutenção das Ações e Serviços Públicos de Saúde;"Não ";Não Aplicável
Santa Rita;602171;Fundo Municipal de Saúde de Santa Rita;112025;2025;17135021;Transferências de Recursos do Bloco de Manutenção das Ações e Serviços Públicos de Saúde – Atenção Especializada - Principal;Lançamento de Receita;1.301.423,11;600;Transferências Fundo a Fundo de Recursos do SUS provenientes do Governo Federal - Bloco de Manutenção das Ações e Serviços Públicos de Saúde;"Não ";Não Aplicável
Santa Rita;602171;Fundo Municipal de Saúde de Santa Rita;102025;2025;17135021;Transferências de Recursos do Bloco de Manutenção das Ações e Serviços Públicos de Saúde – Atenção Especializada - Principal;Lançamento de Receita;1.316.359,65;600;Transferências Fundo a Fundo de Recursos do SUS provenientes do Governo Federal - Bloco de Manutenção das Ações e Serviços Públicos de Saúde;"Não ";Não Aplicável
Santa Rita;602171;Fundo Municipal de Saúde de Santa Rita;092025;2025;17135021;Transferências de Recursos do Bloco de Manutenção das Ações e Serviços Públicos de Saúde – Atenção Especializada - Principal;Lançamento de Receita;6.401.891,83;600;Transferências Fundo a Fundo de Recursos do SUS provenientes do Governo Federal - Bloco de Manutenção das Ações e Serviços Públicos de Saúde;"Não ";Não Aplicável
Santa Rita;602171;Fundo Municipal de Saúde de Santa Rita;082025;2025;17135021;Transferências de Recursos do Bloco de Manutenção das Ações e Serviços Públicos de Saúde – Atenção Especializada - Principal;Lançamento de Receita;1.290.829,35;600;Transferências Fundo a Fundo de Recursos do SUS provenientes do Governo Federal - Bloco de Manutenção das Ações e Serviços Públicos de Saúde;"Não ";Não Aplicável
Santa Rita;602171;Fundo Municipal de Saúde de Santa Rita;072025;2025;17135021;Transferências de Recursos do Bloco de Manutenção das Ações e Serviços Públicos de Saúde – Atenção Especializada - Principal;Lançamento de Receita;1.797.110,75;600;Transferências Fundo a Fundo de Recursos do SUS provenientes do Governo Federal - Bloco de Manutenção das Ações e Serviços Públicos de Saúde;"Não ";Não Aplicável
Santa Rita;602171;Fundo Municipal de Saúde de Santa Rita;062025;2025;17135021;Transferências de Recursos do Bloco de Manutenção das Ações e Serviços Públicos de Saúde – Atenção Especializada - Principal;Lançamento de Receita;1.684.081,63;600;Transferências Fundo a Fundo de Recursos do SUS provenientes do Governo Federal - Bloco de Manutenção das Ações e Serviços Públicos de Saúde;"Não ";Não Aplicável
Santa Rita;602171;Fundo Municipal de Saúde de Santa Rita;052025;2025;17135021;Transferências de Recursos do Bloco de Manutenção das Ações e Serviços Públicos de Saúde – Atenção Especializada - Principal;Lançamento de Receita;1.298.060,69;600;Transferências Fundo a Fundo de Recursos do SUS provenientes do Governo Federal - Bloco de Manutenção das Ações e Serviços Públicos de Saúde;"Não ";Não Aplicável
Santa Rita;602171;Fundo Municipal de Saúde de Santa Rita;042025;2025;17135021;Transferências de Recursos do Bloco de Manutenção das Ações e Serviços Públicos de Saúde – Atenção Especializada - Principal;Lançamento de Receita;3.187.256,33;600;Transferências Fundo a Fundo de Recursos do SUS provenientes do Governo Federal - Bloco de Manutenção das Ações e Serviços Públicos de Saúde;"Não ";Não Aplicável
Santa Rita;602171;Fundo Municipal de Saúde de Santa Rita;032025;2025;17135021;Transferências de Recursos do Bloco de Manutenção das Ações e Serviços Públicos de Saúde – Atenção Especializada - Principal;Lançamento de Receita;1.360.126,72;600;Transferências Fundo a Fundo de Recursos do SUS provenientes do Governo Federal - Bloco de Manutenção das Ações e Serviços Públicos de Saúde;"Não ";Não Aplicável
Santa Rita;602171;Fundo Municipal de Saúde de Santa Rita;022025;2025;17135021;Transferências de Recursos do Bloco de Manutenção das Ações e Serviços Públicos de Saúde – Atenção Especializada - Principal;Lançamento de Receita;1.342.081,4;600;Transferências Fundo a Fundo de Recursos do SUS provenientes do Governo Federal - Bloco de Manutenção das Ações e Serviços Públicos de Saúde;"Não ";Não Aplicável
Santa Rita;602171;Fundo Municipal de Saúde de Santa Rita;012025;2025;17135021;Transferências de Recursos do Bloco de Manutenção das Ações e Serviços Públicos de Saúde – Atenção Especializada - Principal;Lançamento de Receita;1.413.198,85;600;Transferências Fundo a Fundo de Recursos do SUS provenientes do Governo Federal - Bloco de Manutenção das Ações e Serviços Públicos de Saúde;"Não ";Não Aplicável
Santa Rita;602171;Fundo Municipal de Saúde de Santa Rita;122025;2025;17135011;Transferências de Recursos do Bloco de Manutenção das Ações e Serviços Públicos de Saúde – Atenção Primária - Principal;Lançamento de Receita;9.500.086,13;600;Transferências Fundo a Fundo de Recursos do SUS provenientes do Governo Federal - Bloco de Manutenção das Ações e Serviços Públicos de Saúde;"Não ";Não Aplicável
Santa Rita;602171;Fundo Municipal de Saúde de Santa Rita;122025;2025;17135011;Transferências de Recursos do Bloco de Manutenção das Ações e Serviços Públicos de Saúde – Atenção Primária - Principal;Lançamento de Receita;1.521.036;604;Transferências provenientes do Governo Federal destinadas ao vencimento dos agentes comunitários de saúde e dos agentes de combate às endemias;"Não ";Não Aplicável
Santa Rita;602171;Fundo Municipal de Saúde de Santa Rita;112025;2025;17135011;Transferências de Recursos do Bloco de Manutenção das Ações e Serviços Públicos de Saúde – Atenção Primária - Principal;Lançamento de Receita;759.000;604;Transferências provenientes do Governo Federal destinadas ao vencimento dos agentes comunitários de saúde e dos agentes de combate às endemias;"Não ";Não Aplicável
Santa Rita;602171;Fundo Municipal de Saúde de Santa Rita;112025;2025;17135011;Transferências de Recursos do Bloco de Manutenção das Ações e Serviços Públicos de Saúde – Atenção Primária - Principal;Lançamento de Receita;1.500.086,13;600;Transferências Fundo a Fundo de Recursos do SUS provenientes do Governo Federal - Bloco de Manutenção das Ações e Serviços Públicos de Saúde;"Não ";Não Aplicável
Santa Rita;602171;Fundo Municipal de Saúde de Santa Rita;102025;2025;17135011;Transferências de Recursos do Bloco de Manutenção das Ações e Serviços Públicos de Saúde – Atenção Primária - Principal;Lançamento de Receita;1.491.971,38;600;Transferências Fundo a Fundo de Recursos do SUS provenientes do Governo Federal - Bloco de Manutenção das Ações e Serviços Públicos de Saúde;"Não ";Não Aplicável
Santa Rita;602171;Fundo Municipal de Saúde de Santa Rita;102025;2025;17135011;Transferências de Recursos do Bloco de Manutenção das Ações e Serviços Públicos de Saúde – Atenção Primária - Principal;Lançamento de Receita;762.036;604;Transferências provenientes do Governo Federal destinadas ao vencimento dos agentes comunitários de saúde e dos agentes de combate às endemias;"Não ";Não Aplicável
Santa Rita;602171;Fundo Municipal de Saúde de Santa Rita;092025;2025;17135011;Transferências de Recursos do Bloco de Manutenção das Ações e Serviços Públicos de Saúde – Atenção Primária - Principal;Lançamento de Receita;2.696.780,08;600;Transferências Fundo a Fundo de Recursos do SUS provenientes do Governo Federal - Bloco de Manutenção das Ações e Serviços Públicos de Saúde;"Não ";Não Aplicável
Santa Rita;602171;Fundo Municipal de Saúde de Santa Rita;092025;2025;17135011;Transferências de Recursos do Bloco de Manutenção das Ações e Serviços Públicos de Saúde – Atenção Primária - Principal;Lançamento de Receita;762.036;604;Transferências provenientes do Governo Federal destinadas ao vencimento dos agentes comunitários de saúde e dos agentes de combate às endemias;"Não ";Não Aplicável
Santa Rita;602171;Fundo Municipal de Saúde de Santa Rita;082025;2025;17135011;Transferências de Recursos do Bloco de Manutenção das Ações e Serviços Públicos de Saúde – Atenção Primária - Principal;Lançamento de Receita;1.431.777,13;600;Transferências Fundo a Fundo de Recursos do SUS provenientes do Governo Federal - Bloco de Manutenção das Ações e Serviços Públicos de Saúde;"Não ";Não Aplicável
Santa Rita;602171;Fundo Municipal de Saúde de Santa Rita;082025;2025;17135011;Transferências de Recursos do Bloco de Manutenção das Ações e Serviços Públicos de Saúde – Atenção Primária - Principal;Lançamento de Receita;762.036;604;Transferências provenientes do Governo Federal destinadas ao vencimento dos agentes comunitários de saúde e dos agentes de combate às endemias;"Não ";Não Aplicável
Santa Rita;602171;Fundo Municipal de Saúde de Santa Rita;072025;2025;17135011;Transferências de Recursos do Bloco de Manutenção das Ações e Serviços Públicos de Saúde – Atenção Primária - Principal;Lançamento de Receita;1.540.517,61;600;Transferências Fundo a Fundo de Recursos do SUS provenientes do Governo Federal - Bloco de Manutenção das Ações e Serviços Públicos de Saúde;"Não ";Não Aplicável
Santa Rita;602171;Fundo Municipal de Saúde de Santa Rita;072025;2025;17135011;Transferências de Recursos do Bloco de Manutenção das Ações e Serviços Públicos de Saúde – Atenção Primária - Principal;Lançamento de Receita;762.036;604;Transferências provenientes do Governo Federal destinadas ao vencimento dos agentes comunitários de saúde e dos agentes de combate às endemias;"Não ";Não Aplicável
Santa Rita;602171;Fundo Municipal de Saúde de Santa Rita;062025;2025;17135011;Transferências de Recursos do Bloco de Manutenção das Ações e Serviços Públicos de Saúde – Atenção Primária - Principal;Lançamento de Receita;1.474.571,63;600;Transferências Fundo a Fundo de Recursos do SUS provenientes do Governo Federal - Bloco de Manutenção das Ações e Serviços Públicos de Saúde;"Não ";Não Aplicável
Santa Rita;602171;Fundo Municipal de Saúde de Santa Rita;062025;2025;17135011;Transferências de Recursos do Bloco de Manutenção das Ações e Serviços Públicos de Saúde – Atenção Primária - Principal;Lançamento de Receita;762.036;604;Transferências provenientes do Governo Federal destinadas ao vencimento dos agentes comunitários de saúde e dos agentes de combate às endemias;"Não ";Não Aplicável
Santa Rita;602171;Fundo Municipal de Saúde de Santa Rita;052025;2025;17135011;Transferências de Recursos do Bloco de Manutenção das Ações e Serviços Públicos de Saúde – Atenção Primária - Principal;Lançamento de Receita;1.598.863,63;600;Transferências Fundo a Fundo de Recursos do SUS provenientes do Governo Federal - Bloco de Manutenção das Ações e Serviços Públicos de Saúde;"Não ";Não Aplicável
Santa Rita;602171;Fundo Municipal de Saúde de Santa Rita;052025;2025;17135011;Transferências de Recursos do Bloco de Manutenção das Ações e Serviços Públicos de Saúde – Atenção Primária - Principal;Lançamento de Receita;762.036;604;Transferências provenientes do Governo Federal destinadas ao vencimento dos agentes comunitários de saúde e dos agentes de combate às endemias;"Não ";Não Aplicável
Santa Rita;602171;Fundo Municipal de Saúde de Santa Rita;042025;2025;17135011;Transferências de Recursos do Bloco de Manutenção das Ações e Serviços Públicos de Saúde – Atenção Primária - Principal;Lançamento de Receita;1.426.278,88;600;Transferências Fundo a Fundo de Recursos do SUS provenientes do Governo Federal - Bloco de Manutenção das Ações e Serviços Públicos de Saúde;"Não ";Não Aplicável
Santa Rita;602171;Fundo Municipal de Saúde de Santa Rita;042025;2025;17135011;Transferências de Recursos do Bloco de Manutenção das Ações e Serviços Públicos de Saúde – Atenção Primária - Principal;Lançamento de Receita;762.036;604;Transferências provenientes do Governo Federal destinadas ao vencimento dos agentes comunitários de saúde e dos agentes de combate às endemias;"Não ";Não Aplicável
Santa Rita;602171;Fundo Municipal de Saúde de Santa Rita;032025;2025;17135011;Transferências de Recursos do Bloco de Manutenção das Ações e Serviços Públicos de Saúde – Atenção Primária - Principal;Lançamento de Receita;755.964;604;Transferências provenientes do Governo Federal destinadas ao vencimento dos agentes comunitários de saúde e dos agentes de combate às endemias;"Não ";Não Aplicável
Santa Rita;602171;Fundo Municipal de Saúde de Santa Rita;032025;2025;17135011;Transferências de Recursos do Bloco de Manutenção das Ações e Serviços Públicos de Saúde – Atenção Primária - Principal;Lançamento de Receita;1.196.157,13;600;Transferências Fundo a Fundo de Recursos do SUS provenientes do Governo Federal - Bloco de Manutenção das Ações e Serviços Públicos de Saúde;"Não ";Não Aplicável
Santa Rita;602171;Fundo Municipal de Saúde de Santa Rita;022025;2025;17135011;Transferências de Recursos do Bloco de Manutenção das Ações e Serviços Públicos de Saúde – Atenção Primária - Principal;Lançamento de Receita;1.285.757,88;600;Transferências Fundo a Fundo de Recursos do SUS provenientes do Governo Federal - Bloco de Manutenção das Ações e Serviços Públicos de Saúde;"Não ";Não Aplicável
Santa Rita;602171;Fundo Municipal de Saúde de Santa Rita;022025;2025;17135011;Transferências de Recursos do Bloco de Manutenção das Ações e Serviços Públicos de Saúde – Atenção Primária - Principal;Lançamento de Receita;755.964;604;Transferências provenientes do Governo Federal destinadas ao vencimento dos agentes comunitários de saúde e dos agentes de combate às endemias;"Não ";Não Aplicável
Santa Rita;602171;Fundo Municipal de Saúde de Santa Rita;012025;2025;17135011;Transferências de Recursos do Bloco de Manutenção das Ações e Serviços Públicos de Saúde – Atenção Primária - Principal;Lançamento de Receita;1.672.297,75;600;Transferências Fundo a Fundo de Recursos do SUS provenientes do Governo Federal - Bloco de Manutenção das Ações e Serviços Públicos de Saúde;"Não ";Não Aplicável
Santa Rita;602171;Fundo Municipal de Saúde de Santa Rita;012025;2025;17135011;Transferências de Recursos do Bloco de Manutenção das Ações e Serviços Públicos de Saúde – Atenção Primária - Principal;Lançamento de Receita;755.964;604;Transferências provenientes do Governo Federal destinadas ao vencimento dos agentes comunitários de saúde e dos agentes de combate às endemias;"Não ";Não Aplicável
Santa Rita;602171;Fundo Municipal de Saúde de Santa Rita;122025;2025;13210101;Remuneração de Depósitos Bancários - Principal;Lançamento de Receita;376.622,67;500;Recursos não vinculados de Impostos;1002;Identificação das despesas com ações e serviços públicos de saúde
Santa Rita;602171;Fundo Municipal de Saúde de Santa Rita;112025;2025;13210101;Remuneração de Depósitos Bancários - Principal;Lançamento de Receita;180.402,51;500;Recursos não vinculados de Impostos;1002;Identificação das despesas com ações e serviços públicos de saúde
Santa Rita;602171;Fundo Municipal de Saúde de Santa Rita;102025;2025;13210101;Remuneração de Depósitos Bancários - Principal;Lançamento de Receita;218.104,14;500;Recursos não vinculados de Impostos;1002;Identificação das despesas com ações e serviços públicos de saúde
Santa Rita;602171;Fundo Municipal de Saúde de Santa Rita;092025;2025;13210101;Remuneração de Depósitos Bancários - Principal;Lançamento de Receita;214.746,66;500;Recursos não vinculados de Impostos;1002;Identificação das despesas com ações e serviços públicos de saúde
Santa Rita;602171;Fundo Municipal de Saúde de Santa Rita;082025;2025;13210101;Remuneração de Depósitos Bancários - Principal;Lançamento de Receita;137.176,54;500;Recursos não vinculados de Impostos;1002;Identificação das despesas com ações e serviços públicos de saúde
Santa Rita;602171;Fundo Municipal de Saúde de Santa Rita;072025;2025;13210101;Remuneração de Depósitos Bancários - Principal;Lançamento de Receita;134.116,26;500;Recursos não vinculados de Impostos;1002;Identificação das despesas com ações e serviços públicos de saúde
Santa Rita;602171;Fundo Municipal de Saúde de Santa Rita;062025;2025;13210101;Remuneração de Depósitos Bancários - Principal;Lançamento de Receita;113.144,47;500;Recursos não vinculados de Impostos;1002;Identificação das despesas com ações e serviços públicos de saúde
Santa Rita;602171;Fundo Municipal de Saúde de Santa Rita;052025;2025;13210101;Remuneração de Depósitos Bancários - Principal;Lançamento de Receita;113.947,23;500;Recursos não vinculados de Impostos;1002;Identificação das despesas com ações e serviços públicos de saúde
Santa Rita;602171;Fundo Municipal de Saúde de Santa Rita;042025;2025;13210101;Remuneração de Depósitos Bancários - Principal;Lançamento de Receita;107.354,25;500;Recursos não vinculados de Impostos;1002;Identificação das despesas com ações e serviços públicos de saúde
Santa Rita;602171;Fundo Municipal de Saúde de Santa Rita;032025;2025;13210101;Remuneração de Depósitos Bancários - Principal;Lançamento de Receita;77.059,74;500;Recursos não vinculados de Impostos;1002;Identificação das despesas com ações e serviços públicos de saúde
Santa Rita;602171;Fundo Municipal de Saúde de Santa Rita;022025;2025;13210101;Remuneração de Depósitos Bancários - Principal;Lançamento de Receita;83.424,8;500;Recursos não vinculados de Impostos;1002;Identificação das despesas com ações e serviços públicos de saúde
Santa Rita;602171;Fundo Municipal de Saúde de Santa Rita;012025;2025;13210101;Remuneração de Depósitos Bancários - Principal;Lançamento de Receita;75.289,4;500;Recursos não vinculados de Impostos;1002;Identificação das despesas com ações e serviços públicos de saúde
Santa Rita;603171;Fundo Municipal de Defesa e Desenvolvimento Ambiental;112025;2025;19999921;Outras Receitas Não Arrecadadas e Não Projetadas pela RFB - Primárias   - Principal;Lançamento de Receita;24.303,12;759;Recursos vinculados a fundos;"Não ";Não Aplicável
Santa Rita;603171;Fundo Municipal de Defesa e Desenvolvimento Ambiental;102025;2025;19999921;Outras Receitas Não Arrecadadas e Não Projetadas pela RFB - Primárias   - Principal;Lançamento de Receita;25.209,61;759;Recursos vinculados a fundos;"Não ";Não Aplicável
Santa Rita;603171;Fundo Municipal de Defesa e Desenvolvimento Ambiental;092025;2025;19999921;Outras Receitas Não Arrecadadas e Não Projetadas pela RFB - Primárias   - Principal;Lançamento de Receita;17.477,14;759;Recursos vinculados a fundos;"Não ";Não Aplicável
Santa Rita;603171;Fundo Municipal de Defesa e Desenvolvimento Ambiental;082025;2025;19999921;Outras Receitas Não Arrecadadas e Não Projetadas pela RFB - Primárias   - Principal;Lançamento de Receita;18.854,13;759;Recursos vinculados a fundos;"Não ";Não Aplicável
Santa Rita;603171;Fundo Municipal de Defesa e Desenvolvimento Ambiental;072025;2025;19999921;Outras Receitas Não Arrecadadas e Não Projetadas pela RFB - Primárias   - Principal;Lançamento de Receita;15.874,87;759;Recursos vinculados a fundos;"Não ";Não Aplicável
Santa Rita;603171;Fundo Municipal de Defesa e Desenvolvimento Ambiental;062025;2025;19999921;Outras Receitas Não Arrecadadas e Não Projetadas pela RFB - Primárias   - Principal;Lançamento de Receita;17.544,11;759;Recursos vinculados a fundos;"Não ";Não Aplicável
Santa Rita;603171;Fundo Municipal de Defesa e Desenvolvimento Ambiental;052025;2025;19999921;Outras Receitas Não Arrecadadas e Não Projetadas pela RFB - Primárias   - Principal;Lançamento de Receita;34.972,26;759;Recursos vinculados a fundos;"Não ";Não Aplicável
Santa Rita;603171;Fundo Municipal de Defesa e Desenvolvimento Ambiental;042025;2025;19999921;Outras Receitas Não Arrecadadas e Não Projetadas pela RFB - Primárias   - Principal;Lançamento de Receita;15.620,24;759;Recursos vinculados a fundos;"Não ";Não Aplicável
Santa Rita;603171;Fundo Municipal de Defesa e Desenvolvimento Ambiental;032025;2025;19999921;Outras Receitas Não Arrecadadas e Não Projetadas pela RFB - Primárias   - Principal;Lançamento de Receita;15.157,28;759;Recursos vinculados a fundos;"Não ";Não Aplicável
Santa Rita;603171;Fundo Municipal de Defesa e Desenvolvimento Ambiental;022025;2025;19999921;Outras Receitas Não Arrecadadas e Não Projetadas pela RFB - Primárias   - Principal;Lançamento de Receita;17.060,43;759;Recursos vinculados a fundos;"Não ";Não Aplicável
Santa Rita;603171;Fundo Municipal de Defesa e Desenvolvimento Ambiental;122025;2025;13210101;Remuneração de Depósitos Bancários - Principal;Lançamento de Receita;2.381,32;501;Outros Recursos não Vinculados;"Não ";Não Aplicável
Santa Rita;603171;Fundo Municipal de Defesa e Desenvolvimento Ambiental;122025;2025;13210101;Remuneração de Depósitos Bancários - Principal;Lançamento de Receita;3.024,08;759;Recursos vinculados a fundos;"Não ";Não Aplicável
Santa Rita;603171;Fundo Municipal de Defesa e Desenvolvimento Ambiental;112025;2025;13210101;Remuneração de Depósitos Bancários - Principal;Lançamento de Receita;2.049,64;759;Recursos vinculados a fundos;"Não ";Não Aplicável
Santa Rita;603171;Fundo Municipal de Defesa e Desenvolvimento Ambiental;112025;2025;13210101;Remuneração de Depósitos Bancários - Principal;Lançamento de Receita;1.841,34;501;Outros Recursos não Vinculados;"Não ";Não Aplicável
Santa Rita;603171;Fundo Municipal de Defesa e Desenvolvimento Ambiental;102025;2025;13210101;Remuneração de Depósitos Bancários - Principal;Lançamento de Receita;2.430,93;501;Outros Recursos não Vinculados;"Não ";Não Aplicável
Santa Rita;603171;Fundo Municipal de Defesa e Desenvolvimento Ambiental;102025;2025;13210101;Remuneração de Depósitos Bancários - Principal;Lançamento de Receita;2.918,74;759;Recursos vinculados a fundos;"Não ";Não Aplicável
Santa Rita;603171;Fundo Municipal de Defesa e Desenvolvimento Ambiental;092025;2025;13210101;Remuneração de Depósitos Bancários - Principal;Lançamento de Receita;1.931,13;501;Outros Recursos não Vinculados;"Não ";Não Aplicável
Santa Rita;603171;Fundo Municipal de Defesa e Desenvolvimento Ambiental;092025;2025;13210101;Remuneração de Depósitos Bancários - Principal;Lançamento de Receita;2.870,27;759;Recursos vinculados a fundos;"Não ";Não Aplicável
Santa Rita;603171;Fundo Municipal de Defesa e Desenvolvimento Ambiental;082025;2025;13210101;Remuneração de Depósitos Bancários - Principal;Lançamento de Receita;3.111,82;759;Recursos vinculados a fundos;"Não ";Não Aplicável
Santa Rita;603171;Fundo Municipal de Defesa e Desenvolvimento Ambiental;082025;2025;13210101;Remuneração de Depósitos Bancários - Principal;Lançamento de Receita;2.007,44;501;Outros Recursos não Vinculados;"Não ";Não Aplicável
Santa Rita;603171;Fundo Municipal de Defesa e Desenvolvimento Ambiental;072025;2025;13210101;Remuneração de Depósitos Bancários - Principal;Lançamento de Receita;2.012,97;501;Outros Recursos não Vinculados;"Não ";Não Aplicável
Santa Rita;603171;Fundo Municipal de Defesa e Desenvolvimento Ambiental;072025;2025;13210101;Remuneração de Depósitos Bancários - Principal;Lançamento de Receita;3.835,79;759;Recursos vinculados a fundos;"Não ";Não Aplicável
Santa Rita;603171;Fundo Municipal de Defesa e Desenvolvimento Ambiental;062025;2025;13210101;Remuneração de Depósitos Bancários - Principal;Lançamento de Receita;884,8;501;Outros Recursos não Vinculados;"Não ";Não Aplicável
Santa Rita;603171;Fundo Municipal de Defesa e Desenvolvimento Ambiental;062025;2025;13210101;Remuneração de Depósitos Bancários - Principal;Lançamento de Receita;3.296,5;759;Recursos vinculados a fundos;"Não ";Não Aplicável
Santa Rita;603171;Fundo Municipal de Defesa e Desenvolvimento Ambiental;052025;2025;13210101;Remuneração de Depósitos Bancários - Principal;Lançamento de Receita;3.047,16;759;Recursos vinculados a fundos;"Não ";Não Aplicável
Santa Rita;603171;Fundo Municipal de Defesa e Desenvolvimento Ambiental;052025;2025;13210101;Remuneração de Depósitos Bancários - Principal;Lançamento de Receita;975,54;501;Outros Recursos não Vinculados;"Não ";Não Aplicável
Santa Rita;603171;Fundo Municipal de Defesa e Desenvolvimento Ambiental;042025;2025;13210101;Remuneração de Depósitos Bancários - Principal;Lançamento de Receita;2.320,03;759;Recursos vinculados a fundos;"Não ";Não Aplicável
Santa Rita;603171;Fundo Municipal de Defesa e Desenvolvimento Ambiental;042025;2025;13210101;Remuneração de Depósitos Bancários - Principal;Lançamento de Receita;1.606,5;501;Outros Recursos não Vinculados;"Não ";Não Aplicável
Santa Rita;603171;Fundo Municipal de Defesa e Desenvolvimento Ambiental;032025;2025;13210101;Remuneração de Depósitos Bancários - Principal;Lançamento de Receita;1.630,83;501;Outros Recursos não Vinculados;"Não ";Não Aplicável
Santa Rita;603171;Fundo Municipal de Defesa e Desenvolvimento Ambiental;032025;2025;13210101;Remuneração de Depósitos Bancários - Principal;Lançamento de Receita;1.897,88;759;Recursos vinculados a fundos;"Não ";Não Aplicável
Santa Rita;603171;Fundo Municipal de Defesa e Desenvolvimento Ambiental;022025;2025;13210101;Remuneração de Depósitos Bancários - Principal;Lançamento de Receita;2.683,98;501;Outros Recursos não Vinculados;"Não ";Não Aplicável
Santa Rita;603171;Fundo Municipal de Defesa e Desenvolvimento Ambiental;022025;2025;13210101;Remuneração de Depósitos Bancários - Principal;Lançamento de Receita;1.682,93;759;Recursos vinculados a fundos;"Não ";Não Aplicável
Santa Rita;603171;Fundo Municipal de Defesa e Desenvolvimento Ambiental;012025;2025;13210101;Remuneração de Depósitos Bancários - Principal;Lançamento de Receita;1.536,67;759;Recursos vinculados a fundos;"Não ";Não Aplicável
Santa Rita;603171;Fundo Municipal de Defesa e Desenvolvimento Ambiental;012025;2025;13210101;Remuneração de Depósitos Bancários - Principal;Lançamento de Receita;3.912,27;501;Outros Recursos não Vinculados;"Não ";Não Aplicável
Santa Rita;603171;Fundo Municipal de Defesa e Desenvolvimento Ambiental;122025;2025;11210401;Taxa de Controle e Fiscalização Ambiental - Principal;Lançamento de Receita;48.913,14;501;Outros Recursos não Vinculados;"Não ";Não Aplicável
Santa Rita;603171;Fundo Municipal de Defesa e Desenvolvimento Ambiental;112025;2025;11210401;Taxa de Controle e Fiscalização Ambiental - Principal;Lançamento de Receita;154.251,16;501;Outros Recursos não Vinculados;"Não ";Não Aplicável
Santa Rita;603171;Fundo Municipal de Defesa e Desenvolvimento Ambiental;102025;2025;11210401;Taxa de Controle e Fiscalização Ambiental - Principal;Lançamento de Receita;50.562,05;501;Outros Recursos não Vinculados;"Não ";Não Aplicável
Santa Rita;603171;Fundo Municipal de Defesa e Desenvolvimento Ambiental;092025;2025;11210401;Taxa de Controle e Fiscalização Ambiental - Principal;Lançamento de Receita;47.215,09;501;Outros Recursos não Vinculados;"Não ";Não Aplicável
Santa Rita;603171;Fundo Municipal de Defesa e Desenvolvimento Ambiental;082025;2025;11210401;Taxa de Controle e Fiscalização Ambiental - Principal;Lançamento de Receita;37.478;501;Outros Recursos não Vinculados;"Não ";Não Aplicável
Santa Rita;603171;Fundo Municipal de Defesa e Desenvolvimento Ambiental;072025;2025;11210401;Taxa de Controle e Fiscalização Ambiental - Principal;Lançamento de Receita;48.027,45;501;Outros Recursos não Vinculados;"Não ";Não Aplicável
Santa Rita;603171;Fundo Municipal de Defesa e Desenvolvimento Ambiental;062025;2025;11210401;Taxa de Controle e Fiscalização Ambiental - Principal;Lançamento de Receita;26.953,51;501;Outros Recursos não Vinculados;"Não ";Não Aplicável
Santa Rita;603171;Fundo Municipal de Defesa e Desenvolvimento Ambiental;052025;2025;11210401;Taxa de Controle e Fiscalização Ambiental - Principal;Lançamento de Receita;15.955,12;501;Outros Recursos não Vinculados;"Não ";Não Aplicável
Santa Rita;603171;Fundo Municipal de Defesa e Desenvolvimento Ambiental;042025;2025;11210401;Taxa de Controle e Fiscalização Ambiental - Principal;Lançamento de Receita;34.501,16;501;Outros Recursos não Vinculados;"Não ";Não Aplicável
Santa Rita;603171;Fundo Municipal de Defesa e Desenvolvimento Ambiental;032025;2025;11210401;Taxa de Controle e Fiscalização Ambiental - Principal;Lançamento de Receita;16.226,19;501;Outros Recursos não Vinculados;"Não ";Não Aplicável
Santa Rita;603171;Fundo Municipal de Defesa e Desenvolvimento Ambiental;022025;2025;11210401;Taxa de Controle e Fiscalização Ambiental - Principal;Lançamento de Receita;8.168,54;501;Outros Recursos não Vinculados;"Não ";Não Aplicável
Santa Rita;603171;Fundo Municipal de Defesa e Desenvolvimento Ambiental;012025;2025;11210401;Taxa de Controle e Fiscalização Ambiental - Principal;Lançamento de Receita;13.829,76;501;Outros Recursos não Vinculados;"Não ";Não Aplicável
