municipio;codigo_unidade_gestora;descricao_unidade_gestora;mes_ano;ano;codigo_receita;descricao_receita;tipo_atualizacao_receita;valor;codigo_fonte_recurso;descricao_fonte_recurso;co;descricao_co
Bayeux;201025;Prefeitura Municipal de Bayeux;072025;2025;24299901;Outras Transferências de Recursos dos Estados - Principal;Lançamento de Receita;850.000;710;Transferência Especial dos Estados;3210;Identificação das Transferências dos Estados decorrentes de emendas parlamentares individuais
Bayeux;201025;Prefeitura Municipal de Bayeux;012025;2025;24299901;Outras Transferências de Recursos dos Estados - Principal;Lançamento de Receita;700.000;710;Transferência Especial dos Estados;3210;Identificação das Transferências dos Estados decorrentes de emendas parlamentares individuais
Bayeux;201025;Prefeitura Municipal de Bayeux;122025;2025;24225101;Transferências de Convênios dos Estados destinadas a Programas de Educação - Principal;Lançamento de Receita;400.000;571;Transferências do Estado referentes a Convênios e outros Repasses vinculados à Educação;"Não ";Não Aplicável
Bayeux;201025;Prefeitura Municipal de Bayeux;122025;2025;24199901;Outras Transferências de Recursos da União e de suas Entidades - Principal;Lançamento de Receita;742.500;706;"Transferência Especial da União ";3110;Identificação das Transferências da União decorrentes de emendas parlamentares individuais
Bayeux;201025;Prefeitura Municipal de Bayeux;122025;2025;24115111;Transferências de Recursos do Bloco de Estruturação da Rede de Serviços Públicos de Saúde - Atenção Primária - Principal;Lançamento de Receita;479.851;601;Transferências Fundo a Fundo de Recursos do SUS provenientes do Governo Federal - Bloco de Estruturação da Rede de Serviços Públicos de Saúde;3130;Identificação das Transferências da União decorrentes de emendas parlamentares de comissão
Bayeux;201025;Prefeitura Municipal de Bayeux;072025;2025;24115111;Transferências de Recursos do Bloco de Estruturação da Rede de Serviços Públicos de Saúde - Atenção Primária - Principal;Lançamento de Receita;999.998;601;Transferências Fundo a Fundo de Recursos do SUS provenientes do Governo Federal - Bloco de Estruturação da Rede de Serviços Públicos de Saúde;3110;Identificação das Transferências da União decorrentes de emendas parlamentares individuais
Bayeux;201025;Prefeitura Municipal de Bayeux;122025;2025;19999921;Outras Receitas Não Arrecadadas e Não Projetadas pela RFB - Primárias   - Principal;Lançamento de Receita;3.703,97;501;Outros Recursos não Vinculados;"Não ";Não Aplicável
Bayeux;201025;Prefeitura Municipal de Bayeux;112025;2025;19999921;Outras Receitas Não Arrecadadas e Não Projetadas pela RFB - Primárias   - Principal;Lançamento de Receita;925,17;501;Outros Recursos não Vinculados;"Não ";Não Aplicável
Bayeux;201025;Prefeitura Municipal de Bayeux;102025;2025;19999921;Outras Receitas Não Arrecadadas e Não Projetadas pela RFB - Primárias   - Principal;Lançamento de Receita;981,22;501;Outros Recursos não Vinculados;"Não ";Não Aplicável
Bayeux;201025;Prefeitura Municipal de Bayeux;092025;2025;19999921;Outras Receitas Não Arrecadadas e Não Projetadas pela RFB - Primárias   - Principal;Lançamento de Receita;390,61;501;Outros Recursos não Vinculados;"Não ";Não Aplicável
Bayeux;201025;Prefeitura Municipal de Bayeux;082025;2025;19999921;Outras Receitas Não Arrecadadas e Não Projetadas pela RFB - Primárias   - Principal;Lançamento de Receita;2.763,23;501;Outros Recursos não Vinculados;"Não ";Não Aplicável
Bayeux;201025;Prefeitura Municipal de Bayeux;072025;2025;19999921;Outras Receitas Não Arrecadadas e Não Projetadas pela RFB - Primárias   - Principal;Lançamento de Receita;2.340,27;501;Outros Recursos não Vinculados;"Não ";Não Aplicável
Bayeux;201025;Prefeitura Municipal de Bayeux;062025;2025;19999921;Outras Receitas Não Arrecadadas e Não Projetadas pela RFB - Primárias   - Principal;Lançamento de Receita;3.000,22;501;Outros Recursos não Vinculados;"Não ";Não Aplicável
Bayeux;201025;Prefeitura Municipal de Bayeux;052025;2025;19999921;Outras Receitas Não Arrecadadas e Não Projetadas pela RFB - Primárias   - Principal;Lançamento de Receita;1.190,24;501;Outros Recursos não Vinculados;"Não ";Não Aplicável
Bayeux;201025;Prefeitura Municipal de Bayeux;042025;2025;19999921;Outras Receitas Não Arrecadadas e Não Projetadas pela RFB - Primárias   - Principal;Lançamento de Receita;2.130,39;501;Outros Recursos não Vinculados;"Não ";Não Aplicável
Bayeux;201025;Prefeitura Municipal de Bayeux;032025;2025;19999921;Outras Receitas Não Arrecadadas e Não Projetadas pela RFB - Primárias   - Principal;Lançamento de Receita;32.953,45;501;Outros Recursos não Vinculados;"Não ";Não Aplicável
Bayeux;201025;Prefeitura Municipal de Bayeux;012025;2025;19999921;Outras Receitas Não Arrecadadas e Não Projetadas pela RFB - Primárias   - Principal;Lançamento de Receita;2.333,4;501;Outros Recursos não Vinculados;"Não ";Não Aplicável
Bayeux;201025;Prefeitura Municipal de Bayeux;122025;2025;19229901;Outras Restituições - Principal;Lançamento de Receita;6.747,94;501;Outros Recursos não Vinculados;"Não ";Não Aplicável
Bayeux;201025;Prefeitura Municipal de Bayeux;122025;2025;19229901;Outras Restituições - Principal;Lançamento de Receita;25.304,24;500;Recursos não vinculados de Impostos;"Não ";Não Aplicável
Bayeux;201025;Prefeitura Municipal de Bayeux;112025;2025;19229901;Outras Restituições - Principal;Lançamento de Receita;1.265;500;Recursos não vinculados de Impostos;"Não ";Não Aplicável
Bayeux;201025;Prefeitura Municipal de Bayeux;102025;2025;19229901;Outras Restituições - Principal;Lançamento de Receita;506;500;Recursos não vinculados de Impostos;"Não ";Não Aplicável
Bayeux;201025;Prefeitura Municipal de Bayeux;092025;2025;19229901;Outras Restituições - Principal;Lançamento de Receita;18.495,97;501;Outros Recursos não Vinculados;"Não ";Não Aplicável
Bayeux;201025;Prefeitura Municipal de Bayeux;072025;2025;19229901;Outras Restituições - Principal;Lançamento de Receita;7.947,09;501;Outros Recursos não Vinculados;"Não ";Não Aplicável
Bayeux;201025;Prefeitura Municipal de Bayeux;062025;2025;19229901;Outras Restituições - Principal;Lançamento de Receita;163,53;500;Recursos não vinculados de Impostos;"Não ";Não Aplicável
Bayeux;201025;Prefeitura Municipal de Bayeux;052025;2025;19229901;Outras Restituições - Principal;Lançamento de Receita;1.469,02;500;Recursos não vinculados de Impostos;"Não ";Não Aplicável
Bayeux;201025;Prefeitura Municipal de Bayeux;032025;2025;19229901;Outras Restituições - Principal;Lançamento de Receita;3.957,54;500;Recursos não vinculados de Impostos;"Não ";Não Aplicável
Bayeux;201025;Prefeitura Municipal de Bayeux;032025;2025;19229901;Outras Restituições - Principal;Lançamento de Receita;41.398,77;501;Outros Recursos não Vinculados;"Não ";Não Aplicável
Bayeux;201025;Prefeitura Municipal de Bayeux;022025;2025;19229901;Outras Restituições - Principal;Lançamento de Receita;2.229,13;501;Outros Recursos não Vinculados;"Não ";Não Aplicável
Bayeux;201025;Prefeitura Municipal de Bayeux;012025;2025;19229901;Outras Restituições - Principal;Lançamento de Receita;2.750;500;Recursos não vinculados de Impostos;"Não ";Não Aplicável
Bayeux;201025;Prefeitura Municipal de Bayeux;012025;2025;19229901;Outras Restituições - Principal;Lançamento de Receita;2.369,41;501;Outros Recursos não Vinculados;"Não ";Não Aplicável
Bayeux;201025;Prefeitura Municipal de Bayeux;092025;2025;19110101;Multas Previstas em Legislação Específica - Principal;Lançamento de Receita;125,19;500;Recursos não vinculados de Impostos;"Não ";Não Aplicável
Bayeux;201025;Prefeitura Municipal de Bayeux;062025;2025;19110101;Multas Previstas em Legislação Específica - Principal;Lançamento de Receita;7.000;500;Recursos não vinculados de Impostos;"Não ";Não Aplicável
Bayeux;201025;Prefeitura Municipal de Bayeux;052025;2025;19110101;Multas Previstas em Legislação Específica - Principal;Lançamento de Receita;121;500;Recursos não vinculados de Impostos;"Não ";Não Aplicável
Bayeux;201025;Prefeitura Municipal de Bayeux;012025;2025;19110101;Multas Previstas em Legislação Específica - Principal;Lançamento de Receita;13,07;500;Recursos não vinculados de Impostos;"Não ";Não Aplicável
Bayeux;201025;Prefeitura Municipal de Bayeux;122025;2025;17515001;Transferências de Recursos do Fundo de Manutenção e Desenvolvimento da Educação Básica e de Valorização dos Profissionais da Educação – FUNDEB - Principal;Lançamento de Receita;249.345,9;540;Transferências do FUNDEB - Impostos e Transferências de Impostos;"Não ";Não Aplicável
Bayeux;201025;Prefeitura Municipal de Bayeux;122025;2025;17515001;Transferências de Recursos do Fundo de Manutenção e Desenvolvimento da Educação Básica e de Valorização dos Profissionais da Educação – FUNDEB - Principal;Lançamento de Receita;5.617.616,77;540;Transferências do FUNDEB - Impostos e Transferências de Impostos;1070;Identificação do percentual aplicado no pagamento da remuneração dos profissionais da educação básica em efetivo exercício
Bayeux;201025;Prefeitura Municipal de Bayeux;112025;2025;17515001;Transferências de Recursos do Fundo de Manutenção e Desenvolvimento da Educação Básica e de Valorização dos Profissionais da Educação – FUNDEB - Principal;Lançamento de Receita;202.871,42;540;Transferências do FUNDEB - Impostos e Transferências de Impostos;"Não ";Não Aplicável
Bayeux;201025;Prefeitura Municipal de Bayeux;112025;2025;17515001;Transferências de Recursos do Fundo de Manutenção e Desenvolvimento da Educação Básica e de Valorização dos Profissionais da Educação – FUNDEB - Principal;Lançamento de Receita;4.570.573,81;540;Transferências do FUNDEB - Impostos e Transferências de Impostos;1070;Identificação do percentual aplicado no pagamento da remuneração dos profissionais da educação básica em efetivo exercício
Bayeux;201025;Prefeitura Municipal de Bayeux;102025;2025;17515001;Transferências de Recursos do Fundo de Manutenção e Desenvolvimento da Educação Básica e de Valorização dos Profissionais da Educação – FUNDEB - Principal;Lançamento de Receita;3.975.370,6;540;Transferências do FUNDEB - Impostos e Transferências de Impostos;1070;Identificação do percentual aplicado no pagamento da remuneração dos profissionais da educação básica em efetivo exercício
Bayeux;201025;Prefeitura Municipal de Bayeux;102025;2025;17515001;Transferências de Recursos do Fundo de Manutenção e Desenvolvimento da Educação Básica e de Valorização dos Profissionais da Educação – FUNDEB - Principal;Lançamento de Receita;176.452,47;540;Transferências do FUNDEB - Impostos e Transferências de Impostos;"Não ";Não Aplicável
Bayeux;201025;Prefeitura Municipal de Bayeux;092025;2025;17515001;Transferências de Recursos do Fundo de Manutenção e Desenvolvimento da Educação Básica e de Valorização dos Profissionais da Educação – FUNDEB - Principal;Lançamento de Receita;179.654,58;540;Transferências do FUNDEB - Impostos e Transferências de Impostos;"Não ";Não Aplicável
Bayeux;201025;Prefeitura Municipal de Bayeux;092025;2025;17515001;Transferências de Recursos do Fundo de Manutenção e Desenvolvimento da Educação Básica e de Valorização dos Profissionais da Educação – FUNDEB - Principal;Lançamento de Receita;4.047.512,47;540;Transferências do FUNDEB - Impostos e Transferências de Impostos;1070;Identificação do percentual aplicado no pagamento da remuneração dos profissionais da educação básica em efetivo exercício
Bayeux;201025;Prefeitura Municipal de Bayeux;082025;2025;17515001;Transferências de Recursos do Fundo de Manutenção e Desenvolvimento da Educação Básica e de Valorização dos Profissionais da Educação – FUNDEB - Principal;Lançamento de Receita;4.614.020,79;540;Transferências do FUNDEB - Impostos e Transferências de Impostos;1070;Identificação do percentual aplicado no pagamento da remuneração dos profissionais da educação básica em efetivo exercício
Bayeux;201025;Prefeitura Municipal de Bayeux;082025;2025;17515001;Transferências de Recursos do Fundo de Manutenção e Desenvolvimento da Educação Básica e de Valorização dos Profissionais da Educação – FUNDEB - Principal;Lançamento de Receita;204.799,88;540;Transferências do FUNDEB - Impostos e Transferências de Impostos;"Não ";Não Aplicável
Bayeux;201025;Prefeitura Municipal de Bayeux;072025;2025;17515001;Transferências de Recursos do Fundo de Manutenção e Desenvolvimento da Educação Básica e de Valorização dos Profissionais da Educação – FUNDEB - Principal;Lançamento de Receita;173.613,67;540;Transferências do FUNDEB - Impostos e Transferências de Impostos;"Não ";Não Aplicável
Bayeux;201025;Prefeitura Municipal de Bayeux;072025;2025;17515001;Transferências de Recursos do Fundo de Manutenção e Desenvolvimento da Educação Básica e de Valorização dos Profissionais da Educação – FUNDEB - Principal;Lançamento de Receita;3.911.413,55;540;Transferências do FUNDEB - Impostos e Transferências de Impostos;1070;Identificação do percentual aplicado no pagamento da remuneração dos profissionais da educação básica em efetivo exercício
Bayeux;201025;Prefeitura Municipal de Bayeux;062025;2025;17515001;Transferências de Recursos do Fundo de Manutenção e Desenvolvimento da Educação Básica e de Valorização dos Profissionais da Educação – FUNDEB - Principal;Lançamento de Receita;4.906.698,08;540;Transferências do FUNDEB - Impostos e Transferências de Impostos;1070;Identificação do percentual aplicado no pagamento da remuneração dos profissionais da educação básica em efetivo exercício
Bayeux;201025;Prefeitura Municipal de Bayeux;062025;2025;17515001;Transferências de Recursos do Fundo de Manutenção e Desenvolvimento da Educação Básica e de Valorização dos Profissionais da Educação – FUNDEB - Principal;Lançamento de Receita;26,24;542;Transferências do FUNDEB - Complementação da União - VAAT;"Não ";Não Aplicável
Bayeux;201025;Prefeitura Municipal de Bayeux;062025;2025;17515001;Transferências de Recursos do Fundo de Manutenção e Desenvolvimento da Educação Básica e de Valorização dos Profissionais da Educação – FUNDEB - Principal;Lançamento de Receita;66,17;542;Transferências do FUNDEB - Complementação da União - VAAT;1070;Identificação do percentual aplicado no pagamento da remuneração dos profissionais da educação básica em efetivo exercício
Bayeux;201025;Prefeitura Municipal de Bayeux;062025;2025;17515001;Transferências de Recursos do Fundo de Manutenção e Desenvolvimento da Educação Básica e de Valorização dos Profissionais da Educação – FUNDEB - Principal;Lançamento de Receita;217.790,77;540;Transferências do FUNDEB - Impostos e Transferências de Impostos;"Não ";Não Aplicável
Bayeux;201025;Prefeitura Municipal de Bayeux;052025;2025;17515001;Transferências de Recursos do Fundo de Manutenção e Desenvolvimento da Educação Básica e de Valorização dos Profissionais da Educação – FUNDEB - Principal;Lançamento de Receita;217.222,83;540;Transferências do FUNDEB - Impostos e Transferências de Impostos;"Não ";Não Aplicável
Bayeux;201025;Prefeitura Municipal de Bayeux;052025;2025;17515001;Transferências de Recursos do Fundo de Manutenção e Desenvolvimento da Educação Básica e de Valorização dos Profissionais da Educação – FUNDEB - Principal;Lançamento de Receita;4.893.902,36;540;Transferências do FUNDEB - Impostos e Transferências de Impostos;1070;Identificação do percentual aplicado no pagamento da remuneração dos profissionais da educação básica em efetivo exercício
Bayeux;201025;Prefeitura Municipal de Bayeux;042025;2025;17515001;Transferências de Recursos do Fundo de Manutenção e Desenvolvimento da Educação Básica e de Valorização dos Profissionais da Educação – FUNDEB - Principal;Lançamento de Receita;4.255.321,75;540;Transferências do FUNDEB - Impostos e Transferências de Impostos;1070;Identificação do percentual aplicado no pagamento da remuneração dos profissionais da educação básica em efetivo exercício
Bayeux;201025;Prefeitura Municipal de Bayeux;042025;2025;17515001;Transferências de Recursos do Fundo de Manutenção e Desenvolvimento da Educação Básica e de Valorização dos Profissionais da Educação – FUNDEB - Principal;Lançamento de Receita;188.878,52;540;Transferências do FUNDEB - Impostos e Transferências de Impostos;"Não ";Não Aplicável
Bayeux;201025;Prefeitura Municipal de Bayeux;032025;2025;17515001;Transferências de Recursos do Fundo de Manutenção e Desenvolvimento da Educação Básica e de Valorização dos Profissionais da Educação – FUNDEB - Principal;Lançamento de Receita;4.155.723,56;540;Transferências do FUNDEB - Impostos e Transferências de Impostos;1070;Identificação do percentual aplicado no pagamento da remuneração dos profissionais da educação básica em efetivo exercício
Bayeux;201025;Prefeitura Municipal de Bayeux;032025;2025;17515001;Transferências de Recursos do Fundo de Manutenção e Desenvolvimento da Educação Básica e de Valorização dos Profissionais da Educação – FUNDEB - Principal;Lançamento de Receita;184.457,71;540;Transferências do FUNDEB - Impostos e Transferências de Impostos;"Não ";Não Aplicável
Bayeux;201025;Prefeitura Municipal de Bayeux;022025;2025;17515001;Transferências de Recursos do Fundo de Manutenção e Desenvolvimento da Educação Básica e de Valorização dos Profissionais da Educação – FUNDEB - Principal;Lançamento de Receita;235.242,64;540;Transferências do FUNDEB - Impostos e Transferências de Impostos;"Não ";Não Aplicável
Bayeux;201025;Prefeitura Municipal de Bayeux;022025;2025;17515001;Transferências de Recursos do Fundo de Manutenção e Desenvolvimento da Educação Básica e de Valorização dos Profissionais da Educação – FUNDEB - Principal;Lançamento de Receita;5.299.878,11;540;Transferências do FUNDEB - Impostos e Transferências de Impostos;1070;Identificação do percentual aplicado no pagamento da remuneração dos profissionais da educação básica em efetivo exercício
Bayeux;201025;Prefeitura Municipal de Bayeux;012025;2025;17515001;Transferências de Recursos do Fundo de Manutenção e Desenvolvimento da Educação Básica e de Valorização dos Profissionais da Educação – FUNDEB - Principal;Lançamento de Receita;4.616.453,53;540;Transferências do FUNDEB - Impostos e Transferências de Impostos;1070;Identificação do percentual aplicado no pagamento da remuneração dos profissionais da educação básica em efetivo exercício
Bayeux;201025;Prefeitura Municipal de Bayeux;012025;2025;17515001;Transferências de Recursos do Fundo de Manutenção e Desenvolvimento da Educação Básica e de Valorização dos Profissionais da Educação – FUNDEB - Principal;Lançamento de Receita;204.907,86;540;Transferências do FUNDEB - Impostos e Transferências de Impostos;"Não ";Não Aplicável
Bayeux;201025;Prefeitura Municipal de Bayeux;072025;2025;17299901;Outras Transferências dos Estados e DF - Principal;Lançamento de Receita;1.374.000;710;Transferência Especial dos Estados;3210;Identificação das Transferências dos Estados decorrentes de emendas parlamentares individuais
Bayeux;201025;Prefeitura Municipal de Bayeux;062025;2025;17249901;Outras Transferências de Convênios dos Estados e DF e de Suas Entidades - Principal;Lançamento de Receita;162.406,63;701;Outras Transferências de Convênios ou Repasses dos Estados;"Não ";Não Aplicável
Bayeux;201025;Prefeitura Municipal de Bayeux;032025;2025;17249901;Outras Transferências de Convênios dos Estados e DF e de Suas Entidades - Principal;Lançamento de Receita;3.156,57;701;Outras Transferências de Convênios ou Repasses dos Estados;"Não ";Não Aplicável
Bayeux;201025;Prefeitura Municipal de Bayeux;122025;2025;17245001;Transferências de Convênios dos Estados e DF para o Sistema Único de Saúde – SUS - Principal;Lançamento de Receita;1.060.421,83;632;Transferências do Estado referentes a Convênios e outros Repasses vinculados à Saúde;"Não ";Não Aplicável
Bayeux;201025;Prefeitura Municipal de Bayeux;112025;2025;17245001;Transferências de Convênios dos Estados e DF para o Sistema Único de Saúde – SUS - Principal;Lançamento de Receita;400.000;632;Transferências do Estado referentes a Convênios e outros Repasses vinculados à Saúde;"Não ";Não Aplicável
Bayeux;201025;Prefeitura Municipal de Bayeux;072025;2025;17245001;Transferências de Convênios dos Estados e DF para o Sistema Único de Saúde – SUS - Principal;Lançamento de Receita;400.000;632;Transferências do Estado referentes a Convênios e outros Repasses vinculados à Saúde;"Não ";Não Aplicável
Bayeux;201025;Prefeitura Municipal de Bayeux;022025;2025;17245001;Transferências de Convênios dos Estados e DF para o Sistema Único de Saúde – SUS - Principal;Lançamento de Receita;400.000;632;Transferências do Estado referentes a Convênios e outros Repasses vinculados à Saúde;"Não ";Não Aplicável
Bayeux;201025;Prefeitura Municipal de Bayeux;122025;2025;17235001;Transferências de Recursos do Sistema Único de Saúde – SUS - Principal;Lançamento de Receita;45.754,45;621;"Transferências Fundo a Fundo de Recursos do SUS provenientes do Governo Estadual ";"Não ";Não Aplicável
Bayeux;201025;Prefeitura Municipal de Bayeux;112025;2025;17235001;Transferências de Recursos do Sistema Único de Saúde – SUS - Principal;Lançamento de Receita;45.754,45;621;"Transferências Fundo a Fundo de Recursos do SUS provenientes do Governo Estadual ";"Não ";Não Aplicável
Bayeux;201025;Prefeitura Municipal de Bayeux;102025;2025;17235001;Transferências de Recursos do Sistema Único de Saúde – SUS - Principal;Lançamento de Receita;91.508,9;621;"Transferências Fundo a Fundo de Recursos do SUS provenientes do Governo Estadual ";"Não ";Não Aplicável
Bayeux;201025;Prefeitura Municipal de Bayeux;082025;2025;17235001;Transferências de Recursos do Sistema Único de Saúde – SUS - Principal;Lançamento de Receita;45.754,45;621;"Transferências Fundo a Fundo de Recursos do SUS provenientes do Governo Estadual ";"Não ";Não Aplicável
Bayeux;201025;Prefeitura Municipal de Bayeux;072025;2025;17235001;Transferências de Recursos do Sistema Único de Saúde – SUS - Principal;Lançamento de Receita;45.754,45;621;"Transferências Fundo a Fundo de Recursos do SUS provenientes do Governo Estadual ";"Não ";Não Aplicável
Bayeux;201025;Prefeitura Municipal de Bayeux;062025;2025;17235001;Transferências de Recursos do Sistema Único de Saúde – SUS - Principal;Lançamento de Receita;45.754,45;621;"Transferências Fundo a Fundo de Recursos do SUS provenientes do Governo Estadual ";"Não ";Não Aplicável
Bayeux;201025;Prefeitura Municipal de Bayeux;052025;2025;17235001;Transferências de Recursos do Sistema Único de Saúde – SUS - Principal;Lançamento de Receita;45.754,45;621;"Transferências Fundo a Fundo de Recursos do SUS provenientes do Governo Estadual ";"Não ";Não Aplicável
Bayeux;201025;Prefeitura Municipal de Bayeux;042025;2025;17235001;Transferências de Recursos do Sistema Único de Saúde – SUS - Principal;Lançamento de Receita;45.754,45;621;"Transferências Fundo a Fundo de Recursos do SUS provenientes do Governo Estadual ";"Não ";Não Aplicável
Bayeux;201025;Prefeitura Municipal de Bayeux;032025;2025;17235001;Transferências de Recursos do Sistema Único de Saúde – SUS - Principal;Lançamento de Receita;45.754,45;621;"Transferências Fundo a Fundo de Recursos do SUS provenientes do Governo Estadual ";"Não ";Não Aplicável
Bayeux;201025;Prefeitura Municipal de Bayeux;022025;2025;17235001;Transferências de Recursos do Sistema Único de Saúde – SUS - Principal;Lançamento de Receita;45.754,45;621;"Transferências Fundo a Fundo de Recursos do SUS provenientes do Governo Estadual ";"Não ";Não Aplicável
Bayeux;201025;Prefeitura Municipal de Bayeux;012025;2025;17235001;Transferências de Recursos do Sistema Único de Saúde – SUS - Principal;Lançamento de Receita;45.754,45;621;"Transferências Fundo a Fundo de Recursos do SUS provenientes do Governo Estadual ";"Não ";Não Aplicável
Bayeux;201025;Prefeitura Municipal de Bayeux;102025;2025;17215301;Cota-Parte da Contribuição de Intervenção no Domínio Econômico - Principal;Lançamento de Receita;19.928,9;750;Recursos da Contribuição de Intervenção no Domínio Econômico - CIDE;"Não ";Não Aplicável
Bayeux;201025;Prefeitura Municipal de Bayeux;072025;2025;17215301;Cota-Parte da Contribuição de Intervenção no Domínio Econômico - Principal;Lançamento de Receita;18.898,64;750;Recursos da Contribuição de Intervenção no Domínio Econômico - CIDE;"Não ";Não Aplicável
Bayeux;201025;Prefeitura Municipal de Bayeux;042025;2025;17215301;Cota-Parte da Contribuição de Intervenção no Domínio Econômico - Principal;Lançamento de Receita;17.180,82;750;Recursos da Contribuição de Intervenção no Domínio Econômico - CIDE;"Não ";Não Aplicável
Bayeux;201025;Prefeitura Municipal de Bayeux;012025;2025;17215301;Cota-Parte da Contribuição de Intervenção no Domínio Econômico - Principal;Lançamento de Receita;18.744,88;750;Recursos da Contribuição de Intervenção no Domínio Econômico - CIDE;"Não ";Não Aplicável
Bayeux;201025;Prefeitura Municipal de Bayeux;122025;2025;17215201;Cota-Parte do IPI - Municípios - Principal;Lançamento de Receita;687,69;500;Recursos não vinculados de Impostos;"Não ";Não Aplicável
Bayeux;201025;Prefeitura Municipal de Bayeux;122025;2025;17215201;Cota-Parte do IPI - Municípios - Principal;Lançamento de Receita;171,91;500;Recursos não vinculados de Impostos;1002;Identificação das despesas com ações e serviços públicos de saúde
Bayeux;201025;Prefeitura Municipal de Bayeux;122025;2025;17215201;Cota-Parte do IPI - Municípios - Principal;Lançamento de Receita;286,55;500;Recursos não vinculados de Impostos;1001;Identificação das despesas com manutenção e desenvolvimento do ensino
Bayeux;201025;Prefeitura Municipal de Bayeux;112025;2025;17215201;Cota-Parte do IPI - Municípios - Principal;Lançamento de Receita;249,58;500;Recursos não vinculados de Impostos;1001;Identificação das despesas com manutenção e desenvolvimento do ensino
Bayeux;201025;Prefeitura Municipal de Bayeux;112025;2025;17215201;Cota-Parte do IPI - Municípios - Principal;Lançamento de Receita;599;500;Recursos não vinculados de Impostos;"Não ";Não Aplicável
Bayeux;201025;Prefeitura Municipal de Bayeux;112025;2025;17215201;Cota-Parte do IPI - Municípios - Principal;Lançamento de Receita;149,75;500;Recursos não vinculados de Impostos;1002;Identificação das despesas com ações e serviços públicos de saúde
Bayeux;201025;Prefeitura Municipal de Bayeux;102025;2025;17215201;Cota-Parte do IPI - Municípios - Principal;Lançamento de Receita;650,55;500;Recursos não vinculados de Impostos;"Não ";Não Aplicável
Bayeux;201025;Prefeitura Municipal de Bayeux;102025;2025;17215201;Cota-Parte do IPI - Municípios - Principal;Lançamento de Receita;162,65;500;Recursos não vinculados de Impostos;1002;Identificação das despesas com ações e serviços públicos de saúde
Bayeux;201025;Prefeitura Municipal de Bayeux;102025;2025;17215201;Cota-Parte do IPI - Municípios - Principal;Lançamento de Receita;271,06;500;Recursos não vinculados de Impostos;1001;Identificação das despesas com manutenção e desenvolvimento do ensino
Bayeux;201025;Prefeitura Municipal de Bayeux;092025;2025;17215201;Cota-Parte do IPI - Municípios - Principal;Lançamento de Receita;652,93;500;Recursos não vinculados de Impostos;"Não ";Não Aplicável
Bayeux;201025;Prefeitura Municipal de Bayeux;092025;2025;17215201;Cota-Parte do IPI - Municípios - Principal;Lançamento de Receita;163,23;500;Recursos não vinculados de Impostos;1002;Identificação das despesas com ações e serviços públicos de saúde
Bayeux;201025;Prefeitura Municipal de Bayeux;092025;2025;17215201;Cota-Parte do IPI - Municípios - Principal;Lançamento de Receita;272,05;500;Recursos não vinculados de Impostos;1001;Identificação das despesas com manutenção e desenvolvimento do ensino
Bayeux;201025;Prefeitura Municipal de Bayeux;082025;2025;17215201;Cota-Parte do IPI - Municípios - Principal;Lançamento de Receita;134,05;500;Recursos não vinculados de Impostos;1002;Identificação das despesas com ações e serviços públicos de saúde
Bayeux;201025;Prefeitura Municipal de Bayeux;082025;2025;17215201;Cota-Parte do IPI - Municípios - Principal;Lançamento de Receita;536,16;500;Recursos não vinculados de Impostos;"Não ";Não Aplicável
Bayeux;201025;Prefeitura Municipal de Bayeux;082025;2025;17215201;Cota-Parte do IPI - Municípios - Principal;Lançamento de Receita;223,4;500;Recursos não vinculados de Impostos;1001;Identificação das despesas com manutenção e desenvolvimento do ensino
Bayeux;201025;Prefeitura Municipal de Bayeux;072025;2025;17215201;Cota-Parte do IPI - Municípios - Principal;Lançamento de Receita;151,7;500;Recursos não vinculados de Impostos;1002;Identificação das despesas com ações e serviços públicos de saúde
Bayeux;201025;Prefeitura Municipal de Bayeux;072025;2025;17215201;Cota-Parte do IPI - Municípios - Principal;Lançamento de Receita;252,85;500;Recursos não vinculados de Impostos;1001;Identificação das despesas com manutenção e desenvolvimento do ensino
Bayeux;201025;Prefeitura Municipal de Bayeux;072025;2025;17215201;Cota-Parte do IPI - Municípios - Principal;Lançamento de Receita;606,85;500;Recursos não vinculados de Impostos;"Não ";Não Aplicável
Bayeux;201025;Prefeitura Municipal de Bayeux;062025;2025;17215201;Cota-Parte do IPI - Municípios - Principal;Lançamento de Receita;273,88;500;Recursos não vinculados de Impostos;1001;Identificação das despesas com manutenção e desenvolvimento do ensino
Bayeux;201025;Prefeitura Municipal de Bayeux;062025;2025;17215201;Cota-Parte do IPI - Municípios - Principal;Lançamento de Receita;164,32;500;Recursos não vinculados de Impostos;1002;Identificação das despesas com ações e serviços públicos de saúde
Bayeux;201025;Prefeitura Municipal de Bayeux;062025;2025;17215201;Cota-Parte do IPI - Municípios - Principal;Lançamento de Receita;657,29;500;Recursos não vinculados de Impostos;"Não ";Não Aplicável
Bayeux;201025;Prefeitura Municipal de Bayeux;052025;2025;17215201;Cota-Parte do IPI - Municípios - Principal;Lançamento de Receita;212,64;500;Recursos não vinculados de Impostos;1001;Identificação das despesas com manutenção e desenvolvimento do ensino
Bayeux;201025;Prefeitura Municipal de Bayeux;052025;2025;17215201;Cota-Parte do IPI - Municípios - Principal;Lançamento de Receita;510,35;500;Recursos não vinculados de Impostos;"Não ";Não Aplicável
Bayeux;201025;Prefeitura Municipal de Bayeux;052025;2025;17215201;Cota-Parte do IPI - Municípios - Principal;Lançamento de Receita;127,6;500;Recursos não vinculados de Impostos;1002;Identificação das despesas com ações e serviços públicos de saúde
Bayeux;201025;Prefeitura Municipal de Bayeux;042025;2025;17215201;Cota-Parte do IPI - Municípios - Principal;Lançamento de Receita;636,3;500;Recursos não vinculados de Impostos;"Não ";Não Aplicável
Bayeux;201025;Prefeitura Municipal de Bayeux;042025;2025;17215201;Cota-Parte do IPI - Municípios - Principal;Lançamento de Receita;159,08;500;Recursos não vinculados de Impostos;1002;Identificação das despesas com ações e serviços públicos de saúde
Bayeux;201025;Prefeitura Municipal de Bayeux;042025;2025;17215201;Cota-Parte do IPI - Municípios - Principal;Lançamento de Receita;265,13;500;Recursos não vinculados de Impostos;1001;Identificação das despesas com manutenção e desenvolvimento do ensino
Bayeux;201025;Prefeitura Municipal de Bayeux;032025;2025;17215201;Cota-Parte do IPI - Municípios - Principal;Lançamento de Receita;603,37;500;Recursos não vinculados de Impostos;"Não ";Não Aplicável
Bayeux;201025;Prefeitura Municipal de Bayeux;032025;2025;17215201;Cota-Parte do IPI - Municípios - Principal;Lançamento de Receita;251,41;500;Recursos não vinculados de Impostos;1001;Identificação das despesas com manutenção e desenvolvimento do ensino
Bayeux;201025;Prefeitura Municipal de Bayeux;032025;2025;17215201;Cota-Parte do IPI - Municípios - Principal;Lançamento de Receita;150,84;500;Recursos não vinculados de Impostos;1002;Identificação das despesas com ações e serviços públicos de saúde
Bayeux;201025;Prefeitura Municipal de Bayeux;022025;2025;17215201;Cota-Parte do IPI - Municípios - Principal;Lançamento de Receita;523,07;500;Recursos não vinculados de Impostos;"Não ";Não Aplicável
Bayeux;201025;Prefeitura Municipal de Bayeux;022025;2025;17215201;Cota-Parte do IPI - Municípios - Principal;Lançamento de Receita;217,94;500;Recursos não vinculados de Impostos;1001;Identificação das despesas com manutenção e desenvolvimento do ensino
Bayeux;201025;Prefeitura Municipal de Bayeux;022025;2025;17215201;Cota-Parte do IPI - Municípios - Principal;Lançamento de Receita;130,77;500;Recursos não vinculados de Impostos;1002;Identificação das despesas com ações e serviços públicos de saúde
Bayeux;201025;Prefeitura Municipal de Bayeux;012025;2025;17215201;Cota-Parte do IPI - Municípios - Principal;Lançamento de Receita;450,9;500;Recursos não vinculados de Impostos;"Não ";Não Aplicável
Bayeux;201025;Prefeitura Municipal de Bayeux;012025;2025;17215201;Cota-Parte do IPI - Municípios - Principal;Lançamento de Receita;187,88;500;Recursos não vinculados de Impostos;1001;Identificação das despesas com manutenção e desenvolvimento do ensino
Bayeux;201025;Prefeitura Municipal de Bayeux;012025;2025;17215201;Cota-Parte do IPI - Municípios - Principal;Lançamento de Receita;112,72;500;Recursos não vinculados de Impostos;1002;Identificação das despesas com ações e serviços públicos de saúde
Bayeux;201025;Prefeitura Municipal de Bayeux;122025;2025;17215101;Cota-Parte do IPVA - Principal;Lançamento de Receita;162.088,62;500;Recursos não vinculados de Impostos;"Não ";Não Aplicável
Bayeux;201025;Prefeitura Municipal de Bayeux;122025;2025;17215101;Cota-Parte do IPVA - Principal;Lançamento de Receita;40.522,16;500;Recursos não vinculados de Impostos;1002;Identificação das despesas com ações e serviços públicos de saúde
Bayeux;201025;Prefeitura Municipal de Bayeux;122025;2025;17215101;Cota-Parte do IPVA - Principal;Lançamento de Receita;67.536,93;500;Recursos não vinculados de Impostos;1001;Identificação das despesas com manutenção e desenvolvimento do ensino
Bayeux;201025;Prefeitura Municipal de Bayeux;112025;2025;17215101;Cota-Parte do IPVA - Principal;Lançamento de Receita;168.397,22;500;Recursos não vinculados de Impostos;"Não ";Não Aplicável
Bayeux;201025;Prefeitura Municipal de Bayeux;112025;2025;17215101;Cota-Parte do IPVA - Principal;Lançamento de Receita;70.165,48;500;Recursos não vinculados de Impostos;1001;Identificação das despesas com manutenção e desenvolvimento do ensino
Bayeux;201025;Prefeitura Municipal de Bayeux;112025;2025;17215101;Cota-Parte do IPVA - Principal;Lançamento de Receita;42.099,33;500;Recursos não vinculados de Impostos;1002;Identificação das despesas com ações e serviços públicos de saúde
Bayeux;201025;Prefeitura Municipal de Bayeux;102025;2025;17215101;Cota-Parte do IPVA - Principal;Lançamento de Receita;254.242,27;500;Recursos não vinculados de Impostos;"Não ";Não Aplicável
Bayeux;201025;Prefeitura Municipal de Bayeux;102025;2025;17215101;Cota-Parte do IPVA - Principal;Lançamento de Receita;105.934,29;500;Recursos não vinculados de Impostos;1001;Identificação das despesas com manutenção e desenvolvimento do ensino
Bayeux;201025;Prefeitura Municipal de Bayeux;102025;2025;17215101;Cota-Parte do IPVA - Principal;Lançamento de Receita;63.560,58;500;Recursos não vinculados de Impostos;1002;Identificação das despesas com ações e serviços públicos de saúde
Bayeux;201025;Prefeitura Municipal de Bayeux;092025;2025;17215101;Cota-Parte do IPVA - Principal;Lançamento de Receita;80.802,24;500;Recursos não vinculados de Impostos;1001;Identificação das despesas com manutenção e desenvolvimento do ensino
Bayeux;201025;Prefeitura Municipal de Bayeux;092025;2025;17215101;Cota-Parte do IPVA - Principal;Lançamento de Receita;193.925,38;500;Recursos não vinculados de Impostos;"Não ";Não Aplicável
Bayeux;201025;Prefeitura Municipal de Bayeux;092025;2025;17215101;Cota-Parte do IPVA - Principal;Lançamento de Receita;48.481,35;500;Recursos não vinculados de Impostos;1002;Identificação das despesas com ações e serviços públicos de saúde
Bayeux;201025;Prefeitura Municipal de Bayeux;082025;2025;17215101;Cota-Parte do IPVA - Principal;Lançamento de Receita;115.006,12;500;Recursos não vinculados de Impostos;1001;Identificação das despesas com manutenção e desenvolvimento do ensino
Bayeux;201025;Prefeitura Municipal de Bayeux;082025;2025;17215101;Cota-Parte do IPVA - Principal;Lançamento de Receita;69.003,67;500;Recursos não vinculados de Impostos;1002;Identificação das despesas com ações e serviços públicos de saúde
Bayeux;201025;Prefeitura Municipal de Bayeux;082025;2025;17215101;Cota-Parte do IPVA - Principal;Lançamento de Receita;276.014,74;500;Recursos não vinculados de Impostos;"Não ";Não Aplicável
Bayeux;201025;Prefeitura Municipal de Bayeux;072025;2025;17215101;Cota-Parte do IPVA - Principal;Lançamento de Receita;309.242,25;500;Recursos não vinculados de Impostos;"Não ";Não Aplicável
Bayeux;201025;Prefeitura Municipal de Bayeux;072025;2025;17215101;Cota-Parte do IPVA - Principal;Lançamento de Receita;128.850,92;500;Recursos não vinculados de Impostos;1001;Identificação das despesas com manutenção e desenvolvimento do ensino
Bayeux;201025;Prefeitura Municipal de Bayeux;072025;2025;17215101;Cota-Parte do IPVA - Principal;Lançamento de Receita;77.310,6;500;Recursos não vinculados de Impostos;1002;Identificação das despesas com ações e serviços públicos de saúde
Bayeux;201025;Prefeitura Municipal de Bayeux;062025;2025;17215101;Cota-Parte do IPVA - Principal;Lançamento de Receita;285.553,08;500;Recursos não vinculados de Impostos;"Não ";Não Aplicável
Bayeux;201025;Prefeitura Municipal de Bayeux;062025;2025;17215101;Cota-Parte do IPVA - Principal;Lançamento de Receita;118.980,47;500;Recursos não vinculados de Impostos;1001;Identificação das despesas com manutenção e desenvolvimento do ensino
Bayeux;201025;Prefeitura Municipal de Bayeux;062025;2025;17215101;Cota-Parte do IPVA - Principal;Lançamento de Receita;71.388,28;500;Recursos não vinculados de Impostos;1002;Identificação das despesas com ações e serviços públicos de saúde
Bayeux;201025;Prefeitura Municipal de Bayeux;052025;2025;17215101;Cota-Parte do IPVA - Principal;Lançamento de Receita;440.347,92;500;Recursos não vinculados de Impostos;"Não ";Não Aplicável
Bayeux;201025;Prefeitura Municipal de Bayeux;052025;2025;17215101;Cota-Parte do IPVA - Principal;Lançamento de Receita;183.478,3;500;Recursos não vinculados de Impostos;1001;Identificação das despesas com manutenção e desenvolvimento do ensino
Bayeux;201025;Prefeitura Municipal de Bayeux;052025;2025;17215101;Cota-Parte do IPVA - Principal;Lançamento de Receita;110.086,94;500;Recursos não vinculados de Impostos;1002;Identificação das despesas com ações e serviços públicos de saúde
Bayeux;201025;Prefeitura Municipal de Bayeux;042025;2025;17215101;Cota-Parte do IPVA - Principal;Lançamento de Receita;70.112,79;500;Recursos não vinculados de Impostos;1002;Identificação das despesas com ações e serviços públicos de saúde
Bayeux;201025;Prefeitura Municipal de Bayeux;042025;2025;17215101;Cota-Parte do IPVA - Principal;Lançamento de Receita;116.854,59;500;Recursos não vinculados de Impostos;1001;Identificação das despesas com manutenção e desenvolvimento do ensino
Bayeux;201025;Prefeitura Municipal de Bayeux;042025;2025;17215101;Cota-Parte do IPVA - Principal;Lançamento de Receita;280.451,05;500;Recursos não vinculados de Impostos;"Não ";Não Aplicável
Bayeux;201025;Prefeitura Municipal de Bayeux;032025;2025;17215101;Cota-Parte do IPVA - Principal;Lançamento de Receita;77.876,21;500;Recursos não vinculados de Impostos;1002;Identificação das despesas com ações e serviços públicos de saúde
Bayeux;201025;Prefeitura Municipal de Bayeux;032025;2025;17215101;Cota-Parte do IPVA - Principal;Lançamento de Receita;311.504,86;500;Recursos não vinculados de Impostos;"Não ";Não Aplicável
Bayeux;201025;Prefeitura Municipal de Bayeux;032025;2025;17215101;Cota-Parte do IPVA - Principal;Lançamento de Receita;129.793,7;500;Recursos não vinculados de Impostos;1001;Identificação das despesas com manutenção e desenvolvimento do ensino
Bayeux;201025;Prefeitura Municipal de Bayeux;022025;2025;17215101;Cota-Parte do IPVA - Principal;Lançamento de Receita;281.402,55;500;Recursos não vinculados de Impostos;"Não ";Não Aplicável
Bayeux;201025;Prefeitura Municipal de Bayeux;022025;2025;17215101;Cota-Parte do IPVA - Principal;Lançamento de Receita;117.251,04;500;Recursos não vinculados de Impostos;1001;Identificação das despesas com manutenção e desenvolvimento do ensino
Bayeux;201025;Prefeitura Municipal de Bayeux;022025;2025;17215101;Cota-Parte do IPVA - Principal;Lançamento de Receita;70.350,65;500;Recursos não vinculados de Impostos;1002;Identificação das despesas com ações e serviços públicos de saúde
Bayeux;201025;Prefeitura Municipal de Bayeux;012025;2025;17215101;Cota-Parte do IPVA - Principal;Lançamento de Receita;256.213,34;500;Recursos não vinculados de Impostos;"Não ";Não Aplicável
Bayeux;201025;Prefeitura Municipal de Bayeux;012025;2025;17215101;Cota-Parte do IPVA - Principal;Lançamento de Receita;64.053,33;500;Recursos não vinculados de Impostos;1002;Identificação das despesas com ações e serviços públicos de saúde
Bayeux;201025;Prefeitura Municipal de Bayeux;012025;2025;17215101;Cota-Parte do IPVA - Principal;Lançamento de Receita;106.755,56;500;Recursos não vinculados de Impostos;1001;Identificação das despesas com manutenção e desenvolvimento do ensino
Bayeux;201025;Prefeitura Municipal de Bayeux;122025;2025;17215001;Cota-Parte do ICMS - Principal;Dedução do Fundeb;-931.534,15;500;Recursos não vinculados de Impostos;1001;Identificação das despesas com manutenção e desenvolvimento do ensino
Bayeux;201025;Prefeitura Municipal de Bayeux;122025;2025;17215001;Cota-Parte do ICMS - Principal;Lançamento de Receita;698.650,62;500;Recursos não vinculados de Impostos;1002;Identificação das despesas com ações e serviços públicos de saúde
Bayeux;201025;Prefeitura Municipal de Bayeux;122025;2025;17215001;Cota-Parte do ICMS - Principal;Lançamento de Receita;1.164.417,71;500;Recursos não vinculados de Impostos;1001;Identificação das despesas com manutenção e desenvolvimento do ensino
Bayeux;201025;Prefeitura Municipal de Bayeux;122025;2025;17215001;Cota-Parte do ICMS - Principal;Lançamento de Receita;2.794.602,49;500;Recursos não vinculados de Impostos;"Não ";Não Aplicável
Bayeux;201025;Prefeitura Municipal de Bayeux;112025;2025;17215001;Cota-Parte do ICMS - Principal;Dedução do Fundeb;-650.876,86;500;Recursos não vinculados de Impostos;1001;Identificação das despesas com manutenção e desenvolvimento do ensino
Bayeux;201025;Prefeitura Municipal de Bayeux;112025;2025;17215001;Cota-Parte do ICMS - Principal;Lançamento de Receita;488.157,66;500;Recursos não vinculados de Impostos;1002;Identificação das despesas com ações e serviços públicos de saúde
Bayeux;201025;Prefeitura Municipal de Bayeux;112025;2025;17215001;Cota-Parte do ICMS - Principal;Lançamento de Receita;1.952.630,64;500;Recursos não vinculados de Impostos;"Não ";Não Aplicável
Bayeux;201025;Prefeitura Municipal de Bayeux;112025;2025;17215001;Cota-Parte do ICMS - Principal;Lançamento de Receita;813.596,1;500;Recursos não vinculados de Impostos;1001;Identificação das despesas com manutenção e desenvolvimento do ensino
Bayeux;201025;Prefeitura Municipal de Bayeux;102025;2025;17215001;Cota-Parte do ICMS - Principal;Lançamento de Receita;539.792,52;500;Recursos não vinculados de Impostos;1002;Identificação das despesas com ações e serviços públicos de saúde
Bayeux;201025;Prefeitura Municipal de Bayeux;102025;2025;17215001;Cota-Parte do ICMS - Principal;Dedução do Fundeb;-719.723,34;500;Recursos não vinculados de Impostos;1001;Identificação das despesas com manutenção e desenvolvimento do ensino
Bayeux;201025;Prefeitura Municipal de Bayeux;102025;2025;17215001;Cota-Parte do ICMS - Principal;Lançamento de Receita;2.159.170,07;500;Recursos não vinculados de Impostos;"Não ";Não Aplicável
Bayeux;201025;Prefeitura Municipal de Bayeux;102025;2025;17215001;Cota-Parte do ICMS - Principal;Lançamento de Receita;899.654,2;500;Recursos não vinculados de Impostos;1001;Identificação das despesas com manutenção e desenvolvimento do ensino
Bayeux;201025;Prefeitura Municipal de Bayeux;092025;2025;17215001;Cota-Parte do ICMS - Principal;Dedução do Fundeb;-787.986,17;500;Recursos não vinculados de Impostos;1001;Identificação das despesas com manutenção e desenvolvimento do ensino
Bayeux;201025;Prefeitura Municipal de Bayeux;092025;2025;17215001;Cota-Parte do ICMS - Principal;Lançamento de Receita;984.982,74;500;Recursos não vinculados de Impostos;1001;Identificação das despesas com manutenção e desenvolvimento do ensino
Bayeux;201025;Prefeitura Municipal de Bayeux;092025;2025;17215001;Cota-Parte do ICMS - Principal;Lançamento de Receita;2.363.958,58;500;Recursos não vinculados de Impostos;"Não ";Não Aplicável
Bayeux;201025;Prefeitura Municipal de Bayeux;092025;2025;17215001;Cota-Parte do ICMS - Principal;Lançamento de Receita;590.989,64;500;Recursos não vinculados de Impostos;1002;Identificação das despesas com ações e serviços públicos de saúde
Bayeux;201025;Prefeitura Municipal de Bayeux;082025;2025;17215001;Cota-Parte do ICMS - Principal;Lançamento de Receita;1.034.950,69;500;Recursos não vinculados de Impostos;1001;Identificação das despesas com manutenção e desenvolvimento do ensino
Bayeux;201025;Prefeitura Municipal de Bayeux;082025;2025;17215001;Cota-Parte do ICMS - Principal;Lançamento de Receita;620.970,42;500;Recursos não vinculados de Impostos;1002;Identificação das despesas com ações e serviços públicos de saúde
Bayeux;201025;Prefeitura Municipal de Bayeux;082025;2025;17215001;Cota-Parte do ICMS - Principal;Lançamento de Receita;2.483.881,66;500;Recursos não vinculados de Impostos;"Não ";Não Aplicável
Bayeux;201025;Prefeitura Municipal de Bayeux;082025;2025;17215001;Cota-Parte do ICMS - Principal;Dedução do Fundeb;-827.960,54;500;Recursos não vinculados de Impostos;1001;Identificação das despesas com manutenção e desenvolvimento do ensino
Bayeux;201025;Prefeitura Municipal de Bayeux;072025;2025;17215001;Cota-Parte do ICMS - Principal;Lançamento de Receita;579.249,32;500;Recursos não vinculados de Impostos;1002;Identificação das despesas com ações e serviços públicos de saúde
Bayeux;201025;Prefeitura Municipal de Bayeux;072025;2025;17215001;Cota-Parte do ICMS - Principal;Dedução do Fundeb;-772.332,42;500;Recursos não vinculados de Impostos;1001;Identificação das despesas com manutenção e desenvolvimento do ensino
Bayeux;201025;Prefeitura Municipal de Bayeux;072025;2025;17215001;Cota-Parte do ICMS - Principal;Lançamento de Receita;2.316.997,3;500;Recursos não vinculados de Impostos;"Não ";Não Aplicável
Bayeux;201025;Prefeitura Municipal de Bayeux;072025;2025;17215001;Cota-Parte do ICMS - Principal;Lançamento de Receita;965.415,54;500;Recursos não vinculados de Impostos;1001;Identificação das despesas com manutenção e desenvolvimento do ensino
Bayeux;201025;Prefeitura Municipal de Bayeux;062025;2025;17215001;Cota-Parte do ICMS - Principal;Dedução do Fundeb;-689.807,19;500;Recursos não vinculados de Impostos;1001;Identificação das despesas com manutenção e desenvolvimento do ensino
Bayeux;201025;Prefeitura Municipal de Bayeux;062025;2025;17215001;Cota-Parte do ICMS - Principal;Lançamento de Receita;2.069.421,63;500;Recursos não vinculados de Impostos;"Não ";Não Aplicável
Bayeux;201025;Prefeitura Municipal de Bayeux;062025;2025;17215001;Cota-Parte do ICMS - Principal;Lançamento de Receita;862.259,02;500;Recursos não vinculados de Impostos;1001;Identificação das despesas com manutenção e desenvolvimento do ensino
Bayeux;201025;Prefeitura Municipal de Bayeux;062025;2025;17215001;Cota-Parte do ICMS - Principal;Lançamento de Receita;517.355,4;500;Recursos não vinculados de Impostos;1002;Identificação das despesas com ações e serviços públicos de saúde
Bayeux;201025;Prefeitura Municipal de Bayeux;052025;2025;17215001;Cota-Parte do ICMS - Principal;Dedução do Fundeb;-680.254,92;500;Recursos não vinculados de Impostos;1001;Identificação das despesas com manutenção e desenvolvimento do ensino
Bayeux;201025;Prefeitura Municipal de Bayeux;052025;2025;17215001;Cota-Parte do ICMS - Principal;Lançamento de Receita;2.040.764,81;500;Recursos não vinculados de Impostos;"Não ";Não Aplicável
Bayeux;201025;Prefeitura Municipal de Bayeux;052025;2025;17215001;Cota-Parte do ICMS - Principal;Lançamento de Receita;510.191,2;500;Recursos não vinculados de Impostos;1002;Identificação das despesas com ações e serviços públicos de saúde
Bayeux;201025;Prefeitura Municipal de Bayeux;052025;2025;17215001;Cota-Parte do ICMS - Principal;Lançamento de Receita;850.318,67;500;Recursos não vinculados de Impostos;1001;Identificação das despesas com manutenção e desenvolvimento do ensino
Bayeux;201025;Prefeitura Municipal de Bayeux;042025;2025;17215001;Cota-Parte do ICMS - Principal;Dedução do Fundeb;-708.861,51;500;Recursos não vinculados de Impostos;1001;Identificação das despesas com manutenção e desenvolvimento do ensino
Bayeux;201025;Prefeitura Municipal de Bayeux;042025;2025;17215001;Cota-Parte do ICMS - Principal;Lançamento de Receita;531.646,15;500;Recursos não vinculados de Impostos;1002;Identificação das despesas com ações e serviços públicos de saúde
Bayeux;201025;Prefeitura Municipal de Bayeux;042025;2025;17215001;Cota-Parte do ICMS - Principal;Lançamento de Receita;2.126.584,61;500;Recursos não vinculados de Impostos;"Não ";Não Aplicável
Bayeux;201025;Prefeitura Municipal de Bayeux;042025;2025;17215001;Cota-Parte do ICMS - Principal;Lançamento de Receita;886.076,93;500;Recursos não vinculados de Impostos;1001;Identificação das despesas com manutenção e desenvolvimento do ensino
Bayeux;201025;Prefeitura Municipal de Bayeux;032025;2025;17215001;Cota-Parte do ICMS - Principal;Dedução do Fundeb;-696.286,45;500;Recursos não vinculados de Impostos;1001;Identificação das despesas com manutenção e desenvolvimento do ensino
Bayeux;201025;Prefeitura Municipal de Bayeux;032025;2025;17215001;Cota-Parte do ICMS - Principal;Lançamento de Receita;2.088.859,39;500;Recursos não vinculados de Impostos;"Não ";Não Aplicável
Bayeux;201025;Prefeitura Municipal de Bayeux;032025;2025;17215001;Cota-Parte do ICMS - Principal;Lançamento de Receita;522.214,85;500;Recursos não vinculados de Impostos;1002;Identificação das despesas com ações e serviços públicos de saúde
Bayeux;201025;Prefeitura Municipal de Bayeux;032025;2025;17215001;Cota-Parte do ICMS - Principal;Lançamento de Receita;870.358,07;500;Recursos não vinculados de Impostos;1001;Identificação das despesas com manutenção e desenvolvimento do ensino
Bayeux;201025;Prefeitura Municipal de Bayeux;022025;2025;17215001;Cota-Parte do ICMS - Principal;Lançamento de Receita;829.489,34;500;Recursos não vinculados de Impostos;1001;Identificação das despesas com manutenção e desenvolvimento do ensino
Bayeux;201025;Prefeitura Municipal de Bayeux;022025;2025;17215001;Cota-Parte do ICMS - Principal;Dedução do Fundeb;-663.591,45;500;Recursos não vinculados de Impostos;1001;Identificação das despesas com manutenção e desenvolvimento do ensino
Bayeux;201025;Prefeitura Municipal de Bayeux;022025;2025;17215001;Cota-Parte do ICMS - Principal;Lançamento de Receita;1.990.774,41;500;Recursos não vinculados de Impostos;"Não ";Não Aplicável
Bayeux;201025;Prefeitura Municipal de Bayeux;022025;2025;17215001;Cota-Parte do ICMS - Principal;Lançamento de Receita;497.693,61;500;Recursos não vinculados de Impostos;1002;Identificação das despesas com ações e serviços públicos de saúde
Bayeux;201025;Prefeitura Municipal de Bayeux;012025;2025;17215001;Cota-Parte do ICMS - Principal;Lançamento de Receita;2.270.363,3;500;Recursos não vinculados de Impostos;"Não ";Não Aplicável
Bayeux;201025;Prefeitura Municipal de Bayeux;012025;2025;17215001;Cota-Parte do ICMS - Principal;Dedução do Fundeb;-756.787,74;500;Recursos não vinculados de Impostos;1001;Identificação das despesas com manutenção e desenvolvimento do ensino
Bayeux;201025;Prefeitura Municipal de Bayeux;012025;2025;17215001;Cota-Parte do ICMS - Principal;Lançamento de Receita;945.984,7;500;Recursos não vinculados de Impostos;1001;Identificação das despesas com manutenção e desenvolvimento do ensino
Bayeux;201025;Prefeitura Municipal de Bayeux;012025;2025;17215001;Cota-Parte do ICMS - Principal;Lançamento de Receita;567.590,83;500;Recursos não vinculados de Impostos;1002;Identificação das despesas com ações e serviços públicos de saúde
Bayeux;201025;Prefeitura Municipal de Bayeux;122025;2025;17199901;Outras Transferências de Recursos da União e de suas Entidades - Principal;Lançamento de Receita;381.249,02;500;Recursos não vinculados de Impostos;"Não ";Não Aplicável
Bayeux;201025;Prefeitura Municipal de Bayeux;112025;2025;17199901;Outras Transferências de Recursos da União e de suas Entidades - Principal;Lançamento de Receita;0,01;500;Recursos não vinculados de Impostos;"Não ";Não Aplicável
Bayeux;201025;Prefeitura Municipal de Bayeux;082025;2025;17199901;Outras Transferências de Recursos da União e de suas Entidades - Principal;Lançamento de Receita;7.768,26;500;Recursos não vinculados de Impostos;"Não ";Não Aplicável
Bayeux;201025;Prefeitura Municipal de Bayeux;122025;2025;17195801;Transferência Obrigatória Decorrente da Lei Complementar nº 176/2020 - Principal;Lançamento de Receita;2.085,72;500;Recursos não vinculados de Impostos;"Não ";Não Aplicável
Bayeux;201025;Prefeitura Municipal de Bayeux;112025;2025;17195801;Transferência Obrigatória Decorrente da Lei Complementar nº 176/2020 - Principal;Lançamento de Receita;2.085,72;500;Recursos não vinculados de Impostos;"Não ";Não Aplicável
Bayeux;201025;Prefeitura Municipal de Bayeux;102025;2025;17195801;Transferência Obrigatória Decorrente da Lei Complementar nº 176/2020 - Principal;Lançamento de Receita;2.085,72;500;Recursos não vinculados de Impostos;"Não ";Não Aplicável
Bayeux;201025;Prefeitura Municipal de Bayeux;092025;2025;17195801;Transferência Obrigatória Decorrente da Lei Complementar nº 176/2020 - Principal;Lançamento de Receita;2.085,72;500;Recursos não vinculados de Impostos;"Não ";Não Aplicável
Bayeux;201025;Prefeitura Municipal de Bayeux;082025;2025;17195801;Transferência Obrigatória Decorrente da Lei Complementar nº 176/2020 - Principal;Lançamento de Receita;2.085,72;500;Recursos não vinculados de Impostos;"Não ";Não Aplicável
Bayeux;201025;Prefeitura Municipal de Bayeux;072025;2025;17195801;Transferência Obrigatória Decorrente da Lei Complementar nº 176/2020 - Principal;Lançamento de Receita;2.085,72;500;Recursos não vinculados de Impostos;"Não ";Não Aplicável
Bayeux;201025;Prefeitura Municipal de Bayeux;062025;2025;17195801;Transferência Obrigatória Decorrente da Lei Complementar nº 176/2020 - Principal;Lançamento de Receita;2.085,72;500;Recursos não vinculados de Impostos;"Não ";Não Aplicável
Bayeux;201025;Prefeitura Municipal de Bayeux;052025;2025;17195801;Transferência Obrigatória Decorrente da Lei Complementar nº 176/2020 - Principal;Lançamento de Receita;2.085,72;500;Recursos não vinculados de Impostos;"Não ";Não Aplicável
Bayeux;201025;Prefeitura Municipal de Bayeux;042025;2025;17195801;Transferência Obrigatória Decorrente da Lei Complementar nº 176/2020 - Principal;Lançamento de Receita;2.085,72;500;Recursos não vinculados de Impostos;"Não ";Não Aplicável
Bayeux;201025;Prefeitura Municipal de Bayeux;032025;2025;17195801;Transferência Obrigatória Decorrente da Lei Complementar nº 176/2020 - Principal;Lançamento de Receita;2.085,72;500;Recursos não vinculados de Impostos;"Não ";Não Aplicável
Bayeux;201025;Prefeitura Municipal de Bayeux;022025;2025;17195801;Transferência Obrigatória Decorrente da Lei Complementar nº 176/2020 - Principal;Lançamento de Receita;2.085,72;500;Recursos não vinculados de Impostos;"Não ";Não Aplicável
Bayeux;201025;Prefeitura Municipal de Bayeux;012025;2025;17195801;Transferência Obrigatória Decorrente da Lei Complementar nº 176/2020 - Principal;Lançamento de Receita;2.085,72;500;Recursos não vinculados de Impostos;"Não ";Não Aplicável
Bayeux;201025;Prefeitura Municipal de Bayeux;052025;2025;17195701;Transferência Especial da União - Principal;Lançamento de Receita;415.619,73;706;"Transferência Especial da União ";3110;Identificação das Transferências da União decorrentes de emendas parlamentares individuais
Bayeux;201025;Prefeitura Municipal de Bayeux;122025;2025;17165001;Transferências de Recursos do Fundo Nacional de Assistência Social – FNAS - Principal;Lançamento de Receita;600.000;669;Outros Recursos Vinculados à Assistência Social;3110;Identificação das Transferências da União decorrentes de emendas parlamentares individuais
Bayeux;201025;Prefeitura Municipal de Bayeux;122025;2025;17165001;Transferências de Recursos do Fundo Nacional de Assistência Social – FNAS - Principal;Lançamento de Receita;622.579,84;660;Transferência de Recursos do Fundo Nacional de Assistência Social - FNAS;"Não ";Não Aplicável
Bayeux;201025;Prefeitura Municipal de Bayeux;122025;2025;17165001;Transferências de Recursos do Fundo Nacional de Assistência Social – FNAS - Principal;Lançamento de Receita;99.548,5;669;Outros Recursos Vinculados à Assistência Social;"Não ";Não Aplicável
Bayeux;201025;Prefeitura Municipal de Bayeux;112025;2025;17165001;Transferências de Recursos do Fundo Nacional de Assistência Social – FNAS - Principal;Lançamento de Receita;256.469,5;660;Transferência de Recursos do Fundo Nacional de Assistência Social - FNAS;"Não ";Não Aplicável
Bayeux;201025;Prefeitura Municipal de Bayeux;112025;2025;17165001;Transferências de Recursos do Fundo Nacional de Assistência Social – FNAS - Principal;Lançamento de Receita;-5.600;669;Outros Recursos Vinculados à Assistência Social;"Não ";Não Aplicável
Bayeux;201025;Prefeitura Municipal de Bayeux;102025;2025;17165001;Transferências de Recursos do Fundo Nacional de Assistência Social – FNAS - Principal;Lançamento de Receita;431.312,8;660;Transferência de Recursos do Fundo Nacional de Assistência Social - FNAS;"Não ";Não Aplicável
Bayeux;201025;Prefeitura Municipal de Bayeux;102025;2025;17165001;Transferências de Recursos do Fundo Nacional de Assistência Social – FNAS - Principal;Lançamento de Receita;1.000.000;660;Transferência de Recursos do Fundo Nacional de Assistência Social - FNAS;3110;Identificação das Transferências da União decorrentes de emendas parlamentares individuais
Bayeux;201025;Prefeitura Municipal de Bayeux;102025;2025;17165001;Transferências de Recursos do Fundo Nacional de Assistência Social – FNAS - Principal;Lançamento de Receita;-181.154,42;669;Outros Recursos Vinculados à Assistência Social;"Não ";Não Aplicável
Bayeux;201025;Prefeitura Municipal de Bayeux;092025;2025;17165001;Transferências de Recursos do Fundo Nacional de Assistência Social – FNAS - Principal;Lançamento de Receita;131.912,21;669;Outros Recursos Vinculados à Assistência Social;"Não ";Não Aplicável
Bayeux;201025;Prefeitura Municipal de Bayeux;092025;2025;17165001;Transferências de Recursos do Fundo Nacional de Assistência Social – FNAS - Principal;Lançamento de Receita;220.994,51;660;Transferência de Recursos do Fundo Nacional de Assistência Social - FNAS;"Não ";Não Aplicável
Bayeux;201025;Prefeitura Municipal de Bayeux;082025;2025;17165001;Transferências de Recursos do Fundo Nacional de Assistência Social – FNAS - Principal;Lançamento de Receita;216.267,32;660;Transferência de Recursos do Fundo Nacional de Assistência Social - FNAS;"Não ";Não Aplicável
Bayeux;201025;Prefeitura Municipal de Bayeux;082025;2025;17165001;Transferências de Recursos do Fundo Nacional de Assistência Social – FNAS - Principal;Lançamento de Receita;24.911;669;Outros Recursos Vinculados à Assistência Social;"Não ";Não Aplicável
Bayeux;201025;Prefeitura Municipal de Bayeux;072025;2025;17165001;Transferências de Recursos do Fundo Nacional de Assistência Social – FNAS - Principal;Lançamento de Receita;362.862,44;660;Transferência de Recursos do Fundo Nacional de Assistência Social - FNAS;"Não ";Não Aplicável
Bayeux;201025;Prefeitura Municipal de Bayeux;072025;2025;17165001;Transferências de Recursos do Fundo Nacional de Assistência Social – FNAS - Principal;Lançamento de Receita;177.734,92;669;Outros Recursos Vinculados à Assistência Social;"Não ";Não Aplicável
Bayeux;201025;Prefeitura Municipal de Bayeux;062025;2025;17165001;Transferências de Recursos do Fundo Nacional de Assistência Social – FNAS - Principal;Lançamento de Receita;49.469,37;660;Transferência de Recursos do Fundo Nacional de Assistência Social - FNAS;"Não ";Não Aplicável
Bayeux;201025;Prefeitura Municipal de Bayeux;052025;2025;17165001;Transferências de Recursos do Fundo Nacional de Assistência Social – FNAS - Principal;Lançamento de Receita;25.690;669;Outros Recursos Vinculados à Assistência Social;"Não ";Não Aplicável
Bayeux;201025;Prefeitura Municipal de Bayeux;052025;2025;17165001;Transferências de Recursos do Fundo Nacional de Assistência Social – FNAS - Principal;Lançamento de Receita;219.735,25;660;Transferência de Recursos do Fundo Nacional de Assistência Social - FNAS;"Não ";Não Aplicável
Bayeux;201025;Prefeitura Municipal de Bayeux;042025;2025;17165001;Transferências de Recursos do Fundo Nacional de Assistência Social – FNAS - Principal;Lançamento de Receita;25.690;669;Outros Recursos Vinculados à Assistência Social;"Não ";Não Aplicável
Bayeux;201025;Prefeitura Municipal de Bayeux;042025;2025;17165001;Transferências de Recursos do Fundo Nacional de Assistência Social – FNAS - Principal;Lançamento de Receita;372.310,03;660;Transferência de Recursos do Fundo Nacional de Assistência Social - FNAS;"Não ";Não Aplicável
Bayeux;201025;Prefeitura Municipal de Bayeux;032025;2025;17165001;Transferências de Recursos do Fundo Nacional de Assistência Social – FNAS - Principal;Lançamento de Receita;27.048,63;669;Outros Recursos Vinculados à Assistência Social;"Não ";Não Aplicável
Bayeux;201025;Prefeitura Municipal de Bayeux;032025;2025;17165001;Transferências de Recursos do Fundo Nacional de Assistência Social – FNAS - Principal;Lançamento de Receita;106.909,55;660;Transferência de Recursos do Fundo Nacional de Assistência Social - FNAS;"Não ";Não Aplicável
Bayeux;201025;Prefeitura Municipal de Bayeux;022025;2025;17165001;Transferências de Recursos do Fundo Nacional de Assistência Social – FNAS - Principal;Lançamento de Receita;27.055,24;669;Outros Recursos Vinculados à Assistência Social;"Não ";Não Aplicável
Bayeux;201025;Prefeitura Municipal de Bayeux;022025;2025;17165001;Transferências de Recursos do Fundo Nacional de Assistência Social – FNAS - Principal;Lançamento de Receita;112.332,02;660;Transferência de Recursos do Fundo Nacional de Assistência Social - FNAS;"Não ";Não Aplicável
Bayeux;201025;Prefeitura Municipal de Bayeux;012025;2025;17165001;Transferências de Recursos do Fundo Nacional de Assistência Social – FNAS - Principal;Lançamento de Receita;100.000;660;Transferência de Recursos do Fundo Nacional de Assistência Social - FNAS;3120;Identificação das Transferências da União decorrentes de emendas parlamentares de bancada
Bayeux;201025;Prefeitura Municipal de Bayeux;012025;2025;17165001;Transferências de Recursos do Fundo Nacional de Assistência Social – FNAS - Principal;Lançamento de Receita;142.304,96;660;Transferência de Recursos do Fundo Nacional de Assistência Social - FNAS;"Não ";Não Aplicável
Bayeux;201025;Prefeitura Municipal de Bayeux;122025;2025;17155301;Transferências de Recursos do Fundeb destinados à criação de matrículas em ETI - Principal;Lançamento de Receita;334.588,69;546;Transferências do FUNDEB - complementação da União - Educação Tempo Integral;"Não ";Não Aplicável
Bayeux;201025;Prefeitura Municipal de Bayeux;112025;2025;17155301;Transferências de Recursos do Fundeb destinados à criação de matrículas em ETI - Principal;Lançamento de Receita;334.588,67;546;Transferências do FUNDEB - complementação da União - Educação Tempo Integral;"Não ";Não Aplicável
Bayeux;201025;Prefeitura Municipal de Bayeux;102025;2025;17155301;Transferências de Recursos do Fundeb destinados à criação de matrículas em ETI - Principal;Lançamento de Receita;669.177,34;546;Transferências do FUNDEB - complementação da União - Educação Tempo Integral;"Não ";Não Aplicável
Bayeux;201025;Prefeitura Municipal de Bayeux;122025;2025;17155101;Transferências de Recursos de Complementação da União ao Fundeb – VAAF - Principal;Lançamento de Receita;263.410,96;541;Transferências do FUNDEB - Complementação da União - VAAF;1070;Identificação do percentual aplicado no pagamento da remuneração dos profissionais da educação básica em efetivo exercício
Bayeux;201025;Prefeitura Municipal de Bayeux;122025;2025;17155101;Transferências de Recursos de Complementação da União ao Fundeb – VAAF - Principal;Lançamento de Receita;6.754,13;541;Transferências do FUNDEB - Complementação da União - VAAF;"Não ";Não Aplicável
Bayeux;201025;Prefeitura Municipal de Bayeux;112025;2025;17155101;Transferências de Recursos de Complementação da União ao Fundeb – VAAF - Principal;Lançamento de Receita;6.750,29;541;Transferências do FUNDEB - Complementação da União - VAAF;"Não ";Não Aplicável
Bayeux;201025;Prefeitura Municipal de Bayeux;112025;2025;17155101;Transferências de Recursos de Complementação da União ao Fundeb – VAAF - Principal;Lançamento de Receita;263.261,12;541;Transferências do FUNDEB - Complementação da União - VAAF;1070;Identificação do percentual aplicado no pagamento da remuneração dos profissionais da educação básica em efetivo exercício
Bayeux;201025;Prefeitura Municipal de Bayeux;102025;2025;17155101;Transferências de Recursos de Complementação da União ao Fundeb – VAAF - Principal;Lançamento de Receita;6.749,48;541;Transferências do FUNDEB - Complementação da União - VAAF;"Não ";Não Aplicável
Bayeux;201025;Prefeitura Municipal de Bayeux;102025;2025;17155101;Transferências de Recursos de Complementação da União ao Fundeb – VAAF - Principal;Lançamento de Receita;263.229,59;541;Transferências do FUNDEB - Complementação da União - VAAF;1070;Identificação do percentual aplicado no pagamento da remuneração dos profissionais da educação básica em efetivo exercício
Bayeux;201025;Prefeitura Municipal de Bayeux;092025;2025;17155101;Transferências de Recursos de Complementação da União ao Fundeb – VAAF - Principal;Lançamento de Receita;273.752,86;541;Transferências do FUNDEB - Complementação da União - VAAF;1070;Identificação do percentual aplicado no pagamento da remuneração dos profissionais da educação básica em efetivo exercício
Bayeux;201025;Prefeitura Municipal de Bayeux;092025;2025;17155101;Transferências de Recursos de Complementação da União ao Fundeb – VAAF - Principal;Lançamento de Receita;7.019,3;541;Transferências do FUNDEB - Complementação da União - VAAF;"Não ";Não Aplicável
Bayeux;201025;Prefeitura Municipal de Bayeux;082025;2025;17155101;Transferências de Recursos de Complementação da União ao Fundeb – VAAF - Principal;Lançamento de Receita;389.705,01;541;Transferências do FUNDEB - Complementação da União - VAAF;1070;Identificação do percentual aplicado no pagamento da remuneração dos profissionais da educação básica em efetivo exercício
Bayeux;201025;Prefeitura Municipal de Bayeux;082025;2025;17155101;Transferências de Recursos de Complementação da União ao Fundeb – VAAF - Principal;Lançamento de Receita;9.992,44;541;Transferências do FUNDEB - Complementação da União - VAAF;"Não ";Não Aplicável
Bayeux;201025;Prefeitura Municipal de Bayeux;072025;2025;17155101;Transferências de Recursos de Complementação da União ao Fundeb – VAAF - Principal;Lançamento de Receita;9.748,34;541;Transferências do FUNDEB - Complementação da União - VAAF;"Não ";Não Aplicável
Bayeux;201025;Prefeitura Municipal de Bayeux;072025;2025;17155101;Transferências de Recursos de Complementação da União ao Fundeb – VAAF - Principal;Lançamento de Receita;380.185,45;541;Transferências do FUNDEB - Complementação da União - VAAF;1070;Identificação do percentual aplicado no pagamento da remuneração dos profissionais da educação básica em efetivo exercício
Bayeux;201025;Prefeitura Municipal de Bayeux;062025;2025;17155101;Transferências de Recursos de Complementação da União ao Fundeb – VAAF - Principal;Lançamento de Receita;9.748,34;541;Transferências do FUNDEB - Complementação da União - VAAF;"Não ";Não Aplicável
Bayeux;201025;Prefeitura Municipal de Bayeux;062025;2025;17155101;Transferências de Recursos de Complementação da União ao Fundeb – VAAF - Principal;Lançamento de Receita;380.185,45;541;Transferências do FUNDEB - Complementação da União - VAAF;1070;Identificação do percentual aplicado no pagamento da remuneração dos profissionais da educação básica em efetivo exercício
Bayeux;201025;Prefeitura Municipal de Bayeux;052025;2025;17155101;Transferências de Recursos de Complementação da União ao Fundeb – VAAF - Principal;Lançamento de Receita;9.123,82;541;Transferências do FUNDEB - Complementação da União - VAAF;"Não ";Não Aplicável
Bayeux;201025;Prefeitura Municipal de Bayeux;052025;2025;17155101;Transferências de Recursos de Complementação da União ao Fundeb – VAAF - Principal;Lançamento de Receita;355.828,88;541;Transferências do FUNDEB - Complementação da União - VAAF;1070;Identificação do percentual aplicado no pagamento da remuneração dos profissionais da educação básica em efetivo exercício
Bayeux;201025;Prefeitura Municipal de Bayeux;042025;2025;17155101;Transferências de Recursos de Complementação da União ao Fundeb – VAAF - Principal;Lançamento de Receita;11.427,32;541;Transferências do FUNDEB - Complementação da União - VAAF;"Não ";Não Aplicável
Bayeux;201025;Prefeitura Municipal de Bayeux;042025;2025;17155101;Transferências de Recursos de Complementação da União ao Fundeb – VAAF - Principal;Lançamento de Receita;445.665,53;541;Transferências do FUNDEB - Complementação da União - VAAF;1070;Identificação do percentual aplicado no pagamento da remuneração dos profissionais da educação básica em efetivo exercício
Bayeux;201025;Prefeitura Municipal de Bayeux;032025;2025;17155101;Transferências de Recursos de Complementação da União ao Fundeb – VAAF - Principal;Lançamento de Receita;-1.897,72;541;Transferências do FUNDEB - Complementação da União - VAAF;"Não ";Não Aplicável
Bayeux;201025;Prefeitura Municipal de Bayeux;032025;2025;17155101;Transferências de Recursos de Complementação da União ao Fundeb – VAAF - Principal;Lançamento de Receita;-74.010,8;541;Transferências do FUNDEB - Complementação da União - VAAF;1070;Identificação do percentual aplicado no pagamento da remuneração dos profissionais da educação básica em efetivo exercício
Bayeux;201025;Prefeitura Municipal de Bayeux;022025;2025;17155101;Transferências de Recursos de Complementação da União ao Fundeb – VAAF - Principal;Lançamento de Receita;16.456,91;541;Transferências do FUNDEB - Complementação da União - VAAF;"Não ";Não Aplicável
Bayeux;201025;Prefeitura Municipal de Bayeux;022025;2025;17155101;Transferências de Recursos de Complementação da União ao Fundeb – VAAF - Principal;Lançamento de Receita;641.819,48;541;Transferências do FUNDEB - Complementação da União - VAAF;1070;Identificação do percentual aplicado no pagamento da remuneração dos profissionais da educação básica em efetivo exercício
Bayeux;201025;Prefeitura Municipal de Bayeux;012025;2025;17155101;Transferências de Recursos de Complementação da União ao Fundeb – VAAF - Principal;Lançamento de Receita;31.621,05;541;Transferências do FUNDEB - Complementação da União - VAAF;"Não ";Não Aplicável
Bayeux;201025;Prefeitura Municipal de Bayeux;012025;2025;17155101;Transferências de Recursos de Complementação da União ao Fundeb – VAAF - Principal;Lançamento de Receita;1.233.220,76;541;Transferências do FUNDEB - Complementação da União - VAAF;1070;Identificação do percentual aplicado no pagamento da remuneração dos profissionais da educação básica em efetivo exercício
Bayeux;201025;Prefeitura Municipal de Bayeux;122025;2025;17155001;Transferências de Recursos de Complementação da União ao Fundeb – VAAT - Principal;Lançamento de Receita;153.673,03;542;Transferências do FUNDEB - Complementação da União - VAAT;"Não ";Não Aplicável
Bayeux;201025;Prefeitura Municipal de Bayeux;122025;2025;17155001;Transferências de Recursos de Complementação da União ao Fundeb – VAAT - Principal;Lançamento de Receita;387.429,2;542;Transferências do FUNDEB - Complementação da União - VAAT;1070;Identificação do percentual aplicado no pagamento da remuneração dos profissionais da educação básica em efetivo exercício
Bayeux;201025;Prefeitura Municipal de Bayeux;112025;2025;17155001;Transferências de Recursos de Complementação da União ao Fundeb – VAAT - Principal;Lançamento de Receita;385.602,37;542;Transferências do FUNDEB - Complementação da União - VAAT;1070;Identificação do percentual aplicado no pagamento da remuneração dos profissionais da educação básica em efetivo exercício
Bayeux;201025;Prefeitura Municipal de Bayeux;112025;2025;17155001;Transferências de Recursos de Complementação da União ao Fundeb – VAAT - Principal;Lançamento de Receita;152.948,42;542;Transferências do FUNDEB - Complementação da União - VAAT;"Não ";Não Aplicável
Bayeux;201025;Prefeitura Municipal de Bayeux;102025;2025;17155001;Transferências de Recursos de Complementação da União ao Fundeb – VAAT - Principal;Lançamento de Receita;152.948,42;542;Transferências do FUNDEB - Complementação da União - VAAT;"Não ";Não Aplicável
Bayeux;201025;Prefeitura Municipal de Bayeux;102025;2025;17155001;Transferências de Recursos de Complementação da União ao Fundeb – VAAT - Principal;Lançamento de Receita;385.602,37;542;Transferências do FUNDEB - Complementação da União - VAAT;1070;Identificação do percentual aplicado no pagamento da remuneração dos profissionais da educação básica em efetivo exercício
Bayeux;201025;Prefeitura Municipal de Bayeux;092025;2025;17155001;Transferências de Recursos de Complementação da União ao Fundeb – VAAT - Principal;Lançamento de Receita;328.263,89;542;Transferências do FUNDEB - Complementação da União - VAAT;"Não ";Não Aplicável
Bayeux;201025;Prefeitura Municipal de Bayeux;092025;2025;17155001;Transferências de Recursos de Complementação da União ao Fundeb – VAAT - Principal;Lançamento de Receita;827.594,91;542;Transferências do FUNDEB - Complementação da União - VAAT;1070;Identificação do percentual aplicado no pagamento da remuneração dos profissionais da educação básica em efetivo exercício
Bayeux;201025;Prefeitura Municipal de Bayeux;072025;2025;17155001;Transferências de Recursos de Complementação da União ao Fundeb – VAAT - Principal;Lançamento de Receita;170.917,72;542;Transferências do FUNDEB - Complementação da União - VAAT;"Não ";Não Aplicável
Bayeux;201025;Prefeitura Municipal de Bayeux;072025;2025;17155001;Transferências de Recursos de Complementação da União ao Fundeb – VAAT - Principal;Lançamento de Receita;430.905,25;542;Transferências do FUNDEB - Complementação da União - VAAT;1070;Identificação do percentual aplicado no pagamento da remuneração dos profissionais da educação básica em efetivo exercício
Bayeux;201025;Prefeitura Municipal de Bayeux;062025;2025;17155001;Transferências de Recursos de Complementação da União ao Fundeb – VAAT - Principal;Lançamento de Receita;170.917,72;542;Transferências do FUNDEB - Complementação da União - VAAT;"Não ";Não Aplicável
Bayeux;201025;Prefeitura Municipal de Bayeux;062025;2025;17155001;Transferências de Recursos de Complementação da União ao Fundeb – VAAT - Principal;Lançamento de Receita;430.905,25;542;Transferências do FUNDEB - Complementação da União - VAAT;1070;Identificação do percentual aplicado no pagamento da remuneração dos profissionais da educação básica em efetivo exercício
Bayeux;201025;Prefeitura Municipal de Bayeux;052025;2025;17155001;Transferências de Recursos de Complementação da União ao Fundeb – VAAT - Principal;Lançamento de Receita;159.967,89;542;Transferências do FUNDEB - Complementação da União - VAAT;"Não ";Não Aplicável
Bayeux;201025;Prefeitura Municipal de Bayeux;052025;2025;17155001;Transferências de Recursos de Complementação da União ao Fundeb – VAAT - Principal;Lançamento de Receita;403.299,32;542;Transferências do FUNDEB - Complementação da União - VAAT;1070;Identificação do percentual aplicado no pagamento da remuneração dos profissionais da educação básica em efetivo exercício
Bayeux;201025;Prefeitura Municipal de Bayeux;042025;2025;17155001;Transferências de Recursos de Complementação da União ao Fundeb – VAAT - Principal;Lançamento de Receita;551.650,23;542;Transferências do FUNDEB - Complementação da União - VAAT;1070;Identificação do percentual aplicado no pagamento da remuneração dos profissionais da educação básica em efetivo exercício
Bayeux;201025;Prefeitura Municipal de Bayeux;042025;2025;17155001;Transferências de Recursos de Complementação da União ao Fundeb – VAAT - Principal;Lançamento de Receita;218.810,99;542;Transferências do FUNDEB - Complementação da União - VAAT;"Não ";Não Aplicável
Bayeux;201025;Prefeitura Municipal de Bayeux;032025;2025;17155001;Transferências de Recursos de Complementação da União ao Fundeb – VAAT - Principal;Lançamento de Receita;225.504,02;542;Transferências do FUNDEB - Complementação da União - VAAT;"Não ";Não Aplicável
Bayeux;201025;Prefeitura Municipal de Bayeux;032025;2025;17155001;Transferências de Recursos de Complementação da União ao Fundeb – VAAT - Principal;Lançamento de Receita;568.524,2;542;Transferências do FUNDEB - Complementação da União - VAAT;1070;Identificação do percentual aplicado no pagamento da remuneração dos profissionais da educação básica em efetivo exercício
Bayeux;201025;Prefeitura Municipal de Bayeux;012025;2025;17155001;Transferências de Recursos de Complementação da União ao Fundeb – VAAT - Principal;Lançamento de Receita;508.904,48;542;Transferências do FUNDEB - Complementação da União - VAAT;"Não ";Não Aplicável
Bayeux;201025;Prefeitura Municipal de Bayeux;012025;2025;17155001;Transferências de Recursos de Complementação da União ao Fundeb – VAAT - Principal;Lançamento de Receita;1.283.012,72;542;Transferências do FUNDEB - Complementação da União - VAAT;1070;Identificação do percentual aplicado no pagamento da remuneração dos profissionais da educação básica em efetivo exercício
Bayeux;201025;Prefeitura Municipal de Bayeux;122025;2025;17149901;Outras Transferências Diretas do Fundo Nacional do Desenvolvimento da Educação - FNDE - Principal;Lançamento de Receita;4.100;569;Outras Transferências de Recursos do FNDE;"Não ";Não Aplicável
Bayeux;201025;Prefeitura Municipal de Bayeux;092025;2025;17149901;Outras Transferências Diretas do Fundo Nacional do Desenvolvimento da Educação - FNDE - Principal;Lançamento de Receita;317.725,71;569;Outras Transferências de Recursos do FNDE;"Não ";Não Aplicável
Bayeux;201025;Prefeitura Municipal de Bayeux;092025;2025;17145301;Transferências referentes ao Programa Nacional de Apoio ao Transporte do Escolar – PNATE - Principal;Lançamento de Receita;1.617,96;553;"Transferências de Recursos do FNDE Referentes ao Programa Nacional de Apoio ao Transporte Escolar (PNATE) ";"Não ";Não Aplicável
Bayeux;201025;Prefeitura Municipal de Bayeux;032025;2025;17145301;Transferências referentes ao Programa Nacional de Apoio ao Transporte do Escolar – PNATE - Principal;Lançamento de Receita;1.617,97;553;"Transferências de Recursos do FNDE Referentes ao Programa Nacional de Apoio ao Transporte Escolar (PNATE) ";"Não ";Não Aplicável
Bayeux;201025;Prefeitura Municipal de Bayeux;122025;2025;17145201;Transferências referentes ao Programa Nacional de Alimentação Escolar – PNAE - Principal;Lançamento de Receita;20.995,25;552;Transferências de Recursos do FNDE Referentes ao Programa Nacional de Alimentação Escolar (PNAE);"Não ";Não Aplicável
Bayeux;201025;Prefeitura Municipal de Bayeux;092025;2025;17145201;Transferências referentes ao Programa Nacional de Alimentação Escolar – PNAE - Principal;Lançamento de Receita;122.065;552;Transferências de Recursos do FNDE Referentes ao Programa Nacional de Alimentação Escolar (PNAE);"Não ";Não Aplicável
Bayeux;201025;Prefeitura Municipal de Bayeux;082025;2025;17145201;Transferências referentes ao Programa Nacional de Alimentação Escolar – PNAE - Principal;Lançamento de Receita;143.060,25;552;Transferências de Recursos do FNDE Referentes ao Programa Nacional de Alimentação Escolar (PNAE);"Não ";Não Aplicável
Bayeux;201025;Prefeitura Municipal de Bayeux;072025;2025;17145201;Transferências referentes ao Programa Nacional de Alimentação Escolar – PNAE - Principal;Lançamento de Receita;143.060,25;552;Transferências de Recursos do FNDE Referentes ao Programa Nacional de Alimentação Escolar (PNAE);"Não ";Não Aplicável
Bayeux;201025;Prefeitura Municipal de Bayeux;062025;2025;17145201;Transferências referentes ao Programa Nacional de Alimentação Escolar – PNAE - Principal;Lançamento de Receita;143.060,25;552;Transferências de Recursos do FNDE Referentes ao Programa Nacional de Alimentação Escolar (PNAE);"Não ";Não Aplicável
Bayeux;201025;Prefeitura Municipal de Bayeux;052025;2025;17145201;Transferências referentes ao Programa Nacional de Alimentação Escolar – PNAE - Principal;Lançamento de Receita;143.060,25;552;Transferências de Recursos do FNDE Referentes ao Programa Nacional de Alimentação Escolar (PNAE);"Não ";Não Aplicável
Bayeux;201025;Prefeitura Municipal de Bayeux;042025;2025;17145201;Transferências referentes ao Programa Nacional de Alimentação Escolar – PNAE - Principal;Lançamento de Receita;143.060,25;552;Transferências de Recursos do FNDE Referentes ao Programa Nacional de Alimentação Escolar (PNAE);"Não ";Não Aplicável
Bayeux;201025;Prefeitura Municipal de Bayeux;032025;2025;17145201;Transferências referentes ao Programa Nacional de Alimentação Escolar – PNAE - Principal;Lançamento de Receita;143.060,25;552;Transferências de Recursos do FNDE Referentes ao Programa Nacional de Alimentação Escolar (PNAE);"Não ";Não Aplicável
Bayeux;201025;Prefeitura Municipal de Bayeux;022025;2025;17145201;Transferências referentes ao Programa Nacional de Alimentação Escolar – PNAE - Principal;Lançamento de Receita;143.060,25;552;Transferências de Recursos do FNDE Referentes ao Programa Nacional de Alimentação Escolar (PNAE);"Não ";Não Aplicável
Bayeux;201025;Prefeitura Municipal de Bayeux;122025;2025;17145001;Transferências do Salário-Educação - Principal;Lançamento de Receita;360.653,01;550;Transferência do Salário-Educação;"Não ";Não Aplicável
Bayeux;201025;Prefeitura Municipal de Bayeux;112025;2025;17145001;Transferências do Salário-Educação - Principal;Lançamento de Receita;364.325,71;550;Transferência do Salário-Educação;"Não ";Não Aplicável
Bayeux;201025;Prefeitura Municipal de Bayeux;102025;2025;17145001;Transferências do Salário-Educação - Principal;Lançamento de Receita;384.317,93;550;Transferência do Salário-Educação;"Não ";Não Aplicável
Bayeux;201025;Prefeitura Municipal de Bayeux;092025;2025;17145001;Transferências do Salário-Educação - Principal;Lançamento de Receita;348.631,4;550;Transferência do Salário-Educação;"Não ";Não Aplicável
Bayeux;201025;Prefeitura Municipal de Bayeux;082025;2025;17145001;Transferências do Salário-Educação - Principal;Lançamento de Receita;350.879,07;550;Transferência do Salário-Educação;"Não ";Não Aplicável
Bayeux;201025;Prefeitura Municipal de Bayeux;072025;2025;17145001;Transferências do Salário-Educação - Principal;Lançamento de Receita;755.393,54;550;Transferência do Salário-Educação;"Não ";Não Aplicável
Bayeux;201025;Prefeitura Municipal de Bayeux;052025;2025;17145001;Transferências do Salário-Educação - Principal;Lançamento de Receita;360.439,81;550;Transferência do Salário-Educação;"Não ";Não Aplicável
Bayeux;201025;Prefeitura Municipal de Bayeux;042025;2025;17145001;Transferências do Salário-Educação - Principal;Lançamento de Receita;1.761.800,18;550;Transferência do Salário-Educação;"Não ";Não Aplicável
Bayeux;201025;Prefeitura Municipal de Bayeux;122025;2025;17135051;Transferências de Recursos do Bloco de Manutenção das Ações e Serviços Públicos de Saúde – Gestão do SUS - Principal;Lançamento de Receita;626.215,42;605;Assistência financeira da União destinada à complementação ao pagamento dos pisos salariais para profissionais da enfermagem;"Não ";Não Aplicável
Bayeux;201025;Prefeitura Municipal de Bayeux;112025;2025;17135051;Transferências de Recursos do Bloco de Manutenção das Ações e Serviços Públicos de Saúde – Gestão do SUS - Principal;Lançamento de Receita;323.462,99;605;Assistência financeira da União destinada à complementação ao pagamento dos pisos salariais para profissionais da enfermagem;"Não ";Não Aplicável
Bayeux;201025;Prefeitura Municipal de Bayeux;102025;2025;17135051;Transferências de Recursos do Bloco de Manutenção das Ações e Serviços Públicos de Saúde – Gestão do SUS - Principal;Lançamento de Receita;324.000,13;605;Assistência financeira da União destinada à complementação ao pagamento dos pisos salariais para profissionais da enfermagem;"Não ";Não Aplicável
Bayeux;201025;Prefeitura Municipal de Bayeux;082025;2025;17135051;Transferências de Recursos do Bloco de Manutenção das Ações e Serviços Públicos de Saúde – Gestão do SUS - Principal;Lançamento de Receita;324.000,13;605;Assistência financeira da União destinada à complementação ao pagamento dos pisos salariais para profissionais da enfermagem;"Não ";Não Aplicável
Bayeux;201025;Prefeitura Municipal de Bayeux;072025;2025;17135051;Transferências de Recursos do Bloco de Manutenção das Ações e Serviços Públicos de Saúde – Gestão do SUS - Principal;Lançamento de Receita;661.905,14;605;Assistência financeira da União destinada à complementação ao pagamento dos pisos salariais para profissionais da enfermagem;"Não ";Não Aplicável
Bayeux;201025;Prefeitura Municipal de Bayeux;062025;2025;17135051;Transferências de Recursos do Bloco de Manutenção das Ações e Serviços Públicos de Saúde – Gestão do SUS - Principal;Lançamento de Receita;331.586,66;605;Assistência financeira da União destinada à complementação ao pagamento dos pisos salariais para profissionais da enfermagem;"Não ";Não Aplicável
Bayeux;201025;Prefeitura Municipal de Bayeux;052025;2025;17135051;Transferências de Recursos do Bloco de Manutenção das Ações e Serviços Públicos de Saúde – Gestão do SUS - Principal;Lançamento de Receita;324.163,01;605;Assistência financeira da União destinada à complementação ao pagamento dos pisos salariais para profissionais da enfermagem;"Não ";Não Aplicável
Bayeux;201025;Prefeitura Municipal de Bayeux;042025;2025;17135051;Transferências de Recursos do Bloco de Manutenção das Ações e Serviços Públicos de Saúde – Gestão do SUS - Principal;Lançamento de Receita;308.850,91;605;Assistência financeira da União destinada à complementação ao pagamento dos pisos salariais para profissionais da enfermagem;"Não ";Não Aplicável
Bayeux;201025;Prefeitura Municipal de Bayeux;032025;2025;17135051;Transferências de Recursos do Bloco de Manutenção das Ações e Serviços Públicos de Saúde – Gestão do SUS - Principal;Lançamento de Receita;216.673,05;605;Assistência financeira da União destinada à complementação ao pagamento dos pisos salariais para profissionais da enfermagem;"Não ";Não Aplicável
Bayeux;201025;Prefeitura Municipal de Bayeux;012025;2025;17135051;Transferências de Recursos do Bloco de Manutenção das Ações e Serviços Públicos de Saúde – Gestão do SUS - Principal;Lançamento de Receita;437.708,07;600;Transferências Fundo a Fundo de Recursos do SUS provenientes do Governo Federal - Bloco de Manutenção das Ações e Serviços Públicos de Saúde;"Não ";Não Aplicável
Bayeux;201025;Prefeitura Municipal de Bayeux;122025;2025;17135041;Transferências de Recursos do Bloco de Manutenção das Ações e Serviços Públicos de Saúde – Assistência Farmacêutica - Principal;Lançamento de Receita;58.953,7;600;Transferências Fundo a Fundo de Recursos do SUS provenientes do Governo Federal - Bloco de Manutenção das Ações e Serviços Públicos de Saúde;"Não ";Não Aplicável
Bayeux;201025;Prefeitura Municipal de Bayeux;112025;2025;17135041;Transferências de Recursos do Bloco de Manutenção das Ações e Serviços Públicos de Saúde – Assistência Farmacêutica - Principal;Lançamento de Receita;64.953,7;600;Transferências Fundo a Fundo de Recursos do SUS provenientes do Governo Federal - Bloco de Manutenção das Ações e Serviços Públicos de Saúde;"Não ";Não Aplicável
Bayeux;201025;Prefeitura Municipal de Bayeux;102025;2025;17135041;Transferências de Recursos do Bloco de Manutenção das Ações e Serviços Públicos de Saúde – Assistência Farmacêutica - Principal;Lançamento de Receita;-1.124.980,78;600;Transferências Fundo a Fundo de Recursos do SUS provenientes do Governo Federal - Bloco de Manutenção das Ações e Serviços Públicos de Saúde;"Não ";Não Aplicável
Bayeux;201025;Prefeitura Municipal de Bayeux;092025;2025;17135041;Transferências de Recursos do Bloco de Manutenção das Ações e Serviços Públicos de Saúde – Assistência Farmacêutica - Principal;Lançamento de Receita;58.953,7;600;Transferências Fundo a Fundo de Recursos do SUS provenientes do Governo Federal - Bloco de Manutenção das Ações e Serviços Públicos de Saúde;"Não ";Não Aplicável
Bayeux;201025;Prefeitura Municipal de Bayeux;082025;2025;17135041;Transferências de Recursos do Bloco de Manutenção das Ações e Serviços Públicos de Saúde – Assistência Farmacêutica - Principal;Lançamento de Receita;695.292,08;600;Transferências Fundo a Fundo de Recursos do SUS provenientes do Governo Federal - Bloco de Manutenção das Ações e Serviços Públicos de Saúde;"Não ";Não Aplicável
Bayeux;201025;Prefeitura Municipal de Bayeux;072025;2025;17135041;Transferências de Recursos do Bloco de Manutenção das Ações e Serviços Públicos de Saúde – Assistência Farmacêutica - Principal;Lançamento de Receita;58.953,7;600;Transferências Fundo a Fundo de Recursos do SUS provenientes do Governo Federal - Bloco de Manutenção das Ações e Serviços Públicos de Saúde;"Não ";Não Aplicável
Bayeux;201025;Prefeitura Municipal de Bayeux;062025;2025;17135041;Transferências de Recursos do Bloco de Manutenção das Ações e Serviços Públicos de Saúde – Assistência Farmacêutica - Principal;Lançamento de Receita;52.058,51;600;Transferências Fundo a Fundo de Recursos do SUS provenientes do Governo Federal - Bloco de Manutenção das Ações e Serviços Públicos de Saúde;"Não ";Não Aplicável
Bayeux;201025;Prefeitura Municipal de Bayeux;052025;2025;17135041;Transferências de Recursos do Bloco de Manutenção das Ações e Serviços Públicos de Saúde – Assistência Farmacêutica - Principal;Lançamento de Receita;52.058,51;600;Transferências Fundo a Fundo de Recursos do SUS provenientes do Governo Federal - Bloco de Manutenção das Ações e Serviços Públicos de Saúde;"Não ";Não Aplicável
Bayeux;201025;Prefeitura Municipal de Bayeux;042025;2025;17135041;Transferências de Recursos do Bloco de Manutenção das Ações e Serviços Públicos de Saúde – Assistência Farmacêutica - Principal;Lançamento de Receita;52.058,51;600;Transferências Fundo a Fundo de Recursos do SUS provenientes do Governo Federal - Bloco de Manutenção das Ações e Serviços Públicos de Saúde;"Não ";Não Aplicável
Bayeux;201025;Prefeitura Municipal de Bayeux;032025;2025;17135041;Transferências de Recursos do Bloco de Manutenção das Ações e Serviços Públicos de Saúde – Assistência Farmacêutica - Principal;Lançamento de Receita;647.025,75;600;Transferências Fundo a Fundo de Recursos do SUS provenientes do Governo Federal - Bloco de Manutenção das Ações e Serviços Públicos de Saúde;"Não ";Não Aplicável
Bayeux;201025;Prefeitura Municipal de Bayeux;022025;2025;17135041;Transferências de Recursos do Bloco de Manutenção das Ações e Serviços Públicos de Saúde – Assistência Farmacêutica - Principal;Lançamento de Receita;52.058,51;600;Transferências Fundo a Fundo de Recursos do SUS provenientes do Governo Federal - Bloco de Manutenção das Ações e Serviços Públicos de Saúde;"Não ";Não Aplicável
Bayeux;201025;Prefeitura Municipal de Bayeux;012025;2025;17135041;Transferências de Recursos do Bloco de Manutenção das Ações e Serviços Públicos de Saúde – Assistência Farmacêutica - Principal;Lançamento de Receita;52.058,51;600;Transferências Fundo a Fundo de Recursos do SUS provenientes do Governo Federal - Bloco de Manutenção das Ações e Serviços Públicos de Saúde;"Não ";Não Aplicável
Bayeux;201025;Prefeitura Municipal de Bayeux;122025;2025;17135031;Transferências de Recursos do Bloco de Manutenção das Ações e Serviços Públicos de Saúde – Vigilância em Saúde - Principal;Lançamento de Receita;134.385,12;600;Transferências Fundo a Fundo de Recursos do SUS provenientes do Governo Federal - Bloco de Manutenção das Ações e Serviços Públicos de Saúde;"Não ";Não Aplicável
Bayeux;201025;Prefeitura Municipal de Bayeux;112025;2025;17135031;Transferências de Recursos do Bloco de Manutenção das Ações e Serviços Públicos de Saúde – Vigilância em Saúde - Principal;Lançamento de Receita;49.693,7;600;Transferências Fundo a Fundo de Recursos do SUS provenientes do Governo Federal - Bloco de Manutenção das Ações e Serviços Públicos de Saúde;"Não ";Não Aplicável
Bayeux;201025;Prefeitura Municipal de Bayeux;102025;2025;17135031;Transferências de Recursos do Bloco de Manutenção das Ações e Serviços Públicos de Saúde – Vigilância em Saúde - Principal;Lançamento de Receita;-1.889.114,3;600;Transferências Fundo a Fundo de Recursos do SUS provenientes do Governo Federal - Bloco de Manutenção das Ações e Serviços Públicos de Saúde;"Não ";Não Aplicável
Bayeux;201025;Prefeitura Municipal de Bayeux;092025;2025;17135031;Transferências de Recursos do Bloco de Manutenção das Ações e Serviços Públicos de Saúde – Vigilância em Saúde - Principal;Lançamento de Receita;189.349,7;600;Transferências Fundo a Fundo de Recursos do SUS provenientes do Governo Federal - Bloco de Manutenção das Ações e Serviços Públicos de Saúde;"Não ";Não Aplicável
Bayeux;201025;Prefeitura Municipal de Bayeux;082025;2025;17135031;Transferências de Recursos do Bloco de Manutenção das Ações e Serviços Públicos de Saúde – Vigilância em Saúde - Principal;Lançamento de Receita;194.225,7;600;Transferências Fundo a Fundo de Recursos do SUS provenientes do Governo Federal - Bloco de Manutenção das Ações e Serviços Públicos de Saúde;"Não ";Não Aplicável
Bayeux;201025;Prefeitura Municipal de Bayeux;072025;2025;17135031;Transferências de Recursos do Bloco de Manutenção das Ações e Serviços Públicos de Saúde – Vigilância em Saúde - Principal;Lançamento de Receita;219.297,51;600;Transferências Fundo a Fundo de Recursos do SUS provenientes do Governo Federal - Bloco de Manutenção das Ações e Serviços Públicos de Saúde;"Não ";Não Aplicável
Bayeux;201025;Prefeitura Municipal de Bayeux;062025;2025;17135031;Transferências de Recursos do Bloco de Manutenção das Ações e Serviços Públicos de Saúde – Vigilância em Saúde - Principal;Lançamento de Receita;181.941,89;600;Transferências Fundo a Fundo de Recursos do SUS provenientes do Governo Federal - Bloco de Manutenção das Ações e Serviços Públicos de Saúde;"Não ";Não Aplicável
Bayeux;201025;Prefeitura Municipal de Bayeux;052025;2025;17135031;Transferências de Recursos do Bloco de Manutenção das Ações e Serviços Públicos de Saúde – Vigilância em Saúde - Principal;Lançamento de Receita;846.321,7;600;Transferências Fundo a Fundo de Recursos do SUS provenientes do Governo Federal - Bloco de Manutenção das Ações e Serviços Públicos de Saúde;"Não ";Não Aplicável
Bayeux;201025;Prefeitura Municipal de Bayeux;042025;2025;17135031;Transferências de Recursos do Bloco de Manutenção das Ações e Serviços Públicos de Saúde – Vigilância em Saúde - Principal;Lançamento de Receita;236.825,37;600;Transferências Fundo a Fundo de Recursos do SUS provenientes do Governo Federal - Bloco de Manutenção das Ações e Serviços Públicos de Saúde;"Não ";Não Aplicável
Bayeux;201025;Prefeitura Municipal de Bayeux;032025;2025;17135031;Transferências de Recursos do Bloco de Manutenção das Ações e Serviços Públicos de Saúde – Vigilância em Saúde - Principal;Lançamento de Receita;187.509,7;600;Transferências Fundo a Fundo de Recursos do SUS provenientes do Governo Federal - Bloco de Manutenção das Ações e Serviços Públicos de Saúde;"Não ";Não Aplicável
Bayeux;201025;Prefeitura Municipal de Bayeux;022025;2025;17135031;Transferências de Recursos do Bloco de Manutenção das Ações e Serviços Públicos de Saúde – Vigilância em Saúde - Principal;Lançamento de Receita;187.509,7;600;Transferências Fundo a Fundo de Recursos do SUS provenientes do Governo Federal - Bloco de Manutenção das Ações e Serviços Públicos de Saúde;"Não ";Não Aplicável
Bayeux;201025;Prefeitura Municipal de Bayeux;012025;2025;17135031;Transferências de Recursos do Bloco de Manutenção das Ações e Serviços Públicos de Saúde – Vigilância em Saúde - Principal;Lançamento de Receita;177.065,89;600;Transferências Fundo a Fundo de Recursos do SUS provenientes do Governo Federal - Bloco de Manutenção das Ações e Serviços Públicos de Saúde;"Não ";Não Aplicável
Bayeux;201025;Prefeitura Municipal de Bayeux;122025;2025;17135021;Transferências de Recursos do Bloco de Manutenção das Ações e Serviços Públicos de Saúde – Atenção Especializada - Principal;Lançamento de Receita;538.949,24;600;Transferências Fundo a Fundo de Recursos do SUS provenientes do Governo Federal - Bloco de Manutenção das Ações e Serviços Públicos de Saúde;"Não ";Não Aplicável
Bayeux;201025;Prefeitura Municipal de Bayeux;122025;2025;17135021;Transferências de Recursos do Bloco de Manutenção das Ações e Serviços Públicos de Saúde – Atenção Especializada - Principal;Lançamento de Receita;1.000.000;600;Transferências Fundo a Fundo de Recursos do SUS provenientes do Governo Federal - Bloco de Manutenção das Ações e Serviços Públicos de Saúde;3130;Identificação das Transferências da União decorrentes de emendas parlamentares de comissão
Bayeux;201025;Prefeitura Municipal de Bayeux;122025;2025;17135021;Transferências de Recursos do Bloco de Manutenção das Ações e Serviços Públicos de Saúde – Atenção Especializada - Principal;Lançamento de Receita;250.000;600;Transferências Fundo a Fundo de Recursos do SUS provenientes do Governo Federal - Bloco de Manutenção das Ações e Serviços Públicos de Saúde;3120;Identificação das Transferências da União decorrentes de emendas parlamentares de bancada
Bayeux;201025;Prefeitura Municipal de Bayeux;112025;2025;17135021;Transferências de Recursos do Bloco de Manutenção das Ações e Serviços Públicos de Saúde – Atenção Especializada - Principal;Lançamento de Receita;594.967,24;600;Transferências Fundo a Fundo de Recursos do SUS provenientes do Governo Federal - Bloco de Manutenção das Ações e Serviços Públicos de Saúde;"Não ";Não Aplicável
Bayeux;201025;Prefeitura Municipal de Bayeux;102025;2025;17135021;Transferências de Recursos do Bloco de Manutenção das Ações e Serviços Públicos de Saúde – Atenção Especializada - Principal;Lançamento de Receita;1.937.794;600;Transferências Fundo a Fundo de Recursos do SUS provenientes do Governo Federal - Bloco de Manutenção das Ações e Serviços Públicos de Saúde;3130;Identificação das Transferências da União decorrentes de emendas parlamentares de comissão
Bayeux;201025;Prefeitura Municipal de Bayeux;102025;2025;17135021;Transferências de Recursos do Bloco de Manutenção das Ações e Serviços Públicos de Saúde – Atenção Especializada - Principal;Lançamento de Receita;3.300.000;600;Transferências Fundo a Fundo de Recursos do SUS provenientes do Governo Federal - Bloco de Manutenção das Ações e Serviços Públicos de Saúde;3120;Identificação das Transferências da União decorrentes de emendas parlamentares de bancada
Bayeux;201025;Prefeitura Municipal de Bayeux;102025;2025;17135021;Transferências de Recursos do Bloco de Manutenção das Ações e Serviços Públicos de Saúde – Atenção Especializada - Principal;Lançamento de Receita;6.784.901,72;600;Transferências Fundo a Fundo de Recursos do SUS provenientes do Governo Federal - Bloco de Manutenção das Ações e Serviços Públicos de Saúde;"Não ";Não Aplicável
Bayeux;201025;Prefeitura Municipal de Bayeux;092025;2025;17135021;Transferências de Recursos do Bloco de Manutenção das Ações e Serviços Públicos de Saúde – Atenção Especializada - Principal;Lançamento de Receita;594.967,24;600;Transferências Fundo a Fundo de Recursos do SUS provenientes do Governo Federal - Bloco de Manutenção das Ações e Serviços Públicos de Saúde;"Não ";Não Aplicável
Bayeux;201025;Prefeitura Municipal de Bayeux;082025;2025;17135021;Transferências de Recursos do Bloco de Manutenção das Ações e Serviços Públicos de Saúde – Atenção Especializada - Principal;Lançamento de Receita;2.980.000;600;Transferências Fundo a Fundo de Recursos do SUS provenientes do Governo Federal - Bloco de Manutenção das Ações e Serviços Públicos de Saúde;"Não ";Não Aplicável
Bayeux;201025;Prefeitura Municipal de Bayeux;072025;2025;17135021;Transferências de Recursos do Bloco de Manutenção das Ações e Serviços Públicos de Saúde – Atenção Especializada - Principal;Lançamento de Receita;3.500.000;600;Transferências Fundo a Fundo de Recursos do SUS provenientes do Governo Federal - Bloco de Manutenção das Ações e Serviços Públicos de Saúde;3110;Identificação das Transferências da União decorrentes de emendas parlamentares individuais
Bayeux;201025;Prefeitura Municipal de Bayeux;072025;2025;17135021;Transferências de Recursos do Bloco de Manutenção das Ações e Serviços Públicos de Saúde – Atenção Especializada - Principal;Lançamento de Receita;594.967,24;600;Transferências Fundo a Fundo de Recursos do SUS provenientes do Governo Federal - Bloco de Manutenção das Ações e Serviços Públicos de Saúde;"Não ";Não Aplicável
Bayeux;201025;Prefeitura Municipal de Bayeux;062025;2025;17135021;Transferências de Recursos do Bloco de Manutenção das Ações e Serviços Públicos de Saúde – Atenção Especializada - Principal;Lançamento de Receita;594.967,24;600;Transferências Fundo a Fundo de Recursos do SUS provenientes do Governo Federal - Bloco de Manutenção das Ações e Serviços Públicos de Saúde;"Não ";Não Aplicável
Bayeux;201025;Prefeitura Municipal de Bayeux;052025;2025;17135021;Transferências de Recursos do Bloco de Manutenção das Ações e Serviços Públicos de Saúde – Atenção Especializada - Principal;Lançamento de Receita;594.967,24;600;Transferências Fundo a Fundo de Recursos do SUS provenientes do Governo Federal - Bloco de Manutenção das Ações e Serviços Públicos de Saúde;"Não ";Não Aplicável
Bayeux;201025;Prefeitura Municipal de Bayeux;042025;2025;17135021;Transferências de Recursos do Bloco de Manutenção das Ações e Serviços Públicos de Saúde – Atenção Especializada - Principal;Lançamento de Receita;594.967,24;600;Transferências Fundo a Fundo de Recursos do SUS provenientes do Governo Federal - Bloco de Manutenção das Ações e Serviços Públicos de Saúde;"Não ";Não Aplicável
Bayeux;201025;Prefeitura Municipal de Bayeux;022025;2025;17135021;Transferências de Recursos do Bloco de Manutenção das Ações e Serviços Públicos de Saúde – Atenção Especializada - Principal;Lançamento de Receita;4.164.807,24;600;Transferências Fundo a Fundo de Recursos do SUS provenientes do Governo Federal - Bloco de Manutenção das Ações e Serviços Públicos de Saúde;"Não ";Não Aplicável
Bayeux;201025;Prefeitura Municipal de Bayeux;122025;2025;17135011;Transferências de Recursos do Bloco de Manutenção das Ações e Serviços Públicos de Saúde – Atenção Primária - Principal;Lançamento de Receita;1.484.604;604;Transferências provenientes do Governo Federal destinadas ao vencimento dos agentes comunitários de saúde e dos agentes de combate às endemias;"Não ";Não Aplicável
Bayeux;201025;Prefeitura Municipal de Bayeux;122025;2025;17135011;Transferências de Recursos do Bloco de Manutenção das Ações e Serviços Públicos de Saúde – Atenção Primária - Principal;Lançamento de Receita;4.674.968,43;600;Transferências Fundo a Fundo de Recursos do SUS provenientes do Governo Federal - Bloco de Manutenção das Ações e Serviços Públicos de Saúde;"Não ";Não Aplicável
Bayeux;201025;Prefeitura Municipal de Bayeux;112025;2025;17135011;Transferências de Recursos do Bloco de Manutenção das Ações e Serviços Públicos de Saúde – Atenção Primária - Principal;Lançamento de Receita;707.388;604;Transferências provenientes do Governo Federal destinadas ao vencimento dos agentes comunitários de saúde e dos agentes de combate às endemias;"Não ";Não Aplicável
Bayeux;201025;Prefeitura Municipal de Bayeux;112025;2025;17135011;Transferências de Recursos do Bloco de Manutenção das Ações e Serviços Públicos de Saúde – Atenção Primária - Principal;Lançamento de Receita;1.040.915,32;600;Transferências Fundo a Fundo de Recursos do SUS provenientes do Governo Federal - Bloco de Manutenção das Ações e Serviços Públicos de Saúde;"Não ";Não Aplicável
Bayeux;201025;Prefeitura Municipal de Bayeux;102025;2025;17135011;Transferências de Recursos do Bloco de Manutenção das Ações e Serviços Públicos de Saúde – Atenção Primária - Principal;Lançamento de Receita;877.562;600;Transferências Fundo a Fundo de Recursos do SUS provenientes do Governo Federal - Bloco de Manutenção das Ações e Serviços Públicos de Saúde;3120;Identificação das Transferências da União decorrentes de emendas parlamentares de bancada
Bayeux;201025;Prefeitura Municipal de Bayeux;102025;2025;17135011;Transferências de Recursos do Bloco de Manutenção das Ações e Serviços Públicos de Saúde – Atenção Primária - Principal;Lançamento de Receita;-3.466.251,43;600;Transferências Fundo a Fundo de Recursos do SUS provenientes do Governo Federal - Bloco de Manutenção das Ações e Serviços Públicos de Saúde;"Não ";Não Aplicável
Bayeux;201025;Prefeitura Municipal de Bayeux;102025;2025;17135011;Transferências de Recursos do Bloco de Manutenção das Ações e Serviços Públicos de Saúde – Atenção Primária - Principal;Lançamento de Receita;200.000;600;Transferências Fundo a Fundo de Recursos do SUS provenientes do Governo Federal - Bloco de Manutenção das Ações e Serviços Públicos de Saúde;3130;Identificação das Transferências da União decorrentes de emendas parlamentares de comissão
Bayeux;201025;Prefeitura Municipal de Bayeux;102025;2025;17135011;Transferências de Recursos do Bloco de Manutenção das Ações e Serviços Públicos de Saúde – Atenção Primária - Principal;Lançamento de Receita;7.225.680;604;Transferências provenientes do Governo Federal destinadas ao vencimento dos agentes comunitários de saúde e dos agentes de combate às endemias;"Não ";Não Aplicável
Bayeux;201025;Prefeitura Municipal de Bayeux;092025;2025;17135011;Transferências de Recursos do Bloco de Manutenção das Ações e Serviços Públicos de Saúde – Atenção Primária - Principal;Lançamento de Receita;1.707.952,72;600;Transferências Fundo a Fundo de Recursos do SUS provenientes do Governo Federal - Bloco de Manutenção das Ações e Serviços Públicos de Saúde;"Não ";Não Aplicável
Bayeux;201025;Prefeitura Municipal de Bayeux;082025;2025;17135011;Transferências de Recursos do Bloco de Manutenção das Ações e Serviços Públicos de Saúde – Atenção Primária - Principal;Lançamento de Receita;1.630.762,57;600;Transferências Fundo a Fundo de Recursos do SUS provenientes do Governo Federal - Bloco de Manutenção das Ações e Serviços Públicos de Saúde;"Não ";Não Aplicável
Bayeux;201025;Prefeitura Municipal de Bayeux;072025;2025;17135011;Transferências de Recursos do Bloco de Manutenção das Ações e Serviços Públicos de Saúde – Atenção Primária - Principal;Lançamento de Receita;1.695.010,55;600;Transferências Fundo a Fundo de Recursos do SUS provenientes do Governo Federal - Bloco de Manutenção das Ações e Serviços Públicos de Saúde;"Não ";Não Aplicável
Bayeux;201025;Prefeitura Municipal de Bayeux;072025;2025;17135011;Transferências de Recursos do Bloco de Manutenção das Ações e Serviços Públicos de Saúde – Atenção Primária - Principal;Lançamento de Receita;500.000;600;Transferências Fundo a Fundo de Recursos do SUS provenientes do Governo Federal - Bloco de Manutenção das Ações e Serviços Públicos de Saúde;3110;Identificação das Transferências da União decorrentes de emendas parlamentares individuais
Bayeux;201025;Prefeitura Municipal de Bayeux;062025;2025;17135011;Transferências de Recursos do Bloco de Manutenção das Ações e Serviços Públicos de Saúde – Atenção Primária - Principal;Lançamento de Receita;2.703.574,32;600;Transferências Fundo a Fundo de Recursos do SUS provenientes do Governo Federal - Bloco de Manutenção das Ações e Serviços Públicos de Saúde;"Não ";Não Aplicável
Bayeux;201025;Prefeitura Municipal de Bayeux;052025;2025;17135011;Transferências de Recursos do Bloco de Manutenção das Ações e Serviços Públicos de Saúde – Atenção Primária - Principal;Lançamento de Receita;1.092.930,16;600;Transferências Fundo a Fundo de Recursos do SUS provenientes do Governo Federal - Bloco de Manutenção das Ações e Serviços Públicos de Saúde;"Não ";Não Aplicável
Bayeux;201025;Prefeitura Municipal de Bayeux;042025;2025;17135011;Transferências de Recursos do Bloco de Manutenção das Ações e Serviços Públicos de Saúde – Atenção Primária - Principal;Lançamento de Receita;3.197.195,56;600;Transferências Fundo a Fundo de Recursos do SUS provenientes do Governo Federal - Bloco de Manutenção das Ações e Serviços Públicos de Saúde;"Não ";Não Aplicável
Bayeux;201025;Prefeitura Municipal de Bayeux;032025;2025;17135011;Transferências de Recursos do Bloco de Manutenção das Ações e Serviços Públicos de Saúde – Atenção Primária - Principal;Lançamento de Receita;1.603.824,75;600;Transferências Fundo a Fundo de Recursos do SUS provenientes do Governo Federal - Bloco de Manutenção das Ações e Serviços Públicos de Saúde;"Não ";Não Aplicável
Bayeux;201025;Prefeitura Municipal de Bayeux;022025;2025;17135011;Transferências de Recursos do Bloco de Manutenção das Ações e Serviços Públicos de Saúde – Atenção Primária - Principal;Lançamento de Receita;1.629.774;600;Transferências Fundo a Fundo de Recursos do SUS provenientes do Governo Federal - Bloco de Manutenção das Ações e Serviços Públicos de Saúde;"Não ";Não Aplicável
Bayeux;201025;Prefeitura Municipal de Bayeux;012025;2025;17135011;Transferências de Recursos do Bloco de Manutenção das Ações e Serviços Públicos de Saúde – Atenção Primária - Principal;Lançamento de Receita;658.812;604;Transferências provenientes do Governo Federal destinadas ao vencimento dos agentes comunitários de saúde e dos agentes de combate às endemias;"Não ";Não Aplicável
Bayeux;201025;Prefeitura Municipal de Bayeux;012025;2025;17135011;Transferências de Recursos do Bloco de Manutenção das Ações e Serviços Públicos de Saúde – Atenção Primária - Principal;Lançamento de Receita;1.778.774,31;600;Transferências Fundo a Fundo de Recursos do SUS provenientes do Governo Federal - Bloco de Manutenção das Ações e Serviços Públicos de Saúde;"Não ";Não Aplicável
Bayeux;201025;Prefeitura Municipal de Bayeux;122025;2025;17125241;Cota-Parte do Fundo Especial do Petróleo – FEP - Principal;Lançamento de Receita;-70.464,14;720;Transferências da União Referentes às participações na exploração de Petróleo e Gás Natural destinadas ao FEP - Lei 9.478/1997;"Não ";Não Aplicável
Bayeux;201025;Prefeitura Municipal de Bayeux;112025;2025;17125241;Cota-Parte do Fundo Especial do Petróleo – FEP - Principal;Lançamento de Receita;138.831,61;720;Transferências da União Referentes às participações na exploração de Petróleo e Gás Natural destinadas ao FEP - Lei 9.478/1997;"Não ";Não Aplicável
Bayeux;201025;Prefeitura Municipal de Bayeux;102025;2025;17125241;Cota-Parte do Fundo Especial do Petróleo – FEP - Principal;Lançamento de Receita;145.357,8;720;Transferências da União Referentes às participações na exploração de Petróleo e Gás Natural destinadas ao FEP - Lei 9.478/1997;"Não ";Não Aplicável
Bayeux;201025;Prefeitura Municipal de Bayeux;092025;2025;17125241;Cota-Parte do Fundo Especial do Petróleo – FEP - Principal;Lançamento de Receita;156.477,5;720;Transferências da União Referentes às participações na exploração de Petróleo e Gás Natural destinadas ao FEP - Lei 9.478/1997;"Não ";Não Aplicável
Bayeux;201025;Prefeitura Municipal de Bayeux;082025;2025;17125241;Cota-Parte do Fundo Especial do Petróleo – FEP - Principal;Lançamento de Receita;145.698,06;720;Transferências da União Referentes às participações na exploração de Petróleo e Gás Natural destinadas ao FEP - Lei 9.478/1997;"Não ";Não Aplicável
Bayeux;201025;Prefeitura Municipal de Bayeux;072025;2025;17125241;Cota-Parte do Fundo Especial do Petróleo – FEP - Principal;Lançamento de Receita;136.799,79;720;Transferências da União Referentes às participações na exploração de Petróleo e Gás Natural destinadas ao FEP - Lei 9.478/1997;"Não ";Não Aplicável
Bayeux;201025;Prefeitura Municipal de Bayeux;062025;2025;17125241;Cota-Parte do Fundo Especial do Petróleo – FEP - Principal;Lançamento de Receita;139.449,29;720;Transferências da União Referentes às participações na exploração de Petróleo e Gás Natural destinadas ao FEP - Lei 9.478/1997;"Não ";Não Aplicável
Bayeux;201025;Prefeitura Municipal de Bayeux;052025;2025;17125241;Cota-Parte do Fundo Especial do Petróleo – FEP - Principal;Lançamento de Receita;154.392,25;720;Transferências da União Referentes às participações na exploração de Petróleo e Gás Natural destinadas ao FEP - Lei 9.478/1997;"Não ";Não Aplicável
Bayeux;201025;Prefeitura Municipal de Bayeux;042025;2025;17125241;Cota-Parte do Fundo Especial do Petróleo – FEP - Principal;Lançamento de Receita;352.167,24;720;Transferências da União Referentes às participações na exploração de Petróleo e Gás Natural destinadas ao FEP - Lei 9.478/1997;"Não ";Não Aplicável
Bayeux;201025;Prefeitura Municipal de Bayeux;032025;2025;17125241;Cota-Parte do Fundo Especial do Petróleo – FEP - Principal;Lançamento de Receita;166.180,43;720;Transferências da União Referentes às participações na exploração de Petróleo e Gás Natural destinadas ao FEP - Lei 9.478/1997;"Não ";Não Aplicável
Bayeux;201025;Prefeitura Municipal de Bayeux;022025;2025;17125241;Cota-Parte do Fundo Especial do Petróleo – FEP - Principal;Lançamento de Receita;155.362,7;720;Transferências da União Referentes às participações na exploração de Petróleo e Gás Natural destinadas ao FEP - Lei 9.478/1997;"Não ";Não Aplicável
Bayeux;201025;Prefeitura Municipal de Bayeux;012025;2025;17125241;Cota-Parte do Fundo Especial do Petróleo – FEP - Principal;Lançamento de Receita;140.484,99;720;Transferências da União Referentes às participações na exploração de Petróleo e Gás Natural destinadas ao FEP - Lei 9.478/1997;"Não ";Não Aplicável
Bayeux;201025;Prefeitura Municipal de Bayeux;122025;2025;17125211;Cota-parte da Compensação Financeira pela Produção de Petróleo – Lei nº 7.990/89 - Principal;Lançamento de Receita;-2.946.908,35;573;Royalties e Participação Especial de Petróleo e Gás Natural Vinculados à Educação - Lei nº 12.858/2013;"Não ";Não Aplicável
Bayeux;201025;Prefeitura Municipal de Bayeux;122025;2025;17125211;Cota-parte da Compensação Financeira pela Produção de Petróleo – Lei nº 7.990/89 - Principal;Lançamento de Receita;3.849.130,92;500;Recursos não vinculados de Impostos;"Não ";Não Aplicável
Bayeux;201025;Prefeitura Municipal de Bayeux;122025;2025;17125211;Cota-parte da Compensação Financeira pela Produção de Petróleo – Lei nº 7.990/89 - Principal;Lançamento de Receita;-270.056,38;635;Royalties e Participação Especial de Petróleo e Gás Natural vinculados à Saúde - Lei nº 12.858/2013;"Não ";Não Aplicável
Bayeux;201025;Prefeitura Municipal de Bayeux;112025;2025;17125211;Cota-parte da Compensação Financeira pela Produção de Petróleo – Lei nº 7.990/89 - Principal;Lançamento de Receita;506.161,29;573;Royalties e Participação Especial de Petróleo e Gás Natural Vinculados à Educação - Lei nº 12.858/2013;"Não ";Não Aplicável
Bayeux;201025;Prefeitura Municipal de Bayeux;102025;2025;17125211;Cota-parte da Compensação Financeira pela Produção de Petróleo – Lei nº 7.990/89 - Principal;Lançamento de Receita;537.501,1;573;Royalties e Participação Especial de Petróleo e Gás Natural Vinculados à Educação - Lei nº 12.858/2013;"Não ";Não Aplicável
Bayeux;201025;Prefeitura Municipal de Bayeux;092025;2025;17125211;Cota-parte da Compensação Financeira pela Produção de Petróleo – Lei nº 7.990/89 - Principal;Lançamento de Receita;592.972,99;573;Royalties e Participação Especial de Petróleo e Gás Natural Vinculados à Educação - Lei nº 12.858/2013;"Não ";Não Aplicável
Bayeux;201025;Prefeitura Municipal de Bayeux;082025;2025;17125211;Cota-parte da Compensação Financeira pela Produção de Petróleo – Lei nº 7.990/89 - Principal;Lançamento de Receita;500.103,83;573;Royalties e Participação Especial de Petróleo e Gás Natural Vinculados à Educação - Lei nº 12.858/2013;"Não ";Não Aplicável
Bayeux;201025;Prefeitura Municipal de Bayeux;072025;2025;17125211;Cota-parte da Compensação Financeira pela Produção de Petróleo – Lei nº 7.990/89 - Principal;Lançamento de Receita;-438.667,54;573;Royalties e Participação Especial de Petróleo e Gás Natural Vinculados à Educação - Lei nº 12.858/2013;"Não ";Não Aplicável
Bayeux;201025;Prefeitura Municipal de Bayeux;072025;2025;17125211;Cota-parte da Compensação Financeira pela Produção de Petróleo – Lei nº 7.990/89 - Principal;Lançamento de Receita;948.191,55;635;Royalties e Participação Especial de Petróleo e Gás Natural vinculados à Saúde - Lei nº 12.858/2013;"Não ";Não Aplicável
Bayeux;201025;Prefeitura Municipal de Bayeux;062025;2025;17125211;Cota-parte da Compensação Financeira pela Produção de Petróleo – Lei nº 7.990/89 - Principal;Lançamento de Receita;526.880,95;573;Royalties e Participação Especial de Petróleo e Gás Natural Vinculados à Educação - Lei nº 12.858/2013;"Não ";Não Aplicável
Bayeux;201025;Prefeitura Municipal de Bayeux;052025;2025;17125211;Cota-parte da Compensação Financeira pela Produção de Petróleo – Lei nº 7.990/89 - Principal;Lançamento de Receita;592.299,67;573;Royalties e Participação Especial de Petróleo e Gás Natural Vinculados à Educação - Lei nº 12.858/2013;"Não ";Não Aplicável
Bayeux;201025;Prefeitura Municipal de Bayeux;042025;2025;17125211;Cota-parte da Compensação Financeira pela Produção de Petróleo – Lei nº 7.990/89 - Principal;Lançamento de Receita;309.765,19;573;Royalties e Participação Especial de Petróleo e Gás Natural Vinculados à Educação - Lei nº 12.858/2013;"Não ";Não Aplicável
Bayeux;201025;Prefeitura Municipal de Bayeux;032025;2025;17125211;Cota-parte da Compensação Financeira pela Produção de Petróleo – Lei nº 7.990/89 - Principal;Lançamento de Receita;643.647,34;573;Royalties e Participação Especial de Petróleo e Gás Natural Vinculados à Educação - Lei nº 12.858/2013;"Não ";Não Aplicável
Bayeux;201025;Prefeitura Municipal de Bayeux;022025;2025;17125211;Cota-parte da Compensação Financeira pela Produção de Petróleo – Lei nº 7.990/89 - Principal;Lançamento de Receita;639.677,19;573;Royalties e Participação Especial de Petróleo e Gás Natural Vinculados à Educação - Lei nº 12.858/2013;"Não ";Não Aplicável
Bayeux;201025;Prefeitura Municipal de Bayeux;012025;2025;17125211;Cota-parte da Compensação Financeira pela Produção de Petróleo – Lei nº 7.990/89 - Principal;Lançamento de Receita;570.971,85;573;Royalties e Participação Especial de Petróleo e Gás Natural Vinculados à Educação - Lei nº 12.858/2013;"Não ";Não Aplicável
Bayeux;201025;Prefeitura Municipal de Bayeux;122025;2025;17125101;Cota-parte da Compensação Financeira pela Exploração de Recursos Minerais - CFEM - Principal;Lançamento de Receita;45.671,1;500;Recursos não vinculados de Impostos;"Não ";Não Aplicável
Bayeux;201025;Prefeitura Municipal de Bayeux;112025;2025;17125101;Cota-parte da Compensação Financeira pela Exploração de Recursos Minerais - CFEM - Principal;Lançamento de Receita;14.106,65;500;Recursos não vinculados de Impostos;"Não ";Não Aplicável
Bayeux;201025;Prefeitura Municipal de Bayeux;012025;2025;17125101;Cota-parte da Compensação Financeira pela Exploração de Recursos Minerais - CFEM - Principal;Lançamento de Receita;12.462,23;500;Recursos não vinculados de Impostos;"Não ";Não Aplicável
Bayeux;201025;Prefeitura Municipal de Bayeux;102025;2025;17115201;Cota-Parte do Imposto Sobre a Propriedade Territorial Rural - Principal;Lançamento de Receita;182,96;500;Recursos não vinculados de Impostos;"Não ";Não Aplicável
Bayeux;201025;Prefeitura Municipal de Bayeux;102025;2025;17115201;Cota-Parte do Imposto Sobre a Propriedade Territorial Rural - Principal;Lançamento de Receita;45,74;500;Recursos não vinculados de Impostos;1002;Identificação das despesas com ações e serviços públicos de saúde
Bayeux;201025;Prefeitura Municipal de Bayeux;102025;2025;17115201;Cota-Parte do Imposto Sobre a Propriedade Territorial Rural - Principal;Lançamento de Receita;76,24;500;Recursos não vinculados de Impostos;1001;Identificação das despesas com manutenção e desenvolvimento do ensino
Bayeux;201025;Prefeitura Municipal de Bayeux;102025;2025;17115201;Cota-Parte do Imposto Sobre a Propriedade Territorial Rural - Principal;Dedução do Fundeb;-60,98;500;Recursos não vinculados de Impostos;1001;Identificação das despesas com manutenção e desenvolvimento do ensino
Bayeux;201025;Prefeitura Municipal de Bayeux;082025;2025;17115201;Cota-Parte do Imposto Sobre a Propriedade Territorial Rural - Principal;Dedução do Fundeb;-1,2;500;Recursos não vinculados de Impostos;1001;Identificação das despesas com manutenção e desenvolvimento do ensino
Bayeux;201025;Prefeitura Municipal de Bayeux;082025;2025;17115201;Cota-Parte do Imposto Sobre a Propriedade Territorial Rural - Principal;Lançamento de Receita;1,5;500;Recursos não vinculados de Impostos;1001;Identificação das despesas com manutenção e desenvolvimento do ensino
Bayeux;201025;Prefeitura Municipal de Bayeux;082025;2025;17115201;Cota-Parte do Imposto Sobre a Propriedade Territorial Rural - Principal;Lançamento de Receita;0,9;500;Recursos não vinculados de Impostos;1002;Identificação das despesas com ações e serviços públicos de saúde
Bayeux;201025;Prefeitura Municipal de Bayeux;082025;2025;17115201;Cota-Parte do Imposto Sobre a Propriedade Territorial Rural - Principal;Lançamento de Receita;3,6;500;Recursos não vinculados de Impostos;"Não ";Não Aplicável
Bayeux;201025;Prefeitura Municipal de Bayeux;062025;2025;17115201;Cota-Parte do Imposto Sobre a Propriedade Territorial Rural - Principal;Lançamento de Receita;18,17;500;Recursos não vinculados de Impostos;1001;Identificação das despesas com manutenção e desenvolvimento do ensino
Bayeux;201025;Prefeitura Municipal de Bayeux;062025;2025;17115201;Cota-Parte do Imposto Sobre a Propriedade Territorial Rural - Principal;Dedução do Fundeb;-14,53;500;Recursos não vinculados de Impostos;1001;Identificação das despesas com manutenção e desenvolvimento do ensino
Bayeux;201025;Prefeitura Municipal de Bayeux;062025;2025;17115201;Cota-Parte do Imposto Sobre a Propriedade Territorial Rural - Principal;Lançamento de Receita;10,9;500;Recursos não vinculados de Impostos;1002;Identificação das despesas com ações e serviços públicos de saúde
Bayeux;201025;Prefeitura Municipal de Bayeux;062025;2025;17115201;Cota-Parte do Imposto Sobre a Propriedade Territorial Rural - Principal;Lançamento de Receita;43,61;500;Recursos não vinculados de Impostos;"Não ";Não Aplicável
Bayeux;201025;Prefeitura Municipal de Bayeux;012025;2025;17115201;Cota-Parte do Imposto Sobre a Propriedade Territorial Rural - Principal;Lançamento de Receita;3,68;500;Recursos não vinculados de Impostos;"Não ";Não Aplicável
Bayeux;201025;Prefeitura Municipal de Bayeux;012025;2025;17115201;Cota-Parte do Imposto Sobre a Propriedade Territorial Rural - Principal;Lançamento de Receita;1,53;500;Recursos não vinculados de Impostos;1001;Identificação das despesas com manutenção e desenvolvimento do ensino
Bayeux;201025;Prefeitura Municipal de Bayeux;012025;2025;17115201;Cota-Parte do Imposto Sobre a Propriedade Territorial Rural - Principal;Lançamento de Receita;0,92;500;Recursos não vinculados de Impostos;1002;Identificação das despesas com ações e serviços públicos de saúde
Bayeux;201025;Prefeitura Municipal de Bayeux;012025;2025;17115201;Cota-Parte do Imposto Sobre a Propriedade Territorial Rural - Principal;Dedução do Fundeb;-1,22;500;Recursos não vinculados de Impostos;1001;Identificação das despesas com manutenção e desenvolvimento do ensino
Bayeux;201025;Prefeitura Municipal de Bayeux;122025;2025;17115121;Cota-Parte do Fundo de Participação dos Municípios - Cotas Extraordinárias - Principal;Dedução do Fundeb;-20.644,99;500;Recursos não vinculados de Impostos;1002;Identificação das despesas com ações e serviços públicos de saúde
Bayeux;201025;Prefeitura Municipal de Bayeux;122025;2025;17115121;Cota-Parte do Fundo de Participação dos Municípios - Cotas Extraordinárias - Principal;Lançamento de Receita;2.405.843,75;500;Recursos não vinculados de Impostos;"Não ";Não Aplicável
Bayeux;201025;Prefeitura Municipal de Bayeux;122025;2025;17115121;Cota-Parte do Fundo de Participação dos Municípios - Cotas Extraordinárias - Principal;Lançamento de Receita;601.460,93;500;Recursos não vinculados de Impostos;1002;Identificação das despesas com ações e serviços públicos de saúde
Bayeux;201025;Prefeitura Municipal de Bayeux;122025;2025;17115121;Cota-Parte do Fundo de Participação dos Municípios - Cotas Extraordinárias - Principal;Dedução do Fundeb;-49.679,86;500;Recursos não vinculados de Impostos;"Não ";Não Aplicável
Bayeux;201025;Prefeitura Municipal de Bayeux;122025;2025;17115121;Cota-Parte do Fundo de Participação dos Municípios - Cotas Extraordinárias - Principal;Lançamento de Receita;1.002.434,9;500;Recursos não vinculados de Impostos;1001;Identificação das despesas com manutenção e desenvolvimento do ensino
Bayeux;201025;Prefeitura Municipal de Bayeux;122025;2025;17115121;Cota-Parte do Fundo de Participação dos Municípios - Cotas Extraordinárias - Principal;Dedução do Fundeb;-27.429,52;500;Recursos não vinculados de Impostos;1001;Identificação das despesas com manutenção e desenvolvimento do ensino
Bayeux;201025;Prefeitura Municipal de Bayeux;092025;2025;17115121;Cota-Parte do Fundo de Participação dos Municípios - Cotas Extraordinárias - Principal;Lançamento de Receita;830.460,01;500;Recursos não vinculados de Impostos;1001;Identificação das despesas com manutenção e desenvolvimento do ensino
Bayeux;201025;Prefeitura Municipal de Bayeux;092025;2025;17115121;Cota-Parte do Fundo de Participação dos Municípios - Cotas Extraordinárias - Principal;Lançamento de Receita;498.276;500;Recursos não vinculados de Impostos;1002;Identificação das despesas com ações e serviços públicos de saúde
Bayeux;201025;Prefeitura Municipal de Bayeux;092025;2025;17115121;Cota-Parte do Fundo de Participação dos Municípios - Cotas Extraordinárias - Principal;Lançamento de Receita;1.993.104,01;500;Recursos não vinculados de Impostos;"Não ";Não Aplicável
Bayeux;201025;Prefeitura Municipal de Bayeux;072025;2025;17115121;Cota-Parte do Fundo de Participação dos Municípios - Cotas Extraordinárias - Principal;Lançamento de Receita;971.093,07;500;Recursos não vinculados de Impostos;1001;Identificação das despesas com manutenção e desenvolvimento do ensino
Bayeux;201025;Prefeitura Municipal de Bayeux;072025;2025;17115121;Cota-Parte do Fundo de Participação dos Municípios - Cotas Extraordinárias - Principal;Dedução do Fundeb;-31.074,97;500;Recursos não vinculados de Impostos;"Não ";Não Aplicável
Bayeux;201025;Prefeitura Municipal de Bayeux;072025;2025;17115121;Cota-Parte do Fundo de Participação dos Municípios - Cotas Extraordinárias - Principal;Lançamento de Receita;582.655,84;500;Recursos não vinculados de Impostos;1002;Identificação das despesas com ações e serviços públicos de saúde
Bayeux;201025;Prefeitura Municipal de Bayeux;072025;2025;17115121;Cota-Parte do Fundo de Participação dos Municípios - Cotas Extraordinárias - Principal;Lançamento de Receita;2.330.623,38;500;Recursos não vinculados de Impostos;"Não ";Não Aplicável
Bayeux;201025;Prefeitura Municipal de Bayeux;072025;2025;17115121;Cota-Parte do Fundo de Participação dos Municípios - Cotas Extraordinárias - Principal;Dedução do Fundeb;-7.768,75;500;Recursos não vinculados de Impostos;1002;Identificação das despesas com ações e serviços públicos de saúde
Bayeux;201025;Prefeitura Municipal de Bayeux;072025;2025;17115121;Cota-Parte do Fundo de Participação dos Municípios - Cotas Extraordinárias - Principal;Dedução do Fundeb;-12.947,9;500;Recursos não vinculados de Impostos;1001;Identificação das despesas com manutenção e desenvolvimento do ensino
Bayeux;201025;Prefeitura Municipal de Bayeux;122025;2025;17115111;Cota-Parte do Fundo de Participação dos Municípios - Cota Mensal - Principal;Dedução do Fundeb;-1.854.262,29;500;Recursos não vinculados de Impostos;1001;Identificação das despesas com manutenção e desenvolvimento do ensino
Bayeux;201025;Prefeitura Municipal de Bayeux;122025;2025;17115111;Cota-Parte do Fundo de Participação dos Municípios - Cota Mensal - Principal;Lançamento de Receita;2.397.072,55;500;Recursos não vinculados de Impostos;1001;Identificação das despesas com manutenção e desenvolvimento do ensino
Bayeux;201025;Prefeitura Municipal de Bayeux;122025;2025;17115111;Cota-Parte do Fundo de Participação dos Municípios - Cota Mensal - Principal;Lançamento de Receita;1.476.205,8;500;Recursos não vinculados de Impostos;1002;Identificação das despesas com ações e serviços públicos de saúde
Bayeux;201025;Prefeitura Municipal de Bayeux;122025;2025;17115111;Cota-Parte do Fundo de Participação dos Municípios - Cota Mensal - Principal;Outras Deduções;-80.996,78;500;Recursos não vinculados de Impostos;"Não ";Não Aplicável
Bayeux;201025;Prefeitura Municipal de Bayeux;122025;2025;17115111;Cota-Parte do Fundo de Participação dos Municípios - Cota Mensal - Principal;Lançamento de Receita;5.523.321,23;500;Recursos não vinculados de Impostos;"Não ";Não Aplicável
Bayeux;201025;Prefeitura Municipal de Bayeux;112025;2025;17115111;Cota-Parte do Fundo de Participação dos Municípios - Cota Mensal - Principal;Lançamento de Receita;4.893.430,29;500;Recursos não vinculados de Impostos;"Não ";Não Aplicável
Bayeux;201025;Prefeitura Municipal de Bayeux;112025;2025;17115111;Cota-Parte do Fundo de Participação dos Municípios - Cota Mensal - Principal;Dedução do Fundeb;-1.642.798,4;500;Recursos não vinculados de Impostos;1001;Identificação das despesas com manutenção e desenvolvimento do ensino
Bayeux;201025;Prefeitura Municipal de Bayeux;112025;2025;17115111;Cota-Parte do Fundo de Participação dos Municípios - Cota Mensal - Principal;Lançamento de Receita;1.307.856,24;500;Recursos não vinculados de Impostos;1002;Identificação das despesas com ações e serviços públicos de saúde
Bayeux;201025;Prefeitura Municipal de Bayeux;112025;2025;17115111;Cota-Parte do Fundo de Participação dos Municípios - Cota Mensal - Principal;Lançamento de Receita;2.123.705,45;500;Recursos não vinculados de Impostos;1001;Identificação das despesas com manutenção e desenvolvimento do ensino
Bayeux;201025;Prefeitura Municipal de Bayeux;112025;2025;17115111;Cota-Parte do Fundo de Participação dos Municípios - Cota Mensal - Principal;Outras Deduções;-110.999,86;500;Recursos não vinculados de Impostos;"Não ";Não Aplicável
Bayeux;201025;Prefeitura Municipal de Bayeux;102025;2025;17115111;Cota-Parte do Fundo de Participação dos Municípios - Cota Mensal - Principal;Lançamento de Receita;3.599.858,21;500;Recursos não vinculados de Impostos;"Não ";Não Aplicável
Bayeux;201025;Prefeitura Municipal de Bayeux;102025;2025;17115111;Cota-Parte do Fundo de Participação dos Municípios - Cota Mensal - Principal;Lançamento de Receita;1.562.306,62;500;Recursos não vinculados de Impostos;1001;Identificação das despesas com manutenção e desenvolvimento do ensino
Bayeux;201025;Prefeitura Municipal de Bayeux;102025;2025;17115111;Cota-Parte do Fundo de Participação dos Municípios - Cota Mensal - Principal;Lançamento de Receita;962.126,1;500;Recursos não vinculados de Impostos;1002;Identificação das despesas com ações e serviços públicos de saúde
Bayeux;201025;Prefeitura Municipal de Bayeux;102025;2025;17115111;Cota-Parte do Fundo de Participação dos Municípios - Cota Mensal - Principal;Outras Deduções;-81.657,2;500;Recursos não vinculados de Impostos;"Não ";Não Aplicável
Bayeux;201025;Prefeitura Municipal de Bayeux;102025;2025;17115111;Cota-Parte do Fundo de Participação dos Municípios - Cota Mensal - Principal;Dedução do Fundeb;-1.208.526,71;500;Recursos não vinculados de Impostos;1001;Identificação das despesas com manutenção e desenvolvimento do ensino
Bayeux;201025;Prefeitura Municipal de Bayeux;092025;2025;17115111;Cota-Parte do Fundo de Participação dos Municípios - Cota Mensal - Principal;Lançamento de Receita;1.482.087,87;500;Recursos não vinculados de Impostos;1001;Identificação das despesas com manutenção e desenvolvimento do ensino
Bayeux;201025;Prefeitura Municipal de Bayeux;092025;2025;17115111;Cota-Parte do Fundo de Participação dos Municípios - Cota Mensal - Principal;Lançamento de Receita;3.415.018,61;500;Recursos não vinculados de Impostos;"Não ";Não Aplicável
Bayeux;201025;Prefeitura Municipal de Bayeux;092025;2025;17115111;Cota-Parte do Fundo de Participação dos Municípios - Cota Mensal - Principal;Outras Deduções;-121.755,57;500;Recursos não vinculados de Impostos;"Não ";Não Aplicável
Bayeux;201025;Prefeitura Municipal de Bayeux;092025;2025;17115111;Cota-Parte do Fundo de Participação dos Municípios - Cota Mensal - Principal;Lançamento de Receita;912.724,43;500;Recursos não vinculados de Impostos;1002;Identificação das despesas com ações e serviços públicos de saúde
Bayeux;201025;Prefeitura Municipal de Bayeux;092025;2025;17115111;Cota-Parte do Fundo de Participação dos Municípios - Cota Mensal - Principal;Dedução do Fundeb;-1.146.473,27;500;Recursos não vinculados de Impostos;1001;Identificação das despesas com manutenção e desenvolvimento do ensino
Bayeux;201025;Prefeitura Municipal de Bayeux;082025;2025;17115111;Cota-Parte do Fundo de Participação dos Municípios - Cota Mensal - Principal;Outras Deduções;-95.943,1;500;Recursos não vinculados de Impostos;"Não ";Não Aplicável
Bayeux;201025;Prefeitura Municipal de Bayeux;082025;2025;17115111;Cota-Parte do Fundo de Participação dos Municípios - Cota Mensal - Principal;Lançamento de Receita;4.229.653,24;500;Recursos não vinculados de Impostos;"Não ";Não Aplicável
Bayeux;201025;Prefeitura Municipal de Bayeux;082025;2025;17115111;Cota-Parte do Fundo de Participação dos Municípios - Cota Mensal - Principal;Dedução do Fundeb;-1.419.958,44;500;Recursos não vinculados de Impostos;1001;Identificação das despesas com manutenção e desenvolvimento do ensino
Bayeux;201025;Prefeitura Municipal de Bayeux;082025;2025;17115111;Cota-Parte do Fundo de Participação dos Municípios - Cota Mensal - Principal;Lançamento de Receita;1.130.450,04;500;Recursos não vinculados de Impostos;1002;Identificação das despesas com ações e serviços públicos de saúde
Bayeux;201025;Prefeitura Municipal de Bayeux;082025;2025;17115111;Cota-Parte do Fundo de Participação dos Municípios - Cota Mensal - Principal;Lançamento de Receita;1.835.632,1;500;Recursos não vinculados de Impostos;1001;Identificação das despesas com manutenção e desenvolvimento do ensino
Bayeux;201025;Prefeitura Municipal de Bayeux;072025;2025;17115111;Cota-Parte do Fundo de Participação dos Municípios - Cota Mensal - Principal;Lançamento de Receita;1.391.316,23;500;Recursos não vinculados de Impostos;1001;Identificação das despesas com manutenção e desenvolvimento do ensino
Bayeux;201025;Prefeitura Municipal de Bayeux;072025;2025;17115111;Cota-Parte do Fundo de Participação dos Municípios - Cota Mensal - Principal;Outras Deduções;-72.720,02;500;Recursos não vinculados de Impostos;"Não ";Não Aplicável
Bayeux;201025;Prefeitura Municipal de Bayeux;072025;2025;17115111;Cota-Parte do Fundo de Participação dos Municípios - Cota Mensal - Principal;Lançamento de Receita;856.823,89;500;Recursos não vinculados de Impostos;1002;Identificação das despesas com ações e serviços públicos de saúde
Bayeux;201025;Prefeitura Municipal de Bayeux;072025;2025;17115111;Cota-Parte do Fundo de Participação dos Municípios - Cota Mensal - Principal;Dedução do Fundeb;-1.076.256,62;500;Recursos não vinculados de Impostos;1001;Identificação das despesas com manutenção e desenvolvimento do ensino
Bayeux;201025;Prefeitura Municipal de Bayeux;072025;2025;17115111;Cota-Parte do Fundo de Participação dos Municípios - Cota Mensal - Principal;Lançamento de Receita;3.205.863,1;500;Recursos não vinculados de Impostos;"Não ";Não Aplicável
Bayeux;201025;Prefeitura Municipal de Bayeux;062025;2025;17115111;Cota-Parte do Fundo de Participação dos Municípios - Cota Mensal - Principal;Outras Deduções;-118.462,64;500;Recursos não vinculados de Impostos;"Não ";Não Aplicável
Bayeux;201025;Prefeitura Municipal de Bayeux;062025;2025;17115111;Cota-Parte do Fundo de Participação dos Municípios - Cota Mensal - Principal;Lançamento de Receita;2.266.487,03;500;Recursos não vinculados de Impostos;1001;Identificação das despesas com manutenção e desenvolvimento do ensino
Bayeux;201025;Prefeitura Municipal de Bayeux;062025;2025;17115111;Cota-Parte do Fundo de Participação dos Municípios - Cota Mensal - Principal;Lançamento de Receita;1.395.786,4;500;Recursos não vinculados de Impostos;1002;Identificação das despesas com ações e serviços públicos de saúde
Bayeux;201025;Prefeitura Municipal de Bayeux;062025;2025;17115111;Cota-Parte do Fundo de Participação dos Municípios - Cota Mensal - Principal;Dedução do Fundeb;-1.753.247,48;500;Recursos não vinculados de Impostos;1001;Identificação das despesas com manutenção e desenvolvimento do ensino
Bayeux;201025;Prefeitura Municipal de Bayeux;062025;2025;17115111;Cota-Parte do Fundo de Participação dos Municípios - Cota Mensal - Principal;Lançamento de Receita;5.222.426,78;500;Recursos não vinculados de Impostos;"Não ";Não Aplicável
Bayeux;201025;Prefeitura Municipal de Bayeux;052025;2025;17115111;Cota-Parte do Fundo de Participação dos Municípios - Cota Mensal - Principal;Lançamento de Receita;5.084.448,1;500;Recursos não vinculados de Impostos;"Não ";Não Aplicável
Bayeux;201025;Prefeitura Municipal de Bayeux;052025;2025;17115111;Cota-Parte do Fundo de Participação dos Municípios - Cota Mensal - Principal;Outras Deduções;-115.332,82;500;Recursos não vinculados de Impostos;"Não ";Não Aplicável
Bayeux;201025;Prefeitura Municipal de Bayeux;052025;2025;17115111;Cota-Parte do Fundo de Participação dos Municípios - Cota Mensal - Principal;Lançamento de Receita;1.358.909,16;500;Recursos não vinculados de Impostos;1002;Identificação das despesas com ações e serviços públicos de saúde
Bayeux;201025;Prefeitura Municipal de Bayeux;052025;2025;17115111;Cota-Parte do Fundo de Participação dos Municípios - Cota Mensal - Principal;Dedução do Fundeb;-1.706.925,97;500;Recursos não vinculados de Impostos;1001;Identificação das despesas com manutenção e desenvolvimento do ensino
Bayeux;201025;Prefeitura Municipal de Bayeux;052025;2025;17115111;Cota-Parte do Fundo de Participação dos Municípios - Cota Mensal - Principal;Lançamento de Receita;2.206.605,5;500;Recursos não vinculados de Impostos;1001;Identificação das despesas com manutenção e desenvolvimento do ensino
Bayeux;201025;Prefeitura Municipal de Bayeux;042025;2025;17115111;Cota-Parte do Fundo de Participação dos Municípios - Cota Mensal - Principal;Lançamento de Receita;1.065.274,88;500;Recursos não vinculados de Impostos;1002;Identificação das despesas com ações e serviços públicos de saúde
Bayeux;201025;Prefeitura Municipal de Bayeux;042025;2025;17115111;Cota-Parte do Fundo de Participação dos Municípios - Cota Mensal - Principal;Dedução do Fundeb;-1.338.091,91;500;Recursos não vinculados de Impostos;1001;Identificação das despesas com manutenção e desenvolvimento do ensino
Bayeux;201025;Prefeitura Municipal de Bayeux;042025;2025;17115111;Cota-Parte do Fundo de Participação dos Municípios - Cota Mensal - Principal;Outras Deduções;-90.411,59;500;Recursos não vinculados de Impostos;"Não ";Não Aplicável
Bayeux;201025;Prefeitura Municipal de Bayeux;042025;2025;17115111;Cota-Parte do Fundo de Participação dos Municípios - Cota Mensal - Principal;Lançamento de Receita;3.985.796,14;500;Recursos não vinculados de Impostos;"Não ";Não Aplicável
Bayeux;201025;Prefeitura Municipal de Bayeux;042025;2025;17115111;Cota-Parte do Fundo de Participação dos Municípios - Cota Mensal - Principal;Lançamento de Receita;1.729.800,27;500;Recursos não vinculados de Impostos;1001;Identificação das despesas com manutenção e desenvolvimento do ensino
Bayeux;201025;Prefeitura Municipal de Bayeux;032025;2025;17115111;Cota-Parte do Fundo de Participação dos Municípios - Cota Mensal - Principal;Lançamento de Receita;1.702.273,43;500;Recursos não vinculados de Impostos;1001;Identificação das despesas com manutenção e desenvolvimento do ensino
Bayeux;201025;Prefeitura Municipal de Bayeux;032025;2025;17115111;Cota-Parte do Fundo de Participação dos Municípios - Cota Mensal - Principal;Dedução do Fundeb;-1.316.798,44;500;Recursos não vinculados de Impostos;1001;Identificação das despesas com manutenção e desenvolvimento do ensino
Bayeux;201025;Prefeitura Municipal de Bayeux;032025;2025;17115111;Cota-Parte do Fundo de Participação dos Municípios - Cota Mensal - Principal;Lançamento de Receita;3.922.368,93;500;Recursos não vinculados de Impostos;"Não ";Não Aplicável
Bayeux;201025;Prefeitura Municipal de Bayeux;032025;2025;17115111;Cota-Parte do Fundo de Participação dos Municípios - Cota Mensal - Principal;Outras Deduções;-88.972,84;500;Recursos não vinculados de Impostos;"Não ";Não Aplicável
Bayeux;201025;Prefeitura Municipal de Bayeux;032025;2025;17115111;Cota-Parte do Fundo de Participação dos Municípios - Cota Mensal - Principal;Lançamento de Receita;1.048.322,82;500;Recursos não vinculados de Impostos;1002;Identificação das despesas com ações e serviços públicos de saúde
Bayeux;201025;Prefeitura Municipal de Bayeux;022025;2025;17115111;Cota-Parte do Fundo de Participação dos Municípios - Cota Mensal - Principal;Outras Deduções;-135.104,99;500;Recursos não vinculados de Impostos;"Não ";Não Aplicável
Bayeux;201025;Prefeitura Municipal de Bayeux;022025;2025;17115111;Cota-Parte do Fundo de Participação dos Municípios - Cota Mensal - Principal;Lançamento de Receita;1.591.874,86;500;Recursos não vinculados de Impostos;1002;Identificação das despesas com ações e serviços públicos de saúde
Bayeux;201025;Prefeitura Municipal de Bayeux;022025;2025;17115111;Cota-Parte do Fundo de Participação dos Municípios - Cota Mensal - Principal;Dedução do Fundeb;-1.999.554,23;500;Recursos não vinculados de Impostos;1001;Identificação das despesas com manutenção e desenvolvimento do ensino
Bayeux;201025;Prefeitura Municipal de Bayeux;022025;2025;17115111;Cota-Parte do Fundo de Participação dos Municípios - Cota Mensal - Principal;Lançamento de Receita;5.956.104,65;500;Recursos não vinculados de Impostos;"Não ";Não Aplicável
Bayeux;201025;Prefeitura Municipal de Bayeux;022025;2025;17115111;Cota-Parte do Fundo de Participação dos Municípios - Cota Mensal - Principal;Lançamento de Receita;2.584.896,74;500;Recursos não vinculados de Impostos;1001;Identificação das despesas com manutenção e desenvolvimento do ensino
Bayeux;201025;Prefeitura Municipal de Bayeux;012025;2025;17115111;Cota-Parte do Fundo de Participação dos Municípios - Cota Mensal - Principal;Outras Deduções;-100.683,02;500;Recursos não vinculados de Impostos;"Não ";Não Aplicável
Bayeux;201025;Prefeitura Municipal de Bayeux;012025;2025;17115111;Cota-Parte do Fundo de Participação dos Municípios - Cota Mensal - Principal;Lançamento de Receita;1.186.297,95;500;Recursos não vinculados de Impostos;1002;Identificação das despesas com ações e serviços públicos de saúde
Bayeux;201025;Prefeitura Municipal de Bayeux;012025;2025;17115111;Cota-Parte do Fundo de Participação dos Municípios - Cota Mensal - Principal;Lançamento de Receita;1.926.318,3;500;Recursos não vinculados de Impostos;1001;Identificação das despesas com manutenção e desenvolvimento do ensino
Bayeux;201025;Prefeitura Municipal de Bayeux;012025;2025;17115111;Cota-Parte do Fundo de Participação dos Municípios - Cota Mensal - Principal;Lançamento de Receita;4.438.611,9;500;Recursos não vinculados de Impostos;"Não ";Não Aplicável
Bayeux;201025;Prefeitura Municipal de Bayeux;012025;2025;17115111;Cota-Parte do Fundo de Participação dos Municípios - Cota Mensal - Principal;Dedução do Fundeb;-1.490.108,99;500;Recursos não vinculados de Impostos;1001;Identificação das despesas com manutenção e desenvolvimento do ensino
Bayeux;201025;Prefeitura Municipal de Bayeux;122025;2025;16999901;Outros Serviços - Principal;Lançamento de Receita;1.268.150,8;501;Outros Recursos não Vinculados;"Não ";Não Aplicável
Bayeux;201025;Prefeitura Municipal de Bayeux;112025;2025;16999901;Outros Serviços - Principal;Lançamento de Receita;986.542,46;501;Outros Recursos não Vinculados;"Não ";Não Aplicável
Bayeux;201025;Prefeitura Municipal de Bayeux;102025;2025;16999901;Outros Serviços - Principal;Lançamento de Receita;613.296,47;501;Outros Recursos não Vinculados;"Não ";Não Aplicável
Bayeux;201025;Prefeitura Municipal de Bayeux;092025;2025;16999901;Outros Serviços - Principal;Lançamento de Receita;139.402,12;501;Outros Recursos não Vinculados;"Não ";Não Aplicável
Bayeux;201025;Prefeitura Municipal de Bayeux;082025;2025;16999901;Outros Serviços - Principal;Lançamento de Receita;8.605,48;501;Outros Recursos não Vinculados;"Não ";Não Aplicável
Bayeux;201025;Prefeitura Municipal de Bayeux;072025;2025;16999901;Outros Serviços - Principal;Lançamento de Receita;335.224,7;501;Outros Recursos não Vinculados;"Não ";Não Aplicável
Bayeux;201025;Prefeitura Municipal de Bayeux;062025;2025;16999901;Outros Serviços - Principal;Lançamento de Receita;179.332,15;500;Recursos não vinculados de Impostos;"Não ";Não Aplicável
Bayeux;201025;Prefeitura Municipal de Bayeux;062025;2025;16999901;Outros Serviços - Principal;Lançamento de Receita;81.926,05;501;Outros Recursos não Vinculados;"Não ";Não Aplicável
Bayeux;201025;Prefeitura Municipal de Bayeux;052025;2025;16999901;Outros Serviços - Principal;Lançamento de Receita;25.546,32;501;Outros Recursos não Vinculados;"Não ";Não Aplicável
Bayeux;201025;Prefeitura Municipal de Bayeux;042025;2025;16999901;Outros Serviços - Principal;Lançamento de Receita;100.345,22;501;Outros Recursos não Vinculados;"Não ";Não Aplicável
Bayeux;201025;Prefeitura Municipal de Bayeux;032025;2025;16999901;Outros Serviços - Principal;Lançamento de Receita;22.784,69;501;Outros Recursos não Vinculados;"Não ";Não Aplicável
Bayeux;201025;Prefeitura Municipal de Bayeux;022025;2025;16999901;Outros Serviços - Principal;Lançamento de Receita;24.682,7;501;Outros Recursos não Vinculados;"Não ";Não Aplicável
Bayeux;201025;Prefeitura Municipal de Bayeux;012025;2025;16999901;Outros Serviços - Principal;Lançamento de Receita;5.502,72;501;Outros Recursos não Vinculados;"Não ";Não Aplicável
Bayeux;201025;Prefeitura Municipal de Bayeux;122025;2025;13210101;Remuneração de Depósitos Bancários - Principal;Lançamento de Receita;945,67;701;Outras Transferências de Convênios ou Repasses dos Estados;"Não ";Não Aplicável
Bayeux;201025;Prefeitura Municipal de Bayeux;122025;2025;13210101;Remuneração de Depósitos Bancários - Principal;Lançamento de Receita;5.842,25;706;"Transferência Especial da União ";3110;Identificação das Transferências da União decorrentes de emendas parlamentares individuais
Bayeux;201025;Prefeitura Municipal de Bayeux;122025;2025;13210101;Remuneração de Depósitos Bancários - Principal;Lançamento de Receita;9.544,16;571;Transferências do Estado referentes a Convênios e outros Repasses vinculados à Educação;"Não ";Não Aplicável
Bayeux;201025;Prefeitura Municipal de Bayeux;122025;2025;13210101;Remuneração de Depósitos Bancários - Principal;Lançamento de Receita;740,15;700;Outras Transferências de Convênios ou Repasses da União;"Não ";Não Aplicável
Bayeux;201025;Prefeitura Municipal de Bayeux;122025;2025;13210101;Remuneração de Depósitos Bancários - Principal;Lançamento de Receita;1.121,12;550;Transferência do Salário-Educação;"Não ";Não Aplicável
Bayeux;201025;Prefeitura Municipal de Bayeux;122025;2025;13210101;Remuneração de Depósitos Bancários - Principal;Lançamento de Receita;6.308,28;540;Transferências do FUNDEB - Impostos e Transferências de Impostos;"Não ";Não Aplicável
Bayeux;201025;Prefeitura Municipal de Bayeux;122025;2025;13210101;Remuneração de Depósitos Bancários - Principal;Lançamento de Receita;2.349,74;569;Outras Transferências de Recursos do FNDE;"Não ";Não Aplicável
Bayeux;201025;Prefeitura Municipal de Bayeux;122025;2025;13210101;Remuneração de Depósitos Bancários - Principal;Lançamento de Receita;20.877,67;601;Transferências Fundo a Fundo de Recursos do SUS provenientes do Governo Federal - Bloco de Estruturação da Rede de Serviços Públicos de Saúde;"Não ";Não Aplicável
Bayeux;201025;Prefeitura Municipal de Bayeux;122025;2025;13210101;Remuneração de Depósitos Bancários - Principal;Lançamento de Receita;644,38;660;Transferência de Recursos do Fundo Nacional de Assistência Social - FNAS;3110;Identificação das Transferências da União decorrentes de emendas parlamentares individuais
Bayeux;201025;Prefeitura Municipal de Bayeux;122025;2025;13210101;Remuneração de Depósitos Bancários - Principal;Lançamento de Receita;45.686,74;500;Recursos não vinculados de Impostos;"Não ";Não Aplicável
Bayeux;201025;Prefeitura Municipal de Bayeux;122025;2025;13210101;Remuneração de Depósitos Bancários - Principal;Lançamento de Receita;103,89;553;"Transferências de Recursos do FNDE Referentes ao Programa Nacional de Apoio ao Transporte Escolar (PNATE) ";"Não ";Não Aplicável
Bayeux;201025;Prefeitura Municipal de Bayeux;122025;2025;13210101;Remuneração de Depósitos Bancários - Principal;Lançamento de Receita;11.386,51;632;Transferências do Estado referentes a Convênios e outros Repasses vinculados à Saúde;"Não ";Não Aplicável
Bayeux;201025;Prefeitura Municipal de Bayeux;122025;2025;13210101;Remuneração de Depósitos Bancários - Principal;Lançamento de Receita;25.850,12;710;Transferência Especial dos Estados;3210;Identificação das Transferências dos Estados decorrentes de emendas parlamentares individuais
Bayeux;201025;Prefeitura Municipal de Bayeux;122025;2025;13210101;Remuneração de Depósitos Bancários - Principal;Lançamento de Receita;7.702,33;751;Recursos da Contribuição para o Custeio do Serviço de Iluminação Pública - COSIP;"Não ";Não Aplicável
Bayeux;201025;Prefeitura Municipal de Bayeux;122025;2025;13210101;Remuneração de Depósitos Bancários - Principal;Lançamento de Receita;4.463,45;544;Recursos de Precatórios do FUNDEF;"Não ";Não Aplicável
Bayeux;201025;Prefeitura Municipal de Bayeux;122025;2025;13210101;Remuneração de Depósitos Bancários - Principal;Lançamento de Receita;414,98;621;"Transferências Fundo a Fundo de Recursos do SUS provenientes do Governo Estadual ";"Não ";Não Aplicável
Bayeux;201025;Prefeitura Municipal de Bayeux;122025;2025;13210101;Remuneração de Depósitos Bancários - Principal;Lançamento de Receita;426,2;600;Transferências Fundo a Fundo de Recursos do SUS provenientes do Governo Federal - Bloco de Manutenção das Ações e Serviços Públicos de Saúde;3130;Identificação das Transferências da União decorrentes de emendas parlamentares de comissão
Bayeux;201025;Prefeitura Municipal de Bayeux;122025;2025;13210101;Remuneração de Depósitos Bancários - Principal;Lançamento de Receita;85.813,29;600;Transferências Fundo a Fundo de Recursos do SUS provenientes do Governo Federal - Bloco de Manutenção das Ações e Serviços Públicos de Saúde;"Não ";Não Aplicável
Bayeux;201025;Prefeitura Municipal de Bayeux;122025;2025;13210101;Remuneração de Depósitos Bancários - Principal;Lançamento de Receita;333.443,59;605;Assistência financeira da União destinada à complementação ao pagamento dos pisos salariais para profissionais da enfermagem;"Não ";Não Aplicável
Bayeux;201025;Prefeitura Municipal de Bayeux;122025;2025;13210101;Remuneração de Depósitos Bancários - Principal;Lançamento de Receita;4,51;552;Transferências de Recursos do FNDE Referentes ao Programa Nacional de Alimentação Escolar (PNAE);"Não ";Não Aplicável
Bayeux;201025;Prefeitura Municipal de Bayeux;122025;2025;13210101;Remuneração de Depósitos Bancários - Principal;Lançamento de Receita;15.590,2;660;Transferência de Recursos do Fundo Nacional de Assistência Social - FNAS;"Não ";Não Aplicável
Bayeux;201025;Prefeitura Municipal de Bayeux;112025;2025;13210101;Remuneração de Depósitos Bancários - Principal;Lançamento de Receita;1.942,91;569;Outras Transferências de Recursos do FNDE;"Não ";Não Aplicável
Bayeux;201025;Prefeitura Municipal de Bayeux;112025;2025;13210101;Remuneração de Depósitos Bancários - Principal;Lançamento de Receita;7.207,9;605;Assistência financeira da União destinada à complementação ao pagamento dos pisos salariais para profissionais da enfermagem;"Não ";Não Aplicável
Bayeux;201025;Prefeitura Municipal de Bayeux;112025;2025;13210101;Remuneração de Depósitos Bancários - Principal;Lançamento de Receita;31.410,83;500;Recursos não vinculados de Impostos;"Não ";Não Aplicável
Bayeux;201025;Prefeitura Municipal de Bayeux;112025;2025;13210101;Remuneração de Depósitos Bancários - Principal;Lançamento de Receita;389,15;621;"Transferências Fundo a Fundo de Recursos do SUS provenientes do Governo Estadual ";"Não ";Não Aplicável
Bayeux;201025;Prefeitura Municipal de Bayeux;112025;2025;13210101;Remuneração de Depósitos Bancários - Principal;Lançamento de Receita;97.490,02;600;Transferências Fundo a Fundo de Recursos do SUS provenientes do Governo Federal - Bloco de Manutenção das Ações e Serviços Públicos de Saúde;"Não ";Não Aplicável
Bayeux;201025;Prefeitura Municipal de Bayeux;112025;2025;13210101;Remuneração de Depósitos Bancários - Principal;Lançamento de Receita;631,66;700;Outras Transferências de Convênios ou Repasses da União;"Não ";Não Aplicável
Bayeux;201025;Prefeitura Municipal de Bayeux;112025;2025;13210101;Remuneração de Depósitos Bancários - Principal;Lançamento de Receita;560,75;550;Transferência do Salário-Educação;"Não ";Não Aplicável
Bayeux;201025;Prefeitura Municipal de Bayeux;112025;2025;13210101;Remuneração de Depósitos Bancários - Principal;Lançamento de Receita;9.069,32;540;Transferências do FUNDEB - Impostos e Transferências de Impostos;"Não ";Não Aplicável
Bayeux;201025;Prefeitura Municipal de Bayeux;112025;2025;13210101;Remuneração de Depósitos Bancários - Principal;Lançamento de Receita;23.012,24;710;Transferência Especial dos Estados;3210;Identificação das Transferências dos Estados decorrentes de emendas parlamentares individuais
Bayeux;201025;Prefeitura Municipal de Bayeux;112025;2025;13210101;Remuneração de Depósitos Bancários - Principal;Lançamento de Receita;15.236,79;601;Transferências Fundo a Fundo de Recursos do SUS provenientes do Governo Federal - Bloco de Estruturação da Rede de Serviços Públicos de Saúde;"Não ";Não Aplicável
Bayeux;201025;Prefeitura Municipal de Bayeux;112025;2025;13210101;Remuneração de Depósitos Bancários - Principal;Lançamento de Receita;811,82;701;Outras Transferências de Convênios ou Repasses dos Estados;"Não ";Não Aplicável
Bayeux;201025;Prefeitura Municipal de Bayeux;112025;2025;13210101;Remuneração de Depósitos Bancários - Principal;Lançamento de Receita;41,24;553;"Transferências de Recursos do FNDE Referentes ao Programa Nacional de Apoio ao Transporte Escolar (PNATE) ";"Não ";Não Aplicável
Bayeux;201025;Prefeitura Municipal de Bayeux;112025;2025;13210101;Remuneração de Depósitos Bancários - Principal;Lançamento de Receita;4.173,9;544;Recursos de Precatórios do FUNDEF;"Não ";Não Aplicável
Bayeux;201025;Prefeitura Municipal de Bayeux;112025;2025;13210101;Remuneração de Depósitos Bancários - Principal;Lançamento de Receita;4.973,31;706;"Transferência Especial da União ";3110;Identificação das Transferências da União decorrentes de emendas parlamentares individuais
Bayeux;201025;Prefeitura Municipal de Bayeux;112025;2025;13210101;Remuneração de Depósitos Bancários - Principal;Lançamento de Receita;6.081,84;751;Recursos da Contribuição para o Custeio do Serviço de Iluminação Pública - COSIP;"Não ";Não Aplicável
Bayeux;201025;Prefeitura Municipal de Bayeux;112025;2025;13210101;Remuneração de Depósitos Bancários - Principal;Lançamento de Receita;3,84;552;Transferências de Recursos do FNDE Referentes ao Programa Nacional de Alimentação Escolar (PNAE);"Não ";Não Aplicável
Bayeux;201025;Prefeitura Municipal de Bayeux;112025;2025;13210101;Remuneração de Depósitos Bancários - Principal;Lançamento de Receita;8.164,2;571;Transferências do Estado referentes a Convênios e outros Repasses vinculados à Educação;"Não ";Não Aplicável
Bayeux;201025;Prefeitura Municipal de Bayeux;112025;2025;13210101;Remuneração de Depósitos Bancários - Principal;Lançamento de Receita;6.132,88;632;Transferências do Estado referentes a Convênios e outros Repasses vinculados à Saúde;"Não ";Não Aplicável
Bayeux;201025;Prefeitura Municipal de Bayeux;112025;2025;13210101;Remuneração de Depósitos Bancários - Principal;Lançamento de Receita;6.737,86;660;Transferência de Recursos do Fundo Nacional de Assistência Social - FNAS;"Não ";Não Aplicável
Bayeux;201025;Prefeitura Municipal de Bayeux;102025;2025;13210101;Remuneração de Depósitos Bancários - Principal;Lançamento de Receita;5.881,24;706;"Transferência Especial da União ";3110;Identificação das Transferências da União decorrentes de emendas parlamentares individuais
Bayeux;201025;Prefeitura Municipal de Bayeux;102025;2025;13210101;Remuneração de Depósitos Bancários - Principal;Lançamento de Receita;668,52;550;Transferência do Salário-Educação;"Não ";Não Aplicável
Bayeux;201025;Prefeitura Municipal de Bayeux;102025;2025;13210101;Remuneração de Depósitos Bancários - Principal;Lançamento de Receita;6.939,64;632;Transferências do Estado referentes a Convênios e outros Repasses vinculados à Saúde;"Não ";Não Aplicável
Bayeux;201025;Prefeitura Municipal de Bayeux;102025;2025;13210101;Remuneração de Depósitos Bancários - Principal;Lançamento de Receita;40.176,25;500;Recursos não vinculados de Impostos;"Não ";Não Aplicável
Bayeux;201025;Prefeitura Municipal de Bayeux;102025;2025;13210101;Remuneração de Depósitos Bancários - Principal;Lançamento de Receita;9.702,2;751;Recursos da Contribuição para o Custeio do Serviço de Iluminação Pública - COSIP;"Não ";Não Aplicável
Bayeux;201025;Prefeitura Municipal de Bayeux;102025;2025;13210101;Remuneração de Depósitos Bancários - Principal;Lançamento de Receita;972,85;701;Outras Transferências de Convênios ou Repasses dos Estados;"Não ";Não Aplicável
Bayeux;201025;Prefeitura Municipal de Bayeux;102025;2025;13210101;Remuneração de Depósitos Bancários - Principal;Lançamento de Receita;4,53;552;Transferências de Recursos do FNDE Referentes ao Programa Nacional de Alimentação Escolar (PNAE);"Não ";Não Aplicável
Bayeux;201025;Prefeitura Municipal de Bayeux;102025;2025;13210101;Remuneração de Depósitos Bancários - Principal;Lançamento de Receita;9.783,59;571;Transferências do Estado referentes a Convênios e outros Repasses vinculados à Educação;"Não ";Não Aplicável
Bayeux;201025;Prefeitura Municipal de Bayeux;102025;2025;13210101;Remuneração de Depósitos Bancários - Principal;Lançamento de Receita;86.848,26;600;Transferências Fundo a Fundo de Recursos do SUS provenientes do Governo Federal - Bloco de Manutenção das Ações e Serviços Públicos de Saúde;"Não ";Não Aplicável
Bayeux;201025;Prefeitura Municipal de Bayeux;102025;2025;13210101;Remuneração de Depósitos Bancários - Principal;Lançamento de Receita;8.667,39;605;Assistência financeira da União destinada à complementação ao pagamento dos pisos salariais para profissionais da enfermagem;"Não ";Não Aplicável
Bayeux;201025;Prefeitura Municipal de Bayeux;102025;2025;13210101;Remuneração de Depósitos Bancários - Principal;Lançamento de Receita;18.259,01;601;Transferências Fundo a Fundo de Recursos do SUS provenientes do Governo Federal - Bloco de Estruturação da Rede de Serviços Públicos de Saúde;"Não ";Não Aplicável
Bayeux;201025;Prefeitura Municipal de Bayeux;102025;2025;13210101;Remuneração de Depósitos Bancários - Principal;Lançamento de Receita;748,92;700;Outras Transferências de Convênios ou Repasses da União;"Não ";Não Aplicável
Bayeux;201025;Prefeitura Municipal de Bayeux;102025;2025;13210101;Remuneração de Depósitos Bancários - Principal;Lançamento de Receita;28.362,8;710;Transferência Especial dos Estados;3210;Identificação das Transferências dos Estados decorrentes de emendas parlamentares individuais
Bayeux;201025;Prefeitura Municipal de Bayeux;102025;2025;13210101;Remuneração de Depósitos Bancários - Principal;Lançamento de Receita;2.973,14;569;Outras Transferências de Recursos do FNDE;"Não ";Não Aplicável
Bayeux;201025;Prefeitura Municipal de Bayeux;102025;2025;13210101;Remuneração de Depósitos Bancários - Principal;Lançamento de Receita;12.763,49;540;Transferências do FUNDEB - Impostos e Transferências de Impostos;"Não ";Não Aplicável
Bayeux;201025;Prefeitura Municipal de Bayeux;102025;2025;13210101;Remuneração de Depósitos Bancários - Principal;Lançamento de Receita;5.366,23;544;Recursos de Precatórios do FUNDEF;"Não ";Não Aplicável
Bayeux;201025;Prefeitura Municipal de Bayeux;102025;2025;13210101;Remuneração de Depósitos Bancários - Principal;Lançamento de Receita;432,44;621;"Transferências Fundo a Fundo de Recursos do SUS provenientes do Governo Estadual ";"Não ";Não Aplicável
Bayeux;201025;Prefeitura Municipal de Bayeux;102025;2025;13210101;Remuneração de Depósitos Bancários - Principal;Lançamento de Receita;8.481,21;660;Transferência de Recursos do Fundo Nacional de Assistência Social - FNAS;"Não ";Não Aplicável
Bayeux;201025;Prefeitura Municipal de Bayeux;102025;2025;13210101;Remuneração de Depósitos Bancários - Principal;Lançamento de Receita;49,41;553;"Transferências de Recursos do FNDE Referentes ao Programa Nacional de Apoio ao Transporte Escolar (PNATE) ";"Não ";Não Aplicável
Bayeux;201025;Prefeitura Municipal de Bayeux;092025;2025;13210101;Remuneração de Depósitos Bancários - Principal;Lançamento de Receita;596,28;621;"Transferências Fundo a Fundo de Recursos do SUS provenientes do Governo Estadual ";"Não ";Não Aplicável
Bayeux;201025;Prefeitura Municipal de Bayeux;092025;2025;13210101;Remuneração de Depósitos Bancários - Principal;Lançamento de Receita;477,82;550;Transferência do Salário-Educação;"Não ";Não Aplicável
Bayeux;201025;Prefeitura Municipal de Bayeux;092025;2025;13210101;Remuneração de Depósitos Bancários - Principal;Lançamento de Receita;5.378,16;706;"Transferência Especial da União ";3110;Identificação das Transferências da União decorrentes de emendas parlamentares individuais
Bayeux;201025;Prefeitura Municipal de Bayeux;092025;2025;13210101;Remuneração de Depósitos Bancários - Principal;Lançamento de Receita;8.407,51;660;Transferência de Recursos do Fundo Nacional de Assistência Social - FNAS;"Não ";Não Aplicável
Bayeux;201025;Prefeitura Municipal de Bayeux;092025;2025;13210101;Remuneração de Depósitos Bancários - Principal;Lançamento de Receita;261,6;553;"Transferências de Recursos do FNDE Referentes ao Programa Nacional de Apoio ao Transporte Escolar (PNATE) ";"Não ";Não Aplicável
Bayeux;201025;Prefeitura Municipal de Bayeux;092025;2025;13210101;Remuneração de Depósitos Bancários - Principal;Lançamento de Receita;26.970,68;710;Transferência Especial dos Estados;3210;Identificação das Transferências dos Estados decorrentes de emendas parlamentares individuais
Bayeux;201025;Prefeitura Municipal de Bayeux;092025;2025;13210101;Remuneração de Depósitos Bancários - Principal;Lançamento de Receita;39.992,87;600;Transferências Fundo a Fundo de Recursos do SUS provenientes do Governo Federal - Bloco de Manutenção das Ações e Serviços Públicos de Saúde;"Não ";Não Aplicável
Bayeux;201025;Prefeitura Municipal de Bayeux;092025;2025;13210101;Remuneração de Depósitos Bancários - Principal;Lançamento de Receita;680,15;700;Outras Transferências de Convênios ou Repasses da União;"Não ";Não Aplicável
Bayeux;201025;Prefeitura Municipal de Bayeux;092025;2025;13210101;Remuneração de Depósitos Bancários - Principal;Lançamento de Receita;4,16;552;Transferências de Recursos do FNDE Referentes ao Programa Nacional de Alimentação Escolar (PNAE);"Não ";Não Aplicável
Bayeux;201025;Prefeitura Municipal de Bayeux;092025;2025;13210101;Remuneração de Depósitos Bancários - Principal;Lançamento de Receita;1.492,09;701;Outras Transferências de Convênios ou Repasses dos Estados;"Não ";Não Aplicável
Bayeux;201025;Prefeitura Municipal de Bayeux;092025;2025;13210101;Remuneração de Depósitos Bancários - Principal;Lançamento de Receita;11.507,97;632;Transferências do Estado referentes a Convênios e outros Repasses vinculados à Saúde;"Não ";Não Aplicável
Bayeux;201025;Prefeitura Municipal de Bayeux;092025;2025;13210101;Remuneração de Depósitos Bancários - Principal;Lançamento de Receita;21.238,07;571;Transferências do Estado referentes a Convênios e outros Repasses vinculados à Educação;"Não ";Não Aplicável
Bayeux;201025;Prefeitura Municipal de Bayeux;092025;2025;13210101;Remuneração de Depósitos Bancários - Principal;Lançamento de Receita;9.999,31;540;Transferências do FUNDEB - Impostos e Transferências de Impostos;"Não ";Não Aplicável
Bayeux;201025;Prefeitura Municipal de Bayeux;092025;2025;13210101;Remuneração de Depósitos Bancários - Principal;Lançamento de Receita;17.310,34;601;Transferências Fundo a Fundo de Recursos do SUS provenientes do Governo Federal - Bloco de Estruturação da Rede de Serviços Públicos de Saúde;"Não ";Não Aplicável
Bayeux;201025;Prefeitura Municipal de Bayeux;092025;2025;13210101;Remuneração de Depósitos Bancários - Principal;Lançamento de Receita;41.398,75;500;Recursos não vinculados de Impostos;"Não ";Não Aplicável
Bayeux;201025;Prefeitura Municipal de Bayeux;092025;2025;13210101;Remuneração de Depósitos Bancários - Principal;Lançamento de Receita;29.206,23;751;Recursos da Contribuição para o Custeio do Serviço de Iluminação Pública - COSIP;"Não ";Não Aplicável
Bayeux;201025;Prefeitura Municipal de Bayeux;092025;2025;13210101;Remuneração de Depósitos Bancários - Principal;Lançamento de Receita;8.129,05;605;Assistência financeira da União destinada à complementação ao pagamento dos pisos salariais para profissionais da enfermagem;"Não ";Não Aplicável
Bayeux;201025;Prefeitura Municipal de Bayeux;092025;2025;13210101;Remuneração de Depósitos Bancários - Principal;Lançamento de Receita;22.515,78;544;Recursos de Precatórios do FUNDEF;"Não ";Não Aplicável
Bayeux;201025;Prefeitura Municipal de Bayeux;092025;2025;13210101;Remuneração de Depósitos Bancários - Principal;Lançamento de Receita;2.296,33;569;Outras Transferências de Recursos do FNDE;"Não ";Não Aplicável
Bayeux;201025;Prefeitura Municipal de Bayeux;082025;2025;13210101;Remuneração de Depósitos Bancários - Principal;Lançamento de Receita;11.186,48;632;Transferências do Estado referentes a Convênios e outros Repasses vinculados à Saúde;"Não ";Não Aplicável
Bayeux;201025;Prefeitura Municipal de Bayeux;082025;2025;13210101;Remuneração de Depósitos Bancários - Principal;Lançamento de Receita;7.272,14;605;Assistência financeira da União destinada à complementação ao pagamento dos pisos salariais para profissionais da enfermagem;"Não ";Não Aplicável
Bayeux;201025;Prefeitura Municipal de Bayeux;082025;2025;13210101;Remuneração de Depósitos Bancários - Principal;Lançamento de Receita;3,89;552;Transferências de Recursos do FNDE Referentes ao Programa Nacional de Alimentação Escolar (PNAE);"Não ";Não Aplicável
Bayeux;201025;Prefeitura Municipal de Bayeux;082025;2025;13210101;Remuneração de Depósitos Bancários - Principal;Lançamento de Receita;25.623,96;751;Recursos da Contribuição para o Custeio do Serviço de Iluminação Pública - COSIP;"Não ";Não Aplicável
Bayeux;201025;Prefeitura Municipal de Bayeux;082025;2025;13210101;Remuneração de Depósitos Bancários - Principal;Lançamento de Receita;93,39;569;Outras Transferências de Recursos do FNDE;"Não ";Não Aplicável
Bayeux;201025;Prefeitura Municipal de Bayeux;082025;2025;13210101;Remuneração de Depósitos Bancários - Principal;Lançamento de Receita;12.358,41;540;Transferências do FUNDEB - Impostos e Transferências de Impostos;"Não ";Não Aplicável
Bayeux;201025;Prefeitura Municipal de Bayeux;082025;2025;13210101;Remuneração de Depósitos Bancários - Principal;Lançamento de Receita;46.297,19;600;Transferências Fundo a Fundo de Recursos do SUS provenientes do Governo Federal - Bloco de Manutenção das Ações e Serviços Públicos de Saúde;"Não ";Não Aplicável
Bayeux;201025;Prefeitura Municipal de Bayeux;082025;2025;13210101;Remuneração de Depósitos Bancários - Principal;Lançamento de Receita;1.664,76;701;Outras Transferências de Convênios ou Repasses dos Estados;"Não ";Não Aplicável
Bayeux;201025;Prefeitura Municipal de Bayeux;082025;2025;13210101;Remuneração de Depósitos Bancários - Principal;Lançamento de Receita;230,55;550;Transferência do Salário-Educação;"Não ";Não Aplicável
Bayeux;201025;Prefeitura Municipal de Bayeux;082025;2025;13210101;Remuneração de Depósitos Bancários - Principal;Lançamento de Receita;22.752,89;544;Recursos de Precatórios do FUNDEF;"Não ";Não Aplicável
Bayeux;201025;Prefeitura Municipal de Bayeux;082025;2025;13210101;Remuneração de Depósitos Bancários - Principal;Lançamento de Receita;556,02;621;"Transferências Fundo a Fundo de Recursos do SUS provenientes do Governo Estadual ";"Não ";Não Aplicável
Bayeux;201025;Prefeitura Municipal de Bayeux;082025;2025;13210101;Remuneração de Depósitos Bancários - Principal;Lançamento de Receita;39.847,24;500;Recursos não vinculados de Impostos;"Não ";Não Aplicável
Bayeux;201025;Prefeitura Municipal de Bayeux;082025;2025;13210101;Remuneração de Depósitos Bancários - Principal;Lançamento de Receita;25.523,89;710;Transferência Especial dos Estados;3210;Identificação das Transferências dos Estados decorrentes de emendas parlamentares individuais
Bayeux;201025;Prefeitura Municipal de Bayeux;082025;2025;13210101;Remuneração de Depósitos Bancários - Principal;Lançamento de Receita;5.057,16;706;"Transferência Especial da União ";3110;Identificação das Transferências da União decorrentes de emendas parlamentares individuais
Bayeux;201025;Prefeitura Municipal de Bayeux;082025;2025;13210101;Remuneração de Depósitos Bancários - Principal;Lançamento de Receita;646,49;700;Outras Transferências de Convênios ou Repasses da União;"Não ";Não Aplicável
Bayeux;201025;Prefeitura Municipal de Bayeux;082025;2025;13210101;Remuneração de Depósitos Bancários - Principal;Lançamento de Receita;8.249,57;660;Transferência de Recursos do Fundo Nacional de Assistência Social - FNAS;"Não ";Não Aplicável
Bayeux;201025;Prefeitura Municipal de Bayeux;082025;2025;13210101;Remuneração de Depósitos Bancários - Principal;Lançamento de Receita;16.381,74;601;Transferências Fundo a Fundo de Recursos do SUS provenientes do Governo Federal - Bloco de Estruturação da Rede de Serviços Públicos de Saúde;"Não ";Não Aplicável
Bayeux;201025;Prefeitura Municipal de Bayeux;082025;2025;13210101;Remuneração de Depósitos Bancários - Principal;Lançamento de Receita;12,35;553;"Transferências de Recursos do FNDE Referentes ao Programa Nacional de Apoio ao Transporte Escolar (PNATE) ";"Não ";Não Aplicável
Bayeux;201025;Prefeitura Municipal de Bayeux;072025;2025;13210101;Remuneração de Depósitos Bancários - Principal;Lançamento de Receita;7.386,19;605;Assistência financeira da União destinada à complementação ao pagamento dos pisos salariais para profissionais da enfermagem;"Não ";Não Aplicável
Bayeux;201025;Prefeitura Municipal de Bayeux;072025;2025;13210101;Remuneração de Depósitos Bancários - Principal;Lançamento de Receita;2.574,52;601;Transferências Fundo a Fundo de Recursos do SUS provenientes do Governo Federal - Bloco de Estruturação da Rede de Serviços Públicos de Saúde;3110;Identificação das Transferências da União decorrentes de emendas parlamentares individuais
Bayeux;201025;Prefeitura Municipal de Bayeux;072025;2025;13210101;Remuneração de Depósitos Bancários - Principal;Lançamento de Receita;572,39;621;"Transferências Fundo a Fundo de Recursos do SUS provenientes do Governo Estadual ";"Não ";Não Aplicável
Bayeux;201025;Prefeitura Municipal de Bayeux;072025;2025;13210101;Remuneração de Depósitos Bancários - Principal;Lançamento de Receita;4,21;552;Transferências de Recursos do FNDE Referentes ao Programa Nacional de Alimentação Escolar (PNAE);"Não ";Não Aplicável
Bayeux;201025;Prefeitura Municipal de Bayeux;072025;2025;13210101;Remuneração de Depósitos Bancários - Principal;Lançamento de Receita;13.342,72;632;Transferências do Estado referentes a Convênios e outros Repasses vinculados à Saúde;"Não ";Não Aplicável
Bayeux;201025;Prefeitura Municipal de Bayeux;072025;2025;13210101;Remuneração de Depósitos Bancários - Principal;Lançamento de Receita;32.185,39;710;Transferência Especial dos Estados;3210;Identificação das Transferências dos Estados decorrentes de emendas parlamentares individuais
Bayeux;201025;Prefeitura Municipal de Bayeux;072025;2025;13210101;Remuneração de Depósitos Bancários - Principal;Lançamento de Receita;30.026,22;751;Recursos da Contribuição para o Custeio do Serviço de Iluminação Pública - COSIP;"Não ";Não Aplicável
Bayeux;201025;Prefeitura Municipal de Bayeux;072025;2025;13210101;Remuneração de Depósitos Bancários - Principal;Lançamento de Receita;12.634,38;600;Transferências Fundo a Fundo de Recursos do SUS provenientes do Governo Federal - Bloco de Manutenção das Ações e Serviços Públicos de Saúde;"Não ";Não Aplicável
Bayeux;201025;Prefeitura Municipal de Bayeux;072025;2025;13210101;Remuneração de Depósitos Bancários - Principal;Lançamento de Receita;2.764,21;550;Transferência do Salário-Educação;"Não ";Não Aplicável
Bayeux;201025;Prefeitura Municipal de Bayeux;072025;2025;13210101;Remuneração de Depósitos Bancários - Principal;Lançamento de Receita;2.342,9;569;Outras Transferências de Recursos do FNDE;"Não ";Não Aplicável
Bayeux;201025;Prefeitura Municipal de Bayeux;072025;2025;13210101;Remuneração de Depósitos Bancários - Principal;Lançamento de Receita;700,33;700;Outras Transferências de Convênios ou Repasses da União;"Não ";Não Aplicável
Bayeux;201025;Prefeitura Municipal de Bayeux;072025;2025;13210101;Remuneração de Depósitos Bancários - Principal;Lançamento de Receita;16.858,27;540;Transferências do FUNDEB - Impostos e Transferências de Impostos;"Não ";Não Aplicável
Bayeux;201025;Prefeitura Municipal de Bayeux;072025;2025;13210101;Remuneração de Depósitos Bancários - Principal;Lançamento de Receita;44.307,92;500;Recursos não vinculados de Impostos;"Não ";Não Aplicável
Bayeux;201025;Prefeitura Municipal de Bayeux;072025;2025;13210101;Remuneração de Depósitos Bancários - Principal;Lançamento de Receita;24.694,5;544;Recursos de Precatórios do FUNDEF;"Não ";Não Aplicável
Bayeux;201025;Prefeitura Municipal de Bayeux;072025;2025;13210101;Remuneração de Depósitos Bancários - Principal;Lançamento de Receita;7.920,15;601;Transferências Fundo a Fundo de Recursos do SUS provenientes do Governo Federal - Bloco de Estruturação da Rede de Serviços Públicos de Saúde;"Não ";Não Aplicável
Bayeux;201025;Prefeitura Municipal de Bayeux;072025;2025;13210101;Remuneração de Depósitos Bancários - Principal;Lançamento de Receita;5.467,23;706;"Transferência Especial da União ";3110;Identificação das Transferências da União decorrentes de emendas parlamentares individuais
Bayeux;201025;Prefeitura Municipal de Bayeux;072025;2025;13210101;Remuneração de Depósitos Bancários - Principal;Lançamento de Receita;1.806,8;701;Outras Transferências de Convênios ou Repasses dos Estados;"Não ";Não Aplicável
Bayeux;201025;Prefeitura Municipal de Bayeux;072025;2025;13210101;Remuneração de Depósitos Bancários - Principal;Lançamento de Receita;18.531,06;719;Transferências da Política Nacional Aldir Blanc de Fomento à Cultura - Lei 14.399/2022;"Não ";Não Aplicável
Bayeux;201025;Prefeitura Municipal de Bayeux;072025;2025;13210101;Remuneração de Depósitos Bancários - Principal;Lançamento de Receita;13.042,78;571;Transferências do Estado referentes a Convênios e outros Repasses vinculados à Educação;"Não ";Não Aplicável
Bayeux;201025;Prefeitura Municipal de Bayeux;072025;2025;13210101;Remuneração de Depósitos Bancários - Principal;Lançamento de Receita;161,68;553;"Transferências de Recursos do FNDE Referentes ao Programa Nacional de Apoio ao Transporte Escolar (PNATE) ";"Não ";Não Aplicável
Bayeux;201025;Prefeitura Municipal de Bayeux;072025;2025;13210101;Remuneração de Depósitos Bancários - Principal;Lançamento de Receita;13.315,85;660;Transferência de Recursos do Fundo Nacional de Assistência Social - FNAS;"Não ";Não Aplicável
Bayeux;201025;Prefeitura Municipal de Bayeux;072025;2025;13210101;Remuneração de Depósitos Bancários - Principal;Lançamento de Receita;18.516,53;600;Transferências Fundo a Fundo de Recursos do SUS provenientes do Governo Federal - Bloco de Manutenção das Ações e Serviços Públicos de Saúde;3110;Identificação das Transferências da União decorrentes de emendas parlamentares individuais
Bayeux;201025;Prefeitura Municipal de Bayeux;062025;2025;13210101;Remuneração de Depósitos Bancários - Principal;Lançamento de Receita;10.305,05;632;Transferências do Estado referentes a Convênios e outros Repasses vinculados à Saúde;"Não ";Não Aplicável
Bayeux;201025;Prefeitura Municipal de Bayeux;062025;2025;13210101;Remuneração de Depósitos Bancários - Principal;Lançamento de Receita;40.207,56;500;Recursos não vinculados de Impostos;"Não ";Não Aplicável
Bayeux;201025;Prefeitura Municipal de Bayeux;062025;2025;13210101;Remuneração de Depósitos Bancários - Principal;Lançamento de Receita;3.890,26;600;Transferências Fundo a Fundo de Recursos do SUS provenientes do Governo Federal - Bloco de Manutenção das Ações e Serviços Públicos de Saúde;"Não ";Não Aplicável
Bayeux;201025;Prefeitura Municipal de Bayeux;062025;2025;13210101;Remuneração de Depósitos Bancários - Principal;Lançamento de Receita;11.540,76;571;Transferências do Estado referentes a Convênios e outros Repasses vinculados à Educação;"Não ";Não Aplicável
Bayeux;201025;Prefeitura Municipal de Bayeux;062025;2025;13210101;Remuneração de Depósitos Bancários - Principal;Lançamento de Receita;22.089,92;751;Recursos da Contribuição para o Custeio do Serviço de Iluminação Pública - COSIP;"Não ";Não Aplicável
Bayeux;201025;Prefeitura Municipal de Bayeux;062025;2025;13210101;Remuneração de Depósitos Bancários - Principal;Lançamento de Receita;6.045,1;605;Assistência financeira da União destinada à complementação ao pagamento dos pisos salariais para profissionais da enfermagem;"Não ";Não Aplicável
Bayeux;201025;Prefeitura Municipal de Bayeux;062025;2025;13210101;Remuneração de Depósitos Bancários - Principal;Lançamento de Receita;18.251,7;540;Transferências do FUNDEB - Impostos e Transferências de Impostos;"Não ";Não Aplicável
Bayeux;201025;Prefeitura Municipal de Bayeux;062025;2025;13210101;Remuneração de Depósitos Bancários - Principal;Lançamento de Receita;3,58;552;Transferências de Recursos do FNDE Referentes ao Programa Nacional de Alimentação Escolar (PNAE);"Não ";Não Aplicável
Bayeux;201025;Prefeitura Municipal de Bayeux;062025;2025;13210101;Remuneração de Depósitos Bancários - Principal;Lançamento de Receita;117,87;553;"Transferências de Recursos do FNDE Referentes ao Programa Nacional de Apoio ao Transporte Escolar (PNATE) ";"Não ";Não Aplicável
Bayeux;201025;Prefeitura Municipal de Bayeux;062025;2025;13210101;Remuneração de Depósitos Bancários - Principal;Lançamento de Receita;4.678,01;706;"Transferência Especial da União ";3110;Identificação das Transferências da União decorrentes de emendas parlamentares individuais
Bayeux;201025;Prefeitura Municipal de Bayeux;062025;2025;13210101;Remuneração de Depósitos Bancários - Principal;Lançamento de Receita;377,88;701;Outras Transferências de Convênios ou Repasses dos Estados;"Não ";Não Aplicável
Bayeux;201025;Prefeitura Municipal de Bayeux;062025;2025;13210101;Remuneração de Depósitos Bancários - Principal;Lançamento de Receita;592,53;700;Outras Transferências de Convênios ou Repasses da União;"Não ";Não Aplicável
Bayeux;201025;Prefeitura Municipal de Bayeux;062025;2025;13210101;Remuneração de Depósitos Bancários - Principal;Lançamento de Receita;2.207,26;569;Outras Transferências de Recursos do FNDE;"Não ";Não Aplicável
Bayeux;201025;Prefeitura Municipal de Bayeux;062025;2025;13210101;Remuneração de Depósitos Bancários - Principal;Lançamento de Receita;20.968,87;544;Recursos de Precatórios do FUNDEF;"Não ";Não Aplicável
Bayeux;201025;Prefeitura Municipal de Bayeux;062025;2025;13210101;Remuneração de Depósitos Bancários - Principal;Lançamento de Receita;6.722,44;601;Transferências Fundo a Fundo de Recursos do SUS provenientes do Governo Federal - Bloco de Estruturação da Rede de Serviços Públicos de Saúde;"Não ";Não Aplicável
Bayeux;201025;Prefeitura Municipal de Bayeux;062025;2025;13210101;Remuneração de Depósitos Bancários - Principal;Lançamento de Receita;409,36;621;"Transferências Fundo a Fundo de Recursos do SUS provenientes do Governo Estadual ";"Não ";Não Aplicável
Bayeux;201025;Prefeitura Municipal de Bayeux;062025;2025;13210101;Remuneração de Depósitos Bancários - Principal;Lançamento de Receita;9.635,93;660;Transferência de Recursos do Fundo Nacional de Assistência Social - FNAS;"Não ";Não Aplicável
Bayeux;201025;Prefeitura Municipal de Bayeux;062025;2025;13210101;Remuneração de Depósitos Bancários - Principal;Lançamento de Receita;5.584,42;550;Transferência do Salário-Educação;"Não ";Não Aplicável
Bayeux;201025;Prefeitura Municipal de Bayeux;062025;2025;13210101;Remuneração de Depósitos Bancários - Principal;Lançamento de Receita;5.527,43;710;Transferência Especial dos Estados;3210;Identificação das Transferências dos Estados decorrentes de emendas parlamentares individuais
Bayeux;201025;Prefeitura Municipal de Bayeux;052025;2025;13210101;Remuneração de Depósitos Bancários - Principal;Lançamento de Receita;5.702,59;710;Transferência Especial dos Estados;3210;Identificação das Transferências dos Estados decorrentes de emendas parlamentares individuais
Bayeux;201025;Prefeitura Municipal de Bayeux;052025;2025;13210101;Remuneração de Depósitos Bancários - Principal;Lançamento de Receita;18.640,7;751;Recursos da Contribuição para o Custeio do Serviço de Iluminação Pública - COSIP;"Não ";Não Aplicável
Bayeux;201025;Prefeitura Municipal de Bayeux;052025;2025;13210101;Remuneração de Depósitos Bancários - Principal;Lançamento de Receita;242,17;701;Outras Transferências de Convênios ou Repasses dos Estados;"Não ";Não Aplicável
Bayeux;201025;Prefeitura Municipal de Bayeux;052025;2025;13210101;Remuneração de Depósitos Bancários - Principal;Lançamento de Receita;59.647,48;706;"Transferência Especial da União ";3110;Identificação das Transferências da União decorrentes de emendas parlamentares individuais
Bayeux;201025;Prefeitura Municipal de Bayeux;052025;2025;13210101;Remuneração de Depósitos Bancários - Principal;Lançamento de Receita;21.481,49;544;Recursos de Precatórios do FUNDEF;"Não ";Não Aplicável
Bayeux;201025;Prefeitura Municipal de Bayeux;052025;2025;13210101;Remuneração de Depósitos Bancários - Principal;Lançamento de Receita;2.259,76;569;Outras Transferências de Recursos do FNDE;"Não ";Não Aplicável
Bayeux;201025;Prefeitura Municipal de Bayeux;052025;2025;13210101;Remuneração de Depósitos Bancários - Principal;Lançamento de Receita;641,34;621;"Transferências Fundo a Fundo de Recursos do SUS provenientes do Governo Estadual ";"Não ";Não Aplicável
Bayeux;201025;Prefeitura Municipal de Bayeux;052025;2025;13210101;Remuneração de Depósitos Bancários - Principal;Lançamento de Receita;3,67;552;Transferências de Recursos do FNDE Referentes ao Programa Nacional de Alimentação Escolar (PNAE);"Não ";Não Aplicável
Bayeux;201025;Prefeitura Municipal de Bayeux;052025;2025;13210101;Remuneração de Depósitos Bancários - Principal;Lançamento de Receita;11.577,02;660;Transferência de Recursos do Fundo Nacional de Assistência Social - FNAS;"Não ";Não Aplicável
Bayeux;201025;Prefeitura Municipal de Bayeux;052025;2025;13210101;Remuneração de Depósitos Bancários - Principal;Lançamento de Receita;48.369,98;540;Transferências do FUNDEB - Impostos e Transferências de Impostos;"Não ";Não Aplicável
Bayeux;201025;Prefeitura Municipal de Bayeux;052025;2025;13210101;Remuneração de Depósitos Bancários - Principal;Lançamento de Receita;50.644,88;500;Recursos não vinculados de Impostos;"Não ";Não Aplicável
Bayeux;201025;Prefeitura Municipal de Bayeux;052025;2025;13210101;Remuneração de Depósitos Bancários - Principal;Lançamento de Receita;6.796,04;605;Assistência financeira da União destinada à complementação ao pagamento dos pisos salariais para profissionais da enfermagem;"Não ";Não Aplicável
Bayeux;201025;Prefeitura Municipal de Bayeux;052025;2025;13210101;Remuneração de Depósitos Bancários - Principal;Lançamento de Receita;5.389,96;550;Transferência do Salário-Educação;"Não ";Não Aplicável
Bayeux;201025;Prefeitura Municipal de Bayeux;052025;2025;13210101;Remuneração de Depósitos Bancários - Principal;Lançamento de Receita;12.851,19;571;Transferências do Estado referentes a Convênios e outros Repasses vinculados à Educação;"Não ";Não Aplicável
Bayeux;201025;Prefeitura Municipal de Bayeux;052025;2025;13210101;Remuneração de Depósitos Bancários - Principal;Lançamento de Receita;1.257,56;553;"Transferências de Recursos do FNDE Referentes ao Programa Nacional de Apoio ao Transporte Escolar (PNATE) ";"Não ";Não Aplicável
Bayeux;201025;Prefeitura Municipal de Bayeux;052025;2025;13210101;Remuneração de Depósitos Bancários - Principal;Lançamento de Receita;9.333,07;600;Transferências Fundo a Fundo de Recursos do SUS provenientes do Governo Federal - Bloco de Manutenção das Ações e Serviços Públicos de Saúde;"Não ";Não Aplicável
Bayeux;201025;Prefeitura Municipal de Bayeux;052025;2025;13210101;Remuneração de Depósitos Bancários - Principal;Lançamento de Receita;607,99;700;Outras Transferências de Convênios ou Repasses da União;"Não ";Não Aplicável
Bayeux;201025;Prefeitura Municipal de Bayeux;052025;2025;13210101;Remuneração de Depósitos Bancários - Principal;Lançamento de Receita;6.882,35;601;Transferências Fundo a Fundo de Recursos do SUS provenientes do Governo Federal - Bloco de Estruturação da Rede de Serviços Públicos de Saúde;"Não ";Não Aplicável
Bayeux;201025;Prefeitura Municipal de Bayeux;052025;2025;13210101;Remuneração de Depósitos Bancários - Principal;Lançamento de Receita;11.549,72;632;Transferências do Estado referentes a Convênios e outros Repasses vinculados à Saúde;"Não ";Não Aplicável
Bayeux;201025;Prefeitura Municipal de Bayeux;042025;2025;13210101;Remuneração de Depósitos Bancários - Principal;Lançamento de Receita;558,67;700;Outras Transferências de Convênios ou Repasses da União;"Não ";Não Aplicável
Bayeux;201025;Prefeitura Municipal de Bayeux;042025;2025;13210101;Remuneração de Depósitos Bancários - Principal;Lançamento de Receita;59.758,11;500;Recursos não vinculados de Impostos;"Não ";Não Aplicável
Bayeux;201025;Prefeitura Municipal de Bayeux;042025;2025;13210101;Remuneração de Depósitos Bancários - Principal;Lançamento de Receita;522,65;621;"Transferências Fundo a Fundo de Recursos do SUS provenientes do Governo Estadual ";"Não ";Não Aplicável
Bayeux;201025;Prefeitura Municipal de Bayeux;042025;2025;13210101;Remuneração de Depósitos Bancários - Principal;Lançamento de Receita;50.212,68;540;Transferências do FUNDEB - Impostos e Transferências de Impostos;"Não ";Não Aplicável
Bayeux;201025;Prefeitura Municipal de Bayeux;042025;2025;13210101;Remuneração de Depósitos Bancários - Principal;Lançamento de Receita;-1.397.596,04;550;Transferência do Salário-Educação;"Não ";Não Aplicável
Bayeux;201025;Prefeitura Municipal de Bayeux;042025;2025;13210101;Remuneração de Depósitos Bancários - Principal;Lançamento de Receita;6.849,14;601;Transferências Fundo a Fundo de Recursos do SUS provenientes do Governo Federal - Bloco de Estruturação da Rede de Serviços Públicos de Saúde;"Não ";Não Aplicável
Bayeux;201025;Prefeitura Municipal de Bayeux;042025;2025;13210101;Remuneração de Depósitos Bancários - Principal;Lançamento de Receita;221,11;701;Outras Transferências de Convênios ou Repasses dos Estados;"Não ";Não Aplicável
Bayeux;201025;Prefeitura Municipal de Bayeux;042025;2025;13210101;Remuneração de Depósitos Bancários - Principal;Lançamento de Receita;2.063,18;569;Outras Transferências de Recursos do FNDE;"Não ";Não Aplicável
Bayeux;201025;Prefeitura Municipal de Bayeux;042025;2025;13210101;Remuneração de Depósitos Bancários - Principal;Lançamento de Receita;12.812,83;660;Transferência de Recursos do Fundo Nacional de Assistência Social - FNAS;"Não ";Não Aplicável
Bayeux;201025;Prefeitura Municipal de Bayeux;042025;2025;13210101;Remuneração de Depósitos Bancários - Principal;Lançamento de Receita;11.732,9;571;Transferências do Estado referentes a Convênios e outros Repasses vinculados à Educação;"Não ";Não Aplicável
Bayeux;201025;Prefeitura Municipal de Bayeux;042025;2025;13210101;Remuneração de Depósitos Bancários - Principal;Lançamento de Receita;5.656,47;710;Transferência Especial dos Estados;3210;Identificação das Transferências dos Estados decorrentes de emendas parlamentares individuais
Bayeux;201025;Prefeitura Municipal de Bayeux;042025;2025;13210101;Remuneração de Depósitos Bancários - Principal;Lançamento de Receita;3,35;552;Transferências de Recursos do FNDE Referentes ao Programa Nacional de Alimentação Escolar (PNAE);"Não ";Não Aplicável
Bayeux;201025;Prefeitura Municipal de Bayeux;042025;2025;13210101;Remuneração de Depósitos Bancários - Principal;Lançamento de Receita;6.260,18;605;Assistência financeira da União destinada à complementação ao pagamento dos pisos salariais para profissionais da enfermagem;"Não ";Não Aplicável
Bayeux;201025;Prefeitura Municipal de Bayeux;042025;2025;13210101;Remuneração de Depósitos Bancários - Principal;Lançamento de Receita;23.939,96;600;Transferências Fundo a Fundo de Recursos do SUS provenientes do Governo Federal - Bloco de Manutenção das Ações e Serviços Públicos de Saúde;"Não ";Não Aplicável
Bayeux;201025;Prefeitura Municipal de Bayeux;042025;2025;13210101;Remuneração de Depósitos Bancários - Principal;Lançamento de Receita;900,79;706;"Transferência Especial da União ";3110;Identificação das Transferências da União decorrentes de emendas parlamentares individuais
Bayeux;201025;Prefeitura Municipal de Bayeux;042025;2025;13210101;Remuneração de Depósitos Bancários - Principal;Lançamento de Receita;13.427,18;632;Transferências do Estado referentes a Convênios e outros Repasses vinculados à Saúde;"Não ";Não Aplicável
Bayeux;201025;Prefeitura Municipal de Bayeux;042025;2025;13210101;Remuneração de Depósitos Bancários - Principal;Lançamento de Receita;19.612,22;544;Recursos de Precatórios do FUNDEF;"Não ";Não Aplicável
Bayeux;201025;Prefeitura Municipal de Bayeux;042025;2025;13210101;Remuneração de Depósitos Bancários - Principal;Lançamento de Receita;2.002,26;553;"Transferências de Recursos do FNDE Referentes ao Programa Nacional de Apoio ao Transporte Escolar (PNATE) ";"Não ";Não Aplicável
Bayeux;201025;Prefeitura Municipal de Bayeux;032025;2025;13210101;Remuneração de Depósitos Bancários - Principal;Lançamento de Receita;6.860,47;601;Transferências Fundo a Fundo de Recursos do SUS provenientes do Governo Federal - Bloco de Estruturação da Rede de Serviços Públicos de Saúde;"Não ";Não Aplicável
Bayeux;201025;Prefeitura Municipal de Bayeux;032025;2025;13210101;Remuneração de Depósitos Bancários - Principal;Lançamento de Receita;28.633,84;600;Transferências Fundo a Fundo de Recursos do SUS provenientes do Governo Federal - Bloco de Manutenção das Ações e Serviços Públicos de Saúde;"Não ";Não Aplicável
Bayeux;201025;Prefeitura Municipal de Bayeux;032025;2025;13210101;Remuneração de Depósitos Bancários - Principal;Lançamento de Receita;2,98;552;Transferências de Recursos do FNDE Referentes ao Programa Nacional de Alimentação Escolar (PNAE);"Não ";Não Aplicável
Bayeux;201025;Prefeitura Municipal de Bayeux;032025;2025;13210101;Remuneração de Depósitos Bancários - Principal;Lançamento de Receita;344,1;621;"Transferências Fundo a Fundo de Recursos do SUS provenientes do Governo Estadual ";"Não ";Não Aplicável
Bayeux;201025;Prefeitura Municipal de Bayeux;032025;2025;13210101;Remuneração de Depósitos Bancários - Principal;Lançamento de Receita;1.888,87;553;"Transferências de Recursos do FNDE Referentes ao Programa Nacional de Apoio ao Transporte Escolar (PNATE) ";"Não ";Não Aplicável
Bayeux;201025;Prefeitura Municipal de Bayeux;032025;2025;13210101;Remuneração de Depósitos Bancários - Principal;Lançamento de Receita;1.838,15;569;Outras Transferências de Recursos do FNDE;"Não ";Não Aplicável
Bayeux;201025;Prefeitura Municipal de Bayeux;032025;2025;13210101;Remuneração de Depósitos Bancários - Principal;Lançamento de Receita;10.453,22;571;Transferências do Estado referentes a Convênios e outros Repasses vinculados à Educação;"Não ";Não Aplicável
Bayeux;201025;Prefeitura Municipal de Bayeux;032025;2025;13210101;Remuneração de Depósitos Bancários - Principal;Lançamento de Receita;11.522,06;632;Transferências do Estado referentes a Convênios e outros Repasses vinculados à Saúde;"Não ";Não Aplicável
Bayeux;201025;Prefeitura Municipal de Bayeux;032025;2025;13210101;Remuneração de Depósitos Bancários - Principal;Lançamento de Receita;50.737,12;540;Transferências do FUNDEB - Impostos e Transferências de Impostos;"Não ";Não Aplicável
Bayeux;201025;Prefeitura Municipal de Bayeux;032025;2025;13210101;Remuneração de Depósitos Bancários - Principal;Lançamento de Receita;370.427,7;550;Transferência do Salário-Educação;"Não ";Não Aplicável
Bayeux;201025;Prefeitura Municipal de Bayeux;032025;2025;13210101;Remuneração de Depósitos Bancários - Principal;Lançamento de Receita;5.368,09;710;Transferência Especial dos Estados;3210;Identificação das Transferências dos Estados decorrentes de emendas parlamentares individuais
Bayeux;201025;Prefeitura Municipal de Bayeux;032025;2025;13210101;Remuneração de Depósitos Bancários - Principal;Lançamento de Receita;59.323,55;500;Recursos não vinculados de Impostos;"Não ";Não Aplicável
Bayeux;201025;Prefeitura Municipal de Bayeux;032025;2025;13210101;Remuneração de Depósitos Bancários - Principal;Lançamento de Receita;11.064,19;660;Transferência de Recursos do Fundo Nacional de Assistência Social - FNAS;"Não ";Não Aplicável
Bayeux;201025;Prefeitura Municipal de Bayeux;032025;2025;13210101;Remuneração de Depósitos Bancários - Principal;Lançamento de Receita;17.473,12;544;Recursos de Precatórios do FUNDEF;"Não ";Não Aplicável
Bayeux;201025;Prefeitura Municipal de Bayeux;032025;2025;13210101;Remuneração de Depósitos Bancários - Principal;Lançamento de Receita;300,51;701;Outras Transferências de Convênios ou Repasses dos Estados;"Não ";Não Aplicável
Bayeux;201025;Prefeitura Municipal de Bayeux;032025;2025;13210101;Remuneração de Depósitos Bancários - Principal;Lançamento de Receita;804,79;706;"Transferência Especial da União ";3110;Identificação das Transferências da União decorrentes de emendas parlamentares individuais
Bayeux;201025;Prefeitura Municipal de Bayeux;032025;2025;13210101;Remuneração de Depósitos Bancários - Principal;Lançamento de Receita;6.851,09;605;Assistência financeira da União destinada à complementação ao pagamento dos pisos salariais para profissionais da enfermagem;"Não ";Não Aplicável
Bayeux;201025;Prefeitura Municipal de Bayeux;032025;2025;13210101;Remuneração de Depósitos Bancários - Principal;Lançamento de Receita;500,41;700;Outras Transferências de Convênios ou Repasses da União;"Não ";Não Aplicável
Bayeux;201025;Prefeitura Municipal de Bayeux;022025;2025;13210101;Remuneração de Depósitos Bancários - Principal;Lançamento de Receita;12.166,57;660;Transferência de Recursos do Fundo Nacional de Assistência Social - FNAS;"Não ";Não Aplicável
Bayeux;201025;Prefeitura Municipal de Bayeux;022025;2025;13210101;Remuneração de Depósitos Bancários - Principal;Lançamento de Receita;9.560,05;632;Transferências do Estado referentes a Convênios e outros Repasses vinculados à Saúde;"Não ";Não Aplicável
Bayeux;201025;Prefeitura Municipal de Bayeux;022025;2025;13210101;Remuneração de Depósitos Bancários - Principal;Lançamento de Receita;39.664,8;600;Transferências Fundo a Fundo de Recursos do SUS provenientes do Governo Federal - Bloco de Manutenção das Ações e Serviços Públicos de Saúde;"Não ";Não Aplicável
Bayeux;201025;Prefeitura Municipal de Bayeux;022025;2025;13210101;Remuneração de Depósitos Bancários - Principal;Lançamento de Receita;507,93;700;Outras Transferências de Convênios ou Repasses da União;"Não ";Não Aplicável
Bayeux;201025;Prefeitura Municipal de Bayeux;022025;2025;13210101;Remuneração de Depósitos Bancários - Principal;Lançamento de Receita;10.583,69;571;Transferências do Estado referentes a Convênios e outros Repasses vinculados à Educação;"Não ";Não Aplicável
Bayeux;201025;Prefeitura Municipal de Bayeux;022025;2025;13210101;Remuneração de Depósitos Bancários - Principal;Lançamento de Receita;3,02;552;Transferências de Recursos do FNDE Referentes ao Programa Nacional de Alimentação Escolar (PNAE);"Não ";Não Aplicável
Bayeux;201025;Prefeitura Municipal de Bayeux;022025;2025;13210101;Remuneração de Depósitos Bancários - Principal;Lançamento de Receita;3,61;701;Outras Transferências de Convênios ou Repasses dos Estados;"Não ";Não Aplicável
Bayeux;201025;Prefeitura Municipal de Bayeux;022025;2025;13210101;Remuneração de Depósitos Bancários - Principal;Lançamento de Receita;5.435,11;710;Transferência Especial dos Estados;3210;Identificação das Transferências dos Estados decorrentes de emendas parlamentares individuais
Bayeux;201025;Prefeitura Municipal de Bayeux;022025;2025;13210101;Remuneração de Depósitos Bancários - Principal;Lançamento de Receita;1.861,1;569;Outras Transferências de Recursos do FNDE;"Não ";Não Aplicável
Bayeux;201025;Prefeitura Municipal de Bayeux;022025;2025;13210101;Remuneração de Depósitos Bancários - Principal;Lançamento de Receita;9.428,57;605;Assistência financeira da União destinada à complementação ao pagamento dos pisos salariais para profissionais da enfermagem;"Não ";Não Aplicável
Bayeux;201025;Prefeitura Municipal de Bayeux;022025;2025;13210101;Remuneração de Depósitos Bancários - Principal;Lançamento de Receita;6.946,1;601;Transferências Fundo a Fundo de Recursos do SUS provenientes do Governo Federal - Bloco de Estruturação da Rede de Serviços Públicos de Saúde;"Não ";Não Aplicável
Bayeux;201025;Prefeitura Municipal de Bayeux;022025;2025;13210101;Remuneração de Depósitos Bancários - Principal;Lançamento de Receita;370.827,83;550;Transferência do Salário-Educação;"Não ";Não Aplicável
Bayeux;201025;Prefeitura Municipal de Bayeux;022025;2025;13210101;Remuneração de Depósitos Bancários - Principal;Lançamento de Receita;816,11;706;"Transferência Especial da União ";3110;Identificação das Transferências da União decorrentes de emendas parlamentares individuais
Bayeux;201025;Prefeitura Municipal de Bayeux;022025;2025;13210101;Remuneração de Depósitos Bancários - Principal;Lançamento de Receita;17.984,87;544;Recursos de Precatórios do FUNDEF;"Não ";Não Aplicável
Bayeux;201025;Prefeitura Municipal de Bayeux;022025;2025;13210101;Remuneração de Depósitos Bancários - Principal;Lançamento de Receita;71.856,51;500;Recursos não vinculados de Impostos;"Não ";Não Aplicável
Bayeux;201025;Prefeitura Municipal de Bayeux;022025;2025;13210101;Remuneração de Depósitos Bancários - Principal;Lançamento de Receita;50.434,32;540;Transferências do FUNDEB - Impostos e Transferências de Impostos;"Não ";Não Aplicável
Bayeux;201025;Prefeitura Municipal de Bayeux;022025;2025;13210101;Remuneração de Depósitos Bancários - Principal;Lançamento de Receita;437,4;621;"Transferências Fundo a Fundo de Recursos do SUS provenientes do Governo Estadual ";"Não ";Não Aplicável
Bayeux;201025;Prefeitura Municipal de Bayeux;022025;2025;13210101;Remuneração de Depósitos Bancários - Principal;Lançamento de Receita;821,86;553;"Transferências de Recursos do FNDE Referentes ao Programa Nacional de Apoio ao Transporte Escolar (PNATE) ";"Não ";Não Aplicável
Bayeux;201025;Prefeitura Municipal de Bayeux;012025;2025;13210101;Remuneração de Depósitos Bancários - Principal;Lançamento de Receita;174,13;701;Outras Transferências de Convênios ou Repasses dos Estados;"Não ";Não Aplicável
Bayeux;201025;Prefeitura Municipal de Bayeux;012025;2025;13210101;Remuneração de Depósitos Bancários - Principal;Lançamento de Receita;18.036,96;544;Recursos de Precatórios do FUNDEF;"Não ";Não Aplicável
Bayeux;201025;Prefeitura Municipal de Bayeux;012025;2025;13210101;Remuneração de Depósitos Bancários - Principal;Lançamento de Receita;6.885,22;601;Transferências Fundo a Fundo de Recursos do SUS provenientes do Governo Federal - Bloco de Estruturação da Rede de Serviços Públicos de Saúde;"Não ";Não Aplicável
Bayeux;201025;Prefeitura Municipal de Bayeux;012025;2025;13210101;Remuneração de Depósitos Bancários - Principal;Lançamento de Receita;112,13;621;"Transferências Fundo a Fundo de Recursos do SUS provenientes do Governo Estadual ";"Não ";Não Aplicável
Bayeux;201025;Prefeitura Municipal de Bayeux;012025;2025;13210101;Remuneração de Depósitos Bancários - Principal;Lançamento de Receita;2,97;552;Transferências de Recursos do FNDE Referentes ao Programa Nacional de Alimentação Escolar (PNAE);"Não ";Não Aplicável
Bayeux;201025;Prefeitura Municipal de Bayeux;012025;2025;13210101;Remuneração de Depósitos Bancários - Principal;Lançamento de Receita;10.490,94;571;Transferências do Estado referentes a Convênios e outros Repasses vinculados à Educação;"Não ";Não Aplicável
Bayeux;201025;Prefeitura Municipal de Bayeux;012025;2025;13210101;Remuneração de Depósitos Bancários - Principal;Lançamento de Receita;2.133,29;751;Recursos da Contribuição para o Custeio do Serviço de Iluminação Pública - COSIP;"Não ";Não Aplicável
Bayeux;201025;Prefeitura Municipal de Bayeux;012025;2025;13210101;Remuneração de Depósitos Bancários - Principal;Lançamento de Receita;12.879,46;660;Transferência de Recursos do Fundo Nacional de Assistência Social - FNAS;"Não ";Não Aplicável
Bayeux;201025;Prefeitura Municipal de Bayeux;012025;2025;13210101;Remuneração de Depósitos Bancários - Principal;Lançamento de Receita;16.411,34;600;Transferências Fundo a Fundo de Recursos do SUS provenientes do Governo Federal - Bloco de Manutenção das Ações e Serviços Públicos de Saúde;"Não ";Não Aplicável
Bayeux;201025;Prefeitura Municipal de Bayeux;012025;2025;13210101;Remuneração de Depósitos Bancários - Principal;Lançamento de Receita;28,61;553;"Transferências de Recursos do FNDE Referentes ao Programa Nacional de Apoio ao Transporte Escolar (PNATE) ";"Não ";Não Aplicável
Bayeux;201025;Prefeitura Municipal de Bayeux;012025;2025;13210101;Remuneração de Depósitos Bancários - Principal;Lançamento de Receita;14.026,31;605;Assistência financeira da União destinada à complementação ao pagamento dos pisos salariais para profissionais da enfermagem;"Não ";Não Aplicável
Bayeux;201025;Prefeitura Municipal de Bayeux;012025;2025;13210101;Remuneração de Depósitos Bancários - Principal;Lançamento de Receita;1.844,84;569;Outras Transferências de Recursos do FNDE;"Não ";Não Aplicável
Bayeux;201025;Prefeitura Municipal de Bayeux;012025;2025;13210101;Remuneração de Depósitos Bancários - Principal;Lançamento de Receita;54.599,79;500;Recursos não vinculados de Impostos;"Não ";Não Aplicável
Bayeux;201025;Prefeitura Municipal de Bayeux;012025;2025;13210101;Remuneração de Depósitos Bancários - Principal;Lançamento de Receita;8.748,8;632;Transferências do Estado referentes a Convênios e outros Repasses vinculados à Saúde;"Não ";Não Aplicável
Bayeux;201025;Prefeitura Municipal de Bayeux;012025;2025;13210101;Remuneração de Depósitos Bancários - Principal;Lançamento de Receita;672.441,8;550;Transferência do Salário-Educação;"Não ";Não Aplicável
Bayeux;201025;Prefeitura Municipal de Bayeux;012025;2025;13210101;Remuneração de Depósitos Bancários - Principal;Lançamento de Receita;34.801,01;710;Transferência Especial dos Estados;3210;Identificação das Transferências dos Estados decorrentes de emendas parlamentares individuais
Bayeux;201025;Prefeitura Municipal de Bayeux;012025;2025;13210101;Remuneração de Depósitos Bancários - Principal;Lançamento de Receita;509,36;700;Outras Transferências de Convênios ou Repasses da União;"Não ";Não Aplicável
Bayeux;201025;Prefeitura Municipal de Bayeux;012025;2025;13210101;Remuneração de Depósitos Bancários - Principal;Lançamento de Receita;813,5;706;"Transferência Especial da União ";3110;Identificação das Transferências da União decorrentes de emendas parlamentares individuais
Bayeux;201025;Prefeitura Municipal de Bayeux;012025;2025;13210101;Remuneração de Depósitos Bancários - Principal;Lançamento de Receita;20.079,54;540;Transferências do FUNDEB - Impostos e Transferências de Impostos;"Não ";Não Aplicável
Bayeux;201025;Prefeitura Municipal de Bayeux;122025;2025;12415001;Contribuição para o Custeio do Serviço de Iluminação Pública - Principal;Lançamento de Receita;608.288,63;751;Recursos da Contribuição para o Custeio do Serviço de Iluminação Pública - COSIP;"Não ";Não Aplicável
Bayeux;201025;Prefeitura Municipal de Bayeux;112025;2025;12415001;Contribuição para o Custeio do Serviço de Iluminação Pública - Principal;Lançamento de Receita;592.236,87;751;Recursos da Contribuição para o Custeio do Serviço de Iluminação Pública - COSIP;"Não ";Não Aplicável
Bayeux;201025;Prefeitura Municipal de Bayeux;102025;2025;12415001;Contribuição para o Custeio do Serviço de Iluminação Pública - Principal;Lançamento de Receita;549.359,92;751;Recursos da Contribuição para o Custeio do Serviço de Iluminação Pública - COSIP;"Não ";Não Aplicável
Bayeux;201025;Prefeitura Municipal de Bayeux;092025;2025;12415001;Contribuição para o Custeio do Serviço de Iluminação Pública - Principal;Lançamento de Receita;511.076,2;751;Recursos da Contribuição para o Custeio do Serviço de Iluminação Pública - COSIP;"Não ";Não Aplicável
Bayeux;201025;Prefeitura Municipal de Bayeux;082025;2025;12415001;Contribuição para o Custeio do Serviço de Iluminação Pública - Principal;Lançamento de Receita;562.540,66;751;Recursos da Contribuição para o Custeio do Serviço de Iluminação Pública - COSIP;"Não ";Não Aplicável
Bayeux;201025;Prefeitura Municipal de Bayeux;072025;2025;12415001;Contribuição para o Custeio do Serviço de Iluminação Pública - Principal;Lançamento de Receita;588.810,08;751;Recursos da Contribuição para o Custeio do Serviço de Iluminação Pública - COSIP;"Não ";Não Aplicável
Bayeux;201025;Prefeitura Municipal de Bayeux;062025;2025;12415001;Contribuição para o Custeio do Serviço de Iluminação Pública - Principal;Lançamento de Receita;590.493,67;751;Recursos da Contribuição para o Custeio do Serviço de Iluminação Pública - COSIP;"Não ";Não Aplicável
Bayeux;201025;Prefeitura Municipal de Bayeux;052025;2025;12415001;Contribuição para o Custeio do Serviço de Iluminação Pública - Principal;Lançamento de Receita;554.767,83;751;Recursos da Contribuição para o Custeio do Serviço de Iluminação Pública - COSIP;"Não ";Não Aplicável
Bayeux;201025;Prefeitura Municipal de Bayeux;042025;2025;12415001;Contribuição para o Custeio do Serviço de Iluminação Pública - Principal;Lançamento de Receita;573.604,6;751;Recursos da Contribuição para o Custeio do Serviço de Iluminação Pública - COSIP;"Não ";Não Aplicável
Bayeux;201025;Prefeitura Municipal de Bayeux;032025;2025;12415001;Contribuição para o Custeio do Serviço de Iluminação Pública - Principal;Lançamento de Receita;573.843,16;751;Recursos da Contribuição para o Custeio do Serviço de Iluminação Pública - COSIP;"Não ";Não Aplicável
Bayeux;201025;Prefeitura Municipal de Bayeux;022025;2025;12415001;Contribuição para o Custeio do Serviço de Iluminação Pública - Principal;Lançamento de Receita;578.875,11;751;Recursos da Contribuição para o Custeio do Serviço de Iluminação Pública - COSIP;"Não ";Não Aplicável
Bayeux;201025;Prefeitura Municipal de Bayeux;012025;2025;12415001;Contribuição para o Custeio do Serviço de Iluminação Pública - Principal;Lançamento de Receita;597.297,44;751;Recursos da Contribuição para o Custeio do Serviço de Iluminação Pública - COSIP;"Não ";Não Aplicável
Bayeux;201025;Prefeitura Municipal de Bayeux;092025;2025;11220104;Taxas pela Prestação de Serviços em Geral - Dívida Ativa - Multas e Juros de Mora da Dívida Ativa;Lançamento de Receita;13.972,26;500;Recursos não vinculados de Impostos;"Não ";Não Aplicável
Bayeux;201025;Prefeitura Municipal de Bayeux;082025;2025;11220104;Taxas pela Prestação de Serviços em Geral - Dívida Ativa - Multas e Juros de Mora da Dívida Ativa;Lançamento de Receita;2.169,12;500;Recursos não vinculados de Impostos;"Não ";Não Aplicável
Bayeux;201025;Prefeitura Municipal de Bayeux;072025;2025;11220104;Taxas pela Prestação de Serviços em Geral - Dívida Ativa - Multas e Juros de Mora da Dívida Ativa;Lançamento de Receita;4.220,64;500;Recursos não vinculados de Impostos;"Não ";Não Aplicável
Bayeux;201025;Prefeitura Municipal de Bayeux;062025;2025;11220104;Taxas pela Prestação de Serviços em Geral - Dívida Ativa - Multas e Juros de Mora da Dívida Ativa;Lançamento de Receita;1.987,59;500;Recursos não vinculados de Impostos;"Não ";Não Aplicável
Bayeux;201025;Prefeitura Municipal de Bayeux;052025;2025;11220104;Taxas pela Prestação de Serviços em Geral - Dívida Ativa - Multas e Juros de Mora da Dívida Ativa;Lançamento de Receita;3.011,35;500;Recursos não vinculados de Impostos;"Não ";Não Aplicável
Bayeux;201025;Prefeitura Municipal de Bayeux;042025;2025;11220104;Taxas pela Prestação de Serviços em Geral - Dívida Ativa - Multas e Juros de Mora da Dívida Ativa;Lançamento de Receita;3.035,42;500;Recursos não vinculados de Impostos;"Não ";Não Aplicável
Bayeux;201025;Prefeitura Municipal de Bayeux;032025;2025;11220104;Taxas pela Prestação de Serviços em Geral - Dívida Ativa - Multas e Juros de Mora da Dívida Ativa;Lançamento de Receita;1.936,35;500;Recursos não vinculados de Impostos;"Não ";Não Aplicável
Bayeux;201025;Prefeitura Municipal de Bayeux;022025;2025;11220104;Taxas pela Prestação de Serviços em Geral - Dívida Ativa - Multas e Juros de Mora da Dívida Ativa;Lançamento de Receita;3.395,06;500;Recursos não vinculados de Impostos;"Não ";Não Aplicável
Bayeux;201025;Prefeitura Municipal de Bayeux;012025;2025;11220104;Taxas pela Prestação de Serviços em Geral - Dívida Ativa - Multas e Juros de Mora da Dívida Ativa;Lançamento de Receita;5.592,29;500;Recursos não vinculados de Impostos;"Não ";Não Aplicável
Bayeux;201025;Prefeitura Municipal de Bayeux;092025;2025;11220103;Taxas pela Prestação de Serviços em Geral - Dívida Ativa;Lançamento de Receita;13.083,85;500;Recursos não vinculados de Impostos;"Não ";Não Aplicável
Bayeux;201025;Prefeitura Municipal de Bayeux;082025;2025;11220103;Taxas pela Prestação de Serviços em Geral - Dívida Ativa;Lançamento de Receita;6.782,2;500;Recursos não vinculados de Impostos;"Não ";Não Aplicável
Bayeux;201025;Prefeitura Municipal de Bayeux;072025;2025;11220103;Taxas pela Prestação de Serviços em Geral - Dívida Ativa;Lançamento de Receita;20.509,67;500;Recursos não vinculados de Impostos;"Não ";Não Aplicável
Bayeux;201025;Prefeitura Municipal de Bayeux;062025;2025;11220103;Taxas pela Prestação de Serviços em Geral - Dívida Ativa;Lançamento de Receita;22.724,81;500;Recursos não vinculados de Impostos;"Não ";Não Aplicável
Bayeux;201025;Prefeitura Municipal de Bayeux;052025;2025;11220103;Taxas pela Prestação de Serviços em Geral - Dívida Ativa;Lançamento de Receita;16.962,82;500;Recursos não vinculados de Impostos;"Não ";Não Aplicável
Bayeux;201025;Prefeitura Municipal de Bayeux;042025;2025;11220103;Taxas pela Prestação de Serviços em Geral - Dívida Ativa;Lançamento de Receita;25.129,29;500;Recursos não vinculados de Impostos;"Não ";Não Aplicável
Bayeux;201025;Prefeitura Municipal de Bayeux;032025;2025;11220103;Taxas pela Prestação de Serviços em Geral - Dívida Ativa;Lançamento de Receita;29.145,18;500;Recursos não vinculados de Impostos;"Não ";Não Aplicável
Bayeux;201025;Prefeitura Municipal de Bayeux;022025;2025;11220103;Taxas pela Prestação de Serviços em Geral - Dívida Ativa;Lançamento de Receita;19.692,99;500;Recursos não vinculados de Impostos;"Não ";Não Aplicável
Bayeux;201025;Prefeitura Municipal de Bayeux;012025;2025;11220103;Taxas pela Prestação de Serviços em Geral - Dívida Ativa;Lançamento de Receita;17.654,73;500;Recursos não vinculados de Impostos;"Não ";Não Aplicável
Bayeux;201025;Prefeitura Municipal de Bayeux;092025;2025;11220102;Taxas pela Prestação de Serviços em Geral - Multas e Juros de Mora;Lançamento de Receita;559,66;501;Outros Recursos não Vinculados;"Não ";Não Aplicável
Bayeux;201025;Prefeitura Municipal de Bayeux;082025;2025;11220102;Taxas pela Prestação de Serviços em Geral - Multas e Juros de Mora;Lançamento de Receita;68,1;501;Outros Recursos não Vinculados;"Não ";Não Aplicável
Bayeux;201025;Prefeitura Municipal de Bayeux;072025;2025;11220102;Taxas pela Prestação de Serviços em Geral - Multas e Juros de Mora;Lançamento de Receita;68,87;501;Outros Recursos não Vinculados;"Não ";Não Aplicável
Bayeux;201025;Prefeitura Municipal de Bayeux;062025;2025;11220102;Taxas pela Prestação de Serviços em Geral - Multas e Juros de Mora;Lançamento de Receita;68,25;501;Outros Recursos não Vinculados;"Não ";Não Aplicável
Bayeux;201025;Prefeitura Municipal de Bayeux;052025;2025;11220102;Taxas pela Prestação de Serviços em Geral - Multas e Juros de Mora;Lançamento de Receita;129,4;501;Outros Recursos não Vinculados;"Não ";Não Aplicável
Bayeux;201025;Prefeitura Municipal de Bayeux;042025;2025;11220102;Taxas pela Prestação de Serviços em Geral - Multas e Juros de Mora;Lançamento de Receita;63,89;501;Outros Recursos não Vinculados;"Não ";Não Aplicável
Bayeux;201025;Prefeitura Municipal de Bayeux;032025;2025;11220102;Taxas pela Prestação de Serviços em Geral - Multas e Juros de Mora;Lançamento de Receita;15,4;501;Outros Recursos não Vinculados;"Não ";Não Aplicável
Bayeux;201025;Prefeitura Municipal de Bayeux;022025;2025;11220102;Taxas pela Prestação de Serviços em Geral - Multas e Juros de Mora;Lançamento de Receita;166,97;501;Outros Recursos não Vinculados;"Não ";Não Aplicável
Bayeux;201025;Prefeitura Municipal de Bayeux;012025;2025;11220102;Taxas pela Prestação de Serviços em Geral - Multas e Juros de Mora;Lançamento de Receita;134,83;501;Outros Recursos não Vinculados;"Não ";Não Aplicável
Bayeux;201025;Prefeitura Municipal de Bayeux;122025;2025;11220101;Taxas pela Prestação de Serviços em Geral - Principal;Lançamento de Receita;9.995;501;Outros Recursos não Vinculados;"Não ";Não Aplicável
Bayeux;201025;Prefeitura Municipal de Bayeux;122025;2025;11220101;Taxas pela Prestação de Serviços em Geral - Principal;Lançamento de Receita;287.321,94;500;Recursos não vinculados de Impostos;"Não ";Não Aplicável
Bayeux;201025;Prefeitura Municipal de Bayeux;112025;2025;11220101;Taxas pela Prestação de Serviços em Geral - Principal;Lançamento de Receita;13.469;501;Outros Recursos não Vinculados;"Não ";Não Aplicável
Bayeux;201025;Prefeitura Municipal de Bayeux;112025;2025;11220101;Taxas pela Prestação de Serviços em Geral - Principal;Lançamento de Receita;146.495,28;500;Recursos não vinculados de Impostos;"Não ";Não Aplicável
Bayeux;201025;Prefeitura Municipal de Bayeux;102025;2025;11220101;Taxas pela Prestação de Serviços em Geral - Principal;Lançamento de Receita;166.959,19;500;Recursos não vinculados de Impostos;"Não ";Não Aplicável
Bayeux;201025;Prefeitura Municipal de Bayeux;102025;2025;11220101;Taxas pela Prestação de Serviços em Geral - Principal;Lançamento de Receita;16.445;501;Outros Recursos não Vinculados;"Não ";Não Aplicável
Bayeux;201025;Prefeitura Municipal de Bayeux;092025;2025;11220101;Taxas pela Prestação de Serviços em Geral - Principal;Lançamento de Receita;175.335,22;500;Recursos não vinculados de Impostos;"Não ";Não Aplicável
Bayeux;201025;Prefeitura Municipal de Bayeux;092025;2025;11220101;Taxas pela Prestação de Serviços em Geral - Principal;Lançamento de Receita;47.133,05;501;Outros Recursos não Vinculados;"Não ";Não Aplicável
Bayeux;201025;Prefeitura Municipal de Bayeux;082025;2025;11220101;Taxas pela Prestação de Serviços em Geral - Principal;Lançamento de Receita;236.781,34;500;Recursos não vinculados de Impostos;"Não ";Não Aplicável
Bayeux;201025;Prefeitura Municipal de Bayeux;082025;2025;11220101;Taxas pela Prestação de Serviços em Geral - Principal;Lançamento de Receita;29.652,32;501;Outros Recursos não Vinculados;"Não ";Não Aplicável
Bayeux;201025;Prefeitura Municipal de Bayeux;072025;2025;11220101;Taxas pela Prestação de Serviços em Geral - Principal;Lançamento de Receita;188.719,42;500;Recursos não vinculados de Impostos;"Não ";Não Aplicável
Bayeux;201025;Prefeitura Municipal de Bayeux;072025;2025;11220101;Taxas pela Prestação de Serviços em Geral - Principal;Lançamento de Receita;76.893,65;501;Outros Recursos não Vinculados;"Não ";Não Aplicável
Bayeux;201025;Prefeitura Municipal de Bayeux;062025;2025;11220101;Taxas pela Prestação de Serviços em Geral - Principal;Lançamento de Receita;217.023,22;500;Recursos não vinculados de Impostos;"Não ";Não Aplicável
Bayeux;201025;Prefeitura Municipal de Bayeux;062025;2025;11220101;Taxas pela Prestação de Serviços em Geral - Principal;Lançamento de Receita;183.365,88;501;Outros Recursos não Vinculados;"Não ";Não Aplicável
Bayeux;201025;Prefeitura Municipal de Bayeux;052025;2025;11220101;Taxas pela Prestação de Serviços em Geral - Principal;Lançamento de Receita;79.340,45;501;Outros Recursos não Vinculados;"Não ";Não Aplicável
Bayeux;201025;Prefeitura Municipal de Bayeux;052025;2025;11220101;Taxas pela Prestação de Serviços em Geral - Principal;Lançamento de Receita;178.803,92;500;Recursos não vinculados de Impostos;"Não ";Não Aplicável
Bayeux;201025;Prefeitura Municipal de Bayeux;042025;2025;11220101;Taxas pela Prestação de Serviços em Geral - Principal;Lançamento de Receita;234.644,82;500;Recursos não vinculados de Impostos;"Não ";Não Aplicável
Bayeux;201025;Prefeitura Municipal de Bayeux;042025;2025;11220101;Taxas pela Prestação de Serviços em Geral - Principal;Lançamento de Receita;41.138,36;501;Outros Recursos não Vinculados;"Não ";Não Aplicável
Bayeux;201025;Prefeitura Municipal de Bayeux;032025;2025;11220101;Taxas pela Prestação de Serviços em Geral - Principal;Lançamento de Receita;38.153,61;501;Outros Recursos não Vinculados;"Não ";Não Aplicável
Bayeux;201025;Prefeitura Municipal de Bayeux;032025;2025;11220101;Taxas pela Prestação de Serviços em Geral - Principal;Lançamento de Receita;164.113,58;500;Recursos não vinculados de Impostos;"Não ";Não Aplicável
Bayeux;201025;Prefeitura Municipal de Bayeux;022025;2025;11220101;Taxas pela Prestação de Serviços em Geral - Principal;Lançamento de Receita;29.403,36;501;Outros Recursos não Vinculados;"Não ";Não Aplicável
Bayeux;201025;Prefeitura Municipal de Bayeux;022025;2025;11220101;Taxas pela Prestação de Serviços em Geral - Principal;Lançamento de Receita;130.601,76;500;Recursos não vinculados de Impostos;"Não ";Não Aplicável
Bayeux;201025;Prefeitura Municipal de Bayeux;012025;2025;11220101;Taxas pela Prestação de Serviços em Geral - Principal;Lançamento de Receita;12.555,8;501;Outros Recursos não Vinculados;"Não ";Não Aplicável
Bayeux;201025;Prefeitura Municipal de Bayeux;012025;2025;11220101;Taxas pela Prestação de Serviços em Geral - Principal;Lançamento de Receita;73.468,36;500;Recursos não vinculados de Impostos;"Não ";Não Aplicável
Bayeux;201025;Prefeitura Municipal de Bayeux;092025;2025;11215001;Taxa de Fiscalização de Vigilância Sanitária - Principal;Lançamento de Receita;986,75;501;Outros Recursos não Vinculados;"Não ";Não Aplicável
Bayeux;201025;Prefeitura Municipal de Bayeux;082025;2025;11215001;Taxa de Fiscalização de Vigilância Sanitária - Principal;Lançamento de Receita;349,66;501;Outros Recursos não Vinculados;"Não ";Não Aplicável
Bayeux;201025;Prefeitura Municipal de Bayeux;072025;2025;11215001;Taxa de Fiscalização de Vigilância Sanitária - Principal;Lançamento de Receita;563,88;501;Outros Recursos não Vinculados;"Não ";Não Aplicável
Bayeux;201025;Prefeitura Municipal de Bayeux;062025;2025;11215001;Taxa de Fiscalização de Vigilância Sanitária - Principal;Lançamento de Receita;926,9;501;Outros Recursos não Vinculados;"Não ";Não Aplicável
Bayeux;201025;Prefeitura Municipal de Bayeux;052025;2025;11215001;Taxa de Fiscalização de Vigilância Sanitária - Principal;Lançamento de Receita;2.330,68;501;Outros Recursos não Vinculados;"Não ";Não Aplicável
Bayeux;201025;Prefeitura Municipal de Bayeux;042025;2025;11215001;Taxa de Fiscalização de Vigilância Sanitária - Principal;Lançamento de Receita;3.781,96;501;Outros Recursos não Vinculados;"Não ";Não Aplicável
Bayeux;201025;Prefeitura Municipal de Bayeux;032025;2025;11215001;Taxa de Fiscalização de Vigilância Sanitária - Principal;Lançamento de Receita;8.345,9;501;Outros Recursos não Vinculados;"Não ";Não Aplicável
Bayeux;201025;Prefeitura Municipal de Bayeux;022025;2025;11215001;Taxa de Fiscalização de Vigilância Sanitária - Principal;Lançamento de Receita;599,12;501;Outros Recursos não Vinculados;"Não ";Não Aplicável
Bayeux;201025;Prefeitura Municipal de Bayeux;012025;2025;11215001;Taxa de Fiscalização de Vigilância Sanitária - Principal;Lançamento de Receita;269,88;501;Outros Recursos não Vinculados;"Não ";Não Aplicável
Bayeux;201025;Prefeitura Municipal de Bayeux;122025;2025;11210401;Taxa de Controle e Fiscalização Ambiental - Principal;Lançamento de Receita;13.948,35;501;Outros Recursos não Vinculados;"Não ";Não Aplicável
Bayeux;201025;Prefeitura Municipal de Bayeux;112025;2025;11210401;Taxa de Controle e Fiscalização Ambiental - Principal;Lançamento de Receita;8.036,24;501;Outros Recursos não Vinculados;"Não ";Não Aplicável
Bayeux;201025;Prefeitura Municipal de Bayeux;102025;2025;11210401;Taxa de Controle e Fiscalização Ambiental - Principal;Lançamento de Receita;4.801,31;501;Outros Recursos não Vinculados;"Não ";Não Aplicável
Bayeux;201025;Prefeitura Municipal de Bayeux;092025;2025;11210401;Taxa de Controle e Fiscalização Ambiental - Principal;Lançamento de Receita;20.826,3;501;Outros Recursos não Vinculados;"Não ";Não Aplicável
Bayeux;201025;Prefeitura Municipal de Bayeux;082025;2025;11210401;Taxa de Controle e Fiscalização Ambiental - Principal;Lançamento de Receita;3.947,3;501;Outros Recursos não Vinculados;"Não ";Não Aplicável
Bayeux;201025;Prefeitura Municipal de Bayeux;072025;2025;11210401;Taxa de Controle e Fiscalização Ambiental - Principal;Lançamento de Receita;23.012,81;501;Outros Recursos não Vinculados;"Não ";Não Aplicável
Bayeux;201025;Prefeitura Municipal de Bayeux;062025;2025;11210401;Taxa de Controle e Fiscalização Ambiental - Principal;Lançamento de Receita;19.643,55;501;Outros Recursos não Vinculados;"Não ";Não Aplicável
Bayeux;201025;Prefeitura Municipal de Bayeux;052025;2025;11210401;Taxa de Controle e Fiscalização Ambiental - Principal;Lançamento de Receita;28.165,64;501;Outros Recursos não Vinculados;"Não ";Não Aplicável
Bayeux;201025;Prefeitura Municipal de Bayeux;042025;2025;11210401;Taxa de Controle e Fiscalização Ambiental - Principal;Lançamento de Receita;5.175,21;501;Outros Recursos não Vinculados;"Não ";Não Aplicável
Bayeux;201025;Prefeitura Municipal de Bayeux;032025;2025;11210401;Taxa de Controle e Fiscalização Ambiental - Principal;Lançamento de Receita;8.290,89;501;Outros Recursos não Vinculados;"Não ";Não Aplicável
Bayeux;201025;Prefeitura Municipal de Bayeux;022025;2025;11210401;Taxa de Controle e Fiscalização Ambiental - Principal;Lançamento de Receita;3.234,83;501;Outros Recursos não Vinculados;"Não ";Não Aplicável
Bayeux;201025;Prefeitura Municipal de Bayeux;012025;2025;11210401;Taxa de Controle e Fiscalização Ambiental - Principal;Lançamento de Receita;5.294,34;501;Outros Recursos não Vinculados;"Não ";Não Aplicável
Bayeux;201025;Prefeitura Municipal de Bayeux;092025;2025;11210223;Taxa de Fiscalização de Funcionamento - TFF - Não Proveniente da Utilização de Posições Orbitais - Dívida Ativa;Lançamento de Receita;24.847,24;500;Recursos não vinculados de Impostos;"Não ";Não Aplicável
Bayeux;201025;Prefeitura Municipal de Bayeux;082025;2025;11210223;Taxa de Fiscalização de Funcionamento - TFF - Não Proveniente da Utilização de Posições Orbitais - Dívida Ativa;Lançamento de Receita;7.356,39;500;Recursos não vinculados de Impostos;"Não ";Não Aplicável
Bayeux;201025;Prefeitura Municipal de Bayeux;072025;2025;11210223;Taxa de Fiscalização de Funcionamento - TFF - Não Proveniente da Utilização de Posições Orbitais - Dívida Ativa;Lançamento de Receita;32.872,55;500;Recursos não vinculados de Impostos;"Não ";Não Aplicável
Bayeux;201025;Prefeitura Municipal de Bayeux;062025;2025;11210223;Taxa de Fiscalização de Funcionamento - TFF - Não Proveniente da Utilização de Posições Orbitais - Dívida Ativa;Lançamento de Receita;27.868,84;500;Recursos não vinculados de Impostos;"Não ";Não Aplicável
Bayeux;201025;Prefeitura Municipal de Bayeux;052025;2025;11210223;Taxa de Fiscalização de Funcionamento - TFF - Não Proveniente da Utilização de Posições Orbitais - Dívida Ativa;Lançamento de Receita;30.719,66;500;Recursos não vinculados de Impostos;"Não ";Não Aplicável
Bayeux;201025;Prefeitura Municipal de Bayeux;042025;2025;11210223;Taxa de Fiscalização de Funcionamento - TFF - Não Proveniente da Utilização de Posições Orbitais - Dívida Ativa;Lançamento de Receita;6.943,36;500;Recursos não vinculados de Impostos;"Não ";Não Aplicável
Bayeux;201025;Prefeitura Municipal de Bayeux;032025;2025;11210223;Taxa de Fiscalização de Funcionamento - TFF - Não Proveniente da Utilização de Posições Orbitais - Dívida Ativa;Lançamento de Receita;4.068,45;500;Recursos não vinculados de Impostos;"Não ";Não Aplicável
Bayeux;201025;Prefeitura Municipal de Bayeux;022025;2025;11210223;Taxa de Fiscalização de Funcionamento - TFF - Não Proveniente da Utilização de Posições Orbitais - Dívida Ativa;Lançamento de Receita;14.824,97;500;Recursos não vinculados de Impostos;"Não ";Não Aplicável
Bayeux;201025;Prefeitura Municipal de Bayeux;012025;2025;11210223;Taxa de Fiscalização de Funcionamento - TFF - Não Proveniente da Utilização de Posições Orbitais - Dívida Ativa;Lançamento de Receita;16.963,64;500;Recursos não vinculados de Impostos;"Não ";Não Aplicável
Bayeux;201025;Prefeitura Municipal de Bayeux;122025;2025;11210221;Taxa de Fiscalização de Funcionamento - TFF - Não Proveniente da Utilização de Posições Orbitais - Principal;Lançamento de Receita;5.520,27;500;Recursos não vinculados de Impostos;"Não ";Não Aplicável
Bayeux;201025;Prefeitura Municipal de Bayeux;112025;2025;11210221;Taxa de Fiscalização de Funcionamento - TFF - Não Proveniente da Utilização de Posições Orbitais - Principal;Lançamento de Receita;3.983,32;500;Recursos não vinculados de Impostos;"Não ";Não Aplicável
Bayeux;201025;Prefeitura Municipal de Bayeux;102025;2025;11210221;Taxa de Fiscalização de Funcionamento - TFF - Não Proveniente da Utilização de Posições Orbitais - Principal;Lançamento de Receita;16.589,68;500;Recursos não vinculados de Impostos;"Não ";Não Aplicável
Bayeux;201025;Prefeitura Municipal de Bayeux;092025;2025;11210221;Taxa de Fiscalização de Funcionamento - TFF - Não Proveniente da Utilização de Posições Orbitais - Principal;Lançamento de Receita;25.476,32;500;Recursos não vinculados de Impostos;"Não ";Não Aplicável
Bayeux;201025;Prefeitura Municipal de Bayeux;082025;2025;11210221;Taxa de Fiscalização de Funcionamento - TFF - Não Proveniente da Utilização de Posições Orbitais - Principal;Lançamento de Receita;1.307,19;500;Recursos não vinculados de Impostos;"Não ";Não Aplicável
Bayeux;201025;Prefeitura Municipal de Bayeux;072025;2025;11210221;Taxa de Fiscalização de Funcionamento - TFF - Não Proveniente da Utilização de Posições Orbitais - Principal;Lançamento de Receita;12.349,07;500;Recursos não vinculados de Impostos;"Não ";Não Aplicável
Bayeux;201025;Prefeitura Municipal de Bayeux;062025;2025;11210221;Taxa de Fiscalização de Funcionamento - TFF - Não Proveniente da Utilização de Posições Orbitais - Principal;Lançamento de Receita;9.193,47;500;Recursos não vinculados de Impostos;"Não ";Não Aplicável
Bayeux;201025;Prefeitura Municipal de Bayeux;052025;2025;11210221;Taxa de Fiscalização de Funcionamento - TFF - Não Proveniente da Utilização de Posições Orbitais - Principal;Lançamento de Receita;17.345,34;500;Recursos não vinculados de Impostos;"Não ";Não Aplicável
Bayeux;201025;Prefeitura Municipal de Bayeux;042025;2025;11210221;Taxa de Fiscalização de Funcionamento - TFF - Não Proveniente da Utilização de Posições Orbitais - Principal;Lançamento de Receita;56.006,04;500;Recursos não vinculados de Impostos;"Não ";Não Aplicável
Bayeux;201025;Prefeitura Municipal de Bayeux;032025;2025;11210221;Taxa de Fiscalização de Funcionamento - TFF - Não Proveniente da Utilização de Posições Orbitais - Principal;Lançamento de Receita;62.078,43;500;Recursos não vinculados de Impostos;"Não ";Não Aplicável
Bayeux;201025;Prefeitura Municipal de Bayeux;022025;2025;11210221;Taxa de Fiscalização de Funcionamento - TFF - Não Proveniente da Utilização de Posições Orbitais - Principal;Lançamento de Receita;54.863,07;500;Recursos não vinculados de Impostos;"Não ";Não Aplicável
Bayeux;201025;Prefeitura Municipal de Bayeux;092025;2025;11210104;Taxas de Inspeção, Controle e Fiscalização - Dívida Ativa - Multas e Juros de Mora da Dívida Ativa;Lançamento de Receita;7.872,64;500;Recursos não vinculados de Impostos;"Não ";Não Aplicável
Bayeux;201025;Prefeitura Municipal de Bayeux;082025;2025;11210104;Taxas de Inspeção, Controle e Fiscalização - Dívida Ativa - Multas e Juros de Mora da Dívida Ativa;Lançamento de Receita;1.541,81;500;Recursos não vinculados de Impostos;"Não ";Não Aplicável
Bayeux;201025;Prefeitura Municipal de Bayeux;072025;2025;11210104;Taxas de Inspeção, Controle e Fiscalização - Dívida Ativa - Multas e Juros de Mora da Dívida Ativa;Lançamento de Receita;7.259,77;500;Recursos não vinculados de Impostos;"Não ";Não Aplicável
Bayeux;201025;Prefeitura Municipal de Bayeux;062025;2025;11210104;Taxas de Inspeção, Controle e Fiscalização - Dívida Ativa - Multas e Juros de Mora da Dívida Ativa;Lançamento de Receita;5.618,78;500;Recursos não vinculados de Impostos;"Não ";Não Aplicável
Bayeux;201025;Prefeitura Municipal de Bayeux;052025;2025;11210104;Taxas de Inspeção, Controle e Fiscalização - Dívida Ativa - Multas e Juros de Mora da Dívida Ativa;Lançamento de Receita;3.594,77;500;Recursos não vinculados de Impostos;"Não ";Não Aplicável
Bayeux;201025;Prefeitura Municipal de Bayeux;042025;2025;11210104;Taxas de Inspeção, Controle e Fiscalização - Dívida Ativa - Multas e Juros de Mora da Dívida Ativa;Lançamento de Receita;1.733,57;500;Recursos não vinculados de Impostos;"Não ";Não Aplicável
Bayeux;201025;Prefeitura Municipal de Bayeux;032025;2025;11210104;Taxas de Inspeção, Controle e Fiscalização - Dívida Ativa - Multas e Juros de Mora da Dívida Ativa;Lançamento de Receita;1.261,04;500;Recursos não vinculados de Impostos;"Não ";Não Aplicável
Bayeux;201025;Prefeitura Municipal de Bayeux;022025;2025;11210104;Taxas de Inspeção, Controle e Fiscalização - Dívida Ativa - Multas e Juros de Mora da Dívida Ativa;Lançamento de Receita;3.493,42;500;Recursos não vinculados de Impostos;"Não ";Não Aplicável
Bayeux;201025;Prefeitura Municipal de Bayeux;012025;2025;11210104;Taxas de Inspeção, Controle e Fiscalização - Dívida Ativa - Multas e Juros de Mora da Dívida Ativa;Lançamento de Receita;6.075,67;500;Recursos não vinculados de Impostos;"Não ";Não Aplicável
Bayeux;201025;Prefeitura Municipal de Bayeux;022025;2025;11210103;Taxas de Inspeção, Controle e Fiscalização - Dívida Ativa;Lançamento de Receita;93,56;500;Recursos não vinculados de Impostos;"Não ";Não Aplicável
Bayeux;201025;Prefeitura Municipal de Bayeux;012025;2025;11210103;Taxas de Inspeção, Controle e Fiscalização - Dívida Ativa;Lançamento de Receita;605,05;500;Recursos não vinculados de Impostos;"Não ";Não Aplicável
Bayeux;201025;Prefeitura Municipal de Bayeux;092025;2025;11210102;Taxas de Inspeção, Controle e Fiscalização - Multas e Juros de Mora;Lançamento de Receita;3.207,7;500;Recursos não vinculados de Impostos;"Não ";Não Aplicável
Bayeux;201025;Prefeitura Municipal de Bayeux;082025;2025;11210102;Taxas de Inspeção, Controle e Fiscalização - Multas e Juros de Mora;Lançamento de Receita;300,98;500;Recursos não vinculados de Impostos;"Não ";Não Aplicável
Bayeux;201025;Prefeitura Municipal de Bayeux;072025;2025;11210102;Taxas de Inspeção, Controle e Fiscalização - Multas e Juros de Mora;Lançamento de Receita;2.005,11;500;Recursos não vinculados de Impostos;"Não ";Não Aplicável
Bayeux;201025;Prefeitura Municipal de Bayeux;062025;2025;11210102;Taxas de Inspeção, Controle e Fiscalização - Multas e Juros de Mora;Lançamento de Receita;1.942,75;500;Recursos não vinculados de Impostos;"Não ";Não Aplicável
Bayeux;201025;Prefeitura Municipal de Bayeux;052025;2025;11210102;Taxas de Inspeção, Controle e Fiscalização - Multas e Juros de Mora;Lançamento de Receita;3.163,14;500;Recursos não vinculados de Impostos;"Não ";Não Aplicável
Bayeux;201025;Prefeitura Municipal de Bayeux;042025;2025;11210102;Taxas de Inspeção, Controle e Fiscalização - Multas e Juros de Mora;Lançamento de Receita;3.256,18;500;Recursos não vinculados de Impostos;"Não ";Não Aplicável
Bayeux;201025;Prefeitura Municipal de Bayeux;032025;2025;11210102;Taxas de Inspeção, Controle e Fiscalização - Multas e Juros de Mora;Lançamento de Receita;3.687,16;500;Recursos não vinculados de Impostos;"Não ";Não Aplicável
Bayeux;201025;Prefeitura Municipal de Bayeux;022025;2025;11210102;Taxas de Inspeção, Controle e Fiscalização - Multas e Juros de Mora;Lançamento de Receita;5.924,34;500;Recursos não vinculados de Impostos;"Não ";Não Aplicável
Bayeux;201025;Prefeitura Municipal de Bayeux;012025;2025;11210102;Taxas de Inspeção, Controle e Fiscalização - Multas e Juros de Mora;Lançamento de Receita;13.838,59;500;Recursos não vinculados de Impostos;"Não ";Não Aplicável
Bayeux;201025;Prefeitura Municipal de Bayeux;112025;2025;11210101;Taxas de Inspeção, Controle e Fiscalização - Principal;Lançamento de Receita;4.277,66;500;Recursos não vinculados de Impostos;"Não ";Não Aplicável
Bayeux;201025;Prefeitura Municipal de Bayeux;102025;2025;11210101;Taxas de Inspeção, Controle e Fiscalização - Principal;Lançamento de Receita;1.192,86;500;Recursos não vinculados de Impostos;"Não ";Não Aplicável
Bayeux;201025;Prefeitura Municipal de Bayeux;092025;2025;11210101;Taxas de Inspeção, Controle e Fiscalização - Principal;Lançamento de Receita;36.180,72;500;Recursos não vinculados de Impostos;"Não ";Não Aplicável
Bayeux;201025;Prefeitura Municipal de Bayeux;082025;2025;11210101;Taxas de Inspeção, Controle e Fiscalização - Principal;Lançamento de Receita;8.812,86;500;Recursos não vinculados de Impostos;"Não ";Não Aplicável
Bayeux;201025;Prefeitura Municipal de Bayeux;072025;2025;11210101;Taxas de Inspeção, Controle e Fiscalização - Principal;Lançamento de Receita;14.099,22;500;Recursos não vinculados de Impostos;"Não ";Não Aplicável
Bayeux;201025;Prefeitura Municipal de Bayeux;062025;2025;11210101;Taxas de Inspeção, Controle e Fiscalização - Principal;Lançamento de Receita;11.915,47;500;Recursos não vinculados de Impostos;"Não ";Não Aplicável
Bayeux;201025;Prefeitura Municipal de Bayeux;052025;2025;11210101;Taxas de Inspeção, Controle e Fiscalização - Principal;Lançamento de Receita;14.905,89;500;Recursos não vinculados de Impostos;"Não ";Não Aplicável
Bayeux;201025;Prefeitura Municipal de Bayeux;042025;2025;11210101;Taxas de Inspeção, Controle e Fiscalização - Principal;Lançamento de Receita;16.262,1;500;Recursos não vinculados de Impostos;"Não ";Não Aplicável
Bayeux;201025;Prefeitura Municipal de Bayeux;032025;2025;11210101;Taxas de Inspeção, Controle e Fiscalização - Principal;Lançamento de Receita;12.175,64;500;Recursos não vinculados de Impostos;"Não ";Não Aplicável
Bayeux;201025;Prefeitura Municipal de Bayeux;022025;2025;11210101;Taxas de Inspeção, Controle e Fiscalização - Principal;Lançamento de Receita;21.483,82;500;Recursos não vinculados de Impostos;"Não ";Não Aplicável
Bayeux;201025;Prefeitura Municipal de Bayeux;012025;2025;11210101;Taxas de Inspeção, Controle e Fiscalização - Principal;Lançamento de Receita;22.587,61;500;Recursos não vinculados de Impostos;"Não ";Não Aplicável
Bayeux;201025;Prefeitura Municipal de Bayeux;012025;2025;11210101;Taxas de Inspeção, Controle e Fiscalização - Principal;Lançamento de Receita;43.265,27;501;Outros Recursos não Vinculados;"Não ";Não Aplicável
Bayeux;201025;Prefeitura Municipal de Bayeux;092025;2025;11145114;Imposto sobre Serviços de Qualquer Natureza - ISSQN - Dívida Ativa - Multas e Juros de Mora da Dívida Ativa;Lançamento de Receita;5.976,45;500;Recursos não vinculados de Impostos;"Não ";Não Aplicável
Bayeux;201025;Prefeitura Municipal de Bayeux;082025;2025;11145114;Imposto sobre Serviços de Qualquer Natureza - ISSQN - Dívida Ativa - Multas e Juros de Mora da Dívida Ativa;Lançamento de Receita;18.916,12;500;Recursos não vinculados de Impostos;"Não ";Não Aplicável
Bayeux;201025;Prefeitura Municipal de Bayeux;072025;2025;11145114;Imposto sobre Serviços de Qualquer Natureza - ISSQN - Dívida Ativa - Multas e Juros de Mora da Dívida Ativa;Lançamento de Receita;4.473,29;500;Recursos não vinculados de Impostos;"Não ";Não Aplicável
Bayeux;201025;Prefeitura Municipal de Bayeux;062025;2025;11145114;Imposto sobre Serviços de Qualquer Natureza - ISSQN - Dívida Ativa - Multas e Juros de Mora da Dívida Ativa;Lançamento de Receita;4.748,52;500;Recursos não vinculados de Impostos;"Não ";Não Aplicável
Bayeux;201025;Prefeitura Municipal de Bayeux;052025;2025;11145114;Imposto sobre Serviços de Qualquer Natureza - ISSQN - Dívida Ativa - Multas e Juros de Mora da Dívida Ativa;Lançamento de Receita;4.578,5;500;Recursos não vinculados de Impostos;"Não ";Não Aplicável
Bayeux;201025;Prefeitura Municipal de Bayeux;042025;2025;11145114;Imposto sobre Serviços de Qualquer Natureza - ISSQN - Dívida Ativa - Multas e Juros de Mora da Dívida Ativa;Lançamento de Receita;94.779,49;500;Recursos não vinculados de Impostos;"Não ";Não Aplicável
Bayeux;201025;Prefeitura Municipal de Bayeux;032025;2025;11145114;Imposto sobre Serviços de Qualquer Natureza - ISSQN - Dívida Ativa - Multas e Juros de Mora da Dívida Ativa;Lançamento de Receita;4.280,18;500;Recursos não vinculados de Impostos;"Não ";Não Aplicável
Bayeux;201025;Prefeitura Municipal de Bayeux;022025;2025;11145114;Imposto sobre Serviços de Qualquer Natureza - ISSQN - Dívida Ativa - Multas e Juros de Mora da Dívida Ativa;Lançamento de Receita;5.034,1;500;Recursos não vinculados de Impostos;"Não ";Não Aplicável
Bayeux;201025;Prefeitura Municipal de Bayeux;012025;2025;11145114;Imposto sobre Serviços de Qualquer Natureza - ISSQN - Dívida Ativa - Multas e Juros de Mora da Dívida Ativa;Lançamento de Receita;1.203,55;500;Recursos não vinculados de Impostos;"Não ";Não Aplicável
Bayeux;201025;Prefeitura Municipal de Bayeux;092025;2025;11145113;Imposto sobre Serviços de Qualquer Natureza - ISSQN - Dívida Ativa;Lançamento de Receita;15.544,27;500;Recursos não vinculados de Impostos;"Não ";Não Aplicável
Bayeux;201025;Prefeitura Municipal de Bayeux;092025;2025;11145113;Imposto sobre Serviços de Qualquer Natureza - ISSQN - Dívida Ativa;Lançamento de Receita;6.476,78;500;Recursos não vinculados de Impostos;1001;Identificação das despesas com manutenção e desenvolvimento do ensino
Bayeux;201025;Prefeitura Municipal de Bayeux;092025;2025;11145113;Imposto sobre Serviços de Qualquer Natureza - ISSQN - Dívida Ativa;Lançamento de Receita;3.886,07;500;Recursos não vinculados de Impostos;1002;Identificação das despesas com ações e serviços públicos de saúde
Bayeux;201025;Prefeitura Municipal de Bayeux;082025;2025;11145113;Imposto sobre Serviços de Qualquer Natureza - ISSQN - Dívida Ativa;Lançamento de Receita;5.389,96;500;Recursos não vinculados de Impostos;"Não ";Não Aplicável
Bayeux;201025;Prefeitura Municipal de Bayeux;082025;2025;11145113;Imposto sobre Serviços de Qualquer Natureza - ISSQN - Dívida Ativa;Lançamento de Receita;1.347,49;500;Recursos não vinculados de Impostos;1002;Identificação das despesas com ações e serviços públicos de saúde
Bayeux;201025;Prefeitura Municipal de Bayeux;082025;2025;11145113;Imposto sobre Serviços de Qualquer Natureza - ISSQN - Dívida Ativa;Lançamento de Receita;2.245,82;500;Recursos não vinculados de Impostos;1001;Identificação das despesas com manutenção e desenvolvimento do ensino
Bayeux;201025;Prefeitura Municipal de Bayeux;072025;2025;11145113;Imposto sobre Serviços de Qualquer Natureza - ISSQN - Dívida Ativa;Lançamento de Receita;2.730,16;500;Recursos não vinculados de Impostos;1001;Identificação das despesas com manutenção e desenvolvimento do ensino
Bayeux;201025;Prefeitura Municipal de Bayeux;072025;2025;11145113;Imposto sobre Serviços de Qualquer Natureza - ISSQN - Dívida Ativa;Lançamento de Receita;6.552,4;500;Recursos não vinculados de Impostos;"Não ";Não Aplicável
Bayeux;201025;Prefeitura Municipal de Bayeux;072025;2025;11145113;Imposto sobre Serviços de Qualquer Natureza - ISSQN - Dívida Ativa;Lançamento de Receita;1.638,09;500;Recursos não vinculados de Impostos;1002;Identificação das despesas com ações e serviços públicos de saúde
Bayeux;201025;Prefeitura Municipal de Bayeux;062025;2025;11145113;Imposto sobre Serviços de Qualquer Natureza - ISSQN - Dívida Ativa;Lançamento de Receita;13.171,03;500;Recursos não vinculados de Impostos;"Não ";Não Aplicável
Bayeux;201025;Prefeitura Municipal de Bayeux;062025;2025;11145113;Imposto sobre Serviços de Qualquer Natureza - ISSQN - Dívida Ativa;Lançamento de Receita;5.487,93;500;Recursos não vinculados de Impostos;1001;Identificação das despesas com manutenção e desenvolvimento do ensino
Bayeux;201025;Prefeitura Municipal de Bayeux;062025;2025;11145113;Imposto sobre Serviços de Qualquer Natureza - ISSQN - Dívida Ativa;Lançamento de Receita;3.292,76;500;Recursos não vinculados de Impostos;1002;Identificação das despesas com ações e serviços públicos de saúde
Bayeux;201025;Prefeitura Municipal de Bayeux;052025;2025;11145113;Imposto sobre Serviços de Qualquer Natureza - ISSQN - Dívida Ativa;Lançamento de Receita;5.635,48;500;Recursos não vinculados de Impostos;1001;Identificação das despesas com manutenção e desenvolvimento do ensino
Bayeux;201025;Prefeitura Municipal de Bayeux;052025;2025;11145113;Imposto sobre Serviços de Qualquer Natureza - ISSQN - Dívida Ativa;Lançamento de Receita;3.381,29;500;Recursos não vinculados de Impostos;1002;Identificação das despesas com ações e serviços públicos de saúde
Bayeux;201025;Prefeitura Municipal de Bayeux;052025;2025;11145113;Imposto sobre Serviços de Qualquer Natureza - ISSQN - Dívida Ativa;Lançamento de Receita;13.525,16;500;Recursos não vinculados de Impostos;"Não ";Não Aplicável
Bayeux;201025;Prefeitura Municipal de Bayeux;042025;2025;11145113;Imposto sobre Serviços de Qualquer Natureza - ISSQN - Dívida Ativa;Lançamento de Receita;68.796,32;500;Recursos não vinculados de Impostos;"Não ";Não Aplicável
Bayeux;201025;Prefeitura Municipal de Bayeux;042025;2025;11145113;Imposto sobre Serviços de Qualquer Natureza - ISSQN - Dívida Ativa;Lançamento de Receita;17.199,08;500;Recursos não vinculados de Impostos;1002;Identificação das despesas com ações e serviços públicos de saúde
Bayeux;201025;Prefeitura Municipal de Bayeux;042025;2025;11145113;Imposto sobre Serviços de Qualquer Natureza - ISSQN - Dívida Ativa;Lançamento de Receita;28.665,13;500;Recursos não vinculados de Impostos;1001;Identificação das despesas com manutenção e desenvolvimento do ensino
Bayeux;201025;Prefeitura Municipal de Bayeux;032025;2025;11145113;Imposto sobre Serviços de Qualquer Natureza - ISSQN - Dívida Ativa;Lançamento de Receita;3.893,54;500;Recursos não vinculados de Impostos;1001;Identificação das despesas com manutenção e desenvolvimento do ensino
Bayeux;201025;Prefeitura Municipal de Bayeux;032025;2025;11145113;Imposto sobre Serviços de Qualquer Natureza - ISSQN - Dívida Ativa;Lançamento de Receita;2.336,11;500;Recursos não vinculados de Impostos;1002;Identificação das despesas com ações e serviços públicos de saúde
Bayeux;201025;Prefeitura Municipal de Bayeux;032025;2025;11145113;Imposto sobre Serviços de Qualquer Natureza - ISSQN - Dívida Ativa;Lançamento de Receita;9.344,47;500;Recursos não vinculados de Impostos;"Não ";Não Aplicável
Bayeux;201025;Prefeitura Municipal de Bayeux;022025;2025;11145113;Imposto sobre Serviços de Qualquer Natureza - ISSQN - Dívida Ativa;Lançamento de Receita;2.738,25;500;Recursos não vinculados de Impostos;1002;Identificação das despesas com ações e serviços públicos de saúde
Bayeux;201025;Prefeitura Municipal de Bayeux;022025;2025;11145113;Imposto sobre Serviços de Qualquer Natureza - ISSQN - Dívida Ativa;Lançamento de Receita;4.563,76;500;Recursos não vinculados de Impostos;1001;Identificação das despesas com manutenção e desenvolvimento do ensino
Bayeux;201025;Prefeitura Municipal de Bayeux;022025;2025;11145113;Imposto sobre Serviços de Qualquer Natureza - ISSQN - Dívida Ativa;Lançamento de Receita;10.953,01;500;Recursos não vinculados de Impostos;"Não ";Não Aplicável
Bayeux;201025;Prefeitura Municipal de Bayeux;012025;2025;11145113;Imposto sobre Serviços de Qualquer Natureza - ISSQN - Dívida Ativa;Lançamento de Receita;1.764,18;500;Recursos não vinculados de Impostos;1002;Identificação das despesas com ações e serviços públicos de saúde
Bayeux;201025;Prefeitura Municipal de Bayeux;012025;2025;11145113;Imposto sobre Serviços de Qualquer Natureza - ISSQN - Dívida Ativa;Lançamento de Receita;7.056,76;500;Recursos não vinculados de Impostos;"Não ";Não Aplicável
Bayeux;201025;Prefeitura Municipal de Bayeux;012025;2025;11145113;Imposto sobre Serviços de Qualquer Natureza - ISSQN - Dívida Ativa;Lançamento de Receita;2.940,32;500;Recursos não vinculados de Impostos;1001;Identificação das despesas com manutenção e desenvolvimento do ensino
Bayeux;201025;Prefeitura Municipal de Bayeux;092025;2025;11145112;Imposto sobre Serviços de Qualquer Natureza - ISSQN - Multas e Juros de Mora;Lançamento de Receita;139.471,11;500;Recursos não vinculados de Impostos;1001;Identificação das despesas com manutenção e desenvolvimento do ensino
Bayeux;201025;Prefeitura Municipal de Bayeux;092025;2025;11145112;Imposto sobre Serviços de Qualquer Natureza - ISSQN - Multas e Juros de Mora;Lançamento de Receita;83.682,67;500;Recursos não vinculados de Impostos;1002;Identificação das despesas com ações e serviços públicos de saúde
Bayeux;201025;Prefeitura Municipal de Bayeux;092025;2025;11145112;Imposto sobre Serviços de Qualquer Natureza - ISSQN - Multas e Juros de Mora;Lançamento de Receita;334.730,66;500;Recursos não vinculados de Impostos;"Não ";Não Aplicável
Bayeux;201025;Prefeitura Municipal de Bayeux;082025;2025;11145112;Imposto sobre Serviços de Qualquer Natureza - ISSQN - Multas e Juros de Mora;Lançamento de Receita;153.181,93;500;Recursos não vinculados de Impostos;"Não ";Não Aplicável
Bayeux;201025;Prefeitura Municipal de Bayeux;082025;2025;11145112;Imposto sobre Serviços de Qualquer Natureza - ISSQN - Multas e Juros de Mora;Lançamento de Receita;63.825,8;500;Recursos não vinculados de Impostos;1001;Identificação das despesas com manutenção e desenvolvimento do ensino
Bayeux;201025;Prefeitura Municipal de Bayeux;082025;2025;11145112;Imposto sobre Serviços de Qualquer Natureza - ISSQN - Multas e Juros de Mora;Lançamento de Receita;38.295,48;500;Recursos não vinculados de Impostos;1002;Identificação das despesas com ações e serviços públicos de saúde
Bayeux;201025;Prefeitura Municipal de Bayeux;072025;2025;11145112;Imposto sobre Serviços de Qualquer Natureza - ISSQN - Multas e Juros de Mora;Lançamento de Receita;288.365,32;500;Recursos não vinculados de Impostos;"Não ";Não Aplicável
Bayeux;201025;Prefeitura Municipal de Bayeux;072025;2025;11145112;Imposto sobre Serviços de Qualquer Natureza - ISSQN - Multas e Juros de Mora;Lançamento de Receita;72.091,34;500;Recursos não vinculados de Impostos;1002;Identificação das despesas com ações e serviços públicos de saúde
Bayeux;201025;Prefeitura Municipal de Bayeux;072025;2025;11145112;Imposto sobre Serviços de Qualquer Natureza - ISSQN - Multas e Juros de Mora;Lançamento de Receita;120.152,22;500;Recursos não vinculados de Impostos;1001;Identificação das despesas com manutenção e desenvolvimento do ensino
Bayeux;201025;Prefeitura Municipal de Bayeux;062025;2025;11145112;Imposto sobre Serviços de Qualquer Natureza - ISSQN - Multas e Juros de Mora;Lançamento de Receita;100.629,88;500;Recursos não vinculados de Impostos;1001;Identificação das despesas com manutenção e desenvolvimento do ensino
Bayeux;201025;Prefeitura Municipal de Bayeux;062025;2025;11145112;Imposto sobre Serviços de Qualquer Natureza - ISSQN - Multas e Juros de Mora;Lançamento de Receita;241.511,69;500;Recursos não vinculados de Impostos;"Não ";Não Aplicável
Bayeux;201025;Prefeitura Municipal de Bayeux;062025;2025;11145112;Imposto sobre Serviços de Qualquer Natureza - ISSQN - Multas e Juros de Mora;Lançamento de Receita;60.377,91;500;Recursos não vinculados de Impostos;1002;Identificação das despesas com ações e serviços públicos de saúde
Bayeux;201025;Prefeitura Municipal de Bayeux;052025;2025;11145112;Imposto sobre Serviços de Qualquer Natureza - ISSQN - Multas e Juros de Mora;Lançamento de Receita;411,79;500;Recursos não vinculados de Impostos;1001;Identificação das despesas com manutenção e desenvolvimento do ensino
Bayeux;201025;Prefeitura Municipal de Bayeux;052025;2025;11145112;Imposto sobre Serviços de Qualquer Natureza - ISSQN - Multas e Juros de Mora;Lançamento de Receita;988,28;500;Recursos não vinculados de Impostos;"Não ";Não Aplicável
Bayeux;201025;Prefeitura Municipal de Bayeux;052025;2025;11145112;Imposto sobre Serviços de Qualquer Natureza - ISSQN - Multas e Juros de Mora;Lançamento de Receita;247,06;500;Recursos não vinculados de Impostos;1002;Identificação das despesas com ações e serviços públicos de saúde
Bayeux;201025;Prefeitura Municipal de Bayeux;042025;2025;11145112;Imposto sobre Serviços de Qualquer Natureza - ISSQN - Multas e Juros de Mora;Lançamento de Receita;12.191,68;500;Recursos não vinculados de Impostos;1001;Identificação das despesas com manutenção e desenvolvimento do ensino
Bayeux;201025;Prefeitura Municipal de Bayeux;042025;2025;11145112;Imposto sobre Serviços de Qualquer Natureza - ISSQN - Multas e Juros de Mora;Lançamento de Receita;29.260,03;500;Recursos não vinculados de Impostos;"Não ";Não Aplicável
Bayeux;201025;Prefeitura Municipal de Bayeux;042025;2025;11145112;Imposto sobre Serviços de Qualquer Natureza - ISSQN - Multas e Juros de Mora;Lançamento de Receita;7.315,01;500;Recursos não vinculados de Impostos;1002;Identificação das despesas com ações e serviços públicos de saúde
Bayeux;201025;Prefeitura Municipal de Bayeux;032025;2025;11145112;Imposto sobre Serviços de Qualquer Natureza - ISSQN - Multas e Juros de Mora;Lançamento de Receita;214.913,66;500;Recursos não vinculados de Impostos;"Não ";Não Aplicável
Bayeux;201025;Prefeitura Municipal de Bayeux;032025;2025;11145112;Imposto sobre Serviços de Qualquer Natureza - ISSQN - Multas e Juros de Mora;Lançamento de Receita;89.547,36;500;Recursos não vinculados de Impostos;1001;Identificação das despesas com manutenção e desenvolvimento do ensino
Bayeux;201025;Prefeitura Municipal de Bayeux;032025;2025;11145112;Imposto sobre Serviços de Qualquer Natureza - ISSQN - Multas e Juros de Mora;Lançamento de Receita;53.728,41;500;Recursos não vinculados de Impostos;1002;Identificação das despesas com ações e serviços públicos de saúde
Bayeux;201025;Prefeitura Municipal de Bayeux;022025;2025;11145112;Imposto sobre Serviços de Qualquer Natureza - ISSQN - Multas e Juros de Mora;Lançamento de Receita;418,05;500;Recursos não vinculados de Impostos;1002;Identificação das despesas com ações e serviços públicos de saúde
Bayeux;201025;Prefeitura Municipal de Bayeux;022025;2025;11145112;Imposto sobre Serviços de Qualquer Natureza - ISSQN - Multas e Juros de Mora;Lançamento de Receita;696,75;500;Recursos não vinculados de Impostos;1001;Identificação das despesas com manutenção e desenvolvimento do ensino
Bayeux;201025;Prefeitura Municipal de Bayeux;022025;2025;11145112;Imposto sobre Serviços de Qualquer Natureza - ISSQN - Multas e Juros de Mora;Lançamento de Receita;1.672,21;500;Recursos não vinculados de Impostos;"Não ";Não Aplicável
Bayeux;201025;Prefeitura Municipal de Bayeux;012025;2025;11145112;Imposto sobre Serviços de Qualquer Natureza - ISSQN - Multas e Juros de Mora;Lançamento de Receita;1.510,26;500;Recursos não vinculados de Impostos;1001;Identificação das despesas com manutenção e desenvolvimento do ensino
Bayeux;201025;Prefeitura Municipal de Bayeux;012025;2025;11145112;Imposto sobre Serviços de Qualquer Natureza - ISSQN - Multas e Juros de Mora;Lançamento de Receita;906,15;500;Recursos não vinculados de Impostos;1002;Identificação das despesas com ações e serviços públicos de saúde
Bayeux;201025;Prefeitura Municipal de Bayeux;012025;2025;11145112;Imposto sobre Serviços de Qualquer Natureza - ISSQN - Multas e Juros de Mora;Lançamento de Receita;3.624,61;500;Recursos não vinculados de Impostos;"Não ";Não Aplicável
Bayeux;201025;Prefeitura Municipal de Bayeux;122025;2025;11145111;Imposto sobre Serviços de Qualquer Natureza - ISSQN - Principal;Lançamento de Receita;19.284,47;500;Recursos não vinculados de Impostos;1002;Identificação das despesas com ações e serviços públicos de saúde
Bayeux;201025;Prefeitura Municipal de Bayeux;122025;2025;11145111;Imposto sobre Serviços de Qualquer Natureza - ISSQN - Principal;Lançamento de Receita;278.611,06;500;Recursos não vinculados de Impostos;1001;Identificação das despesas com manutenção e desenvolvimento do ensino
Bayeux;201025;Prefeitura Municipal de Bayeux;122025;2025;11145111;Imposto sobre Serviços de Qualquer Natureza - ISSQN - Principal;Lançamento de Receita;77.138,03;500;Recursos não vinculados de Impostos;"Não ";Não Aplicável
Bayeux;201025;Prefeitura Municipal de Bayeux;112025;2025;11145111;Imposto sobre Serviços de Qualquer Natureza - ISSQN - Principal;Lançamento de Receita;26.190,27;500;Recursos não vinculados de Impostos;1002;Identificação das despesas com ações e serviços públicos de saúde
Bayeux;201025;Prefeitura Municipal de Bayeux;112025;2025;11145111;Imposto sobre Serviços de Qualquer Natureza - ISSQN - Principal;Lançamento de Receita;242.954,1;500;Recursos não vinculados de Impostos;1001;Identificação das despesas com manutenção e desenvolvimento do ensino
Bayeux;201025;Prefeitura Municipal de Bayeux;112025;2025;11145111;Imposto sobre Serviços de Qualquer Natureza - ISSQN - Principal;Lançamento de Receita;104.761,1;500;Recursos não vinculados de Impostos;"Não ";Não Aplicável
Bayeux;201025;Prefeitura Municipal de Bayeux;102025;2025;11145111;Imposto sobre Serviços de Qualquer Natureza - ISSQN - Principal;Lançamento de Receita;108.280,51;500;Recursos não vinculados de Impostos;1002;Identificação das despesas com ações e serviços públicos de saúde
Bayeux;201025;Prefeitura Municipal de Bayeux;102025;2025;11145111;Imposto sobre Serviços de Qualquer Natureza - ISSQN - Principal;Lançamento de Receita;378.751,44;500;Recursos não vinculados de Impostos;1001;Identificação das despesas com manutenção e desenvolvimento do ensino
Bayeux;201025;Prefeitura Municipal de Bayeux;102025;2025;11145111;Imposto sobre Serviços de Qualquer Natureza - ISSQN - Principal;Lançamento de Receita;433.122,05;500;Recursos não vinculados de Impostos;"Não ";Não Aplicável
Bayeux;201025;Prefeitura Municipal de Bayeux;092025;2025;11145111;Imposto sobre Serviços de Qualquer Natureza - ISSQN - Principal;Lançamento de Receita;291.827,73;500;Recursos não vinculados de Impostos;1001;Identificação das despesas com manutenção e desenvolvimento do ensino
Bayeux;201025;Prefeitura Municipal de Bayeux;092025;2025;11145111;Imposto sobre Serviços de Qualquer Natureza - ISSQN - Principal;Lançamento de Receita;36.086,72;500;Recursos não vinculados de Impostos;1002;Identificação das despesas com ações e serviços públicos de saúde
Bayeux;201025;Prefeitura Municipal de Bayeux;092025;2025;11145111;Imposto sobre Serviços de Qualquer Natureza - ISSQN - Principal;Lançamento de Receita;144.346,98;500;Recursos não vinculados de Impostos;"Não ";Não Aplicável
Bayeux;201025;Prefeitura Municipal de Bayeux;082025;2025;11145111;Imposto sobre Serviços de Qualquer Natureza - ISSQN - Principal;Lançamento de Receita;62.719,75;500;Recursos não vinculados de Impostos;1002;Identificação das despesas com ações e serviços públicos de saúde
Bayeux;201025;Prefeitura Municipal de Bayeux;082025;2025;11145111;Imposto sobre Serviços de Qualquer Natureza - ISSQN - Principal;Lançamento de Receita;250.878,92;500;Recursos não vinculados de Impostos;"Não ";Não Aplicável
Bayeux;201025;Prefeitura Municipal de Bayeux;082025;2025;11145111;Imposto sobre Serviços de Qualquer Natureza - ISSQN - Principal;Lançamento de Receita;315.962,11;500;Recursos não vinculados de Impostos;1001;Identificação das despesas com manutenção e desenvolvimento do ensino
Bayeux;201025;Prefeitura Municipal de Bayeux;072025;2025;11145111;Imposto sobre Serviços de Qualquer Natureza - ISSQN - Principal;Lançamento de Receita;36.036,75;500;Recursos não vinculados de Impostos;1002;Identificação das despesas com ações e serviços públicos de saúde
Bayeux;201025;Prefeitura Municipal de Bayeux;072025;2025;11145111;Imposto sobre Serviços de Qualquer Natureza - ISSQN - Principal;Lançamento de Receita;256.647,07;500;Recursos não vinculados de Impostos;1001;Identificação das despesas com manutenção e desenvolvimento do ensino
Bayeux;201025;Prefeitura Municipal de Bayeux;072025;2025;11145111;Imposto sobre Serviços de Qualquer Natureza - ISSQN - Principal;Lançamento de Receita;144.146,97;500;Recursos não vinculados de Impostos;"Não ";Não Aplicável
Bayeux;201025;Prefeitura Municipal de Bayeux;062025;2025;11145111;Imposto sobre Serviços de Qualquer Natureza - ISSQN - Principal;Lançamento de Receita;264.399,16;500;Recursos não vinculados de Impostos;1001;Identificação das despesas com manutenção e desenvolvimento do ensino
Bayeux;201025;Prefeitura Municipal de Bayeux;062025;2025;11145111;Imposto sobre Serviços de Qualquer Natureza - ISSQN - Principal;Lançamento de Receita;40.243,45;500;Recursos não vinculados de Impostos;1002;Identificação das despesas com ações e serviços públicos de saúde
Bayeux;201025;Prefeitura Municipal de Bayeux;062025;2025;11145111;Imposto sobre Serviços de Qualquer Natureza - ISSQN - Principal;Lançamento de Receita;160.973,77;500;Recursos não vinculados de Impostos;"Não ";Não Aplicável
Bayeux;201025;Prefeitura Municipal de Bayeux;052025;2025;11145111;Imposto sobre Serviços de Qualquer Natureza - ISSQN - Principal;Lançamento de Receita;335.717,22;500;Recursos não vinculados de Impostos;"Não ";Não Aplicável
Bayeux;201025;Prefeitura Municipal de Bayeux;052025;2025;11145111;Imposto sobre Serviços de Qualquer Natureza - ISSQN - Principal;Lançamento de Receita;83.929,32;500;Recursos não vinculados de Impostos;1002;Identificação das despesas com ações e serviços públicos de saúde
Bayeux;201025;Prefeitura Municipal de Bayeux;052025;2025;11145111;Imposto sobre Serviços de Qualquer Natureza - ISSQN - Principal;Lançamento de Receita;325.920,97;500;Recursos não vinculados de Impostos;1001;Identificação das despesas com manutenção e desenvolvimento do ensino
Bayeux;201025;Prefeitura Municipal de Bayeux;042025;2025;11145111;Imposto sobre Serviços de Qualquer Natureza - ISSQN - Principal;Lançamento de Receita;469.114,72;500;Recursos não vinculados de Impostos;"Não ";Não Aplicável
Bayeux;201025;Prefeitura Municipal de Bayeux;042025;2025;11145111;Imposto sobre Serviços de Qualquer Natureza - ISSQN - Principal;Lançamento de Receita;363.573,71;500;Recursos não vinculados de Impostos;1001;Identificação das despesas com manutenção e desenvolvimento do ensino
Bayeux;201025;Prefeitura Municipal de Bayeux;042025;2025;11145111;Imposto sobre Serviços de Qualquer Natureza - ISSQN - Principal;Lançamento de Receita;117.278,67;500;Recursos não vinculados de Impostos;1002;Identificação das despesas com ações e serviços públicos de saúde
Bayeux;201025;Prefeitura Municipal de Bayeux;032025;2025;11145111;Imposto sobre Serviços de Qualquer Natureza - ISSQN - Principal;Lançamento de Receita;39.716,43;500;Recursos não vinculados de Impostos;1002;Identificação das despesas com ações e serviços públicos de saúde
Bayeux;201025;Prefeitura Municipal de Bayeux;032025;2025;11145111;Imposto sobre Serviços de Qualquer Natureza - ISSQN - Principal;Lançamento de Receita;255.700,09;500;Recursos não vinculados de Impostos;1001;Identificação das despesas com manutenção e desenvolvimento do ensino
Bayeux;201025;Prefeitura Municipal de Bayeux;032025;2025;11145111;Imposto sobre Serviços de Qualquer Natureza - ISSQN - Principal;Lançamento de Receita;158.865,69;500;Recursos não vinculados de Impostos;"Não ";Não Aplicável
Bayeux;201025;Prefeitura Municipal de Bayeux;022025;2025;11145111;Imposto sobre Serviços de Qualquer Natureza - ISSQN - Principal;Lançamento de Receita;319.470,01;500;Recursos não vinculados de Impostos;1001;Identificação das despesas com manutenção e desenvolvimento do ensino
Bayeux;201025;Prefeitura Municipal de Bayeux;022025;2025;11145111;Imposto sobre Serviços de Qualquer Natureza - ISSQN - Principal;Lançamento de Receita;90.369,14;500;Recursos não vinculados de Impostos;1002;Identificação das despesas com ações e serviços públicos de saúde
Bayeux;201025;Prefeitura Municipal de Bayeux;022025;2025;11145111;Imposto sobre Serviços de Qualquer Natureza - ISSQN - Principal;Lançamento de Receita;361.476,71;500;Recursos não vinculados de Impostos;"Não ";Não Aplicável
Bayeux;201025;Prefeitura Municipal de Bayeux;012025;2025;11145111;Imposto sobre Serviços de Qualquer Natureza - ISSQN - Principal;Lançamento de Receita;497.302,1;500;Recursos não vinculados de Impostos;"Não ";Não Aplicável
Bayeux;201025;Prefeitura Municipal de Bayeux;012025;2025;11145111;Imposto sobre Serviços de Qualquer Natureza - ISSQN - Principal;Lançamento de Receita;207.242,95;500;Recursos não vinculados de Impostos;1001;Identificação das despesas com manutenção e desenvolvimento do ensino
Bayeux;201025;Prefeitura Municipal de Bayeux;012025;2025;11145111;Imposto sobre Serviços de Qualquer Natureza - ISSQN - Principal;Lançamento de Receita;124.325,55;500;Recursos não vinculados de Impostos;1002;Identificação das despesas com ações e serviços públicos de saúde
Bayeux;201025;Prefeitura Municipal de Bayeux;122025;2025;11130341;Imposto sobre a Renda - Retido na Fonte - Outros Rendimentos - Principal;Lançamento de Receita;301.993,17;500;Recursos não vinculados de Impostos;1001;Identificação das despesas com manutenção e desenvolvimento do ensino
Bayeux;201025;Prefeitura Municipal de Bayeux;122025;2025;11130341;Imposto sobre a Renda - Retido na Fonte - Outros Rendimentos - Principal;Lançamento de Receita;181.195,81;500;Recursos não vinculados de Impostos;1002;Identificação das despesas com ações e serviços públicos de saúde
Bayeux;201025;Prefeitura Municipal de Bayeux;122025;2025;11130341;Imposto sobre a Renda - Retido na Fonte - Outros Rendimentos - Principal;Lançamento de Receita;724.783,48;500;Recursos não vinculados de Impostos;"Não ";Não Aplicável
Bayeux;201025;Prefeitura Municipal de Bayeux;112025;2025;11130341;Imposto sobre a Renda - Retido na Fonte - Outros Rendimentos - Principal;Lançamento de Receita;178.408,3;500;Recursos não vinculados de Impostos;1001;Identificação das despesas com manutenção e desenvolvimento do ensino
Bayeux;201025;Prefeitura Municipal de Bayeux;112025;2025;11130341;Imposto sobre a Renda - Retido na Fonte - Outros Rendimentos - Principal;Lançamento de Receita;428.179,97;500;Recursos não vinculados de Impostos;"Não ";Não Aplicável
Bayeux;201025;Prefeitura Municipal de Bayeux;112025;2025;11130341;Imposto sobre a Renda - Retido na Fonte - Outros Rendimentos - Principal;Lançamento de Receita;107.044,94;500;Recursos não vinculados de Impostos;1002;Identificação das despesas com ações e serviços públicos de saúde
Bayeux;201025;Prefeitura Municipal de Bayeux;102025;2025;11130341;Imposto sobre a Renda - Retido na Fonte - Outros Rendimentos - Principal;Lançamento de Receita;437.188,39;500;Recursos não vinculados de Impostos;"Não ";Não Aplicável
Bayeux;201025;Prefeitura Municipal de Bayeux;102025;2025;11130341;Imposto sobre a Renda - Retido na Fonte - Outros Rendimentos - Principal;Lançamento de Receita;182.161,84;500;Recursos não vinculados de Impostos;1001;Identificação das despesas com manutenção e desenvolvimento do ensino
Bayeux;201025;Prefeitura Municipal de Bayeux;102025;2025;11130341;Imposto sobre a Renda - Retido na Fonte - Outros Rendimentos - Principal;Lançamento de Receita;109.296,99;500;Recursos não vinculados de Impostos;1002;Identificação das despesas com ações e serviços públicos de saúde
Bayeux;201025;Prefeitura Municipal de Bayeux;092025;2025;11130341;Imposto sobre a Renda - Retido na Fonte - Outros Rendimentos - Principal;Lançamento de Receita;110.474,16;500;Recursos não vinculados de Impostos;1002;Identificação das despesas com ações e serviços públicos de saúde
Bayeux;201025;Prefeitura Municipal de Bayeux;092025;2025;11130341;Imposto sobre a Renda - Retido na Fonte - Outros Rendimentos - Principal;Lançamento de Receita;441.896,78;500;Recursos não vinculados de Impostos;"Não ";Não Aplicável
Bayeux;201025;Prefeitura Municipal de Bayeux;092025;2025;11130341;Imposto sobre a Renda - Retido na Fonte - Outros Rendimentos - Principal;Lançamento de Receita;184.123,66;500;Recursos não vinculados de Impostos;1001;Identificação das despesas com manutenção e desenvolvimento do ensino
Bayeux;201025;Prefeitura Municipal de Bayeux;082025;2025;11130341;Imposto sobre a Renda - Retido na Fonte - Outros Rendimentos - Principal;Lançamento de Receita;388.565,05;500;Recursos não vinculados de Impostos;"Não ";Não Aplicável
Bayeux;201025;Prefeitura Municipal de Bayeux;082025;2025;11130341;Imposto sobre a Renda - Retido na Fonte - Outros Rendimentos - Principal;Lançamento de Receita;161.902,05;500;Recursos não vinculados de Impostos;1001;Identificação das despesas com manutenção e desenvolvimento do ensino
Bayeux;201025;Prefeitura Municipal de Bayeux;082025;2025;11130341;Imposto sobre a Renda - Retido na Fonte - Outros Rendimentos - Principal;Lançamento de Receita;97.141,26;500;Recursos não vinculados de Impostos;1002;Identificação das despesas com ações e serviços públicos de saúde
Bayeux;201025;Prefeitura Municipal de Bayeux;072025;2025;11130341;Imposto sobre a Renda - Retido na Fonte - Outros Rendimentos - Principal;Lançamento de Receita;106.130,4;500;Recursos não vinculados de Impostos;1002;Identificação das despesas com ações e serviços públicos de saúde
Bayeux;201025;Prefeitura Municipal de Bayeux;072025;2025;11130341;Imposto sobre a Renda - Retido na Fonte - Outros Rendimentos - Principal;Lançamento de Receita;176.884,19;500;Recursos não vinculados de Impostos;1001;Identificação das despesas com manutenção e desenvolvimento do ensino
Bayeux;201025;Prefeitura Municipal de Bayeux;072025;2025;11130341;Imposto sobre a Renda - Retido na Fonte - Outros Rendimentos - Principal;Lançamento de Receita;424.521,95;500;Recursos não vinculados de Impostos;"Não ";Não Aplicável
Bayeux;201025;Prefeitura Municipal de Bayeux;062025;2025;11130341;Imposto sobre a Renda - Retido na Fonte - Outros Rendimentos - Principal;Lançamento de Receita;368.392,08;500;Recursos não vinculados de Impostos;"Não ";Não Aplicável
Bayeux;201025;Prefeitura Municipal de Bayeux;062025;2025;11130341;Imposto sobre a Renda - Retido na Fonte - Outros Rendimentos - Principal;Lançamento de Receita;153.496,74;500;Recursos não vinculados de Impostos;1001;Identificação das despesas com manutenção e desenvolvimento do ensino
Bayeux;201025;Prefeitura Municipal de Bayeux;062025;2025;11130341;Imposto sobre a Renda - Retido na Fonte - Outros Rendimentos - Principal;Lançamento de Receita;92.097,97;500;Recursos não vinculados de Impostos;1002;Identificação das despesas com ações e serviços públicos de saúde
Bayeux;201025;Prefeitura Municipal de Bayeux;052025;2025;11130341;Imposto sobre a Renda - Retido na Fonte - Outros Rendimentos - Principal;Lançamento de Receita;409.629,81;500;Recursos não vinculados de Impostos;"Não ";Não Aplicável
Bayeux;201025;Prefeitura Municipal de Bayeux;052025;2025;11130341;Imposto sobre a Renda - Retido na Fonte - Outros Rendimentos - Principal;Lançamento de Receita;170.679,07;500;Recursos não vinculados de Impostos;1001;Identificação das despesas com manutenção e desenvolvimento do ensino
Bayeux;201025;Prefeitura Municipal de Bayeux;052025;2025;11130341;Imposto sobre a Renda - Retido na Fonte - Outros Rendimentos - Principal;Lançamento de Receita;102.407,39;500;Recursos não vinculados de Impostos;1002;Identificação das despesas com ações e serviços públicos de saúde
Bayeux;201025;Prefeitura Municipal de Bayeux;042025;2025;11130341;Imposto sobre a Renda - Retido na Fonte - Outros Rendimentos - Principal;Lançamento de Receita;97.043,29;500;Recursos não vinculados de Impostos;1002;Identificação das despesas com ações e serviços públicos de saúde
Bayeux;201025;Prefeitura Municipal de Bayeux;042025;2025;11130341;Imposto sobre a Renda - Retido na Fonte - Outros Rendimentos - Principal;Lançamento de Receita;388.173,45;500;Recursos não vinculados de Impostos;"Não ";Não Aplicável
Bayeux;201025;Prefeitura Municipal de Bayeux;042025;2025;11130341;Imposto sobre a Renda - Retido na Fonte - Outros Rendimentos - Principal;Lançamento de Receita;161.738,92;500;Recursos não vinculados de Impostos;1001;Identificação das despesas com manutenção e desenvolvimento do ensino
Bayeux;201025;Prefeitura Municipal de Bayeux;032025;2025;11130341;Imposto sobre a Renda - Retido na Fonte - Outros Rendimentos - Principal;Lançamento de Receita;100.938,11;500;Recursos não vinculados de Impostos;1002;Identificação das despesas com ações e serviços públicos de saúde
Bayeux;201025;Prefeitura Municipal de Bayeux;032025;2025;11130341;Imposto sobre a Renda - Retido na Fonte - Outros Rendimentos - Principal;Lançamento de Receita;168.230,22;500;Recursos não vinculados de Impostos;1001;Identificação das despesas com manutenção e desenvolvimento do ensino
Bayeux;201025;Prefeitura Municipal de Bayeux;032025;2025;11130341;Imposto sobre a Renda - Retido na Fonte - Outros Rendimentos - Principal;Lançamento de Receita;403.752,52;500;Recursos não vinculados de Impostos;"Não ";Não Aplicável
Bayeux;201025;Prefeitura Municipal de Bayeux;022025;2025;11130341;Imposto sobre a Renda - Retido na Fonte - Outros Rendimentos - Principal;Lançamento de Receita;104.643,43;500;Recursos não vinculados de Impostos;1002;Identificação das despesas com ações e serviços públicos de saúde
Bayeux;201025;Prefeitura Municipal de Bayeux;022025;2025;11130341;Imposto sobre a Renda - Retido na Fonte - Outros Rendimentos - Principal;Lançamento de Receita;174.405,56;500;Recursos não vinculados de Impostos;1001;Identificação das despesas com manutenção e desenvolvimento do ensino
Bayeux;201025;Prefeitura Municipal de Bayeux;022025;2025;11130341;Imposto sobre a Renda - Retido na Fonte - Outros Rendimentos - Principal;Lançamento de Receita;418.573,45;500;Recursos não vinculados de Impostos;"Não ";Não Aplicável
Bayeux;201025;Prefeitura Municipal de Bayeux;012025;2025;11130341;Imposto sobre a Renda - Retido na Fonte - Outros Rendimentos - Principal;Lançamento de Receita;312.490,85;500;Recursos não vinculados de Impostos;"Não ";Não Aplicável
Bayeux;201025;Prefeitura Municipal de Bayeux;012025;2025;11130341;Imposto sobre a Renda - Retido na Fonte - Outros Rendimentos - Principal;Lançamento de Receita;130.204,51;500;Recursos não vinculados de Impostos;1001;Identificação das despesas com manutenção e desenvolvimento do ensino
Bayeux;201025;Prefeitura Municipal de Bayeux;012025;2025;11130341;Imposto sobre a Renda - Retido na Fonte - Outros Rendimentos - Principal;Lançamento de Receita;78.122,71;500;Recursos não vinculados de Impostos;1002;Identificação das despesas com ações e serviços públicos de saúde
Bayeux;201025;Prefeitura Municipal de Bayeux;122025;2025;11130311;Imposto sobre a Renda - Retido na Fonte - Trabalho - Principal;Lançamento de Receita;76.959,33;500;Recursos não vinculados de Impostos;1002;Identificação das despesas com ações e serviços públicos de saúde
Bayeux;201025;Prefeitura Municipal de Bayeux;122025;2025;11130311;Imposto sobre a Renda - Retido na Fonte - Trabalho - Principal;Lançamento de Receita;307.837,42;500;Recursos não vinculados de Impostos;"Não ";Não Aplicável
Bayeux;201025;Prefeitura Municipal de Bayeux;122025;2025;11130311;Imposto sobre a Renda - Retido na Fonte - Trabalho - Principal;Lançamento de Receita;128.265,59;500;Recursos não vinculados de Impostos;1001;Identificação das despesas com manutenção e desenvolvimento do ensino
Bayeux;201025;Prefeitura Municipal de Bayeux;112025;2025;11130311;Imposto sobre a Renda - Retido na Fonte - Trabalho - Principal;Lançamento de Receita;12.062,19;500;Recursos não vinculados de Impostos;1001;Identificação das despesas com manutenção e desenvolvimento do ensino
Bayeux;201025;Prefeitura Municipal de Bayeux;112025;2025;11130311;Imposto sobre a Renda - Retido na Fonte - Trabalho - Principal;Lançamento de Receita;28.949,26;500;Recursos não vinculados de Impostos;"Não ";Não Aplicável
Bayeux;201025;Prefeitura Municipal de Bayeux;112025;2025;11130311;Imposto sobre a Renda - Retido na Fonte - Trabalho - Principal;Lançamento de Receita;7.237,32;500;Recursos não vinculados de Impostos;1002;Identificação das despesas com ações e serviços públicos de saúde
Bayeux;201025;Prefeitura Municipal de Bayeux;102025;2025;11130311;Imposto sobre a Renda - Retido na Fonte - Trabalho - Principal;Lançamento de Receita;20.974,9;500;Recursos não vinculados de Impostos;1001;Identificação das despesas com manutenção e desenvolvimento do ensino
Bayeux;201025;Prefeitura Municipal de Bayeux;102025;2025;11130311;Imposto sobre a Renda - Retido na Fonte - Trabalho - Principal;Lançamento de Receita;12.584,93;500;Recursos não vinculados de Impostos;1002;Identificação das despesas com ações e serviços públicos de saúde
Bayeux;201025;Prefeitura Municipal de Bayeux;102025;2025;11130311;Imposto sobre a Renda - Retido na Fonte - Trabalho - Principal;Lançamento de Receita;50.339,74;500;Recursos não vinculados de Impostos;"Não ";Não Aplicável
Bayeux;201025;Prefeitura Municipal de Bayeux;082025;2025;11130311;Imposto sobre a Renda - Retido na Fonte - Trabalho - Principal;Lançamento de Receita;116.890,05;500;Recursos não vinculados de Impostos;"Não ";Não Aplicável
Bayeux;201025;Prefeitura Municipal de Bayeux;082025;2025;11130311;Imposto sobre a Renda - Retido na Fonte - Trabalho - Principal;Lançamento de Receita;48.704,18;500;Recursos não vinculados de Impostos;1001;Identificação das despesas com manutenção e desenvolvimento do ensino
Bayeux;201025;Prefeitura Municipal de Bayeux;082025;2025;11130311;Imposto sobre a Renda - Retido na Fonte - Trabalho - Principal;Lançamento de Receita;29.222,52;500;Recursos não vinculados de Impostos;1002;Identificação das despesas com ações e serviços públicos de saúde
Bayeux;201025;Prefeitura Municipal de Bayeux;072025;2025;11130311;Imposto sobre a Renda - Retido na Fonte - Trabalho - Principal;Lançamento de Receita;34.729,97;500;Recursos não vinculados de Impostos;1002;Identificação das despesas com ações e serviços públicos de saúde
Bayeux;201025;Prefeitura Municipal de Bayeux;072025;2025;11130311;Imposto sobre a Renda - Retido na Fonte - Trabalho - Principal;Lançamento de Receita;138.919,93;500;Recursos não vinculados de Impostos;"Não ";Não Aplicável
Bayeux;201025;Prefeitura Municipal de Bayeux;072025;2025;11130311;Imposto sobre a Renda - Retido na Fonte - Trabalho - Principal;Lançamento de Receita;57.883,31;500;Recursos não vinculados de Impostos;1001;Identificação das despesas com manutenção e desenvolvimento do ensino
Bayeux;201025;Prefeitura Municipal de Bayeux;062025;2025;11130311;Imposto sobre a Renda - Retido na Fonte - Trabalho - Principal;Lançamento de Receita;26.238,24;500;Recursos não vinculados de Impostos;"Não ";Não Aplicável
Bayeux;201025;Prefeitura Municipal de Bayeux;062025;2025;11130311;Imposto sobre a Renda - Retido na Fonte - Trabalho - Principal;Lançamento de Receita;6.559,55;500;Recursos não vinculados de Impostos;1002;Identificação das despesas com ações e serviços públicos de saúde
Bayeux;201025;Prefeitura Municipal de Bayeux;062025;2025;11130311;Imposto sobre a Renda - Retido na Fonte - Trabalho - Principal;Lançamento de Receita;10.932,6;500;Recursos não vinculados de Impostos;1001;Identificação das despesas com manutenção e desenvolvimento do ensino
Bayeux;201025;Prefeitura Municipal de Bayeux;052025;2025;11130311;Imposto sobre a Renda - Retido na Fonte - Trabalho - Principal;Lançamento de Receita;42.255,41;500;Recursos não vinculados de Impostos;1002;Identificação das despesas com ações e serviços públicos de saúde
Bayeux;201025;Prefeitura Municipal de Bayeux;052025;2025;11130311;Imposto sobre a Renda - Retido na Fonte - Trabalho - Principal;Lançamento de Receita;70.425,65;500;Recursos não vinculados de Impostos;1001;Identificação das despesas com manutenção e desenvolvimento do ensino
Bayeux;201025;Prefeitura Municipal de Bayeux;052025;2025;11130311;Imposto sobre a Renda - Retido na Fonte - Trabalho - Principal;Lançamento de Receita;169.021,57;500;Recursos não vinculados de Impostos;"Não ";Não Aplicável
Bayeux;201025;Prefeitura Municipal de Bayeux;042025;2025;11130311;Imposto sobre a Renda - Retido na Fonte - Trabalho - Principal;Lançamento de Receita;50.887,28;500;Recursos não vinculados de Impostos;1001;Identificação das despesas com manutenção e desenvolvimento do ensino
Bayeux;201025;Prefeitura Municipal de Bayeux;042025;2025;11130311;Imposto sobre a Renda - Retido na Fonte - Trabalho - Principal;Lançamento de Receita;30.532,38;500;Recursos não vinculados de Impostos;1002;Identificação das despesas com ações e serviços públicos de saúde
Bayeux;201025;Prefeitura Municipal de Bayeux;042025;2025;11130311;Imposto sobre a Renda - Retido na Fonte - Trabalho - Principal;Lançamento de Receita;122.129,49;500;Recursos não vinculados de Impostos;"Não ";Não Aplicável
Bayeux;201025;Prefeitura Municipal de Bayeux;032025;2025;11130311;Imposto sobre a Renda - Retido na Fonte - Trabalho - Principal;Lançamento de Receita;111.559,12;500;Recursos não vinculados de Impostos;"Não ";Não Aplicável
Bayeux;201025;Prefeitura Municipal de Bayeux;032025;2025;11130311;Imposto sobre a Renda - Retido na Fonte - Trabalho - Principal;Lançamento de Receita;46.482,97;500;Recursos não vinculados de Impostos;1001;Identificação das despesas com manutenção e desenvolvimento do ensino
Bayeux;201025;Prefeitura Municipal de Bayeux;032025;2025;11130311;Imposto sobre a Renda - Retido na Fonte - Trabalho - Principal;Lançamento de Receita;27.889,77;500;Recursos não vinculados de Impostos;1002;Identificação das despesas com ações e serviços públicos de saúde
Bayeux;201025;Prefeitura Municipal de Bayeux;022025;2025;11130311;Imposto sobre a Renda - Retido na Fonte - Trabalho - Principal;Lançamento de Receita;138.711,7;500;Recursos não vinculados de Impostos;1001;Identificação das despesas com manutenção e desenvolvimento do ensino
Bayeux;201025;Prefeitura Municipal de Bayeux;022025;2025;11130311;Imposto sobre a Renda - Retido na Fonte - Trabalho - Principal;Lançamento de Receita;332.908,08;500;Recursos não vinculados de Impostos;"Não ";Não Aplicável
Bayeux;201025;Prefeitura Municipal de Bayeux;022025;2025;11130311;Imposto sobre a Renda - Retido na Fonte - Trabalho - Principal;Lançamento de Receita;83.227,02;500;Recursos não vinculados de Impostos;1002;Identificação das despesas com ações e serviços públicos de saúde
Bayeux;201025;Prefeitura Municipal de Bayeux;012025;2025;11130311;Imposto sobre a Renda - Retido na Fonte - Trabalho - Principal;Lançamento de Receita;9.210,8;500;Recursos não vinculados de Impostos;1001;Identificação das despesas com manutenção e desenvolvimento do ensino
Bayeux;201025;Prefeitura Municipal de Bayeux;012025;2025;11130311;Imposto sobre a Renda - Retido na Fonte - Trabalho - Principal;Lançamento de Receita;5.526,49;500;Recursos não vinculados de Impostos;1002;Identificação das despesas com ações e serviços públicos de saúde
Bayeux;201025;Prefeitura Municipal de Bayeux;012025;2025;11130311;Imposto sobre a Renda - Retido na Fonte - Trabalho - Principal;Lançamento de Receita;22.105,93;500;Recursos não vinculados de Impostos;"Não ";Não Aplicável
Bayeux;201025;Prefeitura Municipal de Bayeux;092025;2025;11125304;"Impostos sobre Transmissão ""Inter Vivos"" de Bens Imóveis e de Direitos Reais sobre Imóveis - Dívida Ativa - Multas e Juros de Mora da Dívida Ativa";Lançamento de Receita;82,42;500;Recursos não vinculados de Impostos;"Não ";Não Aplicável
Bayeux;201025;Prefeitura Municipal de Bayeux;082025;2025;11125304;"Impostos sobre Transmissão ""Inter Vivos"" de Bens Imóveis e de Direitos Reais sobre Imóveis - Dívida Ativa - Multas e Juros de Mora da Dívida Ativa";Lançamento de Receita;270,42;500;Recursos não vinculados de Impostos;"Não ";Não Aplicável
Bayeux;201025;Prefeitura Municipal de Bayeux;072025;2025;11125304;"Impostos sobre Transmissão ""Inter Vivos"" de Bens Imóveis e de Direitos Reais sobre Imóveis - Dívida Ativa - Multas e Juros de Mora da Dívida Ativa";Lançamento de Receita;82,42;500;Recursos não vinculados de Impostos;"Não ";Não Aplicável
Bayeux;201025;Prefeitura Municipal de Bayeux;062025;2025;11125304;"Impostos sobre Transmissão ""Inter Vivos"" de Bens Imóveis e de Direitos Reais sobre Imóveis - Dívida Ativa - Multas e Juros de Mora da Dívida Ativa";Lançamento de Receita;100,42;500;Recursos não vinculados de Impostos;"Não ";Não Aplicável
Bayeux;201025;Prefeitura Municipal de Bayeux;052025;2025;11125304;"Impostos sobre Transmissão ""Inter Vivos"" de Bens Imóveis e de Direitos Reais sobre Imóveis - Dívida Ativa - Multas e Juros de Mora da Dívida Ativa";Lançamento de Receita;82,42;500;Recursos não vinculados de Impostos;"Não ";Não Aplicável
Bayeux;201025;Prefeitura Municipal de Bayeux;042025;2025;11125304;"Impostos sobre Transmissão ""Inter Vivos"" de Bens Imóveis e de Direitos Reais sobre Imóveis - Dívida Ativa - Multas e Juros de Mora da Dívida Ativa";Lançamento de Receita;82,42;500;Recursos não vinculados de Impostos;"Não ";Não Aplicável
Bayeux;201025;Prefeitura Municipal de Bayeux;032025;2025;11125304;"Impostos sobre Transmissão ""Inter Vivos"" de Bens Imóveis e de Direitos Reais sobre Imóveis - Dívida Ativa - Multas e Juros de Mora da Dívida Ativa";Lançamento de Receita;82,42;500;Recursos não vinculados de Impostos;"Não ";Não Aplicável
Bayeux;201025;Prefeitura Municipal de Bayeux;022025;2025;11125304;"Impostos sobre Transmissão ""Inter Vivos"" de Bens Imóveis e de Direitos Reais sobre Imóveis - Dívida Ativa - Multas e Juros de Mora da Dívida Ativa";Lançamento de Receita;82,42;500;Recursos não vinculados de Impostos;"Não ";Não Aplicável
Bayeux;201025;Prefeitura Municipal de Bayeux;012025;2025;11125304;"Impostos sobre Transmissão ""Inter Vivos"" de Bens Imóveis e de Direitos Reais sobre Imóveis - Dívida Ativa - Multas e Juros de Mora da Dívida Ativa";Lançamento de Receita;819,24;500;Recursos não vinculados de Impostos;"Não ";Não Aplicável
Bayeux;201025;Prefeitura Municipal de Bayeux;102025;2025;11125301;"Impostos sobre Transmissão ""Inter Vivos"" de Bens Imóveis e de Direitos Reais sobre Imóveis - Principal";Lançamento de Receita;4.993,76;500;Recursos não vinculados de Impostos;"Não ";Não Aplicável
Bayeux;201025;Prefeitura Municipal de Bayeux;102025;2025;11125301;"Impostos sobre Transmissão ""Inter Vivos"" de Bens Imóveis e de Direitos Reais sobre Imóveis - Principal";Lançamento de Receita;2.080,74;500;Recursos não vinculados de Impostos;1001;Identificação das despesas com manutenção e desenvolvimento do ensino
Bayeux;201025;Prefeitura Municipal de Bayeux;102025;2025;11125301;"Impostos sobre Transmissão ""Inter Vivos"" de Bens Imóveis e de Direitos Reais sobre Imóveis - Principal";Lançamento de Receita;1.248,44;500;Recursos não vinculados de Impostos;1002;Identificação das despesas com ações e serviços públicos de saúde
Bayeux;201025;Prefeitura Municipal de Bayeux;092025;2025;11125301;"Impostos sobre Transmissão ""Inter Vivos"" de Bens Imóveis e de Direitos Reais sobre Imóveis - Principal";Lançamento de Receita;53.089,35;500;Recursos não vinculados de Impostos;1001;Identificação das despesas com manutenção e desenvolvimento do ensino
Bayeux;201025;Prefeitura Municipal de Bayeux;092025;2025;11125301;"Impostos sobre Transmissão ""Inter Vivos"" de Bens Imóveis e de Direitos Reais sobre Imóveis - Principal";Lançamento de Receita;31.853,61;500;Recursos não vinculados de Impostos;1002;Identificação das despesas com ações e serviços públicos de saúde
Bayeux;201025;Prefeitura Municipal de Bayeux;092025;2025;11125301;"Impostos sobre Transmissão ""Inter Vivos"" de Bens Imóveis e de Direitos Reais sobre Imóveis - Principal";Lançamento de Receita;127.414,44;500;Recursos não vinculados de Impostos;"Não ";Não Aplicável
Bayeux;201025;Prefeitura Municipal de Bayeux;082025;2025;11125301;"Impostos sobre Transmissão ""Inter Vivos"" de Bens Imóveis e de Direitos Reais sobre Imóveis - Principal";Lançamento de Receita;20.526,27;500;Recursos não vinculados de Impostos;1002;Identificação das despesas com ações e serviços públicos de saúde
Bayeux;201025;Prefeitura Municipal de Bayeux;082025;2025;11125301;"Impostos sobre Transmissão ""Inter Vivos"" de Bens Imóveis e de Direitos Reais sobre Imóveis - Principal";Lançamento de Receita;34.210,44;500;Recursos não vinculados de Impostos;1001;Identificação das despesas com manutenção e desenvolvimento do ensino
Bayeux;201025;Prefeitura Municipal de Bayeux;082025;2025;11125301;"Impostos sobre Transmissão ""Inter Vivos"" de Bens Imóveis e de Direitos Reais sobre Imóveis - Principal";Lançamento de Receita;82.105,06;500;Recursos não vinculados de Impostos;"Não ";Não Aplicável
Bayeux;201025;Prefeitura Municipal de Bayeux;072025;2025;11125301;"Impostos sobre Transmissão ""Inter Vivos"" de Bens Imóveis e de Direitos Reais sobre Imóveis - Principal";Lançamento de Receita;107.630,56;500;Recursos não vinculados de Impostos;"Não ";Não Aplicável
Bayeux;201025;Prefeitura Municipal de Bayeux;072025;2025;11125301;"Impostos sobre Transmissão ""Inter Vivos"" de Bens Imóveis e de Direitos Reais sobre Imóveis - Principal";Lançamento de Receita;26.907,64;500;Recursos não vinculados de Impostos;1002;Identificação das despesas com ações e serviços públicos de saúde
Bayeux;201025;Prefeitura Municipal de Bayeux;072025;2025;11125301;"Impostos sobre Transmissão ""Inter Vivos"" de Bens Imóveis e de Direitos Reais sobre Imóveis - Principal";Lançamento de Receita;44.846,07;500;Recursos não vinculados de Impostos;1001;Identificação das despesas com manutenção e desenvolvimento do ensino
Bayeux;201025;Prefeitura Municipal de Bayeux;062025;2025;11125301;"Impostos sobre Transmissão ""Inter Vivos"" de Bens Imóveis e de Direitos Reais sobre Imóveis - Principal";Lançamento de Receita;129.359,68;500;Recursos não vinculados de Impostos;"Não ";Não Aplicável
Bayeux;201025;Prefeitura Municipal de Bayeux;062025;2025;11125301;"Impostos sobre Transmissão ""Inter Vivos"" de Bens Imóveis e de Direitos Reais sobre Imóveis - Principal";Lançamento de Receita;32.339,92;500;Recursos não vinculados de Impostos;1002;Identificação das despesas com ações e serviços públicos de saúde
Bayeux;201025;Prefeitura Municipal de Bayeux;062025;2025;11125301;"Impostos sobre Transmissão ""Inter Vivos"" de Bens Imóveis e de Direitos Reais sobre Imóveis - Principal";Lançamento de Receita;53.899,87;500;Recursos não vinculados de Impostos;1001;Identificação das despesas com manutenção e desenvolvimento do ensino
Bayeux;201025;Prefeitura Municipal de Bayeux;052025;2025;11125301;"Impostos sobre Transmissão ""Inter Vivos"" de Bens Imóveis e de Direitos Reais sobre Imóveis - Principal";Lançamento de Receita;71.969,38;500;Recursos não vinculados de Impostos;1001;Identificação das despesas com manutenção e desenvolvimento do ensino
Bayeux;201025;Prefeitura Municipal de Bayeux;052025;2025;11125301;"Impostos sobre Transmissão ""Inter Vivos"" de Bens Imóveis e de Direitos Reais sobre Imóveis - Principal";Lançamento de Receita;172.726,5;500;Recursos não vinculados de Impostos;"Não ";Não Aplicável
Bayeux;201025;Prefeitura Municipal de Bayeux;052025;2025;11125301;"Impostos sobre Transmissão ""Inter Vivos"" de Bens Imóveis e de Direitos Reais sobre Imóveis - Principal";Lançamento de Receita;43.181,63;500;Recursos não vinculados de Impostos;1002;Identificação das despesas com ações e serviços públicos de saúde
Bayeux;201025;Prefeitura Municipal de Bayeux;042025;2025;11125301;"Impostos sobre Transmissão ""Inter Vivos"" de Bens Imóveis e de Direitos Reais sobre Imóveis - Principal";Lançamento de Receita;51.374,31;500;Recursos não vinculados de Impostos;1001;Identificação das despesas com manutenção e desenvolvimento do ensino
Bayeux;201025;Prefeitura Municipal de Bayeux;042025;2025;11125301;"Impostos sobre Transmissão ""Inter Vivos"" de Bens Imóveis e de Direitos Reais sobre Imóveis - Principal";Lançamento de Receita;123.298,36;500;Recursos não vinculados de Impostos;"Não ";Não Aplicável
Bayeux;201025;Prefeitura Municipal de Bayeux;042025;2025;11125301;"Impostos sobre Transmissão ""Inter Vivos"" de Bens Imóveis e de Direitos Reais sobre Imóveis - Principal";Lançamento de Receita;30.824,59;500;Recursos não vinculados de Impostos;1002;Identificação das despesas com ações e serviços públicos de saúde
Bayeux;201025;Prefeitura Municipal de Bayeux;032025;2025;11125301;"Impostos sobre Transmissão ""Inter Vivos"" de Bens Imóveis e de Direitos Reais sobre Imóveis - Principal";Lançamento de Receita;33.525,07;500;Recursos não vinculados de Impostos;1001;Identificação das despesas com manutenção e desenvolvimento do ensino
Bayeux;201025;Prefeitura Municipal de Bayeux;032025;2025;11125301;"Impostos sobre Transmissão ""Inter Vivos"" de Bens Imóveis e de Direitos Reais sobre Imóveis - Principal";Lançamento de Receita;20.115,05;500;Recursos não vinculados de Impostos;1002;Identificação das despesas com ações e serviços públicos de saúde
Bayeux;201025;Prefeitura Municipal de Bayeux;032025;2025;11125301;"Impostos sobre Transmissão ""Inter Vivos"" de Bens Imóveis e de Direitos Reais sobre Imóveis - Principal";Lançamento de Receita;80.460,17;500;Recursos não vinculados de Impostos;"Não ";Não Aplicável
Bayeux;201025;Prefeitura Municipal de Bayeux;022025;2025;11125301;"Impostos sobre Transmissão ""Inter Vivos"" de Bens Imóveis e de Direitos Reais sobre Imóveis - Principal";Lançamento de Receita;216.183,63;500;Recursos não vinculados de Impostos;1001;Identificação das despesas com manutenção e desenvolvimento do ensino
Bayeux;201025;Prefeitura Municipal de Bayeux;022025;2025;11125301;"Impostos sobre Transmissão ""Inter Vivos"" de Bens Imóveis e de Direitos Reais sobre Imóveis - Principal";Lançamento de Receita;129.710,16;500;Recursos não vinculados de Impostos;1002;Identificação das despesas com ações e serviços públicos de saúde
Bayeux;201025;Prefeitura Municipal de Bayeux;022025;2025;11125301;"Impostos sobre Transmissão ""Inter Vivos"" de Bens Imóveis e de Direitos Reais sobre Imóveis - Principal";Lançamento de Receita;518.840,68;500;Recursos não vinculados de Impostos;"Não ";Não Aplicável
Bayeux;201025;Prefeitura Municipal de Bayeux;012025;2025;11125301;"Impostos sobre Transmissão ""Inter Vivos"" de Bens Imóveis e de Direitos Reais sobre Imóveis - Principal";Lançamento de Receita;94.860,76;500;Recursos não vinculados de Impostos;1001;Identificação das despesas com manutenção e desenvolvimento do ensino
Bayeux;201025;Prefeitura Municipal de Bayeux;012025;2025;11125301;"Impostos sobre Transmissão ""Inter Vivos"" de Bens Imóveis e de Direitos Reais sobre Imóveis - Principal";Lançamento de Receita;56.916,45;500;Recursos não vinculados de Impostos;1002;Identificação das despesas com ações e serviços públicos de saúde
Bayeux;201025;Prefeitura Municipal de Bayeux;012025;2025;11125301;"Impostos sobre Transmissão ""Inter Vivos"" de Bens Imóveis e de Direitos Reais sobre Imóveis - Principal";Lançamento de Receita;227.665,81;500;Recursos não vinculados de Impostos;"Não ";Não Aplicável
Bayeux;201025;Prefeitura Municipal de Bayeux;092025;2025;11125004;Imposto sobre a Propriedade Predial e Territorial Urbana - Dívida Ativa - Multas e Juros de Mora da Dívida Ativa;Lançamento de Receita;10.130,56;500;Recursos não vinculados de Impostos;1001;Identificação das despesas com manutenção e desenvolvimento do ensino
Bayeux;201025;Prefeitura Municipal de Bayeux;092025;2025;11125004;Imposto sobre a Propriedade Predial e Territorial Urbana - Dívida Ativa - Multas e Juros de Mora da Dívida Ativa;Lançamento de Receita;24.313,33;500;Recursos não vinculados de Impostos;"Não ";Não Aplicável
Bayeux;201025;Prefeitura Municipal de Bayeux;092025;2025;11125004;Imposto sobre a Propriedade Predial e Territorial Urbana - Dívida Ativa - Multas e Juros de Mora da Dívida Ativa;Lançamento de Receita;6.078,33;500;Recursos não vinculados de Impostos;1002;Identificação das despesas com ações e serviços públicos de saúde
Bayeux;201025;Prefeitura Municipal de Bayeux;082025;2025;11125004;Imposto sobre a Propriedade Predial e Territorial Urbana - Dívida Ativa - Multas e Juros de Mora da Dívida Ativa;Lançamento de Receita;2.184,2;500;Recursos não vinculados de Impostos;1001;Identificação das despesas com manutenção e desenvolvimento do ensino
Bayeux;201025;Prefeitura Municipal de Bayeux;082025;2025;11125004;Imposto sobre a Propriedade Predial e Territorial Urbana - Dívida Ativa - Multas e Juros de Mora da Dívida Ativa;Lançamento de Receita;1.310,52;500;Recursos não vinculados de Impostos;1002;Identificação das despesas com ações e serviços públicos de saúde
Bayeux;201025;Prefeitura Municipal de Bayeux;082025;2025;11125004;Imposto sobre a Propriedade Predial e Territorial Urbana - Dívida Ativa - Multas e Juros de Mora da Dívida Ativa;Lançamento de Receita;5.242,07;500;Recursos não vinculados de Impostos;"Não ";Não Aplicável
Bayeux;201025;Prefeitura Municipal de Bayeux;072025;2025;11125004;Imposto sobre a Propriedade Predial e Territorial Urbana - Dívida Ativa - Multas e Juros de Mora da Dívida Ativa;Lançamento de Receita;9.078,77;500;Recursos não vinculados de Impostos;"Não ";Não Aplicável
Bayeux;201025;Prefeitura Municipal de Bayeux;072025;2025;11125004;Imposto sobre a Propriedade Predial e Territorial Urbana - Dívida Ativa - Multas e Juros de Mora da Dívida Ativa;Lançamento de Receita;2.269,69;500;Recursos não vinculados de Impostos;1002;Identificação das despesas com ações e serviços públicos de saúde
Bayeux;201025;Prefeitura Municipal de Bayeux;072025;2025;11125004;Imposto sobre a Propriedade Predial e Territorial Urbana - Dívida Ativa - Multas e Juros de Mora da Dívida Ativa;Lançamento de Receita;3.782,83;500;Recursos não vinculados de Impostos;1001;Identificação das despesas com manutenção e desenvolvimento do ensino
Bayeux;201025;Prefeitura Municipal de Bayeux;062025;2025;11125004;Imposto sobre a Propriedade Predial e Territorial Urbana - Dívida Ativa - Multas e Juros de Mora da Dívida Ativa;Lançamento de Receita;1.613,65;500;Recursos não vinculados de Impostos;1002;Identificação das despesas com ações e serviços públicos de saúde
Bayeux;201025;Prefeitura Municipal de Bayeux;062025;2025;11125004;Imposto sobre a Propriedade Predial e Territorial Urbana - Dívida Ativa - Multas e Juros de Mora da Dívida Ativa;Lançamento de Receita;6.454,61;500;Recursos não vinculados de Impostos;"Não ";Não Aplicável
Bayeux;201025;Prefeitura Municipal de Bayeux;062025;2025;11125004;Imposto sobre a Propriedade Predial e Territorial Urbana - Dívida Ativa - Multas e Juros de Mora da Dívida Ativa;Lançamento de Receita;2.689,42;500;Recursos não vinculados de Impostos;1001;Identificação das despesas com manutenção e desenvolvimento do ensino
Bayeux;201025;Prefeitura Municipal de Bayeux;052025;2025;11125004;Imposto sobre a Propriedade Predial e Territorial Urbana - Dívida Ativa - Multas e Juros de Mora da Dívida Ativa;Lançamento de Receita;4.214,48;500;Recursos não vinculados de Impostos;1001;Identificação das despesas com manutenção e desenvolvimento do ensino
Bayeux;201025;Prefeitura Municipal de Bayeux;052025;2025;11125004;Imposto sobre a Propriedade Predial e Territorial Urbana - Dívida Ativa - Multas e Juros de Mora da Dívida Ativa;Lançamento de Receita;2.528,69;500;Recursos não vinculados de Impostos;1002;Identificação das despesas com ações e serviços públicos de saúde
Bayeux;201025;Prefeitura Municipal de Bayeux;052025;2025;11125004;Imposto sobre a Propriedade Predial e Territorial Urbana - Dívida Ativa - Multas e Juros de Mora da Dívida Ativa;Lançamento de Receita;10.114,74;500;Recursos não vinculados de Impostos;"Não ";Não Aplicável
Bayeux;201025;Prefeitura Municipal de Bayeux;042025;2025;11125004;Imposto sobre a Propriedade Predial e Territorial Urbana - Dívida Ativa - Multas e Juros de Mora da Dívida Ativa;Lançamento de Receita;1.334,09;500;Recursos não vinculados de Impostos;1002;Identificação das despesas com ações e serviços públicos de saúde
Bayeux;201025;Prefeitura Municipal de Bayeux;042025;2025;11125004;Imposto sobre a Propriedade Predial e Territorial Urbana - Dívida Ativa - Multas e Juros de Mora da Dívida Ativa;Lançamento de Receita;2.223,5;500;Recursos não vinculados de Impostos;1001;Identificação das despesas com manutenção e desenvolvimento do ensino
Bayeux;201025;Prefeitura Municipal de Bayeux;042025;2025;11125004;Imposto sobre a Propriedade Predial e Territorial Urbana - Dívida Ativa - Multas e Juros de Mora da Dívida Ativa;Lançamento de Receita;5.336,39;500;Recursos não vinculados de Impostos;"Não ";Não Aplicável
Bayeux;201025;Prefeitura Municipal de Bayeux;032025;2025;11125004;Imposto sobre a Propriedade Predial e Territorial Urbana - Dívida Ativa - Multas e Juros de Mora da Dívida Ativa;Lançamento de Receita;6.583,16;500;Recursos não vinculados de Impostos;"Não ";Não Aplicável
Bayeux;201025;Prefeitura Municipal de Bayeux;032025;2025;11125004;Imposto sobre a Propriedade Predial e Territorial Urbana - Dívida Ativa - Multas e Juros de Mora da Dívida Ativa;Lançamento de Receita;1.645,78;500;Recursos não vinculados de Impostos;1002;Identificação das despesas com ações e serviços públicos de saúde
Bayeux;201025;Prefeitura Municipal de Bayeux;032025;2025;11125004;Imposto sobre a Propriedade Predial e Territorial Urbana - Dívida Ativa - Multas e Juros de Mora da Dívida Ativa;Lançamento de Receita;2.742,98;500;Recursos não vinculados de Impostos;1001;Identificação das despesas com manutenção e desenvolvimento do ensino
Bayeux;201025;Prefeitura Municipal de Bayeux;022025;2025;11125004;Imposto sobre a Propriedade Predial e Territorial Urbana - Dívida Ativa - Multas e Juros de Mora da Dívida Ativa;Lançamento de Receita;5.044,16;500;Recursos não vinculados de Impostos;1002;Identificação das despesas com ações e serviços públicos de saúde
Bayeux;201025;Prefeitura Municipal de Bayeux;022025;2025;11125004;Imposto sobre a Propriedade Predial e Territorial Urbana - Dívida Ativa - Multas e Juros de Mora da Dívida Ativa;Lançamento de Receita;20.176,64;500;Recursos não vinculados de Impostos;"Não ";Não Aplicável
Bayeux;201025;Prefeitura Municipal de Bayeux;022025;2025;11125004;Imposto sobre a Propriedade Predial e Territorial Urbana - Dívida Ativa - Multas e Juros de Mora da Dívida Ativa;Lançamento de Receita;8.406,93;500;Recursos não vinculados de Impostos;1001;Identificação das despesas com manutenção e desenvolvimento do ensino
Bayeux;201025;Prefeitura Municipal de Bayeux;012025;2025;11125004;Imposto sobre a Propriedade Predial e Territorial Urbana - Dívida Ativa - Multas e Juros de Mora da Dívida Ativa;Lançamento de Receita;6.921,99;500;Recursos não vinculados de Impostos;1001;Identificação das despesas com manutenção e desenvolvimento do ensino
Bayeux;201025;Prefeitura Municipal de Bayeux;012025;2025;11125004;Imposto sobre a Propriedade Predial e Territorial Urbana - Dívida Ativa - Multas e Juros de Mora da Dívida Ativa;Lançamento de Receita;4.153,19;500;Recursos não vinculados de Impostos;1002;Identificação das despesas com ações e serviços públicos de saúde
Bayeux;201025;Prefeitura Municipal de Bayeux;012025;2025;11125004;Imposto sobre a Propriedade Predial e Territorial Urbana - Dívida Ativa - Multas e Juros de Mora da Dívida Ativa;Lançamento de Receita;16.612,77;500;Recursos não vinculados de Impostos;"Não ";Não Aplicável
Bayeux;201025;Prefeitura Municipal de Bayeux;092025;2025;11125003;Imposto sobre a Propriedade Predial e Territorial Urbana - Dívida Ativa;Lançamento de Receita;13.040,2;500;Recursos não vinculados de Impostos;1001;Identificação das despesas com manutenção e desenvolvimento do ensino
Bayeux;201025;Prefeitura Municipal de Bayeux;092025;2025;11125003;Imposto sobre a Propriedade Predial e Territorial Urbana - Dívida Ativa;Lançamento de Receita;7.824,12;500;Recursos não vinculados de Impostos;1002;Identificação das despesas com ações e serviços públicos de saúde
Bayeux;201025;Prefeitura Municipal de Bayeux;092025;2025;11125003;Imposto sobre a Propriedade Predial e Territorial Urbana - Dívida Ativa;Lançamento de Receita;31.296,47;500;Recursos não vinculados de Impostos;"Não ";Não Aplicável
Bayeux;201025;Prefeitura Municipal de Bayeux;082025;2025;11125003;Imposto sobre a Propriedade Predial e Territorial Urbana - Dívida Ativa;Lançamento de Receita;6.532;500;Recursos não vinculados de Impostos;1001;Identificação das despesas com manutenção e desenvolvimento do ensino
Bayeux;201025;Prefeitura Municipal de Bayeux;082025;2025;11125003;Imposto sobre a Propriedade Predial e Territorial Urbana - Dívida Ativa;Lançamento de Receita;15.676,79;500;Recursos não vinculados de Impostos;"Não ";Não Aplicável
Bayeux;201025;Prefeitura Municipal de Bayeux;082025;2025;11125003;Imposto sobre a Propriedade Predial e Territorial Urbana - Dívida Ativa;Lançamento de Receita;3.919,2;500;Recursos não vinculados de Impostos;1002;Identificação das despesas com ações e serviços públicos de saúde
Bayeux;201025;Prefeitura Municipal de Bayeux;072025;2025;11125003;Imposto sobre a Propriedade Predial e Territorial Urbana - Dívida Ativa;Lançamento de Receita;13.592,27;500;Recursos não vinculados de Impostos;1001;Identificação das despesas com manutenção e desenvolvimento do ensino
Bayeux;201025;Prefeitura Municipal de Bayeux;072025;2025;11125003;Imposto sobre a Propriedade Predial e Territorial Urbana - Dívida Ativa;Lançamento de Receita;32.621,47;500;Recursos não vinculados de Impostos;"Não ";Não Aplicável
Bayeux;201025;Prefeitura Municipal de Bayeux;072025;2025;11125003;Imposto sobre a Propriedade Predial e Territorial Urbana - Dívida Ativa;Lançamento de Receita;8.155,38;500;Recursos não vinculados de Impostos;1002;Identificação das despesas com ações e serviços públicos de saúde
Bayeux;201025;Prefeitura Municipal de Bayeux;062025;2025;11125003;Imposto sobre a Propriedade Predial e Territorial Urbana - Dívida Ativa;Lançamento de Receita;16.458,32;500;Recursos não vinculados de Impostos;1002;Identificação das despesas com ações e serviços públicos de saúde
Bayeux;201025;Prefeitura Municipal de Bayeux;062025;2025;11125003;Imposto sobre a Propriedade Predial e Territorial Urbana - Dívida Ativa;Lançamento de Receita;27.430,51;500;Recursos não vinculados de Impostos;1001;Identificação das despesas com manutenção e desenvolvimento do ensino
Bayeux;201025;Prefeitura Municipal de Bayeux;062025;2025;11125003;Imposto sobre a Propriedade Predial e Territorial Urbana - Dívida Ativa;Lançamento de Receita;65.833,23;500;Recursos não vinculados de Impostos;"Não ";Não Aplicável
Bayeux;201025;Prefeitura Municipal de Bayeux;052025;2025;11125003;Imposto sobre a Propriedade Predial e Territorial Urbana - Dívida Ativa;Lançamento de Receita;15.411,58;500;Recursos não vinculados de Impostos;1002;Identificação das despesas com ações e serviços públicos de saúde
Bayeux;201025;Prefeitura Municipal de Bayeux;052025;2025;11125003;Imposto sobre a Propriedade Predial e Territorial Urbana - Dívida Ativa;Lançamento de Receita;25.685,96;500;Recursos não vinculados de Impostos;1001;Identificação das despesas com manutenção e desenvolvimento do ensino
Bayeux;201025;Prefeitura Municipal de Bayeux;052025;2025;11125003;Imposto sobre a Propriedade Predial e Territorial Urbana - Dívida Ativa;Lançamento de Receita;61.646,32;500;Recursos não vinculados de Impostos;"Não ";Não Aplicável
Bayeux;201025;Prefeitura Municipal de Bayeux;042025;2025;11125003;Imposto sobre a Propriedade Predial e Territorial Urbana - Dívida Ativa;Lançamento de Receita;19.971,85;500;Recursos não vinculados de Impostos;1002;Identificação das despesas com ações e serviços públicos de saúde
Bayeux;201025;Prefeitura Municipal de Bayeux;042025;2025;11125003;Imposto sobre a Propriedade Predial e Territorial Urbana - Dívida Ativa;Lançamento de Receita;79.887,41;500;Recursos não vinculados de Impostos;"Não ";Não Aplicável
Bayeux;201025;Prefeitura Municipal de Bayeux;042025;2025;11125003;Imposto sobre a Propriedade Predial e Territorial Urbana - Dívida Ativa;Lançamento de Receita;33.286,43;500;Recursos não vinculados de Impostos;1001;Identificação das despesas com manutenção e desenvolvimento do ensino
Bayeux;201025;Prefeitura Municipal de Bayeux;032025;2025;11125003;Imposto sobre a Propriedade Predial e Territorial Urbana - Dívida Ativa;Lançamento de Receita;17.812,01;500;Recursos não vinculados de Impostos;1002;Identificação das despesas com ações e serviços públicos de saúde
Bayeux;201025;Prefeitura Municipal de Bayeux;032025;2025;11125003;Imposto sobre a Propriedade Predial e Territorial Urbana - Dívida Ativa;Lançamento de Receita;29.686,69;500;Recursos não vinculados de Impostos;1001;Identificação das despesas com manutenção e desenvolvimento do ensino
Bayeux;201025;Prefeitura Municipal de Bayeux;032025;2025;11125003;Imposto sobre a Propriedade Predial e Territorial Urbana - Dívida Ativa;Lançamento de Receita;71.248,05;500;Recursos não vinculados de Impostos;"Não ";Não Aplicável
Bayeux;201025;Prefeitura Municipal de Bayeux;022025;2025;11125003;Imposto sobre a Propriedade Predial e Territorial Urbana - Dívida Ativa;Lançamento de Receita;84.169,87;500;Recursos não vinculados de Impostos;"Não ";Não Aplicável
Bayeux;201025;Prefeitura Municipal de Bayeux;022025;2025;11125003;Imposto sobre a Propriedade Predial e Territorial Urbana - Dívida Ativa;Lançamento de Receita;35.070,79;500;Recursos não vinculados de Impostos;1001;Identificação das despesas com manutenção e desenvolvimento do ensino
Bayeux;201025;Prefeitura Municipal de Bayeux;022025;2025;11125003;Imposto sobre a Propriedade Predial e Territorial Urbana - Dívida Ativa;Lançamento de Receita;21.042,47;500;Recursos não vinculados de Impostos;1002;Identificação das despesas com ações e serviços públicos de saúde
Bayeux;201025;Prefeitura Municipal de Bayeux;012025;2025;11125003;Imposto sobre a Propriedade Predial e Territorial Urbana - Dívida Ativa;Lançamento de Receita;13.406,55;500;Recursos não vinculados de Impostos;1002;Identificação das despesas com ações e serviços públicos de saúde
Bayeux;201025;Prefeitura Municipal de Bayeux;012025;2025;11125003;Imposto sobre a Propriedade Predial e Territorial Urbana - Dívida Ativa;Lançamento de Receita;22.344,25;500;Recursos não vinculados de Impostos;1001;Identificação das despesas com manutenção e desenvolvimento do ensino
Bayeux;201025;Prefeitura Municipal de Bayeux;012025;2025;11125003;Imposto sobre a Propriedade Predial e Territorial Urbana - Dívida Ativa;Lançamento de Receita;53.626,21;500;Recursos não vinculados de Impostos;"Não ";Não Aplicável
Bayeux;201025;Prefeitura Municipal de Bayeux;092025;2025;11125002;Imposto sobre a Propriedade Predial e Territorial Urbana - Multas e Juros de Mora;Lançamento de Receita;705,48;500;Recursos não vinculados de Impostos;1001;Identificação das despesas com manutenção e desenvolvimento do ensino
Bayeux;201025;Prefeitura Municipal de Bayeux;092025;2025;11125002;Imposto sobre a Propriedade Predial e Territorial Urbana - Multas e Juros de Mora;Lançamento de Receita;1.693,15;500;Recursos não vinculados de Impostos;"Não ";Não Aplicável
Bayeux;201025;Prefeitura Municipal de Bayeux;092025;2025;11125002;Imposto sobre a Propriedade Predial e Territorial Urbana - Multas e Juros de Mora;Lançamento de Receita;423,28;500;Recursos não vinculados de Impostos;1002;Identificação das despesas com ações e serviços públicos de saúde
Bayeux;201025;Prefeitura Municipal de Bayeux;082025;2025;11125002;Imposto sobre a Propriedade Predial e Territorial Urbana - Multas e Juros de Mora;Lançamento de Receita;63,16;500;Recursos não vinculados de Impostos;1001;Identificação das despesas com manutenção e desenvolvimento do ensino
Bayeux;201025;Prefeitura Municipal de Bayeux;082025;2025;11125002;Imposto sobre a Propriedade Predial e Territorial Urbana - Multas e Juros de Mora;Lançamento de Receita;151,57;500;Recursos não vinculados de Impostos;"Não ";Não Aplicável
Bayeux;201025;Prefeitura Municipal de Bayeux;082025;2025;11125002;Imposto sobre a Propriedade Predial e Territorial Urbana - Multas e Juros de Mora;Lançamento de Receita;37,89;500;Recursos não vinculados de Impostos;1002;Identificação das despesas com ações e serviços públicos de saúde
Bayeux;201025;Prefeitura Municipal de Bayeux;072025;2025;11125002;Imposto sobre a Propriedade Predial e Territorial Urbana - Multas e Juros de Mora;Lançamento de Receita;424,44;500;Recursos não vinculados de Impostos;"Não ";Não Aplicável
Bayeux;201025;Prefeitura Municipal de Bayeux;072025;2025;11125002;Imposto sobre a Propriedade Predial e Territorial Urbana - Multas e Juros de Mora;Lançamento de Receita;176,85;500;Recursos não vinculados de Impostos;1001;Identificação das despesas com manutenção e desenvolvimento do ensino
Bayeux;201025;Prefeitura Municipal de Bayeux;072025;2025;11125002;Imposto sobre a Propriedade Predial e Territorial Urbana - Multas e Juros de Mora;Lançamento de Receita;106,1;500;Recursos não vinculados de Impostos;1002;Identificação das despesas com ações e serviços públicos de saúde
Bayeux;201025;Prefeitura Municipal de Bayeux;062025;2025;11125002;Imposto sobre a Propriedade Predial e Territorial Urbana - Multas e Juros de Mora;Lançamento de Receita;138,82;500;Recursos não vinculados de Impostos;1001;Identificação das despesas com manutenção e desenvolvimento do ensino
Bayeux;201025;Prefeitura Municipal de Bayeux;062025;2025;11125002;Imposto sobre a Propriedade Predial e Territorial Urbana - Multas e Juros de Mora;Lançamento de Receita;83,29;500;Recursos não vinculados de Impostos;1002;Identificação das despesas com ações e serviços públicos de saúde
Bayeux;201025;Prefeitura Municipal de Bayeux;062025;2025;11125002;Imposto sobre a Propriedade Predial e Territorial Urbana - Multas e Juros de Mora;Lançamento de Receita;333,17;500;Recursos não vinculados de Impostos;"Não ";Não Aplicável
Bayeux;201025;Prefeitura Municipal de Bayeux;052025;2025;11125002;Imposto sobre a Propriedade Predial e Territorial Urbana - Multas e Juros de Mora;Lançamento de Receita;279,83;500;Recursos não vinculados de Impostos;1001;Identificação das despesas com manutenção e desenvolvimento do ensino
Bayeux;201025;Prefeitura Municipal de Bayeux;052025;2025;11125002;Imposto sobre a Propriedade Predial e Territorial Urbana - Multas e Juros de Mora;Lançamento de Receita;671,58;500;Recursos não vinculados de Impostos;"Não ";Não Aplicável
Bayeux;201025;Prefeitura Municipal de Bayeux;052025;2025;11125002;Imposto sobre a Propriedade Predial e Territorial Urbana - Multas e Juros de Mora;Lançamento de Receita;167,89;500;Recursos não vinculados de Impostos;1002;Identificação das despesas com ações e serviços públicos de saúde
Bayeux;201025;Prefeitura Municipal de Bayeux;042025;2025;11125002;Imposto sobre a Propriedade Predial e Territorial Urbana - Multas e Juros de Mora;Lançamento de Receita;45,2;500;Recursos não vinculados de Impostos;1002;Identificação das despesas com ações e serviços públicos de saúde
Bayeux;201025;Prefeitura Municipal de Bayeux;042025;2025;11125002;Imposto sobre a Propriedade Predial e Territorial Urbana - Multas e Juros de Mora;Lançamento de Receita;75,34;500;Recursos não vinculados de Impostos;1001;Identificação das despesas com manutenção e desenvolvimento do ensino
Bayeux;201025;Prefeitura Municipal de Bayeux;042025;2025;11125002;Imposto sobre a Propriedade Predial e Territorial Urbana - Multas e Juros de Mora;Lançamento de Receita;180,8;500;Recursos não vinculados de Impostos;"Não ";Não Aplicável
Bayeux;201025;Prefeitura Municipal de Bayeux;032025;2025;11125002;Imposto sobre a Propriedade Predial e Territorial Urbana - Multas e Juros de Mora;Lançamento de Receita;484,87;500;Recursos não vinculados de Impostos;1001;Identificação das despesas com manutenção e desenvolvimento do ensino
Bayeux;201025;Prefeitura Municipal de Bayeux;032025;2025;11125002;Imposto sobre a Propriedade Predial e Territorial Urbana - Multas e Juros de Mora;Lançamento de Receita;1.163,68;500;Recursos não vinculados de Impostos;"Não ";Não Aplicável
Bayeux;201025;Prefeitura Municipal de Bayeux;032025;2025;11125002;Imposto sobre a Propriedade Predial e Territorial Urbana - Multas e Juros de Mora;Lançamento de Receita;290,91;500;Recursos não vinculados de Impostos;1002;Identificação das despesas com ações e serviços públicos de saúde
Bayeux;201025;Prefeitura Municipal de Bayeux;022025;2025;11125002;Imposto sobre a Propriedade Predial e Territorial Urbana - Multas e Juros de Mora;Lançamento de Receita;175,76;500;Recursos não vinculados de Impostos;"Não ";Não Aplicável
Bayeux;201025;Prefeitura Municipal de Bayeux;022025;2025;11125002;Imposto sobre a Propriedade Predial e Territorial Urbana - Multas e Juros de Mora;Lançamento de Receita;43,94;500;Recursos não vinculados de Impostos;1002;Identificação das despesas com ações e serviços públicos de saúde
Bayeux;201025;Prefeitura Municipal de Bayeux;022025;2025;11125002;Imposto sobre a Propriedade Predial e Territorial Urbana - Multas e Juros de Mora;Lançamento de Receita;73,23;500;Recursos não vinculados de Impostos;1001;Identificação das despesas com manutenção e desenvolvimento do ensino
Bayeux;201025;Prefeitura Municipal de Bayeux;012025;2025;11125002;Imposto sobre a Propriedade Predial e Territorial Urbana - Multas e Juros de Mora;Lançamento de Receita;549,41;500;Recursos não vinculados de Impostos;"Não ";Não Aplicável
Bayeux;201025;Prefeitura Municipal de Bayeux;012025;2025;11125002;Imposto sobre a Propriedade Predial e Territorial Urbana - Multas e Juros de Mora;Lançamento de Receita;228,92;500;Recursos não vinculados de Impostos;1001;Identificação das despesas com manutenção e desenvolvimento do ensino
Bayeux;201025;Prefeitura Municipal de Bayeux;012025;2025;11125002;Imposto sobre a Propriedade Predial e Territorial Urbana - Multas e Juros de Mora;Lançamento de Receita;137,35;500;Recursos não vinculados de Impostos;1002;Identificação das despesas com ações e serviços públicos de saúde
Bayeux;201025;Prefeitura Municipal de Bayeux;122025;2025;11125001;Imposto sobre a Propriedade Predial e Territorial Urbana - Principal;Lançamento de Receita;7.693,61;500;Recursos não vinculados de Impostos;"Não ";Não Aplicável
Bayeux;201025;Prefeitura Municipal de Bayeux;122025;2025;11125001;Imposto sobre a Propriedade Predial e Territorial Urbana - Principal;Lançamento de Receita;3.205,66;500;Recursos não vinculados de Impostos;1001;Identificação das despesas com manutenção e desenvolvimento do ensino
Bayeux;201025;Prefeitura Municipal de Bayeux;122025;2025;11125001;Imposto sobre a Propriedade Predial e Territorial Urbana - Principal;Lançamento de Receita;1.923,4;500;Recursos não vinculados de Impostos;1002;Identificação das despesas com ações e serviços públicos de saúde
Bayeux;201025;Prefeitura Municipal de Bayeux;112025;2025;11125001;Imposto sobre a Propriedade Predial e Territorial Urbana - Principal;Lançamento de Receita;6.040,77;500;Recursos não vinculados de Impostos;"Não ";Não Aplicável
Bayeux;201025;Prefeitura Municipal de Bayeux;112025;2025;11125001;Imposto sobre a Propriedade Predial e Territorial Urbana - Principal;Lançamento de Receita;1.510,19;500;Recursos não vinculados de Impostos;1002;Identificação das despesas com ações e serviços públicos de saúde
Bayeux;201025;Prefeitura Municipal de Bayeux;112025;2025;11125001;Imposto sobre a Propriedade Predial e Territorial Urbana - Principal;Lançamento de Receita;2.516,98;500;Recursos não vinculados de Impostos;1001;Identificação das despesas com manutenção e desenvolvimento do ensino
Bayeux;201025;Prefeitura Municipal de Bayeux;102025;2025;11125001;Imposto sobre a Propriedade Predial e Territorial Urbana - Principal;Lançamento de Receita;5.948;500;Recursos não vinculados de Impostos;1001;Identificação das despesas com manutenção e desenvolvimento do ensino
Bayeux;201025;Prefeitura Municipal de Bayeux;102025;2025;11125001;Imposto sobre a Propriedade Predial e Territorial Urbana - Principal;Lançamento de Receita;14.275,21;500;Recursos não vinculados de Impostos;"Não ";Não Aplicável
Bayeux;201025;Prefeitura Municipal de Bayeux;102025;2025;11125001;Imposto sobre a Propriedade Predial e Territorial Urbana - Principal;Lançamento de Receita;3.568,79;500;Recursos não vinculados de Impostos;1002;Identificação das despesas com ações e serviços públicos de saúde
Bayeux;201025;Prefeitura Municipal de Bayeux;092025;2025;11125001;Imposto sobre a Propriedade Predial e Territorial Urbana - Principal;Lançamento de Receita;19.323,88;500;Recursos não vinculados de Impostos;1001;Identificação das despesas com manutenção e desenvolvimento do ensino
Bayeux;201025;Prefeitura Municipal de Bayeux;092025;2025;11125001;Imposto sobre a Propriedade Predial e Territorial Urbana - Principal;Lançamento de Receita;46.377,31;500;Recursos não vinculados de Impostos;"Não ";Não Aplicável
Bayeux;201025;Prefeitura Municipal de Bayeux;092025;2025;11125001;Imposto sobre a Propriedade Predial e Territorial Urbana - Principal;Lançamento de Receita;11.594,32;500;Recursos não vinculados de Impostos;1002;Identificação das despesas com ações e serviços públicos de saúde
Bayeux;201025;Prefeitura Municipal de Bayeux;082025;2025;11125001;Imposto sobre a Propriedade Predial e Territorial Urbana - Principal;Lançamento de Receita;6.466,9;500;Recursos não vinculados de Impostos;1001;Identificação das despesas com manutenção e desenvolvimento do ensino
Bayeux;201025;Prefeitura Municipal de Bayeux;082025;2025;11125001;Imposto sobre a Propriedade Predial e Territorial Urbana - Principal;Lançamento de Receita;3.880,14;500;Recursos não vinculados de Impostos;1002;Identificação das despesas com ações e serviços públicos de saúde
Bayeux;201025;Prefeitura Municipal de Bayeux;082025;2025;11125001;Imposto sobre a Propriedade Predial e Territorial Urbana - Principal;Lançamento de Receita;15.520,57;500;Recursos não vinculados de Impostos;"Não ";Não Aplicável
Bayeux;201025;Prefeitura Municipal de Bayeux;072025;2025;11125001;Imposto sobre a Propriedade Predial e Territorial Urbana - Principal;Lançamento de Receita;16.809,04;500;Recursos não vinculados de Impostos;1002;Identificação das despesas com ações e serviços públicos de saúde
Bayeux;201025;Prefeitura Municipal de Bayeux;072025;2025;11125001;Imposto sobre a Propriedade Predial e Territorial Urbana - Principal;Lançamento de Receita;67.236,14;500;Recursos não vinculados de Impostos;"Não ";Não Aplicável
Bayeux;201025;Prefeitura Municipal de Bayeux;072025;2025;11125001;Imposto sobre a Propriedade Predial e Territorial Urbana - Principal;Lançamento de Receita;28.015,05;500;Recursos não vinculados de Impostos;1001;Identificação das despesas com manutenção e desenvolvimento do ensino
Bayeux;201025;Prefeitura Municipal de Bayeux;062025;2025;11125001;Imposto sobre a Propriedade Predial e Territorial Urbana - Principal;Lançamento de Receita;497.697,76;500;Recursos não vinculados de Impostos;"Não ";Não Aplicável
Bayeux;201025;Prefeitura Municipal de Bayeux;062025;2025;11125001;Imposto sobre a Propriedade Predial e Territorial Urbana - Principal;Lançamento de Receita;207.374,07;500;Recursos não vinculados de Impostos;1001;Identificação das despesas com manutenção e desenvolvimento do ensino
Bayeux;201025;Prefeitura Municipal de Bayeux;062025;2025;11125001;Imposto sobre a Propriedade Predial e Territorial Urbana - Principal;Lançamento de Receita;124.424,44;500;Recursos não vinculados de Impostos;1002;Identificação das despesas com ações e serviços públicos de saúde
Bayeux;201025;Prefeitura Municipal de Bayeux;052025;2025;11125001;Imposto sobre a Propriedade Predial e Territorial Urbana - Principal;Lançamento de Receita;86.216,56;500;Recursos não vinculados de Impostos;1001;Identificação das despesas com manutenção e desenvolvimento do ensino
Bayeux;201025;Prefeitura Municipal de Bayeux;052025;2025;11125001;Imposto sobre a Propriedade Predial e Territorial Urbana - Principal;Lançamento de Receita;51.729,93;500;Recursos não vinculados de Impostos;1002;Identificação das despesas com ações e serviços públicos de saúde
Bayeux;201025;Prefeitura Municipal de Bayeux;052025;2025;11125001;Imposto sobre a Propriedade Predial e Territorial Urbana - Principal;Lançamento de Receita;206.919,75;500;Recursos não vinculados de Impostos;"Não ";Não Aplicável
Bayeux;201025;Prefeitura Municipal de Bayeux;042025;2025;11125001;Imposto sobre a Propriedade Predial e Territorial Urbana - Principal;Lançamento de Receita;13.320,67;500;Recursos não vinculados de Impostos;"Não ";Não Aplicável
Bayeux;201025;Prefeitura Municipal de Bayeux;042025;2025;11125001;Imposto sobre a Propriedade Predial e Territorial Urbana - Principal;Lançamento de Receita;3.330,17;500;Recursos não vinculados de Impostos;1002;Identificação das despesas com ações e serviços públicos de saúde
Bayeux;201025;Prefeitura Municipal de Bayeux;042025;2025;11125001;Imposto sobre a Propriedade Predial e Territorial Urbana - Principal;Lançamento de Receita;5.550,28;500;Recursos não vinculados de Impostos;1001;Identificação das despesas com manutenção e desenvolvimento do ensino
Bayeux;201025;Prefeitura Municipal de Bayeux;032025;2025;11125001;Imposto sobre a Propriedade Predial e Territorial Urbana - Principal;Lançamento de Receita;5.130,16;500;Recursos não vinculados de Impostos;1001;Identificação das despesas com manutenção e desenvolvimento do ensino
Bayeux;201025;Prefeitura Municipal de Bayeux;032025;2025;11125001;Imposto sobre a Propriedade Predial e Territorial Urbana - Principal;Lançamento de Receita;12.312,4;500;Recursos não vinculados de Impostos;"Não ";Não Aplicável
Bayeux;201025;Prefeitura Municipal de Bayeux;032025;2025;11125001;Imposto sobre a Propriedade Predial e Territorial Urbana - Principal;Lançamento de Receita;3.078,11;500;Recursos não vinculados de Impostos;1002;Identificação das despesas com ações e serviços públicos de saúde
Bayeux;201025;Prefeitura Municipal de Bayeux;022025;2025;11125001;Imposto sobre a Propriedade Predial e Territorial Urbana - Principal;Lançamento de Receita;832,96;500;Recursos não vinculados de Impostos;"Não ";Não Aplicável
Bayeux;201025;Prefeitura Municipal de Bayeux;022025;2025;11125001;Imposto sobre a Propriedade Predial e Territorial Urbana - Principal;Lançamento de Receita;347,07;500;Recursos não vinculados de Impostos;1001;Identificação das despesas com manutenção e desenvolvimento do ensino
Bayeux;201025;Prefeitura Municipal de Bayeux;022025;2025;11125001;Imposto sobre a Propriedade Predial e Territorial Urbana - Principal;Lançamento de Receita;208,25;500;Recursos não vinculados de Impostos;1002;Identificação das despesas com ações e serviços públicos de saúde
Bayeux;201025;Prefeitura Municipal de Bayeux;012025;2025;11125001;Imposto sobre a Propriedade Predial e Territorial Urbana - Principal;Lançamento de Receita;2.722,34;500;Recursos não vinculados de Impostos;"Não ";Não Aplicável
Bayeux;201025;Prefeitura Municipal de Bayeux;012025;2025;11125001;Imposto sobre a Propriedade Predial e Territorial Urbana - Principal;Lançamento de Receita;680,59;500;Recursos não vinculados de Impostos;1002;Identificação das despesas com ações e serviços públicos de saúde
Bayeux;201025;Prefeitura Municipal de Bayeux;012025;2025;11125001;Imposto sobre a Propriedade Predial e Territorial Urbana - Principal;Lançamento de Receita;1.134,31;500;Recursos não vinculados de Impostos;1001;Identificação das despesas com manutenção e desenvolvimento do ensino
Bayeux;301025;Instituto de Prev. e Assistência dos Serv. Pub. do Mun. de Bayeux;122025;2025;72150211;Contribuição Patronal - Servidor Civil Ativo - Principal;Lançamento de Receita;4.730.323,8;802;Recursos vinculados ao RPPS - Taxa de Administração;"Não ";Não Aplicável
Bayeux;301025;Instituto de Prev. e Assistência dos Serv. Pub. do Mun. de Bayeux;112025;2025;72150211;Contribuição Patronal - Servidor Civil Ativo - Principal;Lançamento de Receita;3.010.725,82;802;Recursos vinculados ao RPPS - Taxa de Administração;"Não ";Não Aplicável
Bayeux;301025;Instituto de Prev. e Assistência dos Serv. Pub. do Mun. de Bayeux;102025;2025;72150211;Contribuição Patronal - Servidor Civil Ativo - Principal;Lançamento de Receita;2.760.179,07;802;Recursos vinculados ao RPPS - Taxa de Administração;"Não ";Não Aplicável
Bayeux;301025;Instituto de Prev. e Assistência dos Serv. Pub. do Mun. de Bayeux;092025;2025;72150211;Contribuição Patronal - Servidor Civil Ativo - Principal;Lançamento de Receita;2.063.834,34;802;Recursos vinculados ao RPPS - Taxa de Administração;"Não ";Não Aplicável
Bayeux;301025;Instituto de Prev. e Assistência dos Serv. Pub. do Mun. de Bayeux;082025;2025;72150211;Contribuição Patronal - Servidor Civil Ativo - Principal;Lançamento de Receita;2.404.948,41;802;Recursos vinculados ao RPPS - Taxa de Administração;"Não ";Não Aplicável
Bayeux;301025;Instituto de Prev. e Assistência dos Serv. Pub. do Mun. de Bayeux;072025;2025;72150211;Contribuição Patronal - Servidor Civil Ativo - Principal;Lançamento de Receita;3.785.329,64;802;Recursos vinculados ao RPPS - Taxa de Administração;"Não ";Não Aplicável
Bayeux;301025;Instituto de Prev. e Assistência dos Serv. Pub. do Mun. de Bayeux;062025;2025;72150211;Contribuição Patronal - Servidor Civil Ativo - Principal;Lançamento de Receita;1.230.004,7;802;Recursos vinculados ao RPPS - Taxa de Administração;"Não ";Não Aplicável
Bayeux;301025;Instituto de Prev. e Assistência dos Serv. Pub. do Mun. de Bayeux;052025;2025;72150211;Contribuição Patronal - Servidor Civil Ativo - Principal;Lançamento de Receita;1.669.987,74;800;Recursos vinculados ao RPPS - Fundo em Capitalização (Plano Previdenciário);1111;Benefícios previdenciários - Poder Executivo – Fundo em Capitalização (Plano Previdenciário)
Bayeux;301025;Instituto de Prev. e Assistência dos Serv. Pub. do Mun. de Bayeux;052025;2025;72150211;Contribuição Patronal - Servidor Civil Ativo - Principal;Lançamento de Receita;2.746.930,42;802;Recursos vinculados ao RPPS - Taxa de Administração;"Não ";Não Aplicável
Bayeux;301025;Instituto de Prev. e Assistência dos Serv. Pub. do Mun. de Bayeux;042025;2025;72150211;Contribuição Patronal - Servidor Civil Ativo - Principal;Lançamento de Receita;179.572,55;802;Recursos vinculados ao RPPS - Taxa de Administração;"Não ";Não Aplicável
Bayeux;301025;Instituto de Prev. e Assistência dos Serv. Pub. do Mun. de Bayeux;032025;2025;72150211;Contribuição Patronal - Servidor Civil Ativo - Principal;Lançamento de Receita;4.346.218,01;802;Recursos vinculados ao RPPS - Taxa de Administração;"Não ";Não Aplicável
Bayeux;301025;Instituto de Prev. e Assistência dos Serv. Pub. do Mun. de Bayeux;022025;2025;72150211;Contribuição Patronal - Servidor Civil Ativo - Principal;Lançamento de Receita;4.504.793,54;802;Recursos vinculados ao RPPS - Taxa de Administração;"Não ";Não Aplicável
Bayeux;301025;Instituto de Prev. e Assistência dos Serv. Pub. do Mun. de Bayeux;012025;2025;72150211;Contribuição Patronal - Servidor Civil Ativo - Principal;Lançamento de Receita;4.199.106,76;802;Recursos vinculados ao RPPS - Taxa de Administração;"Não ";Não Aplicável
Bayeux;301025;Instituto de Prev. e Assistência dos Serv. Pub. do Mun. de Bayeux;122025;2025;19990301;Compensações Financeiras entre os Regimes de Previdência - Principal;Lançamento de Receita;160.265,77;800;Recursos vinculados ao RPPS - Fundo em Capitalização (Plano Previdenciário);1111;Benefícios previdenciários - Poder Executivo – Fundo em Capitalização (Plano Previdenciário)
Bayeux;301025;Instituto de Prev. e Assistência dos Serv. Pub. do Mun. de Bayeux;112025;2025;19990301;Compensações Financeiras entre os Regimes de Previdência - Principal;Lançamento de Receita;61.844,89;800;Recursos vinculados ao RPPS - Fundo em Capitalização (Plano Previdenciário);1111;Benefícios previdenciários - Poder Executivo – Fundo em Capitalização (Plano Previdenciário)
Bayeux;301025;Instituto de Prev. e Assistência dos Serv. Pub. do Mun. de Bayeux;102025;2025;19990301;Compensações Financeiras entre os Regimes de Previdência - Principal;Lançamento de Receita;61.501,23;800;Recursos vinculados ao RPPS - Fundo em Capitalização (Plano Previdenciário);1111;Benefícios previdenciários - Poder Executivo – Fundo em Capitalização (Plano Previdenciário)
Bayeux;301025;Instituto de Prev. e Assistência dos Serv. Pub. do Mun. de Bayeux;092025;2025;19990301;Compensações Financeiras entre os Regimes de Previdência - Principal;Lançamento de Receita;61.316,76;800;Recursos vinculados ao RPPS - Fundo em Capitalização (Plano Previdenciário);1111;Benefícios previdenciários - Poder Executivo – Fundo em Capitalização (Plano Previdenciário)
Bayeux;301025;Instituto de Prev. e Assistência dos Serv. Pub. do Mun. de Bayeux;082025;2025;19990301;Compensações Financeiras entre os Regimes de Previdência - Principal;Lançamento de Receita;61.316,76;800;Recursos vinculados ao RPPS - Fundo em Capitalização (Plano Previdenciário);1111;Benefícios previdenciários - Poder Executivo – Fundo em Capitalização (Plano Previdenciário)
Bayeux;301025;Instituto de Prev. e Assistência dos Serv. Pub. do Mun. de Bayeux;072025;2025;19990301;Compensações Financeiras entre os Regimes de Previdência - Principal;Lançamento de Receita;61.316,76;800;Recursos vinculados ao RPPS - Fundo em Capitalização (Plano Previdenciário);1111;Benefícios previdenciários - Poder Executivo – Fundo em Capitalização (Plano Previdenciário)
Bayeux;301025;Instituto de Prev. e Assistência dos Serv. Pub. do Mun. de Bayeux;062025;2025;19990301;Compensações Financeiras entre os Regimes de Previdência - Principal;Lançamento de Receita;61.316,76;800;Recursos vinculados ao RPPS - Fundo em Capitalização (Plano Previdenciário);1111;Benefícios previdenciários - Poder Executivo – Fundo em Capitalização (Plano Previdenciário)
Bayeux;301025;Instituto de Prev. e Assistência dos Serv. Pub. do Mun. de Bayeux;052025;2025;19990301;Compensações Financeiras entre os Regimes de Previdência - Principal;Lançamento de Receita;61.316,76;800;Recursos vinculados ao RPPS - Fundo em Capitalização (Plano Previdenciário);1111;Benefícios previdenciários - Poder Executivo – Fundo em Capitalização (Plano Previdenciário)
Bayeux;301025;Instituto de Prev. e Assistência dos Serv. Pub. do Mun. de Bayeux;042025;2025;19990301;Compensações Financeiras entre os Regimes de Previdência - Principal;Lançamento de Receita;61.316,76;800;Recursos vinculados ao RPPS - Fundo em Capitalização (Plano Previdenciário);1111;Benefícios previdenciários - Poder Executivo – Fundo em Capitalização (Plano Previdenciário)
Bayeux;301025;Instituto de Prev. e Assistência dos Serv. Pub. do Mun. de Bayeux;032025;2025;19990301;Compensações Financeiras entre os Regimes de Previdência - Principal;Lançamento de Receita;61.316,76;800;Recursos vinculados ao RPPS - Fundo em Capitalização (Plano Previdenciário);1111;Benefícios previdenciários - Poder Executivo – Fundo em Capitalização (Plano Previdenciário)
Bayeux;301025;Instituto de Prev. e Assistência dos Serv. Pub. do Mun. de Bayeux;022025;2025;19990301;Compensações Financeiras entre os Regimes de Previdência - Principal;Lançamento de Receita;58.525,87;800;Recursos vinculados ao RPPS - Fundo em Capitalização (Plano Previdenciário);1111;Benefícios previdenciários - Poder Executivo – Fundo em Capitalização (Plano Previdenciário)
Bayeux;301025;Instituto de Prev. e Assistência dos Serv. Pub. do Mun. de Bayeux;012025;2025;19990301;Compensações Financeiras entre os Regimes de Previdência - Principal;Lançamento de Receita;58.525,87;800;Recursos vinculados ao RPPS - Fundo em Capitalização (Plano Previdenciário);1111;Benefícios previdenciários - Poder Executivo – Fundo em Capitalização (Plano Previdenciário)
Bayeux;301025;Instituto de Prev. e Assistência dos Serv. Pub. do Mun. de Bayeux;122025;2025;19229901;Outras Restituições - Principal;Lançamento de Receita;9.015,74;800;Recursos vinculados ao RPPS - Fundo em Capitalização (Plano Previdenciário);1111;Benefícios previdenciários - Poder Executivo – Fundo em Capitalização (Plano Previdenciário)
Bayeux;301025;Instituto de Prev. e Assistência dos Serv. Pub. do Mun. de Bayeux;112025;2025;19229901;Outras Restituições - Principal;Lançamento de Receita;8.085,14;800;Recursos vinculados ao RPPS - Fundo em Capitalização (Plano Previdenciário);1111;Benefícios previdenciários - Poder Executivo – Fundo em Capitalização (Plano Previdenciário)
Bayeux;301025;Instituto de Prev. e Assistência dos Serv. Pub. do Mun. de Bayeux;102025;2025;19229901;Outras Restituições - Principal;Lançamento de Receita;50.708,98;800;Recursos vinculados ao RPPS - Fundo em Capitalização (Plano Previdenciário);1111;Benefícios previdenciários - Poder Executivo – Fundo em Capitalização (Plano Previdenciário)
Bayeux;301025;Instituto de Prev. e Assistência dos Serv. Pub. do Mun. de Bayeux;092025;2025;19229901;Outras Restituições - Principal;Lançamento de Receita;7.882,94;800;Recursos vinculados ao RPPS - Fundo em Capitalização (Plano Previdenciário);1111;Benefícios previdenciários - Poder Executivo – Fundo em Capitalização (Plano Previdenciário)
Bayeux;301025;Instituto de Prev. e Assistência dos Serv. Pub. do Mun. de Bayeux;082025;2025;19229901;Outras Restituições - Principal;Lançamento de Receita;7.882,94;800;Recursos vinculados ao RPPS - Fundo em Capitalização (Plano Previdenciário);1111;Benefícios previdenciários - Poder Executivo – Fundo em Capitalização (Plano Previdenciário)
Bayeux;301025;Instituto de Prev. e Assistência dos Serv. Pub. do Mun. de Bayeux;072025;2025;19229901;Outras Restituições - Principal;Lançamento de Receita;-5.815,94;800;Recursos vinculados ao RPPS - Fundo em Capitalização (Plano Previdenciário);1111;Benefícios previdenciários - Poder Executivo – Fundo em Capitalização (Plano Previdenciário)
Bayeux;301025;Instituto de Prev. e Assistência dos Serv. Pub. do Mun. de Bayeux;062025;2025;19229901;Outras Restituições - Principal;Lançamento de Receita;21.581,82;800;Recursos vinculados ao RPPS - Fundo em Capitalização (Plano Previdenciário);1111;Benefícios previdenciários - Poder Executivo – Fundo em Capitalização (Plano Previdenciário)
Bayeux;301025;Instituto de Prev. e Assistência dos Serv. Pub. do Mun. de Bayeux;052025;2025;19229901;Outras Restituições - Principal;Lançamento de Receita;7.882,94;800;Recursos vinculados ao RPPS - Fundo em Capitalização (Plano Previdenciário);1111;Benefícios previdenciários - Poder Executivo – Fundo em Capitalização (Plano Previdenciário)
Bayeux;301025;Instituto de Prev. e Assistência dos Serv. Pub. do Mun. de Bayeux;042025;2025;19229901;Outras Restituições - Principal;Lançamento de Receita;7.882,94;800;Recursos vinculados ao RPPS - Fundo em Capitalização (Plano Previdenciário);1111;Benefícios previdenciários - Poder Executivo – Fundo em Capitalização (Plano Previdenciário)
Bayeux;301025;Instituto de Prev. e Assistência dos Serv. Pub. do Mun. de Bayeux;032025;2025;19229901;Outras Restituições - Principal;Lançamento de Receita;8.884,26;800;Recursos vinculados ao RPPS - Fundo em Capitalização (Plano Previdenciário);1111;Benefícios previdenciários - Poder Executivo – Fundo em Capitalização (Plano Previdenciário)
Bayeux;301025;Instituto de Prev. e Assistência dos Serv. Pub. do Mun. de Bayeux;022025;2025;19229901;Outras Restituições - Principal;Lançamento de Receita;12.248,56;800;Recursos vinculados ao RPPS - Fundo em Capitalização (Plano Previdenciário);1111;Benefícios previdenciários - Poder Executivo – Fundo em Capitalização (Plano Previdenciário)
Bayeux;301025;Instituto de Prev. e Assistência dos Serv. Pub. do Mun. de Bayeux;012025;2025;19229901;Outras Restituições - Principal;Lançamento de Receita;8.438,68;800;Recursos vinculados ao RPPS - Fundo em Capitalização (Plano Previdenciário);1111;Benefícios previdenciários - Poder Executivo – Fundo em Capitalização (Plano Previdenciário)
Bayeux;301025;Instituto de Prev. e Assistência dos Serv. Pub. do Mun. de Bayeux;122025;2025;13210401;Remuneração dos Recursos do Regime Próprio de Previdência Social - RPPS - Principal;Lançamento de Receita;1.421,31;800;Recursos vinculados ao RPPS - Fundo em Capitalização (Plano Previdenciário);1111;Benefícios previdenciários - Poder Executivo – Fundo em Capitalização (Plano Previdenciário)
Bayeux;301025;Instituto de Prev. e Assistência dos Serv. Pub. do Mun. de Bayeux;112025;2025;13210401;Remuneração dos Recursos do Regime Próprio de Previdência Social - RPPS - Principal;Lançamento de Receita;632,65;800;Recursos vinculados ao RPPS - Fundo em Capitalização (Plano Previdenciário);1111;Benefícios previdenciários - Poder Executivo – Fundo em Capitalização (Plano Previdenciário)
Bayeux;301025;Instituto de Prev. e Assistência dos Serv. Pub. do Mun. de Bayeux;102025;2025;13210401;Remuneração dos Recursos do Regime Próprio de Previdência Social - RPPS - Principal;Lançamento de Receita;705,22;800;Recursos vinculados ao RPPS - Fundo em Capitalização (Plano Previdenciário);1111;Benefícios previdenciários - Poder Executivo – Fundo em Capitalização (Plano Previdenciário)
Bayeux;301025;Instituto de Prev. e Assistência dos Serv. Pub. do Mun. de Bayeux;092025;2025;13210401;Remuneração dos Recursos do Regime Próprio de Previdência Social - RPPS - Principal;Lançamento de Receita;2.600,91;800;Recursos vinculados ao RPPS - Fundo em Capitalização (Plano Previdenciário);1111;Benefícios previdenciários - Poder Executivo – Fundo em Capitalização (Plano Previdenciário)
Bayeux;301025;Instituto de Prev. e Assistência dos Serv. Pub. do Mun. de Bayeux;082025;2025;13210401;Remuneração dos Recursos do Regime Próprio de Previdência Social - RPPS - Principal;Lançamento de Receita;8.665,12;800;Recursos vinculados ao RPPS - Fundo em Capitalização (Plano Previdenciário);1111;Benefícios previdenciários - Poder Executivo – Fundo em Capitalização (Plano Previdenciário)
Bayeux;301025;Instituto de Prev. e Assistência dos Serv. Pub. do Mun. de Bayeux;072025;2025;13210401;Remuneração dos Recursos do Regime Próprio de Previdência Social - RPPS - Principal;Lançamento de Receita;6.260,17;800;Recursos vinculados ao RPPS - Fundo em Capitalização (Plano Previdenciário);1111;Benefícios previdenciários - Poder Executivo – Fundo em Capitalização (Plano Previdenciário)
Bayeux;301025;Instituto de Prev. e Assistência dos Serv. Pub. do Mun. de Bayeux;062025;2025;13210401;Remuneração dos Recursos do Regime Próprio de Previdência Social - RPPS - Principal;Lançamento de Receita;19.272,76;800;Recursos vinculados ao RPPS - Fundo em Capitalização (Plano Previdenciário);1111;Benefícios previdenciários - Poder Executivo – Fundo em Capitalização (Plano Previdenciário)
Bayeux;301025;Instituto de Prev. e Assistência dos Serv. Pub. do Mun. de Bayeux;052025;2025;13210401;Remuneração dos Recursos do Regime Próprio de Previdência Social - RPPS - Principal;Lançamento de Receita;28.944,62;800;Recursos vinculados ao RPPS - Fundo em Capitalização (Plano Previdenciário);1111;Benefícios previdenciários - Poder Executivo – Fundo em Capitalização (Plano Previdenciário)
Bayeux;301025;Instituto de Prev. e Assistência dos Serv. Pub. do Mun. de Bayeux;042025;2025;13210401;Remuneração dos Recursos do Regime Próprio de Previdência Social - RPPS - Principal;Lançamento de Receita;58.347,16;800;Recursos vinculados ao RPPS - Fundo em Capitalização (Plano Previdenciário);1111;Benefícios previdenciários - Poder Executivo – Fundo em Capitalização (Plano Previdenciário)
Bayeux;301025;Instituto de Prev. e Assistência dos Serv. Pub. do Mun. de Bayeux;032025;2025;13210401;Remuneração dos Recursos do Regime Próprio de Previdência Social - RPPS - Principal;Lançamento de Receita;49.881,32;800;Recursos vinculados ao RPPS - Fundo em Capitalização (Plano Previdenciário);1111;Benefícios previdenciários - Poder Executivo – Fundo em Capitalização (Plano Previdenciário)
Bayeux;301025;Instituto de Prev. e Assistência dos Serv. Pub. do Mun. de Bayeux;022025;2025;13210401;Remuneração dos Recursos do Regime Próprio de Previdência Social - RPPS - Principal;Lançamento de Receita;40.191,3;800;Recursos vinculados ao RPPS - Fundo em Capitalização (Plano Previdenciário);1111;Benefícios previdenciários - Poder Executivo – Fundo em Capitalização (Plano Previdenciário)
Bayeux;301025;Instituto de Prev. e Assistência dos Serv. Pub. do Mun. de Bayeux;012025;2025;13210401;Remuneração dos Recursos do Regime Próprio de Previdência Social - RPPS - Principal;Lançamento de Receita;29.094,18;800;Recursos vinculados ao RPPS - Fundo em Capitalização (Plano Previdenciário);1111;Benefícios previdenciários - Poder Executivo – Fundo em Capitalização (Plano Previdenciário)
Bayeux;301025;Instituto de Prev. e Assistência dos Serv. Pub. do Mun. de Bayeux;122025;2025;12150111;Contribuição do Servidor Civil Ativo - Principal;Lançamento de Receita;1.473.079,11;800;Recursos vinculados ao RPPS - Fundo em Capitalização (Plano Previdenciário);1111;Benefícios previdenciários - Poder Executivo – Fundo em Capitalização (Plano Previdenciário)
Bayeux;301025;Instituto de Prev. e Assistência dos Serv. Pub. do Mun. de Bayeux;112025;2025;12150111;Contribuição do Servidor Civil Ativo - Principal;Lançamento de Receita;765.748,57;800;Recursos vinculados ao RPPS - Fundo em Capitalização (Plano Previdenciário);1111;Benefícios previdenciários - Poder Executivo – Fundo em Capitalização (Plano Previdenciário)
Bayeux;301025;Instituto de Prev. e Assistência dos Serv. Pub. do Mun. de Bayeux;112025;2025;12150111;Contribuição do Servidor Civil Ativo - Principal;Lançamento de Receita;6.176,53;800;Recursos vinculados ao RPPS - Fundo em Capitalização (Plano Previdenciário);1121;Benefícios previdenciários - Poder Legislativo – Fundo em Capitalização (Plano Previdenciário)
Bayeux;301025;Instituto de Prev. e Assistência dos Serv. Pub. do Mun. de Bayeux;102025;2025;12150111;Contribuição do Servidor Civil Ativo - Principal;Lançamento de Receita;769.391,73;800;Recursos vinculados ao RPPS - Fundo em Capitalização (Plano Previdenciário);1111;Benefícios previdenciários - Poder Executivo – Fundo em Capitalização (Plano Previdenciário)
Bayeux;301025;Instituto de Prev. e Assistência dos Serv. Pub. do Mun. de Bayeux;092025;2025;12150111;Contribuição do Servidor Civil Ativo - Principal;Lançamento de Receita;1.534.466,16;800;Recursos vinculados ao RPPS - Fundo em Capitalização (Plano Previdenciário);1111;Benefícios previdenciários - Poder Executivo – Fundo em Capitalização (Plano Previdenciário)
Bayeux;301025;Instituto de Prev. e Assistência dos Serv. Pub. do Mun. de Bayeux;082025;2025;12150111;Contribuição do Servidor Civil Ativo - Principal;Lançamento de Receita;566.688,71;800;Recursos vinculados ao RPPS - Fundo em Capitalização (Plano Previdenciário);1111;Benefícios previdenciários - Poder Executivo – Fundo em Capitalização (Plano Previdenciário)
Bayeux;301025;Instituto de Prev. e Assistência dos Serv. Pub. do Mun. de Bayeux;072025;2025;12150111;Contribuição do Servidor Civil Ativo - Principal;Lançamento de Receita;1.054.737,42;800;Recursos vinculados ao RPPS - Fundo em Capitalização (Plano Previdenciário);1111;Benefícios previdenciários - Poder Executivo – Fundo em Capitalização (Plano Previdenciário)
Bayeux;301025;Instituto de Prev. e Assistência dos Serv. Pub. do Mun. de Bayeux;062025;2025;12150111;Contribuição do Servidor Civil Ativo - Principal;Lançamento de Receita;1.055.157,99;800;Recursos vinculados ao RPPS - Fundo em Capitalização (Plano Previdenciário);1111;Benefícios previdenciários - Poder Executivo – Fundo em Capitalização (Plano Previdenciário)
Bayeux;301025;Instituto de Prev. e Assistência dos Serv. Pub. do Mun. de Bayeux;052025;2025;12150111;Contribuição do Servidor Civil Ativo - Principal;Lançamento de Receita;910.956,89;800;Recursos vinculados ao RPPS - Fundo em Capitalização (Plano Previdenciário);1111;Benefícios previdenciários - Poder Executivo – Fundo em Capitalização (Plano Previdenciário)
Bayeux;301025;Instituto de Prev. e Assistência dos Serv. Pub. do Mun. de Bayeux;042025;2025;12150111;Contribuição do Servidor Civil Ativo - Principal;Lançamento de Receita;5.985,66;800;Recursos vinculados ao RPPS - Fundo em Capitalização (Plano Previdenciário);1121;Benefícios previdenciários - Poder Legislativo – Fundo em Capitalização (Plano Previdenciário)
Bayeux;301025;Instituto de Prev. e Assistência dos Serv. Pub. do Mun. de Bayeux;042025;2025;12150111;Contribuição do Servidor Civil Ativo - Principal;Lançamento de Receita;189.696,67;800;Recursos vinculados ao RPPS - Fundo em Capitalização (Plano Previdenciário);1111;Benefícios previdenciários - Poder Executivo – Fundo em Capitalização (Plano Previdenciário)
Bayeux;301025;Instituto de Prev. e Assistência dos Serv. Pub. do Mun. de Bayeux;032025;2025;12150111;Contribuição do Servidor Civil Ativo - Principal;Lançamento de Receita;707.210,59;800;Recursos vinculados ao RPPS - Fundo em Capitalização (Plano Previdenciário);1111;Benefícios previdenciários - Poder Executivo – Fundo em Capitalização (Plano Previdenciário)
Bayeux;301025;Instituto de Prev. e Assistência dos Serv. Pub. do Mun. de Bayeux;032025;2025;12150111;Contribuição do Servidor Civil Ativo - Principal;Lançamento de Receita;6.176,7;800;Recursos vinculados ao RPPS - Fundo em Capitalização (Plano Previdenciário);1121;Benefícios previdenciários - Poder Legislativo – Fundo em Capitalização (Plano Previdenciário)
Bayeux;301025;Instituto de Prev. e Assistência dos Serv. Pub. do Mun. de Bayeux;022025;2025;12150111;Contribuição do Servidor Civil Ativo - Principal;Lançamento de Receita;205.945,67;800;Recursos vinculados ao RPPS - Fundo em Capitalização (Plano Previdenciário);1121;Benefícios previdenciários - Poder Legislativo – Fundo em Capitalização (Plano Previdenciário)
Bayeux;301025;Instituto de Prev. e Assistência dos Serv. Pub. do Mun. de Bayeux;022025;2025;12150111;Contribuição do Servidor Civil Ativo - Principal;Lançamento de Receita;578.310,44;800;Recursos vinculados ao RPPS - Fundo em Capitalização (Plano Previdenciário);1111;Benefícios previdenciários - Poder Executivo – Fundo em Capitalização (Plano Previdenciário)
Bayeux;301025;Instituto de Prev. e Assistência dos Serv. Pub. do Mun. de Bayeux;012025;2025;12150111;Contribuição do Servidor Civil Ativo - Principal;Lançamento de Receita;742.845,21;800;Recursos vinculados ao RPPS - Fundo em Capitalização (Plano Previdenciário);1111;Benefícios previdenciários - Poder Executivo – Fundo em Capitalização (Plano Previdenciário)
Bayeux;301025;Instituto de Prev. e Assistência dos Serv. Pub. do Mun. de Bayeux;012025;2025;12150111;Contribuição do Servidor Civil Ativo - Principal;Lançamento de Receita;5.835,7;800;Recursos vinculados ao RPPS - Fundo em Capitalização (Plano Previdenciário);1121;Benefícios previdenciários - Poder Legislativo – Fundo em Capitalização (Plano Previdenciário)
Bayeux;302025;Departamento de Trânsito de Bayeux;122025;2025;19110101;Multas Previstas em Legislação Específica - Principal;Lançamento de Receita;244.081,03;752;Recursos Vinculados ao Trânsito;"Não ";Não Aplicável
Bayeux;302025;Departamento de Trânsito de Bayeux;112025;2025;19110101;Multas Previstas em Legislação Específica - Principal;Lançamento de Receita;240.171,36;752;Recursos Vinculados ao Trânsito;"Não ";Não Aplicável
Bayeux;302025;Departamento de Trânsito de Bayeux;102025;2025;19110101;Multas Previstas em Legislação Específica - Principal;Lançamento de Receita;322.767,85;752;Recursos Vinculados ao Trânsito;"Não ";Não Aplicável
Bayeux;302025;Departamento de Trânsito de Bayeux;092025;2025;19110101;Multas Previstas em Legislação Específica - Principal;Lançamento de Receita;333.184,16;752;Recursos Vinculados ao Trânsito;"Não ";Não Aplicável
Bayeux;302025;Departamento de Trânsito de Bayeux;082025;2025;19110101;Multas Previstas em Legislação Específica - Principal;Lançamento de Receita;389.805,46;752;Recursos Vinculados ao Trânsito;"Não ";Não Aplicável
Bayeux;302025;Departamento de Trânsito de Bayeux;072025;2025;19110101;Multas Previstas em Legislação Específica - Principal;Lançamento de Receita;430.773,52;752;Recursos Vinculados ao Trânsito;"Não ";Não Aplicável
Bayeux;302025;Departamento de Trânsito de Bayeux;062025;2025;19110101;Multas Previstas em Legislação Específica - Principal;Lançamento de Receita;206.493,43;752;Recursos Vinculados ao Trânsito;"Não ";Não Aplicável
Bayeux;302025;Departamento de Trânsito de Bayeux;052025;2025;19110101;Multas Previstas em Legislação Específica - Principal;Lançamento de Receita;591.276,54;752;Recursos Vinculados ao Trânsito;"Não ";Não Aplicável
Bayeux;302025;Departamento de Trânsito de Bayeux;042025;2025;19110101;Multas Previstas em Legislação Específica - Principal;Lançamento de Receita;410.633,15;752;Recursos Vinculados ao Trânsito;"Não ";Não Aplicável
Bayeux;302025;Departamento de Trânsito de Bayeux;032025;2025;19110101;Multas Previstas em Legislação Específica - Principal;Lançamento de Receita;378.324,49;752;Recursos Vinculados ao Trânsito;"Não ";Não Aplicável
Bayeux;302025;Departamento de Trânsito de Bayeux;022025;2025;19110101;Multas Previstas em Legislação Específica - Principal;Lançamento de Receita;328.022,14;752;Recursos Vinculados ao Trânsito;"Não ";Não Aplicável
Bayeux;302025;Departamento de Trânsito de Bayeux;012025;2025;19110101;Multas Previstas em Legislação Específica - Principal;Lançamento de Receita;435.661,16;752;Recursos Vinculados ao Trânsito;"Não ";Não Aplicável
Bayeux;302025;Departamento de Trânsito de Bayeux;122025;2025;13210101;Remuneração de Depósitos Bancários - Principal;Lançamento de Receita;340,02;752;Recursos Vinculados ao Trânsito;"Não ";Não Aplicável
Bayeux;302025;Departamento de Trânsito de Bayeux;112025;2025;13210101;Remuneração de Depósitos Bancários - Principal;Lançamento de Receita;418,18;752;Recursos Vinculados ao Trânsito;"Não ";Não Aplicável
Bayeux;302025;Departamento de Trânsito de Bayeux;102025;2025;13210101;Remuneração de Depósitos Bancários - Principal;Lançamento de Receita;724,81;752;Recursos Vinculados ao Trânsito;"Não ";Não Aplicável
Bayeux;302025;Departamento de Trânsito de Bayeux;092025;2025;13210101;Remuneração de Depósitos Bancários - Principal;Lançamento de Receita;822,02;752;Recursos Vinculados ao Trânsito;"Não ";Não Aplicável
Bayeux;302025;Departamento de Trânsito de Bayeux;082025;2025;13210101;Remuneração de Depósitos Bancários - Principal;Lançamento de Receita;2.208,95;752;Recursos Vinculados ao Trânsito;"Não ";Não Aplicável
Bayeux;302025;Departamento de Trânsito de Bayeux;062025;2025;13210101;Remuneração de Depósitos Bancários - Principal;Lançamento de Receita;1.327,54;752;Recursos Vinculados ao Trânsito;"Não ";Não Aplicável
Bayeux;302025;Departamento de Trânsito de Bayeux;052025;2025;13210101;Remuneração de Depósitos Bancários - Principal;Lançamento de Receita;2.027,03;752;Recursos Vinculados ao Trânsito;"Não ";Não Aplicável
Bayeux;302025;Departamento de Trânsito de Bayeux;042025;2025;13210101;Remuneração de Depósitos Bancários - Principal;Lançamento de Receita;2.637,37;752;Recursos Vinculados ao Trânsito;"Não ";Não Aplicável
Bayeux;302025;Departamento de Trânsito de Bayeux;032025;2025;13210101;Remuneração de Depósitos Bancários - Principal;Lançamento de Receita;1.436,08;752;Recursos Vinculados ao Trânsito;"Não ";Não Aplicável
Bayeux;302025;Departamento de Trânsito de Bayeux;022025;2025;13210101;Remuneração de Depósitos Bancários - Principal;Lançamento de Receita;1.340,73;752;Recursos Vinculados ao Trânsito;"Não ";Não Aplicável
Bayeux;302025;Departamento de Trânsito de Bayeux;012025;2025;13210101;Remuneração de Depósitos Bancários - Principal;Lançamento de Receita;1.547,12;752;Recursos Vinculados ao Trânsito;"Não ";Não Aplicável
