municipio;codigo_unidade_gestora;descricao_unidade_gestora;mes_ano;ano;codigo_receita;descricao_receita;tipo_atualizacao_receita;valor;codigo_fonte_recurso;descricao_fonte_recurso;co;descricao_co
Pedras de Fogo;201139;;062025;2025;24299901;Outras Transferências de Recursos dos Estados - Principal;Lançamento de Receita;150.000;710;Transferência Especial dos Estados;3210;Identificação das Transferências dos Estados decorrentes de emendas parlamentares individuais
Pedras de Fogo;201139;;062025;2025;24215001;Transferências de Recursos do Sistema Único de Saúde – SUS - Principal;Lançamento de Receita;450.000;710;Transferência Especial dos Estados;3210;Identificação das Transferências dos Estados decorrentes de emendas parlamentares individuais
Pedras de Fogo;201139;;122025;2025;24149901;Outras Transferências de Convênios da União e de Suas Entidades - Principal;Lançamento de Receita;139.680;700;Outras Transferências de Convênios ou Repasses da União;"Não ";Não Aplicável
Pedras de Fogo;201139;;112025;2025;24149901;Outras Transferências de Convênios da União e de Suas Entidades - Principal;Lançamento de Receita;325.920;700;Outras Transferências de Convênios ou Repasses da União;"Não ";Não Aplicável
Pedras de Fogo;201139;;072025;2025;24149901;Outras Transferências de Convênios da União e de Suas Entidades - Principal;Lançamento de Receita;5.745.785,2;700;Outras Transferências de Convênios ou Repasses da União;"Não ";Não Aplicável
Pedras de Fogo;201139;;062025;2025;24149901;Outras Transferências de Convênios da União e de Suas Entidades - Principal;Lançamento de Receita;1.914.367,6;700;Outras Transferências de Convênios ou Repasses da União;"Não ";Não Aplicável
Pedras de Fogo;201139;;072025;2025;24145101;Transferências de Convênios da União destinadas a Programas de Educação - Principal;Outras Deduções;-29.865,2;570;Transferências do Governo Federal referentes a Convênios e outros Repasses vinculados à Educação;"Não ";Não Aplicável
Pedras de Fogo;201139;;122025;2025;24125091;Outras transferências destinadas a Programas de Educação - Principal;Lançamento de Receita;189.220,34;569;Outras Transferências de Recursos do FNDE;"Não ";Não Aplicável
Pedras de Fogo;201139;;092025;2025;24125091;Outras transferências destinadas a Programas de Educação - Principal;Lançamento de Receita;1.592.937,43;569;Outras Transferências de Recursos do FNDE;"Não ";Não Aplicável
Pedras de Fogo;201139;;082025;2025;24125091;Outras transferências destinadas a Programas de Educação - Principal;Lançamento de Receita;187.404,41;569;Outras Transferências de Recursos do FNDE;"Não ";Não Aplicável
Pedras de Fogo;201139;;012025;2025;19999931;Outras Receitas Não Arrecadadas e Não Projetadas pela RFB - Financeiras - Principal;Lançamento de Receita;69,55;501;Outros Recursos não Vinculados;"Não ";Não Aplicável
Pedras de Fogo;201139;;122025;2025;19991221;Ônus de Sucumbência - Principal;Lançamento de Receita;82.724,98;501;Outros Recursos não Vinculados;"Não ";Não Aplicável
Pedras de Fogo;201139;;122025;2025;19229901;Outras Restituições - Principal;Lançamento de Receita;6.185,22;501;Outros Recursos não Vinculados;"Não ";Não Aplicável
Pedras de Fogo;201139;;112025;2025;19229901;Outras Restituições - Principal;Lançamento de Receita;6.185,22;501;Outros Recursos não Vinculados;"Não ";Não Aplicável
Pedras de Fogo;201139;;102025;2025;19229901;Outras Restituições - Principal;Lançamento de Receita;6.185,22;501;Outros Recursos não Vinculados;"Não ";Não Aplicável
Pedras de Fogo;201139;;092025;2025;19229901;Outras Restituições - Principal;Lançamento de Receita;6.185,22;501;Outros Recursos não Vinculados;"Não ";Não Aplicável
Pedras de Fogo;201139;;082025;2025;19229901;Outras Restituições - Principal;Lançamento de Receita;6.185,22;501;Outros Recursos não Vinculados;"Não ";Não Aplicável
Pedras de Fogo;201139;;072025;2025;19229901;Outras Restituições - Principal;Lançamento de Receita;6.266,86;501;Outros Recursos não Vinculados;"Não ";Não Aplicável
Pedras de Fogo;201139;;062025;2025;19229901;Outras Restituições - Principal;Lançamento de Receita;8.185,22;501;Outros Recursos não Vinculados;"Não ";Não Aplicável
Pedras de Fogo;201139;;052025;2025;19229901;Outras Restituições - Principal;Lançamento de Receita;7.953,88;501;Outros Recursos não Vinculados;"Não ";Não Aplicável
Pedras de Fogo;201139;;042025;2025;19229901;Outras Restituições - Principal;Lançamento de Receita;6.185,22;501;Outros Recursos não Vinculados;"Não ";Não Aplicável
Pedras de Fogo;201139;;032025;2025;19229901;Outras Restituições - Principal;Lançamento de Receita;9.504,92;501;Outros Recursos não Vinculados;"Não ";Não Aplicável
Pedras de Fogo;201139;;032025;2025;19229901;Outras Restituições - Principal;Lançamento de Receita;200;569;Outras Transferências de Recursos do FNDE;"Não ";Não Aplicável
Pedras de Fogo;201139;;022025;2025;19229901;Outras Restituições - Principal;Lançamento de Receita;6.185,22;501;Outros Recursos não Vinculados;"Não ";Não Aplicável
Pedras de Fogo;201139;;012025;2025;19229901;Outras Restituições - Principal;Lançamento de Receita;5.919,7;501;Outros Recursos não Vinculados;"Não ";Não Aplicável
Pedras de Fogo;201139;;012025;2025;17999901;Outras Transferências Correntes - Principal;Outras Deduções;-109.188,76;715;Transferências Destinadas ao Setor Cultural - LC nº 195/2022 - Art. 5º - Audiovisual;"Não ";Não Aplicável
Pedras de Fogo;201139;;012025;2025;17999901;Outras Transferências Correntes - Principal;Outras Deduções;-5.414,66;716;Transferências Destinadas ao Setor cultural - LC nº 195/2022 - Art. 8º - Demais Setores da Cultura;"Não ";Não Aplicável
Pedras de Fogo;201139;;082025;2025;17919901;Outras Transferências de Pessoas Físicas - Principal;Lançamento de Receita;4.673,81;501;Outros Recursos não Vinculados;"Não ";Não Aplicável
Pedras de Fogo;201139;;122025;2025;17515001;Transferências de Recursos do Fundo de Manutenção e Desenvolvimento da Educação Básica e de Valorização dos Profissionais da Educação – FUNDEB - Principal;Lançamento de Receita;4.280.353,28;540;Transferências do FUNDEB - Impostos e Transferências de Impostos;"Não ";Não Aplicável
Pedras de Fogo;201139;;112025;2025;17515001;Transferências de Recursos do Fundo de Manutenção e Desenvolvimento da Educação Básica e de Valorização dos Profissionais da Educação – FUNDEB - Principal;Lançamento de Receita;3.486.874,39;540;Transferências do FUNDEB - Impostos e Transferências de Impostos;"Não ";Não Aplicável
Pedras de Fogo;201139;;102025;2025;17515001;Transferências de Recursos do Fundo de Manutenção e Desenvolvimento da Educação Básica e de Valorização dos Profissionais da Educação – FUNDEB - Principal;Lançamento de Receita;3.032.923,52;540;Transferências do FUNDEB - Impostos e Transferências de Impostos;"Não ";Não Aplicável
Pedras de Fogo;201139;;092025;2025;17515001;Transferências de Recursos do Fundo de Manutenção e Desenvolvimento da Educação Básica e de Valorização dos Profissionais da Educação – FUNDEB - Principal;Lançamento de Receita;3.087.962,58;540;Transferências do FUNDEB - Impostos e Transferências de Impostos;"Não ";Não Aplicável
Pedras de Fogo;201139;;082025;2025;17515001;Transferências de Recursos do Fundo de Manutenção e Desenvolvimento da Educação Básica e de Valorização dos Profissionais da Educação – FUNDEB - Principal;Lançamento de Receita;3.520.167,98;540;Transferências do FUNDEB - Impostos e Transferências de Impostos;"Não ";Não Aplicável
Pedras de Fogo;201139;;072025;2025;17515001;Transferências de Recursos do Fundo de Manutenção e Desenvolvimento da Educação Básica e de Valorização dos Profissionais da Educação – FUNDEB - Principal;Lançamento de Receita;2.984.128,86;540;Transferências do FUNDEB - Impostos e Transferências de Impostos;"Não ";Não Aplicável
Pedras de Fogo;201139;;062025;2025;17515001;Transferências de Recursos do Fundo de Manutenção e Desenvolvimento da Educação Básica e de Valorização dos Profissionais da Educação – FUNDEB - Principal;Lançamento de Receita;3.743.527,31;540;Transferências do FUNDEB - Impostos e Transferências de Impostos;"Não ";Não Aplicável
Pedras de Fogo;201139;;052025;2025;17515001;Transferências de Recursos do Fundo de Manutenção e Desenvolvimento da Educação Básica e de Valorização dos Profissionais da Educação – FUNDEB - Principal;Lançamento de Receita;3.733.037,11;540;Transferências do FUNDEB - Impostos e Transferências de Impostos;"Não ";Não Aplicável
Pedras de Fogo;201139;;042025;2025;17515001;Transferências de Recursos do Fundo de Manutenção e Desenvolvimento da Educação Básica e de Valorização dos Profissionais da Educação – FUNDEB - Principal;Lançamento de Receita;3.246.506,21;540;Transferências do FUNDEB - Impostos e Transferências de Impostos;"Não ";Não Aplicável
Pedras de Fogo;201139;;032025;2025;17515001;Transferências de Recursos do Fundo de Manutenção e Desenvolvimento da Educação Básica e de Valorização dos Profissionais da Educação – FUNDEB - Principal;Lançamento de Receita;3.170.519,93;540;Transferências do FUNDEB - Impostos e Transferências de Impostos;"Não ";Não Aplicável
Pedras de Fogo;201139;;022025;2025;17515001;Transferências de Recursos do Fundo de Manutenção e Desenvolvimento da Educação Básica e de Valorização dos Profissionais da Educação – FUNDEB - Principal;Lançamento de Receita;4.043.428,03;540;Transferências do FUNDEB - Impostos e Transferências de Impostos;"Não ";Não Aplicável
Pedras de Fogo;201139;;012025;2025;17515001;Transferências de Recursos do Fundo de Manutenção e Desenvolvimento da Educação Básica e de Valorização dos Profissionais da Educação – FUNDEB - Principal;Lançamento de Receita;3.521.659,67;540;Transferências do FUNDEB - Impostos e Transferências de Impostos;"Não ";Não Aplicável
Pedras de Fogo;201139;;062025;2025;17299901;Outras Transferências dos Estados e DF - Principal;Lançamento de Receita;150.000;710;Transferência Especial dos Estados;3210;Identificação das Transferências dos Estados decorrentes de emendas parlamentares individuais
Pedras de Fogo;201139;;122025;2025;17215201;Cota-Parte do IPI - Municípios - Principal;Lançamento de Receita;754,38;500;Recursos não vinculados de Impostos;"Não ";Não Aplicável
Pedras de Fogo;201139;;122025;2025;17215201;Cota-Parte do IPI - Municípios - Principal;Dedução do Fundeb;-150,88;500;Recursos não vinculados de Impostos;1001;Identificação das despesas com manutenção e desenvolvimento do ensino
Pedras de Fogo;201139;;112025;2025;17215201;Cota-Parte do IPI - Municípios - Principal;Dedução do Fundeb;-131,42;500;Recursos não vinculados de Impostos;1001;Identificação das despesas com manutenção e desenvolvimento do ensino
Pedras de Fogo;201139;;112025;2025;17215201;Cota-Parte do IPI - Municípios - Principal;Lançamento de Receita;657,09;500;Recursos não vinculados de Impostos;"Não ";Não Aplicável
Pedras de Fogo;201139;;102025;2025;17215201;Cota-Parte do IPI - Municípios - Principal;Lançamento de Receita;713,64;500;Recursos não vinculados de Impostos;"Não ";Não Aplicável
Pedras de Fogo;201139;;102025;2025;17215201;Cota-Parte do IPI - Municípios - Principal;Dedução do Fundeb;-142,73;500;Recursos não vinculados de Impostos;1001;Identificação das despesas com manutenção e desenvolvimento do ensino
Pedras de Fogo;201139;;092025;2025;17215201;Cota-Parte do IPI - Municípios - Principal;Lançamento de Receita;716,23;500;Recursos não vinculados de Impostos;"Não ";Não Aplicável
Pedras de Fogo;201139;;092025;2025;17215201;Cota-Parte do IPI - Municípios - Principal;Dedução do Fundeb;-143,25;500;Recursos não vinculados de Impostos;1001;Identificação das despesas com manutenção e desenvolvimento do ensino
Pedras de Fogo;201139;;082025;2025;17215201;Cota-Parte do IPI - Municípios - Principal;Lançamento de Receita;588,17;500;Recursos não vinculados de Impostos;"Não ";Não Aplicável
Pedras de Fogo;201139;;082025;2025;17215201;Cota-Parte do IPI - Municípios - Principal;Dedução do Fundeb;-117,64;500;Recursos não vinculados de Impostos;1001;Identificação das despesas com manutenção e desenvolvimento do ensino
Pedras de Fogo;201139;;072025;2025;17215201;Cota-Parte do IPI - Municípios - Principal;Dedução do Fundeb;-133,13;500;Recursos não vinculados de Impostos;1001;Identificação das despesas com manutenção e desenvolvimento do ensino
Pedras de Fogo;201139;;072025;2025;17215201;Cota-Parte do IPI - Municípios - Principal;Lançamento de Receita;665,68;500;Recursos não vinculados de Impostos;"Não ";Não Aplicável
Pedras de Fogo;201139;;062025;2025;17215201;Cota-Parte do IPI - Municípios - Principal;Lançamento de Receita;721,04;500;Recursos não vinculados de Impostos;"Não ";Não Aplicável
Pedras de Fogo;201139;;062025;2025;17215201;Cota-Parte do IPI - Municípios - Principal;Dedução do Fundeb;-144,21;500;Recursos não vinculados de Impostos;1001;Identificação das despesas com manutenção e desenvolvimento do ensino
Pedras de Fogo;201139;;052025;2025;17215201;Cota-Parte do IPI - Municípios - Principal;Dedução do Fundeb;-111,97;500;Recursos não vinculados de Impostos;1001;Identificação das despesas com manutenção e desenvolvimento do ensino
Pedras de Fogo;201139;;052025;2025;17215201;Cota-Parte do IPI - Municípios - Principal;Lançamento de Receita;559,84;500;Recursos não vinculados de Impostos;"Não ";Não Aplicável
Pedras de Fogo;201139;;042025;2025;17215201;Cota-Parte do IPI - Municípios - Principal;Dedução do Fundeb;-139,6;500;Recursos não vinculados de Impostos;1001;Identificação das despesas com manutenção e desenvolvimento do ensino
Pedras de Fogo;201139;;042025;2025;17215201;Cota-Parte do IPI - Municípios - Principal;Lançamento de Receita;698,01;500;Recursos não vinculados de Impostos;"Não ";Não Aplicável
Pedras de Fogo;201139;;032025;2025;17215201;Cota-Parte do IPI - Municípios - Principal;Dedução do Fundeb;-132,39;500;Recursos não vinculados de Impostos;1001;Identificação das despesas com manutenção e desenvolvimento do ensino
Pedras de Fogo;201139;;032025;2025;17215201;Cota-Parte do IPI - Municípios - Principal;Lançamento de Receita;661,9;500;Recursos não vinculados de Impostos;"Não ";Não Aplicável
Pedras de Fogo;201139;;022025;2025;17215201;Cota-Parte do IPI - Municípios - Principal;Lançamento de Receita;573,79;500;Recursos não vinculados de Impostos;"Não ";Não Aplicável
Pedras de Fogo;201139;;022025;2025;17215201;Cota-Parte do IPI - Municípios - Principal;Dedução do Fundeb;-114,76;500;Recursos não vinculados de Impostos;1001;Identificação das despesas com manutenção e desenvolvimento do ensino
Pedras de Fogo;201139;;012025;2025;17215201;Cota-Parte do IPI - Municípios - Principal;Lançamento de Receita;494,62;500;Recursos não vinculados de Impostos;"Não ";Não Aplicável
Pedras de Fogo;201139;;012025;2025;17215201;Cota-Parte do IPI - Municípios - Principal;Dedução do Fundeb;-98,92;500;Recursos não vinculados de Impostos;1001;Identificação das despesas com manutenção e desenvolvimento do ensino
Pedras de Fogo;201139;;122025;2025;17215101;Cota-Parte do IPVA - Principal;Dedução do Fundeb;-22.470,62;500;Recursos não vinculados de Impostos;1001;Identificação das despesas com manutenção e desenvolvimento do ensino
Pedras de Fogo;201139;;122025;2025;17215101;Cota-Parte do IPVA - Principal;Lançamento de Receita;112.353,12;500;Recursos não vinculados de Impostos;"Não ";Não Aplicável
Pedras de Fogo;201139;;112025;2025;17215101;Cota-Parte do IPVA - Principal;Lançamento de Receita;139.166,11;500;Recursos não vinculados de Impostos;"Não ";Não Aplicável
Pedras de Fogo;201139;;112025;2025;17215101;Cota-Parte do IPVA - Principal;Dedução do Fundeb;-27.833,24;500;Recursos não vinculados de Impostos;1001;Identificação das despesas com manutenção e desenvolvimento do ensino
Pedras de Fogo;201139;;102025;2025;17215101;Cota-Parte do IPVA - Principal;Dedução do Fundeb;-31.360,02;500;Recursos não vinculados de Impostos;1001;Identificação das despesas com manutenção e desenvolvimento do ensino
Pedras de Fogo;201139;;102025;2025;17215101;Cota-Parte do IPVA - Principal;Lançamento de Receita;156.800,03;500;Recursos não vinculados de Impostos;"Não ";Não Aplicável
Pedras de Fogo;201139;;092025;2025;17215101;Cota-Parte do IPVA - Principal;Lançamento de Receita;133.569,44;500;Recursos não vinculados de Impostos;"Não ";Não Aplicável
Pedras de Fogo;201139;;092025;2025;17215101;Cota-Parte do IPVA - Principal;Dedução do Fundeb;-26.713,91;500;Recursos não vinculados de Impostos;1001;Identificação das despesas com manutenção e desenvolvimento do ensino
Pedras de Fogo;201139;;082025;2025;17215101;Cota-Parte do IPVA - Principal;Dedução do Fundeb;-32.677,03;500;Recursos não vinculados de Impostos;1001;Identificação das despesas com manutenção e desenvolvimento do ensino
Pedras de Fogo;201139;;082025;2025;17215101;Cota-Parte do IPVA - Principal;Lançamento de Receita;163.385,03;500;Recursos não vinculados de Impostos;"Não ";Não Aplicável
Pedras de Fogo;201139;;072025;2025;17215101;Cota-Parte do IPVA - Principal;Lançamento de Receita;230.774,56;500;Recursos não vinculados de Impostos;"Não ";Não Aplicável
Pedras de Fogo;201139;;072025;2025;17215101;Cota-Parte do IPVA - Principal;Dedução do Fundeb;-46.154,93;500;Recursos não vinculados de Impostos;1001;Identificação das despesas com manutenção e desenvolvimento do ensino
Pedras de Fogo;201139;;062025;2025;17215101;Cota-Parte do IPVA - Principal;Lançamento de Receita;175.052,86;500;Recursos não vinculados de Impostos;"Não ";Não Aplicável
Pedras de Fogo;201139;;062025;2025;17215101;Cota-Parte do IPVA - Principal;Dedução do Fundeb;-35.010,59;500;Recursos não vinculados de Impostos;1001;Identificação das despesas com manutenção e desenvolvimento do ensino
Pedras de Fogo;201139;;052025;2025;17215101;Cota-Parte do IPVA - Principal;Dedução do Fundeb;-43.666,47;500;Recursos não vinculados de Impostos;1001;Identificação das despesas com manutenção e desenvolvimento do ensino
Pedras de Fogo;201139;;052025;2025;17215101;Cota-Parte do IPVA - Principal;Lançamento de Receita;218.332,36;500;Recursos não vinculados de Impostos;"Não ";Não Aplicável
Pedras de Fogo;201139;;042025;2025;17215101;Cota-Parte do IPVA - Principal;Dedução do Fundeb;-36.745,95;500;Recursos não vinculados de Impostos;1001;Identificação das despesas com manutenção e desenvolvimento do ensino
Pedras de Fogo;201139;;042025;2025;17215101;Cota-Parte do IPVA - Principal;Lançamento de Receita;183.729,67;500;Recursos não vinculados de Impostos;"Não ";Não Aplicável
Pedras de Fogo;201139;;032025;2025;17215101;Cota-Parte do IPVA - Principal;Dedução do Fundeb;-39.039,33;500;Recursos não vinculados de Impostos;1001;Identificação das despesas com manutenção e desenvolvimento do ensino
Pedras de Fogo;201139;;032025;2025;17215101;Cota-Parte do IPVA - Principal;Lançamento de Receita;195.196,62;500;Recursos não vinculados de Impostos;"Não ";Não Aplicável
Pedras de Fogo;201139;;022025;2025;17215101;Cota-Parte do IPVA - Principal;Lançamento de Receita;210.408,43;500;Recursos não vinculados de Impostos;"Não ";Não Aplicável
Pedras de Fogo;201139;;022025;2025;17215101;Cota-Parte do IPVA - Principal;Dedução do Fundeb;-42.081,71;500;Recursos não vinculados de Impostos;1001;Identificação das despesas com manutenção e desenvolvimento do ensino
Pedras de Fogo;201139;;012025;2025;17215101;Cota-Parte do IPVA - Principal;Lançamento de Receita;179.912,53;500;Recursos não vinculados de Impostos;"Não ";Não Aplicável
Pedras de Fogo;201139;;012025;2025;17215101;Cota-Parte do IPVA - Principal;Dedução do Fundeb;-35.982,54;500;Recursos não vinculados de Impostos;1001;Identificação das despesas com manutenção e desenvolvimento do ensino
Pedras de Fogo;201139;;122025;2025;17215001;Cota-Parte do ICMS - Principal;Dedução do Fundeb;-490.496,82;500;Recursos não vinculados de Impostos;1001;Identificação das despesas com manutenção e desenvolvimento do ensino
Pedras de Fogo;201139;;122025;2025;17215001;Cota-Parte do ICMS - Principal;Lançamento de Receita;2.452.484,17;500;Recursos não vinculados de Impostos;"Não ";Não Aplicável
Pedras de Fogo;201139;;112025;2025;17215001;Cota-Parte do ICMS - Principal;Lançamento de Receita;1.713.587,44;500;Recursos não vinculados de Impostos;"Não ";Não Aplicável
Pedras de Fogo;201139;;112025;2025;17215001;Cota-Parte do ICMS - Principal;Dedução do Fundeb;-342.717,47;500;Recursos não vinculados de Impostos;1001;Identificação das despesas com manutenção e desenvolvimento do ensino
Pedras de Fogo;201139;;102025;2025;17215001;Cota-Parte do ICMS - Principal;Dedução do Fundeb;-378.968,41;500;Recursos não vinculados de Impostos;1001;Identificação das despesas com manutenção e desenvolvimento do ensino
Pedras de Fogo;201139;;102025;2025;17215001;Cota-Parte do ICMS - Principal;Lançamento de Receita;1.894.842,1;500;Recursos não vinculados de Impostos;"Não ";Não Aplicável
Pedras de Fogo;201139;;092025;2025;17215001;Cota-Parte do ICMS - Principal;Dedução do Fundeb;-414.912,01;500;Recursos não vinculados de Impostos;1001;Identificação das despesas com manutenção e desenvolvimento do ensino
Pedras de Fogo;201139;;092025;2025;17215001;Cota-Parte do ICMS - Principal;Lançamento de Receita;2.074.560,16;500;Recursos não vinculados de Impostos;"Não ";Não Aplicável
Pedras de Fogo;201139;;082025;2025;17215001;Cota-Parte do ICMS - Principal;Lançamento de Receita;2.179.802,13;500;Recursos não vinculados de Impostos;"Não ";Não Aplicável
Pedras de Fogo;201139;;082025;2025;17215001;Cota-Parte do ICMS - Principal;Dedução do Fundeb;-435.960,41;500;Recursos não vinculados de Impostos;1001;Identificação das despesas com manutenção e desenvolvimento do ensino
Pedras de Fogo;201139;;072025;2025;17215001;Cota-Parte do ICMS - Principal;Lançamento de Receita;2.033.347,93;500;Recursos não vinculados de Impostos;"Não ";Não Aplicável
Pedras de Fogo;201139;;072025;2025;17215001;Cota-Parte do ICMS - Principal;Dedução do Fundeb;-406.669,57;500;Recursos não vinculados de Impostos;1001;Identificação das despesas com manutenção e desenvolvimento do ensino
Pedras de Fogo;201139;;062025;2025;17215001;Cota-Parte do ICMS - Principal;Dedução do Fundeb;-363.216,14;500;Recursos não vinculados de Impostos;1001;Identificação das despesas com manutenção e desenvolvimento do ensino
Pedras de Fogo;201139;;062025;2025;17215001;Cota-Parte do ICMS - Principal;Lançamento de Receita;1.816.080,76;500;Recursos não vinculados de Impostos;"Não ";Não Aplicável
Pedras de Fogo;201139;;052025;2025;17215001;Cota-Parte do ICMS - Principal;Lançamento de Receita;1.790.932,13;500;Recursos não vinculados de Impostos;"Não ";Não Aplicável
Pedras de Fogo;201139;;052025;2025;17215001;Cota-Parte do ICMS - Principal;Dedução do Fundeb;-358.186,41;500;Recursos não vinculados de Impostos;1001;Identificação das despesas com manutenção e desenvolvimento do ensino
Pedras de Fogo;201139;;042025;2025;17215001;Cota-Parte do ICMS - Principal;Lançamento de Receita;1.866.245,79;500;Recursos não vinculados de Impostos;"Não ";Não Aplicável
Pedras de Fogo;201139;;042025;2025;17215001;Cota-Parte do ICMS - Principal;Dedução do Fundeb;-373.249,14;500;Recursos não vinculados de Impostos;1001;Identificação das despesas com manutenção e desenvolvimento do ensino
Pedras de Fogo;201139;;032025;2025;17215001;Cota-Parte do ICMS - Principal;Dedução do Fundeb;-366.627,77;500;Recursos não vinculados de Impostos;1001;Identificação das despesas com manutenção e desenvolvimento do ensino
Pedras de Fogo;201139;;032025;2025;17215001;Cota-Parte do ICMS - Principal;Lançamento de Receita;1.833.138,92;500;Recursos não vinculados de Impostos;"Não ";Não Aplicável
Pedras de Fogo;201139;;022025;2025;17215001;Cota-Parte do ICMS - Principal;Lançamento de Receita;1.747.061,62;500;Recursos não vinculados de Impostos;"Não ";Não Aplicável
Pedras de Fogo;201139;;022025;2025;17215001;Cota-Parte do ICMS - Principal;Dedução do Fundeb;-349.412,31;500;Recursos não vinculados de Impostos;1001;Identificação das despesas com manutenção e desenvolvimento do ensino
Pedras de Fogo;201139;;012025;2025;17215001;Cota-Parte do ICMS - Principal;Dedução do Fundeb;-399.777,41;500;Recursos não vinculados de Impostos;1001;Identificação das despesas com manutenção e desenvolvimento do ensino
Pedras de Fogo;201139;;012025;2025;17215001;Cota-Parte do ICMS - Principal;Lançamento de Receita;1.998.887,17;500;Recursos não vinculados de Impostos;"Não ";Não Aplicável
Pedras de Fogo;201139;;122025;2025;17195801;Transferência Obrigatória Decorrente da Lei Complementar nº 176/2020 - Principal;Lançamento de Receita;1.098,23;501;Outros Recursos não Vinculados;"Não ";Não Aplicável
Pedras de Fogo;201139;;112025;2025;17195801;Transferência Obrigatória Decorrente da Lei Complementar nº 176/2020 - Principal;Lançamento de Receita;1.098,23;501;Outros Recursos não Vinculados;"Não ";Não Aplicável
Pedras de Fogo;201139;;102025;2025;17195801;Transferência Obrigatória Decorrente da Lei Complementar nº 176/2020 - Principal;Lançamento de Receita;1.098,23;501;Outros Recursos não Vinculados;"Não ";Não Aplicável
Pedras de Fogo;201139;;092025;2025;17195801;Transferência Obrigatória Decorrente da Lei Complementar nº 176/2020 - Principal;Lançamento de Receita;1.098,23;501;Outros Recursos não Vinculados;"Não ";Não Aplicável
Pedras de Fogo;201139;;082025;2025;17195801;Transferência Obrigatória Decorrente da Lei Complementar nº 176/2020 - Principal;Lançamento de Receita;1.098,23;501;Outros Recursos não Vinculados;"Não ";Não Aplicável
Pedras de Fogo;201139;;072025;2025;17195801;Transferência Obrigatória Decorrente da Lei Complementar nº 176/2020 - Principal;Lançamento de Receita;1.098,23;501;Outros Recursos não Vinculados;"Não ";Não Aplicável
Pedras de Fogo;201139;;062025;2025;17195801;Transferência Obrigatória Decorrente da Lei Complementar nº 176/2020 - Principal;Lançamento de Receita;1.098,23;501;Outros Recursos não Vinculados;"Não ";Não Aplicável
Pedras de Fogo;201139;;052025;2025;17195801;Transferência Obrigatória Decorrente da Lei Complementar nº 176/2020 - Principal;Lançamento de Receita;1.098,23;501;Outros Recursos não Vinculados;"Não ";Não Aplicável
Pedras de Fogo;201139;;042025;2025;17195801;Transferência Obrigatória Decorrente da Lei Complementar nº 176/2020 - Principal;Lançamento de Receita;1.098,23;501;Outros Recursos não Vinculados;"Não ";Não Aplicável
Pedras de Fogo;201139;;032025;2025;17195801;Transferência Obrigatória Decorrente da Lei Complementar nº 176/2020 - Principal;Lançamento de Receita;1.098,23;501;Outros Recursos não Vinculados;"Não ";Não Aplicável
Pedras de Fogo;201139;;022025;2025;17195801;Transferência Obrigatória Decorrente da Lei Complementar nº 176/2020 - Principal;Lançamento de Receita;1.098,23;501;Outros Recursos não Vinculados;"Não ";Não Aplicável
Pedras de Fogo;201139;;012025;2025;17195801;Transferência Obrigatória Decorrente da Lei Complementar nº 176/2020 - Principal;Lançamento de Receita;1.098,23;501;Outros Recursos não Vinculados;"Não ";Não Aplicável
Pedras de Fogo;201139;;122025;2025;17155301;Transferências de Recursos do Fundeb destinados à criação de matrículas em ETI - Principal;Lançamento de Receita;273.455,45;546;Transferências do FUNDEB - complementação da União - Educação Tempo Integral;"Não ";Não Aplicável
Pedras de Fogo;201139;;112025;2025;17155301;Transferências de Recursos do Fundeb destinados à criação de matrículas em ETI - Principal;Lançamento de Receita;273.455,43;546;Transferências do FUNDEB - complementação da União - Educação Tempo Integral;"Não ";Não Aplicável
Pedras de Fogo;201139;;102025;2025;17155301;Transferências de Recursos do Fundeb destinados à criação de matrículas em ETI - Principal;Lançamento de Receita;546.910,86;546;Transferências do FUNDEB - complementação da União - Educação Tempo Integral;"Não ";Não Aplicável
Pedras de Fogo;201139;;042025;2025;17155201;Transferências de Recursos de Complementação da União ao Fundeb – VAAR - Principal;Lançamento de Receita;22.138,53;543;Transferências do FUNDEB - Complementação da União - VAAR;"Não ";Não Aplicável
Pedras de Fogo;201139;;012025;2025;17155201;Transferências de Recursos de Complementação da União ao Fundeb – VAAR - Principal;Lançamento de Receita;202.733,3;543;Transferências do FUNDEB - Complementação da União - VAAR;"Não ";Não Aplicável
Pedras de Fogo;201139;;122025;2025;17155101;Transferências de Recursos de Complementação da União ao Fundeb – VAAF - Principal;Lançamento de Receita;197.008,98;541;Transferências do FUNDEB - Complementação da União - VAAF;"Não ";Não Aplicável
Pedras de Fogo;201139;;112025;2025;17155101;Transferências de Recursos de Complementação da União ao Fundeb – VAAF - Principal;Lançamento de Receita;197.217,83;541;Transferências do FUNDEB - Complementação da União - VAAF;"Não ";Não Aplicável
Pedras de Fogo;201139;;102025;2025;17155101;Transferências de Recursos de Complementação da União ao Fundeb – VAAF - Principal;Lançamento de Receita;197.220,8;541;Transferências do FUNDEB - Complementação da União - VAAF;"Não ";Não Aplicável
Pedras de Fogo;201139;;092025;2025;17155101;Transferências de Recursos de Complementação da União ao Fundeb – VAAF - Principal;Lançamento de Receita;205.105,2;541;Transferências do FUNDEB - Complementação da União - VAAF;"Não ";Não Aplicável
Pedras de Fogo;201139;;082025;2025;17155101;Transferências de Recursos de Complementação da União ao Fundeb – VAAF - Principal;Lançamento de Receita;291.980,6;541;Transferências do FUNDEB - Complementação da União - VAAF;"Não ";Não Aplicável
Pedras de Fogo;201139;;072025;2025;17155101;Transferências de Recursos de Complementação da União ao Fundeb – VAAF - Principal;Lançamento de Receita;284.848,21;541;Transferências do FUNDEB - Complementação da União - VAAF;"Não ";Não Aplicável
Pedras de Fogo;201139;;062025;2025;17155101;Transferências de Recursos de Complementação da União ao Fundeb – VAAF - Principal;Lançamento de Receita;284.848,21;541;Transferências do FUNDEB - Complementação da União - VAAF;"Não ";Não Aplicável
Pedras de Fogo;201139;;052025;2025;17155101;Transferências de Recursos de Complementação da União ao Fundeb – VAAF - Principal;Lançamento de Receita;266.599,42;541;Transferências do FUNDEB - Complementação da União - VAAF;"Não ";Não Aplicável
Pedras de Fogo;201139;;042025;2025;17155101;Transferências de Recursos de Complementação da União ao Fundeb – VAAF - Principal;Lançamento de Receita;332.681,54;541;Transferências do FUNDEB - Complementação da União - VAAF;"Não ";Não Aplicável
Pedras de Fogo;201139;;032025;2025;17155101;Transferências de Recursos de Complementação da União ao Fundeb – VAAF - Principal;Lançamento de Receita;221.959,35;541;Transferências do FUNDEB - Complementação da União - VAAF;"Não ";Não Aplicável
Pedras de Fogo;201139;;022025;2025;17155101;Transferências de Recursos de Complementação da União ao Fundeb – VAAF - Principal;Lançamento de Receita;203.462,73;541;Transferências do FUNDEB - Complementação da União - VAAF;"Não ";Não Aplicável
Pedras de Fogo;201139;;012025;2025;17155101;Transferências de Recursos de Complementação da União ao Fundeb – VAAF - Principal;Lançamento de Receita;914.272,02;541;Transferências do FUNDEB - Complementação da União - VAAF;"Não ";Não Aplicável
Pedras de Fogo;201139;;122025;2025;17155001;Transferências de Recursos de Complementação da União ao Fundeb – VAAT - Principal;Lançamento de Receita;911.167,31;542;Transferências do FUNDEB - Complementação da União - VAAT;"Não ";Não Aplicável
Pedras de Fogo;201139;;112025;2025;17155001;Transferências de Recursos de Complementação da União ao Fundeb – VAAT - Principal;Lançamento de Receita;912.138,51;542;Transferências do FUNDEB - Complementação da União - VAAT;"Não ";Não Aplicável
Pedras de Fogo;201139;;102025;2025;17155001;Transferências de Recursos de Complementação da União ao Fundeb – VAAT - Principal;Lançamento de Receita;912.138,51;542;Transferências do FUNDEB - Complementação da União - VAAT;"Não ";Não Aplicável
Pedras de Fogo;201139;;092025;2025;17155001;Transferências de Recursos de Complementação da União ao Fundeb – VAAT - Principal;Lançamento de Receita;912.842,75;542;Transferências do FUNDEB - Complementação da União - VAAT;"Não ";Não Aplicável
Pedras de Fogo;201139;;082025;2025;17155001;Transferências de Recursos de Complementação da União ao Fundeb – VAAT - Principal;Lançamento de Receita;981.200,39;542;Transferências do FUNDEB - Complementação da União - VAAT;"Não ";Não Aplicável
Pedras de Fogo;201139;;072025;2025;17155001;Transferências de Recursos de Complementação da União ao Fundeb – VAAT - Principal;Lançamento de Receita;957.231,97;542;Transferências do FUNDEB - Complementação da União - VAAT;"Não ";Não Aplicável
Pedras de Fogo;201139;;062025;2025;17155001;Transferências de Recursos de Complementação da União ao Fundeb – VAAT - Principal;Lançamento de Receita;957.231,97;542;Transferências do FUNDEB - Complementação da União - VAAT;"Não ";Não Aplicável
Pedras de Fogo;201139;;052025;2025;17155001;Transferências de Recursos de Complementação da União ao Fundeb – VAAT - Principal;Lançamento de Receita;895.906,95;542;Transferências do FUNDEB - Complementação da União - VAAT;"Não ";Não Aplicável
Pedras de Fogo;201139;;042025;2025;17155001;Transferências de Recursos de Complementação da União ao Fundeb – VAAT - Principal;Lançamento de Receita;998.338,38;542;Transferências do FUNDEB - Complementação da União - VAAT;"Não ";Não Aplicável
Pedras de Fogo;201139;;032025;2025;17155001;Transferências de Recursos de Complementação da União ao Fundeb – VAAT - Principal;Lançamento de Receita;702.761,91;542;Transferências do FUNDEB - Complementação da União - VAAT;"Não ";Não Aplicável
Pedras de Fogo;201139;;022025;2025;17155001;Transferências de Recursos de Complementação da União ao Fundeb – VAAT - Principal;Lançamento de Receita;644.198,42;542;Transferências do FUNDEB - Complementação da União - VAAT;"Não ";Não Aplicável
Pedras de Fogo;201139;;012025;2025;17155001;Transferências de Recursos de Complementação da União ao Fundeb – VAAT - Principal;Lançamento de Receita;2.738.417,28;542;Transferências do FUNDEB - Complementação da União - VAAT;"Não ";Não Aplicável
Pedras de Fogo;201139;;122025;2025;17149901;Outras Transferências Diretas do Fundo Nacional do Desenvolvimento da Educação - FNDE - Principal;Outras Deduções;-170,35;569;Outras Transferências de Recursos do FNDE;"Não ";Não Aplicável
Pedras de Fogo;201139;;122025;2025;17149901;Outras Transferências Diretas do Fundo Nacional do Desenvolvimento da Educação - FNDE - Principal;Lançamento de Receita;7.150,58;569;Outras Transferências de Recursos do FNDE;"Não ";Não Aplicável
Pedras de Fogo;201139;;112025;2025;17149901;Outras Transferências Diretas do Fundo Nacional do Desenvolvimento da Educação - FNDE - Principal;Lançamento de Receita;7.335,2;569;Outras Transferências de Recursos do FNDE;"Não ";Não Aplicável
Pedras de Fogo;201139;;102025;2025;17149901;Outras Transferências Diretas do Fundo Nacional do Desenvolvimento da Educação - FNDE - Principal;Lançamento de Receita;7.536,5;569;Outras Transferências de Recursos do FNDE;"Não ";Não Aplicável
Pedras de Fogo;201139;;092025;2025;17149901;Outras Transferências Diretas do Fundo Nacional do Desenvolvimento da Educação - FNDE - Principal;Lançamento de Receita;11.274,72;569;Outras Transferências de Recursos do FNDE;"Não ";Não Aplicável
Pedras de Fogo;201139;;082025;2025;17149901;Outras Transferências Diretas do Fundo Nacional do Desenvolvimento da Educação - FNDE - Principal;Lançamento de Receita;6.242,46;569;Outras Transferências de Recursos do FNDE;"Não ";Não Aplicável
Pedras de Fogo;201139;;072025;2025;17149901;Outras Transferências Diretas do Fundo Nacional do Desenvolvimento da Educação - FNDE - Principal;Lançamento de Receita;10.413,55;569;Outras Transferências de Recursos do FNDE;"Não ";Não Aplicável
Pedras de Fogo;201139;;062025;2025;17149901;Outras Transferências Diretas do Fundo Nacional do Desenvolvimento da Educação - FNDE - Principal;Lançamento de Receita;5.819,4;569;Outras Transferências de Recursos do FNDE;"Não ";Não Aplicável
Pedras de Fogo;201139;;052025;2025;17149901;Outras Transferências Diretas do Fundo Nacional do Desenvolvimento da Educação - FNDE - Principal;Lançamento de Receita;576.783,68;569;Outras Transferências de Recursos do FNDE;"Não ";Não Aplicável
Pedras de Fogo;201139;;042025;2025;17149901;Outras Transferências Diretas do Fundo Nacional do Desenvolvimento da Educação - FNDE - Principal;Lançamento de Receita;8.038,38;569;Outras Transferências de Recursos do FNDE;"Não ";Não Aplicável
Pedras de Fogo;201139;;032025;2025;17149901;Outras Transferências Diretas do Fundo Nacional do Desenvolvimento da Educação - FNDE - Principal;Lançamento de Receita;9.065,62;569;Outras Transferências de Recursos do FNDE;"Não ";Não Aplicável
Pedras de Fogo;201139;;022025;2025;17149901;Outras Transferências Diretas do Fundo Nacional do Desenvolvimento da Educação - FNDE - Principal;Lançamento de Receita;5.343,08;569;Outras Transferências de Recursos do FNDE;"Não ";Não Aplicável
Pedras de Fogo;201139;;012025;2025;17149901;Outras Transferências Diretas do Fundo Nacional do Desenvolvimento da Educação - FNDE - Principal;Lançamento de Receita;5.138,84;569;Outras Transferências de Recursos do FNDE;"Não ";Não Aplicável
Pedras de Fogo;201139;;092025;2025;17145301;Transferências referentes ao Programa Nacional de Apoio ao Transporte do Escolar – PNATE - Principal;Lançamento de Receita;242.664,86;553;"Transferências de Recursos do FNDE Referentes ao Programa Nacional de Apoio ao Transporte Escolar (PNATE) ";"Não ";Não Aplicável
Pedras de Fogo;201139;;052025;2025;17145301;Transferências referentes ao Programa Nacional de Apoio ao Transporte do Escolar – PNATE - Principal;Lançamento de Receita;8.211,65;553;"Transferências de Recursos do FNDE Referentes ao Programa Nacional de Apoio ao Transporte Escolar (PNATE) ";"Não ";Não Aplicável
Pedras de Fogo;201139;;032025;2025;17145301;Transferências referentes ao Programa Nacional de Apoio ao Transporte do Escolar – PNATE - Principal;Lançamento de Receita;242.664,84;553;"Transferências de Recursos do FNDE Referentes ao Programa Nacional de Apoio ao Transporte Escolar (PNATE) ";"Não ";Não Aplicável
Pedras de Fogo;201139;;012025;2025;17145301;Transferências referentes ao Programa Nacional de Apoio ao Transporte do Escolar – PNATE - Principal;Lançamento de Receita;6.360,9;553;"Transferências de Recursos do FNDE Referentes ao Programa Nacional de Apoio ao Transporte Escolar (PNATE) ";"Não ";Não Aplicável
Pedras de Fogo;201139;;122025;2025;17145201;Transferências referentes ao Programa Nacional de Alimentação Escolar – PNAE - Principal;Lançamento de Receita;20.515,75;552;Transferências de Recursos do FNDE Referentes ao Programa Nacional de Alimentação Escolar (PNAE);"Não ";Não Aplicável
Pedras de Fogo;201139;;092025;2025;17145201;Transferências referentes ao Programa Nacional de Alimentação Escolar – PNAE - Principal;Lançamento de Receita;81.092,75;552;Transferências de Recursos do FNDE Referentes ao Programa Nacional de Alimentação Escolar (PNAE);"Não ";Não Aplicável
Pedras de Fogo;201139;;082025;2025;17145201;Transferências referentes ao Programa Nacional de Alimentação Escolar – PNAE - Principal;Lançamento de Receita;101.608,5;552;Transferências de Recursos do FNDE Referentes ao Programa Nacional de Alimentação Escolar (PNAE);"Não ";Não Aplicável
Pedras de Fogo;201139;;072025;2025;17145201;Transferências referentes ao Programa Nacional de Alimentação Escolar – PNAE - Principal;Lançamento de Receita;101.608,5;552;Transferências de Recursos do FNDE Referentes ao Programa Nacional de Alimentação Escolar (PNAE);"Não ";Não Aplicável
Pedras de Fogo;201139;;062025;2025;17145201;Transferências referentes ao Programa Nacional de Alimentação Escolar – PNAE - Principal;Lançamento de Receita;101.608,5;552;Transferências de Recursos do FNDE Referentes ao Programa Nacional de Alimentação Escolar (PNAE);"Não ";Não Aplicável
Pedras de Fogo;201139;;052025;2025;17145201;Transferências referentes ao Programa Nacional de Alimentação Escolar – PNAE - Principal;Lançamento de Receita;101.608,5;552;Transferências de Recursos do FNDE Referentes ao Programa Nacional de Alimentação Escolar (PNAE);"Não ";Não Aplicável
Pedras de Fogo;201139;;042025;2025;17145201;Transferências referentes ao Programa Nacional de Alimentação Escolar – PNAE - Principal;Lançamento de Receita;101.608,5;552;Transferências de Recursos do FNDE Referentes ao Programa Nacional de Alimentação Escolar (PNAE);"Não ";Não Aplicável
Pedras de Fogo;201139;;032025;2025;17145201;Transferências referentes ao Programa Nacional de Alimentação Escolar – PNAE - Principal;Lançamento de Receita;101.608,5;552;Transferências de Recursos do FNDE Referentes ao Programa Nacional de Alimentação Escolar (PNAE);"Não ";Não Aplicável
Pedras de Fogo;201139;;022025;2025;17145201;Transferências referentes ao Programa Nacional de Alimentação Escolar – PNAE - Principal;Lançamento de Receita;101.608,5;552;Transferências de Recursos do FNDE Referentes ao Programa Nacional de Alimentação Escolar (PNAE);"Não ";Não Aplicável
Pedras de Fogo;201139;;122025;2025;17145001;Transferências do Salário-Educação - Principal;Lançamento de Receita;273.599,95;550;Transferência do Salário-Educação;"Não ";Não Aplicável
Pedras de Fogo;201139;;112025;2025;17145001;Transferências do Salário-Educação - Principal;Lançamento de Receita;276.638,69;550;Transferência do Salário-Educação;"Não ";Não Aplicável
Pedras de Fogo;201139;;102025;2025;17145001;Transferências do Salário-Educação - Principal;Lançamento de Receita;291.819,12;550;Transferência do Salário-Educação;"Não ";Não Aplicável
Pedras de Fogo;201139;;092025;2025;17145001;Transferências do Salário-Educação - Principal;Lançamento de Receita;264.971,73;550;Transferência do Salário-Educação;"Não ";Não Aplicável
Pedras de Fogo;201139;;082025;2025;17145001;Transferências do Salário-Educação - Principal;Lançamento de Receita;266.428,43;550;Transferência do Salário-Educação;"Não ";Não Aplicável
Pedras de Fogo;201139;;072025;2025;17145001;Transferências do Salário-Educação - Principal;Lançamento de Receita;573.583,13;550;Transferência do Salário-Educação;"Não ";Não Aplicável
Pedras de Fogo;201139;;052025;2025;17145001;Transferências do Salário-Educação - Principal;Lançamento de Receita;273.688,06;550;Transferência do Salário-Educação;"Não ";Não Aplicável
Pedras de Fogo;201139;;042025;2025;17145001;Transferências do Salário-Educação - Principal;Lançamento de Receita;274.331,25;550;Transferência do Salário-Educação;"Não ";Não Aplicável
Pedras de Fogo;201139;;032025;2025;17145001;Transferências do Salário-Educação - Principal;Lançamento de Receita;276.955,14;550;Transferência do Salário-Educação;"Não ";Não Aplicável
Pedras de Fogo;201139;;022025;2025;17145001;Transferências do Salário-Educação - Principal;Lançamento de Receita;277.485,78;550;Transferência do Salário-Educação;"Não ";Não Aplicável
Pedras de Fogo;201139;;012025;2025;17145001;Transferências do Salário-Educação - Principal;Lançamento de Receita;496.469,07;550;Transferência do Salário-Educação;"Não ";Não Aplicável
Pedras de Fogo;201139;;122025;2025;17125241;Cota-Parte do Fundo Especial do Petróleo – FEP - Principal;Lançamento de Receita;405.723,37;720;Transferências da União Referentes às participações na exploração de Petróleo e Gás Natural destinadas ao FEP - Lei 9.478/1997;"Não ";Não Aplicável
Pedras de Fogo;201139;;112025;2025;17125241;Cota-Parte do Fundo Especial do Petróleo – FEP - Principal;Lançamento de Receita;514.978,56;720;Transferências da União Referentes às participações na exploração de Petróleo e Gás Natural destinadas ao FEP - Lei 9.478/1997;"Não ";Não Aplicável
Pedras de Fogo;201139;;102025;2025;17125241;Cota-Parte do Fundo Especial do Petróleo – FEP - Principal;Lançamento de Receita;549.506,33;720;Transferências da União Referentes às participações na exploração de Petróleo e Gás Natural destinadas ao FEP - Lei 9.478/1997;"Não ";Não Aplicável
Pedras de Fogo;201139;;092025;2025;17125241;Cota-Parte do Fundo Especial do Petróleo – FEP - Principal;Lançamento de Receita;610.047,15;720;Transferências da União Referentes às participações na exploração de Petróleo e Gás Natural destinadas ao FEP - Lei 9.478/1997;"Não ";Não Aplicável
Pedras de Fogo;201139;;082025;2025;17125241;Cota-Parte do Fundo Especial do Petróleo – FEP - Principal;Lançamento de Receita;512.261,23;720;Transferências da União Referentes às participações na exploração de Petróleo e Gás Natural destinadas ao FEP - Lei 9.478/1997;"Não ";Não Aplicável
Pedras de Fogo;201139;;072025;2025;17125241;Cota-Parte do Fundo Especial do Petróleo – FEP - Principal;Lançamento de Receita;525.660,45;720;Transferências da União Referentes às participações na exploração de Petróleo e Gás Natural destinadas ao FEP - Lei 9.478/1997;"Não ";Não Aplicável
Pedras de Fogo;201139;;062025;2025;17125241;Cota-Parte do Fundo Especial do Petróleo – FEP - Principal;Lançamento de Receita;545.829,89;720;Transferências da União Referentes às participações na exploração de Petróleo e Gás Natural destinadas ao FEP - Lei 9.478/1997;"Não ";Não Aplicável
Pedras de Fogo;201139;;052025;2025;17125241;Cota-Parte do Fundo Especial do Petróleo – FEP - Principal;Lançamento de Receita;618.273,48;720;Transferências da União Referentes às participações na exploração de Petróleo e Gás Natural destinadas ao FEP - Lei 9.478/1997;"Não ";Não Aplicável
Pedras de Fogo;201139;;042025;2025;17125241;Cota-Parte do Fundo Especial do Petróleo – FEP - Principal;Lançamento de Receita;559.654,12;720;Transferências da União Referentes às participações na exploração de Petróleo e Gás Natural destinadas ao FEP - Lei 9.478/1997;"Não ";Não Aplicável
Pedras de Fogo;201139;;032025;2025;17125241;Cota-Parte do Fundo Especial do Petróleo – FEP - Principal;Lançamento de Receita;667.966,93;720;Transferências da União Referentes às participações na exploração de Petróleo e Gás Natural destinadas ao FEP - Lei 9.478/1997;"Não ";Não Aplicável
Pedras de Fogo;201139;;022025;2025;17125241;Cota-Parte do Fundo Especial do Petróleo – FEP - Principal;Lançamento de Receita;673.286,05;720;Transferências da União Referentes às participações na exploração de Petróleo e Gás Natural destinadas ao FEP - Lei 9.478/1997;"Não ";Não Aplicável
Pedras de Fogo;201139;;012025;2025;17125241;Cota-Parte do Fundo Especial do Petróleo – FEP - Principal;Lançamento de Receita;595.746,55;720;Transferências da União Referentes às participações na exploração de Petróleo e Gás Natural destinadas ao FEP - Lei 9.478/1997;"Não ";Não Aplicável
Pedras de Fogo;201139;;122025;2025;17125101;Cota-parte da Compensação Financeira pela Exploração de Recursos Minerais - CFEM - Principal;Lançamento de Receita;137.749,53;501;Outros Recursos não Vinculados;"Não ";Não Aplicável
Pedras de Fogo;201139;;112025;2025;17125101;Cota-parte da Compensação Financeira pela Exploração de Recursos Minerais - CFEM - Principal;Lançamento de Receita;82.242,43;501;Outros Recursos não Vinculados;"Não ";Não Aplicável
Pedras de Fogo;201139;;102025;2025;17125101;Cota-parte da Compensação Financeira pela Exploração de Recursos Minerais - CFEM - Principal;Lançamento de Receita;18.219,55;501;Outros Recursos não Vinculados;"Não ";Não Aplicável
Pedras de Fogo;201139;;092025;2025;17125101;Cota-parte da Compensação Financeira pela Exploração de Recursos Minerais - CFEM - Principal;Lançamento de Receita;20.272,29;501;Outros Recursos não Vinculados;"Não ";Não Aplicável
Pedras de Fogo;201139;;082025;2025;17125101;Cota-parte da Compensação Financeira pela Exploração de Recursos Minerais - CFEM - Principal;Lançamento de Receita;18.332,48;501;Outros Recursos não Vinculados;"Não ";Não Aplicável
Pedras de Fogo;201139;;072025;2025;17125101;Cota-parte da Compensação Financeira pela Exploração de Recursos Minerais - CFEM - Principal;Lançamento de Receita;21.774,73;501;Outros Recursos não Vinculados;"Não ";Não Aplicável
Pedras de Fogo;201139;;062025;2025;17125101;Cota-parte da Compensação Financeira pela Exploração de Recursos Minerais - CFEM - Principal;Lançamento de Receita;19.840,53;501;Outros Recursos não Vinculados;"Não ";Não Aplicável
Pedras de Fogo;201139;;052025;2025;17125101;Cota-parte da Compensação Financeira pela Exploração de Recursos Minerais - CFEM - Principal;Lançamento de Receita;18.897,07;501;Outros Recursos não Vinculados;"Não ";Não Aplicável
Pedras de Fogo;201139;;042025;2025;17125101;Cota-parte da Compensação Financeira pela Exploração de Recursos Minerais - CFEM - Principal;Lançamento de Receita;21.011,35;501;Outros Recursos não Vinculados;"Não ";Não Aplicável
Pedras de Fogo;201139;;032025;2025;17125101;Cota-parte da Compensação Financeira pela Exploração de Recursos Minerais - CFEM - Principal;Lançamento de Receita;2.936,07;501;Outros Recursos não Vinculados;"Não ";Não Aplicável
Pedras de Fogo;201139;;022025;2025;17125101;Cota-parte da Compensação Financeira pela Exploração de Recursos Minerais - CFEM - Principal;Lançamento de Receita;22.127,56;501;Outros Recursos não Vinculados;"Não ";Não Aplicável
Pedras de Fogo;201139;;012025;2025;17125101;Cota-parte da Compensação Financeira pela Exploração de Recursos Minerais - CFEM - Principal;Lançamento de Receita;23.289,01;501;Outros Recursos não Vinculados;"Não ";Não Aplicável
Pedras de Fogo;201139;;102025;2025;17115401;Cota-Parte da Contribuição de Intervenção no Domínio Econômico - Principal;Lançamento de Receita;8.704,28;750;Recursos da Contribuição de Intervenção no Domínio Econômico - CIDE;"Não ";Não Aplicável
Pedras de Fogo;201139;;072025;2025;17115401;Cota-Parte da Contribuição de Intervenção no Domínio Econômico - Principal;Lançamento de Receita;8.254,3;750;Recursos da Contribuição de Intervenção no Domínio Econômico - CIDE;"Não ";Não Aplicável
Pedras de Fogo;201139;;042025;2025;17115401;Cota-Parte da Contribuição de Intervenção no Domínio Econômico - Principal;Lançamento de Receita;7.504,01;750;Recursos da Contribuição de Intervenção no Domínio Econômico - CIDE;"Não ";Não Aplicável
Pedras de Fogo;201139;;012025;2025;17115401;Cota-Parte da Contribuição de Intervenção no Domínio Econômico - Principal;Lançamento de Receita;7.537,41;750;Recursos da Contribuição de Intervenção no Domínio Econômico - CIDE;"Não ";Não Aplicável
Pedras de Fogo;201139;;122025;2025;17115201;Cota-Parte do Imposto Sobre a Propriedade Territorial Rural - Principal;Lançamento de Receita;1.635,07;500;Recursos não vinculados de Impostos;"Não ";Não Aplicável
Pedras de Fogo;201139;;122025;2025;17115201;Cota-Parte do Imposto Sobre a Propriedade Territorial Rural - Principal;Dedução do Fundeb;-327,01;500;Recursos não vinculados de Impostos;1001;Identificação das despesas com manutenção e desenvolvimento do ensino
Pedras de Fogo;201139;;112025;2025;17115201;Cota-Parte do Imposto Sobre a Propriedade Territorial Rural - Principal;Lançamento de Receita;2.056,61;500;Recursos não vinculados de Impostos;"Não ";Não Aplicável
Pedras de Fogo;201139;;112025;2025;17115201;Cota-Parte do Imposto Sobre a Propriedade Territorial Rural - Principal;Dedução do Fundeb;-411,31;500;Recursos não vinculados de Impostos;1001;Identificação das despesas com manutenção e desenvolvimento do ensino
Pedras de Fogo;201139;;102025;2025;17115201;Cota-Parte do Imposto Sobre a Propriedade Territorial Rural - Principal;Lançamento de Receita;122.169,12;500;Recursos não vinculados de Impostos;"Não ";Não Aplicável
Pedras de Fogo;201139;;102025;2025;17115201;Cota-Parte do Imposto Sobre a Propriedade Territorial Rural - Principal;Dedução do Fundeb;-24.433,81;500;Recursos não vinculados de Impostos;1001;Identificação das despesas com manutenção e desenvolvimento do ensino
Pedras de Fogo;201139;;092025;2025;17115201;Cota-Parte do Imposto Sobre a Propriedade Territorial Rural - Principal;Dedução do Fundeb;-523,95;500;Recursos não vinculados de Impostos;1001;Identificação das despesas com manutenção e desenvolvimento do ensino
Pedras de Fogo;201139;;092025;2025;17115201;Cota-Parte do Imposto Sobre a Propriedade Territorial Rural - Principal;Lançamento de Receita;2.619,75;500;Recursos não vinculados de Impostos;"Não ";Não Aplicável
Pedras de Fogo;201139;;082025;2025;17115201;Cota-Parte do Imposto Sobre a Propriedade Territorial Rural - Principal;Dedução do Fundeb;-218,69;500;Recursos não vinculados de Impostos;1001;Identificação das despesas com manutenção e desenvolvimento do ensino
Pedras de Fogo;201139;;082025;2025;17115201;Cota-Parte do Imposto Sobre a Propriedade Territorial Rural - Principal;Lançamento de Receita;1.093,51;500;Recursos não vinculados de Impostos;"Não ";Não Aplicável
Pedras de Fogo;201139;;072025;2025;17115201;Cota-Parte do Imposto Sobre a Propriedade Territorial Rural - Principal;Dedução do Fundeb;-283,62;500;Recursos não vinculados de Impostos;1001;Identificação das despesas com manutenção e desenvolvimento do ensino
Pedras de Fogo;201139;;072025;2025;17115201;Cota-Parte do Imposto Sobre a Propriedade Territorial Rural - Principal;Lançamento de Receita;1.418,16;500;Recursos não vinculados de Impostos;"Não ";Não Aplicável
Pedras de Fogo;201139;;062025;2025;17115201;Cota-Parte do Imposto Sobre a Propriedade Territorial Rural - Principal;Lançamento de Receita;727,8;500;Recursos não vinculados de Impostos;"Não ";Não Aplicável
Pedras de Fogo;201139;;062025;2025;17115201;Cota-Parte do Imposto Sobre a Propriedade Territorial Rural - Principal;Dedução do Fundeb;-145,55;500;Recursos não vinculados de Impostos;1001;Identificação das despesas com manutenção e desenvolvimento do ensino
Pedras de Fogo;201139;;052025;2025;17115201;Cota-Parte do Imposto Sobre a Propriedade Territorial Rural - Principal;Lançamento de Receita;818,54;500;Recursos não vinculados de Impostos;"Não ";Não Aplicável
Pedras de Fogo;201139;;052025;2025;17115201;Cota-Parte do Imposto Sobre a Propriedade Territorial Rural - Principal;Dedução do Fundeb;-163,7;500;Recursos não vinculados de Impostos;1001;Identificação das despesas com manutenção e desenvolvimento do ensino
Pedras de Fogo;201139;;042025;2025;17115201;Cota-Parte do Imposto Sobre a Propriedade Territorial Rural - Principal;Lançamento de Receita;242,4;500;Recursos não vinculados de Impostos;"Não ";Não Aplicável
Pedras de Fogo;201139;;042025;2025;17115201;Cota-Parte do Imposto Sobre a Propriedade Territorial Rural - Principal;Dedução do Fundeb;-48,48;500;Recursos não vinculados de Impostos;1001;Identificação das despesas com manutenção e desenvolvimento do ensino
Pedras de Fogo;201139;;032025;2025;17115201;Cota-Parte do Imposto Sobre a Propriedade Territorial Rural - Principal;Dedução do Fundeb;-171,42;500;Recursos não vinculados de Impostos;1001;Identificação das despesas com manutenção e desenvolvimento do ensino
Pedras de Fogo;201139;;032025;2025;17115201;Cota-Parte do Imposto Sobre a Propriedade Territorial Rural - Principal;Lançamento de Receita;857,12;500;Recursos não vinculados de Impostos;"Não ";Não Aplicável
Pedras de Fogo;201139;;022025;2025;17115201;Cota-Parte do Imposto Sobre a Propriedade Territorial Rural - Principal;Dedução do Fundeb;-521,01;500;Recursos não vinculados de Impostos;1001;Identificação das despesas com manutenção e desenvolvimento do ensino
Pedras de Fogo;201139;;022025;2025;17115201;Cota-Parte do Imposto Sobre a Propriedade Territorial Rural - Principal;Lançamento de Receita;2.605,09;500;Recursos não vinculados de Impostos;"Não ";Não Aplicável
Pedras de Fogo;201139;;012025;2025;17115201;Cota-Parte do Imposto Sobre a Propriedade Territorial Rural - Principal;Dedução do Fundeb;-72,42;500;Recursos não vinculados de Impostos;1001;Identificação das despesas com manutenção e desenvolvimento do ensino
Pedras de Fogo;201139;;012025;2025;17115201;Cota-Parte do Imposto Sobre a Propriedade Territorial Rural - Principal;Lançamento de Receita;362,15;500;Recursos não vinculados de Impostos;"Não ";Não Aplicável
Pedras de Fogo;201139;;122025;2025;17115121;Cota-Parte do Fundo de Participação dos Municípios - Cotas Extraordinárias - Principal;Lançamento de Receita;2.144.180,26;500;Recursos não vinculados de Impostos;"Não ";Não Aplicável
Pedras de Fogo;201139;;092025;2025;17115121;Cota-Parte do Fundo de Participação dos Municípios - Cotas Extraordinárias - Principal;Lançamento de Receita;1.776.330,78;500;Recursos não vinculados de Impostos;"Não ";Não Aplicável
Pedras de Fogo;201139;;072025;2025;17115121;Cota-Parte do Fundo de Participação dos Municípios - Cotas Extraordinárias - Principal;Lançamento de Receita;2.077.141;500;Recursos não vinculados de Impostos;"Não ";Não Aplicável
Pedras de Fogo;201139;;122025;2025;17115111;Cota-Parte do Fundo de Participação dos Municípios - Cota Mensal - Principal;Lançamento de Receita;5.024.766,08;500;Recursos não vinculados de Impostos;"Não ";Não Aplicável
Pedras de Fogo;201139;;122025;2025;17115111;Cota-Parte do Fundo de Participação dos Municípios - Cota Mensal - Principal;Dedução do Fundeb;-1.004.953,17;500;Recursos não vinculados de Impostos;1001;Identificação das despesas com manutenção e desenvolvimento do ensino
Pedras de Fogo;201139;;112025;2025;17115111;Cota-Parte do Fundo de Participação dos Municípios - Cota Mensal - Principal;Lançamento de Receita;4.451.731,4;500;Recursos não vinculados de Impostos;"Não ";Não Aplicável
Pedras de Fogo;201139;;112025;2025;17115111;Cota-Parte do Fundo de Participação dos Municípios - Cota Mensal - Principal;Dedução do Fundeb;-890.346,23;500;Recursos não vinculados de Impostos;1001;Identificação das despesas com manutenção e desenvolvimento do ensino
Pedras de Fogo;201139;;102025;2025;17115111;Cota-Parte do Fundo de Participação dos Municípios - Cota Mensal - Principal;Lançamento de Receita;3.274.921,86;500;Recursos não vinculados de Impostos;"Não ";Não Aplicável
Pedras de Fogo;201139;;102025;2025;17115111;Cota-Parte do Fundo de Participação dos Municípios - Cota Mensal - Principal;Dedução do Fundeb;-654.984,33;500;Recursos não vinculados de Impostos;1001;Identificação das despesas com manutenção e desenvolvimento do ensino
Pedras de Fogo;201139;;092025;2025;17115111;Cota-Parte do Fundo de Participação dos Municípios - Cota Mensal - Principal;Dedução do Fundeb;-621.353,27;500;Recursos não vinculados de Impostos;1001;Identificação das despesas com manutenção e desenvolvimento do ensino
Pedras de Fogo;201139;;092025;2025;17115111;Cota-Parte do Fundo de Participação dos Municípios - Cota Mensal - Principal;Lançamento de Receita;3.106.766,55;500;Recursos não vinculados de Impostos;"Não ";Não Aplicável
Pedras de Fogo;201139;;082025;2025;17115111;Cota-Parte do Fundo de Participação dos Municípios - Cota Mensal - Principal;Lançamento de Receita;3.847.869,3;500;Recursos não vinculados de Impostos;"Não ";Não Aplicável
Pedras de Fogo;201139;;082025;2025;17115111;Cota-Parte do Fundo de Participação dos Municípios - Cota Mensal - Principal;Dedução do Fundeb;-769.573,81;500;Recursos não vinculados de Impostos;1001;Identificação das despesas com manutenção e desenvolvimento do ensino
Pedras de Fogo;201139;;072025;2025;17115111;Cota-Parte do Fundo de Participação dos Municípios - Cota Mensal - Principal;Lançamento de Receita;2.916.490,16;500;Recursos não vinculados de Impostos;"Não ";Não Aplicável
Pedras de Fogo;201139;;072025;2025;17115111;Cota-Parte do Fundo de Participação dos Municípios - Cota Mensal - Principal;Dedução do Fundeb;-583.298;500;Recursos não vinculados de Impostos;1001;Identificação das despesas com manutenção e desenvolvimento do ensino
Pedras de Fogo;201139;;062025;2025;17115111;Cota-Parte do Fundo de Participação dos Municípios - Cota Mensal - Principal;Lançamento de Receita;4.751.031,46;500;Recursos não vinculados de Impostos;"Não ";Não Aplicável
Pedras de Fogo;201139;;062025;2025;17115111;Cota-Parte do Fundo de Participação dos Municípios - Cota Mensal - Principal;Dedução do Fundeb;-950.206,25;500;Recursos não vinculados de Impostos;1001;Identificação das despesas com manutenção e desenvolvimento do ensino
Pedras de Fogo;201139;;052025;2025;17115111;Cota-Parte do Fundo de Participação dos Municípios - Cota Mensal - Principal;Lançamento de Receita;4.625.507,25;500;Recursos não vinculados de Impostos;"Não ";Não Aplicável
Pedras de Fogo;201139;;052025;2025;17115111;Cota-Parte do Fundo de Participação dos Municípios - Cota Mensal - Principal;Dedução do Fundeb;-925.101,39;500;Recursos não vinculados de Impostos;1001;Identificação das despesas com manutenção e desenvolvimento do ensino
Pedras de Fogo;201139;;042025;2025;17115111;Cota-Parte do Fundo de Participação dos Municípios - Cota Mensal - Principal;Lançamento de Receita;3.626.023,61;500;Recursos não vinculados de Impostos;"Não ";Não Aplicável
Pedras de Fogo;201139;;042025;2025;17115111;Cota-Parte do Fundo de Participação dos Municípios - Cota Mensal - Principal;Dedução do Fundeb;-725.204,68;500;Recursos não vinculados de Impostos;1001;Identificação das despesas com manutenção e desenvolvimento do ensino
Pedras de Fogo;201139;;032025;2025;17115111;Cota-Parte do Fundo de Participação dos Municípios - Cota Mensal - Principal;Lançamento de Receita;3.568.321,58;500;Recursos não vinculados de Impostos;"Não ";Não Aplicável
Pedras de Fogo;201139;;032025;2025;17115111;Cota-Parte do Fundo de Participação dos Municípios - Cota Mensal - Principal;Dedução do Fundeb;-713.664,28;500;Recursos não vinculados de Impostos;1001;Identificação das despesas com manutenção e desenvolvimento do ensino
Pedras de Fogo;201139;;022025;2025;17115111;Cota-Parte do Fundo de Participação dos Municípios - Cota Mensal - Principal;Dedução do Fundeb;-1.083.696,94;500;Recursos não vinculados de Impostos;1001;Identificação das despesas com manutenção e desenvolvimento do ensino
Pedras de Fogo;201139;;022025;2025;17115111;Cota-Parte do Fundo de Participação dos Municípios - Cota Mensal - Principal;Lançamento de Receita;5.418.484,89;500;Recursos não vinculados de Impostos;"Não ";Não Aplicável
Pedras de Fogo;201139;;012025;2025;17115111;Cota-Parte do Fundo de Participação dos Municípios - Cota Mensal - Principal;Dedução do Fundeb;-807.593,29;500;Recursos não vinculados de Impostos;1001;Identificação das despesas com manutenção e desenvolvimento do ensino
Pedras de Fogo;201139;;012025;2025;17115111;Cota-Parte do Fundo de Participação dos Municípios - Cota Mensal - Principal;Lançamento de Receita;4.037.966,58;500;Recursos não vinculados de Impostos;"Não ";Não Aplicável
Pedras de Fogo;201139;;012025;2025;16110201;Inscrição em Concursos e Processos Seletivos - Principal;Lançamento de Receita;599.192;501;Outros Recursos não Vinculados;"Não ";Não Aplicável
Pedras de Fogo;201139;;122025;2025;13999901;Outras Receitas Patrimoniais - Principal;Lançamento de Receita;4.260;501;Outros Recursos não Vinculados;"Não ";Não Aplicável
Pedras de Fogo;201139;;112025;2025;13999901;Outras Receitas Patrimoniais - Principal;Lançamento de Receita;6.000;501;Outros Recursos não Vinculados;"Não ";Não Aplicável
Pedras de Fogo;201139;;102025;2025;13999901;Outras Receitas Patrimoniais - Principal;Lançamento de Receita;4.685,95;501;Outros Recursos não Vinculados;"Não ";Não Aplicável
Pedras de Fogo;201139;;092025;2025;13999901;Outras Receitas Patrimoniais - Principal;Lançamento de Receita;5.460;501;Outros Recursos não Vinculados;"Não ";Não Aplicável
Pedras de Fogo;201139;;082025;2025;13999901;Outras Receitas Patrimoniais - Principal;Lançamento de Receita;1.680;501;Outros Recursos não Vinculados;"Não ";Não Aplicável
Pedras de Fogo;201139;;072025;2025;13999901;Outras Receitas Patrimoniais - Principal;Lançamento de Receita;4.363,05;501;Outros Recursos não Vinculados;"Não ";Não Aplicável
Pedras de Fogo;201139;;062025;2025;13999901;Outras Receitas Patrimoniais - Principal;Lançamento de Receita;2.091,28;501;Outros Recursos não Vinculados;"Não ";Não Aplicável
Pedras de Fogo;201139;;052025;2025;13999901;Outras Receitas Patrimoniais - Principal;Lançamento de Receita;13.069,8;501;Outros Recursos não Vinculados;"Não ";Não Aplicável
Pedras de Fogo;201139;;042025;2025;13999901;Outras Receitas Patrimoniais - Principal;Lançamento de Receita;12.428,38;501;Outros Recursos não Vinculados;"Não ";Não Aplicável
Pedras de Fogo;201139;;032025;2025;13999901;Outras Receitas Patrimoniais - Principal;Lançamento de Receita;32.476,74;501;Outros Recursos não Vinculados;"Não ";Não Aplicável
Pedras de Fogo;201139;;022025;2025;13999901;Outras Receitas Patrimoniais - Principal;Lançamento de Receita;69.879,67;501;Outros Recursos não Vinculados;"Não ";Não Aplicável
Pedras de Fogo;201139;;012025;2025;13999901;Outras Receitas Patrimoniais - Principal;Lançamento de Receita;11.409,55;501;Outros Recursos não Vinculados;"Não ";Não Aplicável
Pedras de Fogo;201139;;122025;2025;13210101;Remuneração de Depósitos Bancários - Principal;Lançamento de Receita;15.394,36;710;Transferência Especial dos Estados;3210;Identificação das Transferências dos Estados decorrentes de emendas parlamentares individuais
Pedras de Fogo;201139;;122025;2025;13210101;Remuneração de Depósitos Bancários - Principal;Lançamento de Receita;9.079,59;569;Outras Transferências de Recursos do FNDE;"Não ";Não Aplicável
Pedras de Fogo;201139;;122025;2025;13210101;Remuneração de Depósitos Bancários - Principal;Lançamento de Receita;1.780,47;632;Transferências do Estado referentes a Convênios e outros Repasses vinculados à Saúde;"Não ";Não Aplicável
Pedras de Fogo;201139;;122025;2025;13210101;Remuneração de Depósitos Bancários - Principal;Lançamento de Receita;11.771,12;540;Transferências do FUNDEB - Impostos e Transferências de Impostos;"Não ";Não Aplicável
Pedras de Fogo;201139;;122025;2025;13210101;Remuneração de Depósitos Bancários - Principal;Lançamento de Receita;505,09;550;Transferência do Salário-Educação;"Não ";Não Aplicável
Pedras de Fogo;201139;;122025;2025;13210101;Remuneração de Depósitos Bancários - Principal;Lançamento de Receita;324,3;719;Transferências da Política Nacional Aldir Blanc de Fomento à Cultura - Lei 14.399/2022;"Não ";Não Aplicável
Pedras de Fogo;201139;;122025;2025;13210101;Remuneração de Depósitos Bancários - Principal;Lançamento de Receita;78.719,87;700;Outras Transferências de Convênios ou Repasses da União;"Não ";Não Aplicável
Pedras de Fogo;201139;;122025;2025;13210101;Remuneração de Depósitos Bancários - Principal;Lançamento de Receita;21.239,62;720;Transferências da União Referentes às participações na exploração de Petróleo e Gás Natural destinadas ao FEP - Lei 9.478/1997;"Não ";Não Aplicável
Pedras de Fogo;201139;;122025;2025;13210101;Remuneração de Depósitos Bancários - Principal;Lançamento de Receita;2.198,56;899;Outros Recursos Vinculados;"Não ";Não Aplicável
Pedras de Fogo;201139;;122025;2025;13210101;Remuneração de Depósitos Bancários - Principal;Lançamento de Receita;27.017,96;501;Outros Recursos não Vinculados;"Não ";Não Aplicável
Pedras de Fogo;201139;;122025;2025;13210101;Remuneração de Depósitos Bancários - Principal;Lançamento de Receita;15.970,09;571;Transferências do Estado referentes a Convênios e outros Repasses vinculados à Educação;"Não ";Não Aplicável
Pedras de Fogo;201139;;122025;2025;13210101;Remuneração de Depósitos Bancários - Principal;Lançamento de Receita;2.987,21;500;Recursos não vinculados de Impostos;"Não ";Não Aplicável
Pedras de Fogo;201139;;122025;2025;13210101;Remuneração de Depósitos Bancários - Principal;Lançamento de Receita;7.598,89;706;"Transferência Especial da União ";3110;Identificação das Transferências da União decorrentes de emendas parlamentares individuais
Pedras de Fogo;201139;;112025;2025;13210101;Remuneração de Depósitos Bancários - Principal;Lançamento de Receita;13.866,24;571;Transferências do Estado referentes a Convênios e outros Repasses vinculados à Educação;"Não ";Não Aplicável
Pedras de Fogo;201139;;112025;2025;13210101;Remuneração de Depósitos Bancários - Principal;Lançamento de Receita;6.466,27;706;"Transferência Especial da União ";3110;Identificação das Transferências da União decorrentes de emendas parlamentares individuais
Pedras de Fogo;201139;;112025;2025;13210101;Remuneração de Depósitos Bancários - Principal;Lançamento de Receita;18.727,04;501;Outros Recursos não Vinculados;"Não ";Não Aplicável
Pedras de Fogo;201139;;112025;2025;13210101;Remuneração de Depósitos Bancários - Principal;Lançamento de Receita;9.580;569;Outras Transferências de Recursos do FNDE;"Não ";Não Aplicável
Pedras de Fogo;201139;;112025;2025;13210101;Remuneração de Depósitos Bancários - Principal;Lançamento de Receita;23.837,36;540;Transferências do FUNDEB - Impostos e Transferências de Impostos;"Não ";Não Aplicável
Pedras de Fogo;201139;;112025;2025;13210101;Remuneração de Depósitos Bancários - Principal;Lançamento de Receita;41.326,82;700;Outras Transferências de Convênios ou Repasses da União;"Não ";Não Aplicável
Pedras de Fogo;201139;;112025;2025;13210101;Remuneração de Depósitos Bancários - Principal;Lançamento de Receita;3.508,27;899;Outros Recursos Vinculados;"Não ";Não Aplicável
Pedras de Fogo;201139;;112025;2025;13210101;Remuneração de Depósitos Bancários - Principal;Lançamento de Receita;1.528,46;632;Transferências do Estado referentes a Convênios e outros Repasses vinculados à Saúde;"Não ";Não Aplicável
Pedras de Fogo;201139;;112025;2025;13210101;Remuneração de Depósitos Bancários - Principal;Lançamento de Receita;1.492,36;550;Transferência do Salário-Educação;"Não ";Não Aplicável
Pedras de Fogo;201139;;112025;2025;13210101;Remuneração de Depósitos Bancários - Principal;Lançamento de Receita;299,33;719;Transferências da Política Nacional Aldir Blanc de Fomento à Cultura - Lei 14.399/2022;"Não ";Não Aplicável
Pedras de Fogo;201139;;112025;2025;13210101;Remuneração de Depósitos Bancários - Principal;Lançamento de Receita;2.166,35;500;Recursos não vinculados de Impostos;"Não ";Não Aplicável
Pedras de Fogo;201139;;112025;2025;13210101;Remuneração de Depósitos Bancários - Principal;Lançamento de Receita;13.538,1;710;Transferência Especial dos Estados;3210;Identificação das Transferências dos Estados decorrentes de emendas parlamentares individuais
Pedras de Fogo;201139;;112025;2025;13210101;Remuneração de Depósitos Bancários - Principal;Lançamento de Receita;20.049,5;720;Transferências da União Referentes às participações na exploração de Petróleo e Gás Natural destinadas ao FEP - Lei 9.478/1997;"Não ";Não Aplicável
Pedras de Fogo;201139;;102025;2025;13210101;Remuneração de Depósitos Bancários - Principal;Lançamento de Receita;1.831,64;632;Transferências do Estado referentes a Convênios e outros Repasses vinculados à Saúde;"Não ";Não Aplicável
Pedras de Fogo;201139;;102025;2025;13210101;Remuneração de Depósitos Bancários - Principal;Lançamento de Receita;16.352,29;710;Transferência Especial dos Estados;3210;Identificação das Transferências dos Estados decorrentes de emendas parlamentares individuais
Pedras de Fogo;201139;;102025;2025;13210101;Remuneração de Depósitos Bancários - Principal;Lançamento de Receita;957,97;550;Transferência do Salário-Educação;"Não ";Não Aplicável
Pedras de Fogo;201139;;102025;2025;13210101;Remuneração de Depósitos Bancários - Principal;Lançamento de Receita;16.697,61;571;Transferências do Estado referentes a Convênios e outros Repasses vinculados à Educação;"Não ";Não Aplicável
Pedras de Fogo;201139;;102025;2025;13210101;Remuneração de Depósitos Bancários - Principal;Lançamento de Receita;7.643,93;706;"Transferência Especial da União ";3110;Identificação das Transferências da União decorrentes de emendas parlamentares individuais
Pedras de Fogo;201139;;102025;2025;13210101;Remuneração de Depósitos Bancários - Principal;Lançamento de Receita;4.306,1;899;Outros Recursos Vinculados;"Não ";Não Aplicável
Pedras de Fogo;201139;;102025;2025;13210101;Remuneração de Depósitos Bancários - Principal;Lançamento de Receita;2.106,02;500;Recursos não vinculados de Impostos;"Não ";Não Aplicável
Pedras de Fogo;201139;;102025;2025;13210101;Remuneração de Depósitos Bancários - Principal;Lançamento de Receita;21.061,72;501;Outros Recursos não Vinculados;"Não ";Não Aplicável
Pedras de Fogo;201139;;102025;2025;13210101;Remuneração de Depósitos Bancários - Principal;Lançamento de Receita;20.797,41;540;Transferências do FUNDEB - Impostos e Transferências de Impostos;"Não ";Não Aplicável
Pedras de Fogo;201139;;102025;2025;13210101;Remuneração de Depósitos Bancários - Principal;Lançamento de Receita;436,63;719;Transferências da Política Nacional Aldir Blanc de Fomento à Cultura - Lei 14.399/2022;"Não ";Não Aplicável
Pedras de Fogo;201139;;102025;2025;13210101;Remuneração de Depósitos Bancários - Principal;Lançamento de Receita;13.502,76;569;Outras Transferências de Recursos do FNDE;"Não ";Não Aplicável
Pedras de Fogo;201139;;102025;2025;13210101;Remuneração de Depósitos Bancários - Principal;Lançamento de Receita;106.342,43;700;Outras Transferências de Convênios ou Repasses da União;"Não ";Não Aplicável
Pedras de Fogo;201139;;102025;2025;13210101;Remuneração de Depósitos Bancários - Principal;Lançamento de Receita;24.476;720;Transferências da União Referentes às participações na exploração de Petróleo e Gás Natural destinadas ao FEP - Lei 9.478/1997;"Não ";Não Aplicável
Pedras de Fogo;201139;;092025;2025;13210101;Remuneração de Depósitos Bancários - Principal;Lançamento de Receita;17.153,52;571;Transferências do Estado referentes a Convênios e outros Repasses vinculados à Educação;"Não ";Não Aplicável
Pedras de Fogo;201139;;092025;2025;13210101;Remuneração de Depósitos Bancários - Principal;Lançamento de Receita;4.120,96;899;Outros Recursos Vinculados;"Não ";Não Aplicável
Pedras de Fogo;201139;;092025;2025;13210101;Remuneração de Depósitos Bancários - Principal;Lançamento de Receita;26.086,06;501;Outros Recursos não Vinculados;"Não ";Não Aplicável
Pedras de Fogo;201139;;092025;2025;13210101;Remuneração de Depósitos Bancários - Principal;Lançamento de Receita;15.542,29;569;Outras Transferências de Recursos do FNDE;"Não ";Não Aplicável
Pedras de Fogo;201139;;092025;2025;13210101;Remuneração de Depósitos Bancários - Principal;Lançamento de Receita;34.568,2;700;Outras Transferências de Convênios ou Repasses da União;"Não ";Não Aplicável
Pedras de Fogo;201139;;092025;2025;13210101;Remuneração de Depósitos Bancários - Principal;Lançamento de Receita;24.333,05;720;Transferências da União Referentes às participações na exploração de Petróleo e Gás Natural destinadas ao FEP - Lei 9.478/1997;"Não ";Não Aplicável
Pedras de Fogo;201139;;092025;2025;13210101;Remuneração de Depósitos Bancários - Principal;Lançamento de Receita;15.663,67;710;Transferência Especial dos Estados;3210;Identificação das Transferências dos Estados decorrentes de emendas parlamentares individuais
Pedras de Fogo;201139;;092025;2025;13210101;Remuneração de Depósitos Bancários - Principal;Lançamento de Receita;1.736,47;632;Transferências do Estado referentes a Convênios e outros Repasses vinculados à Saúde;"Não ";Não Aplicável
Pedras de Fogo;201139;;092025;2025;13210101;Remuneração de Depósitos Bancários - Principal;Lançamento de Receita;3.098,03;550;Transferência do Salário-Educação;"Não ";Não Aplicável
Pedras de Fogo;201139;;092025;2025;13210101;Remuneração de Depósitos Bancários - Principal;Lançamento de Receita;634,4;500;Recursos não vinculados de Impostos;"Não ";Não Aplicável
Pedras de Fogo;201139;;092025;2025;13210101;Remuneração de Depósitos Bancários - Principal;Lançamento de Receita;7.016,47;706;"Transferência Especial da União ";3110;Identificação das Transferências da União decorrentes de emendas parlamentares individuais
Pedras de Fogo;201139;;092025;2025;13210101;Remuneração de Depósitos Bancários - Principal;Lançamento de Receita;15.843,28;540;Transferências do FUNDEB - Impostos e Transferências de Impostos;"Não ";Não Aplicável
Pedras de Fogo;201139;;092025;2025;13210101;Remuneração de Depósitos Bancários - Principal;Lançamento de Receita;912,7;719;Transferências da Política Nacional Aldir Blanc de Fomento à Cultura - Lei 14.399/2022;"Não ";Não Aplicável
Pedras de Fogo;201139;;082025;2025;13210101;Remuneração de Depósitos Bancários - Principal;Lançamento de Receita;1.643,32;632;Transferências do Estado referentes a Convênios e outros Repasses vinculados à Saúde;"Não ";Não Aplicável
Pedras de Fogo;201139;;082025;2025;13210101;Remuneração de Depósitos Bancários - Principal;Lançamento de Receita;30.417,74;501;Outros Recursos não Vinculados;"Não ";Não Aplicável
Pedras de Fogo;201139;;082025;2025;13210101;Remuneração de Depósitos Bancários - Principal;Lançamento de Receita;25.333,27;720;Transferências da União Referentes às participações na exploração de Petróleo e Gás Natural destinadas ao FEP - Lei 9.478/1997;"Não ";Não Aplicável
Pedras de Fogo;201139;;082025;2025;13210101;Remuneração de Depósitos Bancários - Principal;Lançamento de Receita;67.218,31;700;Outras Transferências de Convênios ou Repasses da União;"Não ";Não Aplicável
Pedras de Fogo;201139;;082025;2025;13210101;Remuneração de Depósitos Bancários - Principal;Lançamento de Receita;17.670,07;571;Transferências do Estado referentes a Convênios e outros Repasses vinculados à Educação;"Não ";Não Aplicável
Pedras de Fogo;201139;;082025;2025;13210101;Remuneração de Depósitos Bancários - Principal;Lançamento de Receita;11.519,52;540;Transferências do FUNDEB - Impostos e Transferências de Impostos;"Não ";Não Aplicável
Pedras de Fogo;201139;;082025;2025;13210101;Remuneração de Depósitos Bancários - Principal;Lançamento de Receita;14.996,74;710;Transferência Especial dos Estados;3210;Identificação das Transferências dos Estados decorrentes de emendas parlamentares individuais
Pedras de Fogo;201139;;082025;2025;13210101;Remuneração de Depósitos Bancários - Principal;Lançamento de Receita;3.044,29;500;Recursos não vinculados de Impostos;"Não ";Não Aplicável
Pedras de Fogo;201139;;082025;2025;13210101;Remuneração de Depósitos Bancários - Principal;Lançamento de Receita;3.937,49;899;Outros Recursos Vinculados;"Não ";Não Aplicável
Pedras de Fogo;201139;;082025;2025;13210101;Remuneração de Depósitos Bancários - Principal;Lançamento de Receita;863,75;719;Transferências da Política Nacional Aldir Blanc de Fomento à Cultura - Lei 14.399/2022;"Não ";Não Aplicável
Pedras de Fogo;201139;;082025;2025;13210101;Remuneração de Depósitos Bancários - Principal;Lançamento de Receita;7.590,78;550;Transferência do Salário-Educação;"Não ";Não Aplicável
Pedras de Fogo;201139;;082025;2025;13210101;Remuneração de Depósitos Bancários - Principal;Lançamento de Receita;6.938,87;706;"Transferência Especial da União ";3110;Identificação das Transferências da União decorrentes de emendas parlamentares individuais
Pedras de Fogo;201139;;082025;2025;13210101;Remuneração de Depósitos Bancários - Principal;Lançamento de Receita;4.526,94;569;Outras Transferências de Recursos do FNDE;"Não ";Não Aplicável
Pedras de Fogo;201139;;072025;2025;13210101;Remuneração de Depósitos Bancários - Principal;Lançamento de Receita;8.835,76;550;Transferência do Salário-Educação;"Não ";Não Aplicável
Pedras de Fogo;201139;;072025;2025;13210101;Remuneração de Depósitos Bancários - Principal;Lançamento de Receita;30.236,62;720;Transferências da União Referentes às participações na exploração de Petróleo e Gás Natural destinadas ao FEP - Lei 9.478/1997;"Não ";Não Aplicável
Pedras de Fogo;201139;;072025;2025;13210101;Remuneração de Depósitos Bancários - Principal;Lançamento de Receita;1.783,56;632;Transferências do Estado referentes a Convênios e outros Repasses vinculados à Saúde;"Não ";Não Aplicável
Pedras de Fogo;201139;;072025;2025;13210101;Remuneração de Depósitos Bancários - Principal;Lançamento de Receita;4.181,71;899;Outros Recursos Vinculados;"Não ";Não Aplicável
Pedras de Fogo;201139;;072025;2025;13210101;Remuneração de Depósitos Bancários - Principal;Lançamento de Receita;1.776,07;500;Recursos não vinculados de Impostos;"Não ";Não Aplicável
Pedras de Fogo;201139;;072025;2025;13210101;Remuneração de Depósitos Bancários - Principal;Lançamento de Receita;19.196,6;571;Transferências do Estado referentes a Convênios e outros Repasses vinculados à Educação;"Não ";Não Aplicável
Pedras de Fogo;201139;;072025;2025;13210101;Remuneração de Depósitos Bancários - Principal;Lançamento de Receita;7.499,24;706;"Transferência Especial da União ";3110;Identificação das Transferências da União decorrentes de emendas parlamentares individuais
Pedras de Fogo;201139;;072025;2025;13210101;Remuneração de Depósitos Bancários - Principal;Lançamento de Receita;5.461,42;569;Outras Transferências de Recursos do FNDE;"Não ";Não Aplicável
Pedras de Fogo;201139;;072025;2025;13210101;Remuneração de Depósitos Bancários - Principal;Lançamento de Receita;66.155,64;700;Outras Transferências de Convênios ou Repasses da União;"Não ";Não Aplicável
Pedras de Fogo;201139;;072025;2025;13210101;Remuneração de Depósitos Bancários - Principal;Lançamento de Receita;40.235,91;501;Outros Recursos não Vinculados;"Não ";Não Aplicável
Pedras de Fogo;201139;;072025;2025;13210101;Remuneração de Depósitos Bancários - Principal;Lançamento de Receita;16.454,16;710;Transferência Especial dos Estados;3210;Identificação das Transferências dos Estados decorrentes de emendas parlamentares individuais
Pedras de Fogo;201139;;072025;2025;13210101;Remuneração de Depósitos Bancários - Principal;Lançamento de Receita;937,45;719;Transferências da Política Nacional Aldir Blanc de Fomento à Cultura - Lei 14.399/2022;"Não ";Não Aplicável
Pedras de Fogo;201139;;072025;2025;13210101;Remuneração de Depósitos Bancários - Principal;Lançamento de Receita;16.734,08;540;Transferências do FUNDEB - Impostos e Transferências de Impostos;"Não ";Não Aplicável
Pedras de Fogo;201139;;072025;2025;13210101;Remuneração de Depósitos Bancários - Principal;Lançamento de Receita;0,45;576;Transferências de Recursos dos Estados para programas de educação;"Não ";Não Aplicável
Pedras de Fogo;201139;;062025;2025;13210101;Remuneração de Depósitos Bancários - Principal;Lançamento de Receita;3.704,87;899;Outros Recursos Vinculados;"Não ";Não Aplicável
Pedras de Fogo;201139;;062025;2025;13210101;Remuneração de Depósitos Bancários - Principal;Lançamento de Receita;1.513,84;632;Transferências do Estado referentes a Convênios e outros Repasses vinculados à Saúde;"Não ";Não Aplicável
Pedras de Fogo;201139;;062025;2025;13210101;Remuneração de Depósitos Bancários - Principal;Lançamento de Receita;26.655,72;501;Outros Recursos não Vinculados;"Não ";Não Aplicável
Pedras de Fogo;201139;;062025;2025;13210101;Remuneração de Depósitos Bancários - Principal;Lançamento de Receita;1.838,35;500;Recursos não vinculados de Impostos;"Não ";Não Aplicável
Pedras de Fogo;201139;;062025;2025;13210101;Remuneração de Depósitos Bancários - Principal;Lançamento de Receita;6.128,13;550;Transferência do Salário-Educação;"Não ";Não Aplicável
Pedras de Fogo;201139;;062025;2025;13210101;Remuneração de Depósitos Bancários - Principal;Lançamento de Receita;15.828,23;700;Outras Transferências de Convênios ou Repasses da União;"Não ";Não Aplicável
Pedras de Fogo;201139;;062025;2025;13210101;Remuneração de Depósitos Bancários - Principal;Lançamento de Receita;16.399,44;571;Transferências do Estado referentes a Convênios e outros Repasses vinculados à Educação;"Não ";Não Aplicável
Pedras de Fogo;201139;;062025;2025;13210101;Remuneração de Depósitos Bancários - Principal;Lançamento de Receita;28.954,82;720;Transferências da União Referentes às participações na exploração de Petróleo e Gás Natural destinadas ao FEP - Lei 9.478/1997;"Não ";Não Aplicável
Pedras de Fogo;201139;;062025;2025;13210101;Remuneração de Depósitos Bancários - Principal;Lançamento de Receita;5.324,77;569;Outras Transferências de Recursos do FNDE;"Não ";Não Aplicável
Pedras de Fogo;201139;;062025;2025;13210101;Remuneração de Depósitos Bancários - Principal;Lançamento de Receita;8.642,59;710;Transferência Especial dos Estados;3210;Identificação das Transferências dos Estados decorrentes de emendas parlamentares individuais
Pedras de Fogo;201139;;062025;2025;13210101;Remuneração de Depósitos Bancários - Principal;Lançamento de Receita;6.362,85;706;"Transferência Especial da União ";3110;Identificação das Transferências da União decorrentes de emendas parlamentares individuais
Pedras de Fogo;201139;;062025;2025;13210101;Remuneração de Depósitos Bancários - Principal;Lançamento de Receita;795,68;719;Transferências da Política Nacional Aldir Blanc de Fomento à Cultura - Lei 14.399/2022;"Não ";Não Aplicável
Pedras de Fogo;201139;;062025;2025;13210101;Remuneração de Depósitos Bancários - Principal;Lançamento de Receita;18.706,36;540;Transferências do FUNDEB - Impostos e Transferências de Impostos;"Não ";Não Aplicável
Pedras de Fogo;201139;;052025;2025;13210101;Remuneração de Depósitos Bancários - Principal;Lançamento de Receita;22,06;576;Transferências de Recursos dos Estados para programas de educação;"Não ";Não Aplicável
Pedras de Fogo;201139;;052025;2025;13210101;Remuneração de Depósitos Bancários - Principal;Lançamento de Receita;3.668,41;899;Outros Recursos Vinculados;"Não ";Não Aplicável
Pedras de Fogo;201139;;052025;2025;13210101;Remuneração de Depósitos Bancários - Principal;Lançamento de Receita;31.393,08;501;Outros Recursos não Vinculados;"Não ";Não Aplicável
Pedras de Fogo;201139;;052025;2025;13210101;Remuneração de Depósitos Bancários - Principal;Lançamento de Receita;16.085,49;700;Outras Transferências de Convênios ou Repasses da União;"Não ";Não Aplicável
Pedras de Fogo;201139;;052025;2025;13210101;Remuneração de Depósitos Bancários - Principal;Lançamento de Receita;417,07;632;Transferências do Estado referentes a Convênios e outros Repasses vinculados à Saúde;"Não ";Não Aplicável
Pedras de Fogo;201139;;052025;2025;13210101;Remuneração de Depósitos Bancários - Principal;Lançamento de Receita;7.927,4;569;Outras Transferências de Recursos do FNDE;"Não ";Não Aplicável
Pedras de Fogo;201139;;052025;2025;13210101;Remuneração de Depósitos Bancários - Principal;Lançamento de Receita;2.739,34;500;Recursos não vinculados de Impostos;"Não ";Não Aplicável
Pedras de Fogo;201139;;052025;2025;13210101;Remuneração de Depósitos Bancários - Principal;Lançamento de Receita;1.132,78;710;Transferência Especial dos Estados;"Não ";Não Aplicável
Pedras de Fogo;201139;;052025;2025;13210101;Remuneração de Depósitos Bancários - Principal;Lançamento de Receita;6.530,97;706;"Transferência Especial da União ";3110;Identificação das Transferências da União decorrentes de emendas parlamentares individuais
Pedras de Fogo;201139;;052025;2025;13210101;Remuneração de Depósitos Bancários - Principal;Lançamento de Receita;17.164,69;571;Transferências do Estado referentes a Convênios e outros Repasses vinculados à Educação;"Não ";Não Aplicável
Pedras de Fogo;201139;;052025;2025;13210101;Remuneração de Depósitos Bancários - Principal;Lançamento de Receita;911,73;719;Transferências da Política Nacional Aldir Blanc de Fomento à Cultura - Lei 14.399/2022;"Não ";Não Aplicável
Pedras de Fogo;201139;;052025;2025;13210101;Remuneração de Depósitos Bancários - Principal;Lançamento de Receita;5.496,96;550;Transferência do Salário-Educação;"Não ";Não Aplicável
Pedras de Fogo;201139;;052025;2025;13210101;Remuneração de Depósitos Bancários - Principal;Lançamento de Receita;7.957,88;710;Transferência Especial dos Estados;3210;Identificação das Transferências dos Estados decorrentes de emendas parlamentares individuais
Pedras de Fogo;201139;;052025;2025;13210101;Remuneração de Depósitos Bancários - Principal;Lançamento de Receita;35.371,33;540;Transferências do FUNDEB - Impostos e Transferências de Impostos;"Não ";Não Aplicável
Pedras de Fogo;201139;;052025;2025;13210101;Remuneração de Depósitos Bancários - Principal;Lançamento de Receita;33.568,05;720;Transferências da União Referentes às participações na exploração de Petróleo e Gás Natural destinadas ao FEP - Lei 9.478/1997;"Não ";Não Aplicável
Pedras de Fogo;201139;;042025;2025;13210101;Remuneração de Depósitos Bancários - Principal;Lançamento de Receita;1.034,21;710;Transferência Especial dos Estados;"Não ";Não Aplicável
Pedras de Fogo;201139;;042025;2025;13210101;Remuneração de Depósitos Bancários - Principal;Lançamento de Receita;3.527,61;899;Outros Recursos Vinculados;"Não ";Não Aplicável
Pedras de Fogo;201139;;042025;2025;13210101;Remuneração de Depósitos Bancários - Principal;Lançamento de Receita;380,78;632;Transferências do Estado referentes a Convênios e outros Repasses vinculados à Saúde;"Não ";Não Aplicável
Pedras de Fogo;201139;;042025;2025;13210101;Remuneração de Depósitos Bancários - Principal;Lançamento de Receita;3.570,91;550;Transferência do Salário-Educação;"Não ";Não Aplicável
Pedras de Fogo;201139;;042025;2025;13210101;Remuneração de Depósitos Bancários - Principal;Lançamento de Receita;38.021,01;540;Transferências do FUNDEB - Impostos e Transferências de Impostos;"Não ";Não Aplicável
Pedras de Fogo;201139;;042025;2025;13210101;Remuneração de Depósitos Bancários - Principal;Lançamento de Receita;5.966,04;706;"Transferência Especial da União ";3110;Identificação das Transferências da União decorrentes de emendas parlamentares individuais
Pedras de Fogo;201139;;042025;2025;13210101;Remuneração de Depósitos Bancários - Principal;Lançamento de Receita;33.546,13;501;Outros Recursos não Vinculados;"Não ";Não Aplicável
Pedras de Fogo;201139;;042025;2025;13210101;Remuneração de Depósitos Bancários - Principal;Lançamento de Receita;2.936,84;500;Recursos não vinculados de Impostos;"Não ";Não Aplicável
Pedras de Fogo;201139;;042025;2025;13210101;Remuneração de Depósitos Bancários - Principal;Lançamento de Receita;15.845,01;571;Transferências do Estado referentes a Convênios e outros Repasses vinculados à Educação;"Não ";Não Aplicável
Pedras de Fogo;201139;;042025;2025;13210101;Remuneração de Depósitos Bancários - Principal;Lançamento de Receita;31.607,47;720;Transferências da União Referentes às participações na exploração de Petróleo e Gás Natural destinadas ao FEP - Lei 9.478/1997;"Não ";Não Aplicável
Pedras de Fogo;201139;;042025;2025;13210101;Remuneração de Depósitos Bancários - Principal;Lançamento de Receita;9.600,13;569;Outras Transferências de Recursos do FNDE;"Não ";Não Aplicável
Pedras de Fogo;201139;;042025;2025;13210101;Remuneração de Depósitos Bancários - Principal;Lançamento de Receita;1.063,4;719;Transferências da Política Nacional Aldir Blanc de Fomento à Cultura - Lei 14.399/2022;"Não ";Não Aplicável
Pedras de Fogo;201139;;042025;2025;13210101;Remuneração de Depósitos Bancários - Principal;Lançamento de Receita;7.528,88;710;Transferência Especial dos Estados;3210;Identificação das Transferências dos Estados decorrentes de emendas parlamentares individuais
Pedras de Fogo;201139;;042025;2025;13210101;Remuneração de Depósitos Bancários - Principal;Lançamento de Receita;2,96;576;Transferências de Recursos dos Estados para programas de educação;"Não ";Não Aplicável
Pedras de Fogo;201139;;042025;2025;13210101;Remuneração de Depósitos Bancários - Principal;Lançamento de Receita;10.986,74;700;Outras Transferências de Convênios ou Repasses da União;"Não ";Não Aplicável
Pedras de Fogo;201139;;032025;2025;13210101;Remuneração de Depósitos Bancários - Principal;Lançamento de Receita;339,24;632;Transferências do Estado referentes a Convênios e outros Repasses vinculados à Saúde;"Não ";Não Aplicável
Pedras de Fogo;201139;;032025;2025;13210101;Remuneração de Depósitos Bancários - Principal;Lançamento de Receita;2.990,83;550;Transferência do Salário-Educação;"Não ";Não Aplicável
Pedras de Fogo;201139;;032025;2025;13210101;Remuneração de Depósitos Bancários - Principal;Lançamento de Receita;921,41;710;Transferência Especial dos Estados;"Não ";Não Aplicável
Pedras de Fogo;201139;;032025;2025;13210101;Remuneração de Depósitos Bancários - Principal;Lançamento de Receita;6.844,22;710;Transferência Especial dos Estados;3210;Identificação das Transferências dos Estados decorrentes de emendas parlamentares individuais
Pedras de Fogo;201139;;032025;2025;13210101;Remuneração de Depósitos Bancários - Principal;Lançamento de Receita;947,41;719;Transferências da Política Nacional Aldir Blanc de Fomento à Cultura - Lei 14.399/2022;"Não ";Não Aplicável
Pedras de Fogo;201139;;032025;2025;13210101;Remuneração de Depósitos Bancários - Principal;Lançamento de Receita;26.869,67;720;Transferências da União Referentes às participações na exploração de Petróleo e Gás Natural destinadas ao FEP - Lei 9.478/1997;"Não ";Não Aplicável
Pedras de Fogo;201139;;032025;2025;13210101;Remuneração de Depósitos Bancários - Principal;Lançamento de Receita;48.162,13;540;Transferências do FUNDEB - Impostos e Transferências de Impostos;"Não ";Não Aplicável
Pedras de Fogo;201139;;032025;2025;13210101;Remuneração de Depósitos Bancários - Principal;Lançamento de Receita;35.460,87;501;Outros Recursos não Vinculados;"Não ";Não Aplicável
Pedras de Fogo;201139;;032025;2025;13210101;Remuneração de Depósitos Bancários - Principal;Lançamento de Receita;5.307,26;706;"Transferência Especial da União ";3110;Identificação das Transferências da União decorrentes de emendas parlamentares individuais
Pedras de Fogo;201139;;032025;2025;13210101;Remuneração de Depósitos Bancários - Principal;Lançamento de Receita;3.100,84;899;Outros Recursos Vinculados;"Não ";Não Aplicável
Pedras de Fogo;201139;;032025;2025;13210101;Remuneração de Depósitos Bancários - Principal;Lançamento de Receita;8.682,13;569;Outras Transferências de Recursos do FNDE;"Não ";Não Aplicável
Pedras de Fogo;201139;;032025;2025;13210101;Remuneração de Depósitos Bancários - Principal;Lançamento de Receita;3.894,83;500;Recursos não vinculados de Impostos;"Não ";Não Aplicável
Pedras de Fogo;201139;;032025;2025;13210101;Remuneração de Depósitos Bancários - Principal;Lançamento de Receita;14.492,22;571;Transferências do Estado referentes a Convênios e outros Repasses vinculados à Educação;"Não ";Não Aplicável
Pedras de Fogo;201139;;032025;2025;13210101;Remuneração de Depósitos Bancários - Principal;Lançamento de Receita;14.953,41;700;Outras Transferências de Convênios ou Repasses da União;"Não ";Não Aplicável
Pedras de Fogo;201139;;032025;2025;13210101;Remuneração de Depósitos Bancários - Principal;Lançamento de Receita;2,67;576;Transferências de Recursos dos Estados para programas de educação;"Não ";Não Aplicável
Pedras de Fogo;201139;;022025;2025;13210101;Remuneração de Depósitos Bancários - Principal;Lançamento de Receita;2,65;576;Transferências de Recursos dos Estados para programas de educação;"Não ";Não Aplicável
Pedras de Fogo;201139;;022025;2025;13210101;Remuneração de Depósitos Bancários - Principal;Lançamento de Receita;6.929,64;710;Transferência Especial dos Estados;3210;Identificação das Transferências dos Estados decorrentes de emendas parlamentares individuais
Pedras de Fogo;201139;;022025;2025;13210101;Remuneração de Depósitos Bancários - Principal;Lançamento de Receita;932,91;710;Transferência Especial dos Estados;"Não ";Não Aplicável
Pedras de Fogo;201139;;022025;2025;13210101;Remuneração de Depósitos Bancários - Principal;Lançamento de Receita;14.859,07;571;Transferências do Estado referentes a Convênios e outros Repasses vinculados à Educação;"Não ";Não Aplicável
Pedras de Fogo;201139;;022025;2025;13210101;Remuneração de Depósitos Bancários - Principal;Lançamento de Receita;343,48;632;Transferências do Estado referentes a Convênios e outros Repasses vinculados à Saúde;"Não ";Não Aplicável
Pedras de Fogo;201139;;022025;2025;13210101;Remuneração de Depósitos Bancários - Principal;Lançamento de Receita;5.373,07;706;"Transferência Especial da União ";3110;Identificação das Transferências da União decorrentes de emendas parlamentares individuais
Pedras de Fogo;201139;;022025;2025;13210101;Remuneração de Depósitos Bancários - Principal;Lançamento de Receita;3.235,88;899;Outros Recursos Vinculados;"Não ";Não Aplicável
Pedras de Fogo;201139;;022025;2025;13210101;Remuneração de Depósitos Bancários - Principal;Lançamento de Receita;2.275,69;550;Transferência do Salário-Educação;"Não ";Não Aplicável
Pedras de Fogo;201139;;022025;2025;13210101;Remuneração de Depósitos Bancários - Principal;Lançamento de Receita;33.879,19;501;Outros Recursos não Vinculados;"Não ";Não Aplicável
Pedras de Fogo;201139;;022025;2025;13210101;Remuneração de Depósitos Bancários - Principal;Lançamento de Receita;959,24;719;Transferências da Política Nacional Aldir Blanc de Fomento à Cultura - Lei 14.399/2022;"Não ";Não Aplicável
Pedras de Fogo;201139;;022025;2025;13210101;Remuneração de Depósitos Bancários - Principal;Lançamento de Receita;28.190,53;720;Transferências da União Referentes às participações na exploração de Petróleo e Gás Natural destinadas ao FEP - Lei 9.478/1997;"Não ";Não Aplicável
Pedras de Fogo;201139;;022025;2025;13210101;Remuneração de Depósitos Bancários - Principal;Lançamento de Receita;8.731,14;569;Outras Transferências de Recursos do FNDE;"Não ";Não Aplicável
Pedras de Fogo;201139;;022025;2025;13210101;Remuneração de Depósitos Bancários - Principal;Lançamento de Receita;57.563,01;540;Transferências do FUNDEB - Impostos e Transferências de Impostos;"Não ";Não Aplicável
Pedras de Fogo;201139;;022025;2025;13210101;Remuneração de Depósitos Bancários - Principal;Lançamento de Receita;2.537,52;500;Recursos não vinculados de Impostos;"Não ";Não Aplicável
Pedras de Fogo;201139;;022025;2025;13210101;Remuneração de Depósitos Bancários - Principal;Lançamento de Receita;15.050,04;700;Outras Transferências de Convênios ou Repasses da União;"Não ";Não Aplicável
Pedras de Fogo;201139;;012025;2025;13210101;Remuneração de Depósitos Bancários - Principal;Lançamento de Receita;1.099,62;550;Transferência do Salário-Educação;"Não ";Não Aplicável
Pedras de Fogo;201139;;012025;2025;13210101;Remuneração de Depósitos Bancários - Principal;Lançamento de Receita;3.170,2;899;Outros Recursos Vinculados;"Não ";Não Aplicável
Pedras de Fogo;201139;;012025;2025;13210101;Remuneração de Depósitos Bancários - Principal;Lançamento de Receita;6.868,92;710;Transferência Especial dos Estados;3210;Identificação das Transferências dos Estados decorrentes de emendas parlamentares individuais
Pedras de Fogo;201139;;012025;2025;13210101;Remuneração de Depósitos Bancários - Principal;Lançamento de Receita;326,66;715;Transferências Destinadas ao Setor Cultural - LC nº 195/2022 - Art. 5º - Audiovisual;"Não ";Não Aplicável
Pedras de Fogo;201139;;012025;2025;13210101;Remuneração de Depósitos Bancários - Principal;Lançamento de Receita;23.161,08;501;Outros Recursos não Vinculados;"Não ";Não Aplicável
Pedras de Fogo;201139;;012025;2025;13210101;Remuneração de Depósitos Bancários - Principal;Lançamento de Receita;950,84;719;Transferências da Política Nacional Aldir Blanc de Fomento à Cultura - Lei 14.399/2022;"Não ";Não Aplicável
Pedras de Fogo;201139;;012025;2025;13210101;Remuneração de Depósitos Bancários - Principal;Lançamento de Receita;53,97;576;Transferências de Recursos dos Estados para programas de educação;"Não ";Não Aplicável
Pedras de Fogo;201139;;012025;2025;13210101;Remuneração de Depósitos Bancários - Principal;Lançamento de Receita;28.364,23;540;Transferências do FUNDEB - Impostos e Transferências de Impostos;"Não ";Não Aplicável
Pedras de Fogo;201139;;012025;2025;13210101;Remuneração de Depósitos Bancários - Principal;Lançamento de Receita;20.215,65;700;Outras Transferências de Convênios ou Repasses da União;"Não ";Não Aplicável
Pedras de Fogo;201139;;012025;2025;13210101;Remuneração de Depósitos Bancários - Principal;Lançamento de Receita;16,2;716;Transferências Destinadas ao Setor cultural - LC nº 195/2022 - Art. 8º - Demais Setores da Cultura;"Não ";Não Aplicável
Pedras de Fogo;201139;;012025;2025;13210101;Remuneração de Depósitos Bancários - Principal;Lançamento de Receita;340,47;632;Transferências do Estado referentes a Convênios e outros Repasses vinculados à Saúde;"Não ";Não Aplicável
Pedras de Fogo;201139;;012025;2025;13210101;Remuneração de Depósitos Bancários - Principal;Lançamento de Receita;15.513,82;571;Transferências do Estado referentes a Convênios e outros Repasses vinculados à Educação;"Não ";Não Aplicável
Pedras de Fogo;201139;;012025;2025;13210101;Remuneração de Depósitos Bancários - Principal;Lançamento de Receita;29.682,4;720;Transferências da União Referentes às participações na exploração de Petróleo e Gás Natural destinadas ao FEP - Lei 9.478/1997;"Não ";Não Aplicável
Pedras de Fogo;201139;;012025;2025;13210101;Remuneração de Depósitos Bancários - Principal;Lançamento de Receita;5.300,11;706;"Transferência Especial da União ";3110;Identificação das Transferências da União decorrentes de emendas parlamentares individuais
Pedras de Fogo;201139;;012025;2025;13210101;Remuneração de Depósitos Bancários - Principal;Lançamento de Receita;924,74;710;Transferência Especial dos Estados;"Não ";Não Aplicável
Pedras de Fogo;201139;;012025;2025;13210101;Remuneração de Depósitos Bancários - Principal;Lançamento de Receita;9.108,03;569;Outras Transferências de Recursos do FNDE;"Não ";Não Aplicável
Pedras de Fogo;201139;;012025;2025;13210101;Remuneração de Depósitos Bancários - Principal;Lançamento de Receita;805,41;500;Recursos não vinculados de Impostos;"Não ";Não Aplicável
Pedras de Fogo;201139;;122025;2025;12415001;Contribuição para o Custeio do Serviço de Iluminação Pública - Principal;Lançamento de Receita;241.422,9;751;Recursos da Contribuição para o Custeio do Serviço de Iluminação Pública - COSIP;"Não ";Não Aplicável
Pedras de Fogo;201139;;112025;2025;12415001;Contribuição para o Custeio do Serviço de Iluminação Pública - Principal;Lançamento de Receita;256.642,74;751;Recursos da Contribuição para o Custeio do Serviço de Iluminação Pública - COSIP;"Não ";Não Aplicável
Pedras de Fogo;201139;;102025;2025;12415001;Contribuição para o Custeio do Serviço de Iluminação Pública - Principal;Lançamento de Receita;234.954,19;751;Recursos da Contribuição para o Custeio do Serviço de Iluminação Pública - COSIP;"Não ";Não Aplicável
Pedras de Fogo;201139;;092025;2025;12415001;Contribuição para o Custeio do Serviço de Iluminação Pública - Principal;Lançamento de Receita;243.619,26;751;Recursos da Contribuição para o Custeio do Serviço de Iluminação Pública - COSIP;"Não ";Não Aplicável
Pedras de Fogo;201139;;082025;2025;12415001;Contribuição para o Custeio do Serviço de Iluminação Pública - Principal;Lançamento de Receita;225.381,5;751;Recursos da Contribuição para o Custeio do Serviço de Iluminação Pública - COSIP;"Não ";Não Aplicável
Pedras de Fogo;201139;;072025;2025;12415001;Contribuição para o Custeio do Serviço de Iluminação Pública - Principal;Lançamento de Receita;227.054,83;751;Recursos da Contribuição para o Custeio do Serviço de Iluminação Pública - COSIP;"Não ";Não Aplicável
Pedras de Fogo;201139;;062025;2025;12415001;Contribuição para o Custeio do Serviço de Iluminação Pública - Principal;Lançamento de Receita;252.035,78;751;Recursos da Contribuição para o Custeio do Serviço de Iluminação Pública - COSIP;"Não ";Não Aplicável
Pedras de Fogo;201139;;052025;2025;12415001;Contribuição para o Custeio do Serviço de Iluminação Pública - Principal;Lançamento de Receita;218.242,51;751;Recursos da Contribuição para o Custeio do Serviço de Iluminação Pública - COSIP;"Não ";Não Aplicável
Pedras de Fogo;201139;;042025;2025;12415001;Contribuição para o Custeio do Serviço de Iluminação Pública - Principal;Lançamento de Receita;228.819,25;751;Recursos da Contribuição para o Custeio do Serviço de Iluminação Pública - COSIP;"Não ";Não Aplicável
Pedras de Fogo;201139;;032025;2025;12415001;Contribuição para o Custeio do Serviço de Iluminação Pública - Principal;Lançamento de Receita;223.882,76;751;Recursos da Contribuição para o Custeio do Serviço de Iluminação Pública - COSIP;"Não ";Não Aplicável
Pedras de Fogo;201139;;022025;2025;12415001;Contribuição para o Custeio do Serviço de Iluminação Pública - Principal;Lançamento de Receita;241.666,47;751;Recursos da Contribuição para o Custeio do Serviço de Iluminação Pública - COSIP;"Não ";Não Aplicável
Pedras de Fogo;201139;;012025;2025;12415001;Contribuição para o Custeio do Serviço de Iluminação Pública - Principal;Lançamento de Receita;225.662,69;751;Recursos da Contribuição para o Custeio do Serviço de Iluminação Pública - COSIP;"Não ";Não Aplicável
Pedras de Fogo;201139;;122025;2025;12219911;Outras Contribuições Econômicas – Não Arrecadadas e Não Projetadas pela RFB - Principal;Lançamento de Receita;36.107,15;501;Outros Recursos não Vinculados;"Não ";Não Aplicável
Pedras de Fogo;201139;;112025;2025;12219911;Outras Contribuições Econômicas – Não Arrecadadas e Não Projetadas pela RFB - Principal;Lançamento de Receita;32.788,9;501;Outros Recursos não Vinculados;"Não ";Não Aplicável
Pedras de Fogo;201139;;102025;2025;12219911;Outras Contribuições Econômicas – Não Arrecadadas e Não Projetadas pela RFB - Principal;Lançamento de Receita;37.084,12;501;Outros Recursos não Vinculados;"Não ";Não Aplicável
Pedras de Fogo;201139;;092025;2025;12219911;Outras Contribuições Econômicas – Não Arrecadadas e Não Projetadas pela RFB - Principal;Lançamento de Receita;41.888,25;501;Outros Recursos não Vinculados;"Não ";Não Aplicável
Pedras de Fogo;201139;;082025;2025;12219911;Outras Contribuições Econômicas – Não Arrecadadas e Não Projetadas pela RFB - Principal;Lançamento de Receita;34.061,09;501;Outros Recursos não Vinculados;"Não ";Não Aplicável
Pedras de Fogo;201139;;072025;2025;12219911;Outras Contribuições Econômicas – Não Arrecadadas e Não Projetadas pela RFB - Principal;Lançamento de Receita;31.932,77;501;Outros Recursos não Vinculados;"Não ";Não Aplicável
Pedras de Fogo;201139;;062025;2025;12219911;Outras Contribuições Econômicas – Não Arrecadadas e Não Projetadas pela RFB - Principal;Lançamento de Receita;28.508,17;501;Outros Recursos não Vinculados;"Não ";Não Aplicável
Pedras de Fogo;201139;;052025;2025;12219911;Outras Contribuições Econômicas – Não Arrecadadas e Não Projetadas pela RFB - Principal;Lançamento de Receita;28.481,14;501;Outros Recursos não Vinculados;"Não ";Não Aplicável
Pedras de Fogo;201139;;042025;2025;12219911;Outras Contribuições Econômicas – Não Arrecadadas e Não Projetadas pela RFB - Principal;Lançamento de Receita;23.669,45;501;Outros Recursos não Vinculados;"Não ";Não Aplicável
Pedras de Fogo;201139;;032025;2025;12219911;Outras Contribuições Econômicas – Não Arrecadadas e Não Projetadas pela RFB - Principal;Lançamento de Receita;25.583,48;501;Outros Recursos não Vinculados;"Não ";Não Aplicável
Pedras de Fogo;201139;;022025;2025;12219911;Outras Contribuições Econômicas – Não Arrecadadas e Não Projetadas pela RFB - Principal;Lançamento de Receita;23.882,89;501;Outros Recursos não Vinculados;"Não ";Não Aplicável
Pedras de Fogo;201139;;012025;2025;12219911;Outras Contribuições Econômicas – Não Arrecadadas e Não Projetadas pela RFB - Principal;Lançamento de Receita;15.833,42;501;Outros Recursos não Vinculados;"Não ";Não Aplicável
Pedras de Fogo;201139;;122025;2025;11215001;Taxa de Fiscalização de Vigilância Sanitária - Principal;Lançamento de Receita;1.068,6;501;Outros Recursos não Vinculados;"Não ";Não Aplicável
Pedras de Fogo;201139;;112025;2025;11215001;Taxa de Fiscalização de Vigilância Sanitária - Principal;Lançamento de Receita;498,68;501;Outros Recursos não Vinculados;"Não ";Não Aplicável
Pedras de Fogo;201139;;102025;2025;11215001;Taxa de Fiscalização de Vigilância Sanitária - Principal;Lançamento de Receita;2.929,4;501;Outros Recursos não Vinculados;"Não ";Não Aplicável
Pedras de Fogo;201139;;082025;2025;11215001;Taxa de Fiscalização de Vigilância Sanitária - Principal;Lançamento de Receita;849,6;501;Outros Recursos não Vinculados;"Não ";Não Aplicável
Pedras de Fogo;201139;;062025;2025;11215001;Taxa de Fiscalização de Vigilância Sanitária - Principal;Lançamento de Receita;1.052,21;501;Outros Recursos não Vinculados;"Não ";Não Aplicável
Pedras de Fogo;201139;;032025;2025;11215001;Taxa de Fiscalização de Vigilância Sanitária - Principal;Lançamento de Receita;344,25;501;Outros Recursos não Vinculados;"Não ";Não Aplicável
Pedras de Fogo;201139;;122025;2025;11210101;Taxas de Inspeção, Controle e Fiscalização - Principal;Lançamento de Receita;12.609,27;501;Outros Recursos não Vinculados;"Não ";Não Aplicável
Pedras de Fogo;201139;;112025;2025;11210101;Taxas de Inspeção, Controle e Fiscalização - Principal;Lançamento de Receita;20.330,86;501;Outros Recursos não Vinculados;"Não ";Não Aplicável
Pedras de Fogo;201139;;102025;2025;11210101;Taxas de Inspeção, Controle e Fiscalização - Principal;Lançamento de Receita;18.040,63;501;Outros Recursos não Vinculados;"Não ";Não Aplicável
Pedras de Fogo;201139;;092025;2025;11210101;Taxas de Inspeção, Controle e Fiscalização - Principal;Lançamento de Receita;20.156,74;501;Outros Recursos não Vinculados;"Não ";Não Aplicável
Pedras de Fogo;201139;;082025;2025;11210101;Taxas de Inspeção, Controle e Fiscalização - Principal;Lançamento de Receita;26.068,9;501;Outros Recursos não Vinculados;"Não ";Não Aplicável
Pedras de Fogo;201139;;072025;2025;11210101;Taxas de Inspeção, Controle e Fiscalização - Principal;Lançamento de Receita;41.632;501;Outros Recursos não Vinculados;"Não ";Não Aplicável
Pedras de Fogo;201139;;062025;2025;11210101;Taxas de Inspeção, Controle e Fiscalização - Principal;Lançamento de Receita;52.638,64;501;Outros Recursos não Vinculados;"Não ";Não Aplicável
Pedras de Fogo;201139;;052025;2025;11210101;Taxas de Inspeção, Controle e Fiscalização - Principal;Lançamento de Receita;128.754,69;501;Outros Recursos não Vinculados;"Não ";Não Aplicável
Pedras de Fogo;201139;;042025;2025;11210101;Taxas de Inspeção, Controle e Fiscalização - Principal;Lançamento de Receita;24.086,32;501;Outros Recursos não Vinculados;"Não ";Não Aplicável
Pedras de Fogo;201139;;032025;2025;11210101;Taxas de Inspeção, Controle e Fiscalização - Principal;Lançamento de Receita;39.844,81;501;Outros Recursos não Vinculados;"Não ";Não Aplicável
Pedras de Fogo;201139;;022025;2025;11210101;Taxas de Inspeção, Controle e Fiscalização - Principal;Lançamento de Receita;27.012,94;501;Outros Recursos não Vinculados;"Não ";Não Aplicável
Pedras de Fogo;201139;;012025;2025;11210101;Taxas de Inspeção, Controle e Fiscalização - Principal;Lançamento de Receita;58.215,5;501;Outros Recursos não Vinculados;"Não ";Não Aplicável
Pedras de Fogo;201139;;022025;2025;11145114;Imposto sobre Serviços de Qualquer Natureza - ISSQN - Dívida Ativa - Multas e Juros de Mora da Dívida Ativa;Lançamento de Receita;66,52;500;Recursos não vinculados de Impostos;"Não ";Não Aplicável
Pedras de Fogo;201139;;032025;2025;11145112;Imposto sobre Serviços de Qualquer Natureza - ISSQN - Multas e Juros de Mora;Lançamento de Receita;7,25;500;Recursos não vinculados de Impostos;"Não ";Não Aplicável
Pedras de Fogo;201139;;022025;2025;11145112;Imposto sobre Serviços de Qualquer Natureza - ISSQN - Multas e Juros de Mora;Lançamento de Receita;1,49;500;Recursos não vinculados de Impostos;"Não ";Não Aplicável
Pedras de Fogo;201139;;122025;2025;11145111;Imposto sobre Serviços de Qualquer Natureza - ISSQN - Principal;Lançamento de Receita;246.367,11;500;Recursos não vinculados de Impostos;"Não ";Não Aplicável
Pedras de Fogo;201139;;112025;2025;11145111;Imposto sobre Serviços de Qualquer Natureza - ISSQN - Principal;Lançamento de Receita;252.147,94;500;Recursos não vinculados de Impostos;"Não ";Não Aplicável
Pedras de Fogo;201139;;102025;2025;11145111;Imposto sobre Serviços de Qualquer Natureza - ISSQN - Principal;Lançamento de Receita;230.406,22;500;Recursos não vinculados de Impostos;"Não ";Não Aplicável
Pedras de Fogo;201139;;092025;2025;11145111;Imposto sobre Serviços de Qualquer Natureza - ISSQN - Principal;Lançamento de Receita;301.155,89;500;Recursos não vinculados de Impostos;"Não ";Não Aplicável
Pedras de Fogo;201139;;082025;2025;11145111;Imposto sobre Serviços de Qualquer Natureza - ISSQN - Principal;Lançamento de Receita;244.104,43;500;Recursos não vinculados de Impostos;"Não ";Não Aplicável
Pedras de Fogo;201139;;072025;2025;11145111;Imposto sobre Serviços de Qualquer Natureza - ISSQN - Principal;Lançamento de Receita;247.392,58;500;Recursos não vinculados de Impostos;"Não ";Não Aplicável
Pedras de Fogo;201139;;062025;2025;11145111;Imposto sobre Serviços de Qualquer Natureza - ISSQN - Principal;Lançamento de Receita;235.358,63;500;Recursos não vinculados de Impostos;"Não ";Não Aplicável
Pedras de Fogo;201139;;052025;2025;11145111;Imposto sobre Serviços de Qualquer Natureza - ISSQN - Principal;Lançamento de Receita;298.921,17;500;Recursos não vinculados de Impostos;"Não ";Não Aplicável
Pedras de Fogo;201139;;042025;2025;11145111;Imposto sobre Serviços de Qualquer Natureza - ISSQN - Principal;Lançamento de Receita;216.461,25;500;Recursos não vinculados de Impostos;"Não ";Não Aplicável
Pedras de Fogo;201139;;032025;2025;11145111;Imposto sobre Serviços de Qualquer Natureza - ISSQN - Principal;Lançamento de Receita;203.018,5;500;Recursos não vinculados de Impostos;"Não ";Não Aplicável
Pedras de Fogo;201139;;022025;2025;11145111;Imposto sobre Serviços de Qualquer Natureza - ISSQN - Principal;Lançamento de Receita;273.839,4;500;Recursos não vinculados de Impostos;"Não ";Não Aplicável
Pedras de Fogo;201139;;012025;2025;11145111;Imposto sobre Serviços de Qualquer Natureza - ISSQN - Principal;Lançamento de Receita;297.998,1;500;Recursos não vinculados de Impostos;"Não ";Não Aplicável
Pedras de Fogo;201139;;122025;2025;11130341;Imposto sobre a Renda - Retido na Fonte - Outros Rendimentos - Principal;Lançamento de Receita;7.241,58;500;Recursos não vinculados de Impostos;"Não ";Não Aplicável
Pedras de Fogo;201139;;112025;2025;11130341;Imposto sobre a Renda - Retido na Fonte - Outros Rendimentos - Principal;Lançamento de Receita;4.192,15;500;Recursos não vinculados de Impostos;"Não ";Não Aplicável
Pedras de Fogo;201139;;102025;2025;11130341;Imposto sobre a Renda - Retido na Fonte - Outros Rendimentos - Principal;Lançamento de Receita;2.370,13;500;Recursos não vinculados de Impostos;"Não ";Não Aplicável
Pedras de Fogo;201139;;092025;2025;11130341;Imposto sobre a Renda - Retido na Fonte - Outros Rendimentos - Principal;Lançamento de Receita;21.489,32;500;Recursos não vinculados de Impostos;"Não ";Não Aplicável
Pedras de Fogo;201139;;082025;2025;11130341;Imposto sobre a Renda - Retido na Fonte - Outros Rendimentos - Principal;Lançamento de Receita;30.735,29;500;Recursos não vinculados de Impostos;"Não ";Não Aplicável
Pedras de Fogo;201139;;072025;2025;11130341;Imposto sobre a Renda - Retido na Fonte - Outros Rendimentos - Principal;Lançamento de Receita;22.353,28;500;Recursos não vinculados de Impostos;"Não ";Não Aplicável
Pedras de Fogo;201139;;062025;2025;11130341;Imposto sobre a Renda - Retido na Fonte - Outros Rendimentos - Principal;Lançamento de Receita;20.550,98;500;Recursos não vinculados de Impostos;"Não ";Não Aplicável
Pedras de Fogo;201139;;052025;2025;11130341;Imposto sobre a Renda - Retido na Fonte - Outros Rendimentos - Principal;Lançamento de Receita;33.750,92;500;Recursos não vinculados de Impostos;"Não ";Não Aplicável
Pedras de Fogo;201139;;042025;2025;11130341;Imposto sobre a Renda - Retido na Fonte - Outros Rendimentos - Principal;Lançamento de Receita;17.918,63;500;Recursos não vinculados de Impostos;"Não ";Não Aplicável
Pedras de Fogo;201139;;032025;2025;11130341;Imposto sobre a Renda - Retido na Fonte - Outros Rendimentos - Principal;Lançamento de Receita;18.290,81;500;Recursos não vinculados de Impostos;"Não ";Não Aplicável
Pedras de Fogo;201139;;022025;2025;11130341;Imposto sobre a Renda - Retido na Fonte - Outros Rendimentos - Principal;Lançamento de Receita;20.051,89;500;Recursos não vinculados de Impostos;"Não ";Não Aplicável
Pedras de Fogo;201139;;012025;2025;11130341;Imposto sobre a Renda - Retido na Fonte - Outros Rendimentos - Principal;Lançamento de Receita;24.895,36;500;Recursos não vinculados de Impostos;"Não ";Não Aplicável
Pedras de Fogo;201139;;122025;2025;11130311;Imposto sobre a Renda - Retido na Fonte - Trabalho - Principal;Lançamento de Receita;957.480,56;500;Recursos não vinculados de Impostos;"Não ";Não Aplicável
Pedras de Fogo;201139;;112025;2025;11130311;Imposto sobre a Renda - Retido na Fonte - Trabalho - Principal;Lançamento de Receita;514.591,48;500;Recursos não vinculados de Impostos;"Não ";Não Aplicável
Pedras de Fogo;201139;;102025;2025;11130311;Imposto sobre a Renda - Retido na Fonte - Trabalho - Principal;Lançamento de Receita;509.328,94;500;Recursos não vinculados de Impostos;"Não ";Não Aplicável
Pedras de Fogo;201139;;092025;2025;11130311;Imposto sobre a Renda - Retido na Fonte - Trabalho - Principal;Lançamento de Receita;566.185,76;500;Recursos não vinculados de Impostos;"Não ";Não Aplicável
Pedras de Fogo;201139;;082025;2025;11130311;Imposto sobre a Renda - Retido na Fonte - Trabalho - Principal;Lançamento de Receita;521.200,4;500;Recursos não vinculados de Impostos;"Não ";Não Aplicável
Pedras de Fogo;201139;;072025;2025;11130311;Imposto sobre a Renda - Retido na Fonte - Trabalho - Principal;Lançamento de Receita;445.197,78;500;Recursos não vinculados de Impostos;"Não ";Não Aplicável
Pedras de Fogo;201139;;062025;2025;11130311;Imposto sobre a Renda - Retido na Fonte - Trabalho - Principal;Lançamento de Receita;503.560,31;500;Recursos não vinculados de Impostos;"Não ";Não Aplicável
Pedras de Fogo;201139;;052025;2025;11130311;Imposto sobre a Renda - Retido na Fonte - Trabalho - Principal;Lançamento de Receita;465.555,02;500;Recursos não vinculados de Impostos;"Não ";Não Aplicável
Pedras de Fogo;201139;;042025;2025;11130311;Imposto sobre a Renda - Retido na Fonte - Trabalho - Principal;Lançamento de Receita;455.788,86;500;Recursos não vinculados de Impostos;"Não ";Não Aplicável
Pedras de Fogo;201139;;032025;2025;11130311;Imposto sobre a Renda - Retido na Fonte - Trabalho - Principal;Lançamento de Receita;422.313,57;500;Recursos não vinculados de Impostos;"Não ";Não Aplicável
Pedras de Fogo;201139;;022025;2025;11130311;Imposto sobre a Renda - Retido na Fonte - Trabalho - Principal;Lançamento de Receita;468.286,57;500;Recursos não vinculados de Impostos;"Não ";Não Aplicável
Pedras de Fogo;201139;;012025;2025;11130311;Imposto sobre a Renda - Retido na Fonte - Trabalho - Principal;Lançamento de Receita;370.577,59;500;Recursos não vinculados de Impostos;"Não ";Não Aplicável
Pedras de Fogo;201139;;122025;2025;11125301;"Impostos sobre Transmissão ""Inter Vivos"" de Bens Imóveis e de Direitos Reais sobre Imóveis - Principal";Lançamento de Receita;82.868,19;500;Recursos não vinculados de Impostos;"Não ";Não Aplicável
Pedras de Fogo;201139;;112025;2025;11125301;"Impostos sobre Transmissão ""Inter Vivos"" de Bens Imóveis e de Direitos Reais sobre Imóveis - Principal";Lançamento de Receita;89.387,37;500;Recursos não vinculados de Impostos;"Não ";Não Aplicável
Pedras de Fogo;201139;;102025;2025;11125301;"Impostos sobre Transmissão ""Inter Vivos"" de Bens Imóveis e de Direitos Reais sobre Imóveis - Principal";Lançamento de Receita;61.495,65;500;Recursos não vinculados de Impostos;"Não ";Não Aplicável
Pedras de Fogo;201139;;092025;2025;11125301;"Impostos sobre Transmissão ""Inter Vivos"" de Bens Imóveis e de Direitos Reais sobre Imóveis - Principal";Lançamento de Receita;48.476,75;500;Recursos não vinculados de Impostos;"Não ";Não Aplicável
Pedras de Fogo;201139;;082025;2025;11125301;"Impostos sobre Transmissão ""Inter Vivos"" de Bens Imóveis e de Direitos Reais sobre Imóveis - Principal";Lançamento de Receita;40.790,95;500;Recursos não vinculados de Impostos;"Não ";Não Aplicável
Pedras de Fogo;201139;;072025;2025;11125301;"Impostos sobre Transmissão ""Inter Vivos"" de Bens Imóveis e de Direitos Reais sobre Imóveis - Principal";Lançamento de Receita;80.205,89;500;Recursos não vinculados de Impostos;"Não ";Não Aplicável
Pedras de Fogo;201139;;062025;2025;11125301;"Impostos sobre Transmissão ""Inter Vivos"" de Bens Imóveis e de Direitos Reais sobre Imóveis - Principal";Lançamento de Receita;51.231,92;500;Recursos não vinculados de Impostos;"Não ";Não Aplicável
Pedras de Fogo;201139;;052025;2025;11125301;"Impostos sobre Transmissão ""Inter Vivos"" de Bens Imóveis e de Direitos Reais sobre Imóveis - Principal";Lançamento de Receita;64.615,67;500;Recursos não vinculados de Impostos;"Não ";Não Aplicável
Pedras de Fogo;201139;;042025;2025;11125301;"Impostos sobre Transmissão ""Inter Vivos"" de Bens Imóveis e de Direitos Reais sobre Imóveis - Principal";Lançamento de Receita;44.444,91;500;Recursos não vinculados de Impostos;"Não ";Não Aplicável
Pedras de Fogo;201139;;032025;2025;11125301;"Impostos sobre Transmissão ""Inter Vivos"" de Bens Imóveis e de Direitos Reais sobre Imóveis - Principal";Lançamento de Receita;40.645,84;500;Recursos não vinculados de Impostos;"Não ";Não Aplicável
Pedras de Fogo;201139;;022025;2025;11125301;"Impostos sobre Transmissão ""Inter Vivos"" de Bens Imóveis e de Direitos Reais sobre Imóveis - Principal";Lançamento de Receita;48.020,77;500;Recursos não vinculados de Impostos;"Não ";Não Aplicável
Pedras de Fogo;201139;;012025;2025;11125301;"Impostos sobre Transmissão ""Inter Vivos"" de Bens Imóveis e de Direitos Reais sobre Imóveis - Principal";Lançamento de Receita;63.230,93;500;Recursos não vinculados de Impostos;"Não ";Não Aplicável
Pedras de Fogo;201139;;122025;2025;11125004;Imposto sobre a Propriedade Predial e Territorial Urbana - Dívida Ativa - Multas e Juros de Mora da Dívida Ativa;Lançamento de Receita;2.463,34;500;Recursos não vinculados de Impostos;"Não ";Não Aplicável
Pedras de Fogo;201139;;112025;2025;11125004;Imposto sobre a Propriedade Predial e Territorial Urbana - Dívida Ativa - Multas e Juros de Mora da Dívida Ativa;Lançamento de Receita;1.047,73;500;Recursos não vinculados de Impostos;"Não ";Não Aplicável
Pedras de Fogo;201139;;102025;2025;11125004;Imposto sobre a Propriedade Predial e Territorial Urbana - Dívida Ativa - Multas e Juros de Mora da Dívida Ativa;Lançamento de Receita;2.564,71;500;Recursos não vinculados de Impostos;"Não ";Não Aplicável
Pedras de Fogo;201139;;092025;2025;11125004;Imposto sobre a Propriedade Predial e Territorial Urbana - Dívida Ativa - Multas e Juros de Mora da Dívida Ativa;Lançamento de Receita;2.484,21;500;Recursos não vinculados de Impostos;"Não ";Não Aplicável
Pedras de Fogo;201139;;082025;2025;11125004;Imposto sobre a Propriedade Predial e Territorial Urbana - Dívida Ativa - Multas e Juros de Mora da Dívida Ativa;Lançamento de Receita;1.087,9;500;Recursos não vinculados de Impostos;"Não ";Não Aplicável
Pedras de Fogo;201139;;072025;2025;11125004;Imposto sobre a Propriedade Predial e Territorial Urbana - Dívida Ativa - Multas e Juros de Mora da Dívida Ativa;Lançamento de Receita;1.065,66;500;Recursos não vinculados de Impostos;"Não ";Não Aplicável
Pedras de Fogo;201139;;052025;2025;11125004;Imposto sobre a Propriedade Predial e Territorial Urbana - Dívida Ativa - Multas e Juros de Mora da Dívida Ativa;Lançamento de Receita;645;500;Recursos não vinculados de Impostos;"Não ";Não Aplicável
Pedras de Fogo;201139;;042025;2025;11125004;Imposto sobre a Propriedade Predial e Territorial Urbana - Dívida Ativa - Multas e Juros de Mora da Dívida Ativa;Lançamento de Receita;1.421,43;500;Recursos não vinculados de Impostos;"Não ";Não Aplicável
Pedras de Fogo;201139;;032025;2025;11125004;Imposto sobre a Propriedade Predial e Territorial Urbana - Dívida Ativa - Multas e Juros de Mora da Dívida Ativa;Lançamento de Receita;1.503,41;500;Recursos não vinculados de Impostos;"Não ";Não Aplicável
Pedras de Fogo;201139;;022025;2025;11125004;Imposto sobre a Propriedade Predial e Territorial Urbana - Dívida Ativa - Multas e Juros de Mora da Dívida Ativa;Lançamento de Receita;1.551,08;500;Recursos não vinculados de Impostos;"Não ";Não Aplicável
Pedras de Fogo;201139;;012025;2025;11125004;Imposto sobre a Propriedade Predial e Territorial Urbana - Dívida Ativa - Multas e Juros de Mora da Dívida Ativa;Lançamento de Receita;1.036,62;500;Recursos não vinculados de Impostos;"Não ";Não Aplicável
Pedras de Fogo;201139;;042025;2025;11125002;Imposto sobre a Propriedade Predial e Territorial Urbana - Multas e Juros de Mora;Lançamento de Receita;794,07;500;Recursos não vinculados de Impostos;"Não ";Não Aplicável
Pedras de Fogo;201139;;032025;2025;11125002;Imposto sobre a Propriedade Predial e Territorial Urbana - Multas e Juros de Mora;Lançamento de Receita;327,77;500;Recursos não vinculados de Impostos;"Não ";Não Aplicável
Pedras de Fogo;201139;;022025;2025;11125002;Imposto sobre a Propriedade Predial e Territorial Urbana - Multas e Juros de Mora;Lançamento de Receita;695,36;500;Recursos não vinculados de Impostos;"Não ";Não Aplicável
Pedras de Fogo;201139;;012025;2025;11125002;Imposto sobre a Propriedade Predial e Territorial Urbana - Multas e Juros de Mora;Lançamento de Receita;411,18;500;Recursos não vinculados de Impostos;"Não ";Não Aplicável
Pedras de Fogo;201139;;122025;2025;11125001;Imposto sobre a Propriedade Predial e Territorial Urbana - Principal;Lançamento de Receita;23.993,97;500;Recursos não vinculados de Impostos;"Não ";Não Aplicável
Pedras de Fogo;201139;;112025;2025;11125001;Imposto sobre a Propriedade Predial e Territorial Urbana - Principal;Lançamento de Receita;21.921,15;500;Recursos não vinculados de Impostos;"Não ";Não Aplicável
Pedras de Fogo;201139;;102025;2025;11125001;Imposto sobre a Propriedade Predial e Territorial Urbana - Principal;Lançamento de Receita;25.061,58;500;Recursos não vinculados de Impostos;"Não ";Não Aplicável
Pedras de Fogo;201139;;092025;2025;11125001;Imposto sobre a Propriedade Predial e Territorial Urbana - Principal;Lançamento de Receita;23.780,76;500;Recursos não vinculados de Impostos;"Não ";Não Aplicável
Pedras de Fogo;201139;;082025;2025;11125001;Imposto sobre a Propriedade Predial e Territorial Urbana - Principal;Lançamento de Receita;34.188,42;500;Recursos não vinculados de Impostos;"Não ";Não Aplicável
Pedras de Fogo;201139;;072025;2025;11125001;Imposto sobre a Propriedade Predial e Territorial Urbana - Principal;Lançamento de Receita;36.179,12;500;Recursos não vinculados de Impostos;"Não ";Não Aplicável
Pedras de Fogo;201139;;062025;2025;11125001;Imposto sobre a Propriedade Predial e Territorial Urbana - Principal;Lançamento de Receita;114.555,14;500;Recursos não vinculados de Impostos;"Não ";Não Aplicável
Pedras de Fogo;201139;;052025;2025;11125001;Imposto sobre a Propriedade Predial e Territorial Urbana - Principal;Lançamento de Receita;95.522,95;500;Recursos não vinculados de Impostos;"Não ";Não Aplicável
Pedras de Fogo;201139;;042025;2025;11125001;Imposto sobre a Propriedade Predial e Territorial Urbana - Principal;Lançamento de Receita;38.270,41;500;Recursos não vinculados de Impostos;"Não ";Não Aplicável
Pedras de Fogo;201139;;032025;2025;11125001;Imposto sobre a Propriedade Predial e Territorial Urbana - Principal;Lançamento de Receita;18.974,22;500;Recursos não vinculados de Impostos;"Não ";Não Aplicável
Pedras de Fogo;201139;;022025;2025;11125001;Imposto sobre a Propriedade Predial e Territorial Urbana - Principal;Lançamento de Receita;12.672,42;500;Recursos não vinculados de Impostos;"Não ";Não Aplicável
Pedras de Fogo;201139;;012025;2025;11125001;Imposto sobre a Propriedade Predial e Territorial Urbana - Principal;Lançamento de Receita;12.308,15;500;Recursos não vinculados de Impostos;"Não ";Não Aplicável
Pedras de Fogo;301139;Instituto de Prev. Municipal de Pedras de Fogo;122025;2025;72155111;Contribuição Patronal - Servidor Civil Ativo - Parcelamentos - Principal;Lançamento de Receita;287.467,89;800;Recursos vinculados ao RPPS - Fundo em Capitalização (Plano Previdenciário);1111;Benefícios previdenciários - Poder Executivo – Fundo em Capitalização (Plano Previdenciário)
Pedras de Fogo;301139;Instituto de Prev. Municipal de Pedras de Fogo;112025;2025;72155111;Contribuição Patronal - Servidor Civil Ativo - Parcelamentos - Principal;Lançamento de Receita;286.140,84;800;Recursos vinculados ao RPPS - Fundo em Capitalização (Plano Previdenciário);1111;Benefícios previdenciários - Poder Executivo – Fundo em Capitalização (Plano Previdenciário)
Pedras de Fogo;301139;Instituto de Prev. Municipal de Pedras de Fogo;102025;2025;72155111;Contribuição Patronal - Servidor Civil Ativo - Parcelamentos - Principal;Lançamento de Receita;284.916,79;800;Recursos vinculados ao RPPS - Fundo em Capitalização (Plano Previdenciário);1111;Benefícios previdenciários - Poder Executivo – Fundo em Capitalização (Plano Previdenciário)
Pedras de Fogo;301139;Instituto de Prev. Municipal de Pedras de Fogo;092025;2025;72155111;Contribuição Patronal - Servidor Civil Ativo - Parcelamentos - Principal;Lançamento de Receita;282.236,49;800;Recursos vinculados ao RPPS - Fundo em Capitalização (Plano Previdenciário);1111;Benefícios previdenciários - Poder Executivo – Fundo em Capitalização (Plano Previdenciário)
Pedras de Fogo;301139;Instituto de Prev. Municipal de Pedras de Fogo;082025;2025;72155111;Contribuição Patronal - Servidor Civil Ativo - Parcelamentos - Principal;Lançamento de Receita;281.027,65;800;Recursos vinculados ao RPPS - Fundo em Capitalização (Plano Previdenciário);1111;Benefícios previdenciários - Poder Executivo – Fundo em Capitalização (Plano Previdenciário)
Pedras de Fogo;301139;Instituto de Prev. Municipal de Pedras de Fogo;072025;2025;72155111;Contribuição Patronal - Servidor Civil Ativo - Parcelamentos - Principal;Lançamento de Receita;279.809,84;800;Recursos vinculados ao RPPS - Fundo em Capitalização (Plano Previdenciário);1111;Benefícios previdenciários - Poder Executivo – Fundo em Capitalização (Plano Previdenciário)
Pedras de Fogo;301139;Instituto de Prev. Municipal de Pedras de Fogo;062025;2025;72155111;Contribuição Patronal - Servidor Civil Ativo - Parcelamentos - Principal;Lançamento de Receita;277.948,6;800;Recursos vinculados ao RPPS - Fundo em Capitalização (Plano Previdenciário);1111;Benefícios previdenciários - Poder Executivo – Fundo em Capitalização (Plano Previdenciário)
Pedras de Fogo;301139;Instituto de Prev. Municipal de Pedras de Fogo;052025;2025;72155111;Contribuição Patronal - Servidor Civil Ativo - Parcelamentos - Principal;Lançamento de Receita;274.454,7;800;Recursos vinculados ao RPPS - Fundo em Capitalização (Plano Previdenciário);1111;Benefícios previdenciários - Poder Executivo – Fundo em Capitalização (Plano Previdenciário)
Pedras de Fogo;301139;Instituto de Prev. Municipal de Pedras de Fogo;042025;2025;72155111;Contribuição Patronal - Servidor Civil Ativo - Parcelamentos - Principal;Lançamento de Receita;271.858,52;800;Recursos vinculados ao RPPS - Fundo em Capitalização (Plano Previdenciário);1111;Benefícios previdenciários - Poder Executivo – Fundo em Capitalização (Plano Previdenciário)
Pedras de Fogo;301139;Instituto de Prev. Municipal de Pedras de Fogo;032025;2025;72155111;Contribuição Patronal - Servidor Civil Ativo - Parcelamentos - Principal;Lançamento de Receita;266.709,88;800;Recursos vinculados ao RPPS - Fundo em Capitalização (Plano Previdenciário);1111;Benefícios previdenciários - Poder Executivo – Fundo em Capitalização (Plano Previdenciário)
Pedras de Fogo;301139;Instituto de Prev. Municipal de Pedras de Fogo;022025;2025;72155111;Contribuição Patronal - Servidor Civil Ativo - Parcelamentos - Principal;Lançamento de Receita;266.709,88;800;Recursos vinculados ao RPPS - Fundo em Capitalização (Plano Previdenciário);1111;Benefícios previdenciários - Poder Executivo – Fundo em Capitalização (Plano Previdenciário)
Pedras de Fogo;301139;Instituto de Prev. Municipal de Pedras de Fogo;012025;2025;72155111;Contribuição Patronal - Servidor Civil Ativo - Parcelamentos - Principal;Lançamento de Receita;265.019,5;800;Recursos vinculados ao RPPS - Fundo em Capitalização (Plano Previdenciário);1111;Benefícios previdenciários - Poder Executivo – Fundo em Capitalização (Plano Previdenciário)
Pedras de Fogo;301139;Instituto de Prev. Municipal de Pedras de Fogo;122025;2025;72150211;Contribuição Patronal - Servidor Civil Ativo - Principal;Lançamento de Receita;1.287.124,96;802;Recursos vinculados ao RPPS - Taxa de Administração;"Não ";Não Aplicável
Pedras de Fogo;301139;Instituto de Prev. Municipal de Pedras de Fogo;122025;2025;72150211;Contribuição Patronal - Servidor Civil Ativo - Principal;Lançamento de Receita;1.536.619,9;800;Recursos vinculados ao RPPS - Fundo em Capitalização (Plano Previdenciário);1111;Benefícios previdenciários - Poder Executivo – Fundo em Capitalização (Plano Previdenciário)
Pedras de Fogo;301139;Instituto de Prev. Municipal de Pedras de Fogo;112025;2025;72150211;Contribuição Patronal - Servidor Civil Ativo - Principal;Lançamento de Receita;14.107,53;800;Recursos vinculados ao RPPS - Fundo em Capitalização (Plano Previdenciário);1111;Benefícios previdenciários - Poder Executivo – Fundo em Capitalização (Plano Previdenciário)
Pedras de Fogo;301139;Instituto de Prev. Municipal de Pedras de Fogo;102025;2025;72150211;Contribuição Patronal - Servidor Civil Ativo - Principal;Lançamento de Receita;71.869,06;800;Recursos vinculados ao RPPS - Fundo em Capitalização (Plano Previdenciário);1111;Benefícios previdenciários - Poder Executivo – Fundo em Capitalização (Plano Previdenciário)
Pedras de Fogo;301139;Instituto de Prev. Municipal de Pedras de Fogo;092025;2025;72150211;Contribuição Patronal - Servidor Civil Ativo - Principal;Lançamento de Receita;1.403.463,56;800;Recursos vinculados ao RPPS - Fundo em Capitalização (Plano Previdenciário);1111;Benefícios previdenciários - Poder Executivo – Fundo em Capitalização (Plano Previdenciário)
Pedras de Fogo;301139;Instituto de Prev. Municipal de Pedras de Fogo;082025;2025;72150211;Contribuição Patronal - Servidor Civil Ativo - Principal;Lançamento de Receita;1.385.180,11;800;Recursos vinculados ao RPPS - Fundo em Capitalização (Plano Previdenciário);1111;Benefícios previdenciários - Poder Executivo – Fundo em Capitalização (Plano Previdenciário)
Pedras de Fogo;301139;Instituto de Prev. Municipal de Pedras de Fogo;072025;2025;72150211;Contribuição Patronal - Servidor Civil Ativo - Principal;Lançamento de Receita;466.414,15;800;Recursos vinculados ao RPPS - Fundo em Capitalização (Plano Previdenciário);1111;Benefícios previdenciários - Poder Executivo – Fundo em Capitalização (Plano Previdenciário)
Pedras de Fogo;301139;Instituto de Prev. Municipal de Pedras de Fogo;062025;2025;72150211;Contribuição Patronal - Servidor Civil Ativo - Principal;Lançamento de Receita;1.409.586,07;800;Recursos vinculados ao RPPS - Fundo em Capitalização (Plano Previdenciário);1111;Benefícios previdenciários - Poder Executivo – Fundo em Capitalização (Plano Previdenciário)
Pedras de Fogo;301139;Instituto de Prev. Municipal de Pedras de Fogo;052025;2025;72150211;Contribuição Patronal - Servidor Civil Ativo - Principal;Lançamento de Receita;1.391.664,09;800;Recursos vinculados ao RPPS - Fundo em Capitalização (Plano Previdenciário);1111;Benefícios previdenciários - Poder Executivo – Fundo em Capitalização (Plano Previdenciário)
Pedras de Fogo;301139;Instituto de Prev. Municipal de Pedras de Fogo;042025;2025;72150211;Contribuição Patronal - Servidor Civil Ativo - Principal;Lançamento de Receita;291.023,64;800;Recursos vinculados ao RPPS - Fundo em Capitalização (Plano Previdenciário);1111;Benefícios previdenciários - Poder Executivo – Fundo em Capitalização (Plano Previdenciário)
Pedras de Fogo;301139;Instituto de Prev. Municipal de Pedras de Fogo;032025;2025;72150211;Contribuição Patronal - Servidor Civil Ativo - Principal;Lançamento de Receita;2.558.812,59;800;Recursos vinculados ao RPPS - Fundo em Capitalização (Plano Previdenciário);1111;Benefícios previdenciários - Poder Executivo – Fundo em Capitalização (Plano Previdenciário)
Pedras de Fogo;301139;Instituto de Prev. Municipal de Pedras de Fogo;022025;2025;72150211;Contribuição Patronal - Servidor Civil Ativo - Principal;Lançamento de Receita;282.318,36;800;Recursos vinculados ao RPPS - Fundo em Capitalização (Plano Previdenciário);1111;Benefícios previdenciários - Poder Executivo – Fundo em Capitalização (Plano Previdenciário)
Pedras de Fogo;301139;Instituto de Prev. Municipal de Pedras de Fogo;012025;2025;72150211;Contribuição Patronal - Servidor Civil Ativo - Principal;Lançamento de Receita;1.393.039,03;800;Recursos vinculados ao RPPS - Fundo em Capitalização (Plano Previdenciário);1111;Benefícios previdenciários - Poder Executivo – Fundo em Capitalização (Plano Previdenciário)
Pedras de Fogo;301139;Instituto de Prev. Municipal de Pedras de Fogo;122025;2025;19990301;Compensações Financeiras entre os Regimes de Previdência - Principal;Lançamento de Receita;177.617,28;800;Recursos vinculados ao RPPS - Fundo em Capitalização (Plano Previdenciário);1111;Benefícios previdenciários - Poder Executivo – Fundo em Capitalização (Plano Previdenciário)
Pedras de Fogo;301139;Instituto de Prev. Municipal de Pedras de Fogo;112025;2025;19990301;Compensações Financeiras entre os Regimes de Previdência - Principal;Lançamento de Receita;21.315,24;800;Recursos vinculados ao RPPS - Fundo em Capitalização (Plano Previdenciário);1111;Benefícios previdenciários - Poder Executivo – Fundo em Capitalização (Plano Previdenciário)
Pedras de Fogo;301139;Instituto de Prev. Municipal de Pedras de Fogo;102025;2025;19990301;Compensações Financeiras entre os Regimes de Previdência - Principal;Lançamento de Receita;21.348,99;800;Recursos vinculados ao RPPS - Fundo em Capitalização (Plano Previdenciário);1111;Benefícios previdenciários - Poder Executivo – Fundo em Capitalização (Plano Previdenciário)
Pedras de Fogo;301139;Instituto de Prev. Municipal de Pedras de Fogo;092025;2025;19990301;Compensações Financeiras entre os Regimes de Previdência - Principal;Lançamento de Receita;21.348,99;800;Recursos vinculados ao RPPS - Fundo em Capitalização (Plano Previdenciário);1111;Benefícios previdenciários - Poder Executivo – Fundo em Capitalização (Plano Previdenciário)
Pedras de Fogo;301139;Instituto de Prev. Municipal de Pedras de Fogo;082025;2025;19990301;Compensações Financeiras entre os Regimes de Previdência - Principal;Lançamento de Receita;21.348,99;800;Recursos vinculados ao RPPS - Fundo em Capitalização (Plano Previdenciário);1111;Benefícios previdenciários - Poder Executivo – Fundo em Capitalização (Plano Previdenciário)
Pedras de Fogo;301139;Instituto de Prev. Municipal de Pedras de Fogo;072025;2025;19990301;Compensações Financeiras entre os Regimes de Previdência - Principal;Lançamento de Receita;21.625,49;800;Recursos vinculados ao RPPS - Fundo em Capitalização (Plano Previdenciário);1111;Benefícios previdenciários - Poder Executivo – Fundo em Capitalização (Plano Previdenciário)
Pedras de Fogo;301139;Instituto de Prev. Municipal de Pedras de Fogo;052025;2025;19990301;Compensações Financeiras entre os Regimes de Previdência - Principal;Lançamento de Receita;77.402,43;800;Recursos vinculados ao RPPS - Fundo em Capitalização (Plano Previdenciário);1111;Benefícios previdenciários - Poder Executivo – Fundo em Capitalização (Plano Previdenciário)
Pedras de Fogo;301139;Instituto de Prev. Municipal de Pedras de Fogo;042025;2025;19990301;Compensações Financeiras entre os Regimes de Previdência - Principal;Lançamento de Receita;53.577,08;800;Recursos vinculados ao RPPS - Fundo em Capitalização (Plano Previdenciário);1111;Benefícios previdenciários - Poder Executivo – Fundo em Capitalização (Plano Previdenciário)
Pedras de Fogo;301139;Instituto de Prev. Municipal de Pedras de Fogo;032025;2025;19990301;Compensações Financeiras entre os Regimes de Previdência - Principal;Lançamento de Receita;56.961,24;800;Recursos vinculados ao RPPS - Fundo em Capitalização (Plano Previdenciário);1111;Benefícios previdenciários - Poder Executivo – Fundo em Capitalização (Plano Previdenciário)
Pedras de Fogo;301139;Instituto de Prev. Municipal de Pedras de Fogo;012025;2025;19990301;Compensações Financeiras entre os Regimes de Previdência - Principal;Lançamento de Receita;15.624,84;800;Recursos vinculados ao RPPS - Fundo em Capitalização (Plano Previdenciário);1111;Benefícios previdenciários - Poder Executivo – Fundo em Capitalização (Plano Previdenciário)
Pedras de Fogo;301139;Instituto de Prev. Municipal de Pedras de Fogo;082025;2025;19229901;Outras Restituições - Principal;Lançamento de Receita;31.497,26;800;Recursos vinculados ao RPPS - Fundo em Capitalização (Plano Previdenciário);1111;Benefícios previdenciários - Poder Executivo – Fundo em Capitalização (Plano Previdenciário)
Pedras de Fogo;301139;Instituto de Prev. Municipal de Pedras de Fogo;122025;2025;16410101;Retorno de Operações, Juros e Encargos Financeiros - Principal;Lançamento de Receita;91.148,7;800;Recursos vinculados ao RPPS - Fundo em Capitalização (Plano Previdenciário);1111;Benefícios previdenciários - Poder Executivo – Fundo em Capitalização (Plano Previdenciário)
Pedras de Fogo;301139;Instituto de Prev. Municipal de Pedras de Fogo;102025;2025;16410101;Retorno de Operações, Juros e Encargos Financeiros - Principal;Lançamento de Receita;43.916,43;800;Recursos vinculados ao RPPS - Fundo em Capitalização (Plano Previdenciário);1111;Benefícios previdenciários - Poder Executivo – Fundo em Capitalização (Plano Previdenciário)
Pedras de Fogo;301139;Instituto de Prev. Municipal de Pedras de Fogo;092025;2025;16410101;Retorno de Operações, Juros e Encargos Financeiros - Principal;Lançamento de Receita;82.503,48;800;Recursos vinculados ao RPPS - Fundo em Capitalização (Plano Previdenciário);1111;Benefícios previdenciários - Poder Executivo – Fundo em Capitalização (Plano Previdenciário)
Pedras de Fogo;301139;Instituto de Prev. Municipal de Pedras de Fogo;072025;2025;16410101;Retorno de Operações, Juros e Encargos Financeiros - Principal;Lançamento de Receita;39.066,3;800;Recursos vinculados ao RPPS - Fundo em Capitalização (Plano Previdenciário);1111;Benefícios previdenciários - Poder Executivo – Fundo em Capitalização (Plano Previdenciário)
Pedras de Fogo;301139;Instituto de Prev. Municipal de Pedras de Fogo;062025;2025;16410101;Retorno de Operações, Juros e Encargos Financeiros - Principal;Lançamento de Receita;38.136,5;800;Recursos vinculados ao RPPS - Fundo em Capitalização (Plano Previdenciário);1111;Benefícios previdenciários - Poder Executivo – Fundo em Capitalização (Plano Previdenciário)
Pedras de Fogo;301139;Instituto de Prev. Municipal de Pedras de Fogo;052025;2025;16410101;Retorno de Operações, Juros e Encargos Financeiros - Principal;Lançamento de Receita;33.802,48;800;Recursos vinculados ao RPPS - Fundo em Capitalização (Plano Previdenciário);1111;Benefícios previdenciários - Poder Executivo – Fundo em Capitalização (Plano Previdenciário)
Pedras de Fogo;301139;Instituto de Prev. Municipal de Pedras de Fogo;042025;2025;16410101;Retorno de Operações, Juros e Encargos Financeiros - Principal;Lançamento de Receita;70.772,42;800;Recursos vinculados ao RPPS - Fundo em Capitalização (Plano Previdenciário);1111;Benefícios previdenciários - Poder Executivo – Fundo em Capitalização (Plano Previdenciário)
Pedras de Fogo;301139;Instituto de Prev. Municipal de Pedras de Fogo;032025;2025;16410101;Retorno de Operações, Juros e Encargos Financeiros - Principal;Lançamento de Receita;563,46;800;Recursos vinculados ao RPPS - Fundo em Capitalização (Plano Previdenciário);1111;Benefícios previdenciários - Poder Executivo – Fundo em Capitalização (Plano Previdenciário)
Pedras de Fogo;301139;Instituto de Prev. Municipal de Pedras de Fogo;022025;2025;16410101;Retorno de Operações, Juros e Encargos Financeiros - Principal;Lançamento de Receita;19.818,43;800;Recursos vinculados ao RPPS - Fundo em Capitalização (Plano Previdenciário);1111;Benefícios previdenciários - Poder Executivo – Fundo em Capitalização (Plano Previdenciário)
Pedras de Fogo;301139;Instituto de Prev. Municipal de Pedras de Fogo;122025;2025;13210401;Remuneração dos Recursos do Regime Próprio de Previdência Social - RPPS - Principal;Lançamento de Receita;380.982,48;800;Recursos vinculados ao RPPS - Fundo em Capitalização (Plano Previdenciário);1111;Benefícios previdenciários - Poder Executivo – Fundo em Capitalização (Plano Previdenciário)
Pedras de Fogo;301139;Instituto de Prev. Municipal de Pedras de Fogo;112025;2025;13210401;Remuneração dos Recursos do Regime Próprio de Previdência Social - RPPS - Principal;Lançamento de Receita;570.796,76;800;Recursos vinculados ao RPPS - Fundo em Capitalização (Plano Previdenciário);1111;Benefícios previdenciários - Poder Executivo – Fundo em Capitalização (Plano Previdenciário)
Pedras de Fogo;301139;Instituto de Prev. Municipal de Pedras de Fogo;102025;2025;13210401;Remuneração dos Recursos do Regime Próprio de Previdência Social - RPPS - Principal;Lançamento de Receita;569.455,75;800;Recursos vinculados ao RPPS - Fundo em Capitalização (Plano Previdenciário);1111;Benefícios previdenciários - Poder Executivo – Fundo em Capitalização (Plano Previdenciário)
Pedras de Fogo;301139;Instituto de Prev. Municipal de Pedras de Fogo;092025;2025;13210401;Remuneração dos Recursos do Regime Próprio de Previdência Social - RPPS - Principal;Lançamento de Receita;536.370,9;800;Recursos vinculados ao RPPS - Fundo em Capitalização (Plano Previdenciário);1111;Benefícios previdenciários - Poder Executivo – Fundo em Capitalização (Plano Previdenciário)
Pedras de Fogo;301139;Instituto de Prev. Municipal de Pedras de Fogo;082025;2025;13210401;Remuneração dos Recursos do Regime Próprio de Previdência Social - RPPS - Principal;Lançamento de Receita;474.689,82;800;Recursos vinculados ao RPPS - Fundo em Capitalização (Plano Previdenciário);1111;Benefícios previdenciários - Poder Executivo – Fundo em Capitalização (Plano Previdenciário)
Pedras de Fogo;301139;Instituto de Prev. Municipal de Pedras de Fogo;072025;2025;13210401;Remuneração dos Recursos do Regime Próprio de Previdência Social - RPPS - Principal;Lançamento de Receita;229.027,57;800;Recursos vinculados ao RPPS - Fundo em Capitalização (Plano Previdenciário);1111;Benefícios previdenciários - Poder Executivo – Fundo em Capitalização (Plano Previdenciário)
Pedras de Fogo;301139;Instituto de Prev. Municipal de Pedras de Fogo;062025;2025;13210401;Remuneração dos Recursos do Regime Próprio de Previdência Social - RPPS - Principal;Lançamento de Receita;392.296,28;800;Recursos vinculados ao RPPS - Fundo em Capitalização (Plano Previdenciário);1111;Benefícios previdenciários - Poder Executivo – Fundo em Capitalização (Plano Previdenciário)
Pedras de Fogo;301139;Instituto de Prev. Municipal de Pedras de Fogo;052025;2025;13210401;Remuneração dos Recursos do Regime Próprio de Previdência Social - RPPS - Principal;Lançamento de Receita;621.318,21;800;Recursos vinculados ao RPPS - Fundo em Capitalização (Plano Previdenciário);1111;Benefícios previdenciários - Poder Executivo – Fundo em Capitalização (Plano Previdenciário)
Pedras de Fogo;301139;Instituto de Prev. Municipal de Pedras de Fogo;042025;2025;13210401;Remuneração dos Recursos do Regime Próprio de Previdência Social - RPPS - Principal;Lançamento de Receita;610.846,87;800;Recursos vinculados ao RPPS - Fundo em Capitalização (Plano Previdenciário);1111;Benefícios previdenciários - Poder Executivo – Fundo em Capitalização (Plano Previdenciário)
Pedras de Fogo;301139;Instituto de Prev. Municipal de Pedras de Fogo;032025;2025;13210401;Remuneração dos Recursos do Regime Próprio de Previdência Social - RPPS - Principal;Lançamento de Receita;264.438,97;800;Recursos vinculados ao RPPS - Fundo em Capitalização (Plano Previdenciário);1111;Benefícios previdenciários - Poder Executivo – Fundo em Capitalização (Plano Previdenciário)
Pedras de Fogo;301139;Instituto de Prev. Municipal de Pedras de Fogo;022025;2025;13210401;Remuneração dos Recursos do Regime Próprio de Previdência Social - RPPS - Principal;Lançamento de Receita;120.179,76;800;Recursos vinculados ao RPPS - Fundo em Capitalização (Plano Previdenciário);1111;Benefícios previdenciários - Poder Executivo – Fundo em Capitalização (Plano Previdenciário)
Pedras de Fogo;301139;Instituto de Prev. Municipal de Pedras de Fogo;012025;2025;13210401;Remuneração dos Recursos do Regime Próprio de Previdência Social - RPPS - Principal;Lançamento de Receita;342.127,6;800;Recursos vinculados ao RPPS - Fundo em Capitalização (Plano Previdenciário);1111;Benefícios previdenciários - Poder Executivo – Fundo em Capitalização (Plano Previdenciário)
Pedras de Fogo;301139;Instituto de Prev. Municipal de Pedras de Fogo;122025;2025;12150211;Contribuição Patronal - Servidor Civil Ativo - Principal;Lançamento de Receita;9.361,72;800;Recursos vinculados ao RPPS - Fundo em Capitalização (Plano Previdenciário);1111;Benefícios previdenciários - Poder Executivo – Fundo em Capitalização (Plano Previdenciário)
Pedras de Fogo;301139;Instituto de Prev. Municipal de Pedras de Fogo;112025;2025;12150211;Contribuição Patronal - Servidor Civil Ativo - Principal;Lançamento de Receita;4.680,86;800;Recursos vinculados ao RPPS - Fundo em Capitalização (Plano Previdenciário);1111;Benefícios previdenciários - Poder Executivo – Fundo em Capitalização (Plano Previdenciário)
Pedras de Fogo;301139;Instituto de Prev. Municipal de Pedras de Fogo;102025;2025;12150211;Contribuição Patronal - Servidor Civil Ativo - Principal;Lançamento de Receita;4.680,86;800;Recursos vinculados ao RPPS - Fundo em Capitalização (Plano Previdenciário);1111;Benefícios previdenciários - Poder Executivo – Fundo em Capitalização (Plano Previdenciário)
Pedras de Fogo;301139;Instituto de Prev. Municipal de Pedras de Fogo;092025;2025;12150211;Contribuição Patronal - Servidor Civil Ativo - Principal;Lançamento de Receita;4.680,86;800;Recursos vinculados ao RPPS - Fundo em Capitalização (Plano Previdenciário);1111;Benefícios previdenciários - Poder Executivo – Fundo em Capitalização (Plano Previdenciário)
Pedras de Fogo;301139;Instituto de Prev. Municipal de Pedras de Fogo;082025;2025;12150211;Contribuição Patronal - Servidor Civil Ativo - Principal;Lançamento de Receita;4.680,86;800;Recursos vinculados ao RPPS - Fundo em Capitalização (Plano Previdenciário);1111;Benefícios previdenciários - Poder Executivo – Fundo em Capitalização (Plano Previdenciário)
Pedras de Fogo;301139;Instituto de Prev. Municipal de Pedras de Fogo;072025;2025;12150211;Contribuição Patronal - Servidor Civil Ativo - Principal;Lançamento de Receita;4.680,86;800;Recursos vinculados ao RPPS - Fundo em Capitalização (Plano Previdenciário);1111;Benefícios previdenciários - Poder Executivo – Fundo em Capitalização (Plano Previdenciário)
Pedras de Fogo;301139;Instituto de Prev. Municipal de Pedras de Fogo;062025;2025;12150211;Contribuição Patronal - Servidor Civil Ativo - Principal;Lançamento de Receita;4.680,86;800;Recursos vinculados ao RPPS - Fundo em Capitalização (Plano Previdenciário);1111;Benefícios previdenciários - Poder Executivo – Fundo em Capitalização (Plano Previdenciário)
Pedras de Fogo;301139;Instituto de Prev. Municipal de Pedras de Fogo;052025;2025;12150211;Contribuição Patronal - Servidor Civil Ativo - Principal;Lançamento de Receita;4.680,86;800;Recursos vinculados ao RPPS - Fundo em Capitalização (Plano Previdenciário);1111;Benefícios previdenciários - Poder Executivo – Fundo em Capitalização (Plano Previdenciário)
Pedras de Fogo;301139;Instituto de Prev. Municipal de Pedras de Fogo;042025;2025;12150211;Contribuição Patronal - Servidor Civil Ativo - Principal;Lançamento de Receita;4.680,86;800;Recursos vinculados ao RPPS - Fundo em Capitalização (Plano Previdenciário);1111;Benefícios previdenciários - Poder Executivo – Fundo em Capitalização (Plano Previdenciário)
Pedras de Fogo;301139;Instituto de Prev. Municipal de Pedras de Fogo;122025;2025;12150111;Contribuição do Servidor Civil Ativo - Principal;Lançamento de Receita;1.071.022,92;800;Recursos vinculados ao RPPS - Fundo em Capitalização (Plano Previdenciário);1111;Benefícios previdenciários - Poder Executivo – Fundo em Capitalização (Plano Previdenciário)
Pedras de Fogo;301139;Instituto de Prev. Municipal de Pedras de Fogo;112025;2025;12150111;Contribuição do Servidor Civil Ativo - Principal;Lançamento de Receita;349.214,3;800;Recursos vinculados ao RPPS - Fundo em Capitalização (Plano Previdenciário);1111;Benefícios previdenciários - Poder Executivo – Fundo em Capitalização (Plano Previdenciário)
Pedras de Fogo;301139;Instituto de Prev. Municipal de Pedras de Fogo;102025;2025;12150111;Contribuição do Servidor Civil Ativo - Principal;Lançamento de Receita;374.562,76;800;Recursos vinculados ao RPPS - Fundo em Capitalização (Plano Previdenciário);1111;Benefícios previdenciários - Poder Executivo – Fundo em Capitalização (Plano Previdenciário)
Pedras de Fogo;301139;Instituto de Prev. Municipal de Pedras de Fogo;092025;2025;12150111;Contribuição do Servidor Civil Ativo - Principal;Lançamento de Receita;377.621,26;800;Recursos vinculados ao RPPS - Fundo em Capitalização (Plano Previdenciário);1111;Benefícios previdenciários - Poder Executivo – Fundo em Capitalização (Plano Previdenciário)
Pedras de Fogo;301139;Instituto de Prev. Municipal de Pedras de Fogo;082025;2025;12150111;Contribuição do Servidor Civil Ativo - Principal;Lançamento de Receita;354.004,16;800;Recursos vinculados ao RPPS - Fundo em Capitalização (Plano Previdenciário);1111;Benefícios previdenciários - Poder Executivo – Fundo em Capitalização (Plano Previdenciário)
Pedras de Fogo;301139;Instituto de Prev. Municipal de Pedras de Fogo;072025;2025;12150111;Contribuição do Servidor Civil Ativo - Principal;Lançamento de Receita;1.293.882,5;800;Recursos vinculados ao RPPS - Fundo em Capitalização (Plano Previdenciário);1111;Benefícios previdenciários - Poder Executivo – Fundo em Capitalização (Plano Previdenciário)
Pedras de Fogo;301139;Instituto de Prev. Municipal de Pedras de Fogo;062025;2025;12150111;Contribuição do Servidor Civil Ativo - Principal;Lançamento de Receita;358.115,07;800;Recursos vinculados ao RPPS - Fundo em Capitalização (Plano Previdenciário);1111;Benefícios previdenciários - Poder Executivo – Fundo em Capitalização (Plano Previdenciário)
Pedras de Fogo;301139;Instituto de Prev. Municipal de Pedras de Fogo;052025;2025;12150111;Contribuição do Servidor Civil Ativo - Principal;Lançamento de Receita;353.538,72;800;Recursos vinculados ao RPPS - Fundo em Capitalização (Plano Previdenciário);1111;Benefícios previdenciários - Poder Executivo – Fundo em Capitalização (Plano Previdenciário)
Pedras de Fogo;301139;Instituto de Prev. Municipal de Pedras de Fogo;042025;2025;12150111;Contribuição do Servidor Civil Ativo - Principal;Lançamento de Receita;106.910,98;800;Recursos vinculados ao RPPS - Fundo em Capitalização (Plano Previdenciário);1111;Benefícios previdenciários - Poder Executivo – Fundo em Capitalização (Plano Previdenciário)
Pedras de Fogo;301139;Instituto de Prev. Municipal de Pedras de Fogo;032025;2025;12150111;Contribuição do Servidor Civil Ativo - Principal;Lançamento de Receita;633.743,53;800;Recursos vinculados ao RPPS - Fundo em Capitalização (Plano Previdenciário);1111;Benefícios previdenciários - Poder Executivo – Fundo em Capitalização (Plano Previdenciário)
Pedras de Fogo;301139;Instituto de Prev. Municipal de Pedras de Fogo;022025;2025;12150111;Contribuição do Servidor Civil Ativo - Principal;Lançamento de Receita;84.061,24;800;Recursos vinculados ao RPPS - Fundo em Capitalização (Plano Previdenciário);1111;Benefícios previdenciários - Poder Executivo – Fundo em Capitalização (Plano Previdenciário)
Pedras de Fogo;301139;Instituto de Prev. Municipal de Pedras de Fogo;012025;2025;12150111;Contribuição do Servidor Civil Ativo - Principal;Lançamento de Receita;307.431,4;800;Recursos vinculados ao RPPS - Fundo em Capitalização (Plano Previdenciário);1111;Benefícios previdenciários - Poder Executivo – Fundo em Capitalização (Plano Previdenciário)
Pedras de Fogo;601139;Fundo Municipal de Assistência Social de Pedras de Fogo;062025;2025;17295101;Transferências de Estados destinadas à Assistência Social - Principal;Lançamento de Receita;59.224,44;661;Transferência de Recursos dos Fundos Estaduais de Assistência Social;"Não ";Não Aplicável
Pedras de Fogo;601139;Fundo Municipal de Assistência Social de Pedras de Fogo;122025;2025;17165001;Transferências de Recursos do Fundo Nacional de Assistência Social – FNAS - Principal;Lançamento de Receita;162.243,16;660;Transferência de Recursos do Fundo Nacional de Assistência Social - FNAS;"Não ";Não Aplicável
Pedras de Fogo;601139;Fundo Municipal de Assistência Social de Pedras de Fogo;112025;2025;17165001;Transferências de Recursos do Fundo Nacional de Assistência Social – FNAS - Principal;Lançamento de Receita;67.591,69;660;Transferência de Recursos do Fundo Nacional de Assistência Social - FNAS;"Não ";Não Aplicável
Pedras de Fogo;601139;Fundo Municipal de Assistência Social de Pedras de Fogo;102025;2025;17165001;Transferências de Recursos do Fundo Nacional de Assistência Social – FNAS - Principal;Lançamento de Receita;67.653,84;660;Transferência de Recursos do Fundo Nacional de Assistência Social - FNAS;"Não ";Não Aplicável
Pedras de Fogo;601139;Fundo Municipal de Assistência Social de Pedras de Fogo;092025;2025;17165001;Transferências de Recursos do Fundo Nacional de Assistência Social – FNAS - Principal;Lançamento de Receita;95.186,72;660;Transferência de Recursos do Fundo Nacional de Assistência Social - FNAS;"Não ";Não Aplicável
Pedras de Fogo;601139;Fundo Municipal de Assistência Social de Pedras de Fogo;082025;2025;17165001;Transferências de Recursos do Fundo Nacional de Assistência Social – FNAS - Principal;Lançamento de Receita;66.826,26;660;Transferência de Recursos do Fundo Nacional de Assistência Social - FNAS;"Não ";Não Aplicável
Pedras de Fogo;601139;Fundo Municipal de Assistência Social de Pedras de Fogo;072025;2025;17165001;Transferências de Recursos do Fundo Nacional de Assistência Social – FNAS - Principal;Lançamento de Receita;137.899,16;660;Transferência de Recursos do Fundo Nacional de Assistência Social - FNAS;"Não ";Não Aplicável
Pedras de Fogo;601139;Fundo Municipal de Assistência Social de Pedras de Fogo;062025;2025;17165001;Transferências de Recursos do Fundo Nacional de Assistência Social – FNAS - Principal;Lançamento de Receita;22.997,87;660;Transferência de Recursos do Fundo Nacional de Assistência Social - FNAS;"Não ";Não Aplicável
Pedras de Fogo;601139;Fundo Municipal de Assistência Social de Pedras de Fogo;052025;2025;17165001;Transferências de Recursos do Fundo Nacional de Assistência Social – FNAS - Principal;Lançamento de Receita;64.834,63;660;Transferência de Recursos do Fundo Nacional de Assistência Social - FNAS;"Não ";Não Aplicável
Pedras de Fogo;601139;Fundo Municipal de Assistência Social de Pedras de Fogo;042025;2025;17165001;Transferências de Recursos do Fundo Nacional de Assistência Social – FNAS - Principal;Outras Deduções;-0,96;660;Transferência de Recursos do Fundo Nacional de Assistência Social - FNAS;"Não ";Não Aplicável
Pedras de Fogo;601139;Fundo Municipal de Assistência Social de Pedras de Fogo;042025;2025;17165001;Transferências de Recursos do Fundo Nacional de Assistência Social – FNAS - Principal;Lançamento de Receita;88.129,75;660;Transferência de Recursos do Fundo Nacional de Assistência Social - FNAS;"Não ";Não Aplicável
Pedras de Fogo;601139;Fundo Municipal de Assistência Social de Pedras de Fogo;032025;2025;17165001;Transferências de Recursos do Fundo Nacional de Assistência Social – FNAS - Principal;Lançamento de Receita;43.946,17;660;Transferência de Recursos do Fundo Nacional de Assistência Social - FNAS;"Não ";Não Aplicável
Pedras de Fogo;601139;Fundo Municipal de Assistência Social de Pedras de Fogo;022025;2025;17165001;Transferências de Recursos do Fundo Nacional de Assistência Social – FNAS - Principal;Lançamento de Receita;43.894,21;660;Transferência de Recursos do Fundo Nacional de Assistência Social - FNAS;"Não ";Não Aplicável
Pedras de Fogo;601139;Fundo Municipal de Assistência Social de Pedras de Fogo;012025;2025;17165001;Transferências de Recursos do Fundo Nacional de Assistência Social – FNAS - Principal;Lançamento de Receita;42.236,15;660;Transferência de Recursos do Fundo Nacional de Assistência Social - FNAS;"Não ";Não Aplicável
Pedras de Fogo;601139;Fundo Municipal de Assistência Social de Pedras de Fogo;122025;2025;13210101;Remuneração de Depósitos Bancários - Principal;Lançamento de Receita;1,52;707;Transferências da União – inciso I do art. 5º da Lei Complementar 173/2020;"Não ";Não Aplicável
Pedras de Fogo;601139;Fundo Municipal de Assistência Social de Pedras de Fogo;122025;2025;13210101;Remuneração de Depósitos Bancários - Principal;Lançamento de Receita;1.282,92;669;Outros Recursos Vinculados à Assistência Social;"Não ";Não Aplicável
Pedras de Fogo;601139;Fundo Municipal de Assistência Social de Pedras de Fogo;122025;2025;13210101;Remuneração de Depósitos Bancários - Principal;Lançamento de Receita;3,34;669;Outros Recursos Vinculados à Assistência Social;3110;Identificação das Transferências da União decorrentes de emendas parlamentares individuais
Pedras de Fogo;601139;Fundo Municipal de Assistência Social de Pedras de Fogo;122025;2025;13210101;Remuneração de Depósitos Bancários - Principal;Lançamento de Receita;1.271,76;660;Transferência de Recursos do Fundo Nacional de Assistência Social - FNAS;"Não ";Não Aplicável
Pedras de Fogo;601139;Fundo Municipal de Assistência Social de Pedras de Fogo;122025;2025;13210101;Remuneração de Depósitos Bancários - Principal;Lançamento de Receita;677,25;500;Recursos não vinculados de Impostos;"Não ";Não Aplicável
Pedras de Fogo;601139;Fundo Municipal de Assistência Social de Pedras de Fogo;112025;2025;13210101;Remuneração de Depósitos Bancários - Principal;Lançamento de Receita;2,88;669;Outros Recursos Vinculados à Assistência Social;3110;Identificação das Transferências da União decorrentes de emendas parlamentares individuais
Pedras de Fogo;601139;Fundo Municipal de Assistência Social de Pedras de Fogo;112025;2025;13210101;Remuneração de Depósitos Bancários - Principal;Lançamento de Receita;1.101,49;669;Outros Recursos Vinculados à Assistência Social;"Não ";Não Aplicável
Pedras de Fogo;601139;Fundo Municipal de Assistência Social de Pedras de Fogo;112025;2025;13210101;Remuneração de Depósitos Bancários - Principal;Lançamento de Receita;1,3;707;Transferências da União – inciso I do art. 5º da Lei Complementar 173/2020;"Não ";Não Aplicável
Pedras de Fogo;601139;Fundo Municipal de Assistência Social de Pedras de Fogo;112025;2025;13210101;Remuneração de Depósitos Bancários - Principal;Lançamento de Receita;628,27;500;Recursos não vinculados de Impostos;"Não ";Não Aplicável
Pedras de Fogo;601139;Fundo Municipal de Assistência Social de Pedras de Fogo;112025;2025;13210101;Remuneração de Depósitos Bancários - Principal;Lançamento de Receita;1.288,85;660;Transferência de Recursos do Fundo Nacional de Assistência Social - FNAS;"Não ";Não Aplicável
Pedras de Fogo;601139;Fundo Municipal de Assistência Social de Pedras de Fogo;102025;2025;13210101;Remuneração de Depósitos Bancários - Principal;Lançamento de Receita;3,43;669;Outros Recursos Vinculados à Assistência Social;3110;Identificação das Transferências da União decorrentes de emendas parlamentares individuais
Pedras de Fogo;601139;Fundo Municipal de Assistência Social de Pedras de Fogo;102025;2025;13210101;Remuneração de Depósitos Bancários - Principal;Lançamento de Receita;1,56;707;Transferências da União – inciso I do art. 5º da Lei Complementar 173/2020;"Não ";Não Aplicável
Pedras de Fogo;601139;Fundo Municipal de Assistência Social de Pedras de Fogo;102025;2025;13210101;Remuneração de Depósitos Bancários - Principal;Lançamento de Receita;1.741,06;660;Transferência de Recursos do Fundo Nacional de Assistência Social - FNAS;"Não ";Não Aplicável
Pedras de Fogo;601139;Fundo Municipal de Assistência Social de Pedras de Fogo;102025;2025;13210101;Remuneração de Depósitos Bancários - Principal;Lançamento de Receita;1.320,33;669;Outros Recursos Vinculados à Assistência Social;"Não ";Não Aplicável
Pedras de Fogo;601139;Fundo Municipal de Assistência Social de Pedras de Fogo;102025;2025;13210101;Remuneração de Depósitos Bancários - Principal;Lançamento de Receita;661,75;500;Recursos não vinculados de Impostos;"Não ";Não Aplicável
Pedras de Fogo;601139;Fundo Municipal de Assistência Social de Pedras de Fogo;092025;2025;13210101;Remuneração de Depósitos Bancários - Principal;Lançamento de Receita;1,48;707;Transferências da União – inciso I do art. 5º da Lei Complementar 173/2020;"Não ";Não Aplicável
Pedras de Fogo;601139;Fundo Municipal de Assistência Social de Pedras de Fogo;092025;2025;13210101;Remuneração de Depósitos Bancários - Principal;Lançamento de Receita;536,4;500;Recursos não vinculados de Impostos;"Não ";Não Aplicável
Pedras de Fogo;601139;Fundo Municipal de Assistência Social de Pedras de Fogo;092025;2025;13210101;Remuneração de Depósitos Bancários - Principal;Lançamento de Receita;1.256,38;669;Outros Recursos Vinculados à Assistência Social;"Não ";Não Aplicável
Pedras de Fogo;601139;Fundo Municipal de Assistência Social de Pedras de Fogo;092025;2025;13210101;Remuneração de Depósitos Bancários - Principal;Lançamento de Receita;3,26;669;Outros Recursos Vinculados à Assistência Social;3110;Identificação das Transferências da União decorrentes de emendas parlamentares individuais
Pedras de Fogo;601139;Fundo Municipal de Assistência Social de Pedras de Fogo;092025;2025;13210101;Remuneração de Depósitos Bancários - Principal;Lançamento de Receita;1.650,28;660;Transferência de Recursos do Fundo Nacional de Assistência Social - FNAS;"Não ";Não Aplicável
Pedras de Fogo;601139;Fundo Municipal de Assistência Social de Pedras de Fogo;082025;2025;13210101;Remuneração de Depósitos Bancários - Principal;Lançamento de Receita;336,98;500;Recursos não vinculados de Impostos;"Não ";Não Aplicável
Pedras de Fogo;601139;Fundo Municipal de Assistência Social de Pedras de Fogo;082025;2025;13210101;Remuneração de Depósitos Bancários - Principal;Lançamento de Receita;1.194,8;669;Outros Recursos Vinculados à Assistência Social;"Não ";Não Aplicável
Pedras de Fogo;601139;Fundo Municipal de Assistência Social de Pedras de Fogo;082025;2025;13210101;Remuneração de Depósitos Bancários - Principal;Lançamento de Receita;1.375,08;660;Transferência de Recursos do Fundo Nacional de Assistência Social - FNAS;"Não ";Não Aplicável
Pedras de Fogo;601139;Fundo Municipal de Assistência Social de Pedras de Fogo;082025;2025;13210101;Remuneração de Depósitos Bancários - Principal;Lançamento de Receita;3,1;669;Outros Recursos Vinculados à Assistência Social;3110;Identificação das Transferências da União decorrentes de emendas parlamentares individuais
Pedras de Fogo;601139;Fundo Municipal de Assistência Social de Pedras de Fogo;082025;2025;13210101;Remuneração de Depósitos Bancários - Principal;Lançamento de Receita;1,4;707;Transferências da União – inciso I do art. 5º da Lei Complementar 173/2020;"Não ";Não Aplicável
Pedras de Fogo;601139;Fundo Municipal de Assistência Social de Pedras de Fogo;072025;2025;13210101;Remuneração de Depósitos Bancários - Principal;Lançamento de Receita;1.515,59;660;Transferência de Recursos do Fundo Nacional de Assistência Social - FNAS;"Não ";Não Aplicável
Pedras de Fogo;601139;Fundo Municipal de Assistência Social de Pedras de Fogo;072025;2025;13210101;Remuneração de Depósitos Bancários - Principal;Lançamento de Receita;3,34;669;Outros Recursos Vinculados à Assistência Social;3110;Identificação das Transferências da União decorrentes de emendas parlamentares individuais
Pedras de Fogo;601139;Fundo Municipal de Assistência Social de Pedras de Fogo;072025;2025;13210101;Remuneração de Depósitos Bancários - Principal;Lançamento de Receita;269,42;500;Recursos não vinculados de Impostos;"Não ";Não Aplicável
Pedras de Fogo;601139;Fundo Municipal de Assistência Social de Pedras de Fogo;072025;2025;13210101;Remuneração de Depósitos Bancários - Principal;Lançamento de Receita;1.315,01;669;Outros Recursos Vinculados à Assistência Social;"Não ";Não Aplicável
Pedras de Fogo;601139;Fundo Municipal de Assistência Social de Pedras de Fogo;072025;2025;13210101;Remuneração de Depósitos Bancários - Principal;Lançamento de Receita;1,52;707;Transferências da União – inciso I do art. 5º da Lei Complementar 173/2020;"Não ";Não Aplicável
Pedras de Fogo;601139;Fundo Municipal de Assistência Social de Pedras de Fogo;062025;2025;13210101;Remuneração de Depósitos Bancários - Principal;Lançamento de Receita;1,29;707;Transferências da União – inciso I do art. 5º da Lei Complementar 173/2020;"Não ";Não Aplicável
Pedras de Fogo;601139;Fundo Municipal de Assistência Social de Pedras de Fogo;062025;2025;13210101;Remuneração de Depósitos Bancários - Principal;Lançamento de Receita;305,41;500;Recursos não vinculados de Impostos;"Não ";Não Aplicável
Pedras de Fogo;601139;Fundo Municipal de Assistência Social de Pedras de Fogo;062025;2025;13210101;Remuneração de Depósitos Bancários - Principal;Lançamento de Receita;868,93;660;Transferência de Recursos do Fundo Nacional de Assistência Social - FNAS;"Não ";Não Aplicável
Pedras de Fogo;601139;Fundo Municipal de Assistência Social de Pedras de Fogo;062025;2025;13210101;Remuneração de Depósitos Bancários - Principal;Lançamento de Receita;842,78;669;Outros Recursos Vinculados à Assistência Social;"Não ";Não Aplicável
Pedras de Fogo;601139;Fundo Municipal de Assistência Social de Pedras de Fogo;062025;2025;13210101;Remuneração de Depósitos Bancários - Principal;Lançamento de Receita;2,85;669;Outros Recursos Vinculados à Assistência Social;3110;Identificação das Transferências da União decorrentes de emendas parlamentares individuais
Pedras de Fogo;601139;Fundo Municipal de Assistência Social de Pedras de Fogo;052025;2025;13210101;Remuneração de Depósitos Bancários - Principal;Lançamento de Receita;883,14;660;Transferência de Recursos do Fundo Nacional de Assistência Social - FNAS;"Não ";Não Aplicável
Pedras de Fogo;601139;Fundo Municipal de Assistência Social de Pedras de Fogo;052025;2025;13210101;Remuneração de Depósitos Bancários - Principal;Lançamento de Receita;658,57;669;Outros Recursos Vinculados à Assistência Social;"Não ";Não Aplicável
Pedras de Fogo;601139;Fundo Municipal de Assistência Social de Pedras de Fogo;052025;2025;13210101;Remuneração de Depósitos Bancários - Principal;Lançamento de Receita;4,88;669;Outros Recursos Vinculados à Assistência Social;3110;Identificação das Transferências da União decorrentes de emendas parlamentares individuais
Pedras de Fogo;601139;Fundo Municipal de Assistência Social de Pedras de Fogo;052025;2025;13210101;Remuneração de Depósitos Bancários - Principal;Lançamento de Receita;1,32;707;Transferências da União – inciso I do art. 5º da Lei Complementar 173/2020;"Não ";Não Aplicável
Pedras de Fogo;601139;Fundo Municipal de Assistência Social de Pedras de Fogo;052025;2025;13210101;Remuneração de Depósitos Bancários - Principal;Lançamento de Receita;420,26;500;Recursos não vinculados de Impostos;"Não ";Não Aplicável
Pedras de Fogo;601139;Fundo Municipal de Assistência Social de Pedras de Fogo;042025;2025;13210101;Remuneração de Depósitos Bancários - Principal;Lançamento de Receita;380,14;500;Recursos não vinculados de Impostos;"Não ";Não Aplicável
Pedras de Fogo;601139;Fundo Municipal de Assistência Social de Pedras de Fogo;042025;2025;13210101;Remuneração de Depósitos Bancários - Principal;Lançamento de Receita;626,03;669;Outros Recursos Vinculados à Assistência Social;"Não ";Não Aplicável
Pedras de Fogo;601139;Fundo Municipal de Assistência Social de Pedras de Fogo;042025;2025;13210101;Remuneração de Depósitos Bancários - Principal;Lançamento de Receita;1.063;660;Transferência de Recursos do Fundo Nacional de Assistência Social - FNAS;"Não ";Não Aplicável
Pedras de Fogo;601139;Fundo Municipal de Assistência Social de Pedras de Fogo;042025;2025;13210101;Remuneração de Depósitos Bancários - Principal;Lançamento de Receita;1,18;707;Transferências da União – inciso I do art. 5º da Lei Complementar 173/2020;"Não ";Não Aplicável
Pedras de Fogo;601139;Fundo Municipal de Assistência Social de Pedras de Fogo;042025;2025;13210101;Remuneração de Depósitos Bancários - Principal;Lançamento de Receita;19,21;669;Outros Recursos Vinculados à Assistência Social;3110;Identificação das Transferências da União decorrentes de emendas parlamentares individuais
Pedras de Fogo;601139;Fundo Municipal de Assistência Social de Pedras de Fogo;032025;2025;13210101;Remuneração de Depósitos Bancários - Principal;Lançamento de Receita;1,08;707;Transferências da União – inciso I do art. 5º da Lei Complementar 173/2020;"Não ";Não Aplicável
Pedras de Fogo;601139;Fundo Municipal de Assistência Social de Pedras de Fogo;032025;2025;13210101;Remuneração de Depósitos Bancários - Principal;Lançamento de Receita;561,17;669;Outros Recursos Vinculados à Assistência Social;"Não ";Não Aplicável
Pedras de Fogo;601139;Fundo Municipal de Assistência Social de Pedras de Fogo;032025;2025;13210101;Remuneração de Depósitos Bancários - Principal;Lançamento de Receita;18,34;669;Outros Recursos Vinculados à Assistência Social;3110;Identificação das Transferências da União decorrentes de emendas parlamentares individuais
Pedras de Fogo;601139;Fundo Municipal de Assistência Social de Pedras de Fogo;032025;2025;13210101;Remuneração de Depósitos Bancários - Principal;Lançamento de Receita;1.157,61;660;Transferência de Recursos do Fundo Nacional de Assistência Social - FNAS;"Não ";Não Aplicável
Pedras de Fogo;601139;Fundo Municipal de Assistência Social de Pedras de Fogo;022025;2025;13210101;Remuneração de Depósitos Bancários - Principal;Lançamento de Receita;581,81;669;Outros Recursos Vinculados à Assistência Social;"Não ";Não Aplicável
Pedras de Fogo;601139;Fundo Municipal de Assistência Social de Pedras de Fogo;022025;2025;13210101;Remuneração de Depósitos Bancários - Principal;Lançamento de Receita;1.307,51;660;Transferência de Recursos do Fundo Nacional de Assistência Social - FNAS;"Não ";Não Aplicável
Pedras de Fogo;601139;Fundo Municipal de Assistência Social de Pedras de Fogo;022025;2025;13210101;Remuneração de Depósitos Bancários - Principal;Lançamento de Receita;18,39;669;Outros Recursos Vinculados à Assistência Social;3110;Identificação das Transferências da União decorrentes de emendas parlamentares individuais
Pedras de Fogo;601139;Fundo Municipal de Assistência Social de Pedras de Fogo;022025;2025;13210101;Remuneração de Depósitos Bancários - Principal;Lançamento de Receita;1,09;707;Transferências da União – inciso I do art. 5º da Lei Complementar 173/2020;"Não ";Não Aplicável
Pedras de Fogo;601139;Fundo Municipal de Assistência Social de Pedras de Fogo;012025;2025;13210101;Remuneração de Depósitos Bancários - Principal;Lançamento de Receita;1,09;707;Transferências da União – inciso I do art. 5º da Lei Complementar 173/2020;"Não ";Não Aplicável
Pedras de Fogo;601139;Fundo Municipal de Assistência Social de Pedras de Fogo;012025;2025;13210101;Remuneração de Depósitos Bancários - Principal;Lançamento de Receita;618,4;669;Outros Recursos Vinculados à Assistência Social;"Não ";Não Aplicável
Pedras de Fogo;601139;Fundo Municipal de Assistência Social de Pedras de Fogo;012025;2025;13210101;Remuneração de Depósitos Bancários - Principal;Lançamento de Receita;1.564,85;660;Transferência de Recursos do Fundo Nacional de Assistência Social - FNAS;"Não ";Não Aplicável
Pedras de Fogo;601139;Fundo Municipal de Assistência Social de Pedras de Fogo;012025;2025;13210101;Remuneração de Depósitos Bancários - Principal;Lançamento de Receita;18,71;669;Outros Recursos Vinculados à Assistência Social;3110;Identificação das Transferências da União decorrentes de emendas parlamentares individuais
Pedras de Fogo;601139;Fundo Municipal de Assistência Social de Pedras de Fogo;122025;2025;12219911;Outras Contribuições Econômicas – Não Arrecadadas e Não Projetadas pela RFB - Principal;Lançamento de Receita;20.744,78;501;Outros Recursos não Vinculados;"Não ";Não Aplicável
Pedras de Fogo;601139;Fundo Municipal de Assistência Social de Pedras de Fogo;112025;2025;12219911;Outras Contribuições Econômicas – Não Arrecadadas e Não Projetadas pela RFB - Principal;Lançamento de Receita;10.329,04;501;Outros Recursos não Vinculados;"Não ";Não Aplicável
Pedras de Fogo;601139;Fundo Municipal de Assistência Social de Pedras de Fogo;102025;2025;12219911;Outras Contribuições Econômicas – Não Arrecadadas e Não Projetadas pela RFB - Principal;Lançamento de Receita;10.204,04;501;Outros Recursos não Vinculados;"Não ";Não Aplicável
Pedras de Fogo;601139;Fundo Municipal de Assistência Social de Pedras de Fogo;092025;2025;12219911;Outras Contribuições Econômicas – Não Arrecadadas e Não Projetadas pela RFB - Principal;Lançamento de Receita;10.294,04;501;Outros Recursos não Vinculados;"Não ";Não Aplicável
Pedras de Fogo;601139;Fundo Municipal de Assistência Social de Pedras de Fogo;082025;2025;12219911;Outras Contribuições Econômicas – Não Arrecadadas e Não Projetadas pela RFB - Principal;Lançamento de Receita;10.294,04;501;Outros Recursos não Vinculados;"Não ";Não Aplicável
Pedras de Fogo;601139;Fundo Municipal de Assistência Social de Pedras de Fogo;072025;2025;12219911;Outras Contribuições Econômicas – Não Arrecadadas e Não Projetadas pela RFB - Principal;Lançamento de Receita;6.288,57;501;Outros Recursos não Vinculados;"Não ";Não Aplicável
Pedras de Fogo;601139;Fundo Municipal de Assistência Social de Pedras de Fogo;062025;2025;12219911;Outras Contribuições Econômicas – Não Arrecadadas e Não Projetadas pela RFB - Principal;Lançamento de Receita;6.288,57;501;Outros Recursos não Vinculados;"Não ";Não Aplicável
Pedras de Fogo;601139;Fundo Municipal de Assistência Social de Pedras de Fogo;052025;2025;12219911;Outras Contribuições Econômicas – Não Arrecadadas e Não Projetadas pela RFB - Principal;Lançamento de Receita;6.258,75;501;Outros Recursos não Vinculados;"Não ";Não Aplicável
Pedras de Fogo;601139;Fundo Municipal de Assistência Social de Pedras de Fogo;042025;2025;12219911;Outras Contribuições Econômicas – Não Arrecadadas e Não Projetadas pela RFB - Principal;Lançamento de Receita;80,72;501;Outros Recursos não Vinculados;"Não ";Não Aplicável
Pedras de Fogo;601139;Fundo Municipal de Assistência Social de Pedras de Fogo;032025;2025;12219911;Outras Contribuições Econômicas – Não Arrecadadas e Não Projetadas pela RFB - Principal;Lançamento de Receita;12.626,4;501;Outros Recursos não Vinculados;"Não ";Não Aplicável
Pedras de Fogo;601139;Fundo Municipal de Assistência Social de Pedras de Fogo;022025;2025;12219911;Outras Contribuições Econômicas – Não Arrecadadas e Não Projetadas pela RFB - Principal;Lançamento de Receita;126,26;501;Outros Recursos não Vinculados;"Não ";Não Aplicável
Pedras de Fogo;601139;Fundo Municipal de Assistência Social de Pedras de Fogo;012025;2025;12219911;Outras Contribuições Econômicas – Não Arrecadadas e Não Projetadas pela RFB - Principal;Lançamento de Receita;6.008,65;501;Outros Recursos não Vinculados;"Não ";Não Aplicável
Pedras de Fogo;602139;Fundo Municipal de Saúde de Pedras de Fogo;092025;2025;24145001;Transferências de Convênios da União para o Sistema Único de Saúde – SUS - Principal;Lançamento de Receita;128.000;631;"Transferências do Governo Federal referentes a Convênios e outros Repasses vinculados à Saúde ";"Não ";Não Aplicável
Pedras de Fogo;602139;Fundo Municipal de Saúde de Pedras de Fogo;122025;2025;24115111;Transferências de Recursos do Bloco de Estruturação da Rede de Serviços Públicos de Saúde - Atenção Primária - Principal;Lançamento de Receita;294.766;600;Transferências Fundo a Fundo de Recursos do SUS provenientes do Governo Federal - Bloco de Manutenção das Ações e Serviços Públicos de Saúde;3120;Identificação das Transferências da União decorrentes de emendas parlamentares de bancada
Pedras de Fogo;602139;Fundo Municipal de Saúde de Pedras de Fogo;122025;2025;17235001;Transferências de Recursos do Sistema Único de Saúde – SUS - Principal;Lançamento de Receita;13.690,22;621;"Transferências Fundo a Fundo de Recursos do SUS provenientes do Governo Estadual ";"Não ";Não Aplicável
Pedras de Fogo;602139;Fundo Municipal de Saúde de Pedras de Fogo;112025;2025;17235001;Transferências de Recursos do Sistema Único de Saúde – SUS - Principal;Lançamento de Receita;13.690,22;621;"Transferências Fundo a Fundo de Recursos do SUS provenientes do Governo Estadual ";"Não ";Não Aplicável
Pedras de Fogo;602139;Fundo Municipal de Saúde de Pedras de Fogo;102025;2025;17235001;Transferências de Recursos do Sistema Único de Saúde – SUS - Principal;Lançamento de Receita;27.380,44;621;"Transferências Fundo a Fundo de Recursos do SUS provenientes do Governo Estadual ";"Não ";Não Aplicável
Pedras de Fogo;602139;Fundo Municipal de Saúde de Pedras de Fogo;082025;2025;17235001;Transferências de Recursos do Sistema Único de Saúde – SUS - Principal;Lançamento de Receita;13.690,22;621;"Transferências Fundo a Fundo de Recursos do SUS provenientes do Governo Estadual ";"Não ";Não Aplicável
Pedras de Fogo;602139;Fundo Municipal de Saúde de Pedras de Fogo;072025;2025;17235001;Transferências de Recursos do Sistema Único de Saúde – SUS - Principal;Lançamento de Receita;13.690,22;621;"Transferências Fundo a Fundo de Recursos do SUS provenientes do Governo Estadual ";"Não ";Não Aplicável
Pedras de Fogo;602139;Fundo Municipal de Saúde de Pedras de Fogo;062025;2025;17235001;Transferências de Recursos do Sistema Único de Saúde – SUS - Principal;Lançamento de Receita;13.690,22;621;"Transferências Fundo a Fundo de Recursos do SUS provenientes do Governo Estadual ";"Não ";Não Aplicável
Pedras de Fogo;602139;Fundo Municipal de Saúde de Pedras de Fogo;052025;2025;17235001;Transferências de Recursos do Sistema Único de Saúde – SUS - Principal;Lançamento de Receita;13.690,22;621;"Transferências Fundo a Fundo de Recursos do SUS provenientes do Governo Estadual ";"Não ";Não Aplicável
Pedras de Fogo;602139;Fundo Municipal de Saúde de Pedras de Fogo;042025;2025;17235001;Transferências de Recursos do Sistema Único de Saúde – SUS - Principal;Lançamento de Receita;13.690,22;621;"Transferências Fundo a Fundo de Recursos do SUS provenientes do Governo Estadual ";"Não ";Não Aplicável
Pedras de Fogo;602139;Fundo Municipal de Saúde de Pedras de Fogo;032025;2025;17235001;Transferências de Recursos do Sistema Único de Saúde – SUS - Principal;Lançamento de Receita;13.690,22;621;"Transferências Fundo a Fundo de Recursos do SUS provenientes do Governo Estadual ";"Não ";Não Aplicável
Pedras de Fogo;602139;Fundo Municipal de Saúde de Pedras de Fogo;022025;2025;17235001;Transferências de Recursos do Sistema Único de Saúde – SUS - Principal;Lançamento de Receita;13.690,22;621;"Transferências Fundo a Fundo de Recursos do SUS provenientes do Governo Estadual ";"Não ";Não Aplicável
Pedras de Fogo;602139;Fundo Municipal de Saúde de Pedras de Fogo;012025;2025;17235001;Transferências de Recursos do Sistema Único de Saúde – SUS - Principal;Lançamento de Receita;13.690,22;621;"Transferências Fundo a Fundo de Recursos do SUS provenientes do Governo Estadual ";"Não ";Não Aplicável
Pedras de Fogo;602139;Fundo Municipal de Saúde de Pedras de Fogo;122025;2025;17135051;Transferências de Recursos do Bloco de Manutenção das Ações e Serviços Públicos de Saúde – Gestão do SUS - Principal;Lançamento de Receita;693.222,48;605;Assistência financeira da União destinada à complementação ao pagamento dos pisos salariais para profissionais da enfermagem;"Não ";Não Aplicável
Pedras de Fogo;602139;Fundo Municipal de Saúde de Pedras de Fogo;112025;2025;17135051;Transferências de Recursos do Bloco de Manutenção das Ações e Serviços Públicos de Saúde – Gestão do SUS - Principal;Lançamento de Receita;236.580,11;605;Assistência financeira da União destinada à complementação ao pagamento dos pisos salariais para profissionais da enfermagem;"Não ";Não Aplicável
Pedras de Fogo;602139;Fundo Municipal de Saúde de Pedras de Fogo;102025;2025;17135051;Transferências de Recursos do Bloco de Manutenção das Ações e Serviços Públicos de Saúde – Gestão do SUS - Principal;Lançamento de Receita;238.084,84;605;Assistência financeira da União destinada à complementação ao pagamento dos pisos salariais para profissionais da enfermagem;"Não ";Não Aplicável
Pedras de Fogo;602139;Fundo Municipal de Saúde de Pedras de Fogo;082025;2025;17135051;Transferências de Recursos do Bloco de Manutenção das Ações e Serviços Públicos de Saúde – Gestão do SUS - Principal;Lançamento de Receita;233.138,83;605;Assistência financeira da União destinada à complementação ao pagamento dos pisos salariais para profissionais da enfermagem;"Não ";Não Aplicável
Pedras de Fogo;602139;Fundo Municipal de Saúde de Pedras de Fogo;072025;2025;17135051;Transferências de Recursos do Bloco de Manutenção das Ações e Serviços Públicos de Saúde – Gestão do SUS - Principal;Lançamento de Receita;467.998,3;605;Assistência financeira da União destinada à complementação ao pagamento dos pisos salariais para profissionais da enfermagem;"Não ";Não Aplicável
Pedras de Fogo;602139;Fundo Municipal de Saúde de Pedras de Fogo;062025;2025;17135051;Transferências de Recursos do Bloco de Manutenção das Ações e Serviços Públicos de Saúde – Gestão do SUS - Principal;Lançamento de Receita;244.974,02;605;Assistência financeira da União destinada à complementação ao pagamento dos pisos salariais para profissionais da enfermagem;"Não ";Não Aplicável
Pedras de Fogo;602139;Fundo Municipal de Saúde de Pedras de Fogo;052025;2025;17135051;Transferências de Recursos do Bloco de Manutenção das Ações e Serviços Públicos de Saúde – Gestão do SUS - Principal;Lançamento de Receita;242.599,03;605;Assistência financeira da União destinada à complementação ao pagamento dos pisos salariais para profissionais da enfermagem;"Não ";Não Aplicável
Pedras de Fogo;602139;Fundo Municipal de Saúde de Pedras de Fogo;042025;2025;17135051;Transferências de Recursos do Bloco de Manutenção das Ações e Serviços Públicos de Saúde – Gestão do SUS - Principal;Lançamento de Receita;241.094,3;605;Assistência financeira da União destinada à complementação ao pagamento dos pisos salariais para profissionais da enfermagem;"Não ";Não Aplicável
Pedras de Fogo;602139;Fundo Municipal de Saúde de Pedras de Fogo;032025;2025;17135051;Transferências de Recursos do Bloco de Manutenção das Ações e Serviços Públicos de Saúde – Gestão do SUS - Principal;Lançamento de Receita;241.843,35;605;Assistência financeira da União destinada à complementação ao pagamento dos pisos salariais para profissionais da enfermagem;"Não ";Não Aplicável
Pedras de Fogo;602139;Fundo Municipal de Saúde de Pedras de Fogo;022025;2025;17135051;Transferências de Recursos do Bloco de Manutenção das Ações e Serviços Públicos de Saúde – Gestão do SUS - Principal;Lançamento de Receita;235.817,8;605;Assistência financeira da União destinada à complementação ao pagamento dos pisos salariais para profissionais da enfermagem;"Não ";Não Aplicável
Pedras de Fogo;602139;Fundo Municipal de Saúde de Pedras de Fogo;012025;2025;17135051;Transferências de Recursos do Bloco de Manutenção das Ações e Serviços Públicos de Saúde – Gestão do SUS - Principal;Lançamento de Receita;246.290,7;605;Assistência financeira da União destinada à complementação ao pagamento dos pisos salariais para profissionais da enfermagem;"Não ";Não Aplicável
Pedras de Fogo;602139;Fundo Municipal de Saúde de Pedras de Fogo;122025;2025;17135041;Transferências de Recursos do Bloco de Manutenção das Ações e Serviços Públicos de Saúde – Assistência Farmacêutica - Principal;Lançamento de Receita;21.752,2;600;Transferências Fundo a Fundo de Recursos do SUS provenientes do Governo Federal - Bloco de Manutenção das Ações e Serviços Públicos de Saúde;"Não ";Não Aplicável
Pedras de Fogo;602139;Fundo Municipal de Saúde de Pedras de Fogo;112025;2025;17135041;Transferências de Recursos do Bloco de Manutenção das Ações e Serviços Públicos de Saúde – Assistência Farmacêutica - Principal;Lançamento de Receita;27.752,2;600;Transferências Fundo a Fundo de Recursos do SUS provenientes do Governo Federal - Bloco de Manutenção das Ações e Serviços Públicos de Saúde;"Não ";Não Aplicável
Pedras de Fogo;602139;Fundo Municipal de Saúde de Pedras de Fogo;102025;2025;17135041;Transferências de Recursos do Bloco de Manutenção das Ações e Serviços Públicos de Saúde – Assistência Farmacêutica - Principal;Lançamento de Receita;27.752,2;600;Transferências Fundo a Fundo de Recursos do SUS provenientes do Governo Federal - Bloco de Manutenção das Ações e Serviços Públicos de Saúde;"Não ";Não Aplicável
Pedras de Fogo;602139;Fundo Municipal de Saúde de Pedras de Fogo;092025;2025;17135041;Transferências de Recursos do Bloco de Manutenção das Ações e Serviços Públicos de Saúde – Assistência Farmacêutica - Principal;Lançamento de Receita;21.752,2;600;Transferências Fundo a Fundo de Recursos do SUS provenientes do Governo Federal - Bloco de Manutenção das Ações e Serviços Públicos de Saúde;"Não ";Não Aplicável
Pedras de Fogo;602139;Fundo Municipal de Saúde de Pedras de Fogo;082025;2025;17135041;Transferências de Recursos do Bloco de Manutenção das Ações e Serviços Públicos de Saúde – Assistência Farmacêutica - Principal;Lançamento de Receita;36.583,6;600;Transferências Fundo a Fundo de Recursos do SUS provenientes do Governo Federal - Bloco de Manutenção das Ações e Serviços Públicos de Saúde;"Não ";Não Aplicável
Pedras de Fogo;602139;Fundo Municipal de Saúde de Pedras de Fogo;072025;2025;17135041;Transferências de Recursos do Bloco de Manutenção das Ações e Serviços Públicos de Saúde – Assistência Farmacêutica - Principal;Lançamento de Receita;21.752,2;600;Transferências Fundo a Fundo de Recursos do SUS provenientes do Governo Federal - Bloco de Manutenção das Ações e Serviços Públicos de Saúde;"Não ";Não Aplicável
Pedras de Fogo;602139;Fundo Municipal de Saúde de Pedras de Fogo;062025;2025;17135041;Transferências de Recursos do Bloco de Manutenção das Ações e Serviços Públicos de Saúde – Assistência Farmacêutica - Principal;Lançamento de Receita;19.280,3;600;Transferências Fundo a Fundo de Recursos do SUS provenientes do Governo Federal - Bloco de Manutenção das Ações e Serviços Públicos de Saúde;"Não ";Não Aplicável
Pedras de Fogo;602139;Fundo Municipal de Saúde de Pedras de Fogo;052025;2025;17135041;Transferências de Recursos do Bloco de Manutenção das Ações e Serviços Públicos de Saúde – Assistência Farmacêutica - Principal;Lançamento de Receita;25.280,3;600;Transferências Fundo a Fundo de Recursos do SUS provenientes do Governo Federal - Bloco de Manutenção das Ações e Serviços Públicos de Saúde;"Não ";Não Aplicável
Pedras de Fogo;602139;Fundo Municipal de Saúde de Pedras de Fogo;042025;2025;17135041;Transferências de Recursos do Bloco de Manutenção das Ações e Serviços Públicos de Saúde – Assistência Farmacêutica - Principal;Lançamento de Receita;19.280,3;600;Transferências Fundo a Fundo de Recursos do SUS provenientes do Governo Federal - Bloco de Manutenção das Ações e Serviços Públicos de Saúde;"Não ";Não Aplicável
Pedras de Fogo;602139;Fundo Municipal de Saúde de Pedras de Fogo;032025;2025;17135041;Transferências de Recursos do Bloco de Manutenção das Ações e Serviços Públicos de Saúde – Assistência Farmacêutica - Principal;Lançamento de Receita;19.280,3;600;Transferências Fundo a Fundo de Recursos do SUS provenientes do Governo Federal - Bloco de Manutenção das Ações e Serviços Públicos de Saúde;"Não ";Não Aplicável
Pedras de Fogo;602139;Fundo Municipal de Saúde de Pedras de Fogo;022025;2025;17135041;Transferências de Recursos do Bloco de Manutenção das Ações e Serviços Públicos de Saúde – Assistência Farmacêutica - Principal;Lançamento de Receita;19.280,3;600;Transferências Fundo a Fundo de Recursos do SUS provenientes do Governo Federal - Bloco de Manutenção das Ações e Serviços Públicos de Saúde;"Não ";Não Aplicável
Pedras de Fogo;602139;Fundo Municipal de Saúde de Pedras de Fogo;012025;2025;17135041;Transferências de Recursos do Bloco de Manutenção das Ações e Serviços Públicos de Saúde – Assistência Farmacêutica - Principal;Lançamento de Receita;25.280,3;600;Transferências Fundo a Fundo de Recursos do SUS provenientes do Governo Federal - Bloco de Manutenção das Ações e Serviços Públicos de Saúde;"Não ";Não Aplicável
Pedras de Fogo;602139;Fundo Municipal de Saúde de Pedras de Fogo;122025;2025;17135031;Transferências de Recursos do Bloco de Manutenção das Ações e Serviços Públicos de Saúde – Vigilância em Saúde - Principal;Lançamento de Receita;-1.651.584;604;Transferências provenientes do Governo Federal destinadas ao vencimento dos agentes comunitários de saúde e dos agentes de combate às endemias;"Não ";Não Aplicável
Pedras de Fogo;602139;Fundo Municipal de Saúde de Pedras de Fogo;122025;2025;17135031;Transferências de Recursos do Bloco de Manutenção das Ações e Serviços Públicos de Saúde – Vigilância em Saúde - Principal;Lançamento de Receita;40.141,28;600;Transferências Fundo a Fundo de Recursos do SUS provenientes do Governo Federal - Bloco de Manutenção das Ações e Serviços Públicos de Saúde;"Não ";Não Aplicável
Pedras de Fogo;602139;Fundo Municipal de Saúde de Pedras de Fogo;112025;2025;17135031;Transferências de Recursos do Bloco de Manutenção das Ações e Serviços Públicos de Saúde – Vigilância em Saúde - Principal;Lançamento de Receita;151.800;604;Transferências provenientes do Governo Federal destinadas ao vencimento dos agentes comunitários de saúde e dos agentes de combate às endemias;"Não ";Não Aplicável
Pedras de Fogo;602139;Fundo Municipal de Saúde de Pedras de Fogo;112025;2025;17135031;Transferências de Recursos do Bloco de Manutenção das Ações e Serviços Públicos de Saúde – Vigilância em Saúde - Principal;Lançamento de Receita;15.179,98;600;Transferências Fundo a Fundo de Recursos do SUS provenientes do Governo Federal - Bloco de Manutenção das Ações e Serviços Públicos de Saúde;"Não ";Não Aplicável
Pedras de Fogo;602139;Fundo Municipal de Saúde de Pedras de Fogo;102025;2025;17135031;Transferências de Recursos do Bloco de Manutenção das Ações e Serviços Públicos de Saúde – Vigilância em Saúde - Principal;Lançamento de Receita;151.800;604;Transferências provenientes do Governo Federal destinadas ao vencimento dos agentes comunitários de saúde e dos agentes de combate às endemias;"Não ";Não Aplicável
Pedras de Fogo;602139;Fundo Municipal de Saúde de Pedras de Fogo;102025;2025;17135031;Transferências de Recursos do Bloco de Manutenção das Ações e Serviços Públicos de Saúde – Vigilância em Saúde - Principal;Lançamento de Receita;13.621,98;600;Transferências Fundo a Fundo de Recursos do SUS provenientes do Governo Federal - Bloco de Manutenção das Ações e Serviços Públicos de Saúde;"Não ";Não Aplicável
Pedras de Fogo;602139;Fundo Municipal de Saúde de Pedras de Fogo;092025;2025;17135031;Transferências de Recursos do Bloco de Manutenção das Ações e Serviços Públicos de Saúde – Vigilância em Saúde - Principal;Lançamento de Receita;15.179,98;600;Transferências Fundo a Fundo de Recursos do SUS provenientes do Governo Federal - Bloco de Manutenção das Ações e Serviços Públicos de Saúde;"Não ";Não Aplicável
Pedras de Fogo;602139;Fundo Municipal de Saúde de Pedras de Fogo;092025;2025;17135031;Transferências de Recursos do Bloco de Manutenção das Ações e Serviços Públicos de Saúde – Vigilância em Saúde - Principal;Lançamento de Receita;151.800;604;Transferências provenientes do Governo Federal destinadas ao vencimento dos agentes comunitários de saúde e dos agentes de combate às endemias;"Não ";Não Aplicável
Pedras de Fogo;602139;Fundo Municipal de Saúde de Pedras de Fogo;082025;2025;17135031;Transferências de Recursos do Bloco de Manutenção das Ações e Serviços Públicos de Saúde – Vigilância em Saúde - Principal;Lançamento de Receita;16.737,98;600;Transferências Fundo a Fundo de Recursos do SUS provenientes do Governo Federal - Bloco de Manutenção das Ações e Serviços Públicos de Saúde;"Não ";Não Aplicável
Pedras de Fogo;602139;Fundo Municipal de Saúde de Pedras de Fogo;082025;2025;17135031;Transferências de Recursos do Bloco de Manutenção das Ações e Serviços Públicos de Saúde – Vigilância em Saúde - Principal;Lançamento de Receita;151.800;604;Transferências provenientes do Governo Federal destinadas ao vencimento dos agentes comunitários de saúde e dos agentes de combate às endemias;"Não ";Não Aplicável
Pedras de Fogo;602139;Fundo Municipal de Saúde de Pedras de Fogo;072025;2025;17135031;Transferências de Recursos do Bloco de Manutenção das Ações e Serviços Públicos de Saúde – Vigilância em Saúde - Principal;Lançamento de Receita;26.934,44;600;Transferências Fundo a Fundo de Recursos do SUS provenientes do Governo Federal - Bloco de Manutenção das Ações e Serviços Públicos de Saúde;"Não ";Não Aplicável
Pedras de Fogo;602139;Fundo Municipal de Saúde de Pedras de Fogo;072025;2025;17135031;Transferências de Recursos do Bloco de Manutenção das Ações e Serviços Públicos de Saúde – Vigilância em Saúde - Principal;Lançamento de Receita;151.800;604;Transferências provenientes do Governo Federal destinadas ao vencimento dos agentes comunitários de saúde e dos agentes de combate às endemias;"Não ";Não Aplicável
Pedras de Fogo;602139;Fundo Municipal de Saúde de Pedras de Fogo;062025;2025;17135031;Transferências de Recursos do Bloco de Manutenção das Ações e Serviços Públicos de Saúde – Vigilância em Saúde - Principal;Lançamento de Receita;9.657,52;600;Transferências Fundo a Fundo de Recursos do SUS provenientes do Governo Federal - Bloco de Manutenção das Ações e Serviços Públicos de Saúde;"Não ";Não Aplicável
Pedras de Fogo;602139;Fundo Municipal de Saúde de Pedras de Fogo;062025;2025;17135031;Transferências de Recursos do Bloco de Manutenção das Ações e Serviços Públicos de Saúde – Vigilância em Saúde - Principal;Lançamento de Receita;142.692;604;Transferências provenientes do Governo Federal destinadas ao vencimento dos agentes comunitários de saúde e dos agentes de combate às endemias;"Não ";Não Aplicável
Pedras de Fogo;602139;Fundo Municipal de Saúde de Pedras de Fogo;052025;2025;17135031;Transferências de Recursos do Bloco de Manutenção das Ações e Serviços Públicos de Saúde – Vigilância em Saúde - Principal;Lançamento de Receita;142.692;604;Transferências provenientes do Governo Federal destinadas ao vencimento dos agentes comunitários de saúde e dos agentes de combate às endemias;"Não ";Não Aplicável
Pedras de Fogo;602139;Fundo Municipal de Saúde de Pedras de Fogo;052025;2025;17135031;Transferências de Recursos do Bloco de Manutenção das Ações e Serviços Públicos de Saúde – Vigilância em Saúde - Principal;Lançamento de Receita;13.621,98;600;Transferências Fundo a Fundo de Recursos do SUS provenientes do Governo Federal - Bloco de Manutenção das Ações e Serviços Públicos de Saúde;"Não ";Não Aplicável
Pedras de Fogo;602139;Fundo Municipal de Saúde de Pedras de Fogo;042025;2025;17135031;Transferências de Recursos do Bloco de Manutenção das Ações e Serviços Públicos de Saúde – Vigilância em Saúde - Principal;Lançamento de Receita;151.800;604;Transferências provenientes do Governo Federal destinadas ao vencimento dos agentes comunitários de saúde e dos agentes de combate às endemias;"Não ";Não Aplicável
Pedras de Fogo;602139;Fundo Municipal de Saúde de Pedras de Fogo;042025;2025;17135031;Transferências de Recursos do Bloco de Manutenção das Ações e Serviços Públicos de Saúde – Vigilância em Saúde - Principal;Lançamento de Receita;36.617,49;600;Transferências Fundo a Fundo de Recursos do SUS provenientes do Governo Federal - Bloco de Manutenção das Ações e Serviços Públicos de Saúde;"Não ";Não Aplicável
Pedras de Fogo;602139;Fundo Municipal de Saúde de Pedras de Fogo;032025;2025;17135031;Transferências de Recursos do Bloco de Manutenção das Ações e Serviços Públicos de Saúde – Vigilância em Saúde - Principal;Lançamento de Receita;13.621,98;600;Transferências Fundo a Fundo de Recursos do SUS provenientes do Governo Federal - Bloco de Manutenção das Ações e Serviços Públicos de Saúde;"Não ";Não Aplicável
Pedras de Fogo;602139;Fundo Municipal de Saúde de Pedras de Fogo;032025;2025;17135031;Transferências de Recursos do Bloco de Manutenção das Ações e Serviços Públicos de Saúde – Vigilância em Saúde - Principal;Lançamento de Receita;151.800;604;Transferências provenientes do Governo Federal destinadas ao vencimento dos agentes comunitários de saúde e dos agentes de combate às endemias;"Não ";Não Aplicável
Pedras de Fogo;602139;Fundo Municipal de Saúde de Pedras de Fogo;022025;2025;17135031;Transferências de Recursos do Bloco de Manutenção das Ações e Serviços Públicos de Saúde – Vigilância em Saúde - Principal;Lançamento de Receita;151.800;604;Transferências provenientes do Governo Federal destinadas ao vencimento dos agentes comunitários de saúde e dos agentes de combate às endemias;"Não ";Não Aplicável
Pedras de Fogo;602139;Fundo Municipal de Saúde de Pedras de Fogo;022025;2025;17135031;Transferências de Recursos do Bloco de Manutenção das Ações e Serviços Públicos de Saúde – Vigilância em Saúde - Principal;Lançamento de Receita;13.621,98;600;Transferências Fundo a Fundo de Recursos do SUS provenientes do Governo Federal - Bloco de Manutenção das Ações e Serviços Públicos de Saúde;"Não ";Não Aplicável
Pedras de Fogo;602139;Fundo Municipal de Saúde de Pedras de Fogo;012025;2025;17135031;Transferências de Recursos do Bloco de Manutenção das Ações e Serviços Públicos de Saúde – Vigilância em Saúde - Principal;Lançamento de Receita;151.800;604;Transferências provenientes do Governo Federal destinadas ao vencimento dos agentes comunitários de saúde e dos agentes de combate às endemias;"Não ";Não Aplicável
Pedras de Fogo;602139;Fundo Municipal de Saúde de Pedras de Fogo;012025;2025;17135031;Transferências de Recursos do Bloco de Manutenção das Ações e Serviços Públicos de Saúde – Vigilância em Saúde - Principal;Lançamento de Receita;8.486,92;600;Transferências Fundo a Fundo de Recursos do SUS provenientes do Governo Federal - Bloco de Manutenção das Ações e Serviços Públicos de Saúde;"Não ";Não Aplicável
Pedras de Fogo;602139;Fundo Municipal de Saúde de Pedras de Fogo;122025;2025;17135021;Transferências de Recursos do Bloco de Manutenção das Ações e Serviços Públicos de Saúde – Atenção Especializada - Principal;Lançamento de Receita;400.000;600;Transferências Fundo a Fundo de Recursos do SUS provenientes do Governo Federal - Bloco de Manutenção das Ações e Serviços Públicos de Saúde;3110;Identificação das Transferências da União decorrentes de emendas parlamentares individuais
Pedras de Fogo;602139;Fundo Municipal de Saúde de Pedras de Fogo;122025;2025;17135021;Transferências de Recursos do Bloco de Manutenção das Ações e Serviços Públicos de Saúde – Atenção Especializada - Principal;Lançamento de Receita;900.000;600;Transferências Fundo a Fundo de Recursos do SUS provenientes do Governo Federal - Bloco de Manutenção das Ações e Serviços Públicos de Saúde;3120;Identificação das Transferências da União decorrentes de emendas parlamentares de bancada
Pedras de Fogo;602139;Fundo Municipal de Saúde de Pedras de Fogo;122025;2025;17135021;Transferências de Recursos do Bloco de Manutenção das Ações e Serviços Públicos de Saúde – Atenção Especializada - Principal;Lançamento de Receita;260.276,3;600;Transferências Fundo a Fundo de Recursos do SUS provenientes do Governo Federal - Bloco de Manutenção das Ações e Serviços Públicos de Saúde;"Não ";Não Aplicável
Pedras de Fogo;602139;Fundo Municipal de Saúde de Pedras de Fogo;112025;2025;17135021;Transferências de Recursos do Bloco de Manutenção das Ações e Serviços Públicos de Saúde – Atenção Especializada - Principal;Lançamento de Receita;266.530,2;600;Transferências Fundo a Fundo de Recursos do SUS provenientes do Governo Federal - Bloco de Manutenção das Ações e Serviços Públicos de Saúde;"Não ";Não Aplicável
Pedras de Fogo;602139;Fundo Municipal de Saúde de Pedras de Fogo;102025;2025;17135021;Transferências de Recursos do Bloco de Manutenção das Ações e Serviços Públicos de Saúde – Atenção Especializada - Principal;Lançamento de Receita;1.266.473,64;600;Transferências Fundo a Fundo de Recursos do SUS provenientes do Governo Federal - Bloco de Manutenção das Ações e Serviços Públicos de Saúde;"Não ";Não Aplicável
Pedras de Fogo;602139;Fundo Municipal de Saúde de Pedras de Fogo;092025;2025;17135021;Transferências de Recursos do Bloco de Manutenção das Ações e Serviços Públicos de Saúde – Atenção Especializada - Principal;Lançamento de Receita;266.473,64;600;Transferências Fundo a Fundo de Recursos do SUS provenientes do Governo Federal - Bloco de Manutenção das Ações e Serviços Públicos de Saúde;"Não ";Não Aplicável
Pedras de Fogo;602139;Fundo Municipal de Saúde de Pedras de Fogo;082025;2025;17135021;Transferências de Recursos do Bloco de Manutenção das Ações e Serviços Públicos de Saúde – Atenção Especializada - Principal;Lançamento de Receita;266.473,64;600;Transferências Fundo a Fundo de Recursos do SUS provenientes do Governo Federal - Bloco de Manutenção das Ações e Serviços Públicos de Saúde;"Não ";Não Aplicável
Pedras de Fogo;602139;Fundo Municipal de Saúde de Pedras de Fogo;082025;2025;17135021;Transferências de Recursos do Bloco de Manutenção das Ações e Serviços Públicos de Saúde – Atenção Especializada - Principal;Lançamento de Receita;200.000;600;Transferências Fundo a Fundo de Recursos do SUS provenientes do Governo Federal - Bloco de Manutenção das Ações e Serviços Públicos de Saúde;3110;Identificação das Transferências da União decorrentes de emendas parlamentares individuais
Pedras de Fogo;602139;Fundo Municipal de Saúde de Pedras de Fogo;072025;2025;17135021;Transferências de Recursos do Bloco de Manutenção das Ações e Serviços Públicos de Saúde – Atenção Especializada - Principal;Lançamento de Receita;266.869,56;600;Transferências Fundo a Fundo de Recursos do SUS provenientes do Governo Federal - Bloco de Manutenção das Ações e Serviços Públicos de Saúde;"Não ";Não Aplicável
Pedras de Fogo;602139;Fundo Municipal de Saúde de Pedras de Fogo;062025;2025;17135021;Transferências de Recursos do Bloco de Manutenção das Ações e Serviços Públicos de Saúde – Atenção Especializada - Principal;Lançamento de Receita;266.699,88;600;Transferências Fundo a Fundo de Recursos do SUS provenientes do Governo Federal - Bloco de Manutenção das Ações e Serviços Públicos de Saúde;"Não ";Não Aplicável
Pedras de Fogo;602139;Fundo Municipal de Saúde de Pedras de Fogo;052025;2025;17135021;Transferências de Recursos do Bloco de Manutenção das Ações e Serviços Públicos de Saúde – Atenção Especializada - Principal;Lançamento de Receita;266.473,64;600;Transferências Fundo a Fundo de Recursos do SUS provenientes do Governo Federal - Bloco de Manutenção das Ações e Serviços Públicos de Saúde;"Não ";Não Aplicável
Pedras de Fogo;602139;Fundo Municipal de Saúde de Pedras de Fogo;042025;2025;17135021;Transferências de Recursos do Bloco de Manutenção das Ações e Serviços Públicos de Saúde – Atenção Especializada - Principal;Lançamento de Receita;278.188,64;600;Transferências Fundo a Fundo de Recursos do SUS provenientes do Governo Federal - Bloco de Manutenção das Ações e Serviços Públicos de Saúde;"Não ";Não Aplicável
Pedras de Fogo;602139;Fundo Municipal de Saúde de Pedras de Fogo;032025;2025;17135021;Transferências de Recursos do Bloco de Manutenção das Ações e Serviços Públicos de Saúde – Atenção Especializada - Principal;Lançamento de Receita;278.414,88;600;Transferências Fundo a Fundo de Recursos do SUS provenientes do Governo Federal - Bloco de Manutenção das Ações e Serviços Públicos de Saúde;"Não ";Não Aplicável
Pedras de Fogo;602139;Fundo Municipal de Saúde de Pedras de Fogo;022025;2025;17135021;Transferências de Recursos do Bloco de Manutenção das Ações e Serviços Públicos de Saúde – Atenção Especializada - Principal;Lançamento de Receita;278.641,12;600;Transferências Fundo a Fundo de Recursos do SUS provenientes do Governo Federal - Bloco de Manutenção das Ações e Serviços Públicos de Saúde;"Não ";Não Aplicável
Pedras de Fogo;602139;Fundo Municipal de Saúde de Pedras de Fogo;012025;2025;17135021;Transferências de Recursos do Bloco de Manutenção das Ações e Serviços Públicos de Saúde – Atenção Especializada - Principal;Lançamento de Receita;277.905,84;600;Transferências Fundo a Fundo de Recursos do SUS provenientes do Governo Federal - Bloco de Manutenção das Ações e Serviços Públicos de Saúde;"Não ";Não Aplicável
Pedras de Fogo;602139;Fundo Municipal de Saúde de Pedras de Fogo;122025;2025;17135011;Transferências de Recursos do Bloco de Manutenção das Ações e Serviços Públicos de Saúde – Atenção Primária - Principal;Lançamento de Receita;674.947,41;600;Transferências Fundo a Fundo de Recursos do SUS provenientes do Governo Federal - Bloco de Manutenção das Ações e Serviços Públicos de Saúde;"Não ";Não Aplicável
Pedras de Fogo;602139;Fundo Municipal de Saúde de Pedras de Fogo;122025;2025;17135011;Transferências de Recursos do Bloco de Manutenção das Ações e Serviços Públicos de Saúde – Atenção Primária - Principal;Lançamento de Receita;1.955.184;604;Transferências provenientes do Governo Federal destinadas ao vencimento dos agentes comunitários de saúde e dos agentes de combate às endemias;"Não ";Não Aplicável
Pedras de Fogo;602139;Fundo Municipal de Saúde de Pedras de Fogo;122025;2025;17135011;Transferências de Recursos do Bloco de Manutenção das Ações e Serviços Públicos de Saúde – Atenção Primária - Principal;Lançamento de Receita;525.000;600;Transferências Fundo a Fundo de Recursos do SUS provenientes do Governo Federal - Bloco de Manutenção das Ações e Serviços Públicos de Saúde;3120;Identificação das Transferências da União decorrentes de emendas parlamentares de bancada
Pedras de Fogo;602139;Fundo Municipal de Saúde de Pedras de Fogo;112025;2025;17135011;Transferências de Recursos do Bloco de Manutenção das Ações e Serviços Públicos de Saúde – Atenção Primária - Principal;Lançamento de Receita;623.570,83;600;Transferências Fundo a Fundo de Recursos do SUS provenientes do Governo Federal - Bloco de Manutenção das Ações e Serviços Públicos de Saúde;"Não ";Não Aplicável
Pedras de Fogo;602139;Fundo Municipal de Saúde de Pedras de Fogo;102025;2025;17135011;Transferências de Recursos do Bloco de Manutenção das Ações e Serviços Públicos de Saúde – Atenção Primária - Principal;Lançamento de Receita;623.570,83;600;Transferências Fundo a Fundo de Recursos do SUS provenientes do Governo Federal - Bloco de Manutenção das Ações e Serviços Públicos de Saúde;"Não ";Não Aplicável
Pedras de Fogo;602139;Fundo Municipal de Saúde de Pedras de Fogo;092025;2025;17135011;Transferências de Recursos do Bloco de Manutenção das Ações e Serviços Públicos de Saúde – Atenção Primária - Principal;Lançamento de Receita;618.401,73;600;Transferências Fundo a Fundo de Recursos do SUS provenientes do Governo Federal - Bloco de Manutenção das Ações e Serviços Públicos de Saúde;"Não ";Não Aplicável
Pedras de Fogo;602139;Fundo Municipal de Saúde de Pedras de Fogo;092025;2025;17135011;Transferências de Recursos do Bloco de Manutenção das Ações e Serviços Públicos de Saúde – Atenção Primária - Principal;Lançamento de Receita;300.000;600;Transferências Fundo a Fundo de Recursos do SUS provenientes do Governo Federal - Bloco de Manutenção das Ações e Serviços Públicos de Saúde;3110;Identificação das Transferências da União decorrentes de emendas parlamentares individuais
Pedras de Fogo;602139;Fundo Municipal de Saúde de Pedras de Fogo;082025;2025;17135011;Transferências de Recursos do Bloco de Manutenção das Ações e Serviços Públicos de Saúde – Atenção Primária - Principal;Lançamento de Receita;600.000;600;Transferências Fundo a Fundo de Recursos do SUS provenientes do Governo Federal - Bloco de Manutenção das Ações e Serviços Públicos de Saúde;3110;Identificação das Transferências da União decorrentes de emendas parlamentares individuais
Pedras de Fogo;602139;Fundo Municipal de Saúde de Pedras de Fogo;082025;2025;17135011;Transferências de Recursos do Bloco de Manutenção das Ações e Serviços Públicos de Saúde – Atenção Primária - Principal;Lançamento de Receita;615.570,83;600;Transferências Fundo a Fundo de Recursos do SUS provenientes do Governo Federal - Bloco de Manutenção das Ações e Serviços Públicos de Saúde;"Não ";Não Aplicável
Pedras de Fogo;602139;Fundo Municipal de Saúde de Pedras de Fogo;072025;2025;17135011;Transferências de Recursos do Bloco de Manutenção das Ações e Serviços Públicos de Saúde – Atenção Primária - Principal;Lançamento de Receita;1.150.509,06;600;Transferências Fundo a Fundo de Recursos do SUS provenientes do Governo Federal - Bloco de Manutenção das Ações e Serviços Públicos de Saúde;"Não ";Não Aplicável
Pedras de Fogo;602139;Fundo Municipal de Saúde de Pedras de Fogo;062025;2025;17135011;Transferências de Recursos do Bloco de Manutenção das Ações e Serviços Públicos de Saúde – Atenção Primária - Principal;Lançamento de Receita;577.320,83;600;Transferências Fundo a Fundo de Recursos do SUS provenientes do Governo Federal - Bloco de Manutenção das Ações e Serviços Públicos de Saúde;"Não ";Não Aplicável
Pedras de Fogo;602139;Fundo Municipal de Saúde de Pedras de Fogo;052025;2025;17135011;Transferências de Recursos do Bloco de Manutenção das Ações e Serviços Públicos de Saúde – Atenção Primária - Principal;Lançamento de Receita;635.933,43;600;Transferências Fundo a Fundo de Recursos do SUS provenientes do Governo Federal - Bloco de Manutenção das Ações e Serviços Públicos de Saúde;"Não ";Não Aplicável
Pedras de Fogo;602139;Fundo Municipal de Saúde de Pedras de Fogo;042025;2025;17135011;Transferências de Recursos do Bloco de Manutenção das Ações e Serviços Públicos de Saúde – Atenção Primária - Principal;Lançamento de Receita;618.767,03;600;Transferências Fundo a Fundo de Recursos do SUS provenientes do Governo Federal - Bloco de Manutenção das Ações e Serviços Públicos de Saúde;"Não ";Não Aplicável
Pedras de Fogo;602139;Fundo Municipal de Saúde de Pedras de Fogo;032025;2025;17135011;Transferências de Recursos do Bloco de Manutenção das Ações e Serviços Públicos de Saúde – Atenção Primária - Principal;Lançamento de Receita;602.124,63;600;Transferências Fundo a Fundo de Recursos do SUS provenientes do Governo Federal - Bloco de Manutenção das Ações e Serviços Públicos de Saúde;"Não ";Não Aplicável
Pedras de Fogo;602139;Fundo Municipal de Saúde de Pedras de Fogo;032025;2025;17135011;Transferências de Recursos do Bloco de Manutenção das Ações e Serviços Públicos de Saúde – Atenção Primária - Principal;Lançamento de Receita;1.000.000;600;Transferências Fundo a Fundo de Recursos do SUS provenientes do Governo Federal - Bloco de Manutenção das Ações e Serviços Públicos de Saúde;3120;Identificação das Transferências da União decorrentes de emendas parlamentares de bancada
Pedras de Fogo;602139;Fundo Municipal de Saúde de Pedras de Fogo;022025;2025;17135011;Transferências de Recursos do Bloco de Manutenção das Ações e Serviços Públicos de Saúde – Atenção Primária - Principal;Lançamento de Receita;651.359,57;600;Transferências Fundo a Fundo de Recursos do SUS provenientes do Governo Federal - Bloco de Manutenção das Ações e Serviços Públicos de Saúde;"Não ";Não Aplicável
Pedras de Fogo;602139;Fundo Municipal de Saúde de Pedras de Fogo;012025;2025;17135011;Transferências de Recursos do Bloco de Manutenção das Ações e Serviços Públicos de Saúde – Atenção Primária - Principal;Lançamento de Receita;696.779,44;600;Transferências Fundo a Fundo de Recursos do SUS provenientes do Governo Federal - Bloco de Manutenção das Ações e Serviços Públicos de Saúde;"Não ";Não Aplicável
Pedras de Fogo;602139;Fundo Municipal de Saúde de Pedras de Fogo;122025;2025;13210101;Remuneração de Depósitos Bancários - Principal;Lançamento de Receita;665,75;600;Transferências Fundo a Fundo de Recursos do SUS provenientes do Governo Federal - Bloco de Manutenção das Ações e Serviços Públicos de Saúde;3120;Identificação das Transferências da União decorrentes de emendas parlamentares de bancada
Pedras de Fogo;602139;Fundo Municipal de Saúde de Pedras de Fogo;122025;2025;13210101;Remuneração de Depósitos Bancários - Principal;Lançamento de Receita;241,93;500;Recursos não vinculados de Impostos;"Não ";Não Aplicável
Pedras de Fogo;602139;Fundo Municipal de Saúde de Pedras de Fogo;122025;2025;13210101;Remuneração de Depósitos Bancários - Principal;Lançamento de Receita;6.722,76;600;Transferências Fundo a Fundo de Recursos do SUS provenientes do Governo Federal - Bloco de Manutenção das Ações e Serviços Públicos de Saúde;"Não ";Não Aplicável
Pedras de Fogo;602139;Fundo Municipal de Saúde de Pedras de Fogo;122025;2025;13210101;Remuneração de Depósitos Bancários - Principal;Lançamento de Receita;805,65;631;"Transferências do Governo Federal referentes a Convênios e outros Repasses vinculados à Saúde ";"Não ";Não Aplicável
Pedras de Fogo;602139;Fundo Municipal de Saúde de Pedras de Fogo;122025;2025;13210101;Remuneração de Depósitos Bancários - Principal;Lançamento de Receita;2.978,93;621;"Transferências Fundo a Fundo de Recursos do SUS provenientes do Governo Estadual ";"Não ";Não Aplicável
Pedras de Fogo;602139;Fundo Municipal de Saúde de Pedras de Fogo;122025;2025;13210101;Remuneração de Depósitos Bancários - Principal;Lançamento de Receita;20.138,72;600;Transferências Fundo a Fundo de Recursos do SUS provenientes do Governo Federal - Bloco de Manutenção das Ações e Serviços Públicos de Saúde;3110;Identificação das Transferências da União decorrentes de emendas parlamentares individuais
Pedras de Fogo;602139;Fundo Municipal de Saúde de Pedras de Fogo;122025;2025;13210101;Remuneração de Depósitos Bancários - Principal;Lançamento de Receita;1,77;707;Transferências da União – inciso I do art. 5º da Lei Complementar 173/2020;"Não ";Não Aplicável
Pedras de Fogo;602139;Fundo Municipal de Saúde de Pedras de Fogo;122025;2025;13210101;Remuneração de Depósitos Bancários - Principal;Lançamento de Receita;3.541,51;605;Assistência financeira da União destinada à complementação ao pagamento dos pisos salariais para profissionais da enfermagem;"Não ";Não Aplicável
Pedras de Fogo;602139;Fundo Municipal de Saúde de Pedras de Fogo;122025;2025;13210101;Remuneração de Depósitos Bancários - Principal;Lançamento de Receita;11.394,9;601;Transferências Fundo a Fundo de Recursos do SUS provenientes do Governo Federal - Bloco de Estruturação da Rede de Serviços Públicos de Saúde;"Não ";Não Aplicável
Pedras de Fogo;602139;Fundo Municipal de Saúde de Pedras de Fogo;112025;2025;13210101;Remuneração de Depósitos Bancários - Principal;Lançamento de Receita;2.261,49;605;Assistência financeira da União destinada à complementação ao pagamento dos pisos salariais para profissionais da enfermagem;"Não ";Não Aplicável
Pedras de Fogo;602139;Fundo Municipal de Saúde de Pedras de Fogo;112025;2025;13210101;Remuneração de Depósitos Bancários - Principal;Lançamento de Receita;2.626,87;621;"Transferências Fundo a Fundo de Recursos do SUS provenientes do Governo Estadual ";"Não ";Não Aplicável
Pedras de Fogo;602139;Fundo Municipal de Saúde de Pedras de Fogo;112025;2025;13210101;Remuneração de Depósitos Bancários - Principal;Lançamento de Receita;194,23;500;Recursos não vinculados de Impostos;"Não ";Não Aplicável
Pedras de Fogo;602139;Fundo Municipal de Saúde de Pedras de Fogo;112025;2025;13210101;Remuneração de Depósitos Bancários - Principal;Lançamento de Receita;9.736,96;601;Transferências Fundo a Fundo de Recursos do SUS provenientes do Governo Federal - Bloco de Estruturação da Rede de Serviços Públicos de Saúde;"Não ";Não Aplicável
Pedras de Fogo;602139;Fundo Municipal de Saúde de Pedras de Fogo;112025;2025;13210101;Remuneração de Depósitos Bancários - Principal;Lançamento de Receita;687,52;631;"Transferências do Governo Federal referentes a Convênios e outros Repasses vinculados à Saúde ";"Não ";Não Aplicável
Pedras de Fogo;602139;Fundo Municipal de Saúde de Pedras de Fogo;112025;2025;13210101;Remuneração de Depósitos Bancários - Principal;Lançamento de Receita;11.825,29;600;Transferências Fundo a Fundo de Recursos do SUS provenientes do Governo Federal - Bloco de Manutenção das Ações e Serviços Públicos de Saúde;"Não ";Não Aplicável
Pedras de Fogo;602139;Fundo Municipal de Saúde de Pedras de Fogo;112025;2025;13210101;Remuneração de Depósitos Bancários - Principal;Lançamento de Receita;896,28;600;Transferências Fundo a Fundo de Recursos do SUS provenientes do Governo Federal - Bloco de Manutenção das Ações e Serviços Públicos de Saúde;3120;Identificação das Transferências da União decorrentes de emendas parlamentares de bancada
Pedras de Fogo;602139;Fundo Municipal de Saúde de Pedras de Fogo;112025;2025;13210101;Remuneração de Depósitos Bancários - Principal;Lançamento de Receita;1,52;707;Transferências da União – inciso I do art. 5º da Lei Complementar 173/2020;"Não ";Não Aplicável
Pedras de Fogo;602139;Fundo Municipal de Saúde de Pedras de Fogo;112025;2025;13210101;Remuneração de Depósitos Bancários - Principal;Lançamento de Receita;8.999,96;600;Transferências Fundo a Fundo de Recursos do SUS provenientes do Governo Federal - Bloco de Manutenção das Ações e Serviços Públicos de Saúde;3110;Identificação das Transferências da União decorrentes de emendas parlamentares individuais
Pedras de Fogo;602139;Fundo Municipal de Saúde de Pedras de Fogo;102025;2025;13210101;Remuneração de Depósitos Bancários - Principal;Lançamento de Receita;3.024,86;621;"Transferências Fundo a Fundo de Recursos do SUS provenientes do Governo Estadual ";"Não ";Não Aplicável
Pedras de Fogo;602139;Fundo Municipal de Saúde de Pedras de Fogo;102025;2025;13210101;Remuneração de Depósitos Bancários - Principal;Lançamento de Receita;1.626,41;600;Transferências Fundo a Fundo de Recursos do SUS provenientes do Governo Federal - Bloco de Manutenção das Ações e Serviços Públicos de Saúde;3120;Identificação das Transferências da União decorrentes de emendas parlamentares de bancada
Pedras de Fogo;602139;Fundo Municipal de Saúde de Pedras de Fogo;102025;2025;13210101;Remuneração de Depósitos Bancários - Principal;Lançamento de Receita;235,67;500;Recursos não vinculados de Impostos;"Não ";Não Aplicável
Pedras de Fogo;602139;Fundo Municipal de Saúde de Pedras de Fogo;102025;2025;13210101;Remuneração de Depósitos Bancários - Principal;Lançamento de Receita;815,12;631;"Transferências do Governo Federal referentes a Convênios e outros Repasses vinculados à Saúde ";"Não ";Não Aplicável
Pedras de Fogo;602139;Fundo Municipal de Saúde de Pedras de Fogo;102025;2025;13210101;Remuneração de Depósitos Bancários - Principal;Lançamento de Receita;1,82;707;Transferências da União – inciso I do art. 5º da Lei Complementar 173/2020;"Não ";Não Aplicável
Pedras de Fogo;602139;Fundo Municipal de Saúde de Pedras de Fogo;102025;2025;13210101;Remuneração de Depósitos Bancários - Principal;Lançamento de Receita;8.289,07;600;Transferências Fundo a Fundo de Recursos do SUS provenientes do Governo Federal - Bloco de Manutenção das Ações e Serviços Públicos de Saúde;3110;Identificação das Transferências da União decorrentes de emendas parlamentares individuais
Pedras de Fogo;602139;Fundo Municipal de Saúde de Pedras de Fogo;102025;2025;13210101;Remuneração de Depósitos Bancários - Principal;Lançamento de Receita;19.430,26;600;Transferências Fundo a Fundo de Recursos do SUS provenientes do Governo Federal - Bloco de Manutenção das Ações e Serviços Públicos de Saúde;"Não ";Não Aplicável
Pedras de Fogo;602139;Fundo Municipal de Saúde de Pedras de Fogo;102025;2025;13210101;Remuneração de Depósitos Bancários - Principal;Lançamento de Receita;11.585,32;601;Transferências Fundo a Fundo de Recursos do SUS provenientes do Governo Federal - Bloco de Estruturação da Rede de Serviços Públicos de Saúde;"Não ";Não Aplicável
Pedras de Fogo;602139;Fundo Municipal de Saúde de Pedras de Fogo;102025;2025;13210101;Remuneração de Depósitos Bancários - Principal;Lançamento de Receita;2.965,36;605;Assistência financeira da União destinada à complementação ao pagamento dos pisos salariais para profissionais da enfermagem;"Não ";Não Aplicável
Pedras de Fogo;602139;Fundo Municipal de Saúde de Pedras de Fogo;092025;2025;13210101;Remuneração de Depósitos Bancários - Principal;Lançamento de Receita;1.296,22;631;"Transferências do Governo Federal referentes a Convênios e outros Repasses vinculados à Saúde ";"Não ";Não Aplicável
Pedras de Fogo;602139;Fundo Municipal de Saúde de Pedras de Fogo;092025;2025;13210101;Remuneração de Depósitos Bancários - Principal;Lançamento de Receita;10.785,94;601;Transferências Fundo a Fundo de Recursos do SUS provenientes do Governo Federal - Bloco de Estruturação da Rede de Serviços Públicos de Saúde;"Não ";Não Aplicável
Pedras de Fogo;602139;Fundo Municipal de Saúde de Pedras de Fogo;092025;2025;13210101;Remuneração de Depósitos Bancários - Principal;Lançamento de Receita;2.619,66;605;Assistência financeira da União destinada à complementação ao pagamento dos pisos salariais para profissionais da enfermagem;"Não ";Não Aplicável
Pedras de Fogo;602139;Fundo Municipal de Saúde de Pedras de Fogo;092025;2025;13210101;Remuneração de Depósitos Bancários - Principal;Lançamento de Receita;10.577,89;600;Transferências Fundo a Fundo de Recursos do SUS provenientes do Governo Federal - Bloco de Manutenção das Ações e Serviços Públicos de Saúde;"Não ";Não Aplicável
Pedras de Fogo;602139;Fundo Municipal de Saúde de Pedras de Fogo;092025;2025;13210101;Remuneração de Depósitos Bancários - Principal;Lançamento de Receita;7.350,32;600;Transferências Fundo a Fundo de Recursos do SUS provenientes do Governo Federal - Bloco de Manutenção das Ações e Serviços Públicos de Saúde;3110;Identificação das Transferências da União decorrentes de emendas parlamentares individuais
Pedras de Fogo;602139;Fundo Municipal de Saúde de Pedras de Fogo;092025;2025;13210101;Remuneração de Depósitos Bancários - Principal;Lançamento de Receita;2.793,37;621;"Transferências Fundo a Fundo de Recursos do SUS provenientes do Governo Estadual ";"Não ";Não Aplicável
Pedras de Fogo;602139;Fundo Municipal de Saúde de Pedras de Fogo;092025;2025;13210101;Remuneração de Depósitos Bancários - Principal;Lançamento de Receita;366,42;500;Recursos não vinculados de Impostos;"Não ";Não Aplicável
Pedras de Fogo;602139;Fundo Municipal de Saúde de Pedras de Fogo;092025;2025;13210101;Remuneração de Depósitos Bancários - Principal;Lançamento de Receita;1,72;707;Transferências da União – inciso I do art. 5º da Lei Complementar 173/2020;"Não ";Não Aplicável
Pedras de Fogo;602139;Fundo Municipal de Saúde de Pedras de Fogo;092025;2025;13210101;Remuneração de Depósitos Bancários - Principal;Lançamento de Receita;2.217,52;600;Transferências Fundo a Fundo de Recursos do SUS provenientes do Governo Federal - Bloco de Manutenção das Ações e Serviços Públicos de Saúde;3120;Identificação das Transferências da União decorrentes de emendas parlamentares de bancada
Pedras de Fogo;602139;Fundo Municipal de Saúde de Pedras de Fogo;082025;2025;13210101;Remuneração de Depósitos Bancários - Principal;Lançamento de Receita;2.434,47;605;Assistência financeira da União destinada à complementação ao pagamento dos pisos salariais para profissionais da enfermagem;"Não ";Não Aplicável
Pedras de Fogo;602139;Fundo Municipal de Saúde de Pedras de Fogo;082025;2025;13210101;Remuneração de Depósitos Bancários - Principal;Lançamento de Receita;2.610,29;621;"Transferências Fundo a Fundo de Recursos do SUS provenientes do Governo Estadual ";"Não ";Não Aplicável
Pedras de Fogo;602139;Fundo Municipal de Saúde de Pedras de Fogo;082025;2025;13210101;Remuneração de Depósitos Bancários - Principal;Lançamento de Receita;710,67;631;"Transferências do Governo Federal referentes a Convênios e outros Repasses vinculados à Saúde ";"Não ";Não Aplicável
Pedras de Fogo;602139;Fundo Municipal de Saúde de Pedras de Fogo;082025;2025;13210101;Remuneração de Depósitos Bancários - Principal;Lançamento de Receita;3.018,62;600;Transferências Fundo a Fundo de Recursos do SUS provenientes do Governo Federal - Bloco de Manutenção das Ações e Serviços Públicos de Saúde;3120;Identificação das Transferências da União decorrentes de emendas parlamentares de bancada
Pedras de Fogo;602139;Fundo Municipal de Saúde de Pedras de Fogo;082025;2025;13210101;Remuneração de Depósitos Bancários - Principal;Lançamento de Receita;124,96;500;Recursos não vinculados de Impostos;"Não ";Não Aplicável
Pedras de Fogo;602139;Fundo Municipal de Saúde de Pedras de Fogo;082025;2025;13210101;Remuneração de Depósitos Bancários - Principal;Lançamento de Receita;13.083,11;600;Transferências Fundo a Fundo de Recursos do SUS provenientes do Governo Federal - Bloco de Manutenção das Ações e Serviços Públicos de Saúde;"Não ";Não Aplicável
Pedras de Fogo;602139;Fundo Municipal de Saúde de Pedras de Fogo;082025;2025;13210101;Remuneração de Depósitos Bancários - Principal;Lançamento de Receita;1.136,29;600;Transferências Fundo a Fundo de Recursos do SUS provenientes do Governo Federal - Bloco de Manutenção das Ações e Serviços Públicos de Saúde;3110;Identificação das Transferências da União decorrentes de emendas parlamentares individuais
Pedras de Fogo;602139;Fundo Municipal de Saúde de Pedras de Fogo;082025;2025;13210101;Remuneração de Depósitos Bancários - Principal;Lançamento de Receita;1,63;707;Transferências da União – inciso I do art. 5º da Lei Complementar 173/2020;"Não ";Não Aplicável
Pedras de Fogo;602139;Fundo Municipal de Saúde de Pedras de Fogo;082025;2025;13210101;Remuneração de Depósitos Bancários - Principal;Lançamento de Receita;10.165,57;601;Transferências Fundo a Fundo de Recursos do SUS provenientes do Governo Federal - Bloco de Estruturação da Rede de Serviços Públicos de Saúde;"Não ";Não Aplicável
Pedras de Fogo;602139;Fundo Municipal de Saúde de Pedras de Fogo;072025;2025;13210101;Remuneração de Depósitos Bancários - Principal;Lançamento de Receita;461,99;600;Transferências Fundo a Fundo de Recursos do SUS provenientes do Governo Federal - Bloco de Manutenção das Ações e Serviços Públicos de Saúde;3110;Identificação das Transferências da União decorrentes de emendas parlamentares individuais
Pedras de Fogo;602139;Fundo Municipal de Saúde de Pedras de Fogo;072025;2025;13210101;Remuneração de Depósitos Bancários - Principal;Lançamento de Receita;288,03;500;Recursos não vinculados de Impostos;"Não ";Não Aplicável
Pedras de Fogo;602139;Fundo Municipal de Saúde de Pedras de Fogo;072025;2025;13210101;Remuneração de Depósitos Bancários - Principal;Lançamento de Receita;875,17;631;"Transferências do Governo Federal referentes a Convênios e outros Repasses vinculados à Saúde ";"Não ";Não Aplicável
Pedras de Fogo;602139;Fundo Municipal de Saúde de Pedras de Fogo;072025;2025;13210101;Remuneração de Depósitos Bancários - Principal;Lançamento de Receita;7.975,84;600;Transferências Fundo a Fundo de Recursos do SUS provenientes do Governo Federal - Bloco de Manutenção das Ações e Serviços Públicos de Saúde;"Não ";Não Aplicável
Pedras de Fogo;602139;Fundo Municipal de Saúde de Pedras de Fogo;072025;2025;13210101;Remuneração de Depósitos Bancários - Principal;Lançamento de Receita;1,77;707;Transferências da União – inciso I do art. 5º da Lei Complementar 173/2020;"Não ";Não Aplicável
Pedras de Fogo;602139;Fundo Municipal de Saúde de Pedras de Fogo;072025;2025;13210101;Remuneração de Depósitos Bancários - Principal;Lançamento de Receita;3.235,69;605;Assistência financeira da União destinada à complementação ao pagamento dos pisos salariais para profissionais da enfermagem;"Não ";Não Aplicável
Pedras de Fogo;602139;Fundo Municipal de Saúde de Pedras de Fogo;072025;2025;13210101;Remuneração de Depósitos Bancários - Principal;Lançamento de Receita;11.009,27;601;Transferências Fundo a Fundo de Recursos do SUS provenientes do Governo Federal - Bloco de Estruturação da Rede de Serviços Públicos de Saúde;"Não ";Não Aplicável
Pedras de Fogo;602139;Fundo Municipal de Saúde de Pedras de Fogo;072025;2025;13210101;Remuneração de Depósitos Bancários - Principal;Lançamento de Receita;7.188,13;600;Transferências Fundo a Fundo de Recursos do SUS provenientes do Governo Federal - Bloco de Manutenção das Ações e Serviços Públicos de Saúde;3120;Identificação das Transferências da União decorrentes de emendas parlamentares de bancada
Pedras de Fogo;602139;Fundo Municipal de Saúde de Pedras de Fogo;072025;2025;13210101;Remuneração de Depósitos Bancários - Principal;Lançamento de Receita;2.844,39;621;"Transferências Fundo a Fundo de Recursos do SUS provenientes do Governo Estadual ";"Não ";Não Aplicável
Pedras de Fogo;602139;Fundo Municipal de Saúde de Pedras de Fogo;062025;2025;13210101;Remuneração de Depósitos Bancários - Principal;Lançamento de Receita;9.342,71;601;Transferências Fundo a Fundo de Recursos do SUS provenientes do Governo Federal - Bloco de Estruturação da Rede de Serviços Públicos de Saúde;"Não ";Não Aplicável
Pedras de Fogo;602139;Fundo Municipal de Saúde de Pedras de Fogo;062025;2025;13210101;Remuneração de Depósitos Bancários - Principal;Lançamento de Receita;1,51;707;Transferências da União – inciso I do art. 5º da Lei Complementar 173/2020;"Não ";Não Aplicável
Pedras de Fogo;602139;Fundo Municipal de Saúde de Pedras de Fogo;062025;2025;13210101;Remuneração de Depósitos Bancários - Principal;Lançamento de Receita;2.779,9;605;Assistência financeira da União destinada à complementação ao pagamento dos pisos salariais para profissionais da enfermagem;"Não ";Não Aplicável
Pedras de Fogo;602139;Fundo Municipal de Saúde de Pedras de Fogo;062025;2025;13210101;Remuneração de Depósitos Bancários - Principal;Lançamento de Receita;2.310,01;621;"Transferências Fundo a Fundo de Recursos do SUS provenientes do Governo Estadual ";"Não ";Não Aplicável
Pedras de Fogo;602139;Fundo Municipal de Saúde de Pedras de Fogo;062025;2025;13210101;Remuneração de Depósitos Bancários - Principal;Lançamento de Receita;740,14;631;"Transferências do Governo Federal referentes a Convênios e outros Repasses vinculados à Saúde ";"Não ";Não Aplicável
Pedras de Fogo;602139;Fundo Municipal de Saúde de Pedras de Fogo;062025;2025;13210101;Remuneração de Depósitos Bancários - Principal;Lançamento de Receita;2.576,4;600;Transferências Fundo a Fundo de Recursos do SUS provenientes do Governo Federal - Bloco de Manutenção das Ações e Serviços Públicos de Saúde;"Não ";Não Aplicável
Pedras de Fogo;602139;Fundo Municipal de Saúde de Pedras de Fogo;062025;2025;13210101;Remuneração de Depósitos Bancários - Principal;Lançamento de Receita;708,06;600;Transferências Fundo a Fundo de Recursos do SUS provenientes do Governo Federal - Bloco de Manutenção das Ações e Serviços Públicos de Saúde;3110;Identificação das Transferências da União decorrentes de emendas parlamentares individuais
Pedras de Fogo;602139;Fundo Municipal de Saúde de Pedras de Fogo;062025;2025;13210101;Remuneração de Depósitos Bancários - Principal;Lançamento de Receita;101,72;500;Recursos não vinculados de Impostos;"Não ";Não Aplicável
Pedras de Fogo;602139;Fundo Municipal de Saúde de Pedras de Fogo;062025;2025;13210101;Remuneração de Depósitos Bancários - Principal;Lançamento de Receita;9.840,86;600;Transferências Fundo a Fundo de Recursos do SUS provenientes do Governo Federal - Bloco de Manutenção das Ações e Serviços Públicos de Saúde;3120;Identificação das Transferências da União decorrentes de emendas parlamentares de bancada
Pedras de Fogo;602139;Fundo Municipal de Saúde de Pedras de Fogo;052025;2025;13210101;Remuneração de Depósitos Bancários - Principal;Lançamento de Receita;10.537,25;600;Transferências Fundo a Fundo de Recursos do SUS provenientes do Governo Federal - Bloco de Manutenção das Ações e Serviços Públicos de Saúde;3120;Identificação das Transferências da União decorrentes de emendas parlamentares de bancada
Pedras de Fogo;602139;Fundo Municipal de Saúde de Pedras de Fogo;052025;2025;13210101;Remuneração de Depósitos Bancários - Principal;Lançamento de Receita;3.496,59;605;Assistência financeira da União destinada à complementação ao pagamento dos pisos salariais para profissionais da enfermagem;"Não ";Não Aplicável
Pedras de Fogo;602139;Fundo Municipal de Saúde de Pedras de Fogo;052025;2025;13210101;Remuneração de Depósitos Bancários - Principal;Lançamento de Receita;4.908,94;600;Transferências Fundo a Fundo de Recursos do SUS provenientes do Governo Federal - Bloco de Manutenção das Ações e Serviços Públicos de Saúde;"Não ";Não Aplicável
Pedras de Fogo;602139;Fundo Municipal de Saúde de Pedras de Fogo;052025;2025;13210101;Remuneração de Depósitos Bancários - Principal;Lançamento de Receita;9.577,48;601;Transferências Fundo a Fundo de Recursos do SUS provenientes do Governo Federal - Bloco de Estruturação da Rede de Serviços Públicos de Saúde;"Não ";Não Aplicável
Pedras de Fogo;602139;Fundo Municipal de Saúde de Pedras de Fogo;052025;2025;13210101;Remuneração de Depósitos Bancários - Principal;Lançamento de Receita;1.140,03;600;Transferências Fundo a Fundo de Recursos do SUS provenientes do Governo Federal - Bloco de Manutenção das Ações e Serviços Públicos de Saúde;3110;Identificação das Transferências da União decorrentes de emendas parlamentares individuais
Pedras de Fogo;602139;Fundo Municipal de Saúde de Pedras de Fogo;052025;2025;13210101;Remuneração de Depósitos Bancários - Principal;Lançamento de Receita;537,67;500;Recursos não vinculados de Impostos;"Não ";Não Aplicável
Pedras de Fogo;602139;Fundo Municipal de Saúde de Pedras de Fogo;052025;2025;13210101;Remuneração de Depósitos Bancários - Principal;Lançamento de Receita;1,54;707;Transferências da União – inciso I do art. 5º da Lei Complementar 173/2020;"Não ";Não Aplicável
Pedras de Fogo;602139;Fundo Municipal de Saúde de Pedras de Fogo;052025;2025;13210101;Remuneração de Depósitos Bancários - Principal;Lançamento de Receita;759,45;631;"Transferências do Governo Federal referentes a Convênios e outros Repasses vinculados à Saúde ";"Não ";Não Aplicável
Pedras de Fogo;602139;Fundo Municipal de Saúde de Pedras de Fogo;052025;2025;13210101;Remuneração de Depósitos Bancários - Principal;Lançamento de Receita;2.387,68;621;"Transferências Fundo a Fundo de Recursos do SUS provenientes do Governo Estadual ";"Não ";Não Aplicável
Pedras de Fogo;602139;Fundo Municipal de Saúde de Pedras de Fogo;042025;2025;13210101;Remuneração de Depósitos Bancários - Principal;Lançamento de Receita;2.184,16;621;"Transferências Fundo a Fundo de Recursos do SUS provenientes do Governo Estadual ";"Não ";Não Aplicável
Pedras de Fogo;602139;Fundo Municipal de Saúde de Pedras de Fogo;042025;2025;13210101;Remuneração de Depósitos Bancários - Principal;Lançamento de Receita;2.974,03;605;Assistência financeira da União destinada à complementação ao pagamento dos pisos salariais para profissionais da enfermagem;"Não ";Não Aplicável
Pedras de Fogo;602139;Fundo Municipal de Saúde de Pedras de Fogo;042025;2025;13210101;Remuneração de Depósitos Bancários - Principal;Lançamento de Receita;5.376,25;600;Transferências Fundo a Fundo de Recursos do SUS provenientes do Governo Federal - Bloco de Manutenção das Ações e Serviços Públicos de Saúde;"Não ";Não Aplicável
Pedras de Fogo;602139;Fundo Municipal de Saúde de Pedras de Fogo;042025;2025;13210101;Remuneração de Depósitos Bancários - Principal;Lançamento de Receita;2.143,57;600;Transferências Fundo a Fundo de Recursos do SUS provenientes do Governo Federal - Bloco de Manutenção das Ações e Serviços Públicos de Saúde;3110;Identificação das Transferências da União decorrentes de emendas parlamentares individuais
Pedras de Fogo;602139;Fundo Municipal de Saúde de Pedras de Fogo;042025;2025;13210101;Remuneração de Depósitos Bancários - Principal;Lançamento de Receita;697,89;631;"Transferências do Governo Federal referentes a Convênios e outros Repasses vinculados à Saúde ";"Não ";Não Aplicável
Pedras de Fogo;602139;Fundo Municipal de Saúde de Pedras de Fogo;042025;2025;13210101;Remuneração de Depósitos Bancários - Principal;Lançamento de Receita;9.988,47;600;Transferências Fundo a Fundo de Recursos do SUS provenientes do Governo Federal - Bloco de Manutenção das Ações e Serviços Públicos de Saúde;3120;Identificação das Transferências da União decorrentes de emendas parlamentares de bancada
Pedras de Fogo;602139;Fundo Municipal de Saúde de Pedras de Fogo;042025;2025;13210101;Remuneração de Depósitos Bancários - Principal;Lançamento de Receita;1,4;707;Transferências da União – inciso I do art. 5º da Lei Complementar 173/2020;"Não ";Não Aplicável
Pedras de Fogo;602139;Fundo Municipal de Saúde de Pedras de Fogo;042025;2025;13210101;Remuneração de Depósitos Bancários - Principal;Lançamento de Receita;8.746,68;601;Transferências Fundo a Fundo de Recursos do SUS provenientes do Governo Federal - Bloco de Estruturação da Rede de Serviços Públicos de Saúde;"Não ";Não Aplicável
Pedras de Fogo;602139;Fundo Municipal de Saúde de Pedras de Fogo;042025;2025;13210101;Remuneração de Depósitos Bancários - Principal;Lançamento de Receita;253,52;500;Recursos não vinculados de Impostos;"Não ";Não Aplicável
Pedras de Fogo;602139;Fundo Municipal de Saúde de Pedras de Fogo;032025;2025;13210101;Remuneração de Depósitos Bancários - Principal;Lançamento de Receita;7.787,66;601;Transferências Fundo a Fundo de Recursos do SUS provenientes do Governo Federal - Bloco de Estruturação da Rede de Serviços Públicos de Saúde;"Não ";Não Aplicável
Pedras de Fogo;602139;Fundo Municipal de Saúde de Pedras de Fogo;032025;2025;13210101;Remuneração de Depósitos Bancários - Principal;Lançamento de Receita;1,25;707;Transferências da União – inciso I do art. 5º da Lei Complementar 173/2020;"Não ";Não Aplicável
Pedras de Fogo;602139;Fundo Municipal de Saúde de Pedras de Fogo;032025;2025;13210101;Remuneração de Depósitos Bancários - Principal;Lançamento de Receita;2.805,55;605;Assistência financeira da União destinada à complementação ao pagamento dos pisos salariais para profissionais da enfermagem;"Não ";Não Aplicável
Pedras de Fogo;602139;Fundo Municipal de Saúde de Pedras de Fogo;032025;2025;13210101;Remuneração de Depósitos Bancários - Principal;Lançamento de Receita;660,95;631;"Transferências do Governo Federal referentes a Convênios e outros Repasses vinculados à Saúde ";"Não ";Não Aplicável
Pedras de Fogo;602139;Fundo Municipal de Saúde de Pedras de Fogo;032025;2025;13210101;Remuneração de Depósitos Bancários - Principal;Lançamento de Receita;6.448,07;600;Transferências Fundo a Fundo de Recursos do SUS provenientes do Governo Federal - Bloco de Manutenção das Ações e Serviços Públicos de Saúde;3120;Identificação das Transferências da União decorrentes de emendas parlamentares de bancada
Pedras de Fogo;602139;Fundo Municipal de Saúde de Pedras de Fogo;032025;2025;13210101;Remuneração de Depósitos Bancários - Principal;Lançamento de Receita;1.959,97;621;"Transferências Fundo a Fundo de Recursos do SUS provenientes do Governo Estadual ";"Não ";Não Aplicável
Pedras de Fogo;602139;Fundo Municipal de Saúde de Pedras de Fogo;032025;2025;13210101;Remuneração de Depósitos Bancários - Principal;Lançamento de Receita;145,16;500;Recursos não vinculados de Impostos;"Não ";Não Aplicável
Pedras de Fogo;602139;Fundo Municipal de Saúde de Pedras de Fogo;032025;2025;13210101;Remuneração de Depósitos Bancários - Principal;Lançamento de Receita;2.160,52;600;Transferências Fundo a Fundo de Recursos do SUS provenientes do Governo Federal - Bloco de Manutenção das Ações e Serviços Públicos de Saúde;3110;Identificação das Transferências da União decorrentes de emendas parlamentares individuais
Pedras de Fogo;602139;Fundo Municipal de Saúde de Pedras de Fogo;032025;2025;13210101;Remuneração de Depósitos Bancários - Principal;Lançamento de Receita;6.269,25;600;Transferências Fundo a Fundo de Recursos do SUS provenientes do Governo Federal - Bloco de Manutenção das Ações e Serviços Públicos de Saúde;"Não ";Não Aplicável
Pedras de Fogo;602139;Fundo Municipal de Saúde de Pedras de Fogo;022025;2025;13210101;Remuneração de Depósitos Bancários - Principal;Lançamento de Receita;2.865,91;605;Assistência financeira da União destinada à complementação ao pagamento dos pisos salariais para profissionais da enfermagem;"Não ";Não Aplicável
Pedras de Fogo;602139;Fundo Municipal de Saúde de Pedras de Fogo;022025;2025;13210101;Remuneração de Depósitos Bancários - Principal;Lançamento de Receita;8.105,55;601;Transferências Fundo a Fundo de Recursos do SUS provenientes do Governo Federal - Bloco de Estruturação da Rede de Serviços Públicos de Saúde;"Não ";Não Aplicável
Pedras de Fogo;602139;Fundo Municipal de Saúde de Pedras de Fogo;022025;2025;13210101;Remuneração de Depósitos Bancários - Principal;Lançamento de Receita;1,27;707;Transferências da União – inciso I do art. 5º da Lei Complementar 173/2020;"Não ";Não Aplicável
Pedras de Fogo;602139;Fundo Municipal de Saúde de Pedras de Fogo;022025;2025;13210101;Remuneração de Depósitos Bancários - Principal;Lançamento de Receita;1.889,25;600;Transferências Fundo a Fundo de Recursos do SUS provenientes do Governo Federal - Bloco de Manutenção das Ações e Serviços Públicos de Saúde;3120;Identificação das Transferências da União decorrentes de emendas parlamentares de bancada
Pedras de Fogo;602139;Fundo Municipal de Saúde de Pedras de Fogo;022025;2025;13210101;Remuneração de Depósitos Bancários - Principal;Lançamento de Receita;1.910,02;621;"Transferências Fundo a Fundo de Recursos do SUS provenientes do Governo Estadual ";"Não ";Não Aplicável
Pedras de Fogo;602139;Fundo Municipal de Saúde de Pedras de Fogo;022025;2025;13210101;Remuneração de Depósitos Bancários - Principal;Lançamento de Receita;220,82;500;Recursos não vinculados de Impostos;"Não ";Não Aplicável
Pedras de Fogo;602139;Fundo Municipal de Saúde de Pedras de Fogo;022025;2025;13210101;Remuneração de Depósitos Bancários - Principal;Lançamento de Receita;3.385,44;631;"Transferências do Governo Federal referentes a Convênios e outros Repasses vinculados à Saúde ";"Não ";Não Aplicável
Pedras de Fogo;602139;Fundo Municipal de Saúde de Pedras de Fogo;022025;2025;13210101;Remuneração de Depósitos Bancários - Principal;Lançamento de Receita;7.968,88;600;Transferências Fundo a Fundo de Recursos do SUS provenientes do Governo Federal - Bloco de Manutenção das Ações e Serviços Públicos de Saúde;"Não ";Não Aplicável
Pedras de Fogo;602139;Fundo Municipal de Saúde de Pedras de Fogo;022025;2025;13210101;Remuneração de Depósitos Bancários - Principal;Lançamento de Receita;2.187,31;600;Transferências Fundo a Fundo de Recursos do SUS provenientes do Governo Federal - Bloco de Manutenção das Ações e Serviços Públicos de Saúde;3110;Identificação das Transferências da União decorrentes de emendas parlamentares individuais
Pedras de Fogo;602139;Fundo Municipal de Saúde de Pedras de Fogo;012025;2025;13210101;Remuneração de Depósitos Bancários - Principal;Lançamento de Receita;944,4;600;Transferências Fundo a Fundo de Recursos do SUS provenientes do Governo Federal - Bloco de Manutenção das Ações e Serviços Públicos de Saúde;3120;Identificação das Transferências da União decorrentes de emendas parlamentares de bancada
Pedras de Fogo;602139;Fundo Municipal de Saúde de Pedras de Fogo;012025;2025;13210101;Remuneração de Depósitos Bancários - Principal;Lançamento de Receita;1.794,67;621;"Transferências Fundo a Fundo de Recursos do SUS provenientes do Governo Estadual ";"Não ";Não Aplicável
Pedras de Fogo;602139;Fundo Municipal de Saúde de Pedras de Fogo;012025;2025;13210101;Remuneração de Depósitos Bancários - Principal;Lançamento de Receita;1.093,39;600;Transferências Fundo a Fundo de Recursos do SUS provenientes do Governo Federal - Bloco de Manutenção das Ações e Serviços Públicos de Saúde;3110;Identificação das Transferências da União decorrentes de emendas parlamentares individuais
Pedras de Fogo;602139;Fundo Municipal de Saúde de Pedras de Fogo;012025;2025;13210101;Remuneração de Depósitos Bancários - Principal;Lançamento de Receita;1,26;707;Transferências da União – inciso I do art. 5º da Lei Complementar 173/2020;"Não ";Não Aplicável
Pedras de Fogo;602139;Fundo Municipal de Saúde de Pedras de Fogo;012025;2025;13210101;Remuneração de Depósitos Bancários - Principal;Lançamento de Receita;29,37;500;Recursos não vinculados de Impostos;"Não ";Não Aplicável
Pedras de Fogo;602139;Fundo Municipal de Saúde de Pedras de Fogo;012025;2025;13210101;Remuneração de Depósitos Bancários - Principal;Lançamento de Receita;3.531,48;631;"Transferências do Governo Federal referentes a Convênios e outros Repasses vinculados à Saúde ";"Não ";Não Aplicável
Pedras de Fogo;602139;Fundo Municipal de Saúde de Pedras de Fogo;012025;2025;13210101;Remuneração de Depósitos Bancários - Principal;Lançamento de Receita;2.827,04;605;Assistência financeira da União destinada à complementação ao pagamento dos pisos salariais para profissionais da enfermagem;"Não ";Não Aplicável
Pedras de Fogo;602139;Fundo Municipal de Saúde de Pedras de Fogo;012025;2025;13210101;Remuneração de Depósitos Bancários - Principal;Lançamento de Receita;8.161,17;601;Transferências Fundo a Fundo de Recursos do SUS provenientes do Governo Federal - Bloco de Estruturação da Rede de Serviços Públicos de Saúde;"Não ";Não Aplicável
Pedras de Fogo;602139;Fundo Municipal de Saúde de Pedras de Fogo;012025;2025;13210101;Remuneração de Depósitos Bancários - Principal;Lançamento de Receita;8.544,46;600;Transferências Fundo a Fundo de Recursos do SUS provenientes do Governo Federal - Bloco de Manutenção das Ações e Serviços Públicos de Saúde;"Não ";Não Aplicável
