municipio;codigo_unidade_gestora;descricao_unidade_gestora;mes_ano;ano;codigo_receita;descricao_receita;tipo_atualizacao_receita;valor;codigo_fonte_recurso;descricao_fonte_recurso;co;descricao_co
Rio Tinto;201163;Prefeitura Municipal de Rio Tinto;082025;2025;24299901;Outras Transferências de Recursos dos Estados - Principal;Lançamento de Receita;250.000;710;Transferência Especial dos Estados;3210;Identificação das Transferências dos Estados decorrentes de emendas parlamentares individuais
Rio Tinto;201163;Prefeitura Municipal de Rio Tinto;112025;2025;24225101;Transferências de Convênios dos Estados destinadas a Programas de Educação - Principal;Lançamento de Receita;300.000;571;Transferências do Estado referentes a Convênios e outros Repasses vinculados à Educação;"Não ";Não Aplicável
Rio Tinto;201163;Prefeitura Municipal de Rio Tinto;102025;2025;24199901;Outras Transferências de Recursos da União e de suas Entidades - Principal;Lançamento de Receita;396.000;706;"Transferência Especial da União ";3110;Identificação das Transferências da União decorrentes de emendas parlamentares individuais
Rio Tinto;201163;Prefeitura Municipal de Rio Tinto;122025;2025;24149901;Outras Transferências de Convênios da União e de Suas Entidades - Principal;Lançamento de Receita;286.500;700;Outras Transferências de Convênios ou Repasses da União;3110;Identificação das Transferências da União decorrentes de emendas parlamentares individuais
Rio Tinto;201163;Prefeitura Municipal de Rio Tinto;122025;2025;24149901;Outras Transferências de Convênios da União e de Suas Entidades - Principal;Lançamento de Receita;-286.500;700;Outras Transferências de Convênios ou Repasses da União;"Não ";Não Aplicável
Rio Tinto;201163;Prefeitura Municipal de Rio Tinto;022025;2025;24149901;Outras Transferências de Convênios da União e de Suas Entidades - Principal;Lançamento de Receita;767.604;700;Outras Transferências de Convênios ou Repasses da União;"Não ";Não Aplicável
Rio Tinto;201163;Prefeitura Municipal de Rio Tinto;022025;2025;24115011;Transferências de Recursos do Bloco de Manutenção das Ações e Serviços Públicos de Saúde – Atenção Primária - Principal;Lançamento de Receita;-767.604;601;Transferências Fundo a Fundo de Recursos do SUS provenientes do Governo Federal - Bloco de Estruturação da Rede de Serviços Públicos de Saúde;"Não ";Não Aplicável
Rio Tinto;201163;Prefeitura Municipal de Rio Tinto;012025;2025;24115011;Transferências de Recursos do Bloco de Manutenção das Ações e Serviços Públicos de Saúde – Atenção Primária - Principal;Lançamento de Receita;767.604;601;Transferências Fundo a Fundo de Recursos do SUS provenientes do Governo Federal - Bloco de Estruturação da Rede de Serviços Públicos de Saúde;"Não ";Não Aplicável
Rio Tinto;201163;Prefeitura Municipal de Rio Tinto;122025;2025;23110301;Amortização de Empréstimos - Estados e Municípios - Principal;Lançamento de Receita;446,75;500;Recursos não vinculados de Impostos;"Não ";Não Aplicável
Rio Tinto;201163;Prefeitura Municipal de Rio Tinto;102025;2025;23110301;Amortização de Empréstimos - Estados e Municípios - Principal;Lançamento de Receita;109,31;500;Recursos não vinculados de Impostos;"Não ";Não Aplicável
Rio Tinto;201163;Prefeitura Municipal de Rio Tinto;092025;2025;23110301;Amortização de Empréstimos - Estados e Municípios - Principal;Lançamento de Receita;0;500;Recursos não vinculados de Impostos;"Não ";Não Aplicável
Rio Tinto;201163;Prefeitura Municipal de Rio Tinto;122025;2025;19999931;Outras Receitas Não Arrecadadas e Não Projetadas pela RFB - Financeiras - Principal;Lançamento de Receita;67.390,66;500;Recursos não vinculados de Impostos;"Não ";Não Aplicável
Rio Tinto;201163;Prefeitura Municipal de Rio Tinto;112025;2025;19999931;Outras Receitas Não Arrecadadas e Não Projetadas pela RFB - Financeiras - Principal;Lançamento de Receita;36.234,49;500;Recursos não vinculados de Impostos;"Não ";Não Aplicável
Rio Tinto;201163;Prefeitura Municipal de Rio Tinto;102025;2025;19999931;Outras Receitas Não Arrecadadas e Não Projetadas pela RFB - Financeiras - Principal;Lançamento de Receita;40.966,7;500;Recursos não vinculados de Impostos;"Não ";Não Aplicável
Rio Tinto;201163;Prefeitura Municipal de Rio Tinto;092025;2025;19999931;Outras Receitas Não Arrecadadas e Não Projetadas pela RFB - Financeiras - Principal;Lançamento de Receita;48.000,35;500;Recursos não vinculados de Impostos;"Não ";Não Aplicável
Rio Tinto;201163;Prefeitura Municipal de Rio Tinto;082025;2025;19999931;Outras Receitas Não Arrecadadas e Não Projetadas pela RFB - Financeiras - Principal;Lançamento de Receita;40.603,93;500;Recursos não vinculados de Impostos;"Não ";Não Aplicável
Rio Tinto;201163;Prefeitura Municipal de Rio Tinto;072025;2025;19999931;Outras Receitas Não Arrecadadas e Não Projetadas pela RFB - Financeiras - Principal;Lançamento de Receita;43.034,66;500;Recursos não vinculados de Impostos;"Não ";Não Aplicável
Rio Tinto;201163;Prefeitura Municipal de Rio Tinto;062025;2025;19999931;Outras Receitas Não Arrecadadas e Não Projetadas pela RFB - Financeiras - Principal;Lançamento de Receita;39.485,68;500;Recursos não vinculados de Impostos;"Não ";Não Aplicável
Rio Tinto;201163;Prefeitura Municipal de Rio Tinto;052025;2025;19999931;Outras Receitas Não Arrecadadas e Não Projetadas pela RFB - Financeiras - Principal;Lançamento de Receita;51.371,33;500;Recursos não vinculados de Impostos;"Não ";Não Aplicável
Rio Tinto;201163;Prefeitura Municipal de Rio Tinto;042025;2025;19999931;Outras Receitas Não Arrecadadas e Não Projetadas pela RFB - Financeiras - Principal;Lançamento de Receita;46.348,31;500;Recursos não vinculados de Impostos;"Não ";Não Aplicável
Rio Tinto;201163;Prefeitura Municipal de Rio Tinto;032025;2025;19999931;Outras Receitas Não Arrecadadas e Não Projetadas pela RFB - Financeiras - Principal;Lançamento de Receita;29.035,62;500;Recursos não vinculados de Impostos;"Não ";Não Aplicável
Rio Tinto;201163;Prefeitura Municipal de Rio Tinto;022025;2025;19999931;Outras Receitas Não Arrecadadas e Não Projetadas pela RFB - Financeiras - Principal;Lançamento de Receita;33.638,75;500;Recursos não vinculados de Impostos;"Não ";Não Aplicável
Rio Tinto;201163;Prefeitura Municipal de Rio Tinto;012025;2025;19999931;Outras Receitas Não Arrecadadas e Não Projetadas pela RFB - Financeiras - Principal;Lançamento de Receita;22.743,46;500;Recursos não vinculados de Impostos;"Não ";Não Aplicável
Rio Tinto;201163;Prefeitura Municipal de Rio Tinto;062025;2025;19229901;Outras Restituições - Principal;Lançamento de Receita;25,62;500;Recursos não vinculados de Impostos;"Não ";Não Aplicável
Rio Tinto;201163;Prefeitura Municipal de Rio Tinto;032025;2025;19229901;Outras Restituições - Principal;Lançamento de Receita;60.945,41;500;Recursos não vinculados de Impostos;"Não ";Não Aplicável
Rio Tinto;201163;Prefeitura Municipal de Rio Tinto;022025;2025;19229901;Outras Restituições - Principal;Lançamento de Receita;0;500;Recursos não vinculados de Impostos;"Não ";Não Aplicável
Rio Tinto;201163;Prefeitura Municipal de Rio Tinto;012025;2025;19229901;Outras Restituições - Principal;Lançamento de Receita;3.620,34;500;Recursos não vinculados de Impostos;"Não ";Não Aplicável
Rio Tinto;201163;Prefeitura Municipal de Rio Tinto;122025;2025;17515001;Transferências de Recursos do Fundo de Manutenção e Desenvolvimento da Educação Básica e de Valorização dos Profissionais da Educação – FUNDEB - Principal;Lançamento de Receita;718.531,43;540;Transferências do FUNDEB - Impostos e Transferências de Impostos;"Não ";Não Aplicável
Rio Tinto;201163;Prefeitura Municipal de Rio Tinto;122025;2025;17515001;Transferências de Recursos do Fundo de Manutenção e Desenvolvimento da Educação Básica e de Valorização dos Profissionais da Educação – FUNDEB - Principal;Lançamento de Receita;1.847.652,28;540;Transferências do FUNDEB - Impostos e Transferências de Impostos;1070;Identificação do percentual aplicado no pagamento da remuneração dos profissionais da educação básica em efetivo exercício
Rio Tinto;201163;Prefeitura Municipal de Rio Tinto;112025;2025;17515001;Transferências de Recursos do Fundo de Manutenção e Desenvolvimento da Educação Básica e de Valorização dos Profissionais da Educação – FUNDEB - Principal;Lançamento de Receita;585.332,27;540;Transferências do FUNDEB - Impostos e Transferências de Impostos;"Não ";Não Aplicável
Rio Tinto;201163;Prefeitura Municipal de Rio Tinto;112025;2025;17515001;Transferências de Recursos do Fundo de Manutenção e Desenvolvimento da Educação Básica e de Valorização dos Profissionais da Educação – FUNDEB - Principal;Lançamento de Receita;1.505.140,17;540;Transferências do FUNDEB - Impostos e Transferências de Impostos;1070;Identificação do percentual aplicado no pagamento da remuneração dos profissionais da educação básica em efetivo exercício
Rio Tinto;201163;Prefeitura Municipal de Rio Tinto;102025;2025;17515001;Transferências de Recursos do Fundo de Manutenção e Desenvolvimento da Educação Básica e de Valorização dos Profissionais da Educação – FUNDEB - Principal;Lançamento de Receita;509.128,76;540;Transferências do FUNDEB - Impostos e Transferências de Impostos;"Não ";Não Aplicável
Rio Tinto;201163;Prefeitura Municipal de Rio Tinto;102025;2025;17515001;Transferências de Recursos do Fundo de Manutenção e Desenvolvimento da Educação Básica e de Valorização dos Profissionais da Educação – FUNDEB - Principal;Lançamento de Receita;1.309.188,26;540;Transferências do FUNDEB - Impostos e Transferências de Impostos;1070;Identificação do percentual aplicado no pagamento da remuneração dos profissionais da educação básica em efetivo exercício
Rio Tinto;201163;Prefeitura Municipal de Rio Tinto;092025;2025;17515001;Transferências de Recursos do Fundo de Manutenção e Desenvolvimento da Educação Básica e de Valorização dos Profissionais da Educação – FUNDEB - Principal;Lançamento de Receita;518.368,01;540;Transferências do FUNDEB - Impostos e Transferências de Impostos;"Não ";Não Aplicável
Rio Tinto;201163;Prefeitura Municipal de Rio Tinto;092025;2025;17515001;Transferências de Recursos do Fundo de Manutenção e Desenvolvimento da Educação Básica e de Valorização dos Profissionais da Educação – FUNDEB - Principal;Lançamento de Receita;1.332.946,32;540;Transferências do FUNDEB - Impostos e Transferências de Impostos;1070;Identificação do percentual aplicado no pagamento da remuneração dos profissionais da educação básica em efetivo exercício
Rio Tinto;201163;Prefeitura Municipal de Rio Tinto;082025;2025;17515001;Transferências de Recursos do Fundo de Manutenção e Desenvolvimento da Educação Básica e de Valorização dos Profissionais da Educação – FUNDEB - Principal;Lançamento de Receita;590.921,18;540;Transferências do FUNDEB - Impostos e Transferências de Impostos;"Não ";Não Aplicável
Rio Tinto;201163;Prefeitura Municipal de Rio Tinto;082025;2025;17515001;Transferências de Recursos do Fundo de Manutenção e Desenvolvimento da Educação Básica e de Valorização dos Profissionais da Educação – FUNDEB - Principal;Lançamento de Receita;1.519.511,6;540;Transferências do FUNDEB - Impostos e Transferências de Impostos;1070;Identificação do percentual aplicado no pagamento da remuneração dos profissionais da educação básica em efetivo exercício
Rio Tinto;201163;Prefeitura Municipal de Rio Tinto;072025;2025;17515001;Transferências de Recursos do Fundo de Manutenção e Desenvolvimento da Educação Básica e de Valorização dos Profissionais da Educação – FUNDEB - Principal;Lançamento de Receita;1.288.125,62;540;Transferências do FUNDEB - Impostos e Transferências de Impostos;1070;Identificação do percentual aplicado no pagamento da remuneração dos profissionais da educação básica em efetivo exercício
Rio Tinto;201163;Prefeitura Municipal de Rio Tinto;072025;2025;17515001;Transferências de Recursos do Fundo de Manutenção e Desenvolvimento da Educação Básica e de Valorização dos Profissionais da Educação – FUNDEB - Principal;Lançamento de Receita;500.937,73;540;Transferências do FUNDEB - Impostos e Transferências de Impostos;"Não ";Não Aplicável
Rio Tinto;201163;Prefeitura Municipal de Rio Tinto;062025;2025;17515001;Transferências de Recursos do Fundo de Manutenção e Desenvolvimento da Educação Básica e de Valorização dos Profissionais da Educação – FUNDEB - Principal;Lançamento de Receita;1.615.926,64;540;Transferências do FUNDEB - Impostos e Transferências de Impostos;1070;Identificação do percentual aplicado no pagamento da remuneração dos profissionais da educação básica em efetivo exercício
Rio Tinto;201163;Prefeitura Municipal de Rio Tinto;062025;2025;17515001;Transferências de Recursos do Fundo de Manutenção e Desenvolvimento da Educação Básica e de Valorização dos Profissionais da Educação – FUNDEB - Principal;Lançamento de Receita;628.415,93;540;Transferências do FUNDEB - Impostos e Transferências de Impostos;"Não ";Não Aplicável
Rio Tinto;201163;Prefeitura Municipal de Rio Tinto;052025;2025;17515001;Transferências de Recursos do Fundo de Manutenção e Desenvolvimento da Educação Básica e de Valorização dos Profissionais da Educação – FUNDEB - Principal;Lançamento de Receita;1.608.537,54;540;Transferências do FUNDEB - Impostos e Transferências de Impostos;1070;Identificação do percentual aplicado no pagamento da remuneração dos profissionais da educação básica em efetivo exercício
Rio Tinto;201163;Prefeitura Municipal de Rio Tinto;052025;2025;17515001;Transferências de Recursos do Fundo de Manutenção e Desenvolvimento da Educação Básica e de Valorização dos Profissionais da Educação – FUNDEB - Principal;Lançamento de Receita;625.542,37;540;Transferências do FUNDEB - Impostos e Transferências de Impostos;"Não ";Não Aplicável
Rio Tinto;201163;Prefeitura Municipal de Rio Tinto;042025;2025;17515001;Transferências de Recursos do Fundo de Manutenção e Desenvolvimento da Educação Básica e de Valorização dos Profissionais da Educação – FUNDEB - Principal;Lançamento de Receita;544.982,31;540;Transferências do FUNDEB - Impostos e Transferências de Impostos;"Não ";Não Aplicável
Rio Tinto;201163;Prefeitura Municipal de Rio Tinto;042025;2025;17515001;Transferências de Recursos do Fundo de Manutenção e Desenvolvimento da Educação Básica e de Valorização dos Profissionais da Educação – FUNDEB - Principal;Lançamento de Receita;1.401.383,08;540;Transferências do FUNDEB - Impostos e Transferências de Impostos;1070;Identificação do percentual aplicado no pagamento da remuneração dos profissionais da educação básica em efetivo exercício
Rio Tinto;201163;Prefeitura Municipal de Rio Tinto;032025;2025;17515001;Transferências de Recursos do Fundo de Manutenção e Desenvolvimento da Educação Básica e de Valorização dos Profissionais da Educação – FUNDEB - Principal;Lançamento de Receita;532.226,7;540;Transferências do FUNDEB - Impostos e Transferências de Impostos;"Não ";Não Aplicável
Rio Tinto;201163;Prefeitura Municipal de Rio Tinto;032025;2025;17515001;Transferências de Recursos do Fundo de Manutenção e Desenvolvimento da Educação Básica e de Valorização dos Profissionais da Educação – FUNDEB - Principal;Lançamento de Receita;1.368.582,95;540;Transferências do FUNDEB - Impostos e Transferências de Impostos;1070;Identificação do percentual aplicado no pagamento da remuneração dos profissionais da educação básica em efetivo exercício
Rio Tinto;201163;Prefeitura Municipal de Rio Tinto;022025;2025;17515001;Transferências de Recursos do Fundo de Manutenção e Desenvolvimento da Educação Básica e de Valorização dos Profissionais da Educação – FUNDEB - Principal;Lançamento de Receita;1.745.381,46;540;Transferências do FUNDEB - Impostos e Transferências de Impostos;1070;Identificação do percentual aplicado no pagamento da remuneração dos profissionais da educação básica em efetivo exercício
Rio Tinto;201163;Prefeitura Municipal de Rio Tinto;022025;2025;17515001;Transferências de Recursos do Fundo de Manutenção e Desenvolvimento da Educação Básica e de Valorização dos Profissionais da Educação – FUNDEB - Principal;Lançamento de Receita;678.759,46;540;Transferências do FUNDEB - Impostos e Transferências de Impostos;"Não ";Não Aplicável
Rio Tinto;201163;Prefeitura Municipal de Rio Tinto;012025;2025;17515001;Transferências de Recursos do Fundo de Manutenção e Desenvolvimento da Educação Básica e de Valorização dos Profissionais da Educação – FUNDEB - Principal;Lançamento de Receita;1.518.577,74;540;Transferências do FUNDEB - Impostos e Transferências de Impostos;1070;Identificação do percentual aplicado no pagamento da remuneração dos profissionais da educação básica em efetivo exercício
Rio Tinto;201163;Prefeitura Municipal de Rio Tinto;012025;2025;17515001;Transferências de Recursos do Fundo de Manutenção e Desenvolvimento da Educação Básica e de Valorização dos Profissionais da Educação – FUNDEB - Principal;Lançamento de Receita;590.558,02;540;Transferências do FUNDEB - Impostos e Transferências de Impostos;"Não ";Não Aplicável
Rio Tinto;201163;Prefeitura Municipal de Rio Tinto;082025;2025;17299901;Outras Transferências dos Estados e DF - Principal;Lançamento de Receita;450.000;710;Transferência Especial dos Estados;3210;Identificação das Transferências dos Estados decorrentes de emendas parlamentares individuais
Rio Tinto;201163;Prefeitura Municipal de Rio Tinto;082025;2025;17249901;Outras Transferências de Convênios dos Estados e DF e de Suas Entidades - Principal;Lançamento de Receita;-14.259,75;701;Outras Transferências de Convênios ou Repasses dos Estados;"Não ";Não Aplicável
Rio Tinto;201163;Prefeitura Municipal de Rio Tinto;072025;2025;17249901;Outras Transferências de Convênios dos Estados e DF e de Suas Entidades - Principal;Lançamento de Receita;14.259,75;701;Outras Transferências de Convênios ou Repasses dos Estados;"Não ";Não Aplicável
Rio Tinto;201163;Prefeitura Municipal de Rio Tinto;062025;2025;17249901;Outras Transferências de Convênios dos Estados e DF e de Suas Entidades - Principal;Lançamento de Receita;106.320,19;701;Outras Transferências de Convênios ou Repasses dos Estados;"Não ";Não Aplicável
Rio Tinto;201163;Prefeitura Municipal de Rio Tinto;122025;2025;17245101;Transferências de Convênios dos Estados Destinadas a Programas de Educação - Principal;Lançamento de Receita;132.162,6;571;Transferências do Estado referentes a Convênios e outros Repasses vinculados à Educação;"Não ";Não Aplicável
Rio Tinto;201163;Prefeitura Municipal de Rio Tinto;072025;2025;17245101;Transferências de Convênios dos Estados Destinadas a Programas de Educação - Principal;Lançamento de Receita;132.162,6;571;Transferências do Estado referentes a Convênios e outros Repasses vinculados à Educação;"Não ";Não Aplicável
Rio Tinto;201163;Prefeitura Municipal de Rio Tinto;062025;2025;17245101;Transferências de Convênios dos Estados Destinadas a Programas de Educação - Principal;Lançamento de Receita;26.457,83;571;Transferências do Estado referentes a Convênios e outros Repasses vinculados à Educação;"Não ";Não Aplicável
Rio Tinto;201163;Prefeitura Municipal de Rio Tinto;122025;2025;17245001;Transferências de Convênios dos Estados e DF para o Sistema Único de Saúde – SUS - Principal;Lançamento de Receita;596.808,92;632;Transferências do Estado referentes a Convênios e outros Repasses vinculados à Saúde;"Não ";Não Aplicável
Rio Tinto;201163;Prefeitura Municipal de Rio Tinto;082025;2025;17245001;Transferências de Convênios dos Estados e DF para o Sistema Único de Saúde – SUS - Principal;Lançamento de Receita;182,95;632;Transferências do Estado referentes a Convênios e outros Repasses vinculados à Saúde;"Não ";Não Aplicável
Rio Tinto;201163;Prefeitura Municipal de Rio Tinto;042025;2025;17245001;Transferências de Convênios dos Estados e DF para o Sistema Único de Saúde – SUS - Principal;Lançamento de Receita;60.000;632;Transferências do Estado referentes a Convênios e outros Repasses vinculados à Saúde;"Não ";Não Aplicável
Rio Tinto;201163;Prefeitura Municipal de Rio Tinto;012025;2025;17245001;Transferências de Convênios dos Estados e DF para o Sistema Único de Saúde – SUS - Principal;Lançamento de Receita;60.000;632;Transferências do Estado referentes a Convênios e outros Repasses vinculados à Saúde;"Não ";Não Aplicável
Rio Tinto;201163;Prefeitura Municipal de Rio Tinto;102025;2025;17215301;Cota-Parte da Contribuição de Intervenção no Domínio Econômico - Principal;Lançamento de Receita;7.348,44;750;Recursos da Contribuição de Intervenção no Domínio Econômico - CIDE;"Não ";Não Aplicável
Rio Tinto;201163;Prefeitura Municipal de Rio Tinto;072025;2025;17215301;Cota-Parte da Contribuição de Intervenção no Domínio Econômico - Principal;Lançamento de Receita;6.968,55;750;Recursos da Contribuição de Intervenção no Domínio Econômico - CIDE;"Não ";Não Aplicável
Rio Tinto;201163;Prefeitura Municipal de Rio Tinto;042025;2025;17215301;Cota-Parte da Contribuição de Intervenção no Domínio Econômico - Principal;Lançamento de Receita;6.335,13;750;Recursos da Contribuição de Intervenção no Domínio Econômico - CIDE;"Não ";Não Aplicável
Rio Tinto;201163;Prefeitura Municipal de Rio Tinto;012025;2025;17215301;Cota-Parte da Contribuição de Intervenção no Domínio Econômico - Principal;Lançamento de Receita;6.834,19;750;Recursos da Contribuição de Intervenção no Domínio Econômico - CIDE;"Não ";Não Aplicável
Rio Tinto;201163;Prefeitura Municipal de Rio Tinto;122025;2025;17215201;Cota-Parte do IPI - Municípios - Principal;Lançamento de Receita;108,43;500;Recursos não vinculados de Impostos;1001;Identificação das despesas com manutenção e desenvolvimento do ensino
Rio Tinto;201163;Prefeitura Municipal de Rio Tinto;122025;2025;17215201;Cota-Parte do IPI - Municípios - Principal;Lançamento de Receita;76,3;500;Recursos não vinculados de Impostos;1002;Identificação das despesas com ações e serviços públicos de saúde
Rio Tinto;201163;Prefeitura Municipal de Rio Tinto;122025;2025;17215201;Cota-Parte do IPI - Municípios - Principal;Lançamento de Receita;216,86;500;Recursos não vinculados de Impostos;"Não ";Não Aplicável
Rio Tinto;201163;Prefeitura Municipal de Rio Tinto;112025;2025;17215201;Cota-Parte do IPI - Municípios - Principal;Lançamento de Receita;94,45;500;Recursos não vinculados de Impostos;1001;Identificação das despesas com manutenção e desenvolvimento do ensino
Rio Tinto;201163;Prefeitura Municipal de Rio Tinto;112025;2025;17215201;Cota-Parte do IPI - Municípios - Principal;Lançamento de Receita;66,46;500;Recursos não vinculados de Impostos;1002;Identificação das despesas com ações e serviços públicos de saúde
Rio Tinto;201163;Prefeitura Municipal de Rio Tinto;112025;2025;17215201;Cota-Parte do IPI - Municípios - Principal;Lançamento de Receita;188,89;500;Recursos não vinculados de Impostos;"Não ";Não Aplicável
Rio Tinto;201163;Prefeitura Municipal de Rio Tinto;102025;2025;17215201;Cota-Parte do IPI - Municípios - Principal;Lançamento de Receita;205,15;500;Recursos não vinculados de Impostos;"Não ";Não Aplicável
Rio Tinto;201163;Prefeitura Municipal de Rio Tinto;102025;2025;17215201;Cota-Parte do IPI - Municípios - Principal;Lançamento de Receita;72,18;500;Recursos não vinculados de Impostos;1002;Identificação das despesas com ações e serviços públicos de saúde
Rio Tinto;201163;Prefeitura Municipal de Rio Tinto;102025;2025;17215201;Cota-Parte do IPI - Municípios - Principal;Lançamento de Receita;102,57;500;Recursos não vinculados de Impostos;1001;Identificação das despesas com manutenção e desenvolvimento do ensino
Rio Tinto;201163;Prefeitura Municipal de Rio Tinto;092025;2025;17215201;Cota-Parte do IPI - Municípios - Principal;Lançamento de Receita;205,89;500;Recursos não vinculados de Impostos;"Não ";Não Aplicável
Rio Tinto;201163;Prefeitura Municipal de Rio Tinto;092025;2025;17215201;Cota-Parte do IPI - Municípios - Principal;Lançamento de Receita;72,45;500;Recursos não vinculados de Impostos;1002;Identificação das despesas com ações e serviços públicos de saúde
Rio Tinto;201163;Prefeitura Municipal de Rio Tinto;092025;2025;17215201;Cota-Parte do IPI - Municípios - Principal;Lançamento de Receita;102,94;500;Recursos não vinculados de Impostos;1001;Identificação das despesas com manutenção e desenvolvimento do ensino
Rio Tinto;201163;Prefeitura Municipal de Rio Tinto;082025;2025;17215201;Cota-Parte do IPI - Municípios - Principal;Lançamento de Receita;84,55;500;Recursos não vinculados de Impostos;1001;Identificação das despesas com manutenção e desenvolvimento do ensino
Rio Tinto;201163;Prefeitura Municipal de Rio Tinto;082025;2025;17215201;Cota-Parte do IPI - Municípios - Principal;Lançamento de Receita;59,48;500;Recursos não vinculados de Impostos;1002;Identificação das despesas com ações e serviços públicos de saúde
Rio Tinto;201163;Prefeitura Municipal de Rio Tinto;082025;2025;17215201;Cota-Parte do IPI - Municípios - Principal;Lançamento de Receita;169,07;500;Recursos não vinculados de Impostos;"Não ";Não Aplicável
Rio Tinto;201163;Prefeitura Municipal de Rio Tinto;072025;2025;17215201;Cota-Parte do IPI - Municípios - Principal;Lançamento de Receita;191,37;500;Recursos não vinculados de Impostos;"Não ";Não Aplicável
Rio Tinto;201163;Prefeitura Municipal de Rio Tinto;072025;2025;17215201;Cota-Parte do IPI - Municípios - Principal;Lançamento de Receita;95,68;500;Recursos não vinculados de Impostos;1001;Identificação das despesas com manutenção e desenvolvimento do ensino
Rio Tinto;201163;Prefeitura Municipal de Rio Tinto;072025;2025;17215201;Cota-Parte do IPI - Municípios - Principal;Lançamento de Receita;67,33;500;Recursos não vinculados de Impostos;1002;Identificação das despesas com ações e serviços públicos de saúde
Rio Tinto;201163;Prefeitura Municipal de Rio Tinto;062025;2025;17215201;Cota-Parte do IPI - Municípios - Principal;Lançamento de Receita;72,93;500;Recursos não vinculados de Impostos;1002;Identificação das despesas com ações e serviços públicos de saúde
Rio Tinto;201163;Prefeitura Municipal de Rio Tinto;062025;2025;17215201;Cota-Parte do IPI - Municípios - Principal;Lançamento de Receita;103,64;500;Recursos não vinculados de Impostos;1001;Identificação das despesas com manutenção e desenvolvimento do ensino
Rio Tinto;201163;Prefeitura Municipal de Rio Tinto;062025;2025;17215201;Cota-Parte do IPI - Municípios - Principal;Lançamento de Receita;207,28;500;Recursos não vinculados de Impostos;"Não ";Não Aplicável
Rio Tinto;201163;Prefeitura Municipal de Rio Tinto;052025;2025;17215201;Cota-Parte do IPI - Municípios - Principal;Lançamento de Receita;160,94;500;Recursos não vinculados de Impostos;"Não ";Não Aplicável
Rio Tinto;201163;Prefeitura Municipal de Rio Tinto;052025;2025;17215201;Cota-Parte do IPI - Municípios - Principal;Lançamento de Receita;80,46;500;Recursos não vinculados de Impostos;1001;Identificação das despesas com manutenção e desenvolvimento do ensino
Rio Tinto;201163;Prefeitura Municipal de Rio Tinto;052025;2025;17215201;Cota-Parte do IPI - Municípios - Principal;Lançamento de Receita;56,63;500;Recursos não vinculados de Impostos;1002;Identificação das despesas com ações e serviços públicos de saúde
Rio Tinto;201163;Prefeitura Municipal de Rio Tinto;042025;2025;17215201;Cota-Parte do IPI - Municípios - Principal;Lançamento de Receita;200,65;500;Recursos não vinculados de Impostos;"Não ";Não Aplicável
Rio Tinto;201163;Prefeitura Municipal de Rio Tinto;042025;2025;17215201;Cota-Parte do IPI - Municípios - Principal;Lançamento de Receita;100,33;500;Recursos não vinculados de Impostos;1001;Identificação das despesas com manutenção e desenvolvimento do ensino
Rio Tinto;201163;Prefeitura Municipal de Rio Tinto;042025;2025;17215201;Cota-Parte do IPI - Municípios - Principal;Lançamento de Receita;70,6;500;Recursos não vinculados de Impostos;1002;Identificação das despesas com ações e serviços públicos de saúde
Rio Tinto;201163;Prefeitura Municipal de Rio Tinto;032025;2025;17215201;Cota-Parte do IPI - Municípios - Principal;Lançamento de Receita;66,94;500;Recursos não vinculados de Impostos;1002;Identificação das despesas com ações e serviços públicos de saúde
Rio Tinto;201163;Prefeitura Municipal de Rio Tinto;032025;2025;17215201;Cota-Parte do IPI - Municípios - Principal;Lançamento de Receita;190,28;500;Recursos não vinculados de Impostos;"Não ";Não Aplicável
Rio Tinto;201163;Prefeitura Municipal de Rio Tinto;032025;2025;17215201;Cota-Parte do IPI - Municípios - Principal;Lançamento de Receita;95,14;500;Recursos não vinculados de Impostos;1001;Identificação das despesas com manutenção e desenvolvimento do ensino
Rio Tinto;201163;Prefeitura Municipal de Rio Tinto;022025;2025;17215201;Cota-Parte do IPI - Municípios - Principal;Lançamento de Receita;82,47;500;Recursos não vinculados de Impostos;1001;Identificação das despesas com manutenção e desenvolvimento do ensino
Rio Tinto;201163;Prefeitura Municipal de Rio Tinto;022025;2025;17215201;Cota-Parte do IPI - Municípios - Principal;Lançamento de Receita;58,03;500;Recursos não vinculados de Impostos;1002;Identificação das despesas com ações e serviços públicos de saúde
Rio Tinto;201163;Prefeitura Municipal de Rio Tinto;022025;2025;17215201;Cota-Parte do IPI - Municípios - Principal;Lançamento de Receita;164,96;500;Recursos não vinculados de Impostos;"Não ";Não Aplicável
Rio Tinto;201163;Prefeitura Municipal de Rio Tinto;012025;2025;17215201;Cota-Parte do IPI - Municípios - Principal;Lançamento de Receita;142,19;500;Recursos não vinculados de Impostos;"Não ";Não Aplicável
Rio Tinto;201163;Prefeitura Municipal de Rio Tinto;012025;2025;17215201;Cota-Parte do IPI - Municípios - Principal;Lançamento de Receita;50,02;500;Recursos não vinculados de Impostos;1002;Identificação das despesas com ações e serviços públicos de saúde
Rio Tinto;201163;Prefeitura Municipal de Rio Tinto;012025;2025;17215201;Cota-Parte do IPI - Municípios - Principal;Lançamento de Receita;71,1;500;Recursos não vinculados de Impostos;1001;Identificação das despesas com manutenção e desenvolvimento do ensino
Rio Tinto;201163;Prefeitura Municipal de Rio Tinto;122025;2025;17215101;Cota-Parte do IPVA - Principal;Lançamento de Receita;10.676,62;500;Recursos não vinculados de Impostos;1002;Identificação das despesas com ações e serviços públicos de saúde
Rio Tinto;201163;Prefeitura Municipal de Rio Tinto;122025;2025;17215101;Cota-Parte do IPVA - Principal;Lançamento de Receita;30.344,12;500;Recursos não vinculados de Impostos;"Não ";Não Aplicável
Rio Tinto;201163;Prefeitura Municipal de Rio Tinto;122025;2025;17215101;Cota-Parte do IPVA - Principal;Lançamento de Receita;15.172,06;500;Recursos não vinculados de Impostos;1001;Identificação das despesas com manutenção e desenvolvimento do ensino
Rio Tinto;201163;Prefeitura Municipal de Rio Tinto;112025;2025;17215101;Cota-Parte do IPVA - Principal;Lançamento de Receita;13.171;500;Recursos não vinculados de Impostos;1001;Identificação das despesas com manutenção e desenvolvimento do ensino
Rio Tinto;201163;Prefeitura Municipal de Rio Tinto;112025;2025;17215101;Cota-Parte do IPVA - Principal;Lançamento de Receita;9.268,46;500;Recursos não vinculados de Impostos;1002;Identificação das despesas com ações e serviços públicos de saúde
Rio Tinto;201163;Prefeitura Municipal de Rio Tinto;112025;2025;17215101;Cota-Parte do IPVA - Principal;Lançamento de Receita;26.342,01;500;Recursos não vinculados de Impostos;"Não ";Não Aplicável
Rio Tinto;201163;Prefeitura Municipal de Rio Tinto;102025;2025;17215101;Cota-Parte do IPVA - Principal;Lançamento de Receita;12.525,2;500;Recursos não vinculados de Impostos;1002;Identificação das despesas com ações e serviços públicos de saúde
Rio Tinto;201163;Prefeitura Municipal de Rio Tinto;102025;2025;17215101;Cota-Parte do IPVA - Principal;Lançamento de Receita;35.597,94;500;Recursos não vinculados de Impostos;"Não ";Não Aplicável
Rio Tinto;201163;Prefeitura Municipal de Rio Tinto;102025;2025;17215101;Cota-Parte do IPVA - Principal;Lançamento de Receita;17.798,97;500;Recursos não vinculados de Impostos;1001;Identificação das despesas com manutenção e desenvolvimento do ensino
Rio Tinto;201163;Prefeitura Municipal de Rio Tinto;092025;2025;17215101;Cota-Parte do IPVA - Principal;Lançamento de Receita;35.514,17;500;Recursos não vinculados de Impostos;"Não ";Não Aplicável
Rio Tinto;201163;Prefeitura Municipal de Rio Tinto;092025;2025;17215101;Cota-Parte do IPVA - Principal;Lançamento de Receita;17.757,11;500;Recursos não vinculados de Impostos;1001;Identificação das despesas com manutenção e desenvolvimento do ensino
Rio Tinto;201163;Prefeitura Municipal de Rio Tinto;092025;2025;17215101;Cota-Parte do IPVA - Principal;Lançamento de Receita;12.495,72;500;Recursos não vinculados de Impostos;1002;Identificação das despesas com ações e serviços públicos de saúde
Rio Tinto;201163;Prefeitura Municipal de Rio Tinto;082025;2025;17215101;Cota-Parte do IPVA - Principal;Lançamento de Receita;42.812,69;500;Recursos não vinculados de Impostos;"Não ";Não Aplicável
Rio Tinto;201163;Prefeitura Municipal de Rio Tinto;082025;2025;17215101;Cota-Parte do IPVA - Principal;Lançamento de Receita;15.063,69;500;Recursos não vinculados de Impostos;1002;Identificação das despesas com ações e serviços públicos de saúde
Rio Tinto;201163;Prefeitura Municipal de Rio Tinto;082025;2025;17215101;Cota-Parte do IPVA - Principal;Lançamento de Receita;21.406,35;500;Recursos não vinculados de Impostos;1001;Identificação das despesas com manutenção e desenvolvimento do ensino
Rio Tinto;201163;Prefeitura Municipal de Rio Tinto;072025;2025;17215101;Cota-Parte do IPVA - Principal;Lançamento de Receita;53.715,19;500;Recursos não vinculados de Impostos;"Não ";Não Aplicável
Rio Tinto;201163;Prefeitura Municipal de Rio Tinto;072025;2025;17215101;Cota-Parte do IPVA - Principal;Lançamento de Receita;26.857,6;500;Recursos não vinculados de Impostos;1001;Identificação das despesas com manutenção e desenvolvimento do ensino
Rio Tinto;201163;Prefeitura Municipal de Rio Tinto;072025;2025;17215101;Cota-Parte do IPVA - Principal;Lançamento de Receita;18.899,77;500;Recursos não vinculados de Impostos;1002;Identificação das despesas com ações e serviços públicos de saúde
Rio Tinto;201163;Prefeitura Municipal de Rio Tinto;062025;2025;17215101;Cota-Parte do IPVA - Principal;Lançamento de Receita;17.085;500;Recursos não vinculados de Impostos;1002;Identificação das despesas com ações e serviços públicos de saúde
Rio Tinto;201163;Prefeitura Municipal de Rio Tinto;062025;2025;17215101;Cota-Parte do IPVA - Principal;Lançamento de Receita;48.557,4;500;Recursos não vinculados de Impostos;"Não ";Não Aplicável
Rio Tinto;201163;Prefeitura Municipal de Rio Tinto;062025;2025;17215101;Cota-Parte do IPVA - Principal;Lançamento de Receita;24.278,7;500;Recursos não vinculados de Impostos;1001;Identificação das despesas com manutenção e desenvolvimento do ensino
Rio Tinto;201163;Prefeitura Municipal de Rio Tinto;052025;2025;17215101;Cota-Parte do IPVA - Principal;Lançamento de Receita;26.185,27;500;Recursos não vinculados de Impostos;1001;Identificação das despesas com manutenção e desenvolvimento do ensino
Rio Tinto;201163;Prefeitura Municipal de Rio Tinto;052025;2025;17215101;Cota-Parte do IPVA - Principal;Lançamento de Receita;52.370,53;500;Recursos não vinculados de Impostos;"Não ";Não Aplicável
Rio Tinto;201163;Prefeitura Municipal de Rio Tinto;052025;2025;17215101;Cota-Parte do IPVA - Principal;Lançamento de Receita;18.426,64;500;Recursos não vinculados de Impostos;1002;Identificação das despesas com ações e serviços públicos de saúde
Rio Tinto;201163;Prefeitura Municipal de Rio Tinto;042025;2025;17215101;Cota-Parte do IPVA - Principal;Lançamento de Receita;18.582,25;500;Recursos não vinculados de Impostos;1002;Identificação das despesas com ações e serviços públicos de saúde
Rio Tinto;201163;Prefeitura Municipal de Rio Tinto;042025;2025;17215101;Cota-Parte do IPVA - Principal;Lançamento de Receita;26.406,4;500;Recursos não vinculados de Impostos;1001;Identificação das despesas com manutenção e desenvolvimento do ensino
Rio Tinto;201163;Prefeitura Municipal de Rio Tinto;042025;2025;17215101;Cota-Parte do IPVA - Principal;Lançamento de Receita;52.812,81;500;Recursos não vinculados de Impostos;"Não ";Não Aplicável
Rio Tinto;201163;Prefeitura Municipal de Rio Tinto;032025;2025;17215101;Cota-Parte do IPVA - Principal;Lançamento de Receita;54.184,27;500;Recursos não vinculados de Impostos;"Não ";Não Aplicável
Rio Tinto;201163;Prefeitura Municipal de Rio Tinto;032025;2025;17215101;Cota-Parte do IPVA - Principal;Lançamento de Receita;19.064,83;500;Recursos não vinculados de Impostos;1002;Identificação das despesas com ações e serviços públicos de saúde
Rio Tinto;201163;Prefeitura Municipal de Rio Tinto;032025;2025;17215101;Cota-Parte do IPVA - Principal;Lançamento de Receita;27.092,15;500;Recursos não vinculados de Impostos;1001;Identificação das despesas com manutenção e desenvolvimento do ensino
Rio Tinto;201163;Prefeitura Municipal de Rio Tinto;022025;2025;17215101;Cota-Parte do IPVA - Principal;Lançamento de Receita;40.125,8;500;Recursos não vinculados de Impostos;"Não ";Não Aplicável
Rio Tinto;201163;Prefeitura Municipal de Rio Tinto;022025;2025;17215101;Cota-Parte do IPVA - Principal;Lançamento de Receita;20.062,89;500;Recursos não vinculados de Impostos;1001;Identificação das despesas com manutenção e desenvolvimento do ensino
Rio Tinto;201163;Prefeitura Municipal de Rio Tinto;022025;2025;17215101;Cota-Parte do IPVA - Principal;Lançamento de Receita;14.118,32;500;Recursos não vinculados de Impostos;1002;Identificação das despesas com ações e serviços públicos de saúde
Rio Tinto;201163;Prefeitura Municipal de Rio Tinto;012025;2025;17215101;Cota-Parte do IPVA - Principal;Lançamento de Receita;36.844,45;500;Recursos não vinculados de Impostos;"Não ";Não Aplicável
Rio Tinto;201163;Prefeitura Municipal de Rio Tinto;012025;2025;17215101;Cota-Parte do IPVA - Principal;Lançamento de Receita;12.963,8;500;Recursos não vinculados de Impostos;1002;Identificação das despesas com ações e serviços públicos de saúde
Rio Tinto;201163;Prefeitura Municipal de Rio Tinto;012025;2025;17215101;Cota-Parte do IPVA - Principal;Lançamento de Receita;18.422,24;500;Recursos não vinculados de Impostos;1001;Identificação das despesas com manutenção e desenvolvimento do ensino
Rio Tinto;201163;Prefeitura Municipal de Rio Tinto;122025;2025;17215001;Cota-Parte do ICMS - Principal;Lançamento de Receita;310.074,01;500;Recursos não vinculados de Impostos;1002;Identificação das despesas com ações e serviços públicos de saúde
Rio Tinto;201163;Prefeitura Municipal de Rio Tinto;122025;2025;17215001;Cota-Parte do ICMS - Principal;Lançamento de Receita;881.263,01;500;Recursos não vinculados de Impostos;"Não ";Não Aplicável
Rio Tinto;201163;Prefeitura Municipal de Rio Tinto;122025;2025;17215001;Cota-Parte do ICMS - Principal;Lançamento de Receita;440.631,5;500;Recursos não vinculados de Impostos;1001;Identificação das despesas com manutenção e desenvolvimento do ensino
Rio Tinto;201163;Prefeitura Municipal de Rio Tinto;122025;2025;17215001;Cota-Parte do ICMS - Principal;Dedução do Fundeb;-326.393,69;500;Recursos não vinculados de Impostos;1001;Identificação das despesas com manutenção e desenvolvimento do ensino
Rio Tinto;201163;Prefeitura Municipal de Rio Tinto;112025;2025;17215001;Cota-Parte do ICMS - Principal;Lançamento de Receita;307.875,84;500;Recursos não vinculados de Impostos;1001;Identificação das despesas com manutenção e desenvolvimento do ensino
Rio Tinto;201163;Prefeitura Municipal de Rio Tinto;112025;2025;17215001;Cota-Parte do ICMS - Principal;Dedução do Fundeb;-228.056,16;500;Recursos não vinculados de Impostos;1001;Identificação das despesas com manutenção e desenvolvimento do ensino
Rio Tinto;201163;Prefeitura Municipal de Rio Tinto;112025;2025;17215001;Cota-Parte do ICMS - Principal;Lançamento de Receita;615.751,66;500;Recursos não vinculados de Impostos;"Não ";Não Aplicável
Rio Tinto;201163;Prefeitura Municipal de Rio Tinto;112025;2025;17215001;Cota-Parte do ICMS - Principal;Lançamento de Receita;216.653,36;500;Recursos não vinculados de Impostos;1002;Identificação das despesas com ações e serviços públicos de saúde
Rio Tinto;201163;Prefeitura Municipal de Rio Tinto;102025;2025;17215001;Cota-Parte do ICMS - Principal;Lançamento de Receita;680.882,78;500;Recursos não vinculados de Impostos;"Não ";Não Aplicável
Rio Tinto;201163;Prefeitura Municipal de Rio Tinto;102025;2025;17215001;Cota-Parte do ICMS - Principal;Lançamento de Receita;340.441,39;500;Recursos não vinculados de Impostos;1001;Identificação das despesas com manutenção e desenvolvimento do ensino
Rio Tinto;201163;Prefeitura Municipal de Rio Tinto;102025;2025;17215001;Cota-Parte do ICMS - Principal;Dedução do Fundeb;-252.178,79;500;Recursos não vinculados de Impostos;1001;Identificação das despesas com manutenção e desenvolvimento do ensino
Rio Tinto;201163;Prefeitura Municipal de Rio Tinto;102025;2025;17215001;Cota-Parte do ICMS - Principal;Lançamento de Receita;239.569,86;500;Recursos não vinculados de Impostos;1002;Identificação das despesas com ações e serviços públicos de saúde
Rio Tinto;201163;Prefeitura Municipal de Rio Tinto;092025;2025;17215001;Cota-Parte do ICMS - Principal;Lançamento de Receita;745.461,73;500;Recursos não vinculados de Impostos;"Não ";Não Aplicável
Rio Tinto;201163;Prefeitura Municipal de Rio Tinto;092025;2025;17215001;Cota-Parte do ICMS - Principal;Dedução do Fundeb;-276.096,92;500;Recursos não vinculados de Impostos;1001;Identificação das despesas com manutenção e desenvolvimento do ensino
Rio Tinto;201163;Prefeitura Municipal de Rio Tinto;092025;2025;17215001;Cota-Parte do ICMS - Principal;Lançamento de Receita;372.730,88;500;Recursos não vinculados de Impostos;1001;Identificação das despesas com manutenção e desenvolvimento do ensino
Rio Tinto;201163;Prefeitura Municipal de Rio Tinto;092025;2025;17215001;Cota-Parte do ICMS - Principal;Lançamento de Receita;262.292,09;500;Recursos não vinculados de Impostos;1002;Identificação das despesas com ações e serviços públicos de saúde
Rio Tinto;201163;Prefeitura Municipal de Rio Tinto;082025;2025;17215001;Cota-Parte do ICMS - Principal;Lançamento de Receita;391.639,43;500;Recursos não vinculados de Impostos;1001;Identificação das despesas com manutenção e desenvolvimento do ensino
Rio Tinto;201163;Prefeitura Municipal de Rio Tinto;082025;2025;17215001;Cota-Parte do ICMS - Principal;Lançamento de Receita;275.598,1;500;Recursos não vinculados de Impostos;1002;Identificação das despesas com ações e serviços públicos de saúde
Rio Tinto;201163;Prefeitura Municipal de Rio Tinto;082025;2025;17215001;Cota-Parte do ICMS - Principal;Dedução do Fundeb;-290.103,27;500;Recursos não vinculados de Impostos;1001;Identificação das despesas com manutenção e desenvolvimento do ensino
Rio Tinto;201163;Prefeitura Municipal de Rio Tinto;082025;2025;17215001;Cota-Parte do ICMS - Principal;Lançamento de Receita;783.278,85;500;Recursos não vinculados de Impostos;"Não ";Não Aplicável
Rio Tinto;201163;Prefeitura Municipal de Rio Tinto;072025;2025;17215001;Cota-Parte do ICMS - Principal;Lançamento de Receita;730.652,75;500;Recursos não vinculados de Impostos;"Não ";Não Aplicável
Rio Tinto;201163;Prefeitura Municipal de Rio Tinto;072025;2025;17215001;Cota-Parte do ICMS - Principal;Dedução do Fundeb;-270.612,11;500;Recursos não vinculados de Impostos;1001;Identificação das despesas com manutenção e desenvolvimento do ensino
Rio Tinto;201163;Prefeitura Municipal de Rio Tinto;072025;2025;17215001;Cota-Parte do ICMS - Principal;Lançamento de Receita;257.081,53;500;Recursos não vinculados de Impostos;1002;Identificação das despesas com ações e serviços públicos de saúde
Rio Tinto;201163;Prefeitura Municipal de Rio Tinto;072025;2025;17215001;Cota-Parte do ICMS - Principal;Lançamento de Receita;365.326,37;500;Recursos não vinculados de Impostos;1001;Identificação das despesas com manutenção e desenvolvimento do ensino
Rio Tinto;201163;Prefeitura Municipal de Rio Tinto;062025;2025;17215001;Cota-Parte do ICMS - Principal;Dedução do Fundeb;-241.696,68;500;Recursos não vinculados de Impostos;1001;Identificação das despesas com manutenção e desenvolvimento do ensino
Rio Tinto;201163;Prefeitura Municipal de Rio Tinto;062025;2025;17215001;Cota-Parte do ICMS - Principal;Lançamento de Receita;652.581,08;500;Recursos não vinculados de Impostos;"Não ";Não Aplicável
Rio Tinto;201163;Prefeitura Municipal de Rio Tinto;062025;2025;17215001;Cota-Parte do ICMS - Principal;Lançamento de Receita;229.611,86;500;Recursos não vinculados de Impostos;1002;Identificação das despesas com ações e serviços públicos de saúde
Rio Tinto;201163;Prefeitura Municipal de Rio Tinto;062025;2025;17215001;Cota-Parte do ICMS - Principal;Lançamento de Receita;326.290,55;500;Recursos não vinculados de Impostos;1001;Identificação das despesas com manutenção e desenvolvimento do ensino
Rio Tinto;201163;Prefeitura Municipal de Rio Tinto;052025;2025;17215001;Cota-Parte do ICMS - Principal;Dedução do Fundeb;-238.349,72;500;Recursos não vinculados de Impostos;1001;Identificação das despesas com manutenção e desenvolvimento do ensino
Rio Tinto;201163;Prefeitura Municipal de Rio Tinto;052025;2025;17215001;Cota-Parte do ICMS - Principal;Lançamento de Receita;226.432,25;500;Recursos não vinculados de Impostos;1002;Identificação das despesas com ações e serviços públicos de saúde
Rio Tinto;201163;Prefeitura Municipal de Rio Tinto;052025;2025;17215001;Cota-Parte do ICMS - Principal;Lançamento de Receita;643.544,3;500;Recursos não vinculados de Impostos;"Não ";Não Aplicável
Rio Tinto;201163;Prefeitura Municipal de Rio Tinto;052025;2025;17215001;Cota-Parte do ICMS - Principal;Lançamento de Receita;321.772,16;500;Recursos não vinculados de Impostos;1001;Identificação das despesas com manutenção e desenvolvimento do ensino
Rio Tinto;201163;Prefeitura Municipal de Rio Tinto;042025;2025;17215001;Cota-Parte do ICMS - Principal;Lançamento de Receita;235.954,37;500;Recursos não vinculados de Impostos;1002;Identificação das despesas com ações e serviços públicos de saúde
Rio Tinto;201163;Prefeitura Municipal de Rio Tinto;042025;2025;17215001;Cota-Parte do ICMS - Principal;Dedução do Fundeb;-248.372,99;500;Recursos não vinculados de Impostos;1001;Identificação das despesas com manutenção e desenvolvimento do ensino
Rio Tinto;201163;Prefeitura Municipal de Rio Tinto;042025;2025;17215001;Cota-Parte do ICMS - Principal;Lançamento de Receita;670.607,12;500;Recursos não vinculados de Impostos;"Não ";Não Aplicável
Rio Tinto;201163;Prefeitura Municipal de Rio Tinto;042025;2025;17215001;Cota-Parte do ICMS - Principal;Lançamento de Receita;335.303,56;500;Recursos não vinculados de Impostos;1001;Identificação das despesas com manutenção e desenvolvimento do ensino
Rio Tinto;201163;Prefeitura Municipal de Rio Tinto;032025;2025;17215001;Cota-Parte do ICMS - Principal;Lançamento de Receita;231.768,57;500;Recursos não vinculados de Impostos;1002;Identificação das despesas com ações e serviços públicos de saúde
Rio Tinto;201163;Prefeitura Municipal de Rio Tinto;032025;2025;17215001;Cota-Parte do ICMS - Principal;Lançamento de Receita;658.710,68;500;Recursos não vinculados de Impostos;"Não ";Não Aplicável
Rio Tinto;201163;Prefeitura Municipal de Rio Tinto;032025;2025;17215001;Cota-Parte do ICMS - Principal;Dedução do Fundeb;-243.966,91;500;Recursos não vinculados de Impostos;1001;Identificação das despesas com manutenção e desenvolvimento do ensino
Rio Tinto;201163;Prefeitura Municipal de Rio Tinto;032025;2025;17215001;Cota-Parte do ICMS - Principal;Lançamento de Receita;329.355,33;500;Recursos não vinculados de Impostos;1001;Identificação das despesas com manutenção e desenvolvimento do ensino
Rio Tinto;201163;Prefeitura Municipal de Rio Tinto;022025;2025;17215001;Cota-Parte do ICMS - Principal;Lançamento de Receita;220.885,6;500;Recursos não vinculados de Impostos;1002;Identificação das despesas com ações e serviços públicos de saúde
Rio Tinto;201163;Prefeitura Municipal de Rio Tinto;022025;2025;17215001;Cota-Parte do ICMS - Principal;Lançamento de Receita;313.890,05;500;Recursos não vinculados de Impostos;1001;Identificação das despesas com manutenção e desenvolvimento do ensino
Rio Tinto;201163;Prefeitura Municipal de Rio Tinto;022025;2025;17215001;Cota-Parte do ICMS - Principal;Lançamento de Receita;627.780,09;500;Recursos não vinculados de Impostos;"Não ";Não Aplicável
Rio Tinto;201163;Prefeitura Municipal de Rio Tinto;022025;2025;17215001;Cota-Parte do ICMS - Principal;Dedução do Fundeb;-232.511,13;500;Recursos não vinculados de Impostos;1001;Identificação das despesas com manutenção e desenvolvimento do ensino
Rio Tinto;201163;Prefeitura Municipal de Rio Tinto;012025;2025;17215001;Cota-Parte do ICMS - Principal;Dedução do Fundeb;-265.892,07;500;Recursos não vinculados de Impostos;1001;Identificação das despesas com manutenção e desenvolvimento do ensino
Rio Tinto;201163;Prefeitura Municipal de Rio Tinto;012025;2025;17215001;Cota-Parte do ICMS - Principal;Lançamento de Receita;717.908,65;500;Recursos não vinculados de Impostos;"Não ";Não Aplicável
Rio Tinto;201163;Prefeitura Municipal de Rio Tinto;012025;2025;17215001;Cota-Parte do ICMS - Principal;Lançamento de Receita;358.954,33;500;Recursos não vinculados de Impostos;1001;Identificação das despesas com manutenção e desenvolvimento do ensino
Rio Tinto;201163;Prefeitura Municipal de Rio Tinto;012025;2025;17215001;Cota-Parte do ICMS - Principal;Lançamento de Receita;252.597,5;500;Recursos não vinculados de Impostos;1002;Identificação das despesas com ações e serviços públicos de saúde
Rio Tinto;201163;Prefeitura Municipal de Rio Tinto;122025;2025;17195801;Transferência Obrigatória Decorrente da Lei Complementar nº 176/2020 - Principal;Lançamento de Receita;197,32;500;Recursos não vinculados de Impostos;1001;Identificação das despesas com manutenção e desenvolvimento do ensino
Rio Tinto;201163;Prefeitura Municipal de Rio Tinto;122025;2025;17195801;Transferência Obrigatória Decorrente da Lei Complementar nº 176/2020 - Principal;Lançamento de Receita;394,63;500;Recursos não vinculados de Impostos;"Não ";Não Aplicável
Rio Tinto;201163;Prefeitura Municipal de Rio Tinto;122025;2025;17195801;Transferência Obrigatória Decorrente da Lei Complementar nº 176/2020 - Principal;Lançamento de Receita;138,85;500;Recursos não vinculados de Impostos;1002;Identificação das despesas com ações e serviços públicos de saúde
Rio Tinto;201163;Prefeitura Municipal de Rio Tinto;112025;2025;17195801;Transferência Obrigatória Decorrente da Lei Complementar nº 176/2020 - Principal;Lançamento de Receita;138,85;500;Recursos não vinculados de Impostos;1002;Identificação das despesas com ações e serviços públicos de saúde
Rio Tinto;201163;Prefeitura Municipal de Rio Tinto;112025;2025;17195801;Transferência Obrigatória Decorrente da Lei Complementar nº 176/2020 - Principal;Lançamento de Receita;197,32;500;Recursos não vinculados de Impostos;1001;Identificação das despesas com manutenção e desenvolvimento do ensino
Rio Tinto;201163;Prefeitura Municipal de Rio Tinto;112025;2025;17195801;Transferência Obrigatória Decorrente da Lei Complementar nº 176/2020 - Principal;Lançamento de Receita;394,63;500;Recursos não vinculados de Impostos;"Não ";Não Aplicável
Rio Tinto;201163;Prefeitura Municipal de Rio Tinto;102025;2025;17195801;Transferência Obrigatória Decorrente da Lei Complementar nº 176/2020 - Principal;Lançamento de Receita;394,63;500;Recursos não vinculados de Impostos;"Não ";Não Aplicável
Rio Tinto;201163;Prefeitura Municipal de Rio Tinto;102025;2025;17195801;Transferência Obrigatória Decorrente da Lei Complementar nº 176/2020 - Principal;Lançamento de Receita;197,32;500;Recursos não vinculados de Impostos;1001;Identificação das despesas com manutenção e desenvolvimento do ensino
Rio Tinto;201163;Prefeitura Municipal de Rio Tinto;102025;2025;17195801;Transferência Obrigatória Decorrente da Lei Complementar nº 176/2020 - Principal;Lançamento de Receita;138,85;500;Recursos não vinculados de Impostos;1002;Identificação das despesas com ações e serviços públicos de saúde
Rio Tinto;201163;Prefeitura Municipal de Rio Tinto;092025;2025;17195801;Transferência Obrigatória Decorrente da Lei Complementar nº 176/2020 - Principal;Lançamento de Receita;197,32;500;Recursos não vinculados de Impostos;1001;Identificação das despesas com manutenção e desenvolvimento do ensino
Rio Tinto;201163;Prefeitura Municipal de Rio Tinto;092025;2025;17195801;Transferência Obrigatória Decorrente da Lei Complementar nº 176/2020 - Principal;Lançamento de Receita;138,85;500;Recursos não vinculados de Impostos;1002;Identificação das despesas com ações e serviços públicos de saúde
Rio Tinto;201163;Prefeitura Municipal de Rio Tinto;092025;2025;17195801;Transferência Obrigatória Decorrente da Lei Complementar nº 176/2020 - Principal;Lançamento de Receita;394,63;500;Recursos não vinculados de Impostos;"Não ";Não Aplicável
Rio Tinto;201163;Prefeitura Municipal de Rio Tinto;082025;2025;17195801;Transferência Obrigatória Decorrente da Lei Complementar nº 176/2020 - Principal;Lançamento de Receita;197,32;500;Recursos não vinculados de Impostos;1001;Identificação das despesas com manutenção e desenvolvimento do ensino
Rio Tinto;201163;Prefeitura Municipal de Rio Tinto;082025;2025;17195801;Transferência Obrigatória Decorrente da Lei Complementar nº 176/2020 - Principal;Lançamento de Receita;394,63;500;Recursos não vinculados de Impostos;"Não ";Não Aplicável
Rio Tinto;201163;Prefeitura Municipal de Rio Tinto;082025;2025;17195801;Transferência Obrigatória Decorrente da Lei Complementar nº 176/2020 - Principal;Lançamento de Receita;138,85;500;Recursos não vinculados de Impostos;1002;Identificação das despesas com ações e serviços públicos de saúde
Rio Tinto;201163;Prefeitura Municipal de Rio Tinto;072025;2025;17195801;Transferência Obrigatória Decorrente da Lei Complementar nº 176/2020 - Principal;Lançamento de Receita;394,63;500;Recursos não vinculados de Impostos;"Não ";Não Aplicável
Rio Tinto;201163;Prefeitura Municipal de Rio Tinto;072025;2025;17195801;Transferência Obrigatória Decorrente da Lei Complementar nº 176/2020 - Principal;Lançamento de Receita;138,85;500;Recursos não vinculados de Impostos;1002;Identificação das despesas com ações e serviços públicos de saúde
Rio Tinto;201163;Prefeitura Municipal de Rio Tinto;072025;2025;17195801;Transferência Obrigatória Decorrente da Lei Complementar nº 176/2020 - Principal;Lançamento de Receita;197,32;500;Recursos não vinculados de Impostos;1001;Identificação das despesas com manutenção e desenvolvimento do ensino
Rio Tinto;201163;Prefeitura Municipal de Rio Tinto;062025;2025;17195801;Transferência Obrigatória Decorrente da Lei Complementar nº 176/2020 - Principal;Lançamento de Receita;394,63;500;Recursos não vinculados de Impostos;"Não ";Não Aplicável
Rio Tinto;201163;Prefeitura Municipal de Rio Tinto;062025;2025;17195801;Transferência Obrigatória Decorrente da Lei Complementar nº 176/2020 - Principal;Lançamento de Receita;138,85;500;Recursos não vinculados de Impostos;1002;Identificação das despesas com ações e serviços públicos de saúde
Rio Tinto;201163;Prefeitura Municipal de Rio Tinto;062025;2025;17195801;Transferência Obrigatória Decorrente da Lei Complementar nº 176/2020 - Principal;Lançamento de Receita;197,32;500;Recursos não vinculados de Impostos;1001;Identificação das despesas com manutenção e desenvolvimento do ensino
Rio Tinto;201163;Prefeitura Municipal de Rio Tinto;052025;2025;17195801;Transferência Obrigatória Decorrente da Lei Complementar nº 176/2020 - Principal;Lançamento de Receita;394,63;500;Recursos não vinculados de Impostos;"Não ";Não Aplicável
Rio Tinto;201163;Prefeitura Municipal de Rio Tinto;052025;2025;17195801;Transferência Obrigatória Decorrente da Lei Complementar nº 176/2020 - Principal;Lançamento de Receita;197,32;500;Recursos não vinculados de Impostos;1001;Identificação das despesas com manutenção e desenvolvimento do ensino
Rio Tinto;201163;Prefeitura Municipal de Rio Tinto;052025;2025;17195801;Transferência Obrigatória Decorrente da Lei Complementar nº 176/2020 - Principal;Lançamento de Receita;138,85;500;Recursos não vinculados de Impostos;1002;Identificação das despesas com ações e serviços públicos de saúde
Rio Tinto;201163;Prefeitura Municipal de Rio Tinto;042025;2025;17195801;Transferência Obrigatória Decorrente da Lei Complementar nº 176/2020 - Principal;Lançamento de Receita;197,32;500;Recursos não vinculados de Impostos;1001;Identificação das despesas com manutenção e desenvolvimento do ensino
Rio Tinto;201163;Prefeitura Municipal de Rio Tinto;042025;2025;17195801;Transferência Obrigatória Decorrente da Lei Complementar nº 176/2020 - Principal;Lançamento de Receita;394,63;500;Recursos não vinculados de Impostos;"Não ";Não Aplicável
Rio Tinto;201163;Prefeitura Municipal de Rio Tinto;042025;2025;17195801;Transferência Obrigatória Decorrente da Lei Complementar nº 176/2020 - Principal;Lançamento de Receita;138,85;500;Recursos não vinculados de Impostos;1002;Identificação das despesas com ações e serviços públicos de saúde
Rio Tinto;201163;Prefeitura Municipal de Rio Tinto;032025;2025;17195801;Transferência Obrigatória Decorrente da Lei Complementar nº 176/2020 - Principal;Lançamento de Receita;138,85;500;Recursos não vinculados de Impostos;1002;Identificação das despesas com ações e serviços públicos de saúde
Rio Tinto;201163;Prefeitura Municipal de Rio Tinto;032025;2025;17195801;Transferência Obrigatória Decorrente da Lei Complementar nº 176/2020 - Principal;Lançamento de Receita;197,32;500;Recursos não vinculados de Impostos;1001;Identificação das despesas com manutenção e desenvolvimento do ensino
Rio Tinto;201163;Prefeitura Municipal de Rio Tinto;032025;2025;17195801;Transferência Obrigatória Decorrente da Lei Complementar nº 176/2020 - Principal;Lançamento de Receita;394,63;500;Recursos não vinculados de Impostos;"Não ";Não Aplicável
Rio Tinto;201163;Prefeitura Municipal de Rio Tinto;022025;2025;17195801;Transferência Obrigatória Decorrente da Lei Complementar nº 176/2020 - Principal;Lançamento de Receita;394,63;500;Recursos não vinculados de Impostos;"Não ";Não Aplicável
Rio Tinto;201163;Prefeitura Municipal de Rio Tinto;022025;2025;17195801;Transferência Obrigatória Decorrente da Lei Complementar nº 176/2020 - Principal;Lançamento de Receita;197,32;500;Recursos não vinculados de Impostos;1001;Identificação das despesas com manutenção e desenvolvimento do ensino
Rio Tinto;201163;Prefeitura Municipal de Rio Tinto;022025;2025;17195801;Transferência Obrigatória Decorrente da Lei Complementar nº 176/2020 - Principal;Lançamento de Receita;138,85;500;Recursos não vinculados de Impostos;1002;Identificação das despesas com ações e serviços públicos de saúde
Rio Tinto;201163;Prefeitura Municipal de Rio Tinto;012025;2025;17195801;Transferência Obrigatória Decorrente da Lei Complementar nº 176/2020 - Principal;Lançamento de Receita;197,32;500;Recursos não vinculados de Impostos;1001;Identificação das despesas com manutenção e desenvolvimento do ensino
Rio Tinto;201163;Prefeitura Municipal de Rio Tinto;012025;2025;17195801;Transferência Obrigatória Decorrente da Lei Complementar nº 176/2020 - Principal;Lançamento de Receita;394,63;500;Recursos não vinculados de Impostos;"Não ";Não Aplicável
Rio Tinto;201163;Prefeitura Municipal de Rio Tinto;012025;2025;17195801;Transferência Obrigatória Decorrente da Lei Complementar nº 176/2020 - Principal;Lançamento de Receita;138,85;500;Recursos não vinculados de Impostos;1002;Identificação das despesas com ações e serviços públicos de saúde
Rio Tinto;201163;Prefeitura Municipal de Rio Tinto;122025;2025;17165001;Transferências de Recursos do Fundo Nacional de Assistência Social – FNAS - Principal;Lançamento de Receita;160.234,12;660;Transferência de Recursos do Fundo Nacional de Assistência Social - FNAS;"Não ";Não Aplicável
Rio Tinto;201163;Prefeitura Municipal de Rio Tinto;112025;2025;17165001;Transferências de Recursos do Fundo Nacional de Assistência Social – FNAS - Principal;Lançamento de Receita;63.723,28;660;Transferência de Recursos do Fundo Nacional de Assistência Social - FNAS;"Não ";Não Aplicável
Rio Tinto;201163;Prefeitura Municipal de Rio Tinto;102025;2025;17165001;Transferências de Recursos do Fundo Nacional de Assistência Social – FNAS - Principal;Lançamento de Receita;60.986;660;Transferência de Recursos do Fundo Nacional de Assistência Social - FNAS;"Não ";Não Aplicável
Rio Tinto;201163;Prefeitura Municipal de Rio Tinto;092025;2025;17165001;Transferências de Recursos do Fundo Nacional de Assistência Social – FNAS - Principal;Lançamento de Receita;74.994,83;660;Transferência de Recursos do Fundo Nacional de Assistência Social - FNAS;"Não ";Não Aplicável
Rio Tinto;201163;Prefeitura Municipal de Rio Tinto;082025;2025;17165001;Transferências de Recursos do Fundo Nacional de Assistência Social – FNAS - Principal;Lançamento de Receita;100.250,66;660;Transferência de Recursos do Fundo Nacional de Assistência Social - FNAS;"Não ";Não Aplicável
Rio Tinto;201163;Prefeitura Municipal de Rio Tinto;072025;2025;17165001;Transferências de Recursos do Fundo Nacional de Assistência Social – FNAS - Principal;Lançamento de Receita;105.145,78;660;Transferência de Recursos do Fundo Nacional de Assistência Social - FNAS;"Não ";Não Aplicável
Rio Tinto;201163;Prefeitura Municipal de Rio Tinto;062025;2025;17165001;Transferências de Recursos do Fundo Nacional de Assistência Social – FNAS - Principal;Lançamento de Receita;50.696,24;660;Transferência de Recursos do Fundo Nacional de Assistência Social - FNAS;"Não ";Não Aplicável
Rio Tinto;201163;Prefeitura Municipal de Rio Tinto;052025;2025;17165001;Transferências de Recursos do Fundo Nacional de Assistência Social – FNAS - Principal;Lançamento de Receita;60.730,73;660;Transferência de Recursos do Fundo Nacional de Assistência Social - FNAS;"Não ";Não Aplicável
Rio Tinto;201163;Prefeitura Municipal de Rio Tinto;042025;2025;17165001;Transferências de Recursos do Fundo Nacional de Assistência Social – FNAS - Principal;Lançamento de Receita;109.323,23;660;Transferência de Recursos do Fundo Nacional de Assistência Social - FNAS;"Não ";Não Aplicável
Rio Tinto;201163;Prefeitura Municipal de Rio Tinto;032025;2025;17165001;Transferências de Recursos do Fundo Nacional de Assistência Social – FNAS - Principal;Lançamento de Receita;40.893,73;660;Transferência de Recursos do Fundo Nacional de Assistência Social - FNAS;"Não ";Não Aplicável
Rio Tinto;201163;Prefeitura Municipal de Rio Tinto;022025;2025;17165001;Transferências de Recursos do Fundo Nacional de Assistência Social – FNAS - Principal;Lançamento de Receita;41.479,04;660;Transferência de Recursos do Fundo Nacional de Assistência Social - FNAS;"Não ";Não Aplicável
Rio Tinto;201163;Prefeitura Municipal de Rio Tinto;012025;2025;17165001;Transferências de Recursos do Fundo Nacional de Assistência Social – FNAS - Principal;Lançamento de Receita;40.186,9;660;Transferência de Recursos do Fundo Nacional de Assistência Social - FNAS;"Não ";Não Aplicável
Rio Tinto;201163;Prefeitura Municipal de Rio Tinto;122025;2025;17155301;Transferências de Recursos do Fundeb destinados à criação de matrículas em ETI - Principal;Lançamento de Receita;99.307,52;546;Transferências do FUNDEB - complementação da União - Educação Tempo Integral;"Não ";Não Aplicável
Rio Tinto;201163;Prefeitura Municipal de Rio Tinto;112025;2025;17155301;Transferências de Recursos do Fundeb destinados à criação de matrículas em ETI - Principal;Lançamento de Receita;99.307,49;546;Transferências do FUNDEB - complementação da União - Educação Tempo Integral;"Não ";Não Aplicável
Rio Tinto;201163;Prefeitura Municipal de Rio Tinto;102025;2025;17155301;Transferências de Recursos do Fundeb destinados à criação de matrículas em ETI - Principal;Lançamento de Receita;198.614,99;546;Transferências do FUNDEB - complementação da União - Educação Tempo Integral;"Não ";Não Aplicável
Rio Tinto;201163;Prefeitura Municipal de Rio Tinto;122025;2025;17155201;Transferências de Recursos de Complementação da União ao Fundeb – VAAR - Principal;Lançamento de Receita;7.709,53;543;Transferências do FUNDEB - Complementação da União - VAAR;"Não ";Não Aplicável
Rio Tinto;201163;Prefeitura Municipal de Rio Tinto;112025;2025;17155201;Transferências de Recursos de Complementação da União ao Fundeb – VAAR - Principal;Lançamento de Receita;98.914,14;543;Transferências do FUNDEB - Complementação da União - VAAR;"Não ";Não Aplicável
Rio Tinto;201163;Prefeitura Municipal de Rio Tinto;102025;2025;17155201;Transferências de Recursos de Complementação da União ao Fundeb – VAAR - Principal;Lançamento de Receita;98.914,14;543;Transferências do FUNDEB - Complementação da União - VAAR;"Não ";Não Aplicável
Rio Tinto;201163;Prefeitura Municipal de Rio Tinto;092025;2025;17155201;Transferências de Recursos de Complementação da União ao Fundeb – VAAR - Principal;Lançamento de Receita;97.810,38;543;Transferências do FUNDEB - Complementação da União - VAAR;"Não ";Não Aplicável
Rio Tinto;201163;Prefeitura Municipal de Rio Tinto;082025;2025;17155201;Transferências de Recursos de Complementação da União ao Fundeb – VAAR - Principal;Lançamento de Receita;129.718,63;543;Transferências do FUNDEB - Complementação da União - VAAR;"Não ";Não Aplicável
Rio Tinto;201163;Prefeitura Municipal de Rio Tinto;072025;2025;17155201;Transferências de Recursos de Complementação da União ao Fundeb – VAAR - Principal;Lançamento de Receita;126.549,91;543;Transferências do FUNDEB - Complementação da União - VAAR;"Não ";Não Aplicável
Rio Tinto;201163;Prefeitura Municipal de Rio Tinto;062025;2025;17155201;Transferências de Recursos de Complementação da União ao Fundeb – VAAR - Principal;Lançamento de Receita;126.549,91;543;Transferências do FUNDEB - Complementação da União - VAAR;"Não ";Não Aplicável
Rio Tinto;201163;Prefeitura Municipal de Rio Tinto;052025;2025;17155201;Transferências de Recursos de Complementação da União ao Fundeb – VAAR - Principal;Lançamento de Receita;118.442,5;543;Transferências do FUNDEB - Complementação da União - VAAR;"Não ";Não Aplicável
Rio Tinto;201163;Prefeitura Municipal de Rio Tinto;042025;2025;17155201;Transferências de Recursos de Complementação da União ao Fundeb – VAAR - Principal;Lançamento de Receita;101.209,24;543;Transferências do FUNDEB - Complementação da União - VAAR;"Não ";Não Aplicável
Rio Tinto;201163;Prefeitura Municipal de Rio Tinto;032025;2025;17155201;Transferências de Recursos de Complementação da União ao Fundeb – VAAR - Principal;Lançamento de Receita;93.423,91;543;Transferências do FUNDEB - Complementação da União - VAAR;"Não ";Não Aplicável
Rio Tinto;201163;Prefeitura Municipal de Rio Tinto;022025;2025;17155201;Transferências de Recursos de Complementação da União ao Fundeb – VAAR - Principal;Lançamento de Receita;85.638,58;543;Transferências do FUNDEB - Complementação da União - VAAR;"Não ";Não Aplicável
Rio Tinto;201163;Prefeitura Municipal de Rio Tinto;012025;2025;17155201;Transferências de Recursos de Complementação da União ao Fundeb – VAAR - Principal;Lançamento de Receita;77.853,26;543;Transferências do FUNDEB - Complementação da União - VAAR;"Não ";Não Aplicável
Rio Tinto;201163;Prefeitura Municipal de Rio Tinto;122025;2025;17155101;Transferências de Recursos de Complementação da União ao Fundeb – VAAF - Principal;Lançamento de Receita;85.040,67;541;Transferências do FUNDEB - Complementação da União - VAAF;1070;Identificação do percentual aplicado no pagamento da remuneração dos profissionais da educação básica em efetivo exercício
Rio Tinto;201163;Prefeitura Municipal de Rio Tinto;122025;2025;17155101;Transferências de Recursos de Complementação da União ao Fundeb – VAAF - Principal;Lançamento de Receita;33.071,37;541;Transferências do FUNDEB - Complementação da União - VAAF;"Não ";Não Aplicável
Rio Tinto;201163;Prefeitura Municipal de Rio Tinto;112025;2025;17155101;Transferências de Recursos de Complementação da União ao Fundeb – VAAF - Principal;Lançamento de Receita;85.130,82;541;Transferências do FUNDEB - Complementação da União - VAAF;1070;Identificação do percentual aplicado no pagamento da remuneração dos profissionais da educação básica em efetivo exercício
Rio Tinto;201163;Prefeitura Municipal de Rio Tinto;112025;2025;17155101;Transferências de Recursos de Complementação da União ao Fundeb – VAAF - Principal;Lançamento de Receita;33.106,43;541;Transferências do FUNDEB - Complementação da União - VAAF;"Não ";Não Aplicável
Rio Tinto;201163;Prefeitura Municipal de Rio Tinto;102025;2025;17155101;Transferências de Recursos de Complementação da União ao Fundeb – VAAF - Principal;Lançamento de Receita;85.132,1;541;Transferências do FUNDEB - Complementação da União - VAAF;1070;Identificação do percentual aplicado no pagamento da remuneração dos profissionais da educação básica em efetivo exercício
Rio Tinto;201163;Prefeitura Municipal de Rio Tinto;102025;2025;17155101;Transferências de Recursos de Complementação da União ao Fundeb – VAAF - Principal;Lançamento de Receita;33.106,93;541;Transferências do FUNDEB - Complementação da União - VAAF;"Não ";Não Aplicável
Rio Tinto;201163;Prefeitura Municipal de Rio Tinto;092025;2025;17155101;Transferências de Recursos de Complementação da União ao Fundeb – VAAF - Principal;Lançamento de Receita;88.535,47;541;Transferências do FUNDEB - Complementação da União - VAAF;1070;Identificação do percentual aplicado no pagamento da remuneração dos profissionais da educação básica em efetivo exercício
Rio Tinto;201163;Prefeitura Municipal de Rio Tinto;092025;2025;17155101;Transferências de Recursos de Complementação da União ao Fundeb – VAAF - Principal;Lançamento de Receita;34.430,46;541;Transferências do FUNDEB - Complementação da União - VAAF;"Não ";Não Aplicável
Rio Tinto;201163;Prefeitura Municipal de Rio Tinto;082025;2025;17155101;Transferências de Recursos de Complementação da União ao Fundeb – VAAF - Principal;Lançamento de Receita;126.036,01;541;Transferências do FUNDEB - Complementação da União - VAAF;1070;Identificação do percentual aplicado no pagamento da remuneração dos profissionais da educação básica em efetivo exercício
Rio Tinto;201163;Prefeitura Municipal de Rio Tinto;082025;2025;17155101;Transferências de Recursos de Complementação da União ao Fundeb – VAAF - Principal;Lançamento de Receita;49.014;541;Transferências do FUNDEB - Complementação da União - VAAF;"Não ";Não Aplicável
Rio Tinto;201163;Prefeitura Municipal de Rio Tinto;072025;2025;17155101;Transferências de Recursos de Complementação da União ao Fundeb – VAAF - Principal;Lançamento de Receita;47.816,71;541;Transferências do FUNDEB - Complementação da União - VAAF;"Não ";Não Aplicável
Rio Tinto;201163;Prefeitura Municipal de Rio Tinto;072025;2025;17155101;Transferências de Recursos de Complementação da União ao Fundeb – VAAF - Principal;Lançamento de Receita;122.957,24;541;Transferências do FUNDEB - Complementação da União - VAAF;1070;Identificação do percentual aplicado no pagamento da remuneração dos profissionais da educação básica em efetivo exercício
Rio Tinto;201163;Prefeitura Municipal de Rio Tinto;062025;2025;17155101;Transferências de Recursos de Complementação da União ao Fundeb – VAAF - Principal;Lançamento de Receita;47.816,71;541;Transferências do FUNDEB - Complementação da União - VAAF;"Não ";Não Aplicável
Rio Tinto;201163;Prefeitura Municipal de Rio Tinto;062025;2025;17155101;Transferências de Recursos de Complementação da União ao Fundeb – VAAF - Principal;Lançamento de Receita;122.957,24;541;Transferências do FUNDEB - Complementação da União - VAAF;1070;Identificação do percentual aplicado no pagamento da remuneração dos profissionais da educação básica em efetivo exercício
Rio Tinto;201163;Prefeitura Municipal de Rio Tinto;052025;2025;17155101;Transferências de Recursos de Complementação da União ao Fundeb – VAAF - Principal;Lançamento de Receita;115.080;541;Transferências do FUNDEB - Complementação da União - VAAF;1070;Identificação do percentual aplicado no pagamento da remuneração dos profissionais da educação básica em efetivo exercício
Rio Tinto;201163;Prefeitura Municipal de Rio Tinto;052025;2025;17155101;Transferências de Recursos de Complementação da União ao Fundeb – VAAF - Principal;Lançamento de Receita;44.753,33;541;Transferências do FUNDEB - Complementação da União - VAAF;"Não ";Não Aplicável
Rio Tinto;201163;Prefeitura Municipal de Rio Tinto;042025;2025;17155101;Transferências de Recursos de Complementação da União ao Fundeb – VAAF - Principal;Lançamento de Receita;138.291,57;541;Transferências do FUNDEB - Complementação da União - VAAF;1070;Identificação do percentual aplicado no pagamento da remuneração dos profissionais da educação básica em efetivo exercício
Rio Tinto;201163;Prefeitura Municipal de Rio Tinto;042025;2025;17155101;Transferências de Recursos de Complementação da União ao Fundeb – VAAF - Principal;Lançamento de Receita;53.780,05;541;Transferências do FUNDEB - Complementação da União - VAAF;"Não ";Não Aplicável
Rio Tinto;201163;Prefeitura Municipal de Rio Tinto;032025;2025;17155101;Transferências de Recursos de Complementação da União ao Fundeb – VAAF - Principal;Lançamento de Receita;37.259,72;541;Transferências do FUNDEB - Complementação da União - VAAF;"Não ";Não Aplicável
Rio Tinto;201163;Prefeitura Municipal de Rio Tinto;032025;2025;17155101;Transferências de Recursos de Complementação da União ao Fundeb – VAAF - Principal;Lançamento de Receita;95.810,72;541;Transferências do FUNDEB - Complementação da União - VAAF;1070;Identificação do percentual aplicado no pagamento da remuneração dos profissionais da educação básica em efetivo exercício
Rio Tinto;201163;Prefeitura Municipal de Rio Tinto;022025;2025;17155101;Transferências de Recursos de Complementação da União ao Fundeb – VAAF - Principal;Lançamento de Receita;87.826,49;541;Transferências do FUNDEB - Complementação da União - VAAF;1070;Identificação do percentual aplicado no pagamento da remuneração dos profissionais da educação básica em efetivo exercício
Rio Tinto;201163;Prefeitura Municipal de Rio Tinto;022025;2025;17155101;Transferências de Recursos de Complementação da União ao Fundeb – VAAF - Principal;Lançamento de Receita;34.154,74;541;Transferências do FUNDEB - Complementação da União - VAAF;"Não ";Não Aplicável
Rio Tinto;201163;Prefeitura Municipal de Rio Tinto;012025;2025;17155101;Transferências de Recursos de Complementação da União ao Fundeb – VAAF - Principal;Lançamento de Receita;352.636,37;541;Transferências do FUNDEB - Complementação da União - VAAF;1070;Identificação do percentual aplicado no pagamento da remuneração dos profissionais da educação básica em efetivo exercício
Rio Tinto;201163;Prefeitura Municipal de Rio Tinto;012025;2025;17155101;Transferências de Recursos de Complementação da União ao Fundeb – VAAF - Principal;Lançamento de Receita;137.136,37;541;Transferências do FUNDEB - Complementação da União - VAAF;"Não ";Não Aplicável
Rio Tinto;201163;Prefeitura Municipal de Rio Tinto;122025;2025;17155001;Transferências de Recursos de Complementação da União ao Fundeb – VAAT - Principal;Lançamento de Receita;193.645,13;542;Transferências do FUNDEB - Complementação da União - VAAT;"Não ";Não Aplicável
Rio Tinto;201163;Prefeitura Municipal de Rio Tinto;122025;2025;17155001;Transferências de Recursos de Complementação da União ao Fundeb – VAAT - Principal;Lançamento de Receita;497.944,63;542;Transferências do FUNDEB - Complementação da União - VAAT;1070;Identificação do percentual aplicado no pagamento da remuneração dos profissionais da educação básica em efetivo exercício
Rio Tinto;201163;Prefeitura Municipal de Rio Tinto;112025;2025;17155001;Transferências de Recursos de Complementação da União ao Fundeb – VAAT - Principal;Lançamento de Receita;498.368,12;542;Transferências do FUNDEB - Complementação da União - VAAT;1070;Identificação do percentual aplicado no pagamento da remuneração dos profissionais da educação básica em efetivo exercício
Rio Tinto;201163;Prefeitura Municipal de Rio Tinto;112025;2025;17155001;Transferências de Recursos de Complementação da União ao Fundeb – VAAT - Principal;Lançamento de Receita;193.809,83;542;Transferências do FUNDEB - Complementação da União - VAAT;"Não ";Não Aplicável
Rio Tinto;201163;Prefeitura Municipal de Rio Tinto;102025;2025;17155001;Transferências de Recursos de Complementação da União ao Fundeb – VAAT - Principal;Lançamento de Receita;193.809,83;542;Transferências do FUNDEB - Complementação da União - VAAT;"Não ";Não Aplicável
Rio Tinto;201163;Prefeitura Municipal de Rio Tinto;102025;2025;17155001;Transferências de Recursos de Complementação da União ao Fundeb – VAAT - Principal;Lançamento de Receita;498.368,12;542;Transferências do FUNDEB - Complementação da União - VAAT;1070;Identificação do percentual aplicado no pagamento da remuneração dos profissionais da educação básica em efetivo exercício
Rio Tinto;201163;Prefeitura Municipal de Rio Tinto;092025;2025;17155001;Transferências de Recursos de Complementação da União ao Fundeb – VAAT - Principal;Lançamento de Receita;193.959,46;542;Transferências do FUNDEB - Complementação da União - VAAT;"Não ";Não Aplicável
Rio Tinto;201163;Prefeitura Municipal de Rio Tinto;092025;2025;17155001;Transferências de Recursos de Complementação da União ao Fundeb – VAAT - Principal;Lançamento de Receita;498.752,91;542;Transferências do FUNDEB - Complementação da União - VAAT;1070;Identificação do percentual aplicado no pagamento da remuneração dos profissionais da educação básica em efetivo exercício
Rio Tinto;201163;Prefeitura Municipal de Rio Tinto;082025;2025;17155001;Transferências de Recursos de Complementação da União ao Fundeb – VAAT - Principal;Lançamento de Receita;530.671,54;542;Transferências do FUNDEB - Complementação da União - VAAT;1070;Identificação do percentual aplicado no pagamento da remuneração dos profissionais da educação básica em efetivo exercício
Rio Tinto;201163;Prefeitura Municipal de Rio Tinto;082025;2025;17155001;Transferências de Recursos de Complementação da União ao Fundeb – VAAT - Principal;Lançamento de Receita;206.372,27;542;Transferências do FUNDEB - Complementação da União - VAAT;"Não ";Não Aplicável
Rio Tinto;201163;Prefeitura Municipal de Rio Tinto;072025;2025;17155001;Transferências de Recursos de Complementação da União ao Fundeb – VAAT - Principal;Lançamento de Receita;201.331,08;542;Transferências do FUNDEB - Complementação da União - VAAT;"Não ";Não Aplicável
Rio Tinto;201163;Prefeitura Municipal de Rio Tinto;072025;2025;17155001;Transferências de Recursos de Complementação da União ao Fundeb – VAAT - Principal;Lançamento de Receita;517.708,49;542;Transferências do FUNDEB - Complementação da União - VAAT;1070;Identificação do percentual aplicado no pagamento da remuneração dos profissionais da educação básica em efetivo exercício
Rio Tinto;201163;Prefeitura Municipal de Rio Tinto;062025;2025;17155001;Transferências de Recursos de Complementação da União ao Fundeb – VAAT - Principal;Lançamento de Receita;201.331,08;542;Transferências do FUNDEB - Complementação da União - VAAT;"Não ";Não Aplicável
Rio Tinto;201163;Prefeitura Municipal de Rio Tinto;062025;2025;17155001;Transferências de Recursos de Complementação da União ao Fundeb – VAAT - Principal;Lançamento de Receita;517.708,49;542;Transferências do FUNDEB - Complementação da União - VAAT;1070;Identificação do percentual aplicado no pagamento da remuneração dos profissionais da educação básica em efetivo exercício
Rio Tinto;201163;Prefeitura Municipal de Rio Tinto;052025;2025;17155001;Transferências de Recursos de Complementação da União ao Fundeb – VAAT - Principal;Lançamento de Receita;188.432,81;542;Transferências do FUNDEB - Complementação da União - VAAT;"Não ";Não Aplicável
Rio Tinto;201163;Prefeitura Municipal de Rio Tinto;052025;2025;17155001;Transferências de Recursos de Complementação da União ao Fundeb – VAAT - Principal;Lançamento de Receita;484.541,52;542;Transferências do FUNDEB - Complementação da União - VAAT;1070;Identificação do percentual aplicado no pagamento da remuneração dos profissionais da educação básica em efetivo exercício
Rio Tinto;201163;Prefeitura Municipal de Rio Tinto;042025;2025;17155001;Transferências de Recursos de Complementação da União ao Fundeb – VAAT - Principal;Lançamento de Receita;505.155,76;542;Transferências do FUNDEB - Complementação da União - VAAT;1070;Identificação do percentual aplicado no pagamento da remuneração dos profissionais da educação básica em efetivo exercício
Rio Tinto;201163;Prefeitura Municipal de Rio Tinto;042025;2025;17155001;Transferências de Recursos de Complementação da União ao Fundeb – VAAT - Principal;Lançamento de Receita;196.449,46;542;Transferências do FUNDEB - Complementação da União - VAAT;"Não ";Não Aplicável
Rio Tinto;201163;Prefeitura Municipal de Rio Tinto;032025;2025;17155001;Transferências de Recursos de Complementação da União ao Fundeb – VAAT - Principal;Lançamento de Receita;149.357,49;542;Transferências do FUNDEB - Complementação da União - VAAT;"Não ";Não Aplicável
Rio Tinto;201163;Prefeitura Municipal de Rio Tinto;032025;2025;17155001;Transferências de Recursos de Complementação da União ao Fundeb – VAAT - Principal;Lançamento de Receita;384.062,13;542;Transferências do FUNDEB - Complementação da União - VAAT;1070;Identificação do percentual aplicado no pagamento da remuneração dos profissionais da educação básica em efetivo exercício
Rio Tinto;201163;Prefeitura Municipal de Rio Tinto;022025;2025;17155001;Transferências de Recursos de Complementação da União ao Fundeb – VAAT - Principal;Lançamento de Receita;136.911,04;542;Transferências do FUNDEB - Complementação da União - VAAT;"Não ";Não Aplicável
Rio Tinto;201163;Prefeitura Municipal de Rio Tinto;022025;2025;17155001;Transferências de Recursos de Complementação da União ao Fundeb – VAAT - Principal;Lançamento de Receita;352.056,95;542;Transferências do FUNDEB - Complementação da União - VAAT;1070;Identificação do percentual aplicado no pagamento da remuneração dos profissionais da educação básica em efetivo exercício
Rio Tinto;201163;Prefeitura Municipal de Rio Tinto;012025;2025;17155001;Transferências de Recursos de Complementação da União ao Fundeb – VAAT - Principal;Lançamento de Receita;1.021.668,03;542;Transferências do FUNDEB - Complementação da União - VAAT;1070;Identificação do percentual aplicado no pagamento da remuneração dos profissionais da educação básica em efetivo exercício
Rio Tinto;201163;Prefeitura Municipal de Rio Tinto;012025;2025;17155001;Transferências de Recursos de Complementação da União ao Fundeb – VAAT - Principal;Lançamento de Receita;397.315,35;542;Transferências do FUNDEB - Complementação da União - VAAT;"Não ";Não Aplicável
Rio Tinto;201163;Prefeitura Municipal de Rio Tinto;082025;2025;17149901;Outras Transferências Diretas do Fundo Nacional do Desenvolvimento da Educação - FNDE - Principal;Lançamento de Receita;98.739,63;569;Outras Transferências de Recursos do FNDE;"Não ";Não Aplicável
Rio Tinto;201163;Prefeitura Municipal de Rio Tinto;092025;2025;17145301;Transferências referentes ao Programa Nacional de Apoio ao Transporte do Escolar – PNATE - Principal;Lançamento de Receita;143.910,63;553;"Transferências de Recursos do FNDE Referentes ao Programa Nacional de Apoio ao Transporte Escolar (PNATE) ";"Não ";Não Aplicável
Rio Tinto;201163;Prefeitura Municipal de Rio Tinto;032025;2025;17145301;Transferências referentes ao Programa Nacional de Apoio ao Transporte do Escolar – PNATE - Principal;Lançamento de Receita;143.910,63;553;"Transferências de Recursos do FNDE Referentes ao Programa Nacional de Apoio ao Transporte Escolar (PNATE) ";"Não ";Não Aplicável
Rio Tinto;201163;Prefeitura Municipal de Rio Tinto;122025;2025;17145201;Transferências referentes ao Programa Nacional de Alimentação Escolar – PNAE - Principal;Lançamento de Receita;11.508;552;Transferências de Recursos do FNDE Referentes ao Programa Nacional de Alimentação Escolar (PNAE);"Não ";Não Aplicável
Rio Tinto;201163;Prefeitura Municipal de Rio Tinto;092025;2025;17145201;Transferências referentes ao Programa Nacional de Alimentação Escolar – PNAE - Principal;Lançamento de Receita;48.439,5;552;Transferências de Recursos do FNDE Referentes ao Programa Nacional de Alimentação Escolar (PNAE);"Não ";Não Aplicável
Rio Tinto;201163;Prefeitura Municipal de Rio Tinto;082025;2025;17145201;Transferências referentes ao Programa Nacional de Alimentação Escolar – PNAE - Principal;Lançamento de Receita;59.947,5;552;Transferências de Recursos do FNDE Referentes ao Programa Nacional de Alimentação Escolar (PNAE);"Não ";Não Aplicável
Rio Tinto;201163;Prefeitura Municipal de Rio Tinto;072025;2025;17145201;Transferências referentes ao Programa Nacional de Alimentação Escolar – PNAE - Principal;Lançamento de Receita;59.947,5;552;Transferências de Recursos do FNDE Referentes ao Programa Nacional de Alimentação Escolar (PNAE);"Não ";Não Aplicável
Rio Tinto;201163;Prefeitura Municipal de Rio Tinto;062025;2025;17145201;Transferências referentes ao Programa Nacional de Alimentação Escolar – PNAE - Principal;Lançamento de Receita;119.895;552;Transferências de Recursos do FNDE Referentes ao Programa Nacional de Alimentação Escolar (PNAE);"Não ";Não Aplicável
Rio Tinto;201163;Prefeitura Municipal de Rio Tinto;042025;2025;17145201;Transferências referentes ao Programa Nacional de Alimentação Escolar – PNAE - Principal;Lançamento de Receita;59.947,5;552;Transferências de Recursos do FNDE Referentes ao Programa Nacional de Alimentação Escolar (PNAE);"Não ";Não Aplicável
Rio Tinto;201163;Prefeitura Municipal de Rio Tinto;032025;2025;17145201;Transferências referentes ao Programa Nacional de Alimentação Escolar – PNAE - Principal;Lançamento de Receita;59.947,5;552;Transferências de Recursos do FNDE Referentes ao Programa Nacional de Alimentação Escolar (PNAE);"Não ";Não Aplicável
Rio Tinto;201163;Prefeitura Municipal de Rio Tinto;022025;2025;17145201;Transferências referentes ao Programa Nacional de Alimentação Escolar – PNAE - Principal;Lançamento de Receita;59.947,5;552;Transferências de Recursos do FNDE Referentes ao Programa Nacional de Alimentação Escolar (PNAE);"Não ";Não Aplicável
Rio Tinto;201163;Prefeitura Municipal de Rio Tinto;092025;2025;17145101;Transferências Diretas do FNDE referentes ao Programa Dinheiro Direto na Escola – PDDE - Principal;Lançamento de Receita;2.280;551;Transferências de Recursos do FNDE Referentes ao Programa Dinheiro Direto na Escola (PDDE);"Não ";Não Aplicável
Rio Tinto;201163;Prefeitura Municipal de Rio Tinto;052025;2025;17145101;Transferências Diretas do FNDE referentes ao Programa Dinheiro Direto na Escola – PDDE - Principal;Lançamento de Receita;2.280;551;Transferências de Recursos do FNDE Referentes ao Programa Dinheiro Direto na Escola (PDDE);"Não ";Não Aplicável
Rio Tinto;201163;Prefeitura Municipal de Rio Tinto;122025;2025;17145001;Transferências do Salário-Educação - Principal;Lançamento de Receita;146.814,5;550;Transferência do Salário-Educação;"Não ";Não Aplicável
Rio Tinto;201163;Prefeitura Municipal de Rio Tinto;112025;2025;17145001;Transferências do Salário-Educação - Principal;Lançamento de Receita;148.309,58;550;Transferência do Salário-Educação;"Não ";Não Aplicável
Rio Tinto;201163;Prefeitura Municipal de Rio Tinto;102025;2025;17145001;Transferências do Salário-Educação - Principal;Lançamento de Receita;156.448,01;550;Transferência do Salário-Educação;"Não ";Não Aplicável
Rio Tinto;201163;Prefeitura Municipal de Rio Tinto;092025;2025;17145001;Transferências do Salário-Educação - Principal;Lançamento de Receita;141.920,74;550;Transferência do Salário-Educação;"Não ";Não Aplicável
Rio Tinto;201163;Prefeitura Municipal de Rio Tinto;082025;2025;17145001;Transferências do Salário-Educação - Principal;Lançamento de Receita;142.835,73;550;Transferência do Salário-Educação;"Não ";Não Aplicável
Rio Tinto;201163;Prefeitura Municipal de Rio Tinto;072025;2025;17145001;Transferências do Salário-Educação - Principal;Lançamento de Receita;307.505,33;550;Transferência do Salário-Educação;"Não ";Não Aplicável
Rio Tinto;201163;Prefeitura Municipal de Rio Tinto;052025;2025;17145001;Transferências do Salário-Educação - Principal;Lançamento de Receita;146.727,71;550;Transferência do Salário-Educação;"Não ";Não Aplicável
Rio Tinto;201163;Prefeitura Municipal de Rio Tinto;042025;2025;17145001;Transferências do Salário-Educação - Principal;Lançamento de Receita;147.072,53;550;Transferência do Salário-Educação;"Não ";Não Aplicável
Rio Tinto;201163;Prefeitura Municipal de Rio Tinto;032025;2025;17145001;Transferências do Salário-Educação - Principal;Lançamento de Receita;148.479,23;550;Transferência do Salário-Educação;"Não ";Não Aplicável
Rio Tinto;201163;Prefeitura Municipal de Rio Tinto;022025;2025;17145001;Transferências do Salário-Educação - Principal;Lançamento de Receita;148.763,72;550;Transferência do Salário-Educação;"Não ";Não Aplicável
Rio Tinto;201163;Prefeitura Municipal de Rio Tinto;012025;2025;17145001;Transferências do Salário-Educação - Principal;Lançamento de Receita;248.581,18;550;Transferência do Salário-Educação;"Não ";Não Aplicável
Rio Tinto;201163;Prefeitura Municipal de Rio Tinto;122025;2025;17135051;Transferências de Recursos do Bloco de Manutenção das Ações e Serviços Públicos de Saúde – Gestão do SUS - Principal;Lançamento de Receita;406.855,73;605;Assistência financeira da União destinada à complementação ao pagamento dos pisos salariais para profissionais da enfermagem;"Não ";Não Aplicável
Rio Tinto;201163;Prefeitura Municipal de Rio Tinto;112025;2025;17135051;Transferências de Recursos do Bloco de Manutenção das Ações e Serviços Públicos de Saúde – Gestão do SUS - Principal;Lançamento de Receita;138.022,93;605;Assistência financeira da União destinada à complementação ao pagamento dos pisos salariais para profissionais da enfermagem;"Não ";Não Aplicável
Rio Tinto;201163;Prefeitura Municipal de Rio Tinto;102025;2025;17135051;Transferências de Recursos do Bloco de Manutenção das Ações e Serviços Públicos de Saúde – Gestão do SUS - Principal;Lançamento de Receita;137.720,65;605;Assistência financeira da União destinada à complementação ao pagamento dos pisos salariais para profissionais da enfermagem;"Não ";Não Aplicável
Rio Tinto;201163;Prefeitura Municipal de Rio Tinto;082025;2025;17135051;Transferências de Recursos do Bloco de Manutenção das Ações e Serviços Públicos de Saúde – Gestão do SUS - Principal;Lançamento de Receita;162.891,17;605;Assistência financeira da União destinada à complementação ao pagamento dos pisos salariais para profissionais da enfermagem;"Não ";Não Aplicável
Rio Tinto;201163;Prefeitura Municipal de Rio Tinto;072025;2025;17135051;Transferências de Recursos do Bloco de Manutenção das Ações e Serviços Públicos de Saúde – Gestão do SUS - Principal;Lançamento de Receita;249.618,6;605;Assistência financeira da União destinada à complementação ao pagamento dos pisos salariais para profissionais da enfermagem;"Não ";Não Aplicável
Rio Tinto;201163;Prefeitura Municipal de Rio Tinto;062025;2025;17135051;Transferências de Recursos do Bloco de Manutenção das Ações e Serviços Públicos de Saúde – Gestão do SUS - Principal;Lançamento de Receita;118.334,25;605;Assistência financeira da União destinada à complementação ao pagamento dos pisos salariais para profissionais da enfermagem;"Não ";Não Aplicável
Rio Tinto;201163;Prefeitura Municipal de Rio Tinto;052025;2025;17135051;Transferências de Recursos do Bloco de Manutenção das Ações e Serviços Públicos de Saúde – Gestão do SUS - Principal;Lançamento de Receita;116.678,4;605;Assistência financeira da União destinada à complementação ao pagamento dos pisos salariais para profissionais da enfermagem;"Não ";Não Aplicável
Rio Tinto;201163;Prefeitura Municipal de Rio Tinto;042025;2025;17135051;Transferências de Recursos do Bloco de Manutenção das Ações e Serviços Públicos de Saúde – Gestão do SUS - Principal;Lançamento de Receita;116.376,12;605;Assistência financeira da União destinada à complementação ao pagamento dos pisos salariais para profissionais da enfermagem;"Não ";Não Aplicável
Rio Tinto;201163;Prefeitura Municipal de Rio Tinto;032025;2025;17135051;Transferências de Recursos do Bloco de Manutenção das Ações e Serviços Públicos de Saúde – Gestão do SUS - Principal;Lançamento de Receita;122.129,52;605;Assistência financeira da União destinada à complementação ao pagamento dos pisos salariais para profissionais da enfermagem;"Não ";Não Aplicável
Rio Tinto;201163;Prefeitura Municipal de Rio Tinto;022025;2025;17135051;Transferências de Recursos do Bloco de Manutenção das Ações e Serviços Públicos de Saúde – Gestão do SUS - Principal;Lançamento de Receita;123.630,26;605;Assistência financeira da União destinada à complementação ao pagamento dos pisos salariais para profissionais da enfermagem;"Não ";Não Aplicável
Rio Tinto;201163;Prefeitura Municipal de Rio Tinto;012025;2025;17135051;Transferências de Recursos do Bloco de Manutenção das Ações e Serviços Públicos de Saúde – Gestão do SUS - Principal;Lançamento de Receita;127.857,89;605;Assistência financeira da União destinada à complementação ao pagamento dos pisos salariais para profissionais da enfermagem;"Não ";Não Aplicável
Rio Tinto;201163;Prefeitura Municipal de Rio Tinto;122025;2025;17135041;Transferências de Recursos do Bloco de Manutenção das Ações e Serviços Públicos de Saúde – Assistência Farmacêutica - Principal;Lançamento de Receita;24.026,1;600;Transferências Fundo a Fundo de Recursos do SUS provenientes do Governo Federal - Bloco de Manutenção das Ações e Serviços Públicos de Saúde;"Não ";Não Aplicável
Rio Tinto;201163;Prefeitura Municipal de Rio Tinto;112025;2025;17135041;Transferências de Recursos do Bloco de Manutenção das Ações e Serviços Públicos de Saúde – Assistência Farmacêutica - Principal;Lançamento de Receita;24.026,1;600;Transferências Fundo a Fundo de Recursos do SUS provenientes do Governo Federal - Bloco de Manutenção das Ações e Serviços Públicos de Saúde;"Não ";Não Aplicável
Rio Tinto;201163;Prefeitura Municipal de Rio Tinto;102025;2025;17135041;Transferências de Recursos do Bloco de Manutenção das Ações e Serviços Públicos de Saúde – Assistência Farmacêutica - Principal;Lançamento de Receita;24.026,1;600;Transferências Fundo a Fundo de Recursos do SUS provenientes do Governo Federal - Bloco de Manutenção das Ações e Serviços Públicos de Saúde;"Não ";Não Aplicável
Rio Tinto;201163;Prefeitura Municipal de Rio Tinto;092025;2025;17135041;Transferências de Recursos do Bloco de Manutenção das Ações e Serviços Públicos de Saúde – Assistência Farmacêutica - Principal;Lançamento de Receita;37.690,9;600;Transferências Fundo a Fundo de Recursos do SUS provenientes do Governo Federal - Bloco de Manutenção das Ações e Serviços Públicos de Saúde;"Não ";Não Aplicável
Rio Tinto;201163;Prefeitura Municipal de Rio Tinto;082025;2025;17135041;Transferências de Recursos do Bloco de Manutenção das Ações e Serviços Públicos de Saúde – Assistência Farmacêutica - Principal;Lançamento de Receita;36.052,2;600;Transferências Fundo a Fundo de Recursos do SUS provenientes do Governo Federal - Bloco de Manutenção das Ações e Serviços Públicos de Saúde;"Não ";Não Aplicável
Rio Tinto;201163;Prefeitura Municipal de Rio Tinto;062025;2025;17135041;Transferências de Recursos do Bloco de Manutenção das Ações e Serviços Públicos de Saúde – Assistência Farmacêutica - Principal;Lançamento de Receita;15.977,65;600;Transferências Fundo a Fundo de Recursos do SUS provenientes do Governo Federal - Bloco de Manutenção das Ações e Serviços Públicos de Saúde;"Não ";Não Aplicável
Rio Tinto;201163;Prefeitura Municipal de Rio Tinto;052025;2025;17135041;Transferências de Recursos do Bloco de Manutenção das Ações e Serviços Públicos de Saúde – Assistência Farmacêutica - Principal;Lançamento de Receita;44.206,85;600;Transferências Fundo a Fundo de Recursos do SUS provenientes do Governo Federal - Bloco de Manutenção das Ações e Serviços Públicos de Saúde;"Não ";Não Aplicável
Rio Tinto;201163;Prefeitura Municipal de Rio Tinto;042025;2025;17135041;Transferências de Recursos do Bloco de Manutenção das Ações e Serviços Públicos de Saúde – Assistência Farmacêutica - Principal;Lançamento de Receita;15.977,65;600;Transferências Fundo a Fundo de Recursos do SUS provenientes do Governo Federal - Bloco de Manutenção das Ações e Serviços Públicos de Saúde;"Não ";Não Aplicável
Rio Tinto;201163;Prefeitura Municipal de Rio Tinto;032025;2025;17135041;Transferências de Recursos do Bloco de Manutenção das Ações e Serviços Públicos de Saúde – Assistência Farmacêutica - Principal;Lançamento de Receita;6.977,65;600;Transferências Fundo a Fundo de Recursos do SUS provenientes do Governo Federal - Bloco de Manutenção das Ações e Serviços Públicos de Saúde;"Não ";Não Aplicável
Rio Tinto;201163;Prefeitura Municipal de Rio Tinto;022025;2025;17135041;Transferências de Recursos do Bloco de Manutenção das Ações e Serviços Públicos de Saúde – Assistência Farmacêutica - Principal;Lançamento de Receita;40.955,3;600;Transferências Fundo a Fundo de Recursos do SUS provenientes do Governo Federal - Bloco de Manutenção das Ações e Serviços Públicos de Saúde;"Não ";Não Aplicável
Rio Tinto;201163;Prefeitura Municipal de Rio Tinto;122025;2025;17135031;Transferências de Recursos do Bloco de Manutenção das Ações e Serviços Públicos de Saúde – Vigilância em Saúde - Principal;Lançamento de Receita;-2.890,71;540;Transferências do FUNDEB - Impostos e Transferências de Impostos;1070;Identificação do percentual aplicado no pagamento da remuneração dos profissionais da educação básica em efetivo exercício
Rio Tinto;201163;Prefeitura Municipal de Rio Tinto;122025;2025;17135031;Transferências de Recursos do Bloco de Manutenção das Ações e Serviços Públicos de Saúde – Vigilância em Saúde - Principal;Lançamento de Receita;10.071,86;600;Transferências Fundo a Fundo de Recursos do SUS provenientes do Governo Federal - Bloco de Manutenção das Ações e Serviços Públicos de Saúde;"Não ";Não Aplicável
Rio Tinto;201163;Prefeitura Municipal de Rio Tinto;122025;2025;17135031;Transferências de Recursos do Bloco de Manutenção das Ações e Serviços Públicos de Saúde – Vigilância em Saúde - Principal;Lançamento de Receita;-1.124,16;540;Transferências do FUNDEB - Impostos e Transferências de Impostos;"Não ";Não Aplicável
Rio Tinto;201163;Prefeitura Municipal de Rio Tinto;122025;2025;17135031;Transferências de Recursos do Bloco de Manutenção das Ações e Serviços Públicos de Saúde – Vigilância em Saúde - Principal;Lançamento de Receita;37.039,2;604;Transferências provenientes do Governo Federal destinadas ao vencimento dos agentes comunitários de saúde e dos agentes de combate às endemias;"Não ";Não Aplicável
Rio Tinto;201163;Prefeitura Municipal de Rio Tinto;112025;2025;17135031;Transferências de Recursos do Bloco de Manutenção das Ações e Serviços Públicos de Saúde – Vigilância em Saúde - Principal;Lançamento de Receita;12.144;604;Transferências provenientes do Governo Federal destinadas ao vencimento dos agentes comunitários de saúde e dos agentes de combate às endemias;"Não ";Não Aplicável
Rio Tinto;201163;Prefeitura Municipal de Rio Tinto;112025;2025;17135031;Transferências de Recursos do Bloco de Manutenção das Ações e Serviços Públicos de Saúde – Vigilância em Saúde - Principal;Lançamento de Receita;14.186,12;600;Transferências Fundo a Fundo de Recursos do SUS provenientes do Governo Federal - Bloco de Manutenção das Ações e Serviços Públicos de Saúde;"Não ";Não Aplicável
Rio Tinto;201163;Prefeitura Municipal de Rio Tinto;102025;2025;17135031;Transferências de Recursos do Bloco de Manutenção das Ações e Serviços Públicos de Saúde – Vigilância em Saúde - Principal;Lançamento de Receita;12.818,12;600;Transferências Fundo a Fundo de Recursos do SUS provenientes do Governo Federal - Bloco de Manutenção das Ações e Serviços Públicos de Saúde;"Não ";Não Aplicável
Rio Tinto;201163;Prefeitura Municipal de Rio Tinto;102025;2025;17135031;Transferências de Recursos do Bloco de Manutenção das Ações e Serviços Públicos de Saúde – Vigilância em Saúde - Principal;Lançamento de Receita;12.144;604;Transferências provenientes do Governo Federal destinadas ao vencimento dos agentes comunitários de saúde e dos agentes de combate às endemias;"Não ";Não Aplicável
Rio Tinto;201163;Prefeitura Municipal de Rio Tinto;092025;2025;17135031;Transferências de Recursos do Bloco de Manutenção das Ações e Serviços Públicos de Saúde – Vigilância em Saúde - Principal;Lançamento de Receita;14.186,12;600;Transferências Fundo a Fundo de Recursos do SUS provenientes do Governo Federal - Bloco de Manutenção das Ações e Serviços Públicos de Saúde;"Não ";Não Aplicável
Rio Tinto;201163;Prefeitura Municipal de Rio Tinto;092025;2025;17135031;Transferências de Recursos do Bloco de Manutenção das Ações e Serviços Públicos de Saúde – Vigilância em Saúde - Principal;Lançamento de Receita;12.144;604;Transferências provenientes do Governo Federal destinadas ao vencimento dos agentes comunitários de saúde e dos agentes de combate às endemias;"Não ";Não Aplicável
Rio Tinto;201163;Prefeitura Municipal de Rio Tinto;082025;2025;17135031;Transferências de Recursos do Bloco de Manutenção das Ações e Serviços Públicos de Saúde – Vigilância em Saúde - Principal;Lançamento de Receita;16.922,12;600;Transferências Fundo a Fundo de Recursos do SUS provenientes do Governo Federal - Bloco de Manutenção das Ações e Serviços Públicos de Saúde;"Não ";Não Aplicável
Rio Tinto;201163;Prefeitura Municipal de Rio Tinto;082025;2025;17135031;Transferências de Recursos do Bloco de Manutenção das Ações e Serviços Públicos de Saúde – Vigilância em Saúde - Principal;Lançamento de Receita;12.144;604;Transferências provenientes do Governo Federal destinadas ao vencimento dos agentes comunitários de saúde e dos agentes de combate às endemias;"Não ";Não Aplicável
Rio Tinto;201163;Prefeitura Municipal de Rio Tinto;072025;2025;17135031;Transferências de Recursos do Bloco de Manutenção das Ações e Serviços Públicos de Saúde – Vigilância em Saúde - Principal;Lançamento de Receita;31.802,12;600;Transferências Fundo a Fundo de Recursos do SUS provenientes do Governo Federal - Bloco de Manutenção das Ações e Serviços Públicos de Saúde;"Não ";Não Aplicável
Rio Tinto;201163;Prefeitura Municipal de Rio Tinto;072025;2025;17135031;Transferências de Recursos do Bloco de Manutenção das Ações e Serviços Públicos de Saúde – Vigilância em Saúde - Principal;Lançamento de Receita;2.890,71;540;Transferências do FUNDEB - Impostos e Transferências de Impostos;1070;Identificação do percentual aplicado no pagamento da remuneração dos profissionais da educação básica em efetivo exercício
Rio Tinto;201163;Prefeitura Municipal de Rio Tinto;072025;2025;17135031;Transferências de Recursos do Bloco de Manutenção das Ações e Serviços Públicos de Saúde – Vigilância em Saúde - Principal;Lançamento de Receita;1.124,16;540;Transferências do FUNDEB - Impostos e Transferências de Impostos;"Não ";Não Aplicável
Rio Tinto;201163;Prefeitura Municipal de Rio Tinto;062025;2025;17135031;Transferências de Recursos do Bloco de Manutenção das Ações e Serviços Públicos de Saúde – Vigilância em Saúde - Principal;Lançamento de Receita;12.144;604;Transferências provenientes do Governo Federal destinadas ao vencimento dos agentes comunitários de saúde e dos agentes de combate às endemias;"Não ";Não Aplicável
Rio Tinto;201163;Prefeitura Municipal de Rio Tinto;062025;2025;17135031;Transferências de Recursos do Bloco de Manutenção das Ações e Serviços Públicos de Saúde – Vigilância em Saúde - Principal;Lançamento de Receita;8.803,25;600;Transferências Fundo a Fundo de Recursos do SUS provenientes do Governo Federal - Bloco de Manutenção das Ações e Serviços Públicos de Saúde;"Não ";Não Aplicável
Rio Tinto;201163;Prefeitura Municipal de Rio Tinto;052025;2025;17135031;Transferências de Recursos do Bloco de Manutenção das Ações e Serviços Públicos de Saúde – Vigilância em Saúde - Principal;Lançamento de Receita;12.751,2;604;Transferências provenientes do Governo Federal destinadas ao vencimento dos agentes comunitários de saúde e dos agentes de combate às endemias;"Não ";Não Aplicável
Rio Tinto;201163;Prefeitura Municipal de Rio Tinto;052025;2025;17135031;Transferências de Recursos do Bloco de Manutenção das Ações e Serviços Públicos de Saúde – Vigilância em Saúde - Principal;Lançamento de Receita;35.554,54;600;Transferências Fundo a Fundo de Recursos do SUS provenientes do Governo Federal - Bloco de Manutenção das Ações e Serviços Públicos de Saúde;"Não ";Não Aplicável
Rio Tinto;201163;Prefeitura Municipal de Rio Tinto;042025;2025;17135031;Transferências de Recursos do Bloco de Manutenção das Ações e Serviços Públicos de Saúde – Vigilância em Saúde - Principal;Lançamento de Receita;12.144;604;Transferências provenientes do Governo Federal destinadas ao vencimento dos agentes comunitários de saúde e dos agentes de combate às endemias;"Não ";Não Aplicável
Rio Tinto;201163;Prefeitura Municipal de Rio Tinto;042025;2025;17135031;Transferências de Recursos do Bloco de Manutenção das Ações e Serviços Públicos de Saúde – Vigilância em Saúde - Principal;Lançamento de Receita;12.818,12;600;Transferências Fundo a Fundo de Recursos do SUS provenientes do Governo Federal - Bloco de Manutenção das Ações e Serviços Públicos de Saúde;"Não ";Não Aplicável
Rio Tinto;201163;Prefeitura Municipal de Rio Tinto;032025;2025;17135031;Transferências de Recursos do Bloco de Manutenção das Ações e Serviços Públicos de Saúde – Vigilância em Saúde - Principal;Lançamento de Receita;11.536,8;604;Transferências provenientes do Governo Federal destinadas ao vencimento dos agentes comunitários de saúde e dos agentes de combate às endemias;"Não ";Não Aplicável
Rio Tinto;201163;Prefeitura Municipal de Rio Tinto;032025;2025;17135031;Transferências de Recursos do Bloco de Manutenção das Ações e Serviços Públicos de Saúde – Vigilância em Saúde - Principal;Lançamento de Receita;11.875,32;600;Transferências Fundo a Fundo de Recursos do SUS provenientes do Governo Federal - Bloco de Manutenção das Ações e Serviços Públicos de Saúde;"Não ";Não Aplicável
Rio Tinto;201163;Prefeitura Municipal de Rio Tinto;022025;2025;17135031;Transferências de Recursos do Bloco de Manutenção das Ações e Serviços Públicos de Saúde – Vigilância em Saúde - Principal;Lançamento de Receita;11.536,8;604;Transferências provenientes do Governo Federal destinadas ao vencimento dos agentes comunitários de saúde e dos agentes de combate às endemias;"Não ";Não Aplicável
Rio Tinto;201163;Prefeitura Municipal de Rio Tinto;022025;2025;17135031;Transferências de Recursos do Bloco de Manutenção das Ações e Serviços Públicos de Saúde – Vigilância em Saúde - Principal;Lançamento de Receita;13.425,32;600;Transferências Fundo a Fundo de Recursos do SUS provenientes do Governo Federal - Bloco de Manutenção das Ações e Serviços Públicos de Saúde;"Não ";Não Aplicável
Rio Tinto;201163;Prefeitura Municipal de Rio Tinto;012025;2025;17135031;Transferências de Recursos do Bloco de Manutenção das Ações e Serviços Públicos de Saúde – Vigilância em Saúde - Principal;Lançamento de Receita;18.297,91;600;Transferências Fundo a Fundo de Recursos do SUS provenientes do Governo Federal - Bloco de Manutenção das Ações e Serviços Públicos de Saúde;"Não ";Não Aplicável
Rio Tinto;201163;Prefeitura Municipal de Rio Tinto;012025;2025;17135031;Transferências de Recursos do Bloco de Manutenção das Ações e Serviços Públicos de Saúde – Vigilância em Saúde - Principal;Lançamento de Receita;11.536,8;604;Transferências provenientes do Governo Federal destinadas ao vencimento dos agentes comunitários de saúde e dos agentes de combate às endemias;"Não ";Não Aplicável
Rio Tinto;201163;Prefeitura Municipal de Rio Tinto;122025;2025;17135021;Transferências de Recursos do Bloco de Manutenção das Ações e Serviços Públicos de Saúde – Atenção Especializada - Principal;Lançamento de Receita;-18.940,78;540;Transferências do FUNDEB - Impostos e Transferências de Impostos;"Não ";Não Aplicável
Rio Tinto;201163;Prefeitura Municipal de Rio Tinto;122025;2025;17135021;Transferências de Recursos do Bloco de Manutenção das Ações e Serviços Públicos de Saúde – Atenção Especializada - Principal;Lançamento de Receita;500.000;600;Transferências Fundo a Fundo de Recursos do SUS provenientes do Governo Federal - Bloco de Manutenção das Ações e Serviços Públicos de Saúde;3130;Identificação das Transferências da União decorrentes de emendas parlamentares de comissão
Rio Tinto;201163;Prefeitura Municipal de Rio Tinto;122025;2025;17135021;Transferências de Recursos do Bloco de Manutenção das Ações e Serviços Públicos de Saúde – Atenção Especializada - Principal;Lançamento de Receita;400.000;600;Transferências Fundo a Fundo de Recursos do SUS provenientes do Governo Federal - Bloco de Manutenção das Ações e Serviços Públicos de Saúde;3120;Identificação das Transferências da União decorrentes de emendas parlamentares de bancada
Rio Tinto;201163;Prefeitura Municipal de Rio Tinto;122025;2025;17135021;Transferências de Recursos do Bloco de Manutenção das Ações e Serviços Públicos de Saúde – Atenção Especializada - Principal;Lançamento de Receita;-48.704,86;540;Transferências do FUNDEB - Impostos e Transferências de Impostos;1070;Identificação do percentual aplicado no pagamento da remuneração dos profissionais da educação básica em efetivo exercício
Rio Tinto;201163;Prefeitura Municipal de Rio Tinto;122025;2025;17135021;Transferências de Recursos do Bloco de Manutenção das Ações e Serviços Públicos de Saúde – Atenção Especializada - Principal;Lançamento de Receita;152.353,78;600;Transferências Fundo a Fundo de Recursos do SUS provenientes do Governo Federal - Bloco de Manutenção das Ações e Serviços Públicos de Saúde;"Não ";Não Aplicável
Rio Tinto;201163;Prefeitura Municipal de Rio Tinto;112025;2025;17135021;Transferências de Recursos do Bloco de Manutenção das Ações e Serviços Públicos de Saúde – Atenção Especializada - Principal;Lançamento de Receita;84.708,14;600;Transferências Fundo a Fundo de Recursos do SUS provenientes do Governo Federal - Bloco de Manutenção das Ações e Serviços Públicos de Saúde;"Não ";Não Aplicável
Rio Tinto;201163;Prefeitura Municipal de Rio Tinto;102025;2025;17135021;Transferências de Recursos do Bloco de Manutenção das Ações e Serviços Públicos de Saúde – Atenção Especializada - Principal;Lançamento de Receita;84.708,14;600;Transferências Fundo a Fundo de Recursos do SUS provenientes do Governo Federal - Bloco de Manutenção das Ações e Serviços Públicos de Saúde;"Não ";Não Aplicável
Rio Tinto;201163;Prefeitura Municipal de Rio Tinto;092025;2025;17135021;Transferências de Recursos do Bloco de Manutenção das Ações e Serviços Públicos de Saúde – Atenção Especializada - Principal;Lançamento de Receita;84.708,14;600;Transferências Fundo a Fundo de Recursos do SUS provenientes do Governo Federal - Bloco de Manutenção das Ações e Serviços Públicos de Saúde;"Não ";Não Aplicável
Rio Tinto;201163;Prefeitura Municipal de Rio Tinto;082025;2025;17135021;Transferências de Recursos do Bloco de Manutenção das Ações e Serviços Públicos de Saúde – Atenção Especializada - Principal;Lançamento de Receita;250.000;600;Transferências Fundo a Fundo de Recursos do SUS provenientes do Governo Federal - Bloco de Manutenção das Ações e Serviços Públicos de Saúde;3110;Identificação das Transferências da União decorrentes de emendas parlamentares individuais
Rio Tinto;201163;Prefeitura Municipal de Rio Tinto;082025;2025;17135021;Transferências de Recursos do Bloco de Manutenção das Ações e Serviços Públicos de Saúde – Atenção Especializada - Principal;Lançamento de Receita;84.708,14;600;Transferências Fundo a Fundo de Recursos do SUS provenientes do Governo Federal - Bloco de Manutenção das Ações e Serviços Públicos de Saúde;"Não ";Não Aplicável
Rio Tinto;201163;Prefeitura Municipal de Rio Tinto;072025;2025;17135021;Transferências de Recursos do Bloco de Manutenção das Ações e Serviços Públicos de Saúde – Atenção Especializada - Principal;Lançamento de Receita;48.704,86;540;Transferências do FUNDEB - Impostos e Transferências de Impostos;1070;Identificação do percentual aplicado no pagamento da remuneração dos profissionais da educação básica em efetivo exercício
Rio Tinto;201163;Prefeitura Municipal de Rio Tinto;072025;2025;17135021;Transferências de Recursos do Bloco de Manutenção das Ações e Serviços Públicos de Saúde – Atenção Especializada - Principal;Lançamento de Receita;18.940,78;540;Transferências do FUNDEB - Impostos e Transferências de Impostos;"Não ";Não Aplicável
Rio Tinto;201163;Prefeitura Municipal de Rio Tinto;072025;2025;17135021;Transferências de Recursos do Bloco de Manutenção das Ações e Serviços Públicos de Saúde – Atenção Especializada - Principal;Lançamento de Receita;317.062,5;600;Transferências Fundo a Fundo de Recursos do SUS provenientes do Governo Federal - Bloco de Manutenção das Ações e Serviços Públicos de Saúde;"Não ";Não Aplicável
Rio Tinto;201163;Prefeitura Municipal de Rio Tinto;072025;2025;17135021;Transferências de Recursos do Bloco de Manutenção das Ações e Serviços Públicos de Saúde – Atenção Especializada - Principal;Lançamento de Receita;0;600;Transferências Fundo a Fundo de Recursos do SUS provenientes do Governo Federal - Bloco de Manutenção das Ações e Serviços Públicos de Saúde;3110;Identificação das Transferências da União decorrentes de emendas parlamentares individuais
Rio Tinto;201163;Prefeitura Municipal de Rio Tinto;062025;2025;17135021;Transferências de Recursos do Bloco de Manutenção das Ações e Serviços Públicos de Saúde – Atenção Especializada - Principal;Lançamento de Receita;84.708,14;600;Transferências Fundo a Fundo de Recursos do SUS provenientes do Governo Federal - Bloco de Manutenção das Ações e Serviços Públicos de Saúde;"Não ";Não Aplicável
Rio Tinto;201163;Prefeitura Municipal de Rio Tinto;052025;2025;17135021;Transferências de Recursos do Bloco de Manutenção das Ações e Serviços Públicos de Saúde – Atenção Especializada - Principal;Lançamento de Receita;84.708,14;600;Transferências Fundo a Fundo de Recursos do SUS provenientes do Governo Federal - Bloco de Manutenção das Ações e Serviços Públicos de Saúde;"Não ";Não Aplicável
Rio Tinto;201163;Prefeitura Municipal de Rio Tinto;042025;2025;17135021;Transferências de Recursos do Bloco de Manutenção das Ações e Serviços Públicos de Saúde – Atenção Especializada - Principal;Lançamento de Receita;84.708,14;600;Transferências Fundo a Fundo de Recursos do SUS provenientes do Governo Federal - Bloco de Manutenção das Ações e Serviços Públicos de Saúde;"Não ";Não Aplicável
Rio Tinto;201163;Prefeitura Municipal de Rio Tinto;032025;2025;17135021;Transferências de Recursos do Bloco de Manutenção das Ações e Serviços Públicos de Saúde – Atenção Especializada - Principal;Lançamento de Receita;84.708,14;600;Transferências Fundo a Fundo de Recursos do SUS provenientes do Governo Federal - Bloco de Manutenção das Ações e Serviços Públicos de Saúde;"Não ";Não Aplicável
Rio Tinto;201163;Prefeitura Municipal de Rio Tinto;022025;2025;17135021;Transferências de Recursos do Bloco de Manutenção das Ações e Serviços Públicos de Saúde – Atenção Especializada - Principal;Lançamento de Receita;73.793,41;600;Transferências Fundo a Fundo de Recursos do SUS provenientes do Governo Federal - Bloco de Manutenção das Ações e Serviços Públicos de Saúde;"Não ";Não Aplicável
Rio Tinto;201163;Prefeitura Municipal de Rio Tinto;012025;2025;17135021;Transferências de Recursos do Bloco de Manutenção das Ações e Serviços Públicos de Saúde – Atenção Especializada - Principal;Lançamento de Receita;96.047,67;600;Transferências Fundo a Fundo de Recursos do SUS provenientes do Governo Federal - Bloco de Manutenção das Ações e Serviços Públicos de Saúde;"Não ";Não Aplicável
Rio Tinto;201163;Prefeitura Municipal de Rio Tinto;122025;2025;17135011;Transferências de Recursos do Bloco de Manutenção das Ações e Serviços Públicos de Saúde – Atenção Primária - Principal;Lançamento de Receita;340.032;604;Transferências provenientes do Governo Federal destinadas ao vencimento dos agentes comunitários de saúde e dos agentes de combate às endemias;"Não ";Não Aplicável
Rio Tinto;201163;Prefeitura Municipal de Rio Tinto;122025;2025;17135011;Transferências de Recursos do Bloco de Manutenção das Ações e Serviços Públicos de Saúde – Atenção Primária - Principal;Lançamento de Receita;2.458.977,89;600;Transferências Fundo a Fundo de Recursos do SUS provenientes do Governo Federal - Bloco de Manutenção das Ações e Serviços Públicos de Saúde;"Não ";Não Aplicável
Rio Tinto;201163;Prefeitura Municipal de Rio Tinto;112025;2025;17135011;Transferências de Recursos do Bloco de Manutenção das Ações e Serviços Públicos de Saúde – Atenção Primária - Principal;Lançamento de Receita;170.016;604;Transferências provenientes do Governo Federal destinadas ao vencimento dos agentes comunitários de saúde e dos agentes de combate às endemias;"Não ";Não Aplicável
Rio Tinto;201163;Prefeitura Municipal de Rio Tinto;112025;2025;17135011;Transferências de Recursos do Bloco de Manutenção das Ações e Serviços Públicos de Saúde – Atenção Primária - Principal;Lançamento de Receita;-700.000;600;Transferências Fundo a Fundo de Recursos do SUS provenientes do Governo Federal - Bloco de Manutenção das Ações e Serviços Públicos de Saúde;3110;Identificação das Transferências da União decorrentes de emendas parlamentares individuais
Rio Tinto;201163;Prefeitura Municipal de Rio Tinto;112025;2025;17135011;Transferências de Recursos do Bloco de Manutenção das Ações e Serviços Públicos de Saúde – Atenção Primária - Principal;Lançamento de Receita;1.643.361,3;600;Transferências Fundo a Fundo de Recursos do SUS provenientes do Governo Federal - Bloco de Manutenção das Ações e Serviços Públicos de Saúde;"Não ";Não Aplicável
Rio Tinto;201163;Prefeitura Municipal de Rio Tinto;112025;2025;17135011;Transferências de Recursos do Bloco de Manutenção das Ações e Serviços Públicos de Saúde – Atenção Primária - Principal;Lançamento de Receita;250.000;600;Transferências Fundo a Fundo de Recursos do SUS provenientes do Governo Federal - Bloco de Manutenção das Ações e Serviços Públicos de Saúde;3130;Identificação das Transferências da União decorrentes de emendas parlamentares de comissão
Rio Tinto;201163;Prefeitura Municipal de Rio Tinto;102025;2025;17135011;Transferências de Recursos do Bloco de Manutenção das Ações e Serviços Públicos de Saúde – Atenção Primária - Principal;Lançamento de Receita;700.000;600;Transferências Fundo a Fundo de Recursos do SUS provenientes do Governo Federal - Bloco de Manutenção das Ações e Serviços Públicos de Saúde;3110;Identificação das Transferências da União decorrentes de emendas parlamentares individuais
Rio Tinto;201163;Prefeitura Municipal de Rio Tinto;102025;2025;17135011;Transferências de Recursos do Bloco de Manutenção das Ações e Serviços Públicos de Saúde – Atenção Primária - Principal;Lançamento de Receita;170.016;604;Transferências provenientes do Governo Federal destinadas ao vencimento dos agentes comunitários de saúde e dos agentes de combate às endemias;"Não ";Não Aplicável
Rio Tinto;201163;Prefeitura Municipal de Rio Tinto;102025;2025;17135011;Transferências de Recursos do Bloco de Manutenção das Ações e Serviços Públicos de Saúde – Atenção Primária - Principal;Lançamento de Receita;440.361,3;600;Transferências Fundo a Fundo de Recursos do SUS provenientes do Governo Federal - Bloco de Manutenção das Ações e Serviços Públicos de Saúde;"Não ";Não Aplicável
Rio Tinto;201163;Prefeitura Municipal de Rio Tinto;102025;2025;17135011;Transferências de Recursos do Bloco de Manutenção das Ações e Serviços Públicos de Saúde – Atenção Primária - Principal;Lançamento de Receita;450.000;600;Transferências Fundo a Fundo de Recursos do SUS provenientes do Governo Federal - Bloco de Manutenção das Ações e Serviços Públicos de Saúde;3120;Identificação das Transferências da União decorrentes de emendas parlamentares de bancada
Rio Tinto;201163;Prefeitura Municipal de Rio Tinto;092025;2025;17135011;Transferências de Recursos do Bloco de Manutenção das Ações e Serviços Públicos de Saúde – Atenção Primária - Principal;Lançamento de Receita;170.016;604;Transferências provenientes do Governo Federal destinadas ao vencimento dos agentes comunitários de saúde e dos agentes de combate às endemias;"Não ";Não Aplicável
Rio Tinto;201163;Prefeitura Municipal de Rio Tinto;092025;2025;17135011;Transferências de Recursos do Bloco de Manutenção das Ações e Serviços Públicos de Saúde – Atenção Primária - Principal;Lançamento de Receita;459.991,5;600;Transferências Fundo a Fundo de Recursos do SUS provenientes do Governo Federal - Bloco de Manutenção das Ações e Serviços Públicos de Saúde;"Não ";Não Aplicável
Rio Tinto;201163;Prefeitura Municipal de Rio Tinto;082025;2025;17135011;Transferências de Recursos do Bloco de Manutenção das Ações e Serviços Públicos de Saúde – Atenção Primária - Principal;Lançamento de Receita;170.016;604;Transferências provenientes do Governo Federal destinadas ao vencimento dos agentes comunitários de saúde e dos agentes de combate às endemias;"Não ";Não Aplicável
Rio Tinto;201163;Prefeitura Municipal de Rio Tinto;082025;2025;17135011;Transferências de Recursos do Bloco de Manutenção das Ações e Serviços Públicos de Saúde – Atenção Primária - Principal;Lançamento de Receita;300.000;600;Transferências Fundo a Fundo de Recursos do SUS provenientes do Governo Federal - Bloco de Manutenção das Ações e Serviços Públicos de Saúde;3110;Identificação das Transferências da União decorrentes de emendas parlamentares individuais
Rio Tinto;201163;Prefeitura Municipal de Rio Tinto;082025;2025;17135011;Transferências de Recursos do Bloco de Manutenção das Ações e Serviços Públicos de Saúde – Atenção Primária - Principal;Lançamento de Receita;400.981,77;600;Transferências Fundo a Fundo de Recursos do SUS provenientes do Governo Federal - Bloco de Manutenção das Ações e Serviços Públicos de Saúde;"Não ";Não Aplicável
Rio Tinto;201163;Prefeitura Municipal de Rio Tinto;072025;2025;17135011;Transferências de Recursos do Bloco de Manutenção das Ações e Serviços Públicos de Saúde – Atenção Primária - Principal;Lançamento de Receita;170.016;604;Transferências provenientes do Governo Federal destinadas ao vencimento dos agentes comunitários de saúde e dos agentes de combate às endemias;"Não ";Não Aplicável
Rio Tinto;201163;Prefeitura Municipal de Rio Tinto;072025;2025;17135011;Transferências de Recursos do Bloco de Manutenção das Ações e Serviços Públicos de Saúde – Atenção Primária - Principal;Lançamento de Receita;482.549,5;600;Transferências Fundo a Fundo de Recursos do SUS provenientes do Governo Federal - Bloco de Manutenção das Ações e Serviços Públicos de Saúde;"Não ";Não Aplicável
Rio Tinto;201163;Prefeitura Municipal de Rio Tinto;062025;2025;17135011;Transferências de Recursos do Bloco de Manutenção das Ações e Serviços Públicos de Saúde – Atenção Primária - Principal;Lançamento de Receita;435.953,17;600;Transferências Fundo a Fundo de Recursos do SUS provenientes do Governo Federal - Bloco de Manutenção das Ações e Serviços Públicos de Saúde;"Não ";Não Aplicável
Rio Tinto;201163;Prefeitura Municipal de Rio Tinto;062025;2025;17135011;Transferências de Recursos do Bloco de Manutenção das Ações e Serviços Públicos de Saúde – Atenção Primária - Principal;Lançamento de Receita;170.016;604;Transferências provenientes do Governo Federal destinadas ao vencimento dos agentes comunitários de saúde e dos agentes de combate às endemias;"Não ";Não Aplicável
Rio Tinto;201163;Prefeitura Municipal de Rio Tinto;052025;2025;17135011;Transferências de Recursos do Bloco de Manutenção das Ações e Serviços Públicos de Saúde – Atenção Primária - Principal;Lançamento de Receita;449.200,06;600;Transferências Fundo a Fundo de Recursos do SUS provenientes do Governo Federal - Bloco de Manutenção das Ações e Serviços Públicos de Saúde;"Não ";Não Aplicável
Rio Tinto;201163;Prefeitura Municipal de Rio Tinto;052025;2025;17135011;Transferências de Recursos do Bloco de Manutenção das Ações e Serviços Públicos de Saúde – Atenção Primária - Principal;Lançamento de Receita;170.016;604;Transferências provenientes do Governo Federal destinadas ao vencimento dos agentes comunitários de saúde e dos agentes de combate às endemias;"Não ";Não Aplicável
Rio Tinto;201163;Prefeitura Municipal de Rio Tinto;042025;2025;17135011;Transferências de Recursos do Bloco de Manutenção das Ações e Serviços Públicos de Saúde – Atenção Primária - Principal;Lançamento de Receita;479.296,11;600;Transferências Fundo a Fundo de Recursos do SUS provenientes do Governo Federal - Bloco de Manutenção das Ações e Serviços Públicos de Saúde;"Não ";Não Aplicável
Rio Tinto;201163;Prefeitura Municipal de Rio Tinto;042025;2025;17135011;Transferências de Recursos do Bloco de Manutenção das Ações e Serviços Públicos de Saúde – Atenção Primária - Principal;Lançamento de Receita;160.908;604;Transferências provenientes do Governo Federal destinadas ao vencimento dos agentes comunitários de saúde e dos agentes de combate às endemias;"Não ";Não Aplicável
Rio Tinto;201163;Prefeitura Municipal de Rio Tinto;032025;2025;17135011;Transferências de Recursos do Bloco de Manutenção das Ações e Serviços Públicos de Saúde – Atenção Primária - Principal;Lançamento de Receita;166.980;604;Transferências provenientes do Governo Federal destinadas ao vencimento dos agentes comunitários de saúde e dos agentes de combate às endemias;"Não ";Não Aplicável
Rio Tinto;201163;Prefeitura Municipal de Rio Tinto;032025;2025;17135011;Transferências de Recursos do Bloco de Manutenção das Ações e Serviços Públicos de Saúde – Atenção Primária - Principal;Lançamento de Receita;443.320,11;600;Transferências Fundo a Fundo de Recursos do SUS provenientes do Governo Federal - Bloco de Manutenção das Ações e Serviços Públicos de Saúde;"Não ";Não Aplicável
Rio Tinto;201163;Prefeitura Municipal de Rio Tinto;022025;2025;17135011;Transferências de Recursos do Bloco de Manutenção das Ações e Serviços Públicos de Saúde – Atenção Primária - Principal;Lançamento de Receita;166.980;604;Transferências provenientes do Governo Federal destinadas ao vencimento dos agentes comunitários de saúde e dos agentes de combate às endemias;"Não ";Não Aplicável
Rio Tinto;201163;Prefeitura Municipal de Rio Tinto;022025;2025;17135011;Transferências de Recursos do Bloco de Manutenção das Ações e Serviços Públicos de Saúde – Atenção Primária - Principal;Lançamento de Receita;471.442,13;600;Transferências Fundo a Fundo de Recursos do SUS provenientes do Governo Federal - Bloco de Manutenção das Ações e Serviços Públicos de Saúde;"Não ";Não Aplicável
Rio Tinto;201163;Prefeitura Municipal de Rio Tinto;012025;2025;17135011;Transferências de Recursos do Bloco de Manutenção das Ações e Serviços Públicos de Saúde – Atenção Primária - Principal;Lançamento de Receita;166.980;604;Transferências provenientes do Governo Federal destinadas ao vencimento dos agentes comunitários de saúde e dos agentes de combate às endemias;"Não ";Não Aplicável
Rio Tinto;201163;Prefeitura Municipal de Rio Tinto;012025;2025;17135011;Transferências de Recursos do Bloco de Manutenção das Ações e Serviços Públicos de Saúde – Atenção Primária - Principal;Lançamento de Receita;485.344,26;600;Transferências Fundo a Fundo de Recursos do SUS provenientes do Governo Federal - Bloco de Manutenção das Ações e Serviços Públicos de Saúde;"Não ";Não Aplicável
Rio Tinto;201163;Prefeitura Municipal de Rio Tinto;122025;2025;17125241;Cota-Parte do Fundo Especial do Petróleo – FEP - Principal;Lançamento de Receita;73.139,05;500;Recursos não vinculados de Impostos;"Não ";Não Aplicável
Rio Tinto;201163;Prefeitura Municipal de Rio Tinto;112025;2025;17125241;Cota-Parte do Fundo Especial do Petróleo – FEP - Principal;Lançamento de Receita;64.788,08;500;Recursos não vinculados de Impostos;"Não ";Não Aplicável
Rio Tinto;201163;Prefeitura Municipal de Rio Tinto;102025;2025;17125241;Cota-Parte do Fundo Especial do Petróleo – FEP - Principal;Lançamento de Receita;67.833,64;500;Recursos não vinculados de Impostos;"Não ";Não Aplicável
Rio Tinto;201163;Prefeitura Municipal de Rio Tinto;092025;2025;17125241;Cota-Parte do Fundo Especial do Petróleo – FEP - Principal;Lançamento de Receita;77.459,56;500;Recursos não vinculados de Impostos;"Não ";Não Aplicável
Rio Tinto;201163;Prefeitura Municipal de Rio Tinto;082025;2025;17125241;Cota-Parte do Fundo Especial do Petróleo – FEP - Principal;Lançamento de Receita;72.429,16;500;Recursos não vinculados de Impostos;"Não ";Não Aplicável
Rio Tinto;201163;Prefeitura Municipal de Rio Tinto;072025;2025;17125241;Cota-Parte do Fundo Especial do Petróleo – FEP - Principal;Lançamento de Receita;67.539,36;500;Recursos não vinculados de Impostos;"Não ";Não Aplicável
Rio Tinto;201163;Prefeitura Municipal de Rio Tinto;062025;2025;17125241;Cota-Parte do Fundo Especial do Petróleo – FEP - Principal;Lançamento de Receita;65.076,33;500;Recursos não vinculados de Impostos;"Não ";Não Aplicável
Rio Tinto;201163;Prefeitura Municipal de Rio Tinto;052025;2025;17125241;Cota-Parte do Fundo Especial do Petróleo – FEP - Principal;Lançamento de Receita;75.678,8;500;Recursos não vinculados de Impostos;"Não ";Não Aplicável
Rio Tinto;201163;Prefeitura Municipal de Rio Tinto;042025;2025;17125241;Cota-Parte do Fundo Especial do Petróleo – FEP - Principal;Lançamento de Receita;64.880,35;500;Recursos não vinculados de Impostos;"Não ";Não Aplicável
Rio Tinto;201163;Prefeitura Municipal de Rio Tinto;032025;2025;17125241;Cota-Parte do Fundo Especial do Petróleo – FEP - Principal;Lançamento de Receita;84.201,7;500;Recursos não vinculados de Impostos;"Não ";Não Aplicável
Rio Tinto;201163;Prefeitura Municipal de Rio Tinto;022025;2025;17125241;Cota-Parte do Fundo Especial do Petróleo – FEP - Principal;Lançamento de Receita;79.094,99;500;Recursos não vinculados de Impostos;"Não ";Não Aplicável
Rio Tinto;201163;Prefeitura Municipal de Rio Tinto;012025;2025;17125241;Cota-Parte do Fundo Especial do Petróleo – FEP - Principal;Lançamento de Receita;65.559,67;500;Recursos não vinculados de Impostos;"Não ";Não Aplicável
Rio Tinto;201163;Prefeitura Municipal de Rio Tinto;122025;2025;17125101;Cota-parte da Compensação Financeira pela Exploração de Recursos Minerais - CFEM - Principal;Lançamento de Receita;134.361,17;500;Recursos não vinculados de Impostos;"Não ";Não Aplicável
Rio Tinto;201163;Prefeitura Municipal de Rio Tinto;112025;2025;17125101;Cota-parte da Compensação Financeira pela Exploração de Recursos Minerais - CFEM - Principal;Lançamento de Receita;61.683,71;500;Recursos não vinculados de Impostos;"Não ";Não Aplicável
Rio Tinto;201163;Prefeitura Municipal de Rio Tinto;042025;2025;17125101;Cota-parte da Compensação Financeira pela Exploração de Recursos Minerais - CFEM - Principal;Lançamento de Receita;59,06;500;Recursos não vinculados de Impostos;"Não ";Não Aplicável
Rio Tinto;201163;Prefeitura Municipal de Rio Tinto;032025;2025;17125101;Cota-parte da Compensação Financeira pela Exploração de Recursos Minerais - CFEM - Principal;Lançamento de Receita;49,43;500;Recursos não vinculados de Impostos;"Não ";Não Aplicável
Rio Tinto;201163;Prefeitura Municipal de Rio Tinto;122025;2025;17115201;Cota-Parte do Imposto Sobre a Propriedade Territorial Rural - Principal;Lançamento de Receita;477,2;500;Recursos não vinculados de Impostos;1001;Identificação das despesas com manutenção e desenvolvimento do ensino
Rio Tinto;201163;Prefeitura Municipal de Rio Tinto;122025;2025;17115201;Cota-Parte do Imposto Sobre a Propriedade Territorial Rural - Principal;Dedução do Fundeb;-353,47;500;Recursos não vinculados de Impostos;1001;Identificação das despesas com manutenção e desenvolvimento do ensino
Rio Tinto;201163;Prefeitura Municipal de Rio Tinto;122025;2025;17115201;Cota-Parte do Imposto Sobre a Propriedade Territorial Rural - Principal;Lançamento de Receita;954,4;500;Recursos não vinculados de Impostos;"Não ";Não Aplicável
Rio Tinto;201163;Prefeitura Municipal de Rio Tinto;122025;2025;17115201;Cota-Parte do Imposto Sobre a Propriedade Territorial Rural - Principal;Lançamento de Receita;335,8;500;Recursos não vinculados de Impostos;1002;Identificação das despesas com ações e serviços públicos de saúde
Rio Tinto;201163;Prefeitura Municipal de Rio Tinto;112025;2025;17115201;Cota-Parte do Imposto Sobre a Propriedade Territorial Rural - Principal;Lançamento de Receita;4.615,04;500;Recursos não vinculados de Impostos;1001;Identificação das despesas com manutenção e desenvolvimento do ensino
Rio Tinto;201163;Prefeitura Municipal de Rio Tinto;112025;2025;17115201;Cota-Parte do Imposto Sobre a Propriedade Territorial Rural - Principal;Lançamento de Receita;3.247,62;500;Recursos não vinculados de Impostos;1002;Identificação das despesas com ações e serviços públicos de saúde
Rio Tinto;201163;Prefeitura Municipal de Rio Tinto;112025;2025;17115201;Cota-Parte do Imposto Sobre a Propriedade Territorial Rural - Principal;Lançamento de Receita;9.230,08;500;Recursos não vinculados de Impostos;"Não ";Não Aplicável
Rio Tinto;201163;Prefeitura Municipal de Rio Tinto;112025;2025;17115201;Cota-Parte do Imposto Sobre a Propriedade Territorial Rural - Principal;Dedução do Fundeb;-3.418,54;500;Recursos não vinculados de Impostos;1001;Identificação das despesas com manutenção e desenvolvimento do ensino
Rio Tinto;201163;Prefeitura Municipal de Rio Tinto;102025;2025;17115201;Cota-Parte do Imposto Sobre a Propriedade Territorial Rural - Principal;Dedução do Fundeb;-15.142,7;500;Recursos não vinculados de Impostos;1001;Identificação das despesas com manutenção e desenvolvimento do ensino
Rio Tinto;201163;Prefeitura Municipal de Rio Tinto;102025;2025;17115201;Cota-Parte do Imposto Sobre a Propriedade Territorial Rural - Principal;Lançamento de Receita;20.442,66;500;Recursos não vinculados de Impostos;1001;Identificação das despesas com manutenção e desenvolvimento do ensino
Rio Tinto;201163;Prefeitura Municipal de Rio Tinto;102025;2025;17115201;Cota-Parte do Imposto Sobre a Propriedade Territorial Rural - Principal;Lançamento de Receita;14.385,58;500;Recursos não vinculados de Impostos;1002;Identificação das despesas com ações e serviços públicos de saúde
Rio Tinto;201163;Prefeitura Municipal de Rio Tinto;102025;2025;17115201;Cota-Parte do Imposto Sobre a Propriedade Territorial Rural - Principal;Lançamento de Receita;40.885,33;500;Recursos não vinculados de Impostos;"Não ";Não Aplicável
Rio Tinto;201163;Prefeitura Municipal de Rio Tinto;092025;2025;17115201;Cota-Parte do Imposto Sobre a Propriedade Territorial Rural - Principal;Lançamento de Receita;3.970,95;500;Recursos não vinculados de Impostos;"Não ";Não Aplicável
Rio Tinto;201163;Prefeitura Municipal de Rio Tinto;092025;2025;17115201;Cota-Parte do Imposto Sobre a Propriedade Territorial Rural - Principal;Lançamento de Receita;1.397,19;500;Recursos não vinculados de Impostos;1002;Identificação das despesas com ações e serviços públicos de saúde
Rio Tinto;201163;Prefeitura Municipal de Rio Tinto;092025;2025;17115201;Cota-Parte do Imposto Sobre a Propriedade Territorial Rural - Principal;Dedução do Fundeb;-1.470,71;500;Recursos não vinculados de Impostos;1001;Identificação das despesas com manutenção e desenvolvimento do ensino
Rio Tinto;201163;Prefeitura Municipal de Rio Tinto;092025;2025;17115201;Cota-Parte do Imposto Sobre a Propriedade Territorial Rural - Principal;Lançamento de Receita;1.985,47;500;Recursos não vinculados de Impostos;1001;Identificação das despesas com manutenção e desenvolvimento do ensino
Rio Tinto;201163;Prefeitura Municipal de Rio Tinto;082025;2025;17115201;Cota-Parte do Imposto Sobre a Propriedade Territorial Rural - Principal;Lançamento de Receita;367,11;500;Recursos não vinculados de Impostos;1002;Identificação das despesas com ações e serviços públicos de saúde
Rio Tinto;201163;Prefeitura Municipal de Rio Tinto;082025;2025;17115201;Cota-Parte do Imposto Sobre a Propriedade Territorial Rural - Principal;Lançamento de Receita;521,69;500;Recursos não vinculados de Impostos;1001;Identificação das despesas com manutenção e desenvolvimento do ensino
Rio Tinto;201163;Prefeitura Municipal de Rio Tinto;082025;2025;17115201;Cota-Parte do Imposto Sobre a Propriedade Territorial Rural - Principal;Dedução do Fundeb;-386,43;500;Recursos não vinculados de Impostos;1001;Identificação das despesas com manutenção e desenvolvimento do ensino
Rio Tinto;201163;Prefeitura Municipal de Rio Tinto;082025;2025;17115201;Cota-Parte do Imposto Sobre a Propriedade Territorial Rural - Principal;Lançamento de Receita;1.043,37;500;Recursos não vinculados de Impostos;"Não ";Não Aplicável
Rio Tinto;201163;Prefeitura Municipal de Rio Tinto;062025;2025;17115201;Cota-Parte do Imposto Sobre a Propriedade Territorial Rural - Principal;Lançamento de Receita;286,33;500;Recursos não vinculados de Impostos;"Não ";Não Aplicável
Rio Tinto;201163;Prefeitura Municipal de Rio Tinto;062025;2025;17115201;Cota-Parte do Imposto Sobre a Propriedade Territorial Rural - Principal;Dedução do Fundeb;-106,05;500;Recursos não vinculados de Impostos;1001;Identificação das despesas com manutenção e desenvolvimento do ensino
Rio Tinto;201163;Prefeitura Municipal de Rio Tinto;062025;2025;17115201;Cota-Parte do Imposto Sobre a Propriedade Territorial Rural - Principal;Lançamento de Receita;100,75;500;Recursos não vinculados de Impostos;1002;Identificação das despesas com ações e serviços públicos de saúde
Rio Tinto;201163;Prefeitura Municipal de Rio Tinto;062025;2025;17115201;Cota-Parte do Imposto Sobre a Propriedade Territorial Rural - Principal;Lançamento de Receita;143,17;500;Recursos não vinculados de Impostos;1001;Identificação das despesas com manutenção e desenvolvimento do ensino
Rio Tinto;201163;Prefeitura Municipal de Rio Tinto;052025;2025;17115201;Cota-Parte do Imposto Sobre a Propriedade Territorial Rural - Principal;Lançamento de Receita;151,09;500;Recursos não vinculados de Impostos;1001;Identificação das despesas com manutenção e desenvolvimento do ensino
Rio Tinto;201163;Prefeitura Municipal de Rio Tinto;052025;2025;17115201;Cota-Parte do Imposto Sobre a Propriedade Territorial Rural - Principal;Lançamento de Receita;302,2;500;Recursos não vinculados de Impostos;"Não ";Não Aplicável
Rio Tinto;201163;Prefeitura Municipal de Rio Tinto;052025;2025;17115201;Cota-Parte do Imposto Sobre a Propriedade Territorial Rural - Principal;Lançamento de Receita;106,33;500;Recursos não vinculados de Impostos;1002;Identificação das despesas com ações e serviços públicos de saúde
Rio Tinto;201163;Prefeitura Municipal de Rio Tinto;052025;2025;17115201;Cota-Parte do Imposto Sobre a Propriedade Territorial Rural - Principal;Dedução do Fundeb;-111,91;500;Recursos não vinculados de Impostos;1001;Identificação das despesas com manutenção e desenvolvimento do ensino
Rio Tinto;201163;Prefeitura Municipal de Rio Tinto;042025;2025;17115201;Cota-Parte do Imposto Sobre a Propriedade Territorial Rural - Principal;Lançamento de Receita;131,46;500;Recursos não vinculados de Impostos;1002;Identificação das despesas com ações e serviços públicos de saúde
Rio Tinto;201163;Prefeitura Municipal de Rio Tinto;042025;2025;17115201;Cota-Parte do Imposto Sobre a Propriedade Territorial Rural - Principal;Lançamento de Receita;186,81;500;Recursos não vinculados de Impostos;1001;Identificação das despesas com manutenção e desenvolvimento do ensino
Rio Tinto;201163;Prefeitura Municipal de Rio Tinto;042025;2025;17115201;Cota-Parte do Imposto Sobre a Propriedade Territorial Rural - Principal;Dedução do Fundeb;-138,36;500;Recursos não vinculados de Impostos;1001;Identificação das despesas com manutenção e desenvolvimento do ensino
Rio Tinto;201163;Prefeitura Municipal de Rio Tinto;042025;2025;17115201;Cota-Parte do Imposto Sobre a Propriedade Territorial Rural - Principal;Lançamento de Receita;373,61;500;Recursos não vinculados de Impostos;"Não ";Não Aplicável
Rio Tinto;201163;Prefeitura Municipal de Rio Tinto;032025;2025;17115201;Cota-Parte do Imposto Sobre a Propriedade Territorial Rural - Principal;Lançamento de Receita;90,89;500;Recursos não vinculados de Impostos;1002;Identificação das despesas com ações e serviços públicos de saúde
Rio Tinto;201163;Prefeitura Municipal de Rio Tinto;032025;2025;17115201;Cota-Parte do Imposto Sobre a Propriedade Territorial Rural - Principal;Lançamento de Receita;258,34;500;Recursos não vinculados de Impostos;"Não ";Não Aplicável
Rio Tinto;201163;Prefeitura Municipal de Rio Tinto;032025;2025;17115201;Cota-Parte do Imposto Sobre a Propriedade Territorial Rural - Principal;Dedução do Fundeb;-95,67;500;Recursos não vinculados de Impostos;1001;Identificação das despesas com manutenção e desenvolvimento do ensino
Rio Tinto;201163;Prefeitura Municipal de Rio Tinto;032025;2025;17115201;Cota-Parte do Imposto Sobre a Propriedade Territorial Rural - Principal;Lançamento de Receita;129,18;500;Recursos não vinculados de Impostos;1001;Identificação das despesas com manutenção e desenvolvimento do ensino
Rio Tinto;201163;Prefeitura Municipal de Rio Tinto;022025;2025;17115201;Cota-Parte do Imposto Sobre a Propriedade Territorial Rural - Principal;Lançamento de Receita;127,8;500;Recursos não vinculados de Impostos;1001;Identificação das despesas com manutenção e desenvolvimento do ensino
Rio Tinto;201163;Prefeitura Municipal de Rio Tinto;022025;2025;17115201;Cota-Parte do Imposto Sobre a Propriedade Territorial Rural - Principal;Lançamento de Receita;89,92;500;Recursos não vinculados de Impostos;1002;Identificação das despesas com ações e serviços públicos de saúde
Rio Tinto;201163;Prefeitura Municipal de Rio Tinto;022025;2025;17115201;Cota-Parte do Imposto Sobre a Propriedade Territorial Rural - Principal;Lançamento de Receita;255,59;500;Recursos não vinculados de Impostos;"Não ";Não Aplicável
Rio Tinto;201163;Prefeitura Municipal de Rio Tinto;022025;2025;17115201;Cota-Parte do Imposto Sobre a Propriedade Territorial Rural - Principal;Dedução do Fundeb;-94,65;500;Recursos não vinculados de Impostos;1001;Identificação das despesas com manutenção e desenvolvimento do ensino
Rio Tinto;201163;Prefeitura Municipal de Rio Tinto;012025;2025;17115201;Cota-Parte do Imposto Sobre a Propriedade Territorial Rural - Principal;Lançamento de Receita;645,49;500;Recursos não vinculados de Impostos;"Não ";Não Aplicável
Rio Tinto;201163;Prefeitura Municipal de Rio Tinto;012025;2025;17115201;Cota-Parte do Imposto Sobre a Propriedade Territorial Rural - Principal;Lançamento de Receita;322,75;500;Recursos não vinculados de Impostos;1001;Identificação das despesas com manutenção e desenvolvimento do ensino
Rio Tinto;201163;Prefeitura Municipal de Rio Tinto;012025;2025;17115201;Cota-Parte do Imposto Sobre a Propriedade Territorial Rural - Principal;Lançamento de Receita;227,12;500;Recursos não vinculados de Impostos;1002;Identificação das despesas com ações e serviços públicos de saúde
Rio Tinto;201163;Prefeitura Municipal de Rio Tinto;012025;2025;17115201;Cota-Parte do Imposto Sobre a Propriedade Territorial Rural - Principal;Dedução do Fundeb;-239,06;500;Recursos não vinculados de Impostos;1001;Identificação das despesas com manutenção e desenvolvimento do ensino
Rio Tinto;201163;Prefeitura Municipal de Rio Tinto;122025;2025;17115121;Cota-Parte do Fundo de Participação dos Municípios - Cotas Extraordinárias - Principal;Lançamento de Receita;1.013.125,18;500;Recursos não vinculados de Impostos;"Não ";Não Aplicável
Rio Tinto;201163;Prefeitura Municipal de Rio Tinto;122025;2025;17115121;Cota-Parte do Fundo de Participação dos Municípios - Cotas Extraordinárias - Principal;Lançamento de Receita;506.562,59;500;Recursos não vinculados de Impostos;1001;Identificação das despesas com manutenção e desenvolvimento do ensino
Rio Tinto;201163;Prefeitura Municipal de Rio Tinto;122025;2025;17115121;Cota-Parte do Fundo de Participação dos Municípios - Cotas Extraordinárias - Principal;Lançamento de Receita;356.469,97;500;Recursos não vinculados de Impostos;1002;Identificação das despesas com ações e serviços públicos de saúde
Rio Tinto;201163;Prefeitura Municipal de Rio Tinto;092025;2025;17115121;Cota-Parte do Fundo de Participação dos Municípios - Cotas Extraordinárias - Principal;Lançamento de Receita;419.658,15;500;Recursos não vinculados de Impostos;1001;Identificação das despesas com manutenção e desenvolvimento do ensino
Rio Tinto;201163;Prefeitura Municipal de Rio Tinto;092025;2025;17115121;Cota-Parte do Fundo de Participação dos Municípios - Cotas Extraordinárias - Principal;Lançamento de Receita;839.316,29;500;Recursos não vinculados de Impostos;"Não ";Não Aplicável
Rio Tinto;201163;Prefeitura Municipal de Rio Tinto;092025;2025;17115121;Cota-Parte do Fundo de Participação dos Municípios - Cotas Extraordinárias - Principal;Lançamento de Receita;295.314,99;500;Recursos não vinculados de Impostos;1002;Identificação das despesas com ações e serviços públicos de saúde
Rio Tinto;201163;Prefeitura Municipal de Rio Tinto;072025;2025;17115121;Cota-Parte do Fundo de Participação dos Municípios - Cotas Extraordinárias - Principal;Lançamento de Receita;345.324,69;500;Recursos não vinculados de Impostos;1002;Identificação das despesas com ações e serviços públicos de saúde
Rio Tinto;201163;Prefeitura Municipal de Rio Tinto;072025;2025;17115121;Cota-Parte do Fundo de Participação dos Municípios - Cotas Extraordinárias - Principal;Lançamento de Receita;490.724,56;500;Recursos não vinculados de Impostos;1001;Identificação das despesas com manutenção e desenvolvimento do ensino
Rio Tinto;201163;Prefeitura Municipal de Rio Tinto;072025;2025;17115121;Cota-Parte do Fundo de Participação dos Municípios - Cotas Extraordinárias - Principal;Lançamento de Receita;981.449,12;500;Recursos não vinculados de Impostos;"Não ";Não Aplicável
Rio Tinto;201163;Prefeitura Municipal de Rio Tinto;122025;2025;17115111;Cota-Parte do Fundo de Participação dos Municípios - Cota Mensal - Principal;Lançamento de Receita;1.187.100,98;500;Recursos não vinculados de Impostos;1001;Identificação das despesas com manutenção e desenvolvimento do ensino
Rio Tinto;201163;Prefeitura Municipal de Rio Tinto;122025;2025;17115111;Cota-Parte do Fundo de Participação dos Municípios - Cota Mensal - Principal;Lançamento de Receita;835.367,37;500;Recursos não vinculados de Impostos;1002;Identificação das despesas com ações e serviços públicos de saúde
Rio Tinto;201163;Prefeitura Municipal de Rio Tinto;122025;2025;17115111;Cota-Parte do Fundo de Participação dos Municípios - Cota Mensal - Principal;Dedução do Fundeb;-879.334,33;500;Recursos não vinculados de Impostos;1001;Identificação das despesas com manutenção e desenvolvimento do ensino
Rio Tinto;201163;Prefeitura Municipal de Rio Tinto;122025;2025;17115111;Cota-Parte do Fundo de Participação dos Municípios - Cota Mensal - Principal;Lançamento de Receita;2.374.201,97;500;Recursos não vinculados de Impostos;"Não ";Não Aplicável
Rio Tinto;201163;Prefeitura Municipal de Rio Tinto;112025;2025;17115111;Cota-Parte do Fundo de Participação dos Municípios - Cota Mensal - Principal;Dedução do Fundeb;-779.052,96;500;Recursos não vinculados de Impostos;1001;Identificação das despesas com manutenção e desenvolvimento do ensino
Rio Tinto;201163;Prefeitura Municipal de Rio Tinto;112025;2025;17115111;Cota-Parte do Fundo de Participação dos Municípios - Cota Mensal - Principal;Lançamento de Receita;1.051.721,55;500;Recursos não vinculados de Impostos;1001;Identificação das despesas com manutenção e desenvolvimento do ensino
Rio Tinto;201163;Prefeitura Municipal de Rio Tinto;112025;2025;17115111;Cota-Parte do Fundo de Participação dos Municípios - Cota Mensal - Principal;Lançamento de Receita;740.100,34;500;Recursos não vinculados de Impostos;1002;Identificação das despesas com ações e serviços públicos de saúde
Rio Tinto;201163;Prefeitura Municipal de Rio Tinto;112025;2025;17115111;Cota-Parte do Fundo de Participação dos Municípios - Cota Mensal - Principal;Lançamento de Receita;2.103.443,09;500;Recursos não vinculados de Impostos;"Não ";Não Aplicável
Rio Tinto;201163;Prefeitura Municipal de Rio Tinto;102025;2025;17115111;Cota-Parte do Fundo de Participação dos Municípios - Cota Mensal - Principal;Dedução do Fundeb;-573.111,29;500;Recursos não vinculados de Impostos;1001;Identificação das despesas com manutenção e desenvolvimento do ensino
Rio Tinto;201163;Prefeitura Municipal de Rio Tinto;102025;2025;17115111;Cota-Parte do Fundo de Participação dos Municípios - Cota Mensal - Principal;Lançamento de Receita;544.455,75;500;Recursos não vinculados de Impostos;1002;Identificação das despesas com ações e serviços públicos de saúde
Rio Tinto;201163;Prefeitura Municipal de Rio Tinto;102025;2025;17115111;Cota-Parte do Fundo de Participação dos Municípios - Cota Mensal - Principal;Lançamento de Receita;1.547.400,59;500;Recursos não vinculados de Impostos;"Não ";Não Aplicável
Rio Tinto;201163;Prefeitura Municipal de Rio Tinto;102025;2025;17115111;Cota-Parte do Fundo de Participação dos Municípios - Cota Mensal - Principal;Lançamento de Receita;773.700,3;500;Recursos não vinculados de Impostos;1001;Identificação das despesas com manutenção e desenvolvimento do ensino
Rio Tinto;201163;Prefeitura Municipal de Rio Tinto;092025;2025;17115111;Cota-Parte do Fundo de Participação dos Municípios - Cota Mensal - Principal;Lançamento de Receita;733.973,59;500;Recursos não vinculados de Impostos;1001;Identificação das despesas com manutenção e desenvolvimento do ensino
Rio Tinto;201163;Prefeitura Municipal de Rio Tinto;092025;2025;17115111;Cota-Parte do Fundo de Participação dos Municípios - Cota Mensal - Principal;Lançamento de Receita;516.499,94;500;Recursos não vinculados de Impostos;1002;Identificação das despesas com ações e serviços públicos de saúde
Rio Tinto;201163;Prefeitura Municipal de Rio Tinto;092025;2025;17115111;Cota-Parte do Fundo de Participação dos Municípios - Cota Mensal - Principal;Dedução do Fundeb;-543.684,09;500;Recursos não vinculados de Impostos;1001;Identificação das despesas com manutenção e desenvolvimento do ensino
Rio Tinto;201163;Prefeitura Municipal de Rio Tinto;092025;2025;17115111;Cota-Parte do Fundo de Participação dos Municípios - Cota Mensal - Principal;Lançamento de Receita;1.467.947,19;500;Recursos não vinculados de Impostos;"Não ";Não Aplicável
Rio Tinto;201163;Prefeitura Municipal de Rio Tinto;082025;2025;17115111;Cota-Parte do Fundo de Participação dos Municípios - Cota Mensal - Principal;Lançamento de Receita;909.059,12;500;Recursos não vinculados de Impostos;1001;Identificação das despesas com manutenção e desenvolvimento do ensino
Rio Tinto;201163;Prefeitura Municipal de Rio Tinto;082025;2025;17115111;Cota-Parte do Fundo de Participação dos Municípios - Cota Mensal - Principal;Dedução do Fundeb;-673.377,1;500;Recursos não vinculados de Impostos;1001;Identificação das despesas com manutenção e desenvolvimento do ensino
Rio Tinto;201163;Prefeitura Municipal de Rio Tinto;082025;2025;17115111;Cota-Parte do Fundo de Participação dos Municípios - Cota Mensal - Principal;Lançamento de Receita;639.708,27;500;Recursos não vinculados de Impostos;1002;Identificação das despesas com ações e serviços públicos de saúde
Rio Tinto;201163;Prefeitura Municipal de Rio Tinto;082025;2025;17115111;Cota-Parte do Fundo de Participação dos Municípios - Cota Mensal - Principal;Lançamento de Receita;1.818.118,25;500;Recursos não vinculados de Impostos;"Não ";Não Aplicável
Rio Tinto;201163;Prefeitura Municipal de Rio Tinto;072025;2025;17115111;Cota-Parte do Fundo de Participação dos Municípios - Cota Mensal - Principal;Lançamento de Receita;1.378.041,62;500;Recursos não vinculados de Impostos;"Não ";Não Aplicável
Rio Tinto;201163;Prefeitura Municipal de Rio Tinto;072025;2025;17115111;Cota-Parte do Fundo de Participação dos Municípios - Cota Mensal - Principal;Dedução do Fundeb;-510.385,76;500;Recursos não vinculados de Impostos;1001;Identificação das despesas com manutenção e desenvolvimento do ensino
Rio Tinto;201163;Prefeitura Municipal de Rio Tinto;072025;2025;17115111;Cota-Parte do Fundo de Participação dos Municípios - Cota Mensal - Principal;Lançamento de Receita;689.020,81;500;Recursos não vinculados de Impostos;1001;Identificação das despesas com manutenção e desenvolvimento do ensino
Rio Tinto;201163;Prefeitura Municipal de Rio Tinto;072025;2025;17115111;Cota-Parte do Fundo de Participação dos Municípios - Cota Mensal - Principal;Lançamento de Receita;484.866,49;500;Recursos não vinculados de Impostos;1002;Identificação das despesas com ações e serviços públicos de saúde
Rio Tinto;201163;Prefeitura Municipal de Rio Tinto;062025;2025;17115111;Cota-Parte do Fundo de Participação dos Municípios - Cota Mensal - Principal;Lançamento de Receita;2.244.862,36;500;Recursos não vinculados de Impostos;"Não ";Não Aplicável
Rio Tinto;201163;Prefeitura Municipal de Rio Tinto;062025;2025;17115111;Cota-Parte do Fundo de Participação dos Municípios - Cota Mensal - Principal;Lançamento de Receita;1.122.431,18;500;Recursos não vinculados de Impostos;1001;Identificação das despesas com manutenção e desenvolvimento do ensino
Rio Tinto;201163;Prefeitura Municipal de Rio Tinto;062025;2025;17115111;Cota-Parte do Fundo de Participação dos Municípios - Cota Mensal - Principal;Dedução do Fundeb;-831.430,47;500;Recursos não vinculados de Impostos;1001;Identificação das despesas com manutenção e desenvolvimento do ensino
Rio Tinto;201163;Prefeitura Municipal de Rio Tinto;062025;2025;17115111;Cota-Parte do Fundo de Participação dos Municípios - Cota Mensal - Principal;Lançamento de Receita;789.858,98;500;Recursos não vinculados de Impostos;1002;Identificação das despesas com ações e serviços públicos de saúde
Rio Tinto;201163;Prefeitura Municipal de Rio Tinto;052025;2025;17115111;Cota-Parte do Fundo de Participação dos Municípios - Cota Mensal - Principal;Lançamento de Receita;768.990,57;500;Recursos não vinculados de Impostos;1002;Identificação das despesas com ações e serviços públicos de saúde
Rio Tinto;201163;Prefeitura Municipal de Rio Tinto;052025;2025;17115111;Cota-Parte do Fundo de Participação dos Municípios - Cota Mensal - Principal;Lançamento de Receita;2.185.552,19;500;Recursos não vinculados de Impostos;"Não ";Não Aplicável
Rio Tinto;201163;Prefeitura Municipal de Rio Tinto;052025;2025;17115111;Cota-Parte do Fundo de Participação dos Municípios - Cota Mensal - Principal;Lançamento de Receita;1.092.776,1;500;Recursos não vinculados de Impostos;1001;Identificação das despesas com manutenção e desenvolvimento do ensino
Rio Tinto;201163;Prefeitura Municipal de Rio Tinto;052025;2025;17115111;Cota-Parte do Fundo de Participação dos Municípios - Cota Mensal - Principal;Dedução do Fundeb;-809.463,72;500;Recursos não vinculados de Impostos;1001;Identificação das despesas com manutenção e desenvolvimento do ensino
Rio Tinto;201163;Prefeitura Municipal de Rio Tinto;042025;2025;17115111;Cota-Parte do Fundo de Participação dos Municípios - Cota Mensal - Principal;Lançamento de Receita;602.826,42;500;Recursos não vinculados de Impostos;1002;Identificação das despesas com ações e serviços públicos de saúde
Rio Tinto;201163;Prefeitura Municipal de Rio Tinto;042025;2025;17115111;Cota-Parte do Fundo de Participação dos Municípios - Cota Mensal - Principal;Lançamento de Receita;856.648,09;500;Recursos não vinculados de Impostos;1001;Identificação das despesas com manutenção e desenvolvimento do ensino
Rio Tinto;201163;Prefeitura Municipal de Rio Tinto;042025;2025;17115111;Cota-Parte do Fundo de Participação dos Municípios - Cota Mensal - Principal;Dedução do Fundeb;-634.554,09;500;Recursos não vinculados de Impostos;1001;Identificação das despesas com manutenção e desenvolvimento do ensino
Rio Tinto;201163;Prefeitura Municipal de Rio Tinto;042025;2025;17115111;Cota-Parte do Fundo de Participação dos Municípios - Cota Mensal - Principal;Lançamento de Receita;1.713.296,16;500;Recursos não vinculados de Impostos;"Não ";Não Aplicável
Rio Tinto;201163;Prefeitura Municipal de Rio Tinto;032025;2025;17115111;Cota-Parte do Fundo de Participação dos Municípios - Cota Mensal - Principal;Lançamento de Receita;593.233,46;500;Recursos não vinculados de Impostos;1002;Identificação das despesas com ações e serviços públicos de saúde
Rio Tinto;201163;Prefeitura Municipal de Rio Tinto;032025;2025;17115111;Cota-Parte do Fundo de Participação dos Municípios - Cota Mensal - Principal;Lançamento de Receita;1.686.031,96;500;Recursos não vinculados de Impostos;"Não ";Não Aplicável
Rio Tinto;201163;Prefeitura Municipal de Rio Tinto;032025;2025;17115111;Cota-Parte do Fundo de Participação dos Municípios - Cota Mensal - Principal;Dedução do Fundeb;-624.456,23;500;Recursos não vinculados de Impostos;1001;Identificação das despesas com manutenção e desenvolvimento do ensino
Rio Tinto;201163;Prefeitura Municipal de Rio Tinto;032025;2025;17115111;Cota-Parte do Fundo de Participação dos Municípios - Cota Mensal - Principal;Lançamento de Receita;843.015,97;500;Recursos não vinculados de Impostos;1001;Identificação das despesas com manutenção e desenvolvimento do ensino
Rio Tinto;201163;Prefeitura Municipal de Rio Tinto;022025;2025;17115111;Cota-Parte do Fundo de Participação dos Municípios - Cota Mensal - Principal;Lançamento de Receita;1.280.117,06;500;Recursos não vinculados de Impostos;1001;Identificação das despesas com manutenção e desenvolvimento do ensino
Rio Tinto;201163;Prefeitura Municipal de Rio Tinto;022025;2025;17115111;Cota-Parte do Fundo de Participação dos Municípios - Cota Mensal - Principal;Lançamento de Receita;2.560.234,12;500;Recursos não vinculados de Impostos;"Não ";Não Aplicável
Rio Tinto;201163;Prefeitura Municipal de Rio Tinto;022025;2025;17115111;Cota-Parte do Fundo de Participação dos Municípios - Cota Mensal - Principal;Dedução do Fundeb;-948.234,81;500;Recursos não vinculados de Impostos;1001;Identificação das despesas com manutenção e desenvolvimento do ensino
Rio Tinto;201163;Prefeitura Municipal de Rio Tinto;022025;2025;17115111;Cota-Parte do Fundo de Participação dos Municípios - Cota Mensal - Principal;Lançamento de Receita;900.823,11;500;Recursos não vinculados de Impostos;1002;Identificação das despesas com ações e serviços públicos de saúde
Rio Tinto;201163;Prefeitura Municipal de Rio Tinto;012025;2025;17115111;Cota-Parte do Fundo de Participação dos Municípios - Cota Mensal - Principal;Lançamento de Receita;1.907.939,22;500;Recursos não vinculados de Impostos;"Não ";Não Aplicável
Rio Tinto;201163;Prefeitura Municipal de Rio Tinto;012025;2025;17115111;Cota-Parte do Fundo de Participação dos Municípios - Cota Mensal - Principal;Lançamento de Receita;671.311,95;500;Recursos não vinculados de Impostos;1002;Identificação das despesas com ações e serviços públicos de saúde
Rio Tinto;201163;Prefeitura Municipal de Rio Tinto;012025;2025;17115111;Cota-Parte do Fundo de Participação dos Municípios - Cota Mensal - Principal;Dedução do Fundeb;-706.644,11;500;Recursos não vinculados de Impostos;1001;Identificação das despesas com manutenção e desenvolvimento do ensino
Rio Tinto;201163;Prefeitura Municipal de Rio Tinto;012025;2025;17115111;Cota-Parte do Fundo de Participação dos Municípios - Cota Mensal - Principal;Lançamento de Receita;953.969,61;500;Recursos não vinculados de Impostos;1001;Identificação das despesas com manutenção e desenvolvimento do ensino
Rio Tinto;201163;Prefeitura Municipal de Rio Tinto;122025;2025;13210101;Remuneração de Depósitos Bancários - Principal;Lançamento de Receita;4.825,71;540;Transferências do FUNDEB - Impostos e Transferências de Impostos;"Não ";Não Aplicável
Rio Tinto;201163;Prefeitura Municipal de Rio Tinto;122025;2025;13210101;Remuneração de Depósitos Bancários - Principal;Lançamento de Receita;219.459,4;500;Recursos não vinculados de Impostos;"Não ";Não Aplicável
Rio Tinto;201163;Prefeitura Municipal de Rio Tinto;122025;2025;13210101;Remuneração de Depósitos Bancários - Principal;Lançamento de Receita;12.408,97;540;Transferências do FUNDEB - Impostos e Transferências de Impostos;1070;Identificação do percentual aplicado no pagamento da remuneração dos profissionais da educação básica em efetivo exercício
Rio Tinto;201163;Prefeitura Municipal de Rio Tinto;112025;2025;13210101;Remuneração de Depósitos Bancários - Principal;Lançamento de Receita;22.308,57;540;Transferências do FUNDEB - Impostos e Transferências de Impostos;1070;Identificação do percentual aplicado no pagamento da remuneração dos profissionais da educação básica em efetivo exercício
Rio Tinto;201163;Prefeitura Municipal de Rio Tinto;112025;2025;13210101;Remuneração de Depósitos Bancários - Principal;Lançamento de Receita;8.675,55;540;Transferências do FUNDEB - Impostos e Transferências de Impostos;"Não ";Não Aplicável
Rio Tinto;201163;Prefeitura Municipal de Rio Tinto;112025;2025;13210101;Remuneração de Depósitos Bancários - Principal;Lançamento de Receita;66.650,87;500;Recursos não vinculados de Impostos;"Não ";Não Aplicável
Rio Tinto;201163;Prefeitura Municipal de Rio Tinto;102025;2025;13210101;Remuneração de Depósitos Bancários - Principal;Lançamento de Receita;41.538,1;540;Transferências do FUNDEB - Impostos e Transferências de Impostos;1070;Identificação do percentual aplicado no pagamento da remuneração dos profissionais da educação básica em efetivo exercício
Rio Tinto;201163;Prefeitura Municipal de Rio Tinto;102025;2025;13210101;Remuneração de Depósitos Bancários - Principal;Lançamento de Receita;93.437,29;500;Recursos não vinculados de Impostos;"Não ";Não Aplicável
Rio Tinto;201163;Prefeitura Municipal de Rio Tinto;102025;2025;13210101;Remuneração de Depósitos Bancários - Principal;Lançamento de Receita;16.153,71;540;Transferências do FUNDEB - Impostos e Transferências de Impostos;"Não ";Não Aplicável
Rio Tinto;201163;Prefeitura Municipal de Rio Tinto;092025;2025;13210101;Remuneração de Depósitos Bancários - Principal;Lançamento de Receita;95.437,2;500;Recursos não vinculados de Impostos;"Não ";Não Aplicável
Rio Tinto;201163;Prefeitura Municipal de Rio Tinto;092025;2025;13210101;Remuneração de Depósitos Bancários - Principal;Lançamento de Receita;16.134,85;540;Transferências do FUNDEB - Impostos e Transferências de Impostos;"Não ";Não Aplicável
Rio Tinto;201163;Prefeitura Municipal de Rio Tinto;092025;2025;13210101;Remuneração de Depósitos Bancários - Principal;Lançamento de Receita;41.489,6;540;Transferências do FUNDEB - Impostos e Transferências de Impostos;1070;Identificação do percentual aplicado no pagamento da remuneração dos profissionais da educação básica em efetivo exercício
Rio Tinto;201163;Prefeitura Municipal de Rio Tinto;082025;2025;13210101;Remuneração de Depósitos Bancários - Principal;Lançamento de Receita;98.204,77;500;Recursos não vinculados de Impostos;"Não ";Não Aplicável
Rio Tinto;201163;Prefeitura Municipal de Rio Tinto;082025;2025;13210101;Remuneração de Depósitos Bancários - Principal;Lançamento de Receita;37.223,12;540;Transferências do FUNDEB - Impostos e Transferências de Impostos;1070;Identificação do percentual aplicado no pagamento da remuneração dos profissionais da educação básica em efetivo exercício
Rio Tinto;201163;Prefeitura Municipal de Rio Tinto;082025;2025;13210101;Remuneração de Depósitos Bancários - Principal;Lançamento de Receita;14.475,66;540;Transferências do FUNDEB - Impostos e Transferências de Impostos;"Não ";Não Aplicável
Rio Tinto;201163;Prefeitura Municipal de Rio Tinto;072025;2025;13210101;Remuneração de Depósitos Bancários - Principal;Lançamento de Receita;90.643,86;500;Recursos não vinculados de Impostos;"Não ";Não Aplicável
Rio Tinto;201163;Prefeitura Municipal de Rio Tinto;072025;2025;13210101;Remuneração de Depósitos Bancários - Principal;Lançamento de Receita;37.193,74;540;Transferências do FUNDEB - Impostos e Transferências de Impostos;1070;Identificação do percentual aplicado no pagamento da remuneração dos profissionais da educação básica em efetivo exercício
Rio Tinto;201163;Prefeitura Municipal de Rio Tinto;072025;2025;13210101;Remuneração de Depósitos Bancários - Principal;Lançamento de Receita;14.464,23;540;Transferências do FUNDEB - Impostos e Transferências de Impostos;"Não ";Não Aplicável
Rio Tinto;201163;Prefeitura Municipal de Rio Tinto;062025;2025;13210101;Remuneração de Depósitos Bancários - Principal;Lançamento de Receita;30.849,7;540;Transferências do FUNDEB - Impostos e Transferências de Impostos;1070;Identificação do percentual aplicado no pagamento da remuneração dos profissionais da educação básica em efetivo exercício
Rio Tinto;201163;Prefeitura Municipal de Rio Tinto;062025;2025;13210101;Remuneração de Depósitos Bancários - Principal;Lançamento de Receita;11.997,1;540;Transferências do FUNDEB - Impostos e Transferências de Impostos;"Não ";Não Aplicável
Rio Tinto;201163;Prefeitura Municipal de Rio Tinto;062025;2025;13210101;Remuneração de Depósitos Bancários - Principal;Lançamento de Receita;74.157,69;500;Recursos não vinculados de Impostos;"Não ";Não Aplicável
Rio Tinto;201163;Prefeitura Municipal de Rio Tinto;052025;2025;13210101;Remuneração de Depósitos Bancários - Principal;Lançamento de Receita;11.117,18;540;Transferências do FUNDEB - Impostos e Transferências de Impostos;"Não ";Não Aplicável
Rio Tinto;201163;Prefeitura Municipal de Rio Tinto;052025;2025;13210101;Remuneração de Depósitos Bancários - Principal;Lançamento de Receita;28.587,03;540;Transferências do FUNDEB - Impostos e Transferências de Impostos;1070;Identificação do percentual aplicado no pagamento da remuneração dos profissionais da educação básica em efetivo exercício
Rio Tinto;201163;Prefeitura Municipal de Rio Tinto;052025;2025;13210101;Remuneração de Depósitos Bancários - Principal;Lançamento de Receita;78.821,39;500;Recursos não vinculados de Impostos;"Não ";Não Aplicável
Rio Tinto;201163;Prefeitura Municipal de Rio Tinto;042025;2025;13210101;Remuneração de Depósitos Bancários - Principal;Lançamento de Receita;12.883,62;540;Transferências do FUNDEB - Impostos e Transferências de Impostos;"Não ";Não Aplicável
Rio Tinto;201163;Prefeitura Municipal de Rio Tinto;042025;2025;13210101;Remuneração de Depósitos Bancários - Principal;Lançamento de Receita;81.465,77;500;Recursos não vinculados de Impostos;"Não ";Não Aplicável
Rio Tinto;201163;Prefeitura Municipal de Rio Tinto;042025;2025;13210101;Remuneração de Depósitos Bancários - Principal;Lançamento de Receita;33.129,32;540;Transferências do FUNDEB - Impostos e Transferências de Impostos;1070;Identificação do percentual aplicado no pagamento da remuneração dos profissionais da educação básica em efetivo exercício
Rio Tinto;201163;Prefeitura Municipal de Rio Tinto;032025;2025;13210101;Remuneração de Depósitos Bancários - Principal;Lançamento de Receita;79.135,24;500;Recursos não vinculados de Impostos;"Não ";Não Aplicável
Rio Tinto;201163;Prefeitura Municipal de Rio Tinto;032025;2025;13210101;Remuneração de Depósitos Bancários - Principal;Lançamento de Receita;29.853,45;540;Transferências do FUNDEB - Impostos e Transferências de Impostos;1070;Identificação do percentual aplicado no pagamento da remuneração dos profissionais da educação básica em efetivo exercício
Rio Tinto;201163;Prefeitura Municipal de Rio Tinto;032025;2025;13210101;Remuneração de Depósitos Bancários - Principal;Lançamento de Receita;11.609,68;540;Transferências do FUNDEB - Impostos e Transferências de Impostos;"Não ";Não Aplicável
Rio Tinto;201163;Prefeitura Municipal de Rio Tinto;022025;2025;13210101;Remuneração de Depósitos Bancários - Principal;Lançamento de Receita;25.409,07;540;Transferências do FUNDEB - Impostos e Transferências de Impostos;1070;Identificação do percentual aplicado no pagamento da remuneração dos profissionais da educação básica em efetivo exercício
Rio Tinto;201163;Prefeitura Municipal de Rio Tinto;022025;2025;13210101;Remuneração de Depósitos Bancários - Principal;Lançamento de Receita;9.881,3;540;Transferências do FUNDEB - Impostos e Transferências de Impostos;"Não ";Não Aplicável
Rio Tinto;201163;Prefeitura Municipal de Rio Tinto;022025;2025;13210101;Remuneração de Depósitos Bancários - Principal;Lançamento de Receita;78.950,6;500;Recursos não vinculados de Impostos;"Não ";Não Aplicável
Rio Tinto;201163;Prefeitura Municipal de Rio Tinto;012025;2025;13210101;Remuneração de Depósitos Bancários - Principal;Lançamento de Receita;68.838,8;500;Recursos não vinculados de Impostos;"Não ";Não Aplicável
Rio Tinto;201163;Prefeitura Municipal de Rio Tinto;012025;2025;13210101;Remuneração de Depósitos Bancários - Principal;Lançamento de Receita;10.355,28;540;Transferências do FUNDEB - Impostos e Transferências de Impostos;1070;Identificação do percentual aplicado no pagamento da remuneração dos profissionais da educação básica em efetivo exercício
Rio Tinto;201163;Prefeitura Municipal de Rio Tinto;012025;2025;13210101;Remuneração de Depósitos Bancários - Principal;Lançamento de Receita;4.027,06;540;Transferências do FUNDEB - Impostos e Transferências de Impostos;"Não ";Não Aplicável
Rio Tinto;201163;Prefeitura Municipal de Rio Tinto;122025;2025;12415001;Contribuição para o Custeio do Serviço de Iluminação Pública - Principal;Lançamento de Receita;740.075,97;751;Recursos da Contribuição para o Custeio do Serviço de Iluminação Pública - COSIP;"Não ";Não Aplicável
Rio Tinto;201163;Prefeitura Municipal de Rio Tinto;092025;2025;12415001;Contribuição para o Custeio do Serviço de Iluminação Pública - Principal;Lançamento de Receita;406.408,06;751;Recursos da Contribuição para o Custeio do Serviço de Iluminação Pública - COSIP;"Não ";Não Aplicável
Rio Tinto;201163;Prefeitura Municipal de Rio Tinto;072025;2025;12415001;Contribuição para o Custeio do Serviço de Iluminação Pública - Principal;Lançamento de Receita;279.904,18;751;Recursos da Contribuição para o Custeio do Serviço de Iluminação Pública - COSIP;"Não ";Não Aplicável
Rio Tinto;201163;Prefeitura Municipal de Rio Tinto;052025;2025;12415001;Contribuição para o Custeio do Serviço de Iluminação Pública - Principal;Lançamento de Receita;146.923,61;751;Recursos da Contribuição para o Custeio do Serviço de Iluminação Pública - COSIP;"Não ";Não Aplicável
Rio Tinto;201163;Prefeitura Municipal de Rio Tinto;042025;2025;12415001;Contribuição para o Custeio do Serviço de Iluminação Pública - Principal;Lançamento de Receita;271.122,72;751;Recursos da Contribuição para o Custeio do Serviço de Iluminação Pública - COSIP;"Não ";Não Aplicável
Rio Tinto;201163;Prefeitura Municipal de Rio Tinto;012025;2025;11220101;Taxas pela Prestação de Serviços em Geral - Principal;Lançamento de Receita;2.053,22;500;Recursos não vinculados de Impostos;1001;Identificação das despesas com manutenção e desenvolvimento do ensino
Rio Tinto;201163;Prefeitura Municipal de Rio Tinto;012025;2025;11220101;Taxas pela Prestação de Serviços em Geral - Principal;Lançamento de Receita;4.106,46;500;Recursos não vinculados de Impostos;"Não ";Não Aplicável
Rio Tinto;201163;Prefeitura Municipal de Rio Tinto;012025;2025;11220101;Taxas pela Prestação de Serviços em Geral - Principal;Lançamento de Receita;1.444,85;500;Recursos não vinculados de Impostos;1002;Identificação das despesas com ações e serviços públicos de saúde
Rio Tinto;201163;Prefeitura Municipal de Rio Tinto;122025;2025;11210101;Taxas de Inspeção, Controle e Fiscalização - Principal;Lançamento de Receita;884,9;500;Recursos não vinculados de Impostos;1002;Identificação das despesas com ações e serviços públicos de saúde
Rio Tinto;201163;Prefeitura Municipal de Rio Tinto;122025;2025;11210101;Taxas de Inspeção, Controle e Fiscalização - Principal;Lançamento de Receita;1.257,47;500;Recursos não vinculados de Impostos;1001;Identificação das despesas com manutenção e desenvolvimento do ensino
Rio Tinto;201163;Prefeitura Municipal de Rio Tinto;122025;2025;11210101;Taxas de Inspeção, Controle e Fiscalização - Principal;Lançamento de Receita;2.514,94;500;Recursos não vinculados de Impostos;"Não ";Não Aplicável
Rio Tinto;201163;Prefeitura Municipal de Rio Tinto;112025;2025;11210101;Taxas de Inspeção, Controle e Fiscalização - Principal;Lançamento de Receita;2.838,35;500;Recursos não vinculados de Impostos;"Não ";Não Aplicável
Rio Tinto;201163;Prefeitura Municipal de Rio Tinto;112025;2025;11210101;Taxas de Inspeção, Controle e Fiscalização - Principal;Lançamento de Receita;1.419,17;500;Recursos não vinculados de Impostos;1001;Identificação das despesas com manutenção e desenvolvimento do ensino
Rio Tinto;201163;Prefeitura Municipal de Rio Tinto;112025;2025;11210101;Taxas de Inspeção, Controle e Fiscalização - Principal;Lançamento de Receita;998,71;500;Recursos não vinculados de Impostos;1002;Identificação das despesas com ações e serviços públicos de saúde
Rio Tinto;201163;Prefeitura Municipal de Rio Tinto;102025;2025;11210101;Taxas de Inspeção, Controle e Fiscalização - Principal;Lançamento de Receita;1.468,44;500;Recursos não vinculados de Impostos;1001;Identificação das despesas com manutenção e desenvolvimento do ensino
Rio Tinto;201163;Prefeitura Municipal de Rio Tinto;102025;2025;11210101;Taxas de Inspeção, Controle e Fiscalização - Principal;Lançamento de Receita;1.033,33;500;Recursos não vinculados de Impostos;1002;Identificação das despesas com ações e serviços públicos de saúde
Rio Tinto;201163;Prefeitura Municipal de Rio Tinto;102025;2025;11210101;Taxas de Inspeção, Controle e Fiscalização - Principal;Lançamento de Receita;2.936,84;500;Recursos não vinculados de Impostos;"Não ";Não Aplicável
Rio Tinto;201163;Prefeitura Municipal de Rio Tinto;092025;2025;11210101;Taxas de Inspeção, Controle e Fiscalização - Principal;Lançamento de Receita;945,53;500;Recursos não vinculados de Impostos;1002;Identificação das despesas com ações e serviços públicos de saúde
Rio Tinto;201163;Prefeitura Municipal de Rio Tinto;092025;2025;11210101;Taxas de Inspeção, Controle e Fiscalização - Principal;Lançamento de Receita;1.343,59;500;Recursos não vinculados de Impostos;1001;Identificação das despesas com manutenção e desenvolvimento do ensino
Rio Tinto;201163;Prefeitura Municipal de Rio Tinto;092025;2025;11210101;Taxas de Inspeção, Controle e Fiscalização - Principal;Lançamento de Receita;2.687,18;500;Recursos não vinculados de Impostos;"Não ";Não Aplicável
Rio Tinto;201163;Prefeitura Municipal de Rio Tinto;082025;2025;11210101;Taxas de Inspeção, Controle e Fiscalização - Principal;Lançamento de Receita;8.020,41;500;Recursos não vinculados de Impostos;"Não ";Não Aplicável
Rio Tinto;201163;Prefeitura Municipal de Rio Tinto;082025;2025;11210101;Taxas de Inspeção, Controle e Fiscalização - Principal;Lançamento de Receita;4.010,2;500;Recursos não vinculados de Impostos;1001;Identificação das despesas com manutenção e desenvolvimento do ensino
Rio Tinto;201163;Prefeitura Municipal de Rio Tinto;082025;2025;11210101;Taxas de Inspeção, Controle e Fiscalização - Principal;Lançamento de Receita;2.822,01;500;Recursos não vinculados de Impostos;1002;Identificação das despesas com ações e serviços públicos de saúde
Rio Tinto;201163;Prefeitura Municipal de Rio Tinto;072025;2025;11210101;Taxas de Inspeção, Controle e Fiscalização - Principal;Lançamento de Receita;2.379,94;500;Recursos não vinculados de Impostos;"Não ";Não Aplicável
Rio Tinto;201163;Prefeitura Municipal de Rio Tinto;072025;2025;11210101;Taxas de Inspeção, Controle e Fiscalização - Principal;Lançamento de Receita;837,42;500;Recursos não vinculados de Impostos;1002;Identificação das despesas com ações e serviços públicos de saúde
Rio Tinto;201163;Prefeitura Municipal de Rio Tinto;072025;2025;11210101;Taxas de Inspeção, Controle e Fiscalização - Principal;Lançamento de Receita;1.189,96;500;Recursos não vinculados de Impostos;1001;Identificação das despesas com manutenção e desenvolvimento do ensino
Rio Tinto;201163;Prefeitura Municipal de Rio Tinto;062025;2025;11210101;Taxas de Inspeção, Controle e Fiscalização - Principal;Lançamento de Receita;1.226,91;500;Recursos não vinculados de Impostos;1002;Identificação das despesas com ações e serviços públicos de saúde
Rio Tinto;201163;Prefeitura Municipal de Rio Tinto;062025;2025;11210101;Taxas de Inspeção, Controle e Fiscalização - Principal;Lançamento de Receita;3.486,89;500;Recursos não vinculados de Impostos;"Não ";Não Aplicável
Rio Tinto;201163;Prefeitura Municipal de Rio Tinto;062025;2025;11210101;Taxas de Inspeção, Controle e Fiscalização - Principal;Lançamento de Receita;1.743,44;500;Recursos não vinculados de Impostos;1001;Identificação das despesas com manutenção e desenvolvimento do ensino
Rio Tinto;201163;Prefeitura Municipal de Rio Tinto;052025;2025;11210101;Taxas de Inspeção, Controle e Fiscalização - Principal;Lançamento de Receita;2.792,58;500;Recursos não vinculados de Impostos;"Não ";Não Aplicável
Rio Tinto;201163;Prefeitura Municipal de Rio Tinto;052025;2025;11210101;Taxas de Inspeção, Controle e Fiscalização - Principal;Lançamento de Receita;1.396,26;500;Recursos não vinculados de Impostos;1001;Identificação das despesas com manutenção e desenvolvimento do ensino
Rio Tinto;201163;Prefeitura Municipal de Rio Tinto;052025;2025;11210101;Taxas de Inspeção, Controle e Fiscalização - Principal;Lançamento de Receita;982,59;500;Recursos não vinculados de Impostos;1002;Identificação das despesas com ações e serviços públicos de saúde
Rio Tinto;201163;Prefeitura Municipal de Rio Tinto;042025;2025;11210101;Taxas de Inspeção, Controle e Fiscalização - Principal;Lançamento de Receita;881,06;500;Recursos não vinculados de Impostos;1002;Identificação das despesas com ações e serviços públicos de saúde
Rio Tinto;201163;Prefeitura Municipal de Rio Tinto;042025;2025;11210101;Taxas de Inspeção, Controle e Fiscalização - Principal;Lançamento de Receita;1.252,01;500;Recursos não vinculados de Impostos;1001;Identificação das despesas com manutenção e desenvolvimento do ensino
Rio Tinto;201163;Prefeitura Municipal de Rio Tinto;042025;2025;11210101;Taxas de Inspeção, Controle e Fiscalização - Principal;Lançamento de Receita;2.504,06;500;Recursos não vinculados de Impostos;"Não ";Não Aplicável
Rio Tinto;201163;Prefeitura Municipal de Rio Tinto;032025;2025;11210101;Taxas de Inspeção, Controle e Fiscalização - Principal;Lançamento de Receita;2.707,67;500;Recursos não vinculados de Impostos;1002;Identificação das despesas com ações e serviços públicos de saúde
Rio Tinto;201163;Prefeitura Municipal de Rio Tinto;032025;2025;11210101;Taxas de Inspeção, Controle e Fiscalização - Principal;Lançamento de Receita;7.695,4;500;Recursos não vinculados de Impostos;"Não ";Não Aplicável
Rio Tinto;201163;Prefeitura Municipal de Rio Tinto;032025;2025;11210101;Taxas de Inspeção, Controle e Fiscalização - Principal;Lançamento de Receita;3.847,72;500;Recursos não vinculados de Impostos;1001;Identificação das despesas com manutenção e desenvolvimento do ensino
Rio Tinto;201163;Prefeitura Municipal de Rio Tinto;022025;2025;11210101;Taxas de Inspeção, Controle e Fiscalização - Principal;Lançamento de Receita;2.985,19;500;Recursos não vinculados de Impostos;1001;Identificação das despesas com manutenção e desenvolvimento do ensino
Rio Tinto;201163;Prefeitura Municipal de Rio Tinto;022025;2025;11210101;Taxas de Inspeção, Controle e Fiscalização - Principal;Lançamento de Receita;2.100,69;500;Recursos não vinculados de Impostos;1002;Identificação das despesas com ações e serviços públicos de saúde
Rio Tinto;201163;Prefeitura Municipal de Rio Tinto;022025;2025;11210101;Taxas de Inspeção, Controle e Fiscalização - Principal;Lançamento de Receita;5.970,38;500;Recursos não vinculados de Impostos;"Não ";Não Aplicável
Rio Tinto;201163;Prefeitura Municipal de Rio Tinto;012025;2025;11210101;Taxas de Inspeção, Controle e Fiscalização - Principal;Lançamento de Receita;2.966,64;500;Recursos não vinculados de Impostos;1002;Identificação das despesas com ações e serviços públicos de saúde
Rio Tinto;201163;Prefeitura Municipal de Rio Tinto;012025;2025;11210101;Taxas de Inspeção, Controle e Fiscalização - Principal;Lançamento de Receita;4.215,74;500;Recursos não vinculados de Impostos;1001;Identificação das despesas com manutenção e desenvolvimento do ensino
Rio Tinto;201163;Prefeitura Municipal de Rio Tinto;012025;2025;11210101;Taxas de Inspeção, Controle e Fiscalização - Principal;Lançamento de Receita;8.431,47;500;Recursos não vinculados de Impostos;"Não ";Não Aplicável
Rio Tinto;201163;Prefeitura Municipal de Rio Tinto;122025;2025;11145111;Imposto sobre Serviços de Qualquer Natureza - ISSQN - Principal;Lançamento de Receita;95.233,41;500;Recursos não vinculados de Impostos;1001;Identificação das despesas com manutenção e desenvolvimento do ensino
Rio Tinto;201163;Prefeitura Municipal de Rio Tinto;122025;2025;11145111;Imposto sobre Serviços de Qualquer Natureza - ISSQN - Principal;Lançamento de Receita;67.016,12;500;Recursos não vinculados de Impostos;1002;Identificação das despesas com ações e serviços públicos de saúde
Rio Tinto;201163;Prefeitura Municipal de Rio Tinto;122025;2025;11145111;Imposto sobre Serviços de Qualquer Natureza - ISSQN - Principal;Lançamento de Receita;190.466,88;500;Recursos não vinculados de Impostos;"Não ";Não Aplicável
Rio Tinto;201163;Prefeitura Municipal de Rio Tinto;112025;2025;11145111;Imposto sobre Serviços de Qualquer Natureza - ISSQN - Principal;Lançamento de Receita;118.317,44;500;Recursos não vinculados de Impostos;"Não ";Não Aplicável
Rio Tinto;201163;Prefeitura Municipal de Rio Tinto;112025;2025;11145111;Imposto sobre Serviços de Qualquer Natureza - ISSQN - Principal;Lançamento de Receita;59.158,72;500;Recursos não vinculados de Impostos;1001;Identificação das despesas com manutenção e desenvolvimento do ensino
Rio Tinto;201163;Prefeitura Municipal de Rio Tinto;112025;2025;11145111;Imposto sobre Serviços de Qualquer Natureza - ISSQN - Principal;Lançamento de Receita;41.630,16;500;Recursos não vinculados de Impostos;1002;Identificação das despesas com ações e serviços públicos de saúde
Rio Tinto;201163;Prefeitura Municipal de Rio Tinto;102025;2025;11145111;Imposto sobre Serviços de Qualquer Natureza - ISSQN - Principal;Lançamento de Receita;46.735,66;500;Recursos não vinculados de Impostos;1002;Identificação das despesas com ações e serviços públicos de saúde
Rio Tinto;201163;Prefeitura Municipal de Rio Tinto;102025;2025;11145111;Imposto sobre Serviços de Qualquer Natureza - ISSQN - Principal;Lançamento de Receita;66.413,72;500;Recursos não vinculados de Impostos;1001;Identificação das despesas com manutenção e desenvolvimento do ensino
Rio Tinto;201163;Prefeitura Municipal de Rio Tinto;102025;2025;11145111;Imposto sobre Serviços de Qualquer Natureza - ISSQN - Principal;Lançamento de Receita;132.827,57;500;Recursos não vinculados de Impostos;"Não ";Não Aplicável
Rio Tinto;201163;Prefeitura Municipal de Rio Tinto;092025;2025;11145111;Imposto sobre Serviços de Qualquer Natureza - ISSQN - Principal;Lançamento de Receita;57.084,09;500;Recursos não vinculados de Impostos;1002;Identificação das despesas com ações e serviços públicos de saúde
Rio Tinto;201163;Prefeitura Municipal de Rio Tinto;092025;2025;11145111;Imposto sobre Serviços de Qualquer Natureza - ISSQN - Principal;Lançamento de Receita;162.238,96;500;Recursos não vinculados de Impostos;"Não ";Não Aplicável
Rio Tinto;201163;Prefeitura Municipal de Rio Tinto;092025;2025;11145111;Imposto sobre Serviços de Qualquer Natureza - ISSQN - Principal;Lançamento de Receita;81.119,4;500;Recursos não vinculados de Impostos;1001;Identificação das despesas com manutenção e desenvolvimento do ensino
Rio Tinto;201163;Prefeitura Municipal de Rio Tinto;082025;2025;11145111;Imposto sobre Serviços de Qualquer Natureza - ISSQN - Principal;Lançamento de Receita;85.248,18;500;Recursos não vinculados de Impostos;"Não ";Não Aplicável
Rio Tinto;201163;Prefeitura Municipal de Rio Tinto;082025;2025;11145111;Imposto sobre Serviços de Qualquer Natureza - ISSQN - Principal;Lançamento de Receita;29.994,75;500;Recursos não vinculados de Impostos;1002;Identificação das despesas com ações e serviços públicos de saúde
Rio Tinto;201163;Prefeitura Municipal de Rio Tinto;082025;2025;11145111;Imposto sobre Serviços de Qualquer Natureza - ISSQN - Principal;Lançamento de Receita;42.624,03;500;Recursos não vinculados de Impostos;1001;Identificação das despesas com manutenção e desenvolvimento do ensino
Rio Tinto;201163;Prefeitura Municipal de Rio Tinto;072025;2025;11145111;Imposto sobre Serviços de Qualquer Natureza - ISSQN - Principal;Lançamento de Receita;91.460,01;500;Recursos não vinculados de Impostos;1001;Identificação das despesas com manutenção e desenvolvimento do ensino
Rio Tinto;201163;Prefeitura Municipal de Rio Tinto;072025;2025;11145111;Imposto sobre Serviços de Qualquer Natureza - ISSQN - Principal;Lançamento de Receita;64.360,73;500;Recursos não vinculados de Impostos;1002;Identificação das despesas com ações e serviços públicos de saúde
Rio Tinto;201163;Prefeitura Municipal de Rio Tinto;072025;2025;11145111;Imposto sobre Serviços de Qualquer Natureza - ISSQN - Principal;Lançamento de Receita;182.920,12;500;Recursos não vinculados de Impostos;"Não ";Não Aplicável
Rio Tinto;201163;Prefeitura Municipal de Rio Tinto;062025;2025;11145111;Imposto sobre Serviços de Qualquer Natureza - ISSQN - Principal;Lançamento de Receita;355.949,07;500;Recursos não vinculados de Impostos;"Não ";Não Aplicável
Rio Tinto;201163;Prefeitura Municipal de Rio Tinto;062025;2025;11145111;Imposto sobre Serviços de Qualquer Natureza - ISSQN - Principal;Lançamento de Receita;125.241,33;500;Recursos não vinculados de Impostos;1002;Identificação das despesas com ações e serviços públicos de saúde
Rio Tinto;201163;Prefeitura Municipal de Rio Tinto;062025;2025;11145111;Imposto sobre Serviços de Qualquer Natureza - ISSQN - Principal;Lançamento de Receita;177.974,46;500;Recursos não vinculados de Impostos;1001;Identificação das despesas com manutenção e desenvolvimento do ensino
Rio Tinto;201163;Prefeitura Municipal de Rio Tinto;052025;2025;11145111;Imposto sobre Serviços de Qualquer Natureza - ISSQN - Principal;Lançamento de Receita;51.757,83;500;Recursos não vinculados de Impostos;1002;Identificação das despesas com ações e serviços públicos de saúde
Rio Tinto;201163;Prefeitura Municipal de Rio Tinto;052025;2025;11145111;Imposto sobre Serviços de Qualquer Natureza - ISSQN - Principal;Lançamento de Receita;73.550,57;500;Recursos não vinculados de Impostos;1001;Identificação das despesas com manutenção e desenvolvimento do ensino
Rio Tinto;201163;Prefeitura Municipal de Rio Tinto;052025;2025;11145111;Imposto sobre Serviços de Qualquer Natureza - ISSQN - Principal;Lançamento de Receita;147.101,19;500;Recursos não vinculados de Impostos;"Não ";Não Aplicável
Rio Tinto;201163;Prefeitura Municipal de Rio Tinto;042025;2025;11145111;Imposto sobre Serviços de Qualquer Natureza - ISSQN - Principal;Lançamento de Receita;108.068,56;500;Recursos não vinculados de Impostos;1001;Identificação das despesas com manutenção e desenvolvimento do ensino
Rio Tinto;201163;Prefeitura Municipal de Rio Tinto;042025;2025;11145111;Imposto sobre Serviços de Qualquer Natureza - ISSQN - Principal;Lançamento de Receita;76.048,29;500;Recursos não vinculados de Impostos;1002;Identificação das despesas com ações e serviços públicos de saúde
Rio Tinto;201163;Prefeitura Municipal de Rio Tinto;042025;2025;11145111;Imposto sobre Serviços de Qualquer Natureza - ISSQN - Principal;Lançamento de Receita;216.137,32;500;Recursos não vinculados de Impostos;"Não ";Não Aplicável
Rio Tinto;201163;Prefeitura Municipal de Rio Tinto;032025;2025;11145111;Imposto sobre Serviços de Qualquer Natureza - ISSQN - Principal;Lançamento de Receita;52.381,71;500;Recursos não vinculados de Impostos;1001;Identificação das despesas com manutenção e desenvolvimento do ensino
Rio Tinto;201163;Prefeitura Municipal de Rio Tinto;032025;2025;11145111;Imposto sobre Serviços de Qualquer Natureza - ISSQN - Principal;Lançamento de Receita;36.861,23;500;Recursos não vinculados de Impostos;1002;Identificação das despesas com ações e serviços públicos de saúde
Rio Tinto;201163;Prefeitura Municipal de Rio Tinto;032025;2025;11145111;Imposto sobre Serviços de Qualquer Natureza - ISSQN - Principal;Lançamento de Receita;104.763,63;500;Recursos não vinculados de Impostos;"Não ";Não Aplicável
Rio Tinto;201163;Prefeitura Municipal de Rio Tinto;022025;2025;11145111;Imposto sobre Serviços de Qualquer Natureza - ISSQN - Principal;Lançamento de Receita;85.041,08;500;Recursos não vinculados de Impostos;"Não ";Não Aplicável
Rio Tinto;201163;Prefeitura Municipal de Rio Tinto;022025;2025;11145111;Imposto sobre Serviços de Qualquer Natureza - ISSQN - Principal;Lançamento de Receita;42.520,38;500;Recursos não vinculados de Impostos;1001;Identificação das despesas com manutenção e desenvolvimento do ensino
Rio Tinto;201163;Prefeitura Municipal de Rio Tinto;022025;2025;11145111;Imposto sobre Serviços de Qualquer Natureza - ISSQN - Principal;Lançamento de Receita;29.921,79;500;Recursos não vinculados de Impostos;1002;Identificação das despesas com ações e serviços públicos de saúde
Rio Tinto;201163;Prefeitura Municipal de Rio Tinto;012025;2025;11145111;Imposto sobre Serviços de Qualquer Natureza - ISSQN - Principal;Lançamento de Receita;39.582,95;500;Recursos não vinculados de Impostos;1002;Identificação das despesas com ações e serviços públicos de saúde
Rio Tinto;201163;Prefeitura Municipal de Rio Tinto;012025;2025;11145111;Imposto sobre Serviços de Qualquer Natureza - ISSQN - Principal;Lançamento de Receita;56.249,57;500;Recursos não vinculados de Impostos;1001;Identificação das despesas com manutenção e desenvolvimento do ensino
Rio Tinto;201163;Prefeitura Municipal de Rio Tinto;012025;2025;11145111;Imposto sobre Serviços de Qualquer Natureza - ISSQN - Principal;Lançamento de Receita;112.498,98;500;Recursos não vinculados de Impostos;"Não ";Não Aplicável
Rio Tinto;201163;Prefeitura Municipal de Rio Tinto;122025;2025;11130311;Imposto sobre a Renda - Retido na Fonte - Trabalho - Principal;Lançamento de Receita;462.882,4;500;Recursos não vinculados de Impostos;"Não ";Não Aplicável
Rio Tinto;201163;Prefeitura Municipal de Rio Tinto;122025;2025;11130311;Imposto sobre a Renda - Retido na Fonte - Trabalho - Principal;Lançamento de Receita;162.865,97;500;Recursos não vinculados de Impostos;1002;Identificação das despesas com ações e serviços públicos de saúde
Rio Tinto;201163;Prefeitura Municipal de Rio Tinto;122025;2025;11130311;Imposto sobre a Renda - Retido na Fonte - Trabalho - Principal;Lançamento de Receita;231.441,28;500;Recursos não vinculados de Impostos;1001;Identificação das despesas com manutenção e desenvolvimento do ensino
Rio Tinto;201163;Prefeitura Municipal de Rio Tinto;112025;2025;11130311;Imposto sobre a Renda - Retido na Fonte - Trabalho - Principal;Lançamento de Receita;172.735,47;500;Recursos não vinculados de Impostos;"Não ";Não Aplicável
Rio Tinto;201163;Prefeitura Municipal de Rio Tinto;112025;2025;11130311;Imposto sobre a Renda - Retido na Fonte - Trabalho - Principal;Lançamento de Receita;60.777,35;500;Recursos não vinculados de Impostos;1002;Identificação das despesas com ações e serviços públicos de saúde
Rio Tinto;201163;Prefeitura Municipal de Rio Tinto;112025;2025;11130311;Imposto sobre a Renda - Retido na Fonte - Trabalho - Principal;Lançamento de Receita;86.367,72;500;Recursos não vinculados de Impostos;1001;Identificação das despesas com manutenção e desenvolvimento do ensino
Rio Tinto;201163;Prefeitura Municipal de Rio Tinto;102025;2025;11130311;Imposto sobre a Renda - Retido na Fonte - Trabalho - Principal;Lançamento de Receita;90.049,86;500;Recursos não vinculados de Impostos;1001;Identificação das despesas com manutenção e desenvolvimento do ensino
Rio Tinto;201163;Prefeitura Municipal de Rio Tinto;102025;2025;11130311;Imposto sobre a Renda - Retido na Fonte - Trabalho - Principal;Lançamento de Receita;63.368,39;500;Recursos não vinculados de Impostos;1002;Identificação das despesas com ações e serviços públicos de saúde
Rio Tinto;201163;Prefeitura Municipal de Rio Tinto;102025;2025;11130311;Imposto sobre a Renda - Retido na Fonte - Trabalho - Principal;Lançamento de Receita;180.099,58;500;Recursos não vinculados de Impostos;"Não ";Não Aplicável
Rio Tinto;201163;Prefeitura Municipal de Rio Tinto;092025;2025;11130311;Imposto sobre a Renda - Retido na Fonte - Trabalho - Principal;Lançamento de Receita;74.919,82;500;Recursos não vinculados de Impostos;1001;Identificação das despesas com manutenção e desenvolvimento do ensino
Rio Tinto;201163;Prefeitura Municipal de Rio Tinto;092025;2025;11130311;Imposto sobre a Renda - Retido na Fonte - Trabalho - Principal;Lançamento de Receita;52.721,33;500;Recursos não vinculados de Impostos;1002;Identificação das despesas com ações e serviços públicos de saúde
Rio Tinto;201163;Prefeitura Municipal de Rio Tinto;092025;2025;11130311;Imposto sobre a Renda - Retido na Fonte - Trabalho - Principal;Lançamento de Receita;149.839,52;500;Recursos não vinculados de Impostos;"Não ";Não Aplicável
Rio Tinto;201163;Prefeitura Municipal de Rio Tinto;082025;2025;11130311;Imposto sobre a Renda - Retido na Fonte - Trabalho - Principal;Lançamento de Receita;66.525,49;500;Recursos não vinculados de Impostos;1002;Identificação das despesas com ações e serviços públicos de saúde
Rio Tinto;201163;Prefeitura Municipal de Rio Tinto;082025;2025;11130311;Imposto sobre a Renda - Retido na Fonte - Trabalho - Principal;Lançamento de Receita;94.536,23;500;Recursos não vinculados de Impostos;1001;Identificação das despesas com manutenção e desenvolvimento do ensino
Rio Tinto;201163;Prefeitura Municipal de Rio Tinto;082025;2025;11130311;Imposto sobre a Renda - Retido na Fonte - Trabalho - Principal;Lançamento de Receita;189.072,51;500;Recursos não vinculados de Impostos;"Não ";Não Aplicável
Rio Tinto;201163;Prefeitura Municipal de Rio Tinto;072025;2025;11130311;Imposto sobre a Renda - Retido na Fonte - Trabalho - Principal;Lançamento de Receita;54.040,99;500;Recursos não vinculados de Impostos;1002;Identificação das despesas com ações e serviços públicos de saúde
Rio Tinto;201163;Prefeitura Municipal de Rio Tinto;072025;2025;11130311;Imposto sobre a Renda - Retido na Fonte - Trabalho - Principal;Lançamento de Receita;153.590,38;500;Recursos não vinculados de Impostos;"Não ";Não Aplicável
Rio Tinto;201163;Prefeitura Municipal de Rio Tinto;072025;2025;11130311;Imposto sobre a Renda - Retido na Fonte - Trabalho - Principal;Lançamento de Receita;76.795,21;500;Recursos não vinculados de Impostos;1001;Identificação das despesas com manutenção e desenvolvimento do ensino
Rio Tinto;201163;Prefeitura Municipal de Rio Tinto;062025;2025;11130311;Imposto sobre a Renda - Retido na Fonte - Trabalho - Principal;Lançamento de Receita;55.401,48;500;Recursos não vinculados de Impostos;1002;Identificação das despesas com ações e serviços públicos de saúde
Rio Tinto;201163;Prefeitura Municipal de Rio Tinto;062025;2025;11130311;Imposto sobre a Renda - Retido na Fonte - Trabalho - Principal;Lançamento de Receita;157.457,05;500;Recursos não vinculados de Impostos;"Não ";Não Aplicável
Rio Tinto;201163;Prefeitura Municipal de Rio Tinto;062025;2025;11130311;Imposto sobre a Renda - Retido na Fonte - Trabalho - Principal;Lançamento de Receita;78.728,52;500;Recursos não vinculados de Impostos;1001;Identificação das despesas com manutenção e desenvolvimento do ensino
Rio Tinto;201163;Prefeitura Municipal de Rio Tinto;052025;2025;11130311;Imposto sobre a Renda - Retido na Fonte - Trabalho - Principal;Lançamento de Receita;77.043,67;500;Recursos não vinculados de Impostos;1001;Identificação das despesas com manutenção e desenvolvimento do ensino
Rio Tinto;201163;Prefeitura Municipal de Rio Tinto;052025;2025;11130311;Imposto sobre a Renda - Retido na Fonte - Trabalho - Principal;Lançamento de Receita;54.215,94;500;Recursos não vinculados de Impostos;1002;Identificação das despesas com ações e serviços públicos de saúde
Rio Tinto;201163;Prefeitura Municipal de Rio Tinto;052025;2025;11130311;Imposto sobre a Renda - Retido na Fonte - Trabalho - Principal;Lançamento de Receita;154.087,38;500;Recursos não vinculados de Impostos;"Não ";Não Aplicável
Rio Tinto;201163;Prefeitura Municipal de Rio Tinto;042025;2025;11130311;Imposto sobre a Renda - Retido na Fonte - Trabalho - Principal;Lançamento de Receita;87.764,86;500;Recursos não vinculados de Impostos;1001;Identificação das despesas com manutenção e desenvolvimento do ensino
Rio Tinto;201163;Prefeitura Municipal de Rio Tinto;042025;2025;11130311;Imposto sobre a Renda - Retido na Fonte - Trabalho - Principal;Lançamento de Receita;61.760,48;500;Recursos não vinculados de Impostos;1002;Identificação das despesas com ações e serviços públicos de saúde
Rio Tinto;201163;Prefeitura Municipal de Rio Tinto;042025;2025;11130311;Imposto sobre a Renda - Retido na Fonte - Trabalho - Principal;Lançamento de Receita;175.529,66;500;Recursos não vinculados de Impostos;"Não ";Não Aplicável
Rio Tinto;201163;Prefeitura Municipal de Rio Tinto;032025;2025;11130311;Imposto sobre a Renda - Retido na Fonte - Trabalho - Principal;Lançamento de Receita;59.168,47;500;Recursos não vinculados de Impostos;1002;Identificação das despesas com ações e serviços públicos de saúde
Rio Tinto;201163;Prefeitura Municipal de Rio Tinto;032025;2025;11130311;Imposto sobre a Renda - Retido na Fonte - Trabalho - Principal;Lançamento de Receita;168.163,21;500;Recursos não vinculados de Impostos;"Não ";Não Aplicável
Rio Tinto;201163;Prefeitura Municipal de Rio Tinto;032025;2025;11130311;Imposto sobre a Renda - Retido na Fonte - Trabalho - Principal;Lançamento de Receita;84.081,62;500;Recursos não vinculados de Impostos;1001;Identificação das despesas com manutenção e desenvolvimento do ensino
Rio Tinto;201163;Prefeitura Municipal de Rio Tinto;022025;2025;11130311;Imposto sobre a Renda - Retido na Fonte - Trabalho - Principal;Lançamento de Receita;82.378,11;500;Recursos não vinculados de Impostos;1001;Identificação das despesas com manutenção e desenvolvimento do ensino
Rio Tinto;201163;Prefeitura Municipal de Rio Tinto;022025;2025;11130311;Imposto sobre a Renda - Retido na Fonte - Trabalho - Principal;Lançamento de Receita;164.756,2;500;Recursos não vinculados de Impostos;"Não ";Não Aplicável
Rio Tinto;201163;Prefeitura Municipal de Rio Tinto;022025;2025;11130311;Imposto sobre a Renda - Retido na Fonte - Trabalho - Principal;Lançamento de Receita;57.969,66;500;Recursos não vinculados de Impostos;1002;Identificação das despesas com ações e serviços públicos de saúde
Rio Tinto;201163;Prefeitura Municipal de Rio Tinto;012025;2025;11130311;Imposto sobre a Renda - Retido na Fonte - Trabalho - Principal;Lançamento de Receita;134.892,58;500;Recursos não vinculados de Impostos;"Não ";Não Aplicável
Rio Tinto;201163;Prefeitura Municipal de Rio Tinto;012025;2025;11130311;Imposto sobre a Renda - Retido na Fonte - Trabalho - Principal;Lançamento de Receita;47.462,17;500;Recursos não vinculados de Impostos;1002;Identificação das despesas com ações e serviços públicos de saúde
Rio Tinto;201163;Prefeitura Municipal de Rio Tinto;012025;2025;11130311;Imposto sobre a Renda - Retido na Fonte - Trabalho - Principal;Lançamento de Receita;67.446,22;500;Recursos não vinculados de Impostos;1001;Identificação das despesas com manutenção e desenvolvimento do ensino
Rio Tinto;201163;Prefeitura Municipal de Rio Tinto;122025;2025;11125301;"Impostos sobre Transmissão ""Inter Vivos"" de Bens Imóveis e de Direitos Reais sobre Imóveis - Principal";Lançamento de Receita;3.794,44;500;Recursos não vinculados de Impostos;1001;Identificação das despesas com manutenção e desenvolvimento do ensino
Rio Tinto;201163;Prefeitura Municipal de Rio Tinto;122025;2025;11125301;"Impostos sobre Transmissão ""Inter Vivos"" de Bens Imóveis e de Direitos Reais sobre Imóveis - Principal";Lançamento de Receita;7.588,88;500;Recursos não vinculados de Impostos;"Não ";Não Aplicável
Rio Tinto;201163;Prefeitura Municipal de Rio Tinto;122025;2025;11125301;"Impostos sobre Transmissão ""Inter Vivos"" de Bens Imóveis e de Direitos Reais sobre Imóveis - Principal";Lançamento de Receita;2.670,16;500;Recursos não vinculados de Impostos;1002;Identificação das despesas com ações e serviços públicos de saúde
Rio Tinto;201163;Prefeitura Municipal de Rio Tinto;112025;2025;11125301;"Impostos sobre Transmissão ""Inter Vivos"" de Bens Imóveis e de Direitos Reais sobre Imóveis - Principal";Lançamento de Receita;1.093,5;500;Recursos não vinculados de Impostos;1001;Identificação das despesas com manutenção e desenvolvimento do ensino
Rio Tinto;201163;Prefeitura Municipal de Rio Tinto;112025;2025;11125301;"Impostos sobre Transmissão ""Inter Vivos"" de Bens Imóveis e de Direitos Reais sobre Imóveis - Principal";Lançamento de Receita;769,5;500;Recursos não vinculados de Impostos;1002;Identificação das despesas com ações e serviços públicos de saúde
Rio Tinto;201163;Prefeitura Municipal de Rio Tinto;112025;2025;11125301;"Impostos sobre Transmissão ""Inter Vivos"" de Bens Imóveis e de Direitos Reais sobre Imóveis - Principal";Lançamento de Receita;2.187;500;Recursos não vinculados de Impostos;"Não ";Não Aplicável
Rio Tinto;201163;Prefeitura Municipal de Rio Tinto;102025;2025;11125301;"Impostos sobre Transmissão ""Inter Vivos"" de Bens Imóveis e de Direitos Reais sobre Imóveis - Principal";Lançamento de Receita;1.995,27;500;Recursos não vinculados de Impostos;1002;Identificação das despesas com ações e serviços públicos de saúde
Rio Tinto;201163;Prefeitura Municipal de Rio Tinto;102025;2025;11125301;"Impostos sobre Transmissão ""Inter Vivos"" de Bens Imóveis e de Direitos Reais sobre Imóveis - Principal";Lançamento de Receita;5.670,77;500;Recursos não vinculados de Impostos;"Não ";Não Aplicável
Rio Tinto;201163;Prefeitura Municipal de Rio Tinto;102025;2025;11125301;"Impostos sobre Transmissão ""Inter Vivos"" de Bens Imóveis e de Direitos Reais sobre Imóveis - Principal";Lançamento de Receita;2.835,39;500;Recursos não vinculados de Impostos;1001;Identificação das despesas com manutenção e desenvolvimento do ensino
Rio Tinto;201163;Prefeitura Municipal de Rio Tinto;092025;2025;11125301;"Impostos sobre Transmissão ""Inter Vivos"" de Bens Imóveis e de Direitos Reais sobre Imóveis - Principal";Lançamento de Receita;3.994,77;500;Recursos não vinculados de Impostos;1001;Identificação das despesas com manutenção e desenvolvimento do ensino
Rio Tinto;201163;Prefeitura Municipal de Rio Tinto;092025;2025;11125301;"Impostos sobre Transmissão ""Inter Vivos"" de Bens Imóveis e de Direitos Reais sobre Imóveis - Principal";Lançamento de Receita;2.811,14;500;Recursos não vinculados de Impostos;1002;Identificação das despesas com ações e serviços públicos de saúde
Rio Tinto;201163;Prefeitura Municipal de Rio Tinto;092025;2025;11125301;"Impostos sobre Transmissão ""Inter Vivos"" de Bens Imóveis e de Direitos Reais sobre Imóveis - Principal";Lançamento de Receita;7.989,54;500;Recursos não vinculados de Impostos;"Não ";Não Aplicável
Rio Tinto;201163;Prefeitura Municipal de Rio Tinto;082025;2025;11125301;"Impostos sobre Transmissão ""Inter Vivos"" de Bens Imóveis e de Direitos Reais sobre Imóveis - Principal";Lançamento de Receita;4.071,06;500;Recursos não vinculados de Impostos;"Não ";Não Aplicável
Rio Tinto;201163;Prefeitura Municipal de Rio Tinto;082025;2025;11125301;"Impostos sobre Transmissão ""Inter Vivos"" de Bens Imóveis e de Direitos Reais sobre Imóveis - Principal";Lançamento de Receita;2.035,53;500;Recursos não vinculados de Impostos;1001;Identificação das despesas com manutenção e desenvolvimento do ensino
Rio Tinto;201163;Prefeitura Municipal de Rio Tinto;082025;2025;11125301;"Impostos sobre Transmissão ""Inter Vivos"" de Bens Imóveis e de Direitos Reais sobre Imóveis - Principal";Lançamento de Receita;1.432,41;500;Recursos não vinculados de Impostos;1002;Identificação das despesas com ações e serviços públicos de saúde
Rio Tinto;201163;Prefeitura Municipal de Rio Tinto;072025;2025;11125301;"Impostos sobre Transmissão ""Inter Vivos"" de Bens Imóveis e de Direitos Reais sobre Imóveis - Principal";Lançamento de Receita;4.228,2;500;Recursos não vinculados de Impostos;1001;Identificação das despesas com manutenção e desenvolvimento do ensino
Rio Tinto;201163;Prefeitura Municipal de Rio Tinto;072025;2025;11125301;"Impostos sobre Transmissão ""Inter Vivos"" de Bens Imóveis e de Direitos Reais sobre Imóveis - Principal";Lançamento de Receita;2.975,4;500;Recursos não vinculados de Impostos;1002;Identificação das despesas com ações e serviços públicos de saúde
Rio Tinto;201163;Prefeitura Municipal de Rio Tinto;072025;2025;11125301;"Impostos sobre Transmissão ""Inter Vivos"" de Bens Imóveis e de Direitos Reais sobre Imóveis - Principal";Lançamento de Receita;8.456,4;500;Recursos não vinculados de Impostos;"Não ";Não Aplicável
Rio Tinto;201163;Prefeitura Municipal de Rio Tinto;062025;2025;11125301;"Impostos sobre Transmissão ""Inter Vivos"" de Bens Imóveis e de Direitos Reais sobre Imóveis - Principal";Lançamento de Receita;3.123,6;500;Recursos não vinculados de Impostos;1002;Identificação das despesas com ações e serviços públicos de saúde
Rio Tinto;201163;Prefeitura Municipal de Rio Tinto;062025;2025;11125301;"Impostos sobre Transmissão ""Inter Vivos"" de Bens Imóveis e de Direitos Reais sobre Imóveis - Principal";Lançamento de Receita;8.877,6;500;Recursos não vinculados de Impostos;"Não ";Não Aplicável
Rio Tinto;201163;Prefeitura Municipal de Rio Tinto;062025;2025;11125301;"Impostos sobre Transmissão ""Inter Vivos"" de Bens Imóveis e de Direitos Reais sobre Imóveis - Principal";Lançamento de Receita;4.438,8;500;Recursos não vinculados de Impostos;1001;Identificação das despesas com manutenção e desenvolvimento do ensino
Rio Tinto;201163;Prefeitura Municipal de Rio Tinto;052025;2025;11125301;"Impostos sobre Transmissão ""Inter Vivos"" de Bens Imóveis e de Direitos Reais sobre Imóveis - Principal";Lançamento de Receita;4.800,54;500;Recursos não vinculados de Impostos;1001;Identificação das despesas com manutenção e desenvolvimento do ensino
Rio Tinto;201163;Prefeitura Municipal de Rio Tinto;052025;2025;11125301;"Impostos sobre Transmissão ""Inter Vivos"" de Bens Imóveis e de Direitos Reais sobre Imóveis - Principal";Lançamento de Receita;3.378,16;500;Recursos não vinculados de Impostos;1002;Identificação das despesas com ações e serviços públicos de saúde
Rio Tinto;201163;Prefeitura Municipal de Rio Tinto;052025;2025;11125301;"Impostos sobre Transmissão ""Inter Vivos"" de Bens Imóveis e de Direitos Reais sobre Imóveis - Principal";Lançamento de Receita;9.601,08;500;Recursos não vinculados de Impostos;"Não ";Não Aplicável
Rio Tinto;201163;Prefeitura Municipal de Rio Tinto;042025;2025;11125301;"Impostos sobre Transmissão ""Inter Vivos"" de Bens Imóveis e de Direitos Reais sobre Imóveis - Principal";Lançamento de Receita;4.941;500;Recursos não vinculados de Impostos;1001;Identificação das despesas com manutenção e desenvolvimento do ensino
Rio Tinto;201163;Prefeitura Municipal de Rio Tinto;042025;2025;11125301;"Impostos sobre Transmissão ""Inter Vivos"" de Bens Imóveis e de Direitos Reais sobre Imóveis - Principal";Lançamento de Receita;9.882;500;Recursos não vinculados de Impostos;"Não ";Não Aplicável
Rio Tinto;201163;Prefeitura Municipal de Rio Tinto;042025;2025;11125301;"Impostos sobre Transmissão ""Inter Vivos"" de Bens Imóveis e de Direitos Reais sobre Imóveis - Principal";Lançamento de Receita;3.477;500;Recursos não vinculados de Impostos;1002;Identificação das despesas com ações e serviços públicos de saúde
Rio Tinto;201163;Prefeitura Municipal de Rio Tinto;032025;2025;11125301;"Impostos sobre Transmissão ""Inter Vivos"" de Bens Imóveis e de Direitos Reais sobre Imóveis - Principal";Lançamento de Receita;9.774;500;Recursos não vinculados de Impostos;1001;Identificação das despesas com manutenção e desenvolvimento do ensino
Rio Tinto;201163;Prefeitura Municipal de Rio Tinto;032025;2025;11125301;"Impostos sobre Transmissão ""Inter Vivos"" de Bens Imóveis e de Direitos Reais sobre Imóveis - Principal";Lançamento de Receita;19.548;500;Recursos não vinculados de Impostos;"Não ";Não Aplicável
Rio Tinto;201163;Prefeitura Municipal de Rio Tinto;032025;2025;11125301;"Impostos sobre Transmissão ""Inter Vivos"" de Bens Imóveis e de Direitos Reais sobre Imóveis - Principal";Lançamento de Receita;6.878;500;Recursos não vinculados de Impostos;1002;Identificação das despesas com ações e serviços públicos de saúde
Rio Tinto;201163;Prefeitura Municipal de Rio Tinto;022025;2025;11125301;"Impostos sobre Transmissão ""Inter Vivos"" de Bens Imóveis e de Direitos Reais sobre Imóveis - Principal";Lançamento de Receita;3.496;500;Recursos não vinculados de Impostos;1002;Identificação das despesas com ações e serviços públicos de saúde
Rio Tinto;201163;Prefeitura Municipal de Rio Tinto;022025;2025;11125301;"Impostos sobre Transmissão ""Inter Vivos"" de Bens Imóveis e de Direitos Reais sobre Imóveis - Principal";Lançamento de Receita;4.968;500;Recursos não vinculados de Impostos;1001;Identificação das despesas com manutenção e desenvolvimento do ensino
Rio Tinto;201163;Prefeitura Municipal de Rio Tinto;022025;2025;11125301;"Impostos sobre Transmissão ""Inter Vivos"" de Bens Imóveis e de Direitos Reais sobre Imóveis - Principal";Lançamento de Receita;9.936;500;Recursos não vinculados de Impostos;"Não ";Não Aplicável
Rio Tinto;201163;Prefeitura Municipal de Rio Tinto;012025;2025;11125301;"Impostos sobre Transmissão ""Inter Vivos"" de Bens Imóveis e de Direitos Reais sobre Imóveis - Principal";Lançamento de Receita;5.303,94;500;Recursos não vinculados de Impostos;"Não ";Não Aplicável
Rio Tinto;201163;Prefeitura Municipal de Rio Tinto;012025;2025;11125301;"Impostos sobre Transmissão ""Inter Vivos"" de Bens Imóveis e de Direitos Reais sobre Imóveis - Principal";Lançamento de Receita;1.866,2;500;Recursos não vinculados de Impostos;1002;Identificação das despesas com ações e serviços públicos de saúde
Rio Tinto;201163;Prefeitura Municipal de Rio Tinto;012025;2025;11125301;"Impostos sobre Transmissão ""Inter Vivos"" de Bens Imóveis e de Direitos Reais sobre Imóveis - Principal";Lançamento de Receita;2.651,97;500;Recursos não vinculados de Impostos;1001;Identificação das despesas com manutenção e desenvolvimento do ensino
Rio Tinto;201163;Prefeitura Municipal de Rio Tinto;122025;2025;11125001;Imposto sobre a Propriedade Predial e Territorial Urbana - Principal;Lançamento de Receita;961,85;500;Recursos não vinculados de Impostos;1002;Identificação das despesas com ações e serviços públicos de saúde
Rio Tinto;201163;Prefeitura Municipal de Rio Tinto;122025;2025;11125001;Imposto sobre a Propriedade Predial e Territorial Urbana - Principal;Lançamento de Receita;1.366,82;500;Recursos não vinculados de Impostos;1001;Identificação das despesas com manutenção e desenvolvimento do ensino
Rio Tinto;201163;Prefeitura Municipal de Rio Tinto;122025;2025;11125001;Imposto sobre a Propriedade Predial e Territorial Urbana - Principal;Lançamento de Receita;2.733,65;500;Recursos não vinculados de Impostos;"Não ";Não Aplicável
Rio Tinto;201163;Prefeitura Municipal de Rio Tinto;112025;2025;11125001;Imposto sobre a Propriedade Predial e Territorial Urbana - Principal;Lançamento de Receita;335,53;500;Recursos não vinculados de Impostos;1001;Identificação das despesas com manutenção e desenvolvimento do ensino
Rio Tinto;201163;Prefeitura Municipal de Rio Tinto;112025;2025;11125001;Imposto sobre a Propriedade Predial e Territorial Urbana - Principal;Lançamento de Receita;671,12;500;Recursos não vinculados de Impostos;"Não ";Não Aplicável
Rio Tinto;201163;Prefeitura Municipal de Rio Tinto;112025;2025;11125001;Imposto sobre a Propriedade Predial e Territorial Urbana - Principal;Lançamento de Receita;236,14;500;Recursos não vinculados de Impostos;1002;Identificação das despesas com ações e serviços públicos de saúde
Rio Tinto;201163;Prefeitura Municipal de Rio Tinto;102025;2025;11125001;Imposto sobre a Propriedade Predial e Territorial Urbana - Principal;Lançamento de Receita;2.511,83;500;Recursos não vinculados de Impostos;1001;Identificação das despesas com manutenção e desenvolvimento do ensino
Rio Tinto;201163;Prefeitura Municipal de Rio Tinto;102025;2025;11125001;Imposto sobre a Propriedade Predial e Territorial Urbana - Principal;Lançamento de Receita;5.023,61;500;Recursos não vinculados de Impostos;"Não ";Não Aplicável
Rio Tinto;201163;Prefeitura Municipal de Rio Tinto;102025;2025;11125001;Imposto sobre a Propriedade Predial e Territorial Urbana - Principal;Lançamento de Receita;1.767,56;500;Recursos não vinculados de Impostos;1002;Identificação das despesas com ações e serviços públicos de saúde
Rio Tinto;201163;Prefeitura Municipal de Rio Tinto;092025;2025;11125001;Imposto sobre a Propriedade Predial e Territorial Urbana - Principal;Lançamento de Receita;84.127,26;500;Recursos não vinculados de Impostos;1002;Identificação das despesas com ações e serviços públicos de saúde
Rio Tinto;201163;Prefeitura Municipal de Rio Tinto;092025;2025;11125001;Imposto sobre a Propriedade Predial e Territorial Urbana - Principal;Lançamento de Receita;239.098,52;500;Recursos não vinculados de Impostos;"Não ";Não Aplicável
Rio Tinto;201163;Prefeitura Municipal de Rio Tinto;092025;2025;11125001;Imposto sobre a Propriedade Predial e Territorial Urbana - Principal;Lançamento de Receita;119.549,24;500;Recursos não vinculados de Impostos;1001;Identificação das despesas com manutenção e desenvolvimento do ensino
Rio Tinto;201163;Prefeitura Municipal de Rio Tinto;082025;2025;11125001;Imposto sobre a Propriedade Predial e Territorial Urbana - Principal;Lançamento de Receita;3.394,45;500;Recursos não vinculados de Impostos;"Não ";Não Aplicável
Rio Tinto;201163;Prefeitura Municipal de Rio Tinto;082025;2025;11125001;Imposto sobre a Propriedade Predial e Territorial Urbana - Principal;Lançamento de Receita;1.697,22;500;Recursos não vinculados de Impostos;1001;Identificação das despesas com manutenção e desenvolvimento do ensino
Rio Tinto;201163;Prefeitura Municipal de Rio Tinto;082025;2025;11125001;Imposto sobre a Propriedade Predial e Territorial Urbana - Principal;Lançamento de Receita;1.194,35;500;Recursos não vinculados de Impostos;1002;Identificação das despesas com ações e serviços públicos de saúde
Rio Tinto;201163;Prefeitura Municipal de Rio Tinto;072025;2025;11125001;Imposto sobre a Propriedade Predial e Territorial Urbana - Principal;Lançamento de Receita;958,92;500;Recursos não vinculados de Impostos;1002;Identificação das despesas com ações e serviços públicos de saúde
Rio Tinto;201163;Prefeitura Municipal de Rio Tinto;072025;2025;11125001;Imposto sobre a Propriedade Predial e Territorial Urbana - Principal;Lançamento de Receita;1.362,72;500;Recursos não vinculados de Impostos;1001;Identificação das despesas com manutenção e desenvolvimento do ensino
Rio Tinto;201163;Prefeitura Municipal de Rio Tinto;072025;2025;11125001;Imposto sobre a Propriedade Predial e Territorial Urbana - Principal;Lançamento de Receita;2.725,45;500;Recursos não vinculados de Impostos;"Não ";Não Aplicável
Rio Tinto;201163;Prefeitura Municipal de Rio Tinto;062025;2025;11125001;Imposto sobre a Propriedade Predial e Territorial Urbana - Principal;Lançamento de Receita;2.767,62;500;Recursos não vinculados de Impostos;1001;Identificação das despesas com manutenção e desenvolvimento do ensino
Rio Tinto;201163;Prefeitura Municipal de Rio Tinto;062025;2025;11125001;Imposto sobre a Propriedade Predial e Territorial Urbana - Principal;Lançamento de Receita;1.947,58;500;Recursos não vinculados de Impostos;1002;Identificação das despesas com ações e serviços públicos de saúde
Rio Tinto;201163;Prefeitura Municipal de Rio Tinto;062025;2025;11125001;Imposto sobre a Propriedade Predial e Territorial Urbana - Principal;Lançamento de Receita;5.535,24;500;Recursos não vinculados de Impostos;"Não ";Não Aplicável
Rio Tinto;201163;Prefeitura Municipal de Rio Tinto;052025;2025;11125001;Imposto sobre a Propriedade Predial e Territorial Urbana - Principal;Lançamento de Receita;4.883,98;500;Recursos não vinculados de Impostos;1002;Identificação das despesas com ações e serviços públicos de saúde
Rio Tinto;201163;Prefeitura Municipal de Rio Tinto;052025;2025;11125001;Imposto sobre a Propriedade Predial e Territorial Urbana - Principal;Lançamento de Receita;13.880,74;500;Recursos não vinculados de Impostos;"Não ";Não Aplicável
Rio Tinto;201163;Prefeitura Municipal de Rio Tinto;052025;2025;11125001;Imposto sobre a Propriedade Predial e Territorial Urbana - Principal;Lançamento de Receita;6.940,36;500;Recursos não vinculados de Impostos;1001;Identificação das despesas com manutenção e desenvolvimento do ensino
Rio Tinto;201163;Prefeitura Municipal de Rio Tinto;042025;2025;11125001;Imposto sobre a Propriedade Predial e Territorial Urbana - Principal;Lançamento de Receita;12.559,18;500;Recursos não vinculados de Impostos;1001;Identificação das despesas com manutenção e desenvolvimento do ensino
Rio Tinto;201163;Prefeitura Municipal de Rio Tinto;042025;2025;11125001;Imposto sobre a Propriedade Predial e Territorial Urbana - Principal;Lançamento de Receita;8.837,98;500;Recursos não vinculados de Impostos;1002;Identificação das despesas com ações e serviços públicos de saúde
Rio Tinto;201163;Prefeitura Municipal de Rio Tinto;042025;2025;11125001;Imposto sobre a Propriedade Predial e Territorial Urbana - Principal;Lançamento de Receita;25.118,37;500;Recursos não vinculados de Impostos;"Não ";Não Aplicável
Rio Tinto;201163;Prefeitura Municipal de Rio Tinto;032025;2025;11125001;Imposto sobre a Propriedade Predial e Territorial Urbana - Principal;Lançamento de Receita;20.900,97;500;Recursos não vinculados de Impostos;"Não ";Não Aplicável
Rio Tinto;201163;Prefeitura Municipal de Rio Tinto;032025;2025;11125001;Imposto sobre a Propriedade Predial e Territorial Urbana - Principal;Lançamento de Receita;7.354,06;500;Recursos não vinculados de Impostos;1002;Identificação das despesas com ações e serviços públicos de saúde
Rio Tinto;201163;Prefeitura Municipal de Rio Tinto;032025;2025;11125001;Imposto sobre a Propriedade Predial e Territorial Urbana - Principal;Lançamento de Receita;10.450,5;500;Recursos não vinculados de Impostos;1001;Identificação das despesas com manutenção e desenvolvimento do ensino
Rio Tinto;201163;Prefeitura Municipal de Rio Tinto;022025;2025;11125001;Imposto sobre a Propriedade Predial e Territorial Urbana - Principal;Lançamento de Receita;1.706,52;500;Recursos não vinculados de Impostos;1002;Identificação das despesas com ações e serviços públicos de saúde
Rio Tinto;201163;Prefeitura Municipal de Rio Tinto;022025;2025;11125001;Imposto sobre a Propriedade Predial e Territorial Urbana - Principal;Lançamento de Receita;2.425,06;500;Recursos não vinculados de Impostos;1001;Identificação das despesas com manutenção e desenvolvimento do ensino
Rio Tinto;201163;Prefeitura Municipal de Rio Tinto;022025;2025;11125001;Imposto sobre a Propriedade Predial e Territorial Urbana - Principal;Lançamento de Receita;4.850,09;500;Recursos não vinculados de Impostos;"Não ";Não Aplicável
Rio Tinto;201163;Prefeitura Municipal de Rio Tinto;012025;2025;11125001;Imposto sobre a Propriedade Predial e Territorial Urbana - Principal;Lançamento de Receita;4.986,55;500;Recursos não vinculados de Impostos;1001;Identificação das despesas com manutenção e desenvolvimento do ensino
Rio Tinto;201163;Prefeitura Municipal de Rio Tinto;012025;2025;11125001;Imposto sobre a Propriedade Predial e Territorial Urbana - Principal;Lançamento de Receita;3.509,07;500;Recursos não vinculados de Impostos;1002;Identificação das despesas com ações e serviços públicos de saúde
Rio Tinto;201163;Prefeitura Municipal de Rio Tinto;012025;2025;11125001;Imposto sobre a Propriedade Predial e Territorial Urbana - Principal;Lançamento de Receita;9.973,13;500;Recursos não vinculados de Impostos;"Não ";Não Aplicável
